I0,I1,I2,I3,I4,I5,I6,I7,I8,I9,I10,I11,I12
11600.000000,1.000000,0.000000,116.244675,-1.500000,-0.163707,-3.000000,-1.897752,0.000000,0.045915,0.000000,0.115768,1.000000
11610.000000,1.000000,0.000000,116.358772,-1.500000,-0.163464,-3.000000,-1.897835,0.000000,0.018969,0.000000,0.096393,1.000000
11620.000000,1.000000,0.000000,116.604889,-1.500000,-0.163599,-3.000000,-1.897937,0.000000,-0.014094,0.000000,0.123391,1.000000
11630.000000,1.000000,0.000000,116.958817,-1.500000,-0.163596,-3.000000,-1.898068,0.000000,0.003816,0.000000,0.111069,1.000000
11640.000000,1.000000,0.000000,117.109787,-1.500000,-0.163311,-3.000000,-1.898078,0.000000,0.002711,0.000000,0.102770,1.000000
11650.000000,1.000000,0.000000,117.072685,-1.500000,-0.163405,-3.000000,-1.897804,0.000000,0.023327,0.000000,0.091490,1.000000
11660.000000,1.000000,0.000000,117.042168,-1.500000,-0.163133,-3.000000,-1.897362,0.000000,0.002987,0.000000,0.108339,1.000000
11670.000000,1.000000,0.000000,117.162437,-1.500000,-0.163194,-3.000000,-1.897253,0.000000,-0.008189,0.000000,0.082983,1.000000
11680.000000,1.000000,0.000000,117.313606,-1.500000,-0.163011,-3.000000,-1.897103,0.000000,0.012777,0.000000,0.072425,1.000000
11690.000000,1.000000,0.000000,117.344223,-1.500000,-0.163100,-3.000000,-1.896836,0.000000,-0.011346,0.000000,0.120815,1.000000
11700.000000,1.000000,0.000000,117.518845,-1.500000,-0.163165,-3.000000,-1.896808,0.000000,0.013034,0.000000,0.101190,1.000000
11710.000000,1.000000,0.000000,117.300316,-1.500000,-0.163513,-3.000000,-1.896669,0.000000,0.013795,0.000000,0.140483,1.000000
11720.000000,1.000000,0.000000,117.427895,-1.500000,-0.163314,-3.000000,-1.896603,0.000000,0.026152,0.000000,0.113758,1.000000
11730.000000,1.000000,0.000000,117.482452,-1.500000,-0.163046,-3.000000,-1.896685,0.000000,0.015999,0.000000,0.089299,1.000000
11740.000000,1.000000,0.000000,117.625603,-1.500000,-0.162988,-3.000000,-1.896731,0.000000,0.016606,0.000000,0.106088,1.000000
11750.000000,1.000000,0.000000,117.743103,-1.500000,-0.162706,-3.000000,-1.896831,0.000000,0.053576,0.000000,0.097925,1.000000
11760.000000,1.000000,0.000000,117.879242,-1.500000,-0.163176,-3.000000,-1.896694,0.000000,0.000711,0.000000,0.129929,1.000000
11770.000000,1.000000,0.000000,117.829613,-1.500000,-0.163052,-3.000000,-1.896814,0.000000,0.024302,0.000000,0.102722,1.000000
11780.000000,1.000000,0.000000,117.742813,-1.500000,-0.163046,-3.000000,-1.896524,0.000000,-0.005092,0.000000,0.097190,1.000000
11790.000000,1.000000,0.000000,117.666702,-1.500000,-0.162947,-3.000000,-1.896411,0.000000,-0.001291,0.000000,0.106175,1.000000
11800.000000,1.000000,0.000000,117.812943,-1.500000,-0.162764,-3.000000,-1.896411,0.000000,-0.010821,0.000000,0.081420,1.000000
11810.000000,1.000000,0.000000,117.636345,-1.500000,-0.162551,-3.000000,-1.896476,0.000000,0.019138,0.000000,0.096142,1.000000
11820.000000,1.000000,0.000000,117.549286,-1.500000,-0.162141,-3.000000,-1.896456,0.000000,0.022065,0.000000,0.100812,1.000000
11830.000000,1.000000,0.000000,117.429779,-1.500000,-0.162346,-3.000000,-1.896707,0.000000,-0.036455,0.000000,0.096473,1.000000
11840.000000,1.000000,0.000000,117.233101,-1.500000,-0.162289,-3.000000,-1.897070,0.000000,0.030600,0.000000,0.069208,1.000000
11850.000000,1.000000,0.000000,117.169006,-1.500000,-0.161918,-3.000000,-1.897038,0.000000,0.015877,0.000000,0.140734,1.000000
11860.000000,1.000000,0.000000,117.162148,-1.500000,-0.161667,-3.000000,-1.897207,0.000000,0.004030,0.000000,0.091304,1.000000
11870.000000,1.000000,0.000000,116.949539,-1.500000,-0.161929,-3.000000,-1.897394,0.000000,-0.018038,0.000000,0.110648,1.000000
11880.000000,1.000000,0.000000,116.882362,-1.500000,-0.161970,-3.000000,-1.897423,0.000000,0.047300,0.000000,0.090433,1.000000
11890.000000,1.000000,0.000000,116.769859,-1.500000,-0.162054,-3.000000,-1.897298,0.000000,-0.011098,0.000000,0.101317,1.000000
11900.000000,1.000000,0.000000,116.931633,-1.500000,-0.162203,-3.000000,-1.897333,0.000000,-0.013550,0.000000,0.089299,1.000000
11910.000000,1.000000,0.000000,116.921005,-1.500000,-0.161810,-3.000000,-1.897366,0.000000,0.025898,0.000000,0.074603,1.000000
11920.000000,1.000000,0.000000,116.861992,-1.500000,-0.162067,-3.000000,-1.897395,0.000000,-0.049020,0.000000,0.102988,1.000000
11930.000000,1.000000,0.000000,116.665573,-1.500000,-0.162022,-3.000000,-1.897473,0.000000,0.011800,0.000000,0.085254,1.000000
11940.000000,1.000000,0.000000,116.454697,-1.500000,-0.161697,-3.000000,-1.897311,0.000000,0.014156,0.000000,0.107338,1.000000
11950.000000,1.000000,0.000000,116.480408,-1.500000,-0.161707,-3.000000,-1.897120,0.000000,0.005238,0.000000,0.147472,1.000000
11960.000000,1.000000,0.000000,116.603760,-1.500000,-0.161494,-3.000000,-1.897224,0.000000,0.034363,0.000000,0.086520,1.000000
11970.000000,1.000000,0.000000,116.858757,-1.500000,-0.161425,-3.000000,-1.897194,0.000000,0.042667,0.000000,0.108526,1.000000
11980.000000,1.000000,0.000000,117.068069,-1.500000,-0.161427,-3.000000,-1.896820,0.000000,-0.018873,0.000000,0.140548,1.000000
11990.000000,1.000000,0.000000,117.137383,-1.500000,-0.161190,-3.000000,-1.896689,0.000000,0.008298,0.000000,0.103148,1.000000
12000.000000,1.000000,0.000000,117.394104,-1.500000,-0.160923,-3.000000,-1.896783,0.000000,0.024665,0.000000,0.084543,1.000000
12010.000000,1.000000,0.000000,117.759247,-1.500000,-0.160653,-3.000000,-1.896540,0.000000,0.012168,0.000000,0.125110,1.000000
12020.000000,1.000000,0.000000,118.107170,-1.500000,-0.160634,-3.000000,-1.896604,0.000000,0.016089,0.000000,0.101411,1.000000
12030.000000,1.000000,0.000000,118.442856,-1.500000,-0.161027,-3.000000,-1.896916,0.000000,-0.033291,0.000000,0.055921,1.000000
12040.000000,1.000000,0.000000,118.203865,-1.500000,-0.161134,-3.000000,-1.897294,0.000000,0.022815,0.000000,0.137050,1.000000
12050.000000,1.000000,0.000000,117.726677,-1.500000,-0.161313,-3.000000,-1.897029,0.000000,0.007384,0.000000,0.141208,1.000000
12060.000000,1.000000,0.000000,117.374413,-1.500000,-0.161297,-3.000000,-1.896851,0.000000,-0.006104,0.000000,0.133759,1.000000
12070.000000,1.000000,0.000000,117.239281,-1.500000,-0.161184,-3.000000,-1.896608,0.000000,-0.022057,0.000000,0.114269,1.000000
12080.000000,1.000000,0.000000,117.321358,-1.500000,-0.161640,-3.000000,-1.896530,0.000000,-0.009881,0.000000,0.091836,1.000000
12090.000000,1.000000,0.000000,117.438843,-1.500000,-0.162305,-3.000000,-1.896625,0.000000,-0.034517,0.000000,0.130020,1.000000
12100.000000,1.000000,0.000000,117.282265,-1.500000,-0.162838,-3.000000,-1.896563,0.000000,0.021744,0.000000,0.120959,1.000000
12110.000000,1.000000,0.000000,117.252869,-1.500000,-0.163218,-3.000000,-1.896762,0.000000,-0.024971,0.000000,0.084193,1.000000
12120.000000,1.000000,0.000000,117.228752,-1.500000,-0.163167,-3.000000,-1.897010,0.000000,0.026257,0.000000,0.103126,1.000000
12130.000000,1.000000,0.000000,117.464020,-1.500000,-0.163224,-3.000000,-1.896851,0.000000,0.028804,0.000000,0.117187,1.000000
12140.000000,1.000000,0.000000,117.655640,-1.500000,-0.163447,-3.000000,-1.897091,0.000000,-0.019270,0.000000,0.106645,1.000000
12150.000000,1.000000,0.000000,117.916817,-1.500000,-0.163514,-3.000000,-1.897424,0.000000,0.018449,0.000000,0.097470,1.000000
12160.000000,1.000000,0.000000,118.128342,-1.500000,-0.163381,-3.000000,-1.897482,0.000000,0.034617,0.000000,0.090913,1.000000
12170.000000,1.000000,0.000000,118.148010,-1.500000,-0.164136,-3.000000,-1.897273,0.000000,-0.064082,0.000000,0.116567,1.000000
12180.000000,1.000000,0.000000,117.967781,-1.500000,-0.164135,-3.000000,-1.897029,0.000000,0.021768,0.000000,0.104329,1.000000
12190.000000,1.000000,0.000000,117.768341,-1.500000,-0.164080,-3.000000,-1.896840,0.000000,0.011657,0.000000,0.113088,1.000000
12200.000000,1.000000,0.000000,117.555908,-1.500000,-0.163857,-3.000000,-1.896962,0.000000,0.026970,0.000000,0.065152,1.000000
12210.000000,1.000000,0.000000,117.482422,-1.500000,-0.163840,-3.000000,-1.896744,0.000000,-0.009515,0.000000,0.149564,1.000000
12220.000000,1.000000,0.000000,117.422791,-1.500000,-0.163979,-3.000000,-1.896633,0.000000,-0.014660,0.000000,0.096297,1.000000
12230.000000,1.000000,0.000000,117.075096,-1.500000,-0.163834,-3.000000,-1.896496,0.000000,-0.010969,0.000000,0.124902,1.000000
12240.000000,1.000000,0.000000,116.946213,-1.500000,-0.163818,-3.000000,-1.896263,0.000000,0.009924,0.000000,0.132359,1.000000
12250.000000,1.000000,0.000000,116.682724,-1.500000,-0.164039,-3.000000,-1.895645,0.000000,-0.004254,0.000000,0.121643,1.000000
12260.000000,1.000000,0.000000,116.665108,-1.500000,-0.164000,-3.000000,-1.895658,0.000000,0.012291,0.000000,0.073728,1.000000
12270.000000,1.000000,0.000000,116.946327,-1.500000,-0.164088,-3.000000,-1.895313,0.000000,-0.000630,0.000000,0.104032,1.000000
12280.000000,1.000000,0.000000,117.129471,-1.500000,-0.163974,-3.000000,-1.895211,0.000000,-0.012945,0.000000,0.111839,1.000000
12290.000000,1.000000,0.000000,117.136177,-1.500000,-0.164447,-3.000000,-1.894729,0.000000,0.009585,0.000000,0.123026,1.000000
12300.000000,1.000000,0.000000,116.992767,-1.500000,-0.164382,-3.000000,-1.895014,0.000000,-0.000117,0.000000,0.082729,1.000000
12310.000000,1.000000,0.000000,117.123795,-1.500000,-0.164495,-3.000000,-1.894790,0.000000,-0.019674,0.000000,0.127025,1.000000
12320.000000,1.000000,0.000000,117.131905,-1.500000,-0.164575,-3.000000,-1.894992,0.000000,-0.011140,0.000000,0.101689,1.000000
12330.000000,1.000000,0.000000,117.181969,-1.500000,-0.164910,-3.000000,-1.895395,0.000000,-0.009479,0.000000,0.055837,1.000000
12340.000000,1.000000,0.000000,117.177170,-1.500000,-0.165083,-3.000000,-1.895402,0.000000,-0.024935,0.000000,0.127867,1.000000
12350.000000,1.000000,0.000000,117.173309,-1.500000,-0.165017,-3.000000,-1.895396,0.000000,0.011209,0.000000,0.117315,1.000000
12360.000000,1.000000,0.000000,117.170204,-1.500000,-0.165065,-3.000000,-1.895516,0.000000,0.008033,0.000000,0.093254,1.000000
12370.000000,1.000000,0.000000,117.121071,-1.500000,-0.164840,-3.000000,-1.895154,0.000000,0.010217,0.000000,0.120266,1.000000
12380.000000,1.000000,0.000000,117.080803,-1.500000,-0.164879,-3.000000,-1.894932,0.000000,-0.013459,0.000000,0.075738,1.000000
12390.000000,1.000000,0.000000,117.099594,-1.500000,-0.164805,-3.000000,-1.895121,0.000000,0.021302,0.000000,0.101602,1.000000
12400.000000,1.000000,0.000000,117.112900,-1.500000,-0.164606,-3.000000,-1.895293,0.000000,0.013642,0.000000,0.059910,1.000000
12410.000000,1.000000,0.000000,117.071220,-1.500000,-0.164827,-3.000000,-1.895604,0.000000,-0.005505,0.000000,0.073762,1.000000
12420.000000,1.000000,0.000000,117.085571,-1.500000,-0.164629,-3.000000,-1.895616,0.000000,0.025574,0.000000,0.122255,1.000000
12430.000000,1.000000,0.000000,117.147980,-1.500000,-0.164518,-3.000000,-1.895294,0.000000,-0.012473,0.000000,0.122920,1.000000
12440.000000,1.000000,0.000000,117.199341,-1.500000,-0.164393,-3.000000,-1.894929,0.000000,0.007080,0.000000,0.108032,1.000000
12450.000000,1.000000,0.000000,117.340309,-1.500000,-0.164273,-3.000000,-1.894783,0.000000,-0.000728,0.000000,0.130893,1.000000
12460.000000,1.000000,0.000000,117.506355,-1.500000,-0.164016,-3.000000,-1.894758,0.000000,0.041904,0.000000,0.105910,1.000000
12470.000000,1.000000,0.000000,117.651489,-1.500000,-0.163603,-3.000000,-1.894797,0.000000,0.003361,0.000000,0.121008,1.000000
12480.000000,1.000000,0.000000,117.667168,-1.500000,-0.163805,-3.000000,-1.895221,0.000000,-0.018197,0.000000,0.069212,1.000000
12490.000000,1.000000,0.000000,117.527931,-1.500000,-0.163746,-3.000000,-1.895139,0.000000,0.033208,0.000000,0.094535,1.000000
12500.000000,1.000000,0.000000,117.464531,-1.500000,-0.163673,-3.000000,-1.895121,0.000000,0.003444,0.000000,0.125442,1.000000
12510.000000,1.000000,0.000000,117.410202,-1.500000,-0.163461,-3.000000,-1.894775,0.000000,-0.009509,0.000000,0.137775,1.000000
12520.000000,1.000000,0.000000,117.521790,-1.500000,-0.163520,-3.000000,-1.894395,0.000000,0.024770,0.000000,0.108464,1.000000
12530.000000,1.000000,0.000000,117.408409,-1.500000,-0.163389,-3.000000,-1.894302,0.000000,-0.023626,0.000000,0.105683,1.000000
12540.000000,1.000000,0.000000,117.418983,-1.500000,-0.163558,-3.000000,-1.893750,0.000000,0.028690,0.000000,0.108719,1.000000
12550.000000,1.000000,0.000000,117.512787,-1.500000,-0.163423,-3.000000,-1.893573,0.000000,-0.002858,0.000000,0.105475,1.000000
12560.000000,1.000000,0.000000,117.539841,-1.500000,-0.163075,-3.000000,-1.893508,0.000000,0.008875,0.000000,0.104386,1.000000
12570.000000,1.000000,0.000000,117.314163,-1.500000,-0.162898,-3.000000,-1.893984,0.000000,-0.037660,0.000000,0.062030,1.000000
12580.000000,1.000000,0.000000,117.335785,-1.500000,-0.163399,-3.000000,-1.894028,0.000000,-0.056734,0.000000,0.136949,1.000000
12590.000000,1.000000,0.000000,117.204620,-1.500000,-0.163785,-3.000000,-1.894165,0.000000,0.017096,0.000000,0.065901,1.000000
12600.000000,1.000000,0.000000,117.096283,-1.500000,-0.164495,-3.000000,-1.894304,0.000000,-0.005227,0.000000,0.109810,1.000000
12610.000000,1.000000,0.000000,116.959213,-1.500000,-0.164603,-3.000000,-1.894112,0.000000,0.019823,0.000000,0.101955,1.000000
12620.000000,1.000000,0.000000,116.948616,-1.500000,-0.164594,-3.000000,-1.893725,0.000000,0.029150,0.000000,0.116432,1.000000
12630.000000,1.000000,0.000000,116.936157,-1.500000,-0.164714,-3.000000,-1.893544,0.000000,-0.022124,0.000000,0.102787,1.000000
12640.000000,1.000000,0.000000,116.980644,-1.500000,-0.164866,-3.000000,-1.893579,0.000000,-0.023539,0.000000,0.079478,1.000000
12650.000000,1.000000,0.000000,116.914116,-1.500000,-0.165236,-3.000000,-1.893352,0.000000,-0.045192,0.000000,0.108138,1.000000
12660.000000,1.000000,0.000000,116.960991,-1.500000,-0.165108,-3.000000,-1.893090,0.000000,0.007964,0.000000,0.150091,1.000000
12670.000000,1.000000,0.000000,117.000748,-1.500000,-0.164968,-3.000000,-1.893141,0.000000,-0.002401,0.000000,0.120562,1.000000
12680.000000,1.000000,0.000000,117.084686,-1.500000,-0.164912,-3.000000,-1.893198,0.000000,0.009316,0.000000,0.127890,1.000000
12690.000000,1.000000,0.000000,117.100731,-1.500000,-0.164652,-3.000000,-1.893304,0.000000,-0.000507,0.000000,0.134309,1.000000
12700.000000,1.000000,0.000000,117.367943,-1.500000,-0.165102,-3.000000,-1.893093,0.000000,-0.026048,0.000000,0.131535,1.000000
12710.000000,1.000000,0.000000,117.680519,-1.500000,-0.165352,-3.000000,-1.892910,0.000000,0.002906,0.000000,0.116717,1.000000
12720.000000,1.000000,0.000000,117.739311,-1.500000,-0.165788,-3.000000,-1.892800,0.000000,-0.009450,0.000000,0.092886,1.000000
12730.000000,1.000000,0.000000,117.640129,-1.500000,-0.165949,-3.000000,-1.892920,0.000000,-0.009856,0.000000,0.096303,1.000000
12740.000000,1.000000,0.000000,117.555855,-1.500000,-0.166095,-3.000000,-1.893004,0.000000,-0.001265,0.000000,0.099737,1.000000
12750.000000,1.000000,0.000000,117.585419,-1.500000,-0.166013,-3.000000,-1.892738,0.000000,-0.007084,0.000000,0.121185,1.000000
12760.000000,1.000000,0.000000,117.608513,-1.500000,-0.165857,-3.000000,-1.892648,0.000000,0.020333,0.000000,0.089900,1.000000
12770.000000,1.000000,0.000000,117.774246,-1.500000,-0.165472,-3.000000,-1.892639,0.000000,0.005686,0.000000,0.086372,1.000000
12780.000000,1.000000,0.000000,117.898247,-1.500000,-0.165280,-3.000000,-1.892694,0.000000,0.004552,0.000000,0.096918,1.000000
12790.000000,1.000000,0.000000,117.843796,-1.500000,-0.165038,-3.000000,-1.892252,0.000000,0.013755,0.000000,0.151053,1.000000
12800.000000,1.000000,0.000000,117.662018,-1.500000,-0.164863,-3.000000,-1.892122,0.000000,0.013522,0.000000,0.111578,1.000000
12810.000000,1.000000,0.000000,117.466957,-1.500000,-0.164776,-3.000000,-1.891877,0.000000,0.016350,0.000000,0.119745,1.000000
12820.000000,1.000000,0.000000,117.612206,-1.500000,-0.164614,-3.000000,-1.891649,0.000000,-0.025991,0.000000,0.099630,1.000000
12830.000000,1.000000,0.000000,117.577019,-1.500000,-0.164865,-3.000000,-1.891583,0.000000,-0.012917,0.000000,0.080576,1.000000
12840.000000,1.000000,0.000000,117.547920,-1.500000,-0.164831,-3.000000,-1.891514,0.000000,-0.010786,0.000000,0.114902,1.000000
12850.000000,1.000000,0.000000,117.427155,-1.500000,-0.164525,-3.000000,-1.891425,0.000000,-0.015518,0.000000,0.117869,1.000000
12860.000000,1.000000,0.000000,117.331955,-1.500000,-0.164476,-3.000000,-1.891448,0.000000,-0.017099,0.000000,0.059034,1.000000
12870.000000,1.000000,0.000000,117.302345,-1.500000,-0.164346,-3.000000,-1.891297,0.000000,0.021860,0.000000,0.150059,1.000000
12880.000000,1.000000,0.000000,117.180763,-1.500000,-0.164018,-3.000000,-1.891247,0.000000,-0.000010,0.000000,0.087721,1.000000
12890.000000,1.000000,0.000000,117.028770,-1.500000,-0.164072,-3.000000,-1.891475,0.000000,0.006313,0.000000,0.078944,1.000000
12900.000000,1.000000,0.000000,117.052208,-1.500000,-0.164216,-3.000000,-1.891390,0.000000,0.021540,0.000000,0.137330,1.000000
12910.000000,1.000000,0.000000,117.068527,-1.500000,-0.164259,-3.000000,-1.891387,0.000000,0.028426,0.000000,0.098878,1.000000
12920.000000,1.000000,0.000000,117.333771,-1.500000,-0.164232,-3.000000,-1.891936,0.000000,0.024062,0.000000,0.104912,1.000000
12930.000000,1.000000,0.000000,117.554077,-1.500000,-0.164150,-3.000000,-1.892471,0.000000,0.000365,0.000000,0.076925,1.000000
12940.000000,1.000000,0.000000,117.785881,-1.500000,-0.164207,-3.000000,-1.892507,0.000000,0.000440,0.000000,0.117457,1.000000
12950.000000,1.000000,0.000000,117.976563,-1.500000,-0.164706,-3.000000,-1.892674,0.000000,-0.037710,0.000000,0.071357,1.000000
12960.000000,1.000000,0.000000,117.825493,-1.500000,-0.165046,-3.000000,-1.892814,0.000000,-0.001802,0.000000,0.090836,1.000000
12970.000000,1.000000,0.000000,117.756172,-1.500000,-0.165352,-3.000000,-1.892730,0.000000,-0.007181,0.000000,0.100983,1.000000
12980.000000,1.000000,0.000000,117.549271,-1.500000,-0.165386,-3.000000,-1.892846,0.000000,0.013045,0.000000,0.081382,1.000000
12990.000000,1.000000,0.000000,117.425453,-1.500000,-0.165797,-3.000000,-1.892956,0.000000,-0.050967,0.000000,0.107169,1.000000
13000.000000,1.000000,0.000000,117.371468,-1.500000,-0.165729,-3.000000,-1.893047,0.000000,0.010985,0.000000,0.113043,1.000000
13010.000000,1.000000,0.000000,117.582848,-1.500000,-0.165726,-3.000000,-1.893172,0.000000,-0.007679,0.000000,0.121752,1.000000
13020.000000,1.000000,0.000000,117.760597,-1.500000,-0.165729,-3.000000,-1.893465,0.000000,-0.004983,0.000000,0.092181,1.000000
13030.000000,1.000000,0.000000,117.855438,-1.500000,-0.165821,-3.000000,-1.893646,0.000000,0.003583,0.000000,0.117170,1.000000
13040.000000,1.000000,0.000000,117.884125,-1.500000,-0.166150,-3.000000,-1.893718,0.000000,-0.013404,0.000000,0.090023,1.000000
13050.000000,1.000000,0.000000,118.006699,-1.500000,-0.166467,-3.000000,-1.893713,0.000000,0.008747,0.000000,0.116504,1.000000
13060.000000,1.000000,0.000000,117.854042,-1.500000,-0.166689,-3.000000,-1.893496,0.000000,0.000348,0.000000,0.090414,1.000000
13070.000000,1.000000,0.000000,117.655228,-1.500000,-0.167072,-3.000000,-1.893723,0.000000,0.002555,0.000000,0.086146,1.000000
13080.000000,1.000000,0.000000,117.640160,-1.500000,-0.166929,-3.000000,-1.893903,0.000000,0.015498,0.000000,0.090511,1.000000
13090.000000,1.000000,0.000000,117.682068,-1.500000,-0.167427,-3.000000,-1.894051,0.000000,-0.046226,0.000000,0.131369,1.000000
13100.000000,1.000000,0.000000,117.982483,-1.500000,-0.167570,-3.000000,-1.894168,0.000000,0.014653,0.000000,0.114100,1.000000
13110.000000,1.000000,0.000000,118.013657,-1.500000,-0.167929,-3.000000,-1.894565,0.000000,-0.004497,0.000000,0.106127,1.000000
13120.000000,1.000000,0.000000,118.105278,-1.500000,-0.167851,-3.000000,-1.894737,0.000000,0.035820,0.000000,0.131985,1.000000
13130.000000,1.000000,0.000000,117.935547,-1.500000,-0.168095,-3.000000,-1.894599,0.000000,-0.016774,0.000000,0.095439,1.000000
13140.000000,1.000000,0.000000,117.745499,-1.500000,-0.167982,-3.000000,-1.894382,0.000000,0.015061,0.000000,0.124685,1.000000
13150.000000,1.000000,0.000000,117.479164,-1.500000,-0.167788,-3.000000,-1.894321,0.000000,-0.012941,0.000000,0.090676,1.000000
13160.000000,1.000000,0.000000,117.260803,-1.500000,-0.167665,-3.000000,-1.894473,0.000000,-0.008309,0.000000,0.085808,1.000000
13170.000000,1.000000,0.000000,117.326775,-1.500000,-0.168077,-3.000000,-1.894435,0.000000,-0.027181,0.000000,0.105841,1.000000
13180.000000,1.000000,0.000000,117.535995,-1.500000,-0.168165,-3.000000,-1.894412,0.000000,-0.013703,0.000000,0.084604,1.000000
13190.000000,1.000000,0.000000,117.462448,-1.500000,-0.168376,-3.000000,-1.894705,0.000000,-0.012766,0.000000,0.049336,1.000000
13200.000000,1.000000,0.000000,117.205345,-1.500000,-0.168377,-3.000000,-1.894959,0.000000,0.002421,0.000000,0.127045,1.000000
13210.000000,1.000000,0.000000,116.893951,-1.500000,-0.167956,-3.000000,-1.895336,0.000000,0.037693,0.000000,0.097564,1.000000
13220.000000,1.000000,0.000000,116.733810,-1.500000,-0.167944,-3.000000,-1.895531,0.000000,-0.013526,0.000000,0.101942,1.000000
13230.000000,1.000000,0.000000,116.653107,-1.500000,-0.168358,-3.000000,-1.895578,0.000000,-0.030175,0.000000,0.147632,1.000000
13240.000000,1.000000,0.000000,116.587448,-1.500000,-0.168150,-3.000000,-1.895365,0.000000,0.044395,0.000000,0.111020,1.000000
13250.000000,1.000000,0.000000,116.740089,-1.500000,-0.168111,-3.000000,-1.895352,0.000000,0.036168,0.000000,0.086280,1.000000
13260.000000,1.000000,0.000000,116.865875,-1.500000,-0.168093,-3.000000,-1.895366,0.000000,-0.009323,0.000000,0.086890,1.000000
13270.000000,1.000000,0.000000,117.019150,-1.500000,-0.167837,-3.000000,-1.895363,0.000000,0.005842,0.000000,0.107277,1.000000
13280.000000,1.000000,0.000000,117.243164,-1.500000,-0.167662,-3.000000,-1.895597,0.000000,-0.020477,0.000000,0.094978,1.000000
13290.000000,1.000000,0.000000,117.380890,-1.500000,-0.167219,-3.000000,-1.896117,0.000000,0.016853,0.000000,0.065849,1.000000
13300.000000,1.000000,0.000000,117.541473,-1.500000,-0.167121,-3.000000,-1.896283,0.000000,-0.013803,0.000000,0.123665,1.000000
13310.000000,1.000000,0.000000,117.625046,-1.500000,-0.167040,-3.000000,-1.896102,0.000000,0.014652,0.000000,0.093607,1.000000
13320.000000,1.000000,0.000000,117.492783,-1.500000,-0.167404,-3.000000,-1.895952,0.000000,-0.030213,0.000000,0.087732,1.000000
13330.000000,1.000000,0.000000,117.328445,-1.500000,-0.167088,-3.000000,-1.895762,0.000000,0.039015,0.000000,0.085659,1.000000
13340.000000,1.000000,0.000000,117.091415,-1.500000,-0.167230,-3.000000,-1.895536,0.000000,0.017260,0.000000,0.112898,1.000000
13350.000000,1.000000,0.000000,116.842529,-1.500000,-0.167034,-3.000000,-1.895409,0.000000,0.005080,0.000000,0.064643,1.000000
13360.000000,1.000000,0.000000,116.789490,-1.500000,-0.167101,-3.000000,-1.894945,0.000000,0.007221,0.000000,0.137479,1.000000
13370.000000,1.000000,0.000000,116.803230,-1.500000,-0.166921,-3.000000,-1.895044,0.000000,0.005133,0.000000,0.091625,1.000000
13380.000000,1.000000,0.000000,116.911781,-1.500000,-0.166696,-3.000000,-1.894784,0.000000,-0.001443,0.000000,0.134328,1.000000
13390.000000,1.000000,0.000000,117.206955,-1.500000,-0.166726,-3.000000,-1.894868,0.000000,-0.006400,0.000000,0.123866,1.000000
13400.000000,1.000000,0.000000,117.449982,-1.500000,-0.166523,-3.000000,-1.895028,0.000000,-0.002089,0.000000,0.131286,1.000000
13410.000000,1.000000,0.000000,117.194466,-1.500000,-0.166671,-3.000000,-1.895148,0.000000,-0.025879,0.000000,0.067661,1.000000
13420.000000,1.000000,0.000000,117.082283,-1.500000,-0.166981,-3.000000,-1.894788,0.000000,-0.036747,0.000000,0.140588,1.000000
13430.000000,1.000000,0.000000,116.892052,-1.500000,-0.167115,-3.000000,-1.894579,0.000000,0.013092,0.000000,0.119187,1.000000
13440.000000,1.000000,0.000000,116.983299,-1.500000,-0.167209,-3.000000,-1.894705,0.000000,0.010076,0.000000,0.049926,1.000000
13450.000000,1.000000,0.000000,116.811554,-1.500000,-0.166837,-3.000000,-1.894983,0.000000,0.067428,0.000000,0.085274,1.000000
13460.000000,1.000000,0.000000,116.929337,-1.500000,-0.167018,-3.000000,-1.895112,0.000000,-0.039499,0.000000,0.110966,1.000000
13470.000000,1.000000,0.000000,117.027725,-1.500000,-0.167404,-3.000000,-1.894892,0.000000,-0.008983,0.000000,0.100099,1.000000
13480.000000,1.000000,0.000000,117.207199,-1.500000,-0.167731,-3.000000,-1.894926,0.000000,0.007706,0.000000,0.099839,1.000000
13490.000000,1.000000,0.000000,117.000473,-1.500000,-0.168034,-3.000000,-1.894934,0.000000,-0.007627,0.000000,0.104045,1.000000
13500.000000,1.000000,0.000000,117.223518,-1.500000,-0.168551,-3.000000,-1.894917,0.000000,-0.061951,0.000000,0.125231,1.000000
13510.000000,1.000000,0.000000,117.355858,-1.500000,-0.168856,-3.000000,-1.894866,0.000000,-0.003833,0.000000,0.085000,1.000000
13520.000000,1.000000,0.000000,117.473442,-1.500000,-0.168889,-3.000000,-1.894872,0.000000,0.014437,0.000000,0.138323,1.000000
13530.000000,1.000000,0.000000,117.121826,-1.500000,-0.168384,-3.000000,-1.894733,0.000000,0.041790,0.000000,0.122232,1.000000
13540.000000,1.000000,0.000000,117.182388,-1.500000,-0.168255,-3.000000,-1.894687,0.000000,-0.008473,0.000000,0.129134,1.000000
13550.000000,1.000000,0.000000,117.232529,-1.500000,-0.167944,-3.000000,-1.894814,0.000000,0.004177,0.000000,0.068071,1.000000
13560.000000,1.000000,0.000000,117.223801,-1.500000,-0.167830,-3.000000,-1.895276,0.000000,0.025420,0.000000,0.070861,1.000000
13570.000000,1.000000,0.000000,117.012329,-1.500000,-0.167487,-3.000000,-1.895802,0.000000,0.032459,0.000000,0.064959,1.000000
13580.000000,1.000000,0.000000,116.788322,-1.500000,-0.167415,-3.000000,-1.896179,0.000000,-0.030612,0.000000,0.075381,1.000000
13590.000000,1.000000,0.000000,116.697830,-1.500000,-0.167374,-3.000000,-1.896453,0.000000,0.008030,0.000000,0.087318,1.000000
13600.000000,1.000000,0.000000,116.723030,-1.500000,-0.167243,-3.000000,-1.896828,0.000000,-0.009850,0.000000,0.101367,1.000000
13610.000000,1.000000,0.000000,116.749275,-1.500000,-0.167264,-3.000000,-1.897162,0.000000,0.026319,0.000000,0.137183,1.000000
13620.000000,1.000000,0.000000,116.833748,-1.500000,-0.167370,-3.000000,-1.897542,0.000000,-0.017065,0.000000,0.061266,1.000000
13630.000000,1.000000,0.000000,117.000992,-1.500000,-0.167610,-3.000000,-1.898347,0.000000,-0.008605,0.000000,0.073530,1.000000
13640.000000,1.000000,0.000000,116.933884,-1.500000,-0.168041,-3.000000,-1.898693,0.000000,-0.048255,0.000000,0.086897,1.000000
13650.000000,1.000000,0.000000,116.775009,-1.500000,-0.168234,-3.000000,-1.898826,0.000000,-0.043082,0.000000,0.110046,1.000000
13660.000000,1.000000,0.000000,116.544312,-1.500000,-0.168249,-3.000000,-1.898571,0.000000,-0.022957,0.000000,0.109469,1.000000
13670.000000,1.000000,0.000000,116.256264,-1.500000,-0.168350,-3.000000,-1.898425,0.000000,0.004176,0.000000,0.114666,1.000000
13680.000000,1.000000,0.000000,116.219124,-1.500000,-0.168134,-3.000000,-1.898540,0.000000,0.031897,0.000000,0.083022,1.000000
13690.000000,1.000000,0.000000,115.991631,-1.500000,-0.167989,-3.000000,-1.898248,0.000000,0.009773,0.000000,0.113176,1.000000
13700.000000,1.000000,0.000000,116.135262,-1.500000,-0.167999,-3.000000,-1.898359,0.000000,0.005013,0.000000,0.086514,1.000000
13710.000000,1.000000,0.000000,116.509056,-1.500000,-0.168063,-3.000000,-1.898112,0.000000,0.015242,0.000000,0.133889,1.000000
13720.000000,1.000000,0.000000,116.872375,-1.500000,-0.168140,-3.000000,-1.897640,0.000000,0.025701,0.000000,0.146750,1.000000
13730.000000,1.000000,0.000000,116.930580,-1.500000,-0.168304,-3.000000,-1.897532,0.000000,-0.011812,0.000000,0.135919,1.000000
13740.000000,1.000000,0.000000,117.170219,-1.500000,-0.168284,-3.000000,-1.897371,0.000000,-0.005977,0.000000,0.112173,1.000000
13750.000000,1.000000,0.000000,117.071846,-1.500000,-0.168131,-3.000000,-1.897317,0.000000,0.032561,0.000000,0.105099,1.000000
13760.000000,1.000000,0.000000,117.144402,-1.500000,-0.168002,-3.000000,-1.897484,0.000000,-0.026474,0.000000,0.118982,1.000000
13770.000000,1.000000,0.000000,117.102066,-1.500000,-0.167979,-3.000000,-1.897371,0.000000,0.001523,0.000000,0.114745,1.000000
13780.000000,1.000000,0.000000,117.120773,-1.500000,-0.167903,-3.000000,-1.897505,0.000000,-0.007413,0.000000,0.093885,1.000000
13790.000000,1.000000,0.000000,117.136047,-1.500000,-0.167882,-3.000000,-1.897254,0.000000,-0.002876,0.000000,0.140493,1.000000
13800.000000,1.000000,0.000000,117.198471,-1.500000,-0.167723,-3.000000,-1.896881,0.000000,-0.008433,0.000000,0.103900,1.000000
13810.000000,1.000000,0.000000,117.194229,-1.500000,-0.167335,-3.000000,-1.896857,0.000000,0.026625,0.000000,0.084571,1.000000
13820.000000,1.000000,0.000000,117.286499,-1.500000,-0.166891,-3.000000,-1.896960,0.000000,0.016144,0.000000,0.082597,1.000000
13830.000000,1.000000,0.000000,117.254143,-1.500000,-0.167000,-3.000000,-1.896686,0.000000,0.011694,0.000000,0.110930,1.000000
13840.000000,1.000000,0.000000,117.293236,-1.500000,-0.167446,-3.000000,-1.896911,0.000000,-0.042670,0.000000,0.080155,1.000000
13850.000000,1.000000,0.000000,117.068329,-1.500000,-0.167348,-3.000000,-1.897132,0.000000,0.031258,0.000000,0.078739,1.000000
13860.000000,1.000000,0.000000,117.192825,-1.500000,-0.166945,-3.000000,-1.897556,0.000000,0.022007,0.000000,0.094640,1.000000
13870.000000,1.000000,0.000000,116.993797,-1.500000,-0.166738,-3.000000,-1.897672,0.000000,0.024056,0.000000,0.117089,1.000000
13880.000000,1.000000,0.000000,117.325691,-1.500000,-0.166767,-3.000000,-1.897686,0.000000,-0.035835,0.000000,0.110593,1.000000
13890.000000,1.000000,0.000000,117.245224,-1.500000,-0.166698,-3.000000,-1.897412,0.000000,0.048266,0.000000,0.098852,1.000000
13900.000000,1.000000,0.000000,117.178932,-1.500000,-0.166596,-3.000000,-1.897159,0.000000,-0.028309,0.000000,0.130563,1.000000
13910.000000,1.000000,0.000000,117.083961,-1.500000,-0.166600,-3.000000,-1.897147,0.000000,0.018216,0.000000,0.118257,1.000000
13920.000000,1.000000,0.000000,117.156799,-1.500000,-0.166987,-3.000000,-1.897202,0.000000,-0.034976,0.000000,0.098392,1.000000
13930.000000,1.000000,0.000000,117.312546,-1.500000,-0.166936,-3.000000,-1.897310,0.000000,-0.009857,0.000000,0.140255,1.000000
13940.000000,1.000000,0.000000,117.230522,-1.500000,-0.167083,-3.000000,-1.897111,0.000000,-0.002373,0.000000,0.105542,1.000000
13950.000000,1.000000,0.000000,117.307472,-1.500000,-0.166934,-3.000000,-1.896838,0.000000,0.009831,0.000000,0.092266,1.000000
13960.000000,1.000000,0.000000,117.187462,-1.500000,-0.166812,-3.000000,-1.896637,0.000000,-0.015901,0.000000,0.087994,1.000000
13970.000000,1.000000,0.000000,117.374702,-1.500000,-0.166749,-3.000000,-1.896788,0.000000,0.006933,0.000000,0.098852,1.000000
13980.000000,1.000000,0.000000,117.142036,-1.500000,-0.166505,-3.000000,-1.896691,0.000000,0.006388,0.000000,0.116462,1.000000
13990.000000,1.000000,0.000000,116.999611,-1.500000,-0.166552,-3.000000,-1.896777,0.000000,0.034383,0.000000,0.103437,1.000000
14000.000000,1.000000,0.000000,116.933708,-1.500000,-0.166576,-3.000000,-1.896917,0.000000,-0.008510,0.000000,0.090549,1.000000
14010.000000,1.000000,0.000000,116.931076,-1.500000,-0.166799,-3.000000,-1.896820,0.000000,-0.008082,0.000000,0.127502,1.000000
14020.000000,1.000000,0.000000,116.978584,-1.500000,-0.166987,-3.000000,-1.896755,0.000000,-0.018033,0.000000,0.076820,1.000000
14030.000000,1.000000,0.000000,116.813736,-1.500000,-0.166892,-3.000000,-1.897017,0.000000,0.001847,0.000000,0.104233,1.000000
14040.000000,1.000000,0.000000,116.678627,-1.500000,-0.166735,-3.000000,-1.897068,0.000000,0.017908,0.000000,0.094131,1.000000
14050.000000,1.000000,0.000000,116.620888,-1.500000,-0.166617,-3.000000,-1.896928,0.000000,0.018415,0.000000,0.119631,1.000000
14060.000000,1.000000,0.000000,116.773895,-1.500000,-0.166441,-3.000000,-1.896410,0.000000,0.025116,0.000000,0.117075,1.000000
14070.000000,1.000000,0.000000,116.949677,-1.500000,-0.166479,-3.000000,-1.895924,0.000000,0.005517,0.000000,0.139529,1.000000
14080.000000,1.000000,0.000000,116.937637,-1.500000,-0.166105,-3.000000,-1.895767,0.000000,0.026930,0.000000,0.069900,1.000000
14090.000000,1.000000,0.000000,116.978798,-1.500000,-0.165821,-3.000000,-1.896414,0.000000,0.012724,0.000000,0.113187,1.000000
14100.000000,1.000000,0.000000,116.914215,-1.500000,-0.165430,-3.000000,-1.896543,0.000000,0.025453,0.000000,0.104208,1.000000
14110.000000,1.000000,0.000000,117.063896,-1.500000,-0.164866,-3.000000,-1.896708,0.000000,0.017587,0.000000,0.113723,1.000000
14120.000000,1.000000,0.000000,117.179268,-1.500000,-0.165169,-3.000000,-1.896552,0.000000,-0.048388,0.000000,0.098851,1.000000
14130.000000,1.000000,0.000000,117.423897,-1.500000,-0.165257,-3.000000,-1.896786,0.000000,0.012936,0.000000,0.084944,1.000000
14140.000000,1.000000,0.000000,117.536430,-1.500000,-0.165335,-3.000000,-1.897087,0.000000,0.021703,0.000000,0.094520,1.000000
14150.000000,1.000000,0.000000,117.578812,-1.500000,-0.164991,-3.000000,-1.897399,0.000000,0.003313,0.000000,0.091712,1.000000
14160.000000,1.000000,0.000000,117.510490,-1.500000,-0.165126,-3.000000,-1.897336,0.000000,-0.013671,0.000000,0.118558,1.000000
14170.000000,1.000000,0.000000,117.302605,-1.500000,-0.165320,-3.000000,-1.897646,0.000000,-0.016445,0.000000,0.080484,1.000000
14180.000000,1.000000,0.000000,117.227615,-1.500000,-0.165682,-3.000000,-1.897935,0.000000,-0.040356,0.000000,0.079612,1.000000
14190.000000,1.000000,0.000000,117.117981,-1.500000,-0.165894,-3.000000,-1.897681,0.000000,0.015755,0.000000,0.127508,1.000000
14200.000000,1.000000,0.000000,117.179115,-1.500000,-0.165876,-3.000000,-1.897673,0.000000,-0.006072,0.000000,0.107548,1.000000
14210.000000,1.000000,0.000000,117.135811,-1.500000,-0.166108,-3.000000,-1.897467,0.000000,-0.033204,0.000000,0.096106,1.000000
14220.000000,1.000000,0.000000,117.100159,-1.500000,-0.166170,-3.000000,-1.897678,0.000000,0.010012,0.000000,0.091946,1.000000
14230.000000,1.000000,0.000000,117.065407,-1.500000,-0.166140,-3.000000,-1.897340,0.000000,-0.004134,0.000000,0.130552,1.000000
14240.000000,1.000000,0.000000,116.985672,-1.500000,-0.165832,-3.000000,-1.897340,0.000000,0.012575,0.000000,0.097767,1.000000
14250.000000,1.000000,0.000000,116.616898,-1.500000,-0.166062,-3.000000,-1.897238,0.000000,-0.033058,0.000000,0.096329,1.000000
14260.000000,1.000000,0.000000,116.361916,-1.500000,-0.166175,-3.000000,-1.897085,0.000000,0.001529,0.000000,0.109934,1.000000
14270.000000,1.000000,0.000000,116.350929,-1.500000,-0.166199,-3.000000,-1.896930,0.000000,-0.000666,0.000000,0.120954,1.000000
14280.000000,1.000000,0.000000,116.642632,-1.500000,-0.166172,-3.000000,-1.896828,0.000000,-0.009384,0.000000,0.098122,1.000000
14290.000000,1.000000,0.000000,117.083862,-1.500000,-0.166424,-3.000000,-1.896443,0.000000,-0.015691,0.000000,0.142860,1.000000
14300.000000,1.000000,0.000000,117.350433,-1.500000,-0.166597,-3.000000,-1.895933,0.000000,-0.025941,0.000000,0.125446,1.000000
14310.000000,1.000000,0.000000,117.478409,-1.500000,-0.166608,-3.000000,-1.895952,0.000000,-0.005174,0.000000,0.114718,1.000000
14320.000000,1.000000,0.000000,117.280876,-1.500000,-0.166381,-3.000000,-1.896055,0.000000,0.034312,0.000000,0.102078,1.000000
14330.000000,1.000000,0.000000,117.016655,-1.500000,-0.166516,-3.000000,-1.896425,0.000000,-0.018294,0.000000,0.106145,1.000000
14340.000000,1.000000,0.000000,116.948555,-1.500000,-0.166995,-3.000000,-1.896509,0.000000,-0.015288,0.000000,0.121566,1.000000
14350.000000,1.000000,0.000000,116.942802,-1.500000,-0.167075,-3.000000,-1.896590,0.000000,0.001823,0.000000,0.141167,1.000000
14360.000000,1.000000,0.000000,116.984299,-1.500000,-0.166914,-3.000000,-1.896852,0.000000,0.030978,0.000000,0.104108,1.000000
14370.000000,1.000000,0.000000,116.913696,-1.500000,-0.167281,-3.000000,-1.896604,0.000000,-0.028452,0.000000,0.147701,1.000000
14380.000000,1.000000,0.000000,116.802216,-1.500000,-0.167711,-3.000000,-1.896194,0.000000,-0.013850,0.000000,0.134554,1.000000
14390.000000,1.000000,0.000000,116.915062,-1.500000,-0.168275,-3.000000,-1.896045,0.000000,-0.002135,0.000000,0.093754,1.000000
14400.000000,1.000000,0.000000,117.064583,-1.500000,-0.168376,-3.000000,-1.895899,0.000000,-0.015659,0.000000,0.113086,1.000000
14410.000000,1.000000,0.000000,117.089516,-1.500000,-0.168675,-3.000000,-1.895780,0.000000,0.003682,0.000000,0.107320,1.000000
14420.000000,1.000000,0.000000,117.056602,-1.500000,-0.168802,-3.000000,-1.895776,0.000000,-0.014728,0.000000,0.071423,1.000000
14430.000000,1.000000,0.000000,117.178131,-1.500000,-0.168726,-3.000000,-1.895782,0.000000,0.017560,0.000000,0.126435,1.000000
14440.000000,1.000000,0.000000,117.129402,-1.500000,-0.168371,-3.000000,-1.895409,0.000000,0.041326,0.000000,0.104269,1.000000
14450.000000,1.000000,0.000000,117.342155,-1.500000,-0.168232,-3.000000,-1.895452,0.000000,0.009558,0.000000,0.112489,1.000000
14460.000000,1.000000,0.000000,117.416512,-1.500000,-0.167913,-3.000000,-1.895452,0.000000,0.027106,0.000000,0.086345,1.000000
14470.000000,1.000000,0.000000,117.375740,-1.500000,-0.167768,-3.000000,-1.895424,0.000000,0.019254,0.000000,0.111431,1.000000
14480.000000,1.000000,0.000000,117.443748,-1.500000,-0.167769,-3.000000,-1.895172,0.000000,0.007506,0.000000,0.108128,1.000000
14490.000000,1.000000,0.000000,117.445862,-1.500000,-0.167608,-3.000000,-1.895305,0.000000,0.055055,0.000000,0.103029,1.000000
14500.000000,1.000000,0.000000,117.647293,-1.500000,-0.167665,-3.000000,-1.895489,0.000000,0.007175,0.000000,0.090294,1.000000
14510.000000,1.000000,0.000000,117.356895,-1.500000,-0.168044,-3.000000,-1.895494,0.000000,0.019549,0.000000,0.099249,1.000000
14520.000000,1.000000,0.000000,117.281067,-1.500000,-0.168181,-3.000000,-1.895969,0.000000,-0.011643,0.000000,0.080147,1.000000
14530.000000,1.000000,0.000000,117.117104,-1.500000,-0.168417,-3.000000,-1.895959,0.000000,-0.007253,0.000000,0.142217,1.000000
14540.000000,1.000000,0.000000,117.081261,-1.500000,-0.168319,-3.000000,-1.896186,0.000000,0.022556,0.000000,0.067337,1.000000
14550.000000,1.000000,0.000000,117.050377,-1.500000,-0.168319,-3.000000,-1.896555,0.000000,-0.026020,0.000000,0.066215,1.000000
14560.000000,1.000000,0.000000,117.125626,-1.500000,-0.168264,-3.000000,-1.896452,0.000000,0.018414,0.000000,0.116054,1.000000
14570.000000,1.000000,0.000000,117.192978,-1.500000,-0.167657,-3.000000,-1.896123,0.000000,0.052268,0.000000,0.094744,1.000000
14580.000000,1.000000,0.000000,116.986824,-1.500000,-0.167214,-3.000000,-1.895867,0.000000,0.048609,0.000000,0.084264,1.000000
14590.000000,1.000000,0.000000,116.772240,-1.500000,-0.167230,-3.000000,-1.895900,0.000000,0.007494,0.000000,0.091665,1.000000
14600.000000,1.000000,0.000000,116.700104,-1.500000,-0.167104,-3.000000,-1.896018,0.000000,0.033206,0.000000,0.092014,1.000000
14610.000000,1.000000,0.000000,116.586098,-1.500000,-0.167015,-3.000000,-1.896056,0.000000,-0.000682,0.000000,0.120326,1.000000
14620.000000,1.000000,0.000000,116.493874,-1.500000,-0.166999,-3.000000,-1.895771,0.000000,0.007967,0.000000,0.121038,1.000000
14630.000000,1.000000,0.000000,116.619644,-1.500000,-0.167074,-3.000000,-1.895589,0.000000,-0.001382,0.000000,0.120915,1.000000
14640.000000,1.000000,0.000000,116.878998,-1.500000,-0.167040,-3.000000,-1.895663,0.000000,0.022750,0.000000,0.124864,1.000000
14650.000000,1.000000,0.000000,117.141090,-1.500000,-0.166978,-3.000000,-1.895676,0.000000,-0.007247,0.000000,0.105722,1.000000
14660.000000,1.000000,0.000000,116.850761,-1.500000,-0.167159,-3.000000,-1.895950,0.000000,-0.018978,0.000000,0.097222,1.000000
14670.000000,1.000000,0.000000,116.611847,-1.500000,-0.166949,-3.000000,-1.896055,0.000000,-0.025261,0.000000,0.091920,1.000000
14680.000000,1.000000,0.000000,116.516350,-1.500000,-0.166649,-3.000000,-1.896236,0.000000,0.025991,0.000000,0.111025,1.000000
14690.000000,1.000000,0.000000,116.736504,-1.500000,-0.166537,-3.000000,-1.896211,0.000000,0.010472,0.000000,0.073710,1.000000
14700.000000,1.000000,0.000000,116.763359,-1.500000,-0.166221,-3.000000,-1.896660,0.000000,-0.010939,0.000000,0.095483,1.000000
14710.000000,1.000000,0.000000,116.887398,-1.500000,-0.166141,-3.000000,-1.896703,0.000000,-0.017907,0.000000,0.160988,1.000000
14720.000000,1.000000,0.000000,116.989319,-1.500000,-0.166262,-3.000000,-1.896512,0.000000,-0.025922,0.000000,0.117197,1.000000
14730.000000,1.000000,0.000000,117.067131,-1.500000,-0.166119,-3.000000,-1.896716,0.000000,0.015298,0.000000,0.102551,1.000000
14740.000000,1.000000,0.000000,117.035362,-1.500000,-0.166013,-3.000000,-1.896936,0.000000,0.003041,0.000000,0.109219,1.000000
14750.000000,1.000000,0.000000,117.056740,-1.500000,-0.166035,-3.000000,-1.896967,0.000000,0.011778,0.000000,0.076239,1.000000
14760.000000,1.000000,0.000000,116.985863,-1.500000,-0.166300,-3.000000,-1.897265,0.000000,-0.023374,0.000000,0.057083,1.000000
14770.000000,1.000000,0.000000,117.125954,-1.500000,-0.166478,-3.000000,-1.897387,0.000000,-0.007088,0.000000,0.123815,1.000000
14780.000000,1.000000,0.000000,116.843018,-1.500000,-0.166899,-3.000000,-1.897221,0.000000,-0.053456,0.000000,0.141177,1.000000
14790.000000,1.000000,0.000000,116.653770,-1.500000,-0.167036,-3.000000,-1.897168,0.000000,0.014309,0.000000,0.111688,1.000000
14800.000000,1.000000,0.000000,116.498482,-1.500000,-0.167144,-3.000000,-1.897080,0.000000,0.004391,0.000000,0.121312,1.000000
14810.000000,1.000000,0.000000,116.524338,-1.500000,-0.167187,-3.000000,-1.897032,0.000000,0.013255,0.000000,0.101884,1.000000
14820.000000,1.000000,0.000000,116.696587,-1.500000,-0.166768,-3.000000,-1.896930,0.000000,0.018823,0.000000,0.113308,1.000000
14830.000000,1.000000,0.000000,116.886902,-1.500000,-0.166541,-3.000000,-1.896757,0.000000,0.011602,0.000000,0.101287,1.000000
14840.000000,1.000000,0.000000,116.989021,-1.500000,-0.166224,-3.000000,-1.896702,0.000000,-0.000142,0.000000,0.092891,1.000000
14850.000000,1.000000,0.000000,117.125671,-1.500000,-0.166301,-3.000000,-1.896800,0.000000,-0.010254,0.000000,0.056528,1.000000
14860.000000,1.000000,0.000000,117.289284,-1.500000,-0.166194,-3.000000,-1.896937,0.000000,-0.016981,0.000000,0.113235,1.000000
14870.000000,1.000000,0.000000,117.425339,-1.500000,-0.166223,-3.000000,-1.896519,0.000000,-0.013255,0.000000,0.118494,1.000000
14880.000000,1.000000,0.000000,117.637276,-1.500000,-0.165754,-3.000000,-1.896413,0.000000,0.060110,0.000000,0.132026,1.000000
14890.000000,1.000000,0.000000,117.810280,-1.500000,-0.165691,-3.000000,-1.896472,0.000000,0.017467,0.000000,0.089762,1.000000
14900.000000,1.000000,0.000000,118.047234,-1.500000,-0.165774,-3.000000,-1.896197,0.000000,0.003431,0.000000,0.109755,1.000000
14910.000000,1.000000,0.000000,118.084938,-1.500000,-0.165850,-3.000000,-1.895893,0.000000,-0.006730,0.000000,0.107997,1.000000
14920.000000,1.000000,0.000000,118.067970,-1.500000,-0.165983,-3.000000,-1.895735,0.000000,0.011397,0.000000,0.127972,1.000000
14930.000000,1.000000,0.000000,117.758125,-1.500000,-0.166087,-3.000000,-1.895654,0.000000,0.005140,0.000000,0.117902,1.000000
14940.000000,1.000000,0.000000,117.651482,-1.500000,-0.165830,-3.000000,-1.895537,0.000000,0.024708,0.000000,0.093307,1.000000
14950.000000,1.000000,0.000000,117.416054,-1.500000,-0.165719,-3.000000,-1.895764,0.000000,0.027873,0.000000,0.107212,1.000000
14960.000000,1.000000,0.000000,117.623436,-1.500000,-0.165902,-3.000000,-1.895626,0.000000,-0.028913,0.000000,0.098971,1.000000
14970.000000,1.000000,0.000000,117.795517,-1.500000,-0.166454,-3.000000,-1.895785,0.000000,-0.016287,0.000000,0.073653,1.000000
14980.000000,1.000000,0.000000,117.888222,-1.500000,-0.166948,-3.000000,-1.895642,0.000000,-0.024873,0.000000,0.079713,1.000000
14990.000000,1.000000,0.000000,117.861099,-1.500000,-0.166947,-3.000000,-1.895595,0.000000,0.001404,0.000000,0.109930,1.000000
15000.000000,1.000000,0.000000,117.687744,-1.500000,-0.166801,-3.000000,-1.895378,0.000000,-0.019395,0.000000,0.112508,1.000000
15010.000000,1.000000,0.000000,117.546295,-1.500000,-0.166732,-3.000000,-1.895419,0.000000,0.017096,0.000000,0.123221,1.000000
15020.000000,1.000000,0.000000,117.381943,-1.500000,-0.166937,-3.000000,-1.895279,0.000000,-0.009448,0.000000,0.111479,1.000000
15030.000000,1.000000,0.000000,117.394806,-1.500000,-0.167219,-3.000000,-1.895222,0.000000,-0.006116,0.000000,0.109979,1.000000
15040.000000,1.000000,0.000000,117.648010,-1.500000,-0.167480,-3.000000,-1.895400,0.000000,0.000376,0.000000,0.074586,1.000000
15050.000000,1.000000,0.000000,117.746376,-1.500000,-0.167456,-3.000000,-1.895302,0.000000,-0.012345,0.000000,0.085160,1.000000
15060.000000,1.000000,0.000000,117.872444,-1.500000,-0.167629,-3.000000,-1.895588,0.000000,-0.016195,0.000000,0.075436,1.000000
15070.000000,1.000000,0.000000,117.828270,-1.500000,-0.167578,-3.000000,-1.895480,0.000000,0.024051,0.000000,0.115107,1.000000
15080.000000,1.000000,0.000000,117.852715,-1.500000,-0.167710,-3.000000,-1.895745,0.000000,-0.007736,0.000000,0.056711,1.000000
15090.000000,1.000000,0.000000,117.728722,-1.500000,-0.167867,-3.000000,-1.895813,0.000000,-0.032990,0.000000,0.120614,1.000000
15100.000000,1.000000,0.000000,117.678474,-1.500000,-0.168150,-3.000000,-1.895884,0.000000,-0.052467,0.000000,0.085567,1.000000
15110.000000,1.000000,0.000000,117.831528,-1.500000,-0.168240,-3.000000,-1.895749,0.000000,-0.028427,0.000000,0.139849,1.000000
15120.000000,1.000000,0.000000,117.957161,-1.500000,-0.168154,-3.000000,-1.895666,0.000000,0.004636,0.000000,0.091836,1.000000
15130.000000,1.000000,0.000000,118.060143,-1.500000,-0.168010,-3.000000,-1.895993,0.000000,0.005613,0.000000,0.107205,1.000000
15140.000000,1.000000,0.000000,117.943466,-1.500000,-0.167717,-3.000000,-1.895903,0.000000,-0.000776,0.000000,0.139716,1.000000
15150.000000,1.000000,0.000000,117.695099,-1.500000,-0.167900,-3.000000,-1.895957,0.000000,-0.004705,0.000000,0.105836,1.000000
15160.000000,1.000000,0.000000,117.846939,-1.500000,-0.167692,-3.000000,-1.896216,0.000000,0.012487,0.000000,0.101505,1.000000
15170.000000,1.000000,0.000000,118.128555,-1.500000,-0.167621,-3.000000,-1.896410,0.000000,-0.010968,0.000000,0.082052,1.000000
15180.000000,1.000000,0.000000,118.255775,-1.500000,-0.167344,-3.000000,-1.896372,0.000000,0.042516,0.000000,0.092890,1.000000
15190.000000,1.000000,0.000000,118.059998,-1.500000,-0.167195,-3.000000,-1.896754,0.000000,-0.011658,0.000000,0.099190,1.000000
15200.000000,1.000000,0.000000,117.598808,-1.500000,-0.167004,-3.000000,-1.896666,0.000000,0.034949,0.000000,0.116200,1.000000
15210.000000,1.000000,0.000000,117.218063,-1.500000,-0.166958,-3.000000,-1.896334,0.000000,0.022235,0.000000,0.118565,1.000000
15220.000000,1.000000,0.000000,117.106506,-1.500000,-0.166987,-3.000000,-1.896272,0.000000,-0.026325,0.000000,0.085963,1.000000
15230.000000,1.000000,0.000000,117.314926,-1.500000,-0.167518,-3.000000,-1.895922,0.000000,-0.041945,0.000000,0.132237,1.000000
15240.000000,1.000000,0.000000,117.434631,-1.500000,-0.167620,-3.000000,-1.896128,0.000000,0.019672,0.000000,0.055968,1.000000
15250.000000,1.000000,0.000000,117.679550,-1.500000,-0.167882,-3.000000,-1.896184,0.000000,-0.032460,0.000000,0.160411,1.000000
15260.000000,1.000000,0.000000,117.581825,-1.500000,-0.168193,-3.000000,-1.896180,0.000000,-0.013301,0.000000,0.092175,1.000000
15270.000000,1.000000,0.000000,117.549133,-1.500000,-0.168207,-3.000000,-1.896225,0.000000,0.021868,0.000000,0.098100,1.000000
15280.000000,1.000000,0.000000,117.576508,-1.500000,-0.168244,-3.000000,-1.896366,0.000000,0.006610,0.000000,0.115389,1.000000
15290.000000,1.000000,0.000000,117.602913,-1.500000,-0.168546,-3.000000,-1.896416,0.000000,-0.037746,0.000000,0.106002,1.000000
15300.000000,1.000000,0.000000,117.718002,-1.500000,-0.168592,-3.000000,-1.896266,0.000000,0.012401,0.000000,0.104338,1.000000
15310.000000,1.000000,0.000000,117.812538,-1.500000,-0.168862,-3.000000,-1.896430,0.000000,0.002650,0.000000,0.105803,1.000000
15320.000000,1.000000,0.000000,117.840218,-1.500000,-0.168537,-3.000000,-1.896624,0.000000,0.005536,0.000000,0.113378,1.000000
15330.000000,1.000000,0.000000,117.913956,-1.500000,-0.168113,-3.000000,-1.896581,0.000000,0.006553,0.000000,0.090310,1.000000
15340.000000,1.000000,0.000000,118.026237,-1.500000,-0.167662,-3.000000,-1.896392,0.000000,0.016005,0.000000,0.113058,1.000000
15350.000000,1.000000,0.000000,118.118141,-1.500000,-0.167444,-3.000000,-1.896335,0.000000,-0.034962,0.000000,0.100033,1.000000
15360.000000,1.000000,0.000000,118.144798,-1.500000,-0.167558,-3.000000,-1.896175,0.000000,0.006851,0.000000,0.113234,1.000000
15370.000000,1.000000,0.000000,117.709679,-1.500000,-0.167269,-3.000000,-1.896218,0.000000,0.026516,0.000000,0.080347,1.000000
15380.000000,1.000000,0.000000,117.651802,-1.500000,-0.166943,-3.000000,-1.896281,0.000000,0.009836,0.000000,0.127609,1.000000
15390.000000,1.000000,0.000000,117.553787,-1.500000,-0.166637,-3.000000,-1.895926,0.000000,0.040062,0.000000,0.109117,1.000000
15400.000000,1.000000,0.000000,117.830116,-1.500000,-0.166063,-3.000000,-1.896331,0.000000,0.044644,0.000000,0.095803,1.000000
15410.000000,1.000000,0.000000,118.057350,-1.500000,-0.165923,-3.000000,-1.896680,0.000000,-0.010774,0.000000,0.079150,1.000000
15420.000000,1.000000,0.000000,118.139404,-1.500000,-0.166153,-3.000000,-1.896894,0.000000,0.015136,0.000000,0.079770,1.000000
15430.000000,1.000000,0.000000,118.252403,-1.500000,-0.166163,-3.000000,-1.896963,0.000000,0.016060,0.000000,0.096972,1.000000
15440.000000,1.000000,0.000000,118.090309,-1.500000,-0.166089,-3.000000,-1.897175,0.000000,0.008927,0.000000,0.107346,1.000000
15450.000000,1.000000,0.000000,117.855591,-1.500000,-0.166007,-3.000000,-1.897279,0.000000,-0.002865,0.000000,0.142112,1.000000
15460.000000,1.000000,0.000000,117.767471,-1.500000,-0.165939,-3.000000,-1.897070,0.000000,0.032299,0.000000,0.121539,1.000000
15470.000000,1.000000,0.000000,117.641205,-1.500000,-0.165753,-3.000000,-1.897003,0.000000,-0.012066,0.000000,0.116134,1.000000
15480.000000,1.000000,0.000000,117.589836,-1.500000,-0.165887,-3.000000,-1.897030,0.000000,0.014467,0.000000,0.126261,1.000000
15490.000000,1.000000,0.000000,117.347923,-1.500000,-0.165766,-3.000000,-1.896969,0.000000,0.000683,0.000000,0.083384,1.000000
15500.000000,1.000000,0.000000,117.095406,-1.500000,-0.166011,-3.000000,-1.896938,0.000000,-0.008809,0.000000,0.102524,1.000000
15510.000000,1.000000,0.000000,116.990334,-1.500000,-0.166224,-3.000000,-1.897161,0.000000,-0.001813,0.000000,0.063980,1.000000
15520.000000,1.000000,0.000000,117.014458,-1.500000,-0.166330,-3.000000,-1.897061,0.000000,-0.013354,0.000000,0.118982,1.000000
15530.000000,1.000000,0.000000,116.984924,-1.500000,-0.166488,-3.000000,-1.897121,0.000000,0.002336,0.000000,0.085578,1.000000
15540.000000,1.000000,0.000000,116.961060,-1.500000,-0.166411,-3.000000,-1.897120,0.000000,-0.005457,0.000000,0.125920,1.000000
15550.000000,1.000000,0.000000,116.841095,-1.500000,-0.166226,-3.000000,-1.897026,0.000000,-0.002137,0.000000,0.115289,1.000000
15560.000000,1.000000,0.000000,116.944443,-1.500000,-0.166241,-3.000000,-1.897063,0.000000,-0.009254,0.000000,0.115947,1.000000
15570.000000,1.000000,0.000000,117.024673,-1.500000,-0.166008,-3.000000,-1.897346,0.000000,0.020774,0.000000,0.104041,1.000000
15580.000000,1.000000,0.000000,117.039101,-1.500000,-0.165747,-3.000000,-1.897396,0.000000,0.018517,0.000000,0.104038,1.000000
15590.000000,1.000000,0.000000,116.900803,-1.500000,-0.165429,-3.000000,-1.897516,0.000000,0.023435,0.000000,0.119070,1.000000
15600.000000,1.000000,0.000000,116.745789,-1.500000,-0.165076,-3.000000,-1.897395,0.000000,0.029045,0.000000,0.106454,1.000000
15610.000000,1.000000,0.000000,116.812416,-1.500000,-0.164898,-3.000000,-1.897650,0.000000,0.007478,0.000000,0.090722,1.000000
15620.000000,1.000000,0.000000,116.867622,-1.500000,-0.165071,-3.000000,-1.897917,0.000000,-0.024611,0.000000,0.117125,1.000000
15630.000000,1.000000,0.000000,116.966515,-1.500000,-0.165521,-3.000000,-1.898178,0.000000,-0.003111,0.000000,0.103665,1.000000
15640.000000,1.000000,0.000000,117.000084,-1.500000,-0.165737,-3.000000,-1.898393,0.000000,-0.023186,0.000000,0.130479,1.000000
15650.000000,1.000000,0.000000,117.030273,-1.500000,-0.165968,-3.000000,-1.898398,0.000000,-0.010516,0.000000,0.089900,1.000000
15660.000000,1.000000,0.000000,117.214066,-1.500000,-0.166069,-3.000000,-1.898756,0.000000,-0.004790,0.000000,0.069912,1.000000
15670.000000,1.000000,0.000000,117.054771,-1.500000,-0.166174,-3.000000,-1.898772,0.000000,0.031025,0.000000,0.140701,1.000000
15680.000000,1.000000,0.000000,117.326668,-1.500000,-0.166296,-3.000000,-1.898894,0.000000,0.014989,0.000000,0.130144,1.000000
15690.000000,1.000000,0.000000,117.646233,-1.500000,-0.166615,-3.000000,-1.898942,0.000000,-0.032788,0.000000,0.109997,1.000000
15700.000000,1.000000,0.000000,118.012848,-1.500000,-0.166982,-3.000000,-1.899292,0.000000,0.006382,0.000000,0.067503,1.000000
15710.000000,1.000000,0.000000,118.363205,-1.500000,-0.167514,-3.000000,-1.899387,0.000000,-0.007983,0.000000,0.097670,1.000000
15720.000000,1.000000,0.000000,118.349358,-1.500000,-0.167662,-3.000000,-1.899250,0.000000,0.024697,0.000000,0.107739,1.000000
15730.000000,1.000000,0.000000,118.191628,-1.500000,-0.167880,-3.000000,-1.898795,0.000000,-0.016409,0.000000,0.111309,1.000000
15740.000000,1.000000,0.000000,118.398323,-1.500000,-0.168041,-3.000000,-1.898629,0.000000,-0.010518,0.000000,0.090931,1.000000
15750.000000,1.000000,0.000000,118.568314,-1.500000,-0.167738,-3.000000,-1.898604,0.000000,0.031606,0.000000,0.089203,1.000000
15760.000000,1.000000,0.000000,118.366997,-1.500000,-0.167523,-3.000000,-1.898712,0.000000,-0.036238,0.000000,0.113955,1.000000
15770.000000,1.000000,0.000000,118.100006,-1.500000,-0.167262,-3.000000,-1.899044,0.000000,0.006129,0.000000,0.063639,1.000000
15780.000000,1.000000,0.000000,117.879822,-1.500000,-0.166953,-3.000000,-1.899012,0.000000,0.011712,0.000000,0.116292,1.000000
15790.000000,1.000000,0.000000,117.795784,-1.500000,-0.166890,-3.000000,-1.898833,0.000000,-0.037060,0.000000,0.109022,1.000000
15800.000000,1.000000,0.000000,117.677025,-1.500000,-0.166876,-3.000000,-1.898802,0.000000,0.003573,0.000000,0.097142,1.000000
15810.000000,1.000000,0.000000,117.882050,-1.500000,-0.166742,-3.000000,-1.898952,0.000000,0.016112,0.000000,0.105993,1.000000
15820.000000,1.000000,0.000000,118.098801,-1.500000,-0.166630,-3.000000,-1.899271,0.000000,0.001032,0.000000,0.086824,1.000000
15830.000000,1.000000,0.000000,118.072098,-1.500000,-0.166699,-3.000000,-1.899316,0.000000,-0.023277,0.000000,0.132429,1.000000
15840.000000,1.000000,0.000000,118.049782,-1.500000,-0.166811,-3.000000,-1.899363,0.000000,-0.009902,0.000000,0.094629,1.000000
15850.000000,1.000000,0.000000,117.980476,-1.500000,-0.166688,-3.000000,-1.899510,0.000000,0.014696,0.000000,0.100917,1.000000
15860.000000,1.000000,0.000000,117.826500,-1.500000,-0.166293,-3.000000,-1.899463,0.000000,0.003837,0.000000,0.114767,1.000000
15870.000000,1.000000,0.000000,117.540901,-1.500000,-0.166109,-3.000000,-1.899875,0.000000,0.020603,0.000000,0.070173,1.000000
15880.000000,1.000000,0.000000,117.412445,-1.500000,-0.165752,-3.000000,-1.899921,0.000000,0.028245,0.000000,0.114529,1.000000
15890.000000,1.000000,0.000000,117.200745,-1.500000,-0.166034,-3.000000,-1.899732,0.000000,-0.036503,0.000000,0.144095,1.000000
15900.000000,1.000000,0.000000,116.932755,-1.500000,-0.166100,-3.000000,-1.899433,0.000000,0.022209,0.000000,0.119194,1.000000
15910.000000,1.000000,0.000000,116.905922,-1.500000,-0.165935,-3.000000,-1.899712,0.000000,-0.007557,0.000000,0.072545,1.000000
15920.000000,1.000000,0.000000,116.896698,-1.500000,-0.166230,-3.000000,-1.900024,0.000000,-0.011279,0.000000,0.105180,1.000000
15930.000000,1.000000,0.000000,116.887634,-1.500000,-0.166403,-3.000000,-1.900057,0.000000,0.016601,0.000000,0.071181,1.000000
15940.000000,1.000000,0.000000,116.831772,-1.500000,-0.166419,-3.000000,-1.899690,0.000000,-0.017769,0.000000,0.148677,1.000000
15950.000000,1.000000,0.000000,116.626602,-1.500000,-0.166446,-3.000000,-1.899738,0.000000,0.010181,0.000000,0.074205,1.000000
15960.000000,1.000000,0.000000,116.863792,-1.500000,-0.166352,-3.000000,-1.900204,0.000000,-0.001336,0.000000,0.084853,1.000000
15970.000000,1.000000,0.000000,117.162537,-1.500000,-0.166773,-3.000000,-1.900321,0.000000,-0.035888,0.000000,0.111357,1.000000
15980.000000,1.000000,0.000000,117.305473,-1.500000,-0.167090,-3.000000,-1.900781,0.000000,0.005607,0.000000,0.093839,1.000000
15990.000000,1.000000,0.000000,117.478287,-1.500000,-0.167443,-3.000000,-1.901102,0.000000,0.002698,0.000000,0.075817,1.000000
16000.000000,1.000000,0.000000,117.465706,-1.500000,-0.167453,-3.000000,-1.901604,0.000000,0.042855,0.000000,0.111716,1.000000
16010.000000,1.000000,0.000000,117.208282,-1.500000,-0.167467,-3.000000,-1.901567,0.000000,0.004870,0.000000,0.127854,1.000000
16020.000000,1.000000,0.000000,117.148354,-1.500000,-0.167505,-3.000000,-1.901940,0.000000,-0.021420,0.000000,0.078299,1.000000
16030.000000,1.000000,0.000000,116.999084,-1.500000,-0.167483,-3.000000,-1.902190,0.000000,0.000200,0.000000,0.099319,1.000000
16040.000000,1.000000,0.000000,116.926720,-1.500000,-0.167372,-3.000000,-1.901965,0.000000,-0.010040,0.000000,0.120236,1.000000
16050.000000,1.000000,0.000000,116.916710,-1.500000,-0.167359,-3.000000,-1.902170,0.000000,-0.015704,0.000000,0.103130,1.000000
16060.000000,1.000000,0.000000,116.907852,-1.500000,-0.167587,-3.000000,-1.902214,0.000000,-0.023781,0.000000,0.093976,1.000000
16070.000000,1.000000,0.000000,116.741615,-1.500000,-0.167941,-3.000000,-1.902098,0.000000,0.001994,0.000000,0.103757,1.000000
16080.000000,1.000000,0.000000,116.863411,-1.500000,-0.167887,-3.000000,-1.902168,0.000000,-0.023472,0.000000,0.103911,1.000000
16090.000000,1.000000,0.000000,116.963959,-1.500000,-0.168395,-3.000000,-1.902294,0.000000,-0.026542,0.000000,0.096287,1.000000
16100.000000,1.000000,0.000000,117.150414,-1.500000,-0.168522,-3.000000,-1.902069,0.000000,0.012898,0.000000,0.126613,1.000000
16110.000000,1.000000,0.000000,117.303871,-1.500000,-0.168821,-3.000000,-1.901722,0.000000,-0.025283,0.000000,0.111749,1.000000
16120.000000,1.000000,0.000000,117.578934,-1.500000,-0.168886,-3.000000,-1.901447,0.000000,0.016714,0.000000,0.122157,1.000000
16130.000000,1.000000,0.000000,117.712440,-1.500000,-0.168916,-3.000000,-1.901291,0.000000,0.027566,0.000000,0.090096,1.000000
16140.000000,1.000000,0.000000,117.870850,-1.500000,-0.168976,-3.000000,-1.901145,0.000000,0.019218,0.000000,0.111025,1.000000
16150.000000,1.000000,0.000000,117.635521,-1.500000,-0.168935,-3.000000,-1.900863,0.000000,0.022081,0.000000,0.118746,1.000000
16160.000000,1.000000,0.000000,117.493462,-1.500000,-0.168952,-3.000000,-1.900855,0.000000,0.040554,0.000000,0.069287,1.000000
16170.000000,1.000000,0.000000,117.377937,-1.500000,-0.168951,-3.000000,-1.900841,0.000000,-0.011080,0.000000,0.097111,1.000000
16180.000000,1.000000,0.000000,117.184631,-1.500000,-0.169067,-3.000000,-1.900843,0.000000,0.007004,0.000000,0.087249,1.000000
16190.000000,1.000000,0.000000,117.129974,-1.500000,-0.169024,-3.000000,-1.900806,0.000000,-0.009958,0.000000,0.123262,1.000000
16200.000000,1.000000,0.000000,117.231087,-1.500000,-0.168979,-3.000000,-1.900664,0.000000,-0.011374,0.000000,0.106356,1.000000
16210.000000,1.000000,0.000000,117.518097,-1.500000,-0.169076,-3.000000,-1.901061,0.000000,0.007447,0.000000,0.070188,1.000000
16220.000000,1.000000,0.000000,117.600746,-1.500000,-0.168744,-3.000000,-1.901557,0.000000,0.023623,0.000000,0.059205,1.000000
16230.000000,1.000000,0.000000,117.721512,-1.500000,-0.168865,-3.000000,-1.901574,0.000000,-0.018880,0.000000,0.078623,1.000000
16240.000000,1.000000,0.000000,117.671494,-1.500000,-0.169043,-3.000000,-1.901350,0.000000,-0.015419,0.000000,0.087932,1.000000
16250.000000,1.000000,0.000000,117.634750,-1.500000,-0.169226,-3.000000,-1.901265,0.000000,0.007213,0.000000,0.122074,1.000000
16260.000000,1.000000,0.000000,117.604385,-1.500000,-0.169421,-3.000000,-1.901384,0.000000,-0.005554,0.000000,0.082767,1.000000
16270.000000,1.000000,0.000000,117.674698,-1.500000,-0.169720,-3.000000,-1.901371,0.000000,-0.029723,0.000000,0.106905,1.000000
16280.000000,1.000000,0.000000,117.929527,-1.500000,-0.169893,-3.000000,-1.901177,0.000000,0.025394,0.000000,0.115204,1.000000
16290.000000,1.000000,0.000000,117.991035,-1.500000,-0.169911,-3.000000,-1.901408,0.000000,-0.004764,0.000000,0.091298,1.000000
16300.000000,1.000000,0.000000,117.930756,-1.500000,-0.170369,-3.000000,-1.901090,0.000000,-0.073460,0.000000,0.108090,1.000000
16310.000000,1.000000,0.000000,117.886787,-1.500000,-0.170567,-3.000000,-1.900856,0.000000,-0.010365,0.000000,0.117245,1.000000
16320.000000,1.000000,0.000000,117.949730,-1.500000,-0.170748,-3.000000,-1.900640,0.000000,-0.004135,0.000000,0.110093,1.000000
16330.000000,1.000000,0.000000,117.906990,-1.500000,-0.170959,-3.000000,-1.900419,0.000000,-0.015555,0.000000,0.094289,1.000000
16340.000000,1.000000,0.000000,118.021011,-1.500000,-0.170739,-3.000000,-1.900213,0.000000,0.042307,0.000000,0.115790,1.000000
16350.000000,1.000000,0.000000,118.064224,-1.500000,-0.170763,-3.000000,-1.900237,0.000000,-0.020054,0.000000,0.103198,1.000000
16360.000000,1.000000,0.000000,118.146332,-1.500000,-0.170528,-3.000000,-1.900424,0.000000,0.019088,0.000000,0.125410,1.000000
16370.000000,1.000000,0.000000,118.112900,-1.500000,-0.170307,-3.000000,-1.900568,0.000000,0.018390,0.000000,0.103369,1.000000
16380.000000,1.000000,0.000000,118.036385,-1.500000,-0.169953,-3.000000,-1.900476,0.000000,-0.003937,0.000000,0.089645,1.000000
16390.000000,1.000000,0.000000,117.826950,-1.500000,-0.170067,-3.000000,-1.900610,0.000000,0.010033,0.000000,0.072548,1.000000
16400.000000,1.000000,0.000000,117.751862,-1.500000,-0.169874,-3.000000,-1.900325,0.000000,0.033898,0.000000,0.117579,1.000000
16410.000000,1.000000,0.000000,117.640602,-1.500000,-0.169530,-3.000000,-1.900278,0.000000,0.014218,0.000000,0.102024,1.000000
16420.000000,1.000000,0.000000,117.705635,-1.500000,-0.169611,-3.000000,-1.900146,0.000000,-0.010624,0.000000,0.097975,1.000000
16430.000000,1.000000,0.000000,117.554466,-1.500000,-0.169487,-3.000000,-1.900299,0.000000,0.000554,0.000000,0.105043,1.000000
16440.000000,1.000000,0.000000,117.479080,-1.500000,-0.169085,-3.000000,-1.900550,0.000000,0.009803,0.000000,0.092851,1.000000
16450.000000,1.000000,0.000000,117.418434,-1.500000,-0.168818,-3.000000,-1.900697,0.000000,-0.009757,0.000000,0.090113,1.000000
16460.000000,1.000000,0.000000,117.617760,-1.500000,-0.168982,-3.000000,-1.900570,0.000000,-0.029074,0.000000,0.107974,1.000000
16470.000000,1.000000,0.000000,117.732979,-1.500000,-0.168998,-3.000000,-1.900405,0.000000,-0.009402,0.000000,0.080998,1.000000
16480.000000,1.000000,0.000000,117.673096,-1.500000,-0.169005,-3.000000,-1.900372,0.000000,-0.005350,0.000000,0.097539,1.000000
16490.000000,1.000000,0.000000,117.473190,-1.500000,-0.168611,-3.000000,-1.900075,0.000000,0.031261,0.000000,0.138385,1.000000
16500.000000,1.000000,0.000000,117.208405,-1.500000,-0.168276,-3.000000,-1.899976,0.000000,0.019276,0.000000,0.056713,1.000000
16510.000000,1.000000,0.000000,117.099030,-1.500000,-0.168048,-3.000000,-1.899962,0.000000,0.005883,0.000000,0.115003,1.000000
16520.000000,1.000000,0.000000,117.009521,-1.500000,-0.167911,-3.000000,-1.900061,0.000000,0.031347,0.000000,0.122232,1.000000
16530.000000,1.000000,0.000000,116.980011,-1.500000,-0.167791,-3.000000,-1.899999,0.000000,-0.021987,0.000000,0.102031,1.000000
16540.000000,1.000000,0.000000,116.906685,-1.500000,-0.167738,-3.000000,-1.900035,0.000000,0.028439,0.000000,0.137237,1.000000
16550.000000,1.000000,0.000000,116.841057,-1.500000,-0.167623,-3.000000,-1.899948,0.000000,-0.003662,0.000000,0.083242,1.000000
16560.000000,1.000000,0.000000,116.945534,-1.500000,-0.167609,-3.000000,-1.900238,0.000000,0.007008,0.000000,0.085013,1.000000
16570.000000,1.000000,0.000000,116.981407,-1.500000,-0.167765,-3.000000,-1.900324,0.000000,0.000966,0.000000,0.086108,1.000000
16580.000000,1.000000,0.000000,117.113899,-1.500000,-0.167769,-3.000000,-1.900721,0.000000,0.029382,0.000000,0.067753,1.000000
16590.000000,1.000000,0.000000,117.222572,-1.500000,-0.167829,-3.000000,-1.901118,0.000000,0.011366,0.000000,0.110844,1.000000
16600.000000,1.000000,0.000000,117.462761,-1.500000,-0.168132,-3.000000,-1.901209,0.000000,-0.000566,0.000000,0.097941,1.000000
16610.000000,1.000000,0.000000,117.656960,-1.500000,-0.168369,-3.000000,-1.901274,0.000000,0.001144,0.000000,0.108116,1.000000
16620.000000,1.000000,0.000000,117.570061,-1.500000,-0.168268,-3.000000,-1.901120,0.000000,0.008795,0.000000,0.107164,1.000000
16630.000000,1.000000,0.000000,117.435753,-1.500000,-0.167825,-3.000000,-1.901001,0.000000,0.040537,0.000000,0.104762,1.000000
16640.000000,1.000000,0.000000,117.372299,-1.500000,-0.167521,-3.000000,-1.900981,0.000000,0.003796,0.000000,0.112255,1.000000
16650.000000,1.000000,0.000000,117.320129,-1.500000,-0.167324,-3.000000,-1.900913,0.000000,0.008456,0.000000,0.134591,1.000000
16660.000000,1.000000,0.000000,117.236427,-1.500000,-0.167319,-3.000000,-1.900952,0.000000,0.007422,0.000000,0.095554,1.000000
16670.000000,1.000000,0.000000,117.318901,-1.500000,-0.167608,-3.000000,-1.900884,0.000000,-0.040757,0.000000,0.090360,1.000000
16680.000000,1.000000,0.000000,117.433205,-1.500000,-0.167855,-3.000000,-1.900966,0.000000,0.011674,0.000000,0.092982,1.000000
16690.000000,1.000000,0.000000,117.378113,-1.500000,-0.168070,-3.000000,-1.901077,0.000000,-0.006638,0.000000,0.092232,1.000000
16700.000000,1.000000,0.000000,117.529175,-1.500000,-0.167869,-3.000000,-1.901112,0.000000,0.023596,0.000000,0.096782,1.000000
16710.000000,1.000000,0.000000,117.303490,-1.500000,-0.167488,-3.000000,-1.901282,0.000000,0.008378,0.000000,0.087638,1.000000
16720.000000,1.000000,0.000000,117.324440,-1.500000,-0.167107,-3.000000,-1.901180,0.000000,0.003890,0.000000,0.107323,1.000000
16730.000000,1.000000,0.000000,117.190651,-1.500000,-0.166894,-3.000000,-1.901229,0.000000,0.011488,0.000000,0.125503,1.000000
16740.000000,1.000000,0.000000,117.129250,-1.500000,-0.166927,-3.000000,-1.901129,0.000000,-0.002877,0.000000,0.086459,1.000000
16750.000000,1.000000,0.000000,117.076500,-1.500000,-0.166756,-3.000000,-1.901364,0.000000,0.027770,0.000000,0.105686,1.000000
16760.000000,1.000000,0.000000,116.983620,-1.500000,-0.166678,-3.000000,-1.901421,0.000000,0.008633,0.000000,0.104094,1.000000
16770.000000,1.000000,0.000000,117.161827,-1.500000,-0.166988,-3.000000,-1.901161,0.000000,-0.051917,0.000000,0.147672,1.000000
16780.000000,1.000000,0.000000,117.454796,-1.500000,-0.167333,-3.000000,-1.901351,0.000000,-0.021215,0.000000,0.041729,1.000000
16790.000000,1.000000,0.000000,117.546913,-1.500000,-0.167535,-3.000000,-1.901651,0.000000,-0.001892,0.000000,0.073182,1.000000
16800.000000,1.000000,0.000000,117.327675,-1.500000,-0.167624,-3.000000,-1.901598,0.000000,-0.005923,0.000000,0.103826,1.000000
16810.000000,1.000000,0.000000,117.098656,-1.500000,-0.168013,-3.000000,-1.901492,0.000000,0.010466,0.000000,0.114350,1.000000
16820.000000,1.000000,0.000000,116.958740,-1.500000,-0.167720,-3.000000,-1.901539,0.000000,0.017514,0.000000,0.061935,1.000000
16830.000000,1.000000,0.000000,117.086609,-1.500000,-0.168016,-3.000000,-1.901710,0.000000,-0.016283,0.000000,0.099736,1.000000
16840.000000,1.000000,0.000000,117.288910,-1.500000,-0.168208,-3.000000,-1.901662,0.000000,0.008159,0.000000,0.107062,1.000000
16850.000000,1.000000,0.000000,117.262383,-1.500000,-0.168579,-3.000000,-1.901592,0.000000,-0.022687,0.000000,0.112218,1.000000
16860.000000,1.000000,0.000000,117.145126,-1.500000,-0.168825,-3.000000,-1.901465,0.000000,0.009128,0.000000,0.089693,1.000000
16870.000000,1.000000,0.000000,117.097176,-1.500000,-0.168517,-3.000000,-1.901484,0.000000,0.007448,0.000000,0.086188,1.000000
16880.000000,1.000000,0.000000,117.259224,-1.500000,-0.168629,-3.000000,-1.901421,0.000000,0.002857,0.000000,0.075529,1.000000
16890.000000,1.000000,0.000000,117.391052,-1.500000,-0.168894,-3.000000,-1.901866,0.000000,-0.018903,0.000000,0.072737,1.000000
16900.000000,1.000000,0.000000,117.449768,-1.500000,-0.168985,-3.000000,-1.901711,0.000000,0.004760,0.000000,0.124332,1.000000
16910.000000,1.000000,0.000000,117.344749,-1.500000,-0.169547,-3.000000,-1.901234,0.000000,-0.023439,0.000000,0.153535,1.000000
16920.000000,1.000000,0.000000,117.307793,-1.500000,-0.169776,-3.000000,-1.901173,0.000000,-0.003035,0.000000,0.081997,1.000000
16930.000000,1.000000,0.000000,117.279762,-1.500000,-0.169736,-3.000000,-1.901105,0.000000,0.009312,0.000000,0.121235,1.000000
16940.000000,1.000000,0.000000,117.352753,-1.500000,-0.169954,-3.000000,-1.900642,0.000000,-0.006079,0.000000,0.130876,1.000000
16950.000000,1.000000,0.000000,117.318001,-1.500000,-0.170012,-3.000000,-1.900609,0.000000,0.000242,0.000000,0.090603,1.000000
16960.000000,1.000000,0.000000,117.382339,-1.500000,-0.169960,-3.000000,-1.900609,0.000000,0.017336,0.000000,0.108717,1.000000
16970.000000,1.000000,0.000000,117.488075,-1.500000,-0.170012,-3.000000,-1.900516,0.000000,-0.008580,0.000000,0.131613,1.000000
16980.000000,1.000000,0.000000,117.473785,-1.500000,-0.169815,-3.000000,-1.900429,0.000000,0.013361,0.000000,0.090516,1.000000
16990.000000,1.000000,0.000000,117.564438,-1.500000,-0.169691,-3.000000,-1.900378,0.000000,-0.015487,0.000000,0.144041,1.000000
17000.000000,1.000000,0.000000,117.443359,-1.500000,-0.169738,-3.000000,-1.900008,0.000000,-0.010436,0.000000,0.091051,1.000000
17010.000000,1.000000,0.000000,117.395370,-1.500000,-0.169592,-3.000000,-1.899985,0.000000,0.004012,0.000000,0.104525,1.000000
17020.000000,1.000000,0.000000,117.353630,-1.500000,-0.169386,-3.000000,-1.899531,0.000000,-0.011891,0.000000,0.132660,1.000000
17030.000000,1.000000,0.000000,117.517189,-1.500000,-0.169295,-3.000000,-1.899218,0.000000,0.041661,0.000000,0.092638,1.000000
17040.000000,1.000000,0.000000,117.450485,-1.500000,-0.168954,-3.000000,-1.899022,0.000000,-0.012370,0.000000,0.099199,1.000000
17050.000000,1.000000,0.000000,117.661766,-1.500000,-0.169203,-3.000000,-1.899000,0.000000,-0.002697,0.000000,0.073888,1.000000
17060.000000,1.000000,0.000000,117.571716,-1.500000,-0.169328,-3.000000,-1.898962,0.000000,0.024268,0.000000,0.095780,1.000000
17070.000000,1.000000,0.000000,117.548042,-1.500000,-0.169421,-3.000000,-1.899155,0.000000,-0.004302,0.000000,0.083099,1.000000
17080.000000,1.000000,0.000000,117.422646,-1.500000,-0.169324,-3.000000,-1.899051,0.000000,0.008403,0.000000,0.123843,1.000000
17090.000000,1.000000,0.000000,117.278923,-1.500000,-0.168822,-3.000000,-1.899003,0.000000,0.044813,0.000000,0.118066,1.000000
17100.000000,1.000000,0.000000,117.158813,-1.500000,-0.168485,-3.000000,-1.898942,0.000000,0.017805,0.000000,0.091739,1.000000
17110.000000,1.000000,0.000000,117.157455,-1.500000,-0.168257,-3.000000,-1.898871,0.000000,0.013327,0.000000,0.126997,1.000000
17120.000000,1.000000,0.000000,117.249687,-1.500000,-0.168111,-3.000000,-1.898757,0.000000,0.031201,0.000000,0.095965,1.000000
17130.000000,1.000000,0.000000,117.233818,-1.500000,-0.168364,-3.000000,-1.899027,0.000000,-0.004113,0.000000,0.079210,1.000000
17140.000000,1.000000,0.000000,117.264427,-1.500000,-0.168176,-3.000000,-1.898993,0.000000,0.019853,0.000000,0.132334,1.000000
17150.000000,1.000000,0.000000,117.388748,-1.500000,-0.168295,-3.000000,-1.899040,0.000000,-0.016179,0.000000,0.110328,1.000000
17160.000000,1.000000,0.000000,117.692467,-1.500000,-0.168458,-3.000000,-1.898983,0.000000,0.005870,0.000000,0.127668,1.000000
17170.000000,1.000000,0.000000,117.992714,-1.500000,-0.168711,-3.000000,-1.899108,0.000000,0.003255,0.000000,0.112592,1.000000
17180.000000,1.000000,0.000000,118.085388,-1.500000,-0.168563,-3.000000,-1.899094,0.000000,-0.000054,0.000000,0.104164,1.000000
17190.000000,1.000000,0.000000,118.207657,-1.500000,-0.168716,-3.000000,-1.899142,0.000000,-0.029464,0.000000,0.104562,1.000000
17200.000000,1.000000,0.000000,118.414230,-1.500000,-0.168743,-3.000000,-1.899234,0.000000,-0.023005,0.000000,0.091093,1.000000
17210.000000,1.000000,0.000000,118.535736,-1.500000,-0.168547,-3.000000,-1.898934,0.000000,0.008394,0.000000,0.109559,1.000000
17220.000000,1.000000,0.000000,118.383148,-1.500000,-0.168586,-3.000000,-1.898644,0.000000,-0.007052,0.000000,0.129682,1.000000
17230.000000,1.000000,0.000000,118.404221,-1.500000,-0.168808,-3.000000,-1.898683,0.000000,-0.021797,0.000000,0.071457,1.000000
17240.000000,1.000000,0.000000,118.476433,-1.500000,-0.168769,-3.000000,-1.898342,0.000000,0.001289,0.000000,0.139586,1.000000
17250.000000,1.000000,0.000000,118.390396,-1.500000,-0.168700,-3.000000,-1.898200,0.000000,0.014430,0.000000,0.082455,1.000000
17260.000000,1.000000,0.000000,118.105164,-1.500000,-0.168670,-3.000000,-1.898406,0.000000,0.008906,0.000000,0.106882,1.000000
17270.000000,1.000000,0.000000,117.716141,-1.500000,-0.168641,-3.000000,-1.898367,0.000000,-0.008414,0.000000,0.132585,1.000000
17280.000000,1.000000,0.000000,117.512436,-1.500000,-0.168936,-3.000000,-1.898757,0.000000,0.007273,0.000000,0.060067,1.000000
17290.000000,1.000000,0.000000,117.396019,-1.500000,-0.169097,-3.000000,-1.898929,0.000000,-0.013862,0.000000,0.123806,1.000000
17300.000000,1.000000,0.000000,117.300148,-1.500000,-0.169291,-3.000000,-1.898507,0.000000,-0.000803,0.000000,0.119923,1.000000
17310.000000,1.000000,0.000000,117.321579,-1.500000,-0.169451,-3.000000,-1.898069,0.000000,0.008652,0.000000,0.148156,1.000000
17320.000000,1.000000,0.000000,117.284279,-1.500000,-0.169495,-3.000000,-1.897949,0.000000,0.004779,0.000000,0.094206,1.000000
17330.000000,1.000000,0.000000,117.201920,-1.500000,-0.169546,-3.000000,-1.898043,0.000000,-0.002472,0.000000,0.127932,1.000000
17340.000000,1.000000,0.000000,117.077644,-1.500000,-0.169338,-3.000000,-1.898251,0.000000,0.051451,0.000000,0.139154,1.000000
17350.000000,1.000000,0.000000,116.983917,-1.500000,-0.168796,-3.000000,-1.898065,0.000000,0.028298,0.000000,0.130834,1.000000
17360.000000,1.000000,0.000000,117.300026,-1.500000,-0.168663,-3.000000,-1.897688,0.000000,-0.010900,0.000000,0.110428,1.000000
17370.000000,1.000000,0.000000,117.470573,-1.500000,-0.168645,-3.000000,-1.897498,0.000000,0.016194,0.000000,0.087177,1.000000
17380.000000,1.000000,0.000000,117.804596,-1.500000,-0.168709,-3.000000,-1.897591,0.000000,-0.000037,0.000000,0.101784,1.000000
17390.000000,1.000000,0.000000,117.883965,-1.500000,-0.168653,-3.000000,-1.897890,0.000000,0.040514,0.000000,0.082902,1.000000
17400.000000,1.000000,0.000000,117.796936,-1.500000,-0.168674,-3.000000,-1.898108,0.000000,-0.003987,0.000000,0.126604,1.000000
17410.000000,1.000000,0.000000,117.675598,-1.500000,-0.168719,-3.000000,-1.897953,0.000000,-0.032244,0.000000,0.140788,1.000000
17420.000000,1.000000,0.000000,117.477104,-1.500000,-0.168734,-3.000000,-1.897893,0.000000,0.028863,0.000000,0.126296,1.000000
17430.000000,1.000000,0.000000,117.415260,-1.500000,-0.168817,-3.000000,-1.897983,0.000000,-0.012230,0.000000,0.092464,1.000000
17440.000000,1.000000,0.000000,117.313538,-1.500000,-0.168820,-3.000000,-1.897914,0.000000,0.003283,0.000000,0.120314,1.000000
17450.000000,1.000000,0.000000,117.126671,-1.500000,-0.168899,-3.000000,-1.897731,0.000000,0.002003,0.000000,0.111084,1.000000
17460.000000,1.000000,0.000000,116.873795,-1.500000,-0.169040,-3.000000,-1.897749,0.000000,-0.020250,0.000000,0.079793,1.000000
17470.000000,1.000000,0.000000,116.768578,-1.500000,-0.169160,-3.000000,-1.897500,0.000000,0.004155,0.000000,0.102159,1.000000
17480.000000,1.000000,0.000000,116.733528,-1.500000,-0.169183,-3.000000,-1.897616,0.000000,0.014874,0.000000,0.067266,1.000000
17490.000000,1.000000,0.000000,116.907051,-1.500000,-0.169440,-3.000000,-1.897502,0.000000,-0.015953,0.000000,0.122541,1.000000
17500.000000,1.000000,0.000000,117.102203,-1.500000,-0.169631,-3.000000,-1.897700,0.000000,-0.007536,0.000000,0.077361,1.000000
17510.000000,1.000000,0.000000,117.157967,-1.500000,-0.169528,-3.000000,-1.897653,0.000000,0.025612,0.000000,0.133195,1.000000
17520.000000,1.000000,0.000000,117.203529,-1.500000,-0.169641,-3.000000,-1.897594,0.000000,0.012618,0.000000,0.126190,1.000000
17530.000000,1.000000,0.000000,117.494087,-1.500000,-0.169986,-3.000000,-1.897721,0.000000,-0.048985,0.000000,0.099959,1.000000
17540.000000,1.000000,0.000000,117.727730,-1.500000,-0.170632,-3.000000,-1.897536,0.000000,-0.018971,0.000000,0.102302,1.000000
17550.000000,1.000000,0.000000,117.966942,-1.500000,-0.170803,-3.000000,-1.897482,0.000000,0.015721,0.000000,0.103166,1.000000
17560.000000,1.000000,0.000000,118.163383,-1.500000,-0.170718,-3.000000,-1.897650,0.000000,-0.028018,0.000000,0.057080,1.000000
17570.000000,1.000000,0.000000,118.423553,-1.500000,-0.170824,-3.000000,-1.897591,0.000000,-0.008712,0.000000,0.094193,1.000000
17580.000000,1.000000,0.000000,118.292847,-1.500000,-0.170895,-3.000000,-1.897841,0.000000,-0.017532,0.000000,0.067439,1.000000
17590.000000,1.000000,0.000000,118.086853,-1.500000,-0.170625,-3.000000,-1.898111,0.000000,0.023369,0.000000,0.112919,1.000000
17600.000000,1.000000,0.000000,117.867790,-1.500000,-0.170641,-3.000000,-1.898168,0.000000,-0.032212,0.000000,0.096740,1.000000
17610.000000,1.000000,0.000000,117.879387,-1.500000,-0.170776,-3.000000,-1.898542,0.000000,0.008664,0.000000,0.096395,1.000000
17620.000000,1.000000,0.000000,117.892845,-1.500000,-0.170663,-3.000000,-1.898741,0.000000,0.045781,0.000000,0.059801,1.000000
17630.000000,1.000000,0.000000,117.955963,-1.500000,-0.170635,-3.000000,-1.899238,0.000000,0.012724,0.000000,0.084655,1.000000
17640.000000,1.000000,0.000000,118.104332,-1.500000,-0.170687,-3.000000,-1.899478,0.000000,-0.006514,0.000000,0.094450,1.000000
17650.000000,1.000000,0.000000,118.278152,-1.500000,-0.170546,-3.000000,-1.899402,0.000000,-0.004724,0.000000,0.105452,1.000000
17660.000000,1.000000,0.000000,117.868492,-1.500000,-0.170081,-3.000000,-1.899348,0.000000,-0.005199,0.000000,0.122967,1.000000
17670.000000,1.000000,0.000000,117.786423,-1.500000,-0.169491,-3.000000,-1.899115,0.000000,0.025925,0.000000,0.126464,1.000000
17680.000000,1.000000,0.000000,117.563324,-1.500000,-0.169065,-3.000000,-1.899427,0.000000,0.029984,0.000000,0.061751,1.000000
17690.000000,1.000000,0.000000,117.526466,-1.500000,-0.169119,-3.000000,-1.899563,0.000000,-0.001580,0.000000,0.121837,1.000000
17700.000000,1.000000,0.000000,117.446068,-1.500000,-0.169387,-3.000000,-1.899744,0.000000,0.011889,0.000000,0.076729,1.000000
17710.000000,1.000000,0.000000,117.530457,-1.500000,-0.169834,-3.000000,-1.899681,0.000000,-0.008999,0.000000,0.129563,1.000000
17720.000000,1.000000,0.000000,117.459030,-1.500000,-0.169640,-3.000000,-1.899400,0.000000,0.021124,0.000000,0.126062,1.000000
17730.000000,1.000000,0.000000,117.148720,-1.500000,-0.169284,-3.000000,-1.899643,0.000000,0.007475,0.000000,0.093514,1.000000
17740.000000,1.000000,0.000000,117.344772,-1.500000,-0.169204,-3.000000,-1.899501,0.000000,-0.001156,0.000000,0.136693,1.000000
17750.000000,1.000000,0.000000,117.451050,-1.500000,-0.169442,-3.000000,-1.899701,0.000000,-0.033777,0.000000,0.119228,1.000000
17760.000000,1.000000,0.000000,117.796219,-1.500000,-0.169796,-3.000000,-1.899775,0.000000,0.001932,0.000000,0.105054,1.000000
17770.000000,1.000000,0.000000,117.664909,-1.500000,-0.169784,-3.000000,-1.900152,0.000000,0.003511,0.000000,0.091177,1.000000
17780.000000,1.000000,0.000000,117.666420,-1.500000,-0.169823,-3.000000,-1.900581,0.000000,0.030177,0.000000,0.101543,1.000000
17790.000000,1.000000,0.000000,117.462601,-1.500000,-0.169868,-3.000000,-1.900572,0.000000,0.010779,0.000000,0.102164,1.000000
17800.000000,1.000000,0.000000,117.391670,-1.500000,-0.169728,-3.000000,-1.900811,0.000000,0.046868,0.000000,0.101382,1.000000
17810.000000,1.000000,0.000000,117.238289,-1.500000,-0.169619,-3.000000,-1.900479,0.000000,0.026331,0.000000,0.110147,1.000000
17820.000000,1.000000,0.000000,117.266785,-1.500000,-0.169522,-3.000000,-1.900260,0.000000,0.003152,0.000000,0.121446,1.000000
17830.000000,1.000000,0.000000,117.344650,-1.500000,-0.169606,-3.000000,-1.900209,0.000000,-0.010629,0.000000,0.107128,1.000000
17840.000000,1.000000,0.000000,117.496132,-1.500000,-0.169547,-3.000000,-1.900467,0.000000,-0.016694,0.000000,0.079333,1.000000
17850.000000,1.000000,0.000000,117.574814,-1.500000,-0.169496,-3.000000,-1.900533,0.000000,-0.000079,0.000000,0.132349,1.000000
17860.000000,1.000000,0.000000,117.426849,-1.500000,-0.169596,-3.000000,-1.900479,0.000000,-0.018794,0.000000,0.097282,1.000000
17870.000000,1.000000,0.000000,117.374733,-1.500000,-0.169557,-3.000000,-1.900416,0.000000,0.016695,0.000000,0.117595,1.000000
17880.000000,1.000000,0.000000,117.382721,-1.500000,-0.169751,-3.000000,-1.900159,0.000000,-0.027509,0.000000,0.094622,1.000000
17890.000000,1.000000,0.000000,117.439156,-1.500000,-0.169864,-3.000000,-1.900175,0.000000,0.006003,0.000000,0.138359,1.000000
17900.000000,1.000000,0.000000,117.485634,-1.500000,-0.169762,-3.000000,-1.900073,0.000000,0.015911,0.000000,0.060038,1.000000
17910.000000,1.000000,0.000000,117.523247,-1.500000,-0.169360,-3.000000,-1.900210,0.000000,0.022559,0.000000,0.100499,1.000000
17920.000000,1.000000,0.000000,117.553383,-1.500000,-0.169170,-3.000000,-1.900312,0.000000,-0.003275,0.000000,0.097253,1.000000
17930.000000,1.000000,0.000000,117.683716,-1.500000,-0.169008,-3.000000,-1.900181,0.000000,0.001935,0.000000,0.132036,1.000000
17940.000000,1.000000,0.000000,117.739326,-1.500000,-0.168923,-3.000000,-1.900180,0.000000,-0.033407,0.000000,0.095811,1.000000
17950.000000,1.000000,0.000000,117.530823,-1.500000,-0.168928,-3.000000,-1.900540,0.000000,0.029517,0.000000,0.111648,1.000000
17960.000000,1.000000,0.000000,117.061707,-1.500000,-0.168633,-3.000000,-1.900613,0.000000,-0.016675,0.000000,0.139417,1.000000
17970.000000,1.000000,0.000000,116.872826,-1.500000,-0.168643,-3.000000,-1.900634,0.000000,0.010273,0.000000,0.062575,1.000000
17980.000000,1.000000,0.000000,116.872887,-1.500000,-0.168412,-3.000000,-1.900456,0.000000,0.023377,0.000000,0.123506,1.000000
17990.000000,1.000000,0.000000,117.183090,-1.500000,-0.168779,-3.000000,-1.900019,0.000000,-0.037684,0.000000,0.109221,1.000000
18000.000000,1.000000,0.000000,117.536507,-1.500000,-0.168947,-3.000000,-1.899866,0.000000,0.032766,0.000000,0.107366,1.000000
18009.000000,1.000000,0.000000,117.617317,-1.500000,-0.168887,-3.000000,-1.899961,0.000000,0.019647,0.000000,0.099700,1.000000
18020.000000,1.000000,0.000000,117.826218,-1.500000,-0.169166,-3.000000,-1.900125,0.000000,-0.028527,0.000000,0.105850,1.000000
18030.000000,1.000000,0.000000,117.755409,-1.500000,-0.169029,-3.000000,-1.900558,0.000000,0.011730,0.000000,0.094249,1.000000
18040.000000,1.000000,0.000000,117.702919,-1.500000,-0.168868,-3.000000,-1.900725,0.000000,0.007872,0.000000,0.104233,1.000000
18050.000000,1.000000,0.000000,117.755753,-1.500000,-0.168926,-3.000000,-1.900730,0.000000,0.011797,0.000000,0.106052,1.000000
18060.000000,1.000000,0.000000,117.599388,-1.500000,-0.168829,-3.000000,-1.900925,0.000000,-0.034293,0.000000,0.089266,1.000000
18070.000000,1.000000,0.000000,117.670357,-1.500000,-0.169019,-3.000000,-1.901022,0.000000,-0.006666,0.000000,0.107013,1.000000
18080.000000,1.000000,0.000000,117.576088,-1.500000,-0.168849,-3.000000,-1.900999,0.000000,0.011229,0.000000,0.140196,1.000000
18090.000000,1.000000,0.000000,117.446350,-1.500000,-0.168828,-3.000000,-1.900614,0.000000,0.026412,0.000000,0.120261,1.000000
18099.000000,1.000000,0.000000,117.340012,-1.500000,-0.168767,-3.000000,-1.900545,0.000000,0.003391,0.000000,0.118954,1.000000
18110.000000,1.000000,0.000000,117.300438,-1.500000,-0.168649,-3.000000,-1.900155,0.000000,0.005787,0.000000,0.110462,1.000000
18120.000000,1.000000,0.000000,117.371262,-1.500000,-0.168549,-3.000000,-1.899913,0.000000,-0.002908,0.000000,0.119260,1.000000
18129.000000,1.000000,0.000000,117.030708,-1.500000,-0.168001,-3.000000,-1.900052,0.000000,0.023960,0.000000,0.106386,1.000000
18139.000000,1.000000,0.000000,116.802597,-1.500000,-0.167833,-3.000000,-1.900765,0.000000,-0.034492,0.000000,0.069103,1.000000
18150.000000,1.000000,0.000000,116.760376,-1.500000,-0.167467,-3.000000,-1.901394,0.000000,0.037342,0.000000,0.065038,1.000000
18160.000000,1.000000,0.000000,117.028397,-1.500000,-0.167277,-3.000000,-1.901610,0.000000,-0.027909,0.000000,0.099098,1.000000
18169.000000,1.000000,0.000000,117.047508,-1.500000,-0.166958,-3.000000,-1.901713,0.000000,0.015283,0.000000,0.098098,1.000000
18179.000000,1.000000,0.000000,117.211685,-1.500000,-0.166634,-3.000000,-1.901993,0.000000,0.015939,0.000000,0.107558,1.000000
18190.000000,1.000000,0.000000,117.449249,-1.500000,-0.166502,-3.000000,-1.902151,0.000000,0.013472,0.000000,0.112052,1.000000
18199.000000,1.000000,0.000000,117.797028,-1.500000,-0.166832,-3.000000,-1.902019,0.000000,-0.036448,0.000000,0.098542,1.000000
18210.000000,1.000000,0.000000,118.085907,-1.500000,-0.167041,-3.000000,-1.902158,0.000000,0.012775,0.000000,0.079222,1.000000
18219.000000,1.000000,0.000000,117.868622,-1.500000,-0.167092,-3.000000,-1.901999,0.000000,0.000484,0.000000,0.120730,1.000000
18230.000000,1.000000,0.000000,117.594131,-1.500000,-0.167291,-3.000000,-1.901967,0.000000,-0.009470,0.000000,0.091192,1.000000
18240.000000,1.000000,0.000000,117.460381,-1.500000,-0.167547,-3.000000,-1.902031,0.000000,-0.005822,0.000000,0.095542,1.000000
18249.000000,1.000000,0.000000,117.602486,-1.500000,-0.167917,-3.000000,-1.901956,0.000000,-0.008506,0.000000,0.115160,1.000000
18260.000000,1.000000,0.000000,117.765572,-1.500000,-0.167375,-3.000000,-1.901904,0.000000,0.050786,0.000000,0.084259,1.000000
18270.000000,1.000000,0.000000,117.803467,-1.500000,-0.166881,-3.000000,-1.901820,0.000000,-0.010295,0.000000,0.095670,1.000000
18280.000000,1.000000,0.000000,117.773125,-1.500000,-0.166682,-3.000000,-1.901664,0.000000,-0.004802,0.000000,0.078605,1.000000
18289.000000,1.000000,0.000000,117.656532,-1.500000,-0.166564,-3.000000,-1.901772,0.000000,0.024692,0.000000,0.084626,1.000000
18299.000000,1.000000,0.000000,117.469589,-1.500000,-0.166237,-3.000000,-1.901546,0.000000,0.029098,0.000000,0.117514,1.000000
18309.000000,1.000000,0.000000,117.460464,-1.500000,-0.166389,-3.000000,-1.901142,0.000000,-0.034587,0.000000,0.107305,1.000000
18319.000000,1.000000,0.000000,117.253944,-1.500000,-0.166607,-3.000000,-1.900725,0.000000,0.007330,0.000000,0.118955,1.000000
18330.000000,1.000000,0.000000,117.184013,-1.500000,-0.166476,-3.000000,-1.900315,0.000000,0.027087,0.000000,0.110095,1.000000
18340.000000,1.000000,0.000000,117.125618,-1.500000,-0.166405,-3.000000,-1.899962,0.000000,0.021521,0.000000,0.107305,1.000000
18350.000000,1.000000,0.000000,116.975372,-1.500000,-0.166277,-3.000000,-1.900206,0.000000,0.006563,0.000000,0.085381,1.000000
18360.000000,1.000000,0.000000,116.850594,-1.500000,-0.166229,-3.000000,-1.900303,0.000000,0.004001,0.000000,0.103005,1.000000
18370.000000,1.000000,0.000000,116.953766,-1.500000,-0.166129,-3.000000,-1.900384,0.000000,-0.011607,0.000000,0.106448,1.000000
18379.000000,1.000000,0.000000,117.090157,-1.500000,-0.166229,-3.000000,-1.900579,0.000000,-0.012919,0.000000,0.064739,1.000000
18390.000000,1.000000,0.000000,117.250893,-1.500000,-0.165928,-3.000000,-1.901165,0.000000,0.031780,0.000000,0.091574,1.000000
18399.000000,1.000000,0.000000,117.627274,-1.500000,-0.166004,-3.000000,-1.900966,0.000000,-0.000897,0.000000,0.131676,1.000000
18410.000000,1.000000,0.000000,117.692337,-1.500000,-0.166071,-3.000000,-1.900791,0.000000,0.021407,0.000000,0.120032,1.000000
18419.000000,1.000000,0.000000,117.740234,-1.500000,-0.165993,-3.000000,-1.900665,0.000000,-0.009765,0.000000,0.111328,1.000000
18430.000000,1.000000,0.000000,117.728012,-1.500000,-0.165908,-3.000000,-1.900731,0.000000,0.020005,0.000000,0.084262,1.000000
18440.000000,1.000000,0.000000,117.717751,-1.500000,-0.165748,-3.000000,-1.900902,0.000000,0.011963,0.000000,0.130749,1.000000
18449.000000,1.000000,0.000000,117.664238,-1.500000,-0.165628,-3.000000,-1.900974,0.000000,0.012801,0.000000,0.080579,1.000000
18459.000000,1.000000,0.000000,117.519653,-1.500000,-0.166103,-3.000000,-1.900682,0.000000,-0.039337,0.000000,0.126329,1.000000
18470.000000,1.000000,0.000000,117.499992,-1.500000,-0.166039,-3.000000,-1.900394,0.000000,0.042453,0.000000,0.076687,1.000000
18479.000000,1.000000,0.000000,117.582993,-1.500000,-0.165510,-3.000000,-1.900367,0.000000,0.035959,0.000000,0.098251,1.000000
18490.000000,1.000000,0.000000,117.654930,-1.500000,-0.164998,-3.000000,-1.900442,0.000000,0.031705,0.000000,0.100031,1.000000
18499.000000,1.000000,0.000000,117.813286,-1.500000,-0.164754,-3.000000,-1.900735,0.000000,-0.008051,0.000000,0.063295,1.000000
18509.000000,1.000000,0.000000,117.943016,-1.500000,-0.164492,-3.000000,-1.900747,0.000000,0.046883,0.000000,0.114816,1.000000
18519.000000,1.000000,0.000000,117.889786,-1.500000,-0.164387,-3.000000,-1.901166,0.000000,0.014161,0.000000,0.099682,1.000000
18530.000000,1.000000,0.000000,117.598450,-1.500000,-0.164415,-3.000000,-1.901186,0.000000,0.016149,0.000000,0.114098,1.000000
18540.000000,1.000000,0.000000,117.409904,-1.500000,-0.164063,-3.000000,-1.901314,0.000000,0.054523,0.000000,0.108671,1.000000
18549.000000,1.000000,0.000000,117.651009,-1.500000,-0.163705,-3.000000,-1.901446,0.000000,0.028619,0.000000,0.102730,1.000000
18559.000000,1.000000,0.000000,117.849220,-1.500000,-0.163583,-3.000000,-1.901119,0.000000,0.006109,0.000000,0.117685,1.000000
18569.000000,1.000000,0.000000,118.072296,-1.500000,-0.163817,-3.000000,-1.900569,0.000000,-0.037744,0.000000,0.125344,1.000000
18579.000000,1.000000,0.000000,117.750984,-1.500000,-0.164111,-3.000000,-1.900704,0.000000,-0.011412,0.000000,0.109919,1.000000
18589.000000,1.000000,0.000000,117.839478,-1.500000,-0.164253,-3.000000,-1.900842,0.000000,0.028212,0.000000,0.080512,1.000000
18599.000000,1.000000,0.000000,117.547134,-1.500000,-0.164090,-3.000000,-1.901291,0.000000,0.010751,0.000000,0.106419,1.000000
18609.000000,1.000000,0.000000,117.770676,-1.500000,-0.164163,-3.000000,-1.901702,0.000000,0.006294,0.000000,0.077917,1.000000
18620.000000,1.000000,0.000000,117.855743,-1.500000,-0.164128,-3.000000,-1.901708,0.000000,0.005508,0.000000,0.132063,1.000000
18629.000000,1.000000,0.000000,117.827721,-1.500000,-0.163985,-3.000000,-1.901674,0.000000,0.011031,0.000000,0.104429,1.000000
18639.000000,1.000000,0.000000,117.656509,-1.500000,-0.164248,-3.000000,-1.901496,0.000000,-0.020960,0.000000,0.129744,1.000000
18650.000000,1.000000,0.000000,117.559502,-1.500000,-0.164230,-3.000000,-1.901721,0.000000,0.025290,0.000000,0.091789,1.000000
18659.000000,1.000000,0.000000,117.323112,-1.500000,-0.164321,-3.000000,-1.901502,0.000000,-0.022018,0.000000,0.114294,1.000000
18670.000000,1.000000,0.000000,117.489029,-1.500000,-0.164073,-3.000000,-1.901657,0.000000,0.033441,0.000000,0.079960,1.000000
18679.000000,1.000000,0.000000,117.727509,-1.500000,-0.163726,-3.000000,-1.901571,0.000000,0.022896,0.000000,0.125955,1.000000
18689.000000,1.000000,0.000000,117.971390,-1.500000,-0.163586,-3.000000,-1.901539,0.000000,0.046918,0.000000,0.083908,1.000000
18699.000000,1.000000,0.000000,118.069313,-1.500000,-0.163726,-3.000000,-1.901101,0.000000,-0.019505,0.000000,0.115292,1.000000
18709.000000,1.000000,0.000000,118.000404,-1.500000,-0.163917,-3.000000,-1.901228,0.000000,-0.025090,0.000000,0.091794,1.000000
18719.000000,1.000000,0.000000,117.938286,-1.500000,-0.163977,-3.000000,-1.901648,0.000000,0.036711,0.000000,0.104278,1.000000
18730.000000,1.000000,0.000000,117.839447,-1.500000,-0.163775,-3.000000,-1.901883,0.000000,0.006889,0.000000,0.118612,1.000000
18739.000000,1.000000,0.000000,117.856842,-1.500000,-0.163781,-3.000000,-1.902346,0.000000,-0.001224,0.000000,0.058017,1.000000
18749.000000,1.000000,0.000000,117.924950,-1.500000,-0.163812,-3.000000,-1.902666,0.000000,0.014292,0.000000,0.074814,1.000000
18759.000000,1.000000,0.000000,117.983566,-1.500000,-0.163594,-3.000000,-1.902749,0.000000,0.041568,0.000000,0.122114,1.000000
18769.000000,1.000000,0.000000,118.180626,-1.500000,-0.163612,-3.000000,-1.903018,0.000000,-0.009303,0.000000,0.080155,1.000000
18779.000000,1.000000,0.000000,118.136406,-1.500000,-0.163798,-3.000000,-1.903068,0.000000,-0.037128,0.000000,0.119567,1.000000
18789.000000,1.000000,0.000000,118.102425,-1.500000,-0.164266,-3.000000,-1.903204,0.000000,-0.017858,0.000000,0.085073,1.000000
18799.000000,1.000000,0.000000,117.872688,-1.500000,-0.164976,-3.000000,-1.903272,0.000000,-0.038737,0.000000,0.121710,1.000000
18809.000000,1.000000,0.000000,117.636902,-1.500000,-0.165394,-3.000000,-1.903692,0.000000,-0.014445,0.000000,0.081446,1.000000
18819.000000,1.000000,0.000000,117.392395,-1.500000,-0.165587,-3.000000,-1.903845,0.000000,0.034725,0.000000,0.129640,1.000000
18829.000000,1.000000,0.000000,117.493416,-1.500000,-0.165478,-3.000000,-1.903958,0.000000,0.016718,0.000000,0.111161,1.000000
18839.000000,1.000000,0.000000,117.525948,-1.500000,-0.165594,-3.000000,-1.903829,0.000000,-0.001438,0.000000,0.111826,1.000000
18849.000000,1.000000,0.000000,117.603004,-1.500000,-0.165295,-3.000000,-1.903662,0.000000,0.046292,0.000000,0.100484,1.000000
18859.000000,1.000000,0.000000,117.516823,-1.500000,-0.164867,-3.000000,-1.903303,0.000000,0.019394,0.000000,0.151648,1.000000
18869.000000,1.000000,0.000000,117.346832,-1.500000,-0.164747,-3.000000,-1.902975,0.000000,0.018133,0.000000,0.083765,1.000000
18879.000000,1.000000,0.000000,117.207558,-1.500000,-0.164457,-3.000000,-1.903259,0.000000,0.026971,0.000000,0.047069,1.000000
18889.000000,1.000000,0.000000,117.089500,-1.500000,-0.164666,-3.000000,-1.903496,0.000000,0.017611,0.000000,0.098219,1.000000
18899.000000,1.000000,0.000000,117.137482,-1.500000,-0.164903,-3.000000,-1.903524,0.000000,0.005988,0.000000,0.125401,1.000000
18909.000000,1.000000,0.000000,117.177299,-1.500000,-0.165528,-3.000000,-1.903045,0.000000,-0.010624,0.000000,0.140026,1.000000
18919.000000,1.000000,0.000000,117.017822,-1.500000,-0.165853,-3.000000,-1.902636,0.000000,-0.022250,0.000000,0.128104,1.000000
18929.000000,1.000000,0.000000,116.886795,-1.500000,-0.166006,-3.000000,-1.902543,0.000000,0.022743,0.000000,0.094783,1.000000
18939.000000,1.000000,0.000000,117.184395,-1.500000,-0.166473,-3.000000,-1.902282,0.000000,-0.033677,0.000000,0.113204,1.000000
18949.000000,1.000000,0.000000,116.976654,-1.500000,-0.166968,-3.000000,-1.902103,0.000000,-0.029397,0.000000,0.106125,1.000000
18959.000000,1.000000,0.000000,117.003265,-1.500000,-0.166770,-3.000000,-1.901868,0.000000,0.043282,0.000000,0.094301,1.000000
18969.000000,1.000000,0.000000,117.125694,-1.500000,-0.166522,-3.000000,-1.901369,0.000000,0.016516,0.000000,0.135874,1.000000
18979.000000,1.000000,0.000000,117.228516,-1.500000,-0.166407,-3.000000,-1.900916,0.000000,0.014269,0.000000,0.096603,1.000000
18989.000000,1.000000,0.000000,117.312904,-1.500000,-0.166843,-3.000000,-1.900438,0.000000,-0.038574,0.000000,0.131827,1.000000
18999.000000,1.000000,0.000000,117.279030,-1.500000,-0.166868,-3.000000,-1.900737,0.000000,-0.008431,0.000000,0.065407,1.000000
19009.000000,1.000000,0.000000,117.400040,-1.500000,-0.166730,-3.000000,-1.900942,0.000000,0.015046,0.000000,0.092433,1.000000
19019.000000,1.000000,0.000000,117.544418,-1.500000,-0.166486,-3.000000,-1.900952,0.000000,0.006990,0.000000,0.132517,1.000000
19029.000000,1.000000,0.000000,117.610725,-1.500000,-0.166552,-3.000000,-1.901131,0.000000,-0.027342,0.000000,0.077303,1.000000
19039.000000,1.000000,0.000000,117.725266,-1.500000,-0.166835,-3.000000,-1.900823,0.000000,-0.006626,0.000000,0.145035,1.000000
19049.000000,1.000000,0.000000,117.616310,-1.500000,-0.167139,-3.000000,-1.900929,0.000000,-0.007104,0.000000,0.108002,1.000000
19059.000000,1.000000,0.000000,117.371353,-1.500000,-0.167750,-3.000000,-1.900534,0.000000,-0.033350,0.000000,0.100547,1.000000
19069.000000,1.000000,0.000000,117.073135,-1.500000,-0.167774,-3.000000,-1.900289,0.000000,-0.012963,0.000000,0.104939,1.000000
19079.000000,1.000000,0.000000,117.082970,-1.500000,-0.167887,-3.000000,-1.899949,0.000000,-0.013517,0.000000,0.097385,1.000000
19089.000000,1.000000,0.000000,117.495506,-1.500000,-0.168252,-3.000000,-1.899467,0.000000,-0.037314,0.000000,0.137052,1.000000
19099.000000,1.000000,0.000000,117.680573,-1.500000,-0.168265,-3.000000,-1.899598,0.000000,0.025229,0.000000,0.086721,1.000000
19109.000000,1.000000,0.000000,117.583755,-1.500000,-0.167938,-3.000000,-1.899655,0.000000,0.015818,0.000000,0.079560,1.000000
19119.000000,1.000000,0.000000,117.403694,-1.500000,-0.167886,-3.000000,-1.899915,0.000000,-0.008181,0.000000,0.093380,1.000000
19129.000000,1.000000,0.000000,117.559509,-1.500000,-0.168182,-3.000000,-1.900092,0.000000,0.003107,0.000000,0.093131,1.000000
19139.000000,1.000000,0.000000,117.734901,-1.500000,-0.167779,-3.000000,-1.900515,0.000000,0.021489,0.000000,0.086647,1.000000
19149.000000,1.000000,0.000000,118.125854,-1.500000,-0.167850,-3.000000,-1.900501,0.000000,-0.007067,0.000000,0.122661,1.000000
19159.000000,1.000000,0.000000,118.149696,-1.500000,-0.168135,-3.000000,-1.900872,0.000000,-0.000510,0.000000,0.110799,1.000000
19169.000000,1.000000,0.000000,118.364281,-1.500000,-0.168184,-3.000000,-1.901195,0.000000,0.045227,0.000000,0.107448,1.000000
19179.000000,1.000000,0.000000,118.197830,-1.500000,-0.168151,-3.000000,-1.901694,0.000000,-0.017593,0.000000,0.079746,1.000000
19189.000000,1.000000,0.000000,118.108109,-1.500000,-0.168388,-3.000000,-1.901847,0.000000,-0.002763,0.000000,0.089125,1.000000
19199.000000,1.000000,0.000000,117.890434,-1.500000,-0.168561,-3.000000,-1.901705,0.000000,-0.011636,0.000000,0.134056,1.000000
19209.000000,1.000000,0.000000,117.854073,-1.500000,-0.168760,-3.000000,-1.901745,0.000000,-0.002372,0.000000,0.078137,1.000000
19219.000000,1.000000,0.000000,117.629501,-1.500000,-0.169007,-3.000000,-1.902018,0.000000,-0.002006,0.000000,0.112032,1.000000
19229.000000,1.000000,0.000000,117.891487,-1.500000,-0.169140,-3.000000,-1.902473,0.000000,0.000618,0.000000,0.082761,1.000000
19239.000000,1.000000,0.000000,118.057297,-1.500000,-0.169638,-3.000000,-1.902662,0.000000,-0.041246,0.000000,0.105674,1.000000
19249.000000,1.000000,0.000000,118.142326,-1.500000,-0.169488,-3.000000,-1.903004,0.000000,0.037037,0.000000,0.105401,1.000000
19259.000000,1.000000,0.000000,118.113205,-1.500000,-0.169292,-3.000000,-1.903225,0.000000,-0.003514,0.000000,0.105271,1.000000
19269.000000,1.000000,0.000000,118.086815,-1.500000,-0.169341,-3.000000,-1.903675,0.000000,0.013373,0.000000,0.120086,1.000000
19279.000000,1.000000,0.000000,118.015419,-1.500000,-0.169450,-3.000000,-1.903951,0.000000,-0.006342,0.000000,0.078336,1.000000
19289.000000,1.000000,0.000000,117.803421,-1.500000,-0.169514,-3.000000,-1.904017,0.000000,-0.015674,0.000000,0.106402,1.000000
19299.000000,1.000000,0.000000,117.629059,-1.500000,-0.169391,-3.000000,-1.903499,0.000000,0.043125,0.000000,0.159556,1.000000
19309.000000,1.000000,0.000000,117.486031,-1.500000,-0.169426,-3.000000,-1.903115,0.000000,-0.003394,0.000000,0.100844,1.000000
19319.000000,1.000000,0.000000,117.523491,-1.500000,-0.169582,-3.000000,-1.903165,0.000000,-0.012169,0.000000,0.118419,1.000000
19329.000000,1.000000,0.000000,117.604507,-1.500000,-0.169799,-3.000000,-1.903200,0.000000,-0.023996,0.000000,0.095596,1.000000
19339.000000,1.000000,0.000000,117.769608,-1.500000,-0.169881,-3.000000,-1.903021,0.000000,-0.004652,0.000000,0.119830,1.000000
19349.000000,1.000000,0.000000,117.855728,-1.500000,-0.169926,-3.000000,-1.902658,0.000000,-0.010360,0.000000,0.133439,1.000000
19359.000000,1.000000,0.000000,118.029007,-1.500000,-0.169741,-3.000000,-1.902655,0.000000,-0.009736,0.000000,0.041775,1.000000
19369.000000,1.000000,0.000000,118.320595,-1.500000,-0.169770,-3.000000,-1.902742,0.000000,-0.006651,0.000000,0.148481,1.000000
19379.000000,1.000000,0.000000,118.303421,-1.500000,-0.169613,-3.000000,-1.903121,0.000000,0.018285,0.000000,0.063043,1.000000
19389.000000,1.000000,0.000000,118.293205,-1.500000,-0.168961,-3.000000,-1.903545,0.000000,0.030023,0.000000,0.101999,1.000000
19399.000000,1.000000,0.000000,118.183060,-1.500000,-0.168965,-3.000000,-1.903714,0.000000,-0.030925,0.000000,0.093367,1.000000
19409.000000,1.000000,0.000000,117.941582,-1.500000,-0.169082,-3.000000,-1.904089,0.000000,-0.027783,0.000000,0.092439,1.000000
19419.000000,1.000000,0.000000,117.431480,-1.500000,-0.169094,-3.000000,-1.904148,0.000000,0.001143,0.000000,0.123607,1.000000
19429.000000,1.000000,0.000000,117.373123,-1.500000,-0.168735,-3.000000,-1.904285,0.000000,0.024397,0.000000,0.101287,1.000000
19439.000000,1.000000,0.000000,117.626213,-1.500000,-0.168967,-3.000000,-1.904399,0.000000,-0.049015,0.000000,0.135489,1.000000
19449.000000,1.000000,0.000000,117.887329,-1.500000,-0.168962,-3.000000,-1.904460,0.000000,0.006138,0.000000,0.112001,1.000000
19459.000000,1.000000,0.000000,117.999153,-1.500000,-0.168782,-3.000000,-1.904373,0.000000,0.015435,0.000000,0.122571,1.000000
19469.000000,1.000000,0.000000,117.842102,-1.500000,-0.168379,-3.000000,-1.904350,0.000000,0.017149,0.000000,0.102318,1.000000
19479.000000,1.000000,0.000000,117.562149,-1.500000,-0.168341,-3.000000,-1.904057,0.000000,-0.003463,0.000000,0.116247,1.000000
19489.000000,1.000000,0.000000,117.329178,-1.500000,-0.168383,-3.000000,-1.903707,0.000000,0.001159,0.000000,0.093979,1.000000
19499.000000,1.000000,0.000000,117.088310,-1.500000,-0.168315,-3.000000,-1.903467,0.000000,0.002585,0.000000,0.105630,1.000000
19509.000000,1.000000,0.000000,116.793144,-1.500000,-0.168285,-3.000000,-1.903253,0.000000,-0.008522,0.000000,0.108911,1.000000
19519.000000,1.000000,0.000000,116.551270,-1.500000,-0.168253,-3.000000,-1.903342,0.000000,-0.007619,0.000000,0.106168,1.000000
19529.000000,1.000000,0.000000,116.602654,-1.500000,-0.168192,-3.000000,-1.903383,0.000000,0.024264,0.000000,0.096308,1.000000
19539.000000,1.000000,0.000000,116.645561,-1.500000,-0.168163,-3.000000,-1.903176,0.000000,-0.008798,0.000000,0.135948,1.000000
19549.000000,1.000000,0.000000,116.682632,-1.500000,-0.168037,-3.000000,-1.903051,0.000000,0.018447,0.000000,0.096599,1.000000
19559.000000,1.000000,0.000000,116.766930,-1.500000,-0.167760,-3.000000,-1.902909,0.000000,0.021943,0.000000,0.121387,1.000000
19569.000000,1.000000,0.000000,116.738350,-1.500000,-0.167466,-3.000000,-1.902738,0.000000,0.021218,0.000000,0.097057,1.000000
19579.000000,1.000000,0.000000,117.002266,-1.500000,-0.167260,-3.000000,-1.902874,0.000000,0.017775,0.000000,0.100483,1.000000
19589.000000,1.000000,0.000000,117.219963,-1.500000,-0.167575,-3.000000,-1.902755,0.000000,-0.026373,0.000000,0.147872,1.000000
19599.000000,1.000000,0.000000,117.458153,-1.500000,-0.167651,-3.000000,-1.903061,0.000000,0.024888,0.000000,0.092205,1.000000
19609.000000,1.000000,0.000000,117.501602,-1.500000,-0.168067,-3.000000,-1.903484,0.000000,-0.034436,0.000000,0.047671,1.000000
19619.000000,1.000000,0.000000,117.688644,-1.500000,-0.168509,-3.000000,-1.903665,0.000000,-0.009831,0.000000,0.119048,1.000000
19629.000000,1.000000,0.000000,117.841316,-1.500000,-0.169098,-3.000000,-1.903423,0.000000,-0.042675,0.000000,0.107411,1.000000
19639.000000,1.000000,0.000000,117.958847,-1.500000,-0.169686,-3.000000,-1.903723,0.000000,-0.024632,0.000000,0.103120,1.000000
19649.000000,1.000000,0.000000,118.056625,-1.500000,-0.169802,-3.000000,-1.903551,0.000000,0.019110,0.000000,0.119061,1.000000
19659.000000,1.000000,0.000000,118.087395,-1.500000,-0.169743,-3.000000,-1.903628,0.000000,-0.028972,0.000000,0.076088,1.000000
19669.000000,1.000000,0.000000,118.264000,-1.500000,-0.169557,-3.000000,-1.903875,0.000000,0.010433,0.000000,0.091084,1.000000
19679.000000,1.000000,0.000000,118.257729,-1.500000,-0.169202,-3.000000,-1.903804,0.000000,0.014535,0.000000,0.099178,1.000000
19689.000000,1.000000,0.000000,118.246201,-1.500000,-0.169241,-3.000000,-1.903983,0.000000,-0.019455,0.000000,0.102530,1.000000
19699.000000,1.000000,0.000000,118.020111,-1.500000,-0.168729,-3.000000,-1.904611,0.000000,0.054448,0.000000,0.075648,1.000000
19709.000000,1.000000,0.000000,117.842079,-1.500000,-0.168556,-3.000000,-1.904602,0.000000,0.020078,0.000000,0.142107,1.000000
19719.000000,1.000000,0.000000,117.600410,-1.500000,-0.168488,-3.000000,-1.904721,0.000000,-0.007538,0.000000,0.068060,1.000000
19729.000000,1.000000,0.000000,117.251465,-1.500000,-0.168704,-3.000000,-1.904755,0.000000,-0.032067,0.000000,0.109933,1.000000
19739.000000,1.000000,0.000000,117.070877,-1.500000,-0.168492,-3.000000,-1.904585,0.000000,0.019127,0.000000,0.119305,1.000000
19749.000000,1.000000,0.000000,117.027740,-1.500000,-0.168112,-3.000000,-1.904697,0.000000,0.024498,0.000000,0.076125,1.000000
19759.000000,1.000000,0.000000,116.997856,-1.500000,-0.168340,-3.000000,-1.904533,0.000000,-0.013904,0.000000,0.130349,1.000000
19769.000000,1.000000,0.000000,117.170311,-1.500000,-0.168771,-3.000000,-1.904444,0.000000,-0.021710,0.000000,0.067558,1.000000
19779.000000,1.000000,0.000000,117.160820,-1.500000,-0.168628,-3.000000,-1.904685,0.000000,0.013467,0.000000,0.078767,1.000000
19789.000000,1.000000,0.000000,117.055611,-1.500000,-0.168375,-3.000000,-1.904510,0.000000,0.019971,0.000000,0.072366,1.000000
19799.000000,1.000000,0.000000,116.868073,-1.500000,-0.168410,-3.000000,-1.904217,0.000000,-0.034017,0.000000,0.120487,1.000000
19809.000000,1.000000,0.000000,116.763268,-1.500000,-0.168384,-3.000000,-1.903876,0.000000,-0.008270,0.000000,0.129885,1.000000
19819.000000,1.000000,0.000000,116.776978,-1.500000,-0.168221,-3.000000,-1.903456,0.000000,-0.000852,0.000000,0.097334,1.000000
19829.000000,1.000000,0.000000,116.784805,-1.500000,-0.168320,-3.000000,-1.902935,0.000000,-0.050723,0.000000,0.142226,1.000000
19839.000000,1.000000,0.000000,116.944855,-1.500000,-0.168424,-3.000000,-1.902693,0.000000,0.023920,0.000000,0.098992,1.000000
19849.000000,1.000000,0.000000,117.229233,-1.500000,-0.167795,-3.000000,-1.902500,0.000000,0.038240,0.000000,0.084617,1.000000
19859.000000,1.000000,0.000000,117.306313,-1.500000,-0.167506,-3.000000,-1.902309,0.000000,0.011541,0.000000,0.116639,1.000000
19869.000000,1.000000,0.000000,117.219360,-1.500000,-0.167763,-3.000000,-1.902030,0.000000,-0.008768,0.000000,0.096242,1.000000
19879.000000,1.000000,0.000000,117.099472,-1.500000,-0.167890,-3.000000,-1.901612,0.000000,-0.001506,0.000000,0.156298,1.000000
19889.000000,1.000000,0.000000,116.947456,-1.500000,-0.167877,-3.000000,-1.901723,0.000000,0.014509,0.000000,0.078533,1.000000
19899.000000,1.000000,0.000000,117.027664,-1.500000,-0.168050,-3.000000,-1.901714,0.000000,-0.028602,0.000000,0.120513,1.000000
19909.000000,1.000000,0.000000,117.242546,-1.500000,-0.167654,-3.000000,-1.901762,0.000000,0.034081,0.000000,0.083629,1.000000
19919.000000,1.000000,0.000000,117.477516,-1.500000,-0.167194,-3.000000,-1.902019,0.000000,0.020049,0.000000,0.078583,1.000000
19929.000000,1.000000,0.000000,117.618446,-1.500000,-0.167082,-3.000000,-1.901988,0.000000,-0.026651,0.000000,0.115090,1.000000
19939.000000,1.000000,0.000000,117.888298,-1.500000,-0.166988,-3.000000,-1.901713,0.000000,0.002578,0.000000,0.124007,1.000000
19949.000000,1.000000,0.000000,117.902184,-1.500000,-0.166652,-3.000000,-1.901855,0.000000,0.032317,0.000000,0.088069,1.000000
19959.000000,1.000000,0.000000,117.910492,-1.500000,-0.166504,-3.000000,-1.902291,0.000000,0.003399,0.000000,0.056196,1.000000
19969.000000,1.000000,0.000000,117.713692,-1.500000,-0.166270,-3.000000,-1.902376,0.000000,0.014266,0.000000,0.139631,1.000000
19979.000000,1.000000,0.000000,117.652222,-1.500000,-0.165948,-3.000000,-1.902273,0.000000,0.025705,0.000000,0.132605,1.000000
19989.000000,1.000000,0.000000,117.558479,-1.500000,-0.165939,-3.000000,-1.902520,0.000000,0.007908,0.000000,0.094700,1.000000
19999.000000,1.000000,0.000000,117.483246,-1.500000,-0.165629,-3.000000,-1.902319,0.000000,0.033459,0.000000,0.153239,1.000000
20009.000000,1.000000,0.000000,117.423935,-1.500000,-0.165620,-3.000000,-1.902497,0.000000,0.022149,0.000000,0.079488,1.000000
20019.000000,1.000000,0.000000,117.425392,-1.500000,-0.165216,-3.000000,-1.902899,0.000000,0.032404,0.000000,0.078118,1.000000
20029.000000,1.000000,0.000000,117.632889,-1.500000,-0.164932,-3.000000,-1.903048,0.000000,0.024309,0.000000,0.107936,1.000000
20039.000000,1.000000,0.000000,118.144913,-1.500000,-0.165075,-3.000000,-1.902925,0.000000,-0.037172,0.000000,0.129852,1.000000
20049.000000,1.000000,0.000000,118.455009,-1.500000,-0.165264,-3.000000,-1.903054,0.000000,0.016765,0.000000,0.079234,1.000000
20059.000000,1.000000,0.000000,118.867188,-1.500000,-0.165122,-3.000000,-1.903503,0.000000,0.022810,0.000000,0.092794,1.000000
20069.000000,1.000000,0.000000,118.702080,-1.500000,-0.165030,-3.000000,-1.903425,0.000000,-0.011467,0.000000,0.139736,1.000000
20079.000000,1.000000,0.000000,118.309822,-1.500000,-0.165377,-3.000000,-1.903174,0.000000,-0.003162,0.000000,0.142761,1.000000
20089.000000,1.000000,0.000000,118.034424,-1.500000,-0.165516,-3.000000,-1.903080,0.000000,0.006247,0.000000,0.111327,1.000000
20099.000000,1.000000,0.000000,117.614075,-1.500000,-0.165253,-3.000000,-1.902779,0.000000,0.026141,0.000000,0.157228,1.000000
20109.000000,1.000000,0.000000,117.726929,-1.500000,-0.165059,-3.000000,-1.902699,0.000000,-0.009732,0.000000,0.078718,1.000000
20119.000000,1.000000,0.000000,117.467697,-1.500000,-0.165077,-3.000000,-1.902847,0.000000,0.010746,0.000000,0.123226,1.000000
20129.000000,1.000000,0.000000,117.605698,-1.500000,-0.164832,-3.000000,-1.902978,0.000000,0.014106,0.000000,0.096380,1.000000
20139.000000,1.000000,0.000000,117.418694,-1.500000,-0.164585,-3.000000,-1.903205,0.000000,-0.004891,0.000000,0.096453,1.000000
20149.000000,1.000000,0.000000,117.315025,-1.500000,-0.164487,-3.000000,-1.903419,0.000000,-0.011012,0.000000,0.106259,1.000000
20159.000000,1.000000,0.000000,117.180267,-1.500000,-0.164097,-3.000000,-1.903421,0.000000,-0.013264,0.000000,0.105996,1.000000
20169.000000,1.000000,0.000000,117.119720,-1.500000,-0.163917,-3.000000,-1.903455,0.000000,0.013960,0.000000,0.083803,1.000000
20179.000000,1.000000,0.000000,117.172440,-1.500000,-0.163760,-3.000000,-1.903087,0.000000,0.032617,0.000000,0.111734,1.000000
20189.000000,1.000000,0.000000,117.165855,-1.500000,-0.163792,-3.000000,-1.903209,0.000000,-0.023191,0.000000,0.089340,1.000000
20199.000000,1.000000,0.000000,117.062538,-1.500000,-0.163785,-3.000000,-1.903209,0.000000,0.000278,0.000000,0.127495,1.000000
20209.000000,1.000000,0.000000,117.076172,-1.500000,-0.163769,-3.000000,-1.903225,0.000000,-0.032041,0.000000,0.126807,1.000000
20219.000000,1.000000,0.000000,117.228722,-1.500000,-0.163937,-3.000000,-1.902866,0.000000,-0.017127,0.000000,0.102255,1.000000
20229.000000,1.000000,0.000000,117.455452,-1.500000,-0.164062,-3.000000,-1.902910,0.000000,-0.001351,0.000000,0.093654,1.000000
20239.000000,1.000000,0.000000,117.796906,-1.500000,-0.164258,-3.000000,-1.902581,0.000000,-0.028761,0.000000,0.112308,1.000000
20249.000000,1.000000,0.000000,118.034599,-1.500000,-0.164450,-3.000000,-1.902231,0.000000,0.025193,0.000000,0.130869,1.000000
20259.000000,1.000000,0.000000,118.229218,-1.500000,-0.164675,-3.000000,-1.901882,0.000000,-0.051205,0.000000,0.126804,1.000000
20269.000000,1.000000,0.000000,118.386421,-1.500000,-0.164960,-3.000000,-1.902095,0.000000,0.014574,0.000000,0.090334,1.000000
20279.000000,1.000000,0.000000,118.044655,-1.500000,-0.165459,-3.000000,-1.902446,0.000000,-0.042142,0.000000,0.130358,1.000000
20289.000000,1.000000,0.000000,117.563515,-1.500000,-0.165774,-3.000000,-1.902741,0.000000,0.014797,0.000000,0.090525,1.000000
20299.000000,1.000000,0.000000,117.215897,-1.500000,-0.165929,-3.000000,-1.902933,0.000000,0.011776,0.000000,0.105300,1.000000
20309.000000,1.000000,0.000000,117.396904,-1.500000,-0.165822,-3.000000,-1.902685,0.000000,0.014846,0.000000,0.126929,1.000000
20319.000000,1.000000,0.000000,117.852135,-1.500000,-0.165925,-3.000000,-1.902436,0.000000,-0.004041,0.000000,0.124804,1.000000
20329.000000,1.000000,0.000000,118.020172,-1.500000,-0.165992,-3.000000,-1.902567,0.000000,0.015511,0.000000,0.075945,1.000000
20339.000000,1.000000,0.000000,117.817467,-1.500000,-0.166264,-3.000000,-1.902689,0.000000,-0.027491,0.000000,0.109690,1.000000
20349.000000,1.000000,0.000000,117.644188,-1.500000,-0.166707,-3.000000,-1.902756,0.000000,-0.020252,0.000000,0.102892,1.000000
20359.000000,1.000000,0.000000,117.551872,-1.500000,-0.167061,-3.000000,-1.902977,0.000000,-0.004354,0.000000,0.124092,1.000000
20369.000000,1.000000,0.000000,117.475983,-1.500000,-0.166271,-3.000000,-1.902999,0.000000,0.033564,0.000000,0.085509,1.000000
20379.000000,1.000000,0.000000,117.315613,-1.500000,-0.166098,-3.000000,-1.903179,0.000000,-0.033362,0.000000,0.100497,1.000000
20389.000000,1.000000,0.000000,117.235031,-1.500000,-0.166384,-3.000000,-1.903185,0.000000,-0.015240,0.000000,0.084101,1.000000
20399.000000,1.000000,0.000000,117.220131,-1.500000,-0.166160,-3.000000,-1.903298,0.000000,-0.002968,0.000000,0.084577,1.000000
20409.000000,1.000000,0.000000,117.353127,-1.500000,-0.166277,-3.000000,-1.903256,0.000000,0.013638,0.000000,0.095528,1.000000
20419.000000,1.000000,0.000000,117.616982,-1.500000,-0.166613,-3.000000,-1.903696,0.000000,-0.029661,0.000000,0.059351,1.000000
20429.000000,1.000000,0.000000,117.878761,-1.500000,-0.166591,-3.000000,-1.903918,0.000000,0.002815,0.000000,0.078787,1.000000
20439.000000,1.000000,0.000000,117.946518,-1.500000,-0.166957,-3.000000,-1.904192,0.000000,-0.037311,0.000000,0.076286,1.000000
20449.000000,1.000000,0.000000,117.953102,-1.500000,-0.167389,-3.000000,-1.903900,0.000000,-0.029740,0.000000,0.123275,1.000000
20459.000000,1.000000,0.000000,117.908325,-1.500000,-0.167333,-3.000000,-1.903955,0.000000,0.016535,0.000000,0.064527,1.000000
20469.000000,1.000000,0.000000,117.922546,-1.500000,-0.167420,-3.000000,-1.904009,0.000000,0.007288,0.000000,0.100705,1.000000
20479.000000,1.000000,0.000000,117.775833,-1.500000,-0.167252,-3.000000,-1.903839,0.000000,0.012489,0.000000,0.114704,1.000000
20489.000000,1.000000,0.000000,117.809219,-1.500000,-0.167607,-3.000000,-1.904015,0.000000,-0.012113,0.000000,0.145414,1.000000
20499.000000,1.000000,0.000000,117.937538,-1.500000,-0.167626,-3.000000,-1.903566,0.000000,0.008438,0.000000,0.149408,1.000000
20509.000000,1.000000,0.000000,118.148659,-1.500000,-0.167763,-3.000000,-1.903556,0.000000,0.000629,0.000000,0.093109,1.000000
20519.000000,1.000000,0.000000,118.216545,-1.500000,-0.167630,-3.000000,-1.903731,0.000000,0.022418,0.000000,0.078527,1.000000
20529.000000,1.000000,0.000000,118.018013,-1.500000,-0.167806,-3.000000,-1.903384,0.000000,-0.014085,0.000000,0.138163,1.000000
20539.000000,1.000000,0.000000,118.008072,-1.500000,-0.167795,-3.000000,-1.903484,0.000000,0.031159,0.000000,0.070359,1.000000
20549.000000,1.000000,0.000000,117.884171,-1.500000,-0.167475,-3.000000,-1.903512,0.000000,0.011083,0.000000,0.107620,1.000000
20559.000000,1.000000,0.000000,117.889740,-1.500000,-0.167236,-3.000000,-1.903566,0.000000,0.005297,0.000000,0.090522,1.000000
20569.000000,1.000000,0.000000,117.789536,-1.500000,-0.167333,-3.000000,-1.903904,0.000000,-0.020308,0.000000,0.093509,1.000000
20579.000000,1.000000,0.000000,117.814087,-1.500000,-0.167349,-3.000000,-1.903780,0.000000,-0.003030,0.000000,0.119342,1.000000
20589.000000,1.000000,0.000000,117.790588,-1.500000,-0.167542,-3.000000,-1.903575,0.000000,-0.030196,0.000000,0.108338,1.000000
20599.000000,1.000000,0.000000,117.771233,-1.500000,-0.168182,-3.000000,-1.903501,0.000000,-0.039858,0.000000,0.099754,1.000000
20609.000000,1.000000,0.000000,117.757645,-1.500000,-0.168569,-3.000000,-1.903644,0.000000,0.005501,0.000000,0.089971,1.000000
20619.000000,1.000000,0.000000,117.643150,-1.500000,-0.168543,-3.000000,-1.903829,0.000000,0.012087,0.000000,0.140839,1.000000
20629.000000,1.000000,0.000000,117.489250,-1.500000,-0.169055,-3.000000,-1.904026,0.000000,-0.042043,0.000000,0.106736,1.000000
20639.000000,1.000000,0.000000,117.564888,-1.500000,-0.169555,-3.000000,-1.904380,0.000000,-0.022117,0.000000,0.093287,1.000000
20649.000000,1.000000,0.000000,117.573196,-1.500000,-0.169733,-3.000000,-1.904561,0.000000,-0.017546,0.000000,0.130587,1.000000
20659.000000,1.000000,0.000000,117.389580,-1.500000,-0.170071,-3.000000,-1.904447,0.000000,-0.016698,0.000000,0.146301,1.000000
20669.000000,1.000000,0.000000,117.182777,-1.500000,-0.170437,-3.000000,-1.904390,0.000000,-0.025998,0.000000,0.078395,1.000000
20679.000000,1.000000,0.000000,117.372826,-1.500000,-0.169965,-3.000000,-1.904476,0.000000,0.018419,0.000000,0.112635,1.000000
20689.000000,1.000000,0.000000,117.420906,-1.500000,-0.169903,-3.000000,-1.904688,0.000000,0.000661,0.000000,0.089956,1.000000
20699.000000,1.000000,0.000000,117.614204,-1.500000,-0.169992,-3.000000,-1.904806,0.000000,0.007907,0.000000,0.096490,1.000000
20709.000000,1.000000,0.000000,117.518753,-1.500000,-0.169792,-3.000000,-1.904910,0.000000,0.058959,0.000000,0.064537,1.000000
20719.000000,1.000000,0.000000,117.540558,-1.500000,-0.169422,-3.000000,-1.904988,0.000000,0.020824,0.000000,0.089997,1.000000
20729.000000,1.000000,0.000000,117.663017,-1.500000,-0.169196,-3.000000,-1.905258,0.000000,-0.016271,0.000000,0.115492,1.000000
20739.000000,1.000000,0.000000,117.616699,-1.500000,-0.168736,-3.000000,-1.905170,0.000000,0.031269,0.000000,0.130257,1.000000
20749.000000,1.000000,0.000000,117.574692,-1.500000,-0.168345,-3.000000,-1.905630,0.000000,-0.004850,0.000000,0.089969,1.000000
20759.000000,1.000000,0.000000,117.244156,-1.500000,-0.168079,-3.000000,-1.906161,0.000000,0.032870,0.000000,0.104173,1.000000
20769.000000,1.000000,0.000000,117.052750,-1.500000,-0.167535,-3.000000,-1.906735,0.000000,0.023765,0.000000,0.094245,1.000000
20779.000000,1.000000,0.000000,116.902222,-1.500000,-0.167276,-3.000000,-1.906703,0.000000,0.016913,0.000000,0.135486,1.000000
20789.000000,1.000000,0.000000,117.229591,-1.500000,-0.166940,-3.000000,-1.906888,0.000000,0.003732,0.000000,0.086383,1.000000
20799.000000,1.000000,0.000000,117.049171,-1.500000,-0.166867,-3.000000,-1.906839,0.000000,0.007363,0.000000,0.123530,1.000000
20809.000000,1.000000,0.000000,116.953247,-1.500000,-0.167129,-3.000000,-1.907136,0.000000,-0.044480,0.000000,0.087801,1.000000
20819.000000,1.000000,0.000000,116.928680,-1.500000,-0.167207,-3.000000,-1.907153,0.000000,0.017150,0.000000,0.120042,1.000000
20829.000000,1.000000,0.000000,116.810982,-1.500000,-0.167311,-3.000000,-1.907364,0.000000,-0.021250,0.000000,0.110987,1.000000
20839.000000,1.000000,0.000000,116.818657,-1.500000,-0.167260,-3.000000,-1.907066,0.000000,0.019415,0.000000,0.143941,1.000000
20849.000000,1.000000,0.000000,116.825432,-1.500000,-0.166928,-3.000000,-1.906606,0.000000,0.016672,0.000000,0.127723,1.000000
20859.000000,1.000000,0.000000,116.933037,-1.500000,-0.166876,-3.000000,-1.906280,0.000000,-0.019774,0.000000,0.114080,1.000000
20869.000000,1.000000,0.000000,116.921089,-1.500000,-0.166793,-3.000000,-1.906164,0.000000,0.001360,0.000000,0.097095,1.000000
20879.000000,1.000000,0.000000,116.962784,-1.500000,-0.166730,-3.000000,-1.906190,0.000000,0.030313,0.000000,0.099049,1.000000
20889.000000,1.000000,0.000000,117.047333,-1.500000,-0.166708,-3.000000,-1.906133,0.000000,0.002631,0.000000,0.111508,1.000000
20899.000000,1.000000,0.000000,117.270340,-1.500000,-0.167023,-3.000000,-1.906060,0.000000,-0.009209,0.000000,0.105543,1.000000
20909.000000,1.000000,0.000000,117.451035,-1.500000,-0.166898,-3.000000,-1.906039,0.000000,0.032181,0.000000,0.098381,1.000000
20919.000000,1.000000,0.000000,117.650398,-1.500000,-0.167016,-3.000000,-1.906223,0.000000,0.004865,0.000000,0.080211,1.000000
20929.000000,1.000000,0.000000,117.763573,-1.500000,-0.167027,-3.000000,-1.905934,0.000000,-0.006884,0.000000,0.115558,1.000000
20939.000000,1.000000,0.000000,117.757851,-1.500000,-0.166679,-3.000000,-1.905903,0.000000,0.038727,0.000000,0.137965,1.000000
20949.000000,1.000000,0.000000,117.854393,-1.500000,-0.166417,-3.000000,-1.906107,0.000000,-0.017052,0.000000,0.063890,1.000000
20959.000000,1.000000,0.000000,117.778862,-1.500000,-0.166363,-3.000000,-1.906448,0.000000,0.020912,0.000000,0.104657,1.000000
20969.000000,1.000000,0.000000,117.516907,-1.500000,-0.166496,-3.000000,-1.906253,0.000000,-0.025755,0.000000,0.110817,1.000000
20979.000000,1.000000,0.000000,117.303894,-1.500000,-0.166566,-3.000000,-1.906042,0.000000,0.007736,0.000000,0.095811,1.000000
20989.000000,1.000000,0.000000,117.223686,-1.500000,-0.166338,-3.000000,-1.906071,0.000000,0.034456,0.000000,0.112745,1.000000
20999.000000,1.000000,0.000000,117.255157,-1.500000,-0.166460,-3.000000,-1.905819,0.000000,-0.013091,0.000000,0.104301,1.000000
21009.000000,1.000000,0.000000,117.281189,-1.500000,-0.166660,-3.000000,-1.905672,0.000000,-0.020438,0.000000,0.107378,1.000000
21019.000000,1.000000,0.000000,117.457169,-1.500000,-0.166789,-3.000000,-1.905357,0.000000,-0.005386,0.000000,0.118509,1.000000
21029.000000,1.000000,0.000000,117.600876,-1.500000,-0.166556,-3.000000,-1.905541,0.000000,0.004077,0.000000,0.074689,1.000000
21039.000000,1.000000,0.000000,117.868309,-1.500000,-0.166320,-3.000000,-1.905612,0.000000,0.014006,0.000000,0.112117,1.000000
21049.000000,1.000000,0.000000,118.036491,-1.500000,-0.166327,-3.000000,-1.905197,0.000000,-0.004730,0.000000,0.115043,1.000000
21059.000000,1.000000,0.000000,118.173424,-1.500000,-0.166466,-3.000000,-1.904984,0.000000,0.007643,0.000000,0.101577,1.000000
21069.000000,1.000000,0.000000,118.139397,-1.500000,-0.166662,-3.000000,-1.904818,0.000000,-0.043884,0.000000,0.114966,1.000000
21079.000000,1.000000,0.000000,118.158043,-1.500000,-0.167064,-3.000000,-1.904672,0.000000,-0.008935,0.000000,0.134034,1.000000
21089.000000,1.000000,0.000000,118.322083,-1.500000,-0.167295,-3.000000,-1.904657,0.000000,-0.028972,0.000000,0.138355,1.000000
21099.000000,1.000000,0.000000,118.355476,-1.500000,-0.167261,-3.000000,-1.904685,0.000000,0.002322,0.000000,0.130207,1.000000
21109.000000,1.000000,0.000000,118.533340,-1.500000,-0.166897,-3.000000,-1.904515,0.000000,0.009331,0.000000,0.124566,1.000000
21119.000000,1.000000,0.000000,118.277733,-1.500000,-0.166611,-3.000000,-1.904254,0.000000,0.005367,0.000000,0.145860,1.000000
21129.000000,1.000000,0.000000,118.168716,-1.500000,-0.166579,-3.000000,-1.904063,0.000000,0.009995,0.000000,0.081647,1.000000
21139.000000,1.000000,0.000000,118.134850,-1.500000,-0.166621,-3.000000,-1.904240,0.000000,-0.009197,0.000000,0.089168,1.000000
21149.000000,1.000000,0.000000,117.954269,-1.500000,-0.166624,-3.000000,-1.904462,0.000000,0.014633,0.000000,0.097989,1.000000
21159.000000,1.000000,0.000000,117.558792,-1.500000,-0.166548,-3.000000,-1.904521,0.000000,0.015394,0.000000,0.116014,1.000000
21169.000000,1.000000,0.000000,117.029083,-1.500000,-0.166412,-3.000000,-1.904670,0.000000,0.015151,0.000000,0.090916,1.000000
21179.000000,1.000000,0.000000,116.834488,-1.500000,-0.166017,-3.000000,-1.905210,0.000000,0.007062,0.000000,0.058732,1.000000
21189.000000,1.000000,0.000000,116.739426,-1.500000,-0.165966,-3.000000,-1.905521,0.000000,0.013642,0.000000,0.087867,1.000000
21199.000000,1.000000,0.000000,117.052299,-1.500000,-0.165605,-3.000000,-1.905644,0.000000,0.004107,0.000000,0.081858,1.000000
21209.000000,1.000000,0.000000,117.217682,-1.500000,-0.165543,-3.000000,-1.905488,0.000000,-0.018573,0.000000,0.072939,1.000000
21219.000000,1.000000,0.000000,117.403717,-1.500000,-0.165614,-3.000000,-1.905403,0.000000,-0.006413,0.000000,0.075964,1.000000
21229.000000,1.000000,0.000000,117.506020,-1.500000,-0.165537,-3.000000,-1.905536,0.000000,0.011840,0.000000,0.085496,1.000000
21239.000000,1.000000,0.000000,117.425095,-1.500000,-0.165241,-3.000000,-1.905751,0.000000,0.027714,0.000000,0.107489,1.000000
21249.000000,1.000000,0.000000,117.509186,-1.500000,-0.164921,-3.000000,-1.905814,0.000000,0.022526,0.000000,0.128086,1.000000
21259.000000,1.000000,0.000000,117.643166,-1.500000,-0.164813,-3.000000,-1.905888,0.000000,0.049144,0.000000,0.121251,1.000000
21269.000000,1.000000,0.000000,117.852089,-1.500000,-0.165011,-3.000000,-1.905934,0.000000,-0.012091,0.000000,0.128630,1.000000
21279.000000,1.000000,0.000000,117.920952,-1.500000,-0.165353,-3.000000,-1.906165,0.000000,-0.004000,0.000000,0.050784,1.000000
21289.000000,1.000000,0.000000,118.126656,-1.500000,-0.165578,-3.000000,-1.906618,0.000000,-0.006786,0.000000,0.087985,1.000000
21299.000000,1.000000,0.000000,118.287483,-1.500000,-0.165727,-3.000000,-1.906622,0.000000,-0.005032,0.000000,0.106736,1.000000
21309.000000,1.000000,0.000000,118.366203,-1.500000,-0.165670,-3.000000,-1.906784,0.000000,0.003647,0.000000,0.071932,1.000000
21319.000000,1.000000,0.000000,118.233665,-1.500000,-0.165304,-3.000000,-1.906800,0.000000,0.043461,0.000000,0.136478,1.000000
21329.000000,1.000000,0.000000,117.979904,-1.500000,-0.165320,-3.000000,-1.906801,0.000000,-0.038171,0.000000,0.109567,1.000000
21339.000000,1.000000,0.000000,117.927551,-1.500000,-0.165534,-3.000000,-1.907314,0.000000,-0.011704,0.000000,0.033338,1.000000
21349.000000,1.000000,0.000000,117.835663,-1.500000,-0.165722,-3.000000,-1.907486,0.000000,0.007978,0.000000,0.114793,1.000000
21359.000000,1.000000,0.000000,117.957230,-1.500000,-0.165276,-3.000000,-1.907549,0.000000,0.016403,0.000000,0.111797,1.000000
21369.000000,1.000000,0.000000,117.847496,-1.500000,-0.165234,-3.000000,-1.907438,0.000000,-0.026616,0.000000,0.110296,1.000000
21379.000000,1.000000,0.000000,117.705902,-1.500000,-0.165321,-3.000000,-1.907409,0.000000,0.015875,0.000000,0.060448,1.000000
21389.000000,1.000000,0.000000,117.491081,-1.500000,-0.165209,-3.000000,-1.907116,0.000000,0.019260,0.000000,0.094815,1.000000
21399.000000,1.000000,0.000000,117.364532,-1.500000,-0.165062,-3.000000,-1.906860,0.000000,0.017386,0.000000,0.116017,1.000000
21409.000000,1.000000,0.000000,117.206688,-1.500000,-0.165065,-3.000000,-1.906611,0.000000,0.003496,0.000000,0.082411,1.000000
21419.000000,1.000000,0.000000,117.136818,-1.500000,-0.165316,-3.000000,-1.906281,0.000000,-0.028743,0.000000,0.097676,1.000000
21429.000000,1.000000,0.000000,117.027039,-1.500000,-0.165400,-3.000000,-1.906021,0.000000,0.017409,0.000000,0.107400,1.000000
21439.000000,1.000000,0.000000,117.005684,-1.500000,-0.165517,-3.000000,-1.906056,0.000000,0.028130,0.000000,0.115136,1.000000
21449.000000,1.000000,0.000000,117.133095,-1.500000,-0.165837,-3.000000,-1.906338,0.000000,-0.045491,0.000000,0.136242,1.000000
21459.000000,1.000000,0.000000,117.190140,-1.500000,-0.166072,-3.000000,-1.906105,0.000000,-0.004392,0.000000,0.112615,1.000000
21469.000000,1.000000,0.000000,116.975739,-1.500000,-0.166320,-3.000000,-1.906005,0.000000,0.003657,0.000000,0.134278,1.000000
21479.000000,1.000000,0.000000,116.951340,-1.500000,-0.166528,-3.000000,-1.905799,0.000000,0.013113,0.000000,0.091842,1.000000
21489.000000,1.000000,0.000000,116.780396,-1.500000,-0.166847,-3.000000,-1.905893,0.000000,-0.034228,0.000000,0.094460,1.000000
21499.000000,1.000000,0.000000,116.992661,-1.500000,-0.167036,-3.000000,-1.905973,0.000000,-0.005243,0.000000,0.108695,1.000000
21509.000000,1.000000,0.000000,117.118164,-1.500000,-0.167124,-3.000000,-1.906094,0.000000,-0.018949,0.000000,0.113970,1.000000
21519.000000,1.000000,0.000000,117.271576,-1.500000,-0.166980,-3.000000,-1.906240,0.000000,0.001821,0.000000,0.076407,1.000000
21529.000000,1.000000,0.000000,117.251717,-1.500000,-0.166974,-3.000000,-1.906462,0.000000,0.018998,0.000000,0.085914,1.000000
21539.000000,1.000000,0.000000,117.232574,-1.500000,-0.166980,-3.000000,-1.906572,0.000000,-0.015472,0.000000,0.107871,1.000000
21549.000000,1.000000,0.000000,117.254997,-1.500000,-0.167113,-3.000000,-1.906355,0.000000,-0.040591,0.000000,0.123489,1.000000
21559.000000,1.000000,0.000000,117.422928,-1.500000,-0.166935,-3.000000,-1.906146,0.000000,-0.000983,0.000000,0.106593,1.000000
21569.000000,1.000000,0.000000,117.511002,-1.500000,-0.166683,-3.000000,-1.906013,0.000000,0.034540,0.000000,0.103438,1.000000
21579.000000,1.000000,0.000000,117.598389,-1.500000,-0.166624,-3.000000,-1.905977,0.000000,-0.024587,0.000000,0.084820,1.000000
21589.000000,1.000000,0.000000,117.716782,-1.500000,-0.166716,-3.000000,-1.906231,0.000000,-0.004901,0.000000,0.082547,1.000000
21599.000000,1.000000,0.000000,117.808891,-1.500000,-0.166805,-3.000000,-1.906397,0.000000,0.008606,0.000000,0.077837,1.000000
21609.000000,1.000000,0.000000,117.540695,-1.500000,-0.166627,-3.000000,-1.906425,0.000000,-0.006442,0.000000,0.120070,1.000000
21619.000000,1.000000,0.000000,117.121681,-1.500000,-0.166446,-3.000000,-1.906491,0.000000,0.001614,0.000000,0.086721,1.000000
21629.000000,1.000000,0.000000,117.073433,-1.500000,-0.166659,-3.000000,-1.906733,0.000000,-0.010134,0.000000,0.115835,1.000000
21639.000000,1.000000,0.000000,117.037323,-1.500000,-0.166959,-3.000000,-1.906583,0.000000,0.005183,0.000000,0.103546,1.000000
21649.000000,1.000000,0.000000,116.905289,-1.500000,-0.167227,-3.000000,-1.906289,0.000000,0.005683,0.000000,0.116753,1.000000
21659.000000,1.000000,0.000000,117.000984,-1.500000,-0.167396,-3.000000,-1.906287,0.000000,0.004538,0.000000,0.104312,1.000000
21669.000000,1.000000,0.000000,117.074570,-1.500000,-0.167678,-3.000000,-1.906589,0.000000,-0.019508,0.000000,0.054301,1.000000
21679.000000,1.000000,0.000000,117.290115,-1.500000,-0.167605,-3.000000,-1.906608,0.000000,0.005173,0.000000,0.145804,1.000000
21689.000000,1.000000,0.000000,117.211136,-1.500000,-0.167713,-3.000000,-1.907053,0.000000,0.014987,0.000000,0.062137,1.000000
21699.000000,1.000000,0.000000,117.250725,-1.500000,-0.167872,-3.000000,-1.907129,0.000000,0.009285,0.000000,0.111806,1.000000
21709.000000,1.000000,0.000000,117.233803,-1.500000,-0.168202,-3.000000,-1.907411,0.000000,-0.039878,0.000000,0.088512,1.000000
21719.000000,1.000000,0.000000,117.420868,-1.500000,-0.168322,-3.000000,-1.907296,0.000000,0.017007,0.000000,0.133972,1.000000
21729.000000,1.000000,0.000000,117.676659,-1.500000,-0.168004,-3.000000,-1.907153,0.000000,0.024190,0.000000,0.093795,1.000000
21739.000000,1.000000,0.000000,117.477211,-1.500000,-0.167835,-3.000000,-1.907267,0.000000,-0.006904,0.000000,0.082945,1.000000
21749.000000,1.000000,0.000000,117.412354,-1.500000,-0.168114,-3.000000,-1.906847,0.000000,-0.022910,0.000000,0.121535,1.000000
21759.000000,1.000000,0.000000,117.553185,-1.500000,-0.168100,-3.000000,-1.906370,0.000000,-0.004742,0.000000,0.093415,1.000000
21769.000000,1.000000,0.000000,117.822289,-1.500000,-0.168206,-3.000000,-1.906242,0.000000,-0.018222,0.000000,0.067950,1.000000
21779.000000,1.000000,0.000000,118.049133,-1.500000,-0.168068,-3.000000,-1.906445,0.000000,0.021990,0.000000,0.105407,1.000000
21789.000000,1.000000,0.000000,118.086227,-1.500000,-0.168150,-3.000000,-1.906607,0.000000,0.011612,0.000000,0.095420,1.000000
21799.000000,1.000000,0.000000,118.020103,-1.500000,-0.168158,-3.000000,-1.906996,0.000000,-0.001054,0.000000,0.084241,1.000000
21809.000000,1.000000,0.000000,118.160599,-1.500000,-0.167728,-3.000000,-1.907318,0.000000,0.023330,0.000000,0.109244,1.000000
21819.000000,1.000000,0.000000,118.277786,-1.500000,-0.167184,-3.000000,-1.907585,0.000000,0.047612,0.000000,0.106013,1.000000
21829.000000,1.000000,0.000000,118.272186,-1.500000,-0.166757,-3.000000,-1.907858,0.000000,0.007319,0.000000,0.111003,1.000000
21839.000000,1.000000,0.000000,118.267036,-1.500000,-0.166313,-3.000000,-1.907977,0.000000,0.009373,0.000000,0.118880,1.000000
21849.000000,1.000000,0.000000,118.257607,-1.500000,-0.166490,-3.000000,-1.908628,0.000000,-0.019499,0.000000,0.055071,1.000000
21859.000000,1.000000,0.000000,118.193092,-1.500000,-0.166395,-3.000000,-1.908983,0.000000,0.025520,0.000000,0.104903,1.000000
21869.000000,1.000000,0.000000,118.088287,-1.500000,-0.166417,-3.000000,-1.908920,0.000000,0.000480,0.000000,0.093898,1.000000
21879.000000,1.000000,0.000000,118.056023,-1.500000,-0.166736,-3.000000,-1.908902,0.000000,-0.009203,0.000000,0.110398,1.000000
21889.000000,1.000000,0.000000,117.837433,-1.500000,-0.166764,-3.000000,-1.909042,0.000000,0.004343,0.000000,0.046409,1.000000
21899.000000,1.000000,0.000000,117.802032,-1.500000,-0.167380,-3.000000,-1.908861,0.000000,-0.054715,0.000000,0.114776,1.000000
21909.000000,1.000000,0.000000,117.580307,-1.500000,-0.167597,-3.000000,-1.908527,0.000000,0.000225,0.000000,0.127979,1.000000
21919.000000,1.000000,0.000000,117.396713,-1.500000,-0.167901,-3.000000,-1.908139,0.000000,0.007306,0.000000,0.132391,1.000000
21929.000000,1.000000,0.000000,117.198860,-1.500000,-0.167783,-3.000000,-1.908062,0.000000,0.052507,0.000000,0.104966,1.000000
21939.000000,1.000000,0.000000,117.188446,-1.500000,-0.167769,-3.000000,-1.907848,0.000000,-0.015022,0.000000,0.151283,1.000000
21949.000000,1.000000,0.000000,117.180168,-1.500000,-0.168291,-3.000000,-1.908008,0.000000,-0.046712,0.000000,0.075600,1.000000
21959.000000,1.000000,0.000000,116.866753,-1.500000,-0.168396,-3.000000,-1.908052,0.000000,0.056060,0.000000,0.082168,1.000000
21969.000000,1.000000,0.000000,116.560471,-1.500000,-0.168847,-3.000000,-1.908059,0.000000,-0.018477,0.000000,0.102936,1.000000
21979.000000,1.000000,0.000000,116.266022,-1.500000,-0.169026,-3.000000,-1.907781,0.000000,0.016283,0.000000,0.101685,1.000000
21989.000000,1.000000,0.000000,116.220497,-1.500000,-0.168686,-3.000000,-1.907530,0.000000,0.036724,0.000000,0.093930,1.000000
21999.000000,1.000000,0.000000,116.767586,-1.500000,-0.168688,-3.000000,-1.907075,0.000000,0.009622,0.000000,0.139128,1.000000
22009.000000,1.000000,0.000000,117.216965,-1.500000,-0.168661,-3.000000,-1.906578,0.000000,-0.024167,0.000000,0.104404,1.000000
22019.000000,1.000000,0.000000,117.092461,-1.500000,-0.168896,-3.000000,-1.906673,0.000000,0.000256,0.000000,0.088590,1.000000
22029.000000,1.000000,0.000000,116.889015,-1.500000,-0.169203,-3.000000,-1.906768,0.000000,-0.012611,0.000000,0.060958,1.000000
22039.000000,1.000000,0.000000,116.689873,-1.500000,-0.169083,-3.000000,-1.907247,0.000000,0.028240,0.000000,0.107173,1.000000
22049.000000,1.000000,0.000000,116.669952,-1.500000,-0.168808,-3.000000,-1.907515,0.000000,0.018106,0.000000,0.097959,1.000000
22059.000000,1.000000,0.000000,116.654472,-1.500000,-0.168725,-3.000000,-1.907880,0.000000,-0.004240,0.000000,0.072833,1.000000
22069.000000,1.000000,0.000000,116.844193,-1.500000,-0.168588,-3.000000,-1.907899,0.000000,0.013889,0.000000,0.136048,1.000000
22079.000000,1.000000,0.000000,116.944504,-1.500000,-0.168543,-3.000000,-1.908065,0.000000,0.005294,0.000000,0.061384,1.000000
22089.000000,1.000000,0.000000,116.980743,-1.500000,-0.168637,-3.000000,-1.908498,0.000000,-0.004710,0.000000,0.087281,1.000000
22099.000000,1.000000,0.000000,117.253578,-1.500000,-0.168596,-3.000000,-1.908402,0.000000,0.009637,0.000000,0.118504,1.000000
22109.000000,1.000000,0.000000,117.285583,-1.500000,-0.168427,-3.000000,-1.908683,0.000000,-0.015006,0.000000,0.086555,1.000000
22119.000000,1.000000,0.000000,117.464081,-1.500000,-0.168786,-3.000000,-1.909044,0.000000,-0.044986,0.000000,0.088883,1.000000
22129.000000,1.000000,0.000000,117.218338,-1.500000,-0.169225,-3.000000,-1.909142,0.000000,-0.011741,0.000000,0.079157,1.000000
22139.000000,1.000000,0.000000,117.312843,-1.500000,-0.169311,-3.000000,-1.909334,0.000000,0.019167,0.000000,0.116385,1.000000
22149.000000,1.000000,0.000000,117.240364,-1.500000,-0.169266,-3.000000,-1.909520,0.000000,0.034604,0.000000,0.086115,1.000000
22159.000000,1.000000,0.000000,117.377678,-1.500000,-0.169630,-3.000000,-1.909879,0.000000,-0.013079,0.000000,0.099422,1.000000
22169.000000,1.000000,0.000000,117.541603,-1.500000,-0.170178,-3.000000,-1.910281,0.000000,-0.052328,0.000000,0.082985,1.000000
22179.000000,1.000000,0.000000,117.864357,-1.500000,-0.170481,-3.000000,-1.910298,0.000000,-0.008186,0.000000,0.118886,1.000000
22189.000000,1.000000,0.000000,118.081055,-1.500000,-0.170260,-3.000000,-1.910097,0.000000,0.014398,0.000000,0.101248,1.000000
22199.000000,1.000000,0.000000,117.962822,-1.500000,-0.169855,-3.000000,-1.909930,0.000000,0.060457,0.000000,0.104111,1.000000
22209.000000,1.000000,0.000000,118.123955,-1.500000,-0.169813,-3.000000,-1.909712,0.000000,-0.002685,0.000000,0.114290,1.000000
22219.000000,1.000000,0.000000,118.048767,-1.500000,-0.169739,-3.000000,-1.909463,0.000000,-0.005567,0.000000,0.122381,1.000000
22229.000000,1.000000,0.000000,118.031151,-1.500000,-0.169856,-3.000000,-1.909392,0.000000,-0.003752,0.000000,0.088504,1.000000
22239.000000,1.000000,0.000000,118.022499,-1.500000,-0.169832,-3.000000,-1.909202,0.000000,0.031927,0.000000,0.146135,1.000000
22249.000000,1.000000,0.000000,118.112801,-1.500000,-0.169548,-3.000000,-1.909231,0.000000,0.014147,0.000000,0.083576,1.000000
22259.000000,1.000000,0.000000,118.087158,-1.500000,-0.169650,-3.000000,-1.909280,0.000000,-0.011443,0.000000,0.100271,1.000000
22269.000000,1.000000,0.000000,117.965080,-1.500000,-0.169276,-3.000000,-1.909445,0.000000,0.056690,0.000000,0.076695,1.000000
22279.000000,1.000000,0.000000,117.862686,-1.500000,-0.168828,-3.000000,-1.909297,0.000000,0.022056,0.000000,0.136780,1.000000
22289.000000,1.000000,0.000000,117.729813,-1.500000,-0.168825,-3.000000,-1.908857,0.000000,0.004403,0.000000,0.094609,1.000000
22299.000000,1.000000,0.000000,118.378502,-1.500000,-0.168884,-3.000000,-1.908788,0.000000,-0.027854,0.000000,0.108944,1.000000
22309.000000,1.000000,0.000000,118.556709,-1.500000,-0.168964,-3.000000,-1.908909,0.000000,0.020732,0.000000,0.104485,1.000000
22319.000000,1.000000,0.000000,118.704430,-1.500000,-0.169063,-3.000000,-1.909334,0.000000,0.011469,0.000000,0.101223,1.000000
22329.000000,1.000000,0.000000,118.668556,-1.500000,-0.169161,-3.000000,-1.909648,0.000000,0.040559,0.000000,0.115367,1.000000
22339.000000,1.000000,0.000000,118.793556,-1.500000,-0.169089,-3.000000,-1.910110,0.000000,-0.021050,0.000000,0.084652,1.000000
22349.000000,1.000000,0.000000,118.846603,-1.500000,-0.168929,-3.000000,-1.910222,0.000000,-0.009323,0.000000,0.116139,1.000000
22359.000000,1.000000,0.000000,118.793472,-1.500000,-0.168665,-3.000000,-1.910471,0.000000,0.047944,0.000000,0.062873,1.000000
22369.000000,1.000000,0.000000,118.603996,-1.500000,-0.168539,-3.000000,-1.910844,0.000000,-0.002791,0.000000,0.103183,1.000000
22379.000000,1.000000,0.000000,118.552200,-1.500000,-0.168209,-3.000000,-1.910921,0.000000,-0.009319,0.000000,0.051971,1.000000
22389.000000,1.000000,0.000000,118.606262,-1.500000,-0.167927,-3.000000,-1.911044,0.000000,0.035521,0.000000,0.101494,1.000000
22399.000000,1.000000,0.000000,118.600082,-1.500000,-0.167903,-3.000000,-1.910756,0.000000,-0.031406,0.000000,0.108009,1.000000
22409.000000,1.000000,0.000000,118.185226,-1.500000,-0.168260,-3.000000,-1.911004,0.000000,-0.001299,0.000000,0.072675,1.000000
22419.000000,1.000000,0.000000,117.941254,-1.500000,-0.168153,-3.000000,-1.910838,0.000000,0.029426,0.000000,0.087158,1.000000
22429.000000,1.000000,0.000000,117.893066,-1.500000,-0.168084,-3.000000,-1.910792,0.000000,0.015209,0.000000,0.108746,1.000000
22439.000000,1.000000,0.000000,117.906662,-1.500000,-0.167914,-3.000000,-1.910865,0.000000,0.010357,0.000000,0.064500,1.000000
22449.000000,1.000000,0.000000,117.917747,-1.500000,-0.168093,-3.000000,-1.910490,0.000000,-0.002117,0.000000,0.118634,1.000000
22459.000000,1.000000,0.000000,117.920090,-1.500000,-0.168254,-3.000000,-1.910200,0.000000,0.019565,0.000000,0.085789,1.000000
22469.000000,1.000000,0.000000,118.025299,-1.500000,-0.168298,-3.000000,-1.910088,0.000000,0.000918,0.000000,0.105996,1.000000
22479.000000,1.000000,0.000000,118.111580,-1.500000,-0.168791,-3.000000,-1.909963,0.000000,-0.071568,0.000000,0.112070,1.000000
22489.000000,1.000000,0.000000,118.081696,-1.500000,-0.169186,-3.000000,-1.910201,0.000000,-0.017717,0.000000,0.095289,1.000000
22499.000000,1.000000,0.000000,117.808640,-1.500000,-0.169063,-3.000000,-1.910550,0.000000,0.033962,0.000000,0.121209,1.000000
22509.000000,1.000000,0.000000,117.680122,-1.500000,-0.169045,-3.000000,-1.910310,0.000000,-0.023240,0.000000,0.113457,1.000000
22519.000000,1.000000,0.000000,117.676659,-1.500000,-0.169034,-3.000000,-1.910589,0.000000,-0.002661,0.000000,0.052092,1.000000
22529.000000,1.000000,0.000000,117.864494,-1.500000,-0.169335,-3.000000,-1.910614,0.000000,-0.014045,0.000000,0.075784,1.000000
22539.000000,1.000000,0.000000,117.803894,-1.500000,-0.169110,-3.000000,-1.910821,0.000000,0.036809,0.000000,0.050933,1.000000
22549.000000,1.000000,0.000000,117.621986,-1.500000,-0.169080,-3.000000,-1.910414,0.000000,0.006864,0.000000,0.124509,1.000000
22559.000000,1.000000,0.000000,117.476151,-1.500000,-0.168895,-3.000000,-1.910227,0.000000,0.029919,0.000000,0.060796,1.000000
22569.000000,1.000000,0.000000,117.408813,-1.500000,-0.168509,-3.000000,-1.910437,0.000000,0.020234,0.000000,0.082705,1.000000
22579.000000,1.000000,0.000000,117.405144,-1.500000,-0.168573,-3.000000,-1.910338,0.000000,-0.013072,0.000000,0.121401,1.000000
22589.000000,1.000000,0.000000,117.196030,-1.500000,-0.168792,-3.000000,-1.910273,0.000000,-0.012617,0.000000,0.112795,1.000000
22599.000000,1.000000,0.000000,116.922691,-1.500000,-0.168972,-3.000000,-1.910141,0.000000,0.013253,0.000000,0.107610,1.000000
22609.000000,1.000000,0.000000,117.007339,-1.500000,-0.168970,-3.000000,-1.910064,0.000000,0.009251,0.000000,0.095634,1.000000
22619.000000,1.000000,0.000000,117.314827,-1.500000,-0.168742,-3.000000,-1.910023,0.000000,0.017634,0.000000,0.108328,1.000000
22629.000000,1.000000,0.000000,117.617622,-1.500000,-0.168732,-3.000000,-1.910356,0.000000,-0.010670,0.000000,0.053182,1.000000
22639.000000,1.000000,0.000000,117.828972,-1.500000,-0.168567,-3.000000,-1.910160,0.000000,0.018316,0.000000,0.120266,1.000000
22649.000000,1.000000,0.000000,117.855118,-1.500000,-0.168325,-3.000000,-1.909896,0.000000,0.039210,0.000000,0.104773,1.000000
22659.000000,1.000000,0.000000,117.774940,-1.500000,-0.168260,-3.000000,-1.910074,0.000000,-0.005755,0.000000,0.115025,1.000000
22669.000000,1.000000,0.000000,117.657425,-1.500000,-0.168198,-3.000000,-1.910098,0.000000,-0.005372,0.000000,0.112874,1.000000
22679.000000,1.000000,0.000000,117.610382,-1.500000,-0.168232,-3.000000,-1.909998,0.000000,-0.002215,0.000000,0.129904,1.000000
22689.000000,1.000000,0.000000,117.874069,-1.500000,-0.168560,-3.000000,-1.909710,0.000000,-0.031935,0.000000,0.132273,1.000000
22699.000000,1.000000,0.000000,117.787437,-1.500000,-0.168909,-3.000000,-1.909464,0.000000,0.026517,0.000000,0.107907,1.000000
22709.000000,1.000000,0.000000,118.019424,-1.500000,-0.168927,-3.000000,-1.909427,0.000000,-0.015636,0.000000,0.105605,1.000000
22719.000000,1.000000,0.000000,117.855461,-1.500000,-0.169215,-3.000000,-1.909805,0.000000,-0.006328,0.000000,0.063539,1.000000
22729.000000,1.000000,0.000000,118.022041,-1.500000,-0.169285,-3.000000,-1.910367,0.000000,-0.001611,0.000000,0.089896,1.000000
22739.000000,1.000000,0.000000,118.009125,-1.500000,-0.169455,-3.000000,-1.910425,0.000000,-0.028089,0.000000,0.120568,0.000000
22749.000000,1.000000,0.000000,118.099464,-1.500000,-0.169295,-3.000000,-1.910457,0.000000,0.017176,0.000000,0.082354,0.000000
22759.000000,1.000000,0.000000,118.324913,-1.500000,-0.169064,-3.000000,-1.910461,0.000000,-0.002600,0.000000,0.105672,0.000000
22769.000000,1.000000,0.000000,118.560745,-1.500000,-0.169129,-3.000000,-1.910299,0.000000,-0.001766,0.000000,0.084970,0.000000
22779.000000,1.000000,0.000000,118.705124,-1.500000,-0.169122,-3.000000,-1.910201,0.000000,0.010769,0.000000,0.109829,0.000000
22789.000000,1.000000,0.000000,118.519279,-1.500000,-0.168947,-3.000000,-1.910101,0.000000,0.019992,0.000000,0.109940,0.000000
22799.000000,1.000000,0.000000,118.168236,-1.500000,-0.168875,-3.000000,-1.909975,0.000000,-0.013444,0.000000,0.064899,0.000000
22809.000000,1.000000,0.000000,117.876701,-1.500000,-0.168710,-3.000000,-1.909984,0.000000,0.027668,0.000000,0.078518,0.000000
22819.000000,1.000000,0.000000,117.542442,-1.500000,-0.168747,-3.000000,-1.910038,0.000000,-0.003451,0.000000,0.130455,0.000000
22829.000000,1.000000,0.000000,117.358864,-1.500000,-0.168817,-3.000000,-1.910351,0.000000,-0.005203,0.000000,0.065070,0.000000
22839.000000,1.000000,0.000000,117.600563,-1.500000,-0.168840,-3.000000,-1.910249,0.000000,-0.001601,0.000000,0.155140,0.000000
22849.000000,1.000000,0.000000,117.716515,-1.500000,-0.168807,-3.000000,-1.909884,0.000000,0.023988,0.000000,0.100851,0.000000
22859.000000,1.000000,0.000000,117.853516,-1.500000,-0.168775,-3.000000,-1.909741,0.000000,-0.008066,0.000000,0.126251,0.000000
22869.000000,1.000000,0.000000,117.767593,-1.500000,-0.168873,-3.000000,-1.909067,0.000000,-0.032082,0.000000,0.129376,0.000000
22879.000000,1.000000,0.000000,117.692886,-1.500000,-0.168708,-3.000000,-1.908749,0.000000,0.039308,0.000000,0.166045,0.000000
22889.000000,1.000000,0.000000,117.426750,-1.500000,-0.168270,-3.000000,-1.908325,0.000000,0.022529,0.000000,0.113064,0.000000
22899.000000,1.000000,0.000000,117.256165,-1.500000,-0.168222,-3.000000,-1.908345,0.000000,0.000673,0.000000,0.117705,0.000000
22909.000000,1.000000,0.000000,116.971939,-1.500000,-0.168295,-3.000000,-1.908293,0.000000,-0.010910,0.000000,0.112213,0.000000
22919.000000,1.000000,0.000000,116.994431,-1.500000,-0.168479,-3.000000,-1.908168,0.000000,-0.007979,0.000000,0.123331,0.000000
22929.000000,1.000000,0.000000,117.217743,-1.500000,-0.168515,-3.000000,-1.908058,0.000000,-0.011663,0.000000,0.104022,0.000000
22939.000000,1.000000,0.000000,117.297478,-1.500000,-0.168686,-3.000000,-1.907581,0.000000,-0.008849,0.000000,0.135967,0.000000
22949.000000,1.000000,0.000000,117.312111,-1.500000,-0.168728,-3.000000,-1.907220,0.000000,-0.006473,0.000000,0.092340,0.000000
22959.000000,1.000000,0.000000,117.372482,-1.500000,-0.168972,-3.000000,-1.907202,0.000000,-0.039508,0.000000,0.119839,1.000000
22969.000000,1.000000,0.000000,117.476501,-1.500000,-0.169298,-3.000000,-1.907254,0.000000,-0.003045,0.000000,0.096687,1.000000
22979.000000,1.000000,0.000000,117.562141,-1.500000,-0.169545,-3.000000,-1.906920,0.000000,-0.048423,0.000000,0.137125,1.000000
22989.000000,1.000000,0.000000,117.579445,-1.500000,-0.169759,-3.000000,-1.906937,0.000000,0.021375,0.000000,0.082464,1.000000
22999.000000,1.000000,0.000000,117.542824,-1.500000,-0.169772,-3.000000,-1.906760,0.000000,-0.034369,0.000000,0.127351,1.000000
23009.000000,1.000000,0.000000,117.668922,-1.500000,-0.169872,-3.000000,-1.906382,0.000000,0.007492,0.000000,0.101960,1.000000
23019.000000,1.000000,0.000000,117.722191,-1.500000,-0.170109,-3.000000,-1.906444,0.000000,-0.016643,0.000000,0.096334,1.000000
23029.000000,1.000000,0.000000,117.614418,-1.500000,-0.170220,-3.000000,-1.906331,0.000000,0.010011,0.000000,0.113869,1.000000
23039.000000,1.000000,0.000000,117.618477,-1.500000,-0.170391,-3.000000,-1.905936,0.000000,-0.003768,0.000000,0.126996,1.000000
23049.000000,1.000000,0.000000,117.621910,-1.500000,-0.170213,-3.000000,-1.905575,0.000000,0.019483,0.000000,0.112918,1.000000
23059.000000,1.000000,0.000000,117.774605,-1.500000,-0.170283,-3.000000,-1.905521,0.000000,-0.005093,0.000000,0.106332,1.000000
23069.000000,1.000000,0.000000,117.999565,-1.500000,-0.170060,-3.000000,-1.905442,0.000000,0.040059,0.000000,0.089864,1.000000
23079.000000,1.000000,0.000000,118.184464,-1.500000,-0.170055,-3.000000,-1.905207,0.000000,0.007334,0.000000,0.099034,1.000000
23089.000000,1.000000,0.000000,118.245461,-1.500000,-0.170169,-3.000000,-1.904819,0.000000,-0.020385,0.000000,0.117077,1.000000
23099.000000,1.000000,0.000000,118.143547,-1.500000,-0.170127,-3.000000,-1.904968,0.000000,0.048297,0.000000,0.070672,1.000000
23109.000000,1.000000,0.000000,118.101303,-1.500000,-0.169877,-3.000000,-1.905091,0.000000,-0.002566,0.000000,0.116909,1.000000
23119.000000,1.000000,0.000000,118.171684,-1.500000,-0.170205,-3.000000,-1.904763,0.000000,-0.061293,0.000000,0.111134,1.000000
23129.000000,1.000000,0.000000,118.275772,-1.500000,-0.170092,-3.000000,-1.904690,0.000000,0.007133,0.000000,0.102007,1.000000
23139.000000,1.000000,0.000000,118.407898,-1.500000,-0.169812,-3.000000,-1.904647,0.000000,0.010185,0.000000,0.088991,1.000000
23149.000000,1.000000,0.000000,118.516090,-1.500000,-0.169192,-3.000000,-1.904610,0.000000,0.025810,0.000000,0.137571,1.000000
23159.000000,1.000000,0.000000,118.553528,-1.500000,-0.169137,-3.000000,-1.904451,0.000000,-0.004116,0.000000,0.106551,1.000000
23169.000000,1.000000,0.000000,118.540154,-1.500000,-0.169399,-3.000000,-1.904549,0.000000,-0.002266,0.000000,0.077002,1.000000
23179.000000,1.000000,0.000000,118.628433,-1.500000,-0.169459,-3.000000,-1.904536,0.000000,-0.023736,0.000000,0.117258,1.000000
23189.000000,1.000000,0.000000,118.604828,-1.500000,-0.169504,-3.000000,-1.904666,0.000000,-0.015060,0.000000,0.096376,1.000000
23199.000000,1.000000,0.000000,118.288239,-1.500000,-0.169552,-3.000000,-1.904593,0.000000,-0.006445,0.000000,0.130420,1.000000
23209.000000,1.000000,0.000000,117.928757,-1.500000,-0.169785,-3.000000,-1.904230,0.000000,-0.032372,0.000000,0.149430,1.000000
23219.000000,1.000000,0.000000,117.728584,-1.500000,-0.169973,-3.000000,-1.904138,0.000000,0.001372,0.000000,0.126773,1.000000
23229.000000,1.000000,0.000000,117.656181,-1.500000,-0.169779,-3.000000,-1.904364,0.000000,0.032272,0.000000,0.116838,1.000000
23239.000000,1.000000,0.000000,117.547508,-1.500000,-0.169656,-3.000000,-1.904104,0.000000,-0.000080,0.000000,0.141003,1.000000
23249.000000,1.000000,0.000000,117.572716,-1.500000,-0.169984,-3.000000,-1.903948,0.000000,-0.026743,0.000000,0.105644,1.000000
23259.000000,1.000000,0.000000,117.688751,-1.500000,-0.170292,-3.000000,-1.903980,0.000000,0.004858,0.000000,0.079533,1.000000
23269.000000,1.000000,0.000000,117.784081,-1.500000,-0.170408,-3.000000,-1.904050,0.000000,-0.013824,0.000000,0.114928,1.000000
23279.000000,1.000000,0.000000,117.354187,-1.500000,-0.170632,-3.000000,-1.904078,0.000000,-0.028042,0.000000,0.100993,1.000000
23289.000000,1.000000,0.000000,117.048325,-1.500000,-0.170399,-3.000000,-1.904069,0.000000,0.014970,0.000000,0.093994,1.000000
23299.000000,1.000000,0.000000,116.901466,-1.500000,-0.170411,-3.000000,-1.904151,0.000000,-0.013693,0.000000,0.105839,1.000000
23309.000000,1.000000,0.000000,116.884689,-1.500000,-0.170653,-3.000000,-1.904070,0.000000,-0.006892,0.000000,0.115064,1.000000
23319.000000,1.000000,0.000000,116.817192,-1.500000,-0.170714,-3.000000,-1.904010,0.000000,0.022610,0.000000,0.100469,1.000000
23329.000000,1.000000,0.000000,116.669487,-1.500000,-0.170505,-3.000000,-1.904011,0.000000,0.018080,0.000000,0.089497,1.000000
23339.000000,1.000000,0.000000,116.593704,-1.500000,-0.170535,-3.000000,-1.903807,0.000000,0.001725,0.000000,0.139821,1.000000
23349.000000,1.000000,0.000000,116.836830,-1.500000,-0.170368,-3.000000,-1.903628,0.000000,-0.001102,0.000000,0.111525,1.000000
23359.000000,1.000000,0.000000,117.081482,-1.500000,-0.170324,-3.000000,-1.903487,0.000000,0.005226,0.000000,0.085928,1.000000
23369.000000,1.000000,0.000000,116.986931,-1.500000,-0.170369,-3.000000,-1.903497,0.000000,-0.052888,0.000000,0.093742,1.000000
23379.000000,1.000000,0.000000,116.957336,-1.500000,-0.170639,-3.000000,-1.903678,0.000000,-0.046507,0.000000,0.086936,1.000000
23389.000000,1.000000,0.000000,117.186852,-1.500000,-0.170684,-3.000000,-1.903866,0.000000,0.005986,0.000000,0.100088,1.000000
23399.000000,1.000000,0.000000,117.375938,-1.500000,-0.170526,-3.000000,-1.904174,0.000000,-0.010821,0.000000,0.115059,1.000000
23409.000000,1.000000,0.000000,117.426498,-1.500000,-0.170228,-3.000000,-1.904228,0.000000,-0.001626,0.000000,0.124337,1.000000
23419.000000,1.000000,0.000000,117.417603,-1.500000,-0.169820,-3.000000,-1.904358,0.000000,-0.006842,0.000000,0.103173,1.000000
23429.000000,1.000000,0.000000,117.363396,-1.500000,-0.169784,-3.000000,-1.904365,0.000000,-0.016391,0.000000,0.097986,1.000000
23439.000000,1.000000,0.000000,117.371490,-1.500000,-0.169763,-3.000000,-1.904366,0.000000,0.015223,0.000000,0.091152,1.000000
23449.000000,1.000000,0.000000,117.581253,-1.500000,-0.169829,-3.000000,-1.904460,0.000000,-0.024841,0.000000,0.106453,1.000000
23459.000000,1.000000,0.000000,117.651466,-1.500000,-0.169708,-3.000000,-1.904747,0.000000,0.017060,0.000000,0.081994,1.000000
23469.000000,1.000000,0.000000,117.761864,-1.500000,-0.169615,-3.000000,-1.904730,0.000000,0.007150,0.000000,0.103473,1.000000
23479.000000,1.000000,0.000000,117.649925,-1.500000,-0.169539,-3.000000,-1.904586,0.000000,-0.007587,0.000000,0.118360,1.000000
23489.000000,1.000000,0.000000,117.458443,-1.500000,-0.168876,-3.000000,-1.904549,0.000000,0.034730,0.000000,0.086411,1.000000
23499.000000,1.000000,0.000000,117.397438,-1.500000,-0.168765,-3.000000,-1.905015,0.000000,-0.020627,0.000000,0.092340,1.000000
23509.000000,1.000000,0.000000,117.455681,-1.500000,-0.168704,-3.000000,-1.905178,0.000000,-0.007121,0.000000,0.115105,1.000000
23519.000000,1.000000,0.000000,117.342697,-1.500000,-0.168599,-3.000000,-1.905312,0.000000,-0.008909,0.000000,0.081016,1.000000
23529.000000,1.000000,0.000000,117.305130,-1.500000,-0.168395,-3.000000,-1.905685,0.000000,0.002785,0.000000,0.122985,1.000000
23539.000000,1.000000,0.000000,117.066696,-1.500000,-0.168555,-3.000000,-1.905695,0.000000,-0.009999,0.000000,0.111699,1.000000
23549.000000,1.000000,0.000000,117.076370,-1.500000,-0.169078,-3.000000,-1.905756,0.000000,-0.014372,0.000000,0.138312,1.000000
23559.000000,1.000000,0.000000,117.128876,-1.500000,-0.169696,-3.000000,-1.905671,0.000000,-0.015585,0.000000,0.120836,1.000000
23569.000000,1.000000,0.000000,117.416992,-1.500000,-0.170101,-3.000000,-1.905510,0.000000,-0.000888,0.000000,0.114130,1.000000
23579.000000,1.000000,0.000000,117.548012,-1.500000,-0.170361,-3.000000,-1.905609,0.000000,-0.011151,0.000000,0.120212,1.000000
23589.000000,1.000000,0.000000,117.769279,-1.500000,-0.170559,-3.000000,-1.905336,0.000000,0.028535,0.000000,0.133663,1.000000
23599.000000,1.000000,0.000000,117.858505,-1.500000,-0.170470,-3.000000,-1.905552,0.000000,0.024747,0.000000,0.109814,1.000000
23609.000000,1.000000,0.000000,117.986717,-1.500000,-0.170397,-3.000000,-1.905605,0.000000,0.029632,0.000000,0.133620,1.000000
23619.000000,1.000000,0.000000,117.818398,-1.500000,-0.170332,-3.000000,-1.905704,0.000000,-0.021391,0.000000,0.079649,1.000000
23629.000000,1.000000,0.000000,117.835716,-1.500000,-0.170215,-3.000000,-1.905349,0.000000,0.007831,0.000000,0.111611,1.000000
23639.000000,1.000000,0.000000,118.215828,-1.500000,-0.170318,-3.000000,-1.905308,0.000000,-0.021548,0.000000,0.118627,1.000000
23649.000000,1.000000,0.000000,118.324921,-1.500000,-0.170427,-3.000000,-1.905242,0.000000,-0.032863,0.000000,0.116842,1.000000
23659.000000,1.000000,0.000000,118.159462,-1.500000,-0.170447,-3.000000,-1.905621,0.000000,0.012542,0.000000,0.060420,1.000000
23669.000000,1.000000,0.000000,118.023232,-1.500000,-0.170303,-3.000000,-1.905370,0.000000,-0.043666,0.000000,0.139681,1.000000
23679.000000,1.000000,0.000000,117.957611,-1.500000,-0.170488,-3.000000,-1.905222,0.000000,-0.023102,0.000000,0.110255,1.000000
23689.000000,1.000000,0.000000,117.903389,-1.500000,-0.169969,-3.000000,-1.904878,0.000000,0.027425,0.000000,0.135800,1.000000
23699.000000,1.000000,0.000000,117.658783,-1.500000,-0.169608,-3.000000,-1.905079,0.000000,0.043424,0.000000,0.086877,1.000000
23709.000000,1.000000,0.000000,117.510727,-1.500000,-0.169388,-3.000000,-1.905097,0.000000,-0.011730,0.000000,0.111991,1.000000
23719.000000,1.000000,0.000000,117.593994,-1.500000,-0.169314,-3.000000,-1.905069,0.000000,0.004795,0.000000,0.141189,1.000000
23729.000000,1.000000,0.000000,118.010750,-1.500000,-0.168954,-3.000000,-1.905219,0.000000,0.033327,0.000000,0.114905,1.000000
23739.000000,1.000000,0.000000,118.099510,-1.500000,-0.168912,-3.000000,-1.905432,0.000000,-0.002096,0.000000,0.063683,1.000000
23749.000000,1.000000,0.000000,118.071594,-1.500000,-0.169017,-3.000000,-1.905416,0.000000,-0.016025,0.000000,0.125551,1.000000
23759.000000,1.000000,0.000000,118.095177,-1.500000,-0.169129,-3.000000,-1.905328,0.000000,0.008625,0.000000,0.099576,1.000000
23769.000000,1.000000,0.000000,117.754066,-1.500000,-0.169296,-3.000000,-1.905251,0.000000,-0.019819,0.000000,0.123748,1.000000
23779.000000,1.000000,0.000000,117.517693,-1.500000,-0.169425,-3.000000,-1.904937,0.000000,0.006894,0.000000,0.131158,1.000000
23789.000000,1.000000,0.000000,117.532471,-1.500000,-0.169018,-3.000000,-1.904793,0.000000,0.029254,0.000000,0.083106,1.000000
23799.000000,1.000000,0.000000,117.597687,-1.500000,-0.169070,-3.000000,-1.905069,0.000000,0.002886,0.000000,0.071915,1.000000
23809.000000,1.000000,0.000000,117.889526,-1.500000,-0.168913,-3.000000,-1.905445,0.000000,-0.010162,0.000000,0.102195,1.000000
23819.000000,1.000000,0.000000,117.895081,-1.500000,-0.169121,-3.000000,-1.905524,0.000000,-0.010524,0.000000,0.086515,1.000000
23829.000000,1.000000,0.000000,117.453651,-1.500000,-0.169172,-3.000000,-1.905551,0.000000,0.008463,0.000000,0.099478,1.000000
23839.000000,1.000000,0.000000,117.047699,-1.500000,-0.169394,-3.000000,-1.905411,0.000000,-0.008358,0.000000,0.143361,1.000000
23849.000000,1.000000,0.000000,116.960602,-1.500000,-0.169317,-3.000000,-1.905161,0.000000,0.016419,0.000000,0.115293,1.000000
23859.000000,1.000000,0.000000,117.085907,-1.500000,-0.168959,-3.000000,-1.905500,0.000000,0.040215,0.000000,0.113393,1.000000
23869.000000,1.000000,0.000000,117.089027,-1.500000,-0.168723,-3.000000,-1.905380,0.000000,-0.014398,0.000000,0.128355,1.000000
23879.000000,1.000000,0.000000,117.201607,-1.500000,-0.168796,-3.000000,-1.905745,0.000000,0.006341,0.000000,0.066278,1.000000
23889.000000,1.000000,0.000000,117.543114,-1.500000,-0.168795,-3.000000,-1.905856,0.000000,0.013295,0.000000,0.079305,1.000000
23899.000000,1.000000,0.000000,117.866737,-1.500000,-0.168905,-3.000000,-1.905763,0.000000,0.003797,0.000000,0.131168,1.000000
23909.000000,1.000000,0.000000,117.874855,-1.500000,-0.168769,-3.000000,-1.905756,0.000000,0.000826,0.000000,0.108078,1.000000
23919.000000,1.000000,0.000000,117.881378,-1.500000,-0.168559,-3.000000,-1.905826,0.000000,-0.024576,0.000000,0.113485,1.000000
23929.000000,1.000000,0.000000,117.641953,-1.500000,-0.168672,-3.000000,-1.905656,0.000000,0.017330,0.000000,0.119783,1.000000
23939.000000,1.000000,0.000000,117.548256,-1.500000,-0.168719,-3.000000,-1.905567,0.000000,-0.012399,0.000000,0.075357,1.000000
23949.000000,1.000000,0.000000,117.522003,-1.500000,-0.168578,-3.000000,-1.905739,0.000000,0.041557,0.000000,0.064433,1.000000
23959.000000,1.000000,0.000000,117.598167,-1.500000,-0.168232,-3.000000,-1.905762,0.000000,0.010952,0.000000,0.128335,1.000000
23969.000000,1.000000,0.000000,117.410248,-1.500000,-0.168435,-3.000000,-1.905615,0.000000,-0.016854,0.000000,0.116372,1.000000
23979.000000,1.000000,0.000000,117.455765,-1.500000,-0.168432,-3.000000,-1.905487,0.000000,0.011298,0.000000,0.094281,1.000000
23989.000000,1.000000,0.000000,117.493217,-1.500000,-0.168428,-3.000000,-1.905815,0.000000,-0.007949,0.000000,0.072578,1.000000
23999.000000,1.000000,0.000000,117.374008,-1.500000,-0.168310,-3.000000,-1.906098,0.000000,0.017887,0.000000,0.101989,1.000000
24009.000000,1.000000,0.000000,117.477646,-1.500000,-0.168086,-3.000000,-1.906054,0.000000,-0.028849,0.000000,0.116102,1.000000
24019.000000,1.000000,0.000000,117.365540,-1.500000,-0.168253,-3.000000,-1.906064,0.000000,-0.004901,0.000000,0.080245,1.000000
24029.000000,1.000000,0.000000,117.518852,-1.500000,-0.168184,-3.000000,-1.906125,0.000000,-0.000296,0.000000,0.110788,1.000000
24039.000000,1.000000,0.000000,117.593231,-1.500000,-0.168169,-3.000000,-1.905782,0.000000,0.012887,0.000000,0.149415,1.000000
24049.000000,1.000000,0.000000,117.754898,-1.500000,-0.167978,-3.000000,-1.905819,0.000000,-0.001245,0.000000,0.114984,1.000000
24059.000000,1.000000,0.000000,117.586678,-1.500000,-0.167789,-3.000000,-1.906129,0.000000,0.025593,0.000000,0.108580,1.000000
24069.000000,1.000000,0.000000,117.448631,-1.500000,-0.167727,-3.000000,-1.905825,0.000000,0.006816,0.000000,0.116918,1.000000
24079.000000,1.000000,0.000000,116.995453,-1.500000,-0.167495,-3.000000,-1.905923,0.000000,0.014386,0.000000,0.095234,1.000000
24089.000000,1.000000,0.000000,117.017540,-1.500000,-0.166809,-3.000000,-1.906324,0.000000,-0.022750,0.000000,0.113678,1.000000
24099.000000,1.000000,0.000000,116.789894,-1.500000,-0.166771,-3.000000,-1.906232,0.000000,0.000167,0.000000,0.122992,1.000000
24109.000000,1.000000,0.000000,116.943626,-1.500000,-0.166618,-3.000000,-1.906110,0.000000,-0.003326,0.000000,0.131476,1.000000
24119.000000,1.000000,0.000000,116.975647,-1.500000,-0.166887,-3.000000,-1.905788,0.000000,-0.033296,0.000000,0.117226,1.000000
24129.000000,1.000000,0.000000,117.198143,-1.500000,-0.167437,-3.000000,-1.905853,0.000000,-0.041854,0.000000,0.103731,1.000000
24139.000000,1.000000,0.000000,117.186234,-1.500000,-0.167585,-3.000000,-1.905684,0.000000,0.000488,0.000000,0.115457,1.000000
24149.000000,1.000000,0.000000,117.229507,-1.500000,-0.167323,-3.000000,-1.905599,0.000000,0.008346,0.000000,0.091929,1.000000
24159.000000,1.000000,0.000000,117.214195,-1.500000,-0.166914,-3.000000,-1.905553,0.000000,0.009954,0.000000,0.164421,1.000000
24169.000000,1.000000,0.000000,117.455093,-1.500000,-0.166786,-3.000000,-1.905443,0.000000,0.006594,0.000000,0.114429,1.000000
24179.000000,1.000000,0.000000,117.751328,-1.500000,-0.166462,-3.000000,-1.905795,0.000000,0.014342,0.000000,0.094885,1.000000
24189.000000,1.000000,0.000000,117.898575,-1.500000,-0.166438,-3.000000,-1.906015,0.000000,0.001139,0.000000,0.109119,1.000000
24199.000000,1.000000,0.000000,117.965424,-1.500000,-0.166171,-3.000000,-1.906381,0.000000,0.000922,0.000000,0.125176,1.000000
24209.000000,1.000000,0.000000,117.968628,-1.500000,-0.166202,-3.000000,-1.906590,0.000000,0.012006,0.000000,0.106668,1.000000
24219.000000,1.000000,0.000000,117.970894,-1.500000,-0.165828,-3.000000,-1.907073,0.000000,0.040456,0.000000,0.093604,1.000000
24229.000000,1.000000,0.000000,117.877472,-1.500000,-0.165516,-3.000000,-1.906962,0.000000,0.013323,0.000000,0.100278,1.000000
24239.000000,1.000000,0.000000,117.753044,-1.500000,-0.165182,-3.000000,-1.906851,0.000000,0.021876,0.000000,0.110196,1.000000
24249.000000,1.000000,0.000000,117.395157,-1.500000,-0.165206,-3.000000,-1.906822,0.000000,0.026889,0.000000,0.104133,1.000000
24259.000000,1.000000,0.000000,117.149712,-1.500000,-0.165269,-3.000000,-1.906680,0.000000,-0.008162,0.000000,0.114606,1.000000
24269.000000,1.000000,0.000000,117.152397,-1.500000,-0.165626,-3.000000,-1.906603,0.000000,0.001379,0.000000,0.117625,1.000000
24279.000000,1.000000,0.000000,117.353897,-1.500000,-0.165988,-3.000000,-1.907261,0.000000,-0.030128,0.000000,0.081536,1.000000
24289.000000,1.000000,0.000000,117.520950,-1.500000,-0.166260,-3.000000,-1.907532,0.000000,-0.026458,0.000000,0.129363,1.000000
24299.000000,1.000000,0.000000,117.349426,-1.500000,-0.166336,-3.000000,-1.907866,0.000000,0.004774,0.000000,0.097171,1.000000
24309.000000,1.000000,0.000000,117.360809,-1.500000,-0.166176,-3.000000,-1.907994,0.000000,-0.008083,0.000000,0.137137,1.000000
24319.000000,1.000000,0.000000,117.066216,-1.500000,-0.166005,-3.000000,-1.908006,0.000000,-0.019428,0.000000,0.125305,1.000000
24329.000000,1.000000,0.000000,116.827309,-1.500000,-0.165734,-3.000000,-1.908131,0.000000,-0.002106,0.000000,0.091459,1.000000
24339.000000,1.000000,0.000000,116.825462,-1.500000,-0.165612,-3.000000,-1.908425,0.000000,0.008279,0.000000,0.106871,1.000000
24349.000000,1.000000,0.000000,116.873817,-1.500000,-0.165373,-3.000000,-1.908568,0.000000,0.021633,0.000000,0.099165,1.000000
24359.000000,1.000000,0.000000,116.924232,-1.500000,-0.165597,-3.000000,-1.908504,0.000000,-0.005843,0.000000,0.152405,1.000000
24369.000000,1.000000,0.000000,116.813530,-1.500000,-0.165585,-3.000000,-1.908288,0.000000,0.010439,0.000000,0.118903,1.000000
24379.000000,1.000000,0.000000,116.872398,-1.500000,-0.165128,-3.000000,-1.908420,0.000000,0.036712,0.000000,0.115150,1.000000
24389.000000,1.000000,0.000000,116.962921,-1.500000,-0.165156,-3.000000,-1.908390,0.000000,0.008146,0.000000,0.116215,1.000000
24399.000000,1.000000,0.000000,117.390297,-1.500000,-0.165000,-3.000000,-1.908252,0.000000,-0.003280,0.000000,0.114002,1.000000
24409.000000,1.000000,0.000000,117.738609,-1.500000,-0.164986,-3.000000,-1.908382,0.000000,0.018689,0.000000,0.114735,1.000000
24419.000000,1.000000,0.000000,117.930473,-1.500000,-0.165321,-3.000000,-1.908417,0.000000,0.009566,0.000000,0.115556,1.000000
24429.000000,1.000000,0.000000,117.889442,-1.500000,-0.165628,-3.000000,-1.908232,0.000000,0.013528,0.000000,0.111320,1.000000
24439.000000,1.000000,0.000000,117.758141,-1.500000,-0.166097,-3.000000,-1.908185,0.000000,-0.007204,0.000000,0.092776,1.000000
24449.000000,1.000000,0.000000,117.750214,-1.500000,-0.166716,-3.000000,-1.907804,0.000000,-0.007347,0.000000,0.130268,1.000000
24459.000000,1.000000,0.000000,117.594894,-1.500000,-0.166868,-3.000000,-1.907542,0.000000,0.017228,0.000000,0.122322,1.000000
24469.000000,1.000000,0.000000,117.663078,-1.500000,-0.166779,-3.000000,-1.907642,0.000000,0.009386,0.000000,0.088002,1.000000
24479.000000,1.000000,0.000000,117.866066,-1.500000,-0.166488,-3.000000,-1.908050,0.000000,0.037858,0.000000,0.124584,1.000000
24489.000000,1.000000,0.000000,118.034180,-1.500000,-0.166119,-3.000000,-1.907807,0.000000,0.026416,0.000000,0.127403,1.000000
24499.000000,1.000000,0.000000,118.269478,-1.500000,-0.165765,-3.000000,-1.907631,0.000000,-0.003989,0.000000,0.116595,1.000000
24509.000000,1.000000,0.000000,118.315720,-1.500000,-0.165407,-3.000000,-1.907469,0.000000,0.013888,0.000000,0.131999,1.000000
24519.000000,1.000000,0.000000,118.203979,-1.500000,-0.164880,-3.000000,-1.907588,0.000000,0.036657,0.000000,0.055425,1.000000
24529.000000,1.000000,0.000000,118.214081,-1.500000,-0.164327,-3.000000,-1.907673,0.000000,0.026316,0.000000,0.140201,1.000000
24539.000000,1.000000,0.000000,118.072952,-1.500000,-0.164211,-3.000000,-1.907581,0.000000,-0.004243,0.000000,0.087077,1.000000
24549.000000,1.000000,0.000000,117.952217,-1.500000,-0.164405,-3.000000,-1.907586,0.000000,0.012086,0.000000,0.088731,1.000000
24559.000000,1.000000,0.000000,117.705620,-1.500000,-0.164343,-3.000000,-1.907726,0.000000,0.034515,0.000000,0.079527,1.000000
24569.000000,1.000000,0.000000,117.445160,-1.500000,-0.164574,-3.000000,-1.907394,0.000000,0.030199,0.000000,0.126598,1.000000
24579.000000,1.000000,0.000000,117.483681,-1.500000,-0.164538,-3.000000,-1.907286,0.000000,0.024315,0.000000,0.089258,1.000000
24589.000000,1.000000,0.000000,117.875595,-1.500000,-0.164549,-3.000000,-1.907196,0.000000,0.015538,0.000000,0.148965,1.000000
24599.000000,1.000000,0.000000,118.144279,-1.500000,-0.164387,-3.000000,-1.907216,0.000000,0.009515,0.000000,0.095335,1.000000
24609.000000,1.000000,0.000000,118.013489,-1.500000,-0.164454,-3.000000,-1.907299,0.000000,-0.008225,0.000000,0.117807,1.000000
24619.000000,1.000000,0.000000,117.852867,-1.500000,-0.164730,-3.000000,-1.907080,0.000000,-0.016584,0.000000,0.119561,1.000000
24629.000000,1.000000,0.000000,117.634941,-1.500000,-0.165101,-3.000000,-1.907033,0.000000,-0.002571,0.000000,0.110573,1.000000
24639.000000,1.000000,0.000000,117.658806,-1.500000,-0.165329,-3.000000,-1.906739,0.000000,0.007597,0.000000,0.130202,1.000000
24649.000000,1.000000,0.000000,117.461540,-1.500000,-0.165103,-3.000000,-1.906463,0.000000,0.010432,0.000000,0.122728,1.000000
24659.000000,1.000000,0.000000,117.343994,-1.500000,-0.165140,-3.000000,-1.906421,0.000000,-0.029085,0.000000,0.087709,1.000000
24669.000000,1.000000,0.000000,117.351135,-1.500000,-0.165111,-3.000000,-1.906625,0.000000,0.001618,0.000000,0.076683,1.000000
24679.000000,1.000000,0.000000,117.360558,-1.500000,-0.165042,-3.000000,-1.906865,0.000000,0.003508,0.000000,0.112131,1.000000
24689.000000,1.000000,0.000000,117.319435,-1.500000,-0.164860,-3.000000,-1.906619,0.000000,-0.018292,0.000000,0.131678,1.000000
24699.000000,1.000000,0.000000,117.232819,-1.500000,-0.164973,-3.000000,-1.906496,0.000000,-0.042938,0.000000,0.113546,1.000000
24709.000000,1.000000,0.000000,117.161865,-1.500000,-0.164679,-3.000000,-1.906363,0.000000,-0.006247,0.000000,0.095781,1.000000
24719.000000,1.000000,0.000000,117.302620,-1.500000,-0.164773,-3.000000,-1.906003,0.000000,-0.030129,0.000000,0.129893,1.000000
24729.000000,1.000000,0.000000,117.472000,-1.500000,-0.164535,-3.000000,-1.905506,0.000000,0.024736,0.000000,0.114502,1.000000
24739.000000,1.000000,0.000000,117.558098,-1.500000,-0.164403,-3.000000,-1.905078,0.000000,-0.037671,0.000000,0.144373,1.000000
24749.000000,1.000000,0.000000,117.619530,-1.500000,-0.164162,-3.000000,-1.905034,0.000000,0.002784,0.000000,0.122675,1.000000
24759.000000,1.000000,0.000000,117.670227,-1.500000,-0.163328,-3.000000,-1.905199,0.000000,0.032487,0.000000,0.091236,1.000000
24769.000000,1.000000,0.000000,117.609665,-1.500000,-0.163225,-3.000000,-1.905416,0.000000,-0.007636,0.000000,0.104431,1.000000
24779.000000,1.000000,0.000000,117.519646,-1.500000,-0.163151,-3.000000,-1.905600,0.000000,0.013087,0.000000,0.111995,1.000000
24789.000000,1.000000,0.000000,117.545021,-1.500000,-0.163002,-3.000000,-1.905869,0.000000,0.023167,0.000000,0.095204,1.000000
24799.000000,1.000000,0.000000,117.616837,-1.500000,-0.162498,-3.000000,-1.905908,0.000000,0.041400,0.000000,0.107423,1.000000
24809.000000,1.000000,0.000000,117.582077,-1.500000,-0.162424,-3.000000,-1.905756,0.000000,-0.012670,0.000000,0.095428,1.000000
24819.000000,1.000000,0.000000,117.653419,-1.500000,-0.162276,-3.000000,-1.905795,0.000000,0.024262,0.000000,0.114559,1.000000
24829.000000,1.000000,0.000000,117.761772,-1.500000,-0.162167,-3.000000,-1.905069,0.000000,-0.015191,0.000000,0.165193,1.000000
24839.000000,1.000000,0.000000,117.747780,-1.500000,-0.162351,-3.000000,-1.904350,0.000000,-0.029123,0.000000,0.108920,1.000000
24849.000000,1.000000,0.000000,117.738983,-1.500000,-0.162207,-3.000000,-1.904225,0.000000,0.017152,0.000000,0.118181,1.000000
24859.000000,1.000000,0.000000,117.621727,-1.500000,-0.162415,-3.000000,-1.904140,0.000000,-0.011678,0.000000,0.119974,1.000000
24869.000000,1.000000,0.000000,117.382477,-1.500000,-0.162388,-3.000000,-1.904220,0.000000,0.019743,0.000000,0.130303,1.000000
24879.000000,1.000000,0.000000,117.286308,-1.500000,-0.162680,-3.000000,-1.903853,0.000000,0.002963,0.000000,0.122293,1.000000
24889.000000,1.000000,0.000000,117.451637,-1.500000,-0.162860,-3.000000,-1.903730,0.000000,0.010215,0.000000,0.098991,1.000000
24899.000000,1.000000,0.000000,117.631203,-1.500000,-0.162902,-3.000000,-1.903676,0.000000,-0.001382,0.000000,0.092289,1.000000
24909.000000,1.000000,0.000000,117.595833,-1.500000,-0.163003,-3.000000,-1.903822,0.000000,0.002868,0.000000,0.079949,1.000000
24919.000000,1.000000,0.000000,117.560181,-1.500000,-0.162814,-3.000000,-1.904113,0.000000,0.010540,0.000000,0.097288,1.000000
24929.000000,1.000000,0.000000,117.633247,-1.500000,-0.162910,-3.000000,-1.903982,0.000000,-0.018375,0.000000,0.145618,1.000000
24939.000000,1.000000,0.000000,117.739700,-1.500000,-0.162657,-3.000000,-1.903954,0.000000,0.007942,0.000000,0.082688,1.000000
24949.000000,1.000000,0.000000,117.875351,-1.500000,-0.162775,-3.000000,-1.904221,0.000000,-0.019247,0.000000,0.089296,1.000000
24959.000000,1.000000,0.000000,117.892494,-1.500000,-0.162850,-3.000000,-1.904592,0.000000,0.005918,0.000000,0.090338,1.000000
24969.000000,1.000000,0.000000,117.853157,-1.500000,-0.163389,-3.000000,-1.904697,0.000000,0.008396,0.000000,0.094178,1.000000
24979.000000,1.000000,0.000000,117.826050,-1.500000,-0.163942,-3.000000,-1.904657,0.000000,-0.002780,0.000000,0.106217,1.000000
24989.000000,1.000000,0.000000,117.700325,-1.500000,-0.164141,-3.000000,-1.904978,0.000000,-0.006710,0.000000,0.090054,1.000000
24999.000000,1.000000,0.000000,117.791588,-1.500000,-0.164108,-3.000000,-1.904886,0.000000,0.002966,0.000000,0.115969,1.000000
25009.000000,1.000000,0.000000,117.764290,-1.500000,-0.163917,-3.000000,-1.905159,0.000000,0.030800,0.000000,0.076064,1.000000
25019.000000,1.000000,0.000000,117.445732,-1.500000,-0.163885,-3.000000,-1.905332,0.000000,-0.007216,0.000000,0.095135,1.000000
25029.000000,1.000000,0.000000,117.084930,-1.500000,-0.163515,-3.000000,-1.905089,0.000000,0.020069,0.000000,0.109924,1.000000
25039.000000,1.000000,0.000000,116.838562,-1.500000,-0.163417,-3.000000,-1.904973,0.000000,-0.021561,0.000000,0.123262,1.000000
25049.000000,1.000000,0.000000,116.791336,-1.500000,-0.163394,-3.000000,-1.904910,0.000000,0.013616,0.000000,0.133277,1.000000
25059.000000,1.000000,0.000000,116.595665,-1.500000,-0.163488,-3.000000,-1.904962,0.000000,-0.000387,0.000000,0.119592,1.000000
25069.000000,1.000000,0.000000,116.876999,-1.500000,-0.163431,-3.000000,-1.905282,0.000000,-0.001497,0.000000,0.093009,1.000000
25079.000000,1.000000,0.000000,117.108604,-1.500000,-0.163267,-3.000000,-1.905255,0.000000,-0.020385,0.000000,0.128573,1.000000
25089.000000,1.000000,0.000000,117.406975,-1.500000,-0.163615,-3.000000,-1.905182,0.000000,-0.046020,0.000000,0.104149,1.000000
25099.000000,1.000000,0.000000,117.663887,-1.500000,-0.163744,-3.000000,-1.905145,0.000000,-0.002078,0.000000,0.105907,1.000000
25109.000000,1.000000,0.000000,117.772408,-1.500000,-0.163793,-3.000000,-1.904832,0.000000,0.004116,0.000000,0.084567,1.000000
25119.000000,1.000000,0.000000,117.758087,-1.500000,-0.163696,-3.000000,-1.904642,0.000000,0.017812,0.000000,0.101932,1.000000
25129.000000,1.000000,0.000000,117.792511,-1.500000,-0.163790,-3.000000,-1.904495,0.000000,-0.001059,0.000000,0.123758,1.000000
25139.000000,1.000000,0.000000,117.771690,-1.500000,-0.163623,-3.000000,-1.904426,0.000000,-0.002731,0.000000,0.108646,1.000000
25149.000000,1.000000,0.000000,117.805763,-1.500000,-0.163814,-3.000000,-1.904387,0.000000,-0.006284,0.000000,0.126346,1.000000
25159.000000,1.000000,0.000000,117.637390,-1.500000,-0.163926,-3.000000,-1.904252,0.000000,-0.042535,0.000000,0.097839,1.000000
25169.000000,1.000000,0.000000,117.344528,-1.500000,-0.164082,-3.000000,-1.904244,0.000000,-0.010006,0.000000,0.114024,1.000000
25179.000000,1.000000,0.000000,117.303825,-1.500000,-0.163780,-3.000000,-1.904522,0.000000,0.030310,0.000000,0.062301,1.000000
25189.000000,1.000000,0.000000,117.529305,-1.500000,-0.163490,-3.000000,-1.904262,0.000000,0.005986,0.000000,0.115063,1.000000
25199.000000,1.000000,0.000000,117.710327,-1.500000,-0.163478,-3.000000,-1.904093,0.000000,-0.009755,0.000000,0.103681,1.000000
25209.000000,1.000000,0.000000,117.606483,-1.500000,-0.163357,-3.000000,-1.904045,0.000000,-0.006153,0.000000,0.086849,1.000000
25219.000000,1.000000,0.000000,117.619400,-1.500000,-0.163276,-3.000000,-1.904257,0.000000,0.019895,0.000000,0.077437,1.000000
25229.000000,1.000000,0.000000,117.581245,-1.500000,-0.163283,-3.000000,-1.904349,0.000000,0.020967,0.000000,0.095211,1.000000
25239.000000,1.000000,0.000000,117.696518,-1.500000,-0.163132,-3.000000,-1.904203,0.000000,0.008189,0.000000,0.115245,1.000000
25249.000000,1.000000,0.000000,117.646484,-1.500000,-0.163189,-3.000000,-1.904133,0.000000,-0.018896,0.000000,0.103063,1.000000
25259.000000,1.000000,0.000000,117.405533,-1.500000,-0.163252,-3.000000,-1.903938,0.000000,0.008146,0.000000,0.092225,1.000000
25269.000000,1.000000,0.000000,117.412216,-1.500000,-0.163028,-3.000000,-1.903744,0.000000,0.002292,0.000000,0.121151,1.000000
25279.000000,1.000000,0.000000,117.117401,-1.500000,-0.162832,-3.000000,-1.903661,0.000000,0.020189,0.000000,0.095686,1.000000
25289.000000,1.000000,0.000000,116.976944,-1.500000,-0.162733,-3.000000,-1.903978,0.000000,0.004193,0.000000,0.083051,1.000000
25299.000000,1.000000,0.000000,116.996498,-1.500000,-0.162414,-3.000000,-1.904150,0.000000,0.038990,0.000000,0.095187,1.000000
25309.000000,1.000000,0.000000,117.123024,-1.500000,-0.162420,-3.000000,-1.903975,0.000000,-0.006832,0.000000,0.089118,1.000000
25319.000000,1.000000,0.000000,117.025696,-1.500000,-0.162490,-3.000000,-1.904006,0.000000,0.005976,0.000000,0.095776,1.000000
25329.000000,1.000000,0.000000,117.096771,-1.500000,-0.162533,-3.000000,-1.904194,0.000000,-0.017265,0.000000,0.098552,1.000000
25339.000000,1.000000,0.000000,117.155281,-1.500000,-0.162630,-3.000000,-1.903912,0.000000,0.008480,0.000000,0.102183,1.000000
25349.000000,1.000000,0.000000,117.607445,-1.500000,-0.162823,-3.000000,-1.904154,0.000000,-0.020637,0.000000,0.111192,1.000000
25359.000000,1.000000,0.000000,117.829178,-1.500000,-0.163238,-3.000000,-1.904212,0.000000,-0.046978,0.000000,0.110562,1.000000
25369.000000,1.000000,0.000000,118.004745,-1.500000,-0.163613,-3.000000,-1.904273,0.000000,0.018690,0.000000,0.107032,1.000000
25379.000000,1.000000,0.000000,117.896263,-1.500000,-0.163649,-3.000000,-1.904150,0.000000,0.010506,0.000000,0.129081,1.000000
25389.000000,1.000000,0.000000,117.952263,-1.500000,-0.163762,-3.000000,-1.904117,0.000000,-0.008982,0.000000,0.085261,1.000000
25399.000000,1.000000,0.000000,117.745392,-1.500000,-0.163629,-3.000000,-1.904031,0.000000,0.007754,0.000000,0.118223,1.000000
25409.000000,1.000000,0.000000,117.533020,-1.500000,-0.163357,-3.000000,-1.903386,0.000000,0.025727,0.000000,0.133576,1.000000
25419.000000,1.000000,0.000000,117.358765,-1.500000,-0.163558,-3.000000,-1.903379,0.000000,-0.028945,0.000000,0.083048,1.000000
25429.000000,1.000000,0.000000,117.461090,-1.500000,-0.163768,-3.000000,-1.903782,0.000000,0.010904,0.000000,0.086476,1.000000
25439.000000,1.000000,0.000000,117.745453,-1.500000,-0.164200,-3.000000,-1.904137,0.000000,-0.040557,0.000000,0.134085,1.000000
25449.000000,1.000000,0.000000,117.727272,-1.500000,-0.164444,-3.000000,-1.904298,0.000000,0.019949,0.000000,0.125228,1.000000
25459.000000,1.000000,0.000000,117.665459,-1.500000,-0.164042,-3.000000,-1.904550,0.000000,0.038884,0.000000,0.109722,1.000000
25469.000000,1.000000,0.000000,117.466652,-1.500000,-0.164079,-3.000000,-1.904525,0.000000,-0.004585,0.000000,0.123058,1.000000
25479.000000,1.000000,0.000000,117.249825,-1.500000,-0.164393,-3.000000,-1.904530,0.000000,0.002900,0.000000,0.129639,1.000000
25489.000000,1.000000,0.000000,116.922302,-1.500000,-0.164510,-3.000000,-1.904568,0.000000,0.014191,0.000000,0.131236,1.000000
25499.000000,1.000000,0.000000,117.009453,-1.500000,-0.164597,-3.000000,-1.904241,0.000000,0.003909,0.000000,0.136000,1.000000
25509.000000,1.000000,0.000000,117.386009,-1.500000,-0.164368,-3.000000,-1.904077,0.000000,0.014492,0.000000,0.098131,1.000000
25519.000000,1.000000,0.000000,117.695610,-1.500000,-0.163984,-3.000000,-1.904491,0.000000,0.016168,0.000000,0.078859,1.000000
25529.000000,1.000000,0.000000,117.939278,-1.500000,-0.163732,-3.000000,-1.904411,0.000000,0.025238,0.000000,0.129467,1.000000
25539.000000,1.000000,0.000000,118.088966,-1.500000,-0.163756,-3.000000,-1.904838,0.000000,0.001701,0.000000,0.081602,1.000000
25549.000000,1.000000,0.000000,118.055435,-1.500000,-0.163827,-3.000000,-1.905179,0.000000,-0.008506,0.000000,0.135554,1.000000
25559.000000,1.000000,0.000000,118.189003,-1.500000,-0.163829,-3.000000,-1.905499,0.000000,-0.007349,0.000000,0.073775,1.000000
25569.000000,1.000000,0.000000,118.136971,-1.500000,-0.163720,-3.000000,-1.905953,0.000000,-0.000449,0.000000,0.062288,1.000000
25579.000000,1.000000,0.000000,118.359642,-1.500000,-0.163455,-3.000000,-1.906467,0.000000,0.013541,0.000000,0.078194,1.000000
25589.000000,1.000000,0.000000,118.385941,-1.500000,-0.163600,-3.000000,-1.906511,0.000000,-0.023015,0.000000,0.122953,1.000000
25599.000000,1.000000,0.000000,118.309776,-1.500000,-0.163960,-3.000000,-1.906464,0.000000,-0.005222,0.000000,0.092952,1.000000
25609.000000,1.000000,0.000000,118.289162,-1.500000,-0.164092,-3.000000,-1.906591,0.000000,0.012829,0.000000,0.120613,1.000000
25619.000000,1.000000,0.000000,118.274979,-1.500000,-0.164304,-3.000000,-1.906706,0.000000,0.015056,0.000000,0.103825,1.000000
25629.000000,1.000000,0.000000,118.309692,-1.500000,-0.164170,-3.000000,-1.906736,0.000000,0.032833,0.000000,0.119752,1.000000
25639.000000,1.000000,0.000000,118.295097,-1.500000,-0.164463,-3.000000,-1.906741,0.000000,-0.005032,0.000000,0.096757,1.000000
25649.000000,1.000000,0.000000,118.123260,-1.500000,-0.164696,-3.000000,-1.906912,0.000000,0.022987,0.000000,0.119773,1.000000
25659.000000,1.000000,0.000000,118.193573,-1.500000,-0.164749,-3.000000,-1.906595,0.000000,-0.026522,0.000000,0.116642,1.000000
25669.000000,1.000000,0.000000,118.140465,-1.500000,-0.165006,-3.000000,-1.906235,0.000000,0.004951,0.000000,0.115569,1.000000
25679.000000,1.000000,0.000000,118.299347,-1.500000,-0.165008,-3.000000,-1.906072,0.000000,-0.017289,0.000000,0.121482,1.000000
25689.000000,1.000000,0.000000,118.218483,-1.500000,-0.164800,-3.000000,-1.906250,0.000000,0.004511,0.000000,0.084840,1.000000
25699.000000,1.000000,0.000000,118.201691,-1.500000,-0.164699,-3.000000,-1.906012,0.000000,0.020987,0.000000,0.105542,1.000000
25709.000000,1.000000,0.000000,117.995415,-1.500000,-0.164404,-3.000000,-1.906105,0.000000,0.008778,0.000000,0.093753,1.000000
25719.000000,1.000000,0.000000,117.830147,-1.500000,-0.164314,-3.000000,-1.906212,0.000000,0.005608,0.000000,0.077003,1.000000
25729.000000,1.000000,0.000000,117.799011,-1.500000,-0.164423,-3.000000,-1.906292,0.000000,0.021125,0.000000,0.140579,1.000000
25739.000000,1.000000,0.000000,117.632561,-1.500000,-0.164106,-3.000000,-1.906060,0.000000,0.000355,0.000000,0.105266,1.000000
25749.000000,1.000000,0.000000,117.735634,-1.500000,-0.163778,-3.000000,-1.906242,0.000000,0.031850,0.000000,0.100968,1.000000
25759.000000,1.000000,0.000000,117.719604,-1.500000,-0.163523,-3.000000,-1.906599,0.000000,0.009837,0.000000,0.078327,1.000000
25769.000000,1.000000,0.000000,117.808823,-1.500000,-0.163116,-3.000000,-1.906731,0.000000,0.046519,0.000000,0.116333,1.000000
25779.000000,1.000000,0.000000,117.831665,-1.500000,-0.163047,-3.000000,-1.906615,0.000000,-0.027498,0.000000,0.110792,1.000000
25789.000000,1.000000,0.000000,118.100586,-1.500000,-0.163199,-3.000000,-1.906537,0.000000,-0.016531,0.000000,0.129256,1.000000
25799.000000,1.000000,0.000000,117.916466,-1.500000,-0.163150,-3.000000,-1.906158,0.000000,0.019253,0.000000,0.126904,1.000000
25809.000000,1.000000,0.000000,117.860397,-1.500000,-0.163040,-3.000000,-1.906122,0.000000,-0.012327,0.000000,0.057845,1.000000
25819.000000,1.000000,0.000000,117.924492,-1.500000,-0.162907,-3.000000,-1.906293,0.000000,0.012225,0.000000,0.110664,1.000000
25829.000000,1.000000,0.000000,118.127602,-1.500000,-0.163081,-3.000000,-1.906137,0.000000,-0.021771,0.000000,0.117082,1.000000
25839.000000,1.000000,0.000000,118.342819,-1.500000,-0.162821,-3.000000,-1.906222,0.000000,0.024124,0.000000,0.104526,1.000000
25849.000000,1.000000,0.000000,118.216225,-1.500000,-0.162905,-3.000000,-1.906538,0.000000,-0.004488,0.000000,0.078170,1.000000
25859.000000,1.000000,0.000000,117.864059,-1.500000,-0.163002,-3.000000,-1.906695,0.000000,0.006710,0.000000,0.114594,1.000000
25869.000000,1.000000,0.000000,117.574883,-1.500000,-0.163146,-3.000000,-1.906793,0.000000,-0.007726,0.000000,0.115366,1.000000
25879.000000,1.000000,0.000000,117.586876,-1.500000,-0.163236,-3.000000,-1.906763,0.000000,0.010714,0.000000,0.114252,1.000000
25889.000000,1.000000,0.000000,117.749519,-1.500000,-0.163506,-3.000000,-1.906805,0.000000,-0.012314,0.000000,0.117922,1.000000
25899.000000,1.000000,0.000000,118.036942,-1.500000,-0.163594,-3.000000,-1.906615,0.000000,0.022869,0.000000,0.114530,1.000000
25909.000000,1.000000,0.000000,118.316330,-1.500000,-0.163693,-3.000000,-1.906849,0.000000,-0.013130,0.000000,0.074050,1.000000
25919.000000,1.000000,0.000000,118.445473,-1.500000,-0.163562,-3.000000,-1.906671,0.000000,-0.016071,0.000000,0.117326,1.000000
25929.000000,1.000000,0.000000,118.551201,-1.500000,-0.163486,-3.000000,-1.907004,0.000000,0.009901,0.000000,0.091215,1.000000
25939.000000,1.000000,0.000000,118.596298,-1.500000,-0.163732,-3.000000,-1.907277,0.000000,-0.021481,0.000000,0.082470,1.000000
25949.000000,1.000000,0.000000,118.532082,-1.500000,-0.163829,-3.000000,-1.907607,0.000000,0.032447,0.000000,0.108886,1.000000
25959.000000,1.000000,0.000000,118.526588,-1.500000,-0.164033,-3.000000,-1.908261,0.000000,-0.029388,0.000000,0.061815,1.000000
25969.000000,1.000000,0.000000,118.212921,-1.500000,-0.164163,-3.000000,-1.908695,0.000000,0.013718,0.000000,0.114635,1.000000
25979.000000,1.000000,0.000000,118.002930,-1.500000,-0.164170,-3.000000,-1.908984,0.000000,-0.021280,0.000000,0.092212,1.000000
25989.000000,1.000000,0.000000,117.836685,-1.500000,-0.164377,-3.000000,-1.909268,0.000000,-0.031535,0.000000,0.102330,1.000000
25999.000000,1.000000,0.000000,117.852554,-1.500000,-0.164590,-3.000000,-1.909406,0.000000,0.002670,0.000000,0.102316,1.000000
26009.000000,1.000000,0.000000,118.018768,-1.500000,-0.164440,-3.000000,-1.909471,0.000000,0.015535,0.000000,0.099096,1.000000
26019.000000,1.000000,0.000000,118.004044,-1.500000,-0.164686,-3.000000,-1.909413,0.000000,-0.018346,0.000000,0.092642,1.000000
26029.000000,1.000000,0.000000,118.096512,-1.500000,-0.164805,-3.000000,-1.909356,0.000000,0.014885,0.000000,0.129802,1.000000
26039.000000,1.000000,0.000000,118.173401,-1.500000,-0.164602,-3.000000,-1.909179,0.000000,0.010234,0.000000,0.108436,1.000000
26049.000000,1.000000,0.000000,117.879440,-1.500000,-0.164659,-3.000000,-1.909262,0.000000,-0.002801,0.000000,0.114737,1.000000
26059.000000,1.000000,0.000000,117.840286,-1.500000,-0.164681,-3.000000,-1.909380,0.000000,0.006614,0.000000,0.105877,1.000000
26069.000000,1.000000,0.000000,117.955605,-1.500000,-0.164837,-3.000000,-1.909005,0.000000,-0.022959,0.000000,0.124367,1.000000
26079.000000,1.000000,0.000000,118.001686,-1.500000,-0.164471,-3.000000,-1.909152,0.000000,0.040970,0.000000,0.080804,1.000000
26089.000000,1.000000,0.000000,117.839401,-1.500000,-0.164351,-3.000000,-1.909228,0.000000,0.003072,0.000000,0.109106,1.000000
26099.000000,1.000000,0.000000,117.708710,-1.500000,-0.164467,-3.000000,-1.908912,0.000000,-0.011586,0.000000,0.105873,1.000000
26109.000000,1.000000,0.000000,117.549187,-1.500000,-0.164479,-3.000000,-1.908894,0.000000,0.001286,0.000000,0.090399,1.000000
26119.000000,1.000000,0.000000,117.561356,-1.500000,-0.164487,-3.000000,-1.908826,0.000000,0.015517,0.000000,0.108418,1.000000
26129.000000,1.000000,0.000000,117.358109,-1.500000,-0.164721,-3.000000,-1.908524,0.000000,-0.019363,0.000000,0.100688,1.000000
26139.000000,1.000000,0.000000,117.040894,-1.500000,-0.164819,-3.000000,-1.908527,0.000000,0.009186,0.000000,0.107756,1.000000
26149.000000,1.000000,0.000000,116.794350,-1.500000,-0.165479,-3.000000,-1.908481,0.000000,-0.050203,0.000000,0.117648,1.000000
26159.000000,1.000000,0.000000,116.645203,-1.500000,-0.165995,-3.000000,-1.908481,0.000000,-0.038238,0.000000,0.102753,1.000000
26169.000000,1.000000,0.000000,116.669746,-1.500000,-0.166134,-3.000000,-1.908729,0.000000,-0.006107,0.000000,0.099010,1.000000
26179.000000,1.000000,0.000000,116.540260,-1.500000,-0.166030,-3.000000,-1.908535,0.000000,-0.007034,0.000000,0.138263,1.000000
26189.000000,1.000000,0.000000,116.585075,-1.500000,-0.165985,-3.000000,-1.908505,0.000000,-0.004402,0.000000,0.137961,1.000000
26199.000000,1.000000,0.000000,116.626541,-1.500000,-0.165592,-3.000000,-1.908656,0.000000,0.000738,0.000000,0.088982,1.000000
26209.000000,1.000000,0.000000,116.809181,-1.500000,-0.165514,-3.000000,-1.908711,0.000000,-0.013888,0.000000,0.097591,1.000000
26219.000000,1.000000,0.000000,116.859383,-1.500000,-0.165340,-3.000000,-1.908823,0.000000,0.012252,0.000000,0.071062,1.000000
26229.000000,1.000000,0.000000,116.954109,-1.500000,-0.165455,-3.000000,-1.908419,0.000000,0.012092,0.000000,0.163861,1.000000
26239.000000,1.000000,0.000000,117.032532,-1.500000,-0.165290,-3.000000,-1.907928,0.000000,0.022988,0.000000,0.119385,1.000000
26249.000000,1.000000,0.000000,117.148972,-1.500000,-0.165050,-3.000000,-1.907588,0.000000,0.025226,0.000000,0.130013,1.000000
26259.000000,1.000000,0.000000,116.985367,-1.500000,-0.164928,-3.000000,-1.907698,0.000000,0.038691,0.000000,0.083059,1.000000
26269.000000,1.000000,0.000000,117.003174,-1.500000,-0.165141,-3.000000,-1.907801,0.000000,-0.039836,0.000000,0.096684,1.000000
26279.000000,1.000000,0.000000,117.023964,-1.500000,-0.165350,-3.000000,-1.908073,0.000000,-0.010558,0.000000,0.074345,1.000000
26289.000000,1.000000,0.000000,117.044891,-1.500000,-0.165546,-3.000000,-1.908288,0.000000,0.007837,0.000000,0.106801,1.000000
26299.000000,1.000000,0.000000,116.858017,-1.500000,-0.165572,-3.000000,-1.908257,0.000000,0.007250,0.000000,0.128142,1.000000
26309.000000,1.000000,0.000000,117.005203,-1.500000,-0.165606,-3.000000,-1.908223,0.000000,-0.005028,0.000000,0.111741,1.000000
26319.000000,1.000000,0.000000,116.923080,-1.500000,-0.165635,-3.000000,-1.908318,0.000000,0.020043,0.000000,0.080815,1.000000
26329.000000,1.000000,0.000000,116.907074,-1.500000,-0.165402,-3.000000,-1.908349,0.000000,0.009760,0.000000,0.092371,1.000000
26339.000000,1.000000,0.000000,116.794449,-1.500000,-0.165179,-3.000000,-1.908640,0.000000,0.013452,0.000000,0.075517,1.000000
26349.000000,1.000000,0.000000,116.758202,-1.500000,-0.165020,-3.000000,-1.908575,0.000000,0.022488,0.000000,0.113585,1.000000
26359.000000,1.000000,0.000000,116.728844,-1.500000,-0.165208,-3.000000,-1.908660,0.000000,-0.021482,0.000000,0.090655,1.000000
26369.000000,1.000000,0.000000,116.754807,-1.500000,-0.165447,-3.000000,-1.908593,0.000000,0.002235,0.000000,0.086161,1.000000
26379.000000,1.000000,0.000000,116.776527,-1.500000,-0.165613,-3.000000,-1.908416,0.000000,-0.002310,0.000000,0.121884,1.000000
26389.000000,1.000000,0.000000,116.794777,-1.500000,-0.165689,-3.000000,-1.907872,0.000000,-0.008254,0.000000,0.142734,1.000000
26399.000000,1.000000,0.000000,116.810204,-1.500000,-0.165688,-3.000000,-1.907517,0.000000,0.003131,0.000000,0.107250,1.000000
26409.000000,1.000000,0.000000,116.864891,-1.500000,-0.165701,-3.000000,-1.907914,0.000000,0.002641,0.000000,0.049132,1.000000
26419.000000,1.000000,0.000000,116.962021,-1.500000,-0.165776,-3.000000,-1.908496,0.000000,0.035884,0.000000,0.072562,1.000000
26429.000000,1.000000,0.000000,117.200020,-1.500000,-0.166035,-3.000000,-1.908530,0.000000,-0.028237,0.000000,0.109173,1.000000
26439.000000,1.000000,0.000000,117.449539,-1.500000,-0.166536,-3.000000,-1.908531,0.000000,-0.028025,0.000000,0.085631,1.000000
26449.000000,1.000000,0.000000,117.550522,-1.500000,-0.166803,-3.000000,-1.908424,0.000000,-0.010994,0.000000,0.142655,1.000000
26459.000000,1.000000,0.000000,117.535011,-1.500000,-0.166846,-3.000000,-1.908488,0.000000,0.001155,0.000000,0.095605,1.000000
26469.000000,1.000000,0.000000,117.764069,-1.500000,-0.167221,-3.000000,-1.908839,0.000000,-0.034103,0.000000,0.056325,1.000000
26479.000000,1.000000,0.000000,117.507553,-1.500000,-0.167287,-3.000000,-1.909044,0.000000,0.039306,0.000000,0.110851,1.000000
26489.000000,1.000000,0.000000,117.546829,-1.500000,-0.167339,-3.000000,-1.908695,0.000000,-0.005340,0.000000,0.104392,1.000000
26499.000000,1.000000,0.000000,117.380768,-1.500000,-0.167195,-3.000000,-1.908814,0.000000,0.039043,0.000000,0.085326,1.000000
26509.000000,1.000000,0.000000,117.592781,-1.500000,-0.166909,-3.000000,-1.908809,0.000000,0.003024,0.000000,0.091524,1.000000
26519.000000,1.000000,0.000000,117.613853,-1.500000,-0.167309,-3.000000,-1.908659,0.000000,-0.010939,0.000000,0.116320,1.000000
26529.000000,1.000000,0.000000,117.632919,-1.500000,-0.167380,-3.000000,-1.908099,0.000000,-0.014428,0.000000,0.137718,1.000000
26539.000000,1.000000,0.000000,117.695732,-1.500000,-0.167405,-3.000000,-1.907718,0.000000,-0.000828,0.000000,0.128006,1.000000
26549.000000,1.000000,0.000000,117.751671,-1.500000,-0.167147,-3.000000,-1.907658,0.000000,0.026634,0.000000,0.105908,1.000000
26559.000000,1.000000,0.000000,117.886940,-1.500000,-0.167126,-3.000000,-1.907685,0.000000,0.006982,0.000000,0.133879,1.000000
26569.000000,1.000000,0.000000,117.746712,-1.500000,-0.167167,-3.000000,-1.907519,0.000000,-0.008442,0.000000,0.094360,1.000000
26579.000000,1.000000,0.000000,117.481163,-1.500000,-0.166912,-3.000000,-1.907809,0.000000,0.036115,0.000000,0.080389,1.000000
26589.000000,1.000000,0.000000,117.362556,-1.500000,-0.166798,-3.000000,-1.907725,0.000000,-0.017777,0.000000,0.110753,1.000000
26599.000000,1.000000,0.000000,117.322723,-1.500000,-0.166185,-3.000000,-1.907577,0.000000,0.051091,0.000000,0.090793,1.000000
26609.000000,1.000000,0.000000,117.433731,-1.500000,-0.165575,-3.000000,-1.907876,0.000000,0.016166,0.000000,0.079484,1.000000
26619.000000,1.000000,0.000000,117.434280,-1.500000,-0.165388,-3.000000,-1.907860,0.000000,0.016973,0.000000,0.113963,1.000000
26629.000000,1.000000,0.000000,117.336815,-1.500000,-0.165429,-3.000000,-1.907663,0.000000,-0.003700,0.000000,0.120584,1.000000
26639.000000,1.000000,0.000000,117.161598,-1.500000,-0.165041,-3.000000,-1.907924,0.000000,0.085244,0.000000,0.078466,1.000000
26649.000000,1.000000,0.000000,117.162262,-1.500000,-0.164520,-3.000000,-1.908164,0.000000,0.065551,0.000000,0.080049,1.000000
26659.000000,1.000000,0.000000,117.004181,-1.500000,-0.164386,-3.000000,-1.908611,0.000000,-0.010915,0.000000,0.064434,1.000000
26669.000000,1.000000,0.000000,116.975815,-1.500000,-0.164376,-3.000000,-1.908796,0.000000,-0.013218,0.000000,0.106681,1.000000
26679.000000,1.000000,0.000000,117.161407,-1.500000,-0.164420,-3.000000,-1.908769,0.000000,-0.006570,0.000000,0.067194,1.000000
26689.000000,1.000000,0.000000,117.463203,-1.500000,-0.164466,-3.000000,-1.908864,0.000000,0.005861,0.000000,0.046335,1.000000
26699.000000,1.000000,0.000000,117.659157,-1.500000,-0.164553,-3.000000,-1.908725,0.000000,0.020544,0.000000,0.071782,1.000000
26709.000000,1.000000,0.000000,117.171791,-1.500000,-0.164508,-3.000000,-1.908913,0.000000,0.031636,0.000000,0.092221,1.000000
26719.000000,1.000000,0.000000,116.867035,-1.500000,-0.164557,-3.000000,-1.908921,0.000000,-0.030953,0.000000,0.122581,1.000000
26729.000000,1.000000,0.000000,116.918503,-1.500000,-0.164453,-3.000000,-1.908362,0.000000,0.023337,0.000000,0.140665,1.000000
26739.000000,1.000000,0.000000,117.010040,-1.500000,-0.164402,-3.000000,-1.907989,0.000000,-0.017878,0.000000,0.079798,1.000000
26749.000000,1.000000,0.000000,117.235146,-1.500000,-0.164330,-3.000000,-1.907687,0.000000,0.017845,0.000000,0.107794,1.000000
26759.000000,1.000000,0.000000,117.056740,-1.500000,-0.164051,-3.000000,-1.907520,0.000000,0.021535,0.000000,0.099211,1.000000
26769.000000,1.000000,0.000000,116.963463,-1.500000,-0.163970,-3.000000,-1.907564,0.000000,-0.006776,0.000000,0.133716,1.000000
26779.000000,1.000000,0.000000,116.948586,-1.500000,-0.163714,-3.000000,-1.907677,0.000000,0.009291,0.000000,0.112099,1.000000
26789.000000,1.000000,0.000000,117.036713,-1.500000,-0.163465,-3.000000,-1.908128,0.000000,0.025846,0.000000,0.102366,1.000000
26799.000000,1.000000,0.000000,117.108437,-1.500000,-0.163414,-3.000000,-1.907777,0.000000,0.029220,0.000000,0.139848,1.000000
26809.000000,1.000000,0.000000,117.169617,-1.500000,-0.163211,-3.000000,-1.907392,0.000000,-0.005033,0.000000,0.118887,1.000000
26819.000000,1.000000,0.000000,117.270386,-1.500000,-0.162962,-3.000000,-1.907259,0.000000,-0.009798,0.000000,0.100892,1.000000
26829.000000,1.000000,0.000000,117.401306,-1.500000,-0.162719,-3.000000,-1.907221,0.000000,-0.005481,0.000000,0.118655,1.000000
26839.000000,1.000000,0.000000,117.561371,-1.500000,-0.162157,-3.000000,-1.907388,0.000000,0.035048,0.000000,0.089990,1.000000
26849.000000,1.000000,0.000000,117.838669,-1.500000,-0.161874,-3.000000,-1.907335,0.000000,0.025875,0.000000,0.113211,1.000000
26859.000000,1.000000,0.000000,117.816040,-1.500000,-0.161673,-3.000000,-1.907246,0.000000,-0.002241,0.000000,0.075122,1.000000
26869.000000,1.000000,0.000000,117.637756,-1.500000,-0.161304,-3.000000,-1.907645,0.000000,0.034045,0.000000,0.111350,1.000000
26879.000000,1.000000,0.000000,117.540695,-1.500000,-0.161210,-3.000000,-1.907463,0.000000,-0.028214,0.000000,0.143593,1.000000
26889.000000,1.000000,0.000000,117.514336,-1.500000,-0.161465,-3.000000,-1.907611,0.000000,0.018863,0.000000,0.116746,1.000000
26899.000000,1.000000,0.000000,117.654587,-1.500000,-0.161201,-3.000000,-1.907323,0.000000,0.022051,0.000000,0.152761,1.000000
26909.000000,1.000000,0.000000,117.719589,-1.500000,-0.161173,-3.000000,-1.906730,0.000000,0.016653,0.000000,0.094508,1.000000
26918.000000,1.000000,0.000000,117.671143,-1.500000,-0.160938,-3.000000,-1.906368,0.000000,0.027777,0.000000,0.149677,1.000000
26929.000000,1.000000,0.000000,117.575729,-1.500000,-0.160730,-3.000000,-1.906229,0.000000,-0.001130,0.000000,0.110356,1.000000
26939.000000,1.000000,0.000000,117.397598,-1.500000,-0.160686,-3.000000,-1.905903,0.000000,0.018980,0.000000,0.104889,1.000000
26949.000000,1.000000,0.000000,117.247955,-1.500000,-0.160763,-3.000000,-1.905954,0.000000,0.004667,0.000000,0.099476,1.000000
26958.000000,1.000000,0.000000,117.231178,-1.500000,-0.160763,-3.000000,-1.906266,0.000000,0.019232,0.000000,0.091787,1.000000
26969.000000,1.000000,0.000000,117.269455,-1.500000,-0.160823,-3.000000,-1.906214,0.000000,0.006077,0.000000,0.142549,1.000000
26979.000000,1.000000,0.000000,117.201317,-1.500000,-0.160825,-3.000000,-1.906173,0.000000,0.012392,0.000000,0.104572,1.000000
26988.000000,1.000000,0.000000,117.094543,-1.500000,-0.160765,-3.000000,-1.906155,0.000000,0.009884,0.000000,0.103528,1.000000
26999.000000,1.000000,0.000000,117.199394,-1.500000,-0.161158,-3.000000,-1.906146,0.000000,-0.021275,0.000000,0.100825,1.000000
27009.000000,1.000000,0.000000,117.191559,-1.500000,-0.161532,-3.000000,-1.906068,0.000000,-0.037063,0.000000,0.089055,1.000000
27019.000000,1.000000,0.000000,117.333397,-1.500000,-0.161884,-3.000000,-1.906101,0.000000,0.014271,0.000000,0.103499,1.000000
27028.000000,1.000000,0.000000,117.351273,-1.500000,-0.162232,-3.000000,-1.905967,0.000000,-0.030156,0.000000,0.125944,1.000000
27038.000000,1.000000,0.000000,117.462448,-1.500000,-0.162215,-3.000000,-1.906037,0.000000,0.015315,0.000000,0.104497,1.000000
27049.000000,1.000000,0.000000,117.355492,-1.500000,-0.162260,-3.000000,-1.905698,0.000000,0.022143,0.000000,0.138265,1.000000
27059.000000,1.000000,0.000000,117.019951,-1.500000,-0.162235,-3.000000,-1.905661,0.000000,-0.019084,0.000000,0.110363,1.000000
27068.000000,1.000000,0.000000,116.941734,-1.500000,-0.162383,-3.000000,-1.906044,0.000000,-0.001700,0.000000,0.096407,1.000000
27079.000000,1.000000,0.000000,116.873802,-1.500000,-0.162738,-3.000000,-1.905880,0.000000,-0.018928,0.000000,0.141122,1.000000
27089.000000,2.000000,0.000000,116.971840,-1.500000,-0.162736,-3.000000,-1.905843,0.000000,0.016660,0.000000,0.102246,1.000000
27099.000000,2.000000,0.000000,117.193695,-1.500000,-0.163104,-3.000000,-1.905688,0.000000,-0.016950,0.000000,0.118054,1.000000
27109.000000,2.000000,0.000000,117.376465,-1.500000,-0.163353,-3.000000,-1.905519,0.000000,0.049507,0.000000,0.136704,1.000000
27119.000000,2.000000,0.000000,117.391937,-1.500000,-0.163269,-3.000000,-1.905417,0.000000,0.014801,0.000000,0.068585,1.000000
27129.000000,2.000000,0.000000,117.353973,-1.500000,-0.163422,-3.000000,-1.904877,0.000000,-0.012008,0.000000,0.101946,1.000000
27138.000000,2.000000,0.000000,117.418633,-1.500000,-0.163852,-3.000000,-1.905058,0.000000,-0.030716,0.000000,0.063112,1.000000
27149.000000,2.000000,0.000000,117.461838,-1.500000,-0.163573,-3.000000,-1.905162,0.000000,0.023716,0.000000,0.095192,1.000000
27158.000000,2.000000,0.000000,117.497269,-1.500000,-0.163780,-3.000000,-1.905284,0.000000,-0.003801,0.000000,0.131158,1.000000
27169.000000,2.000000,0.000000,117.286514,-1.500000,-0.163930,-3.000000,-1.905487,0.000000,-0.007649,0.000000,0.104182,1.000000
27178.000000,2.000000,0.000000,117.313759,-1.500000,-0.164106,-3.000000,-1.905441,0.000000,-0.008969,0.000000,0.090202,1.000000
27189.000000,2.000000,0.000000,117.336166,-1.500000,-0.164132,-3.000000,-1.905123,0.000000,0.032250,0.000000,0.127390,1.000000
27199.000000,2.000000,0.000000,117.354568,-1.500000,-0.164251,-3.000000,-1.904810,0.000000,0.029583,0.000000,0.071692,1.000000
27209.000000,2.000000,0.000000,117.170067,-1.500000,-0.164981,-3.000000,-1.904576,0.000000,-0.108625,0.000000,0.124989,1.000000
27218.000000,2.000000,0.000000,116.969688,-1.500000,-0.165369,-3.000000,-1.904305,0.000000,0.175194,0.000000,0.067396,1.000000
27229.000000,2.000000,0.000000,116.854454,-1.500000,-0.166710,-3.000000,-1.903138,0.000000,-0.177831,0.000000,0.253367,1.000000
27238.000000,2.000000,0.000000,116.958008,-1.500000,-0.166225,-3.000000,-1.902122,0.000000,0.007902,0.000000,-0.034389,1.000000
27249.000000,2.000000,0.000000,117.098709,-1.500000,-0.167777,-3.000000,-1.903007,0.000000,-0.134098,0.000000,0.129858,1.000000
27258.000000,2.000000,0.000000,117.208267,-1.500000,-0.170209,-3.000000,-1.906254,0.000000,-0.038461,0.000000,-0.196797,1.000000
27268.000000,2.000000,0.000000,117.097450,-1.500000,-0.165277,-3.000000,-1.903425,0.000000,0.146178,0.000000,0.283223,1.000000
27279.000000,2.000000,0.000000,117.100441,-1.500000,-0.150367,-3.000000,-1.886063,0.000000,0.280219,0.000000,0.129878,1.000000
27289.000000,2.000000,0.000000,117.115181,-1.500000,-0.137366,-3.000000,-1.868346,0.000000,-0.036156,0.000000,0.158150,1.000000
27298.000000,2.000000,0.000000,117.324692,-1.500000,-0.124848,-3.000000,-1.850394,0.000000,-0.010666,0.000000,-0.039185,1.000000
27308.000000,2.000000,0.000000,117.253494,-1.500000,-0.116162,-3.000000,-1.826858,0.000000,-0.281000,0.000000,0.200526,1.000000
27318.000000,2.000000,0.000000,117.127678,-1.500000,-0.118697,-3.000000,-1.797040,0.000000,-0.513136,0.000000,0.251351,1.000000
27328.000000,2.000000,0.000000,117.025711,-1.500000,-0.121379,-3.000000,-1.764621,0.000000,0.116590,0.000000,0.163778,1.000000
27339.000000,2.000000,0.000000,116.853355,-1.500000,-0.131891,-3.000000,-1.748103,0.000000,-0.092733,0.000000,0.060113,1.000000
27349.000000,2.000000,0.000000,116.909531,-1.500000,-0.152499,-3.000000,-1.728731,0.000000,0.161956,0.000000,0.582811,1.000000
27358.000000,2.000000,0.000000,116.909286,-1.500000,-0.146184,-3.000000,-1.707368,0.000000,0.667516,0.000000,0.193646,1.000000
27369.000000,2.000000,0.000000,117.107109,-1.500000,-0.132073,-3.000000,-1.688229,0.000000,-0.687163,0.000000,-0.262467,1.000000
27379.000000,2.000000,0.000000,117.376190,-1.500000,-0.102004,-3.000000,-1.672935,0.000000,0.389893,0.000000,0.078760,1.000000
27388.000000,2.000000,0.000000,117.696617,-1.500000,-0.070002,-3.000000,-1.658725,0.000000,0.522328,0.000000,0.622245,1.000000
27399.000000,2.000000,0.000000,117.609993,-1.500000,-0.051100,-3.000000,-1.641912,0.000000,0.196396,0.000000,0.562276,1.000000
27408.000000,2.000000,0.000000,117.439819,-1.500000,-0.047156,-3.000000,-1.629683,0.000000,-0.083559,0.000000,0.275834,1.000000
27418.000000,2.000000,0.000000,117.444160,-1.500000,-0.041575,-3.000000,-1.626215,0.000000,-0.266798,0.000000,-0.169011,1.000000
27428.000000,2.000000,0.000000,117.348694,-1.500000,-0.035122,-3.000000,-1.624093,0.000000,-0.222850,0.000000,0.127512,1.000000
27439.000000,2.000000,0.000000,117.270393,-1.500000,-0.029767,-3.000000,-1.624917,0.000000,0.100332,0.000000,-0.452747,1.000000
27448.000000,2.000000,0.000000,117.103523,-1.500000,-0.027187,-3.000000,-1.623356,0.000000,0.012911,0.000000,0.191870,1.000000
27459.000000,2.000000,0.000000,117.416588,-1.500000,-0.024664,-3.000000,-1.623846,0.000000,0.249816,0.000000,-0.447358,1.000000
27468.000000,2.000000,0.000000,117.626785,-1.500000,-0.021141,-3.000000,-1.628164,0.000000,0.123383,0.000000,0.130434,1.000000
27478.000000,2.000000,0.000000,117.899269,-1.500000,-0.016045,-3.000000,-1.631065,0.000000,0.050044,0.000000,0.083030,1.000000
27489.000000,2.000000,0.000000,118.074097,-1.500000,-0.013042,-3.000000,-1.638633,0.000000,-0.378422,0.000000,0.285163,1.000000
27498.000000,2.000000,0.000000,118.215530,-1.500000,-0.013510,-3.000000,-1.637739,0.000000,-0.111562,0.000000,-0.068144,1.000000
27508.000000,2.000000,0.000000,118.380585,-1.500000,-0.019099,-3.000000,-1.648017,0.000000,-0.287742,0.000000,0.062648,1.000000
27518.000000,2.000000,0.000000,118.416504,-1.500000,-0.026094,-3.000000,-1.652016,0.000000,0.222531,0.000000,-0.093901,1.000000
27529.000000,2.000000,0.000000,118.444962,-1.500000,-0.035594,-3.000000,-1.660120,0.000000,0.235074,0.000000,0.490943,1.000000
27538.000000,2.000000,0.000000,118.167542,-1.500000,-0.039781,-3.000000,-1.661103,0.000000,-0.053622,0.000000,0.206101,1.000000
27548.000000,2.000000,0.000000,117.933990,-1.500000,-0.044399,-3.000000,-1.659575,0.000000,-0.108372,0.000000,0.949479,1.000000
27559.000000,2.000000,0.000000,117.588676,-1.500000,-0.060095,-3.000000,-1.653528,0.000000,-0.275589,0.000000,-0.372461,1.000000
27568.000000,2.000000,0.000000,117.757278,-1.500000,-0.070613,-3.000000,-1.645273,0.000000,-0.078331,0.000000,0.655566,1.000000
27579.000000,2.000000,0.000000,117.948021,-1.500000,-0.085974,-3.000000,-1.631907,0.000000,-0.005625,0.000000,-0.184365,1.000000
27588.000000,2.000000,0.000000,117.913208,-1.500000,-0.097400,-3.000000,-1.624181,0.000000,-0.084723,0.000000,0.202474,1.000000
27598.000000,2.000000,0.000000,117.785606,-1.500000,-0.108456,-3.000000,-1.620036,0.000000,0.548881,0.000000,-0.390253,1.000000
27609.000000,2.000000,0.000000,117.519325,-1.500000,-0.113005,-3.000000,-1.611503,0.000000,0.270274,0.000000,-0.195240,1.000000
27618.000000,2.000000,0.000000,117.153877,-1.500000,-0.111160,-3.000000,-1.608790,0.000000,-0.039090,0.000000,0.020951,1.000000
27629.000000,2.000000,0.000000,116.755966,-1.500000,-0.099287,-3.000000,-1.604527,0.000000,0.297264,0.000000,0.321191,1.000000
27638.000000,2.000000,0.000000,116.330673,-1.500000,-0.088617,-3.000000,-1.608066,0.000000,-0.243789,0.000000,0.253264,1.000000
27648.000000,2.000000,0.000000,115.878380,-1.500000,-0.078146,-3.000000,-1.608147,0.000000,-0.198855,0.000000,0.223818,1.000000
27659.000000,2.000000,0.000000,116.005775,-1.500000,-0.062921,-3.000000,-1.618948,0.000000,0.319117,0.000000,0.723629,1.000000
27668.000000,2.000000,0.000000,115.960213,-1.500000,-0.060895,-3.000000,-1.628476,0.000000,-0.352464,0.000000,-0.498424,1.000000
27679.000000,2.000000,0.000000,116.074608,-1.500000,-0.063970,-3.000000,-1.634708,0.000000,-0.010919,0.000000,0.401537,1.000000
27688.000000,2.000000,0.000000,116.063683,-1.500000,-0.074194,-3.000000,-1.635997,0.000000,0.195745,0.000000,-0.248667,1.000000
27699.000000,2.000000,0.000000,116.064064,-1.500000,-0.086886,-3.000000,-1.628514,0.000000,-0.350000,0.000000,0.492116,1.000000
27708.000000,2.000000,0.000000,116.263145,-1.500000,-0.096500,-3.000000,-1.624762,0.000000,-0.081437,0.000000,-0.330328,1.000000
27718.000000,2.000000,0.000000,116.324471,-1.500000,-0.107255,-3.000000,-1.613612,0.000000,-0.009644,0.000000,0.711724,1.000000
27728.000000,2.000000,0.000000,116.527397,-1.500000,-0.109904,-3.000000,-1.614453,0.000000,0.305916,0.000000,-0.076551,1.000000
27738.000000,2.000000,0.000000,116.451836,-1.500000,-0.112448,-3.000000,-1.616450,0.000000,-0.282406,0.000000,0.352775,1.000000
27748.000000,2.000000,0.000000,116.390709,-1.500000,-0.107813,-3.000000,-1.623561,0.000000,0.209105,0.000000,0.245028,1.000000
27758.000000,2.000000,0.000000,116.438507,-1.500000,-0.099413,-3.000000,-1.626544,0.000000,0.179092,0.000000,-0.191609,1.000000
27768.000000,2.000000,0.000000,116.470879,-1.500000,-0.110765,-3.000000,-1.619333,0.000000,0.063456,0.000000,0.361076,1.000000
27778.000000,2.000000,0.000000,116.408173,-1.500000,-0.134744,-3.000000,-1.594702,0.000000,-0.097742,0.000000,-0.120122,1.000000
27788.000000,2.000000,0.000000,116.303879,-1.500000,-0.144035,-3.000000,-1.564049,0.000000,-0.040885,0.000000,1.133104,1.000000
27798.000000,2.000000,0.000000,116.519089,-1.500000,-0.138543,-3.000000,-1.529726,0.000000,-0.351021,0.000000,-0.423993,1.000000
27808.000000,2.000000,0.000000,116.597458,-1.500000,-0.134661,-3.000000,-1.504329,0.000000,-0.221622,0.000000,0.484310,1.000000
27818.000000,2.000000,0.000000,116.762009,-1.500000,-0.148316,-3.000000,-1.494902,0.000000,0.076302,0.000000,-0.407452,1.000000
27828.000000,2.000000,0.000000,117.041977,-1.500000,-0.155660,-3.000000,-1.492946,0.000000,-0.119489,0.000000,0.792450,1.000000
27839.000000,2.000000,0.000000,117.275307,-1.500000,-0.152685,-3.000000,-1.495293,0.000000,0.236717,0.000000,0.114146,1.000000
27848.000000,2.000000,0.000000,117.417900,-1.500000,-0.148673,-3.000000,-1.490843,0.000000,-0.216875,0.000000,0.326233,1.000000
27858.000000,2.000000,0.000000,117.735962,-1.500000,-0.144742,-3.000000,-1.485233,0.000000,0.123195,0.000000,-0.015757,1.000000
27868.000000,2.000000,0.000000,117.746017,-1.500000,-0.139628,-3.000000,-1.476408,0.000000,-0.204276,0.000000,-0.164607,1.000000
27878.000000,2.000000,0.000000,117.855232,-1.500000,-0.133086,-3.000000,-1.476857,0.000000,-0.107430,0.000000,0.490035,1.000000
27888.000000,2.000000,0.000000,117.945839,-1.500000,-0.122511,-3.000000,-1.478992,0.000000,0.036565,0.000000,-0.268790,1.000000
27898.000000,2.000000,0.000000,118.067696,-1.500000,-0.111311,-3.000000,-1.486641,0.000000,0.357479,0.000000,0.444954,1.000000
27908.000000,2.000000,0.000000,118.118332,-1.500000,-0.106979,-3.000000,-1.493940,0.000000,-0.167035,0.000000,-0.937537,1.000000
27918.000000,2.000000,0.000000,117.956169,-1.500000,-0.104787,-3.000000,-1.501114,0.000000,-0.239317,0.000000,0.597969,1.000000
27928.000000,2.000000,0.000000,117.821716,-1.500000,-0.103820,-3.000000,-1.511045,0.000000,0.130859,0.000000,-0.113752,1.000000
27938.000000,2.000000,0.000000,117.606270,-1.500000,-0.104445,-3.000000,-1.513976,0.000000,-0.182936,0.000000,0.802448,1.000000
27948.000000,2.000000,0.000000,117.382118,-1.500000,-0.117285,-3.000000,-1.515954,0.000000,-0.275199,0.000000,-0.603561,1.000000
27958.000000,2.000000,0.000000,117.492622,-1.500000,-0.128981,-3.000000,-1.509106,0.000000,-0.190484,0.000000,0.639116,1.000000
27968.000000,2.000000,0.000000,117.392967,-1.500000,-0.130270,-3.000000,-1.512535,0.000000,0.292396,0.000000,0.040776,1.000000
27978.000000,2.000000,0.000000,117.450363,-1.500000,-0.125163,-3.000000,-1.518057,0.000000,-0.120583,0.000000,-0.078957,1.000000
27988.000000,2.000000,0.000000,117.051331,-1.500000,-0.115908,-3.000000,-1.525317,0.000000,0.515534,0.000000,0.199944,1.000000
27998.000000,2.000000,0.000000,116.872650,-1.500000,-0.116244,-3.000000,-1.519443,0.000000,-0.244975,0.000000,-0.214590,1.000000
28008.000000,2.000000,0.000000,117.029343,-1.500000,-0.125464,-3.000000,-1.514757,0.000000,0.169802,0.000000,0.298323,1.000000
28018.000000,2.000000,0.000000,117.209007,-1.500000,-0.130505,-3.000000,-1.509732,0.000000,-0.067938,0.000000,-0.166956,1.000000
28028.000000,2.000000,0.000000,117.307312,-1.500000,-0.131892,-3.000000,-1.511449,0.000000,-0.008476,0.000000,0.817451,1.000000
28038.000000,2.000000,0.000000,117.290565,-1.500000,-0.130781,-3.000000,-1.523306,0.000000,-0.103919,0.000000,-0.846757,1.000000
28048.000000,2.000000,0.000000,117.374352,-1.500000,-0.119953,-3.000000,-1.540145,0.000000,0.231634,0.000000,0.628324,1.000000
28058.000000,2.000000,0.000000,117.340164,-1.500000,-0.117834,-3.000000,-1.557128,0.000000,-0.105986,0.000000,-0.392763,1.000000
28068.000000,2.000000,0.000000,117.207397,-1.500000,-0.119650,-3.000000,-1.565441,0.000000,0.087276,0.000000,0.432696,1.000000
28078.000000,2.000000,0.000000,116.999313,-1.500000,-0.135424,-3.000000,-1.576795,0.000000,-0.034686,0.000000,0.035014,1.000000
28088.000000,2.000000,0.000000,116.871078,-1.500000,-0.147621,-3.000000,-1.590761,0.000000,0.045056,0.000000,-0.300008,1.000000
28098.000000,2.000000,0.000000,117.125427,-1.500000,-0.154681,-3.000000,-1.600568,0.000000,0.297707,0.000000,-0.096490,1.000000
28108.000000,2.000000,0.000000,117.383865,-1.500000,-0.157847,-3.000000,-1.599348,0.000000,-0.314971,0.000000,0.165391,1.000000
28118.000000,2.000000,0.000000,117.297577,-1.500000,-0.162245,-3.000000,-1.596331,0.000000,0.207384,0.000000,0.494118,1.000000
28128.000000,2.000000,0.000000,117.127487,-1.500000,-0.171908,-3.000000,-1.588112,0.000000,-0.162591,0.000000,-0.103270,1.000000
28138.000000,2.000000,0.000000,116.936012,-1.500000,-0.177187,-3.000000,-1.593513,0.000000,0.642138,0.000000,0.647847,1.000000
28148.000000,2.000000,0.000000,116.879112,-1.500000,-0.177897,-3.000000,-1.596964,0.000000,-0.126627,0.000000,-0.240719,1.000000
28158.000000,2.000000,0.000000,116.934074,-1.500000,-0.184575,-3.000000,-1.599244,0.000000,-0.084037,0.000000,0.774402,1.000000
28168.000000,2.000000,0.000000,117.128433,-1.500000,-0.196246,-3.000000,-1.606533,0.000000,-0.158826,0.000000,-0.585758,1.000000
28178.000000,2.000000,0.000000,117.238937,-1.500000,-0.203169,-3.000000,-1.607528,0.000000,0.136392,0.000000,0.313067,1.000000
28188.000000,2.000000,0.000000,117.388847,-1.500000,-0.214821,-3.000000,-1.609780,0.000000,0.231354,0.000000,-0.260721,1.000000
28198.000000,2.000000,0.000000,117.208038,-1.500000,-0.225824,-3.000000,-1.602275,0.000000,0.000832,0.000000,0.474138,1.000000
28208.000000,2.000000,0.000000,117.150871,-1.500000,-0.236543,-3.000000,-1.592691,0.000000,0.067944,0.000000,0.241489,1.000000
28218.000000,2.000000,0.000000,116.897682,-1.500000,-0.241643,-3.000000,-1.570978,0.000000,-0.578363,0.000000,0.608415,1.000000
28228.000000,2.000000,0.000000,116.897133,-1.500000,-0.239459,-3.000000,-1.555728,0.000000,0.098761,0.000000,0.749666,1.000000
28238.000000,2.000000,0.000000,116.897591,-1.500000,-0.224321,-3.000000,-1.561555,0.000000,-1.169756,0.000000,-0.656153,1.000000
28248.000000,2.000000,0.000000,116.850952,-1.500000,-0.213857,-3.000000,-1.575410,0.000000,0.175593,0.000000,-0.761263,1.000000
28258.000000,2.000000,0.000000,117.111549,-1.500000,-0.219430,-3.000000,-1.583996,0.000000,0.925779,0.000000,0.189199,1.000000
28268.000000,2.000000,0.000000,117.227379,-1.500000,-0.222399,-3.000000,-1.579792,0.000000,-0.148999,0.000000,0.447650,1.000000
28278.000000,2.000000,0.000000,117.426231,-1.500000,-0.214453,-3.000000,-1.580010,0.000000,-0.401840,0.000000,0.437572,1.000000
28288.000000,2.000000,0.000000,117.439255,-1.500000,-0.201618,-3.000000,-1.573452,0.000000,0.196629,0.000000,0.600508,1.000000
28298.000000,2.000000,0.000000,117.299522,-1.500000,-0.188749,-3.000000,-1.555422,0.000000,0.157663,0.000000,-0.106171,1.000000
28308.000000,2.000000,0.000000,117.523796,-1.500000,-0.195667,-3.000000,-1.553488,0.000000,-0.459564,0.000000,-0.055225,1.000000
28318.000000,2.000000,0.000000,117.761520,-1.500000,-0.211191,-3.000000,-1.564051,0.000000,-0.409556,0.000000,0.384276,1.000000
28328.000000,2.000000,0.000000,117.958595,-1.500000,-0.223736,-3.000000,-1.578944,0.000000,-0.129279,0.000000,-0.297004,1.000000
28338.000000,2.000000,0.000000,118.226295,-1.500000,-0.226002,-3.000000,-1.593692,0.000000,0.949890,0.000000,-0.566158,1.000000
28348.000000,2.000000,0.000000,118.346565,-1.500000,-0.228902,-3.000000,-1.593363,0.000000,0.387469,0.000000,0.285190,1.000000
28358.000000,2.000000,0.000000,118.139977,-1.500000,-0.222241,-3.000000,-1.578569,0.000000,-0.161916,0.000000,0.233653,1.000000
28368.000000,2.000000,0.000000,118.058517,-1.500000,-0.210060,-3.000000,-1.576753,0.000000,-0.968102,0.000000,0.108090,1.000000
28378.000000,2.000000,0.000000,117.879890,-1.500000,-0.204450,-3.000000,-1.587725,0.000000,-0.630801,0.000000,-0.056201,1.000000
28388.000000,2.000000,0.000000,117.597183,-1.500000,-0.213748,-3.000000,-1.598256,0.000000,0.395134,0.000000,0.108548,1.000000
28398.000000,2.000000,0.000000,117.468994,-1.500000,-0.233799,-3.000000,-1.605033,0.000000,0.908176,0.000000,-0.071839,1.000000
28408.000000,2.000000,0.000000,117.517151,-1.500000,-0.253292,-3.000000,-1.624976,0.000000,0.241112,0.000000,0.081571,1.000000
28418.000000,2.000000,0.000000,117.657051,-1.500000,-0.262994,-3.000000,-1.641004,0.000000,-0.373247,0.000000,0.459890,1.000000
28428.000000,2.000000,0.000000,117.371361,-1.500000,-0.259926,-3.000000,-1.648041,0.000000,-0.399816,0.000000,-0.522000,1.000000
28438.000000,2.000000,0.000000,117.179199,-1.500000,-0.254434,-3.000000,-1.656424,0.000000,0.040810,0.000000,-0.120284,1.000000
28448.000000,2.000000,0.000000,116.778244,-1.500000,-0.251102,-3.000000,-1.659187,0.000000,0.262021,0.000000,0.402528,1.000000
28458.000000,2.000000,0.000000,116.887566,-1.500000,-0.254449,-3.000000,-1.653936,0.000000,0.046794,0.000000,1.134808,1.000000
28468.000000,2.000000,0.000000,116.789696,-1.500000,-0.263022,-3.000000,-1.657110,0.000000,-0.475217,0.000000,0.490622,1.000000
28478.000000,2.000000,0.000000,116.853729,-1.500000,-0.268871,-3.000000,-1.676853,0.000000,-0.320643,0.000000,-0.464363,1.000000
28488.000000,2.000000,0.000000,116.810951,-1.500000,-0.274266,-3.000000,-1.684251,0.000000,0.289494,0.000000,-0.220634,1.000000
28498.000000,2.000000,0.000000,116.871956,-1.500000,-0.272620,-3.000000,-1.672585,0.000000,0.465904,0.000000,-0.458063,1.000000
28508.000000,2.000000,0.000000,117.023697,-1.500000,-0.266642,-3.000000,-1.659760,0.000000,0.456985,0.000000,0.253594,1.000000
28518.000000,2.000000,0.000000,117.394363,-1.500000,-0.261034,-3.000000,-1.652559,0.000000,-0.751012,0.000000,0.506761,1.000000
28528.000000,2.000000,0.000000,117.554489,-1.500000,-0.255895,-3.000000,-1.651873,0.000000,-0.600168,0.000000,-0.159821,1.000000
28538.000000,2.000000,0.000000,117.738731,-1.500000,-0.252106,-3.000000,-1.650770,0.000000,0.288356,0.000000,-0.185663,1.000000
28548.000000,2.000000,0.000000,117.741325,-1.500000,-0.246437,-3.000000,-1.655214,0.000000,0.547831,0.000000,-0.401897,1.000000
28558.000000,2.000000,0.000000,117.595955,-1.500000,-0.248794,-3.000000,-1.659437,0.000000,-0.057253,0.000000,0.485880,1.000000
28568.000000,2.000000,0.000000,117.373924,-1.500000,-0.254546,-3.000000,-1.658733,0.000000,-0.278605,0.000000,0.099609,1.000000
28578.000000,2.000000,0.000000,117.542191,-1.500000,-0.250234,-3.000000,-1.657954,0.000000,-0.177028,0.000000,-0.044532,1.000000
28588.000000,2.000000,0.000000,117.528908,-1.500000,-0.245076,-3.000000,-1.658478,0.000000,0.085618,0.000000,0.015111,1.000000
28598.000000,2.000000,0.000000,117.519669,-1.500000,-0.234590,-3.000000,-1.662243,0.000000,0.793419,0.000000,-0.258838,1.000000
28608.000000,2.000000,0.000000,117.511353,-1.500000,-0.225851,-3.000000,-1.672597,0.000000,-0.224898,0.000000,0.254250,1.000000
28618.000000,2.000000,0.000000,117.453491,-1.500000,-0.224850,-3.000000,-1.677983,0.000000,-0.439127,0.000000,0.350633,1.000000
28628.000000,2.000000,0.000000,117.557152,-1.500000,-0.231036,-3.000000,-1.689609,0.000000,-0.455930,0.000000,-0.176413,1.000000
28638.000000,2.000000,0.000000,117.690033,-1.500000,-0.239414,-3.000000,-1.697358,0.000000,0.281053,0.000000,-0.034049,1.000000
28648.000000,2.000000,0.000000,117.640884,-1.500000,-0.241817,-3.000000,-1.693951,0.000000,0.627728,0.000000,-0.220910,1.000000
28658.000000,2.000000,0.000000,117.584366,-1.500000,-0.246559,-3.000000,-1.694965,0.000000,0.143086,0.000000,0.147841,1.000000
28668.000000,2.000000,0.000000,117.531250,-1.500000,-0.244956,-3.000000,-1.700127,0.000000,-0.232786,0.000000,0.274582,1.000000
28678.000000,2.000000,0.000000,117.304016,-1.500000,-0.242343,-3.000000,-1.705608,0.000000,-0.550922,0.000000,0.195722,1.000000
28688.000000,2.000000,0.000000,117.275429,-1.500000,-0.242380,-3.000000,-1.711132,0.000000,0.079534,0.000000,-0.104301,1.000000
28698.000000,2.000000,0.000000,117.158623,-1.500000,-0.240274,-3.000000,-1.716663,0.000000,0.639724,0.000000,0.044820,1.000000
28708.000000,2.000000,0.000000,117.162704,-1.500000,-0.240500,-3.000000,-1.719470,0.000000,0.399365,0.000000,0.254359,1.000000
28718.000000,2.000000,0.000000,117.112732,-1.500000,-0.235664,-3.000000,-1.717189,0.000000,-0.184929,0.000000,0.415146,1.000000
28728.000000,2.000000,0.000000,117.376373,-1.500000,-0.235611,-3.000000,-1.704153,0.000000,-0.526633,0.000000,0.166174,1.000000
28738.000000,2.000000,0.000000,117.439674,-1.500000,-0.237220,-3.000000,-1.701919,0.000000,-0.089067,0.000000,-0.158588,1.000000
28748.000000,2.000000,0.000000,117.234764,-1.500000,-0.235647,-3.000000,-1.703327,0.000000,0.420885,0.000000,0.072323,1.000000
28758.000000,2.000000,0.000000,117.012146,-1.500000,-0.237291,-3.000000,-1.706769,0.000000,0.090001,0.000000,-0.032691,1.000000
28768.000000,2.000000,0.000000,116.786186,-1.500000,-0.239993,-3.000000,-1.727569,0.000000,-0.345803,0.000000,-0.050715,1.000000
28778.000000,2.000000,0.000000,116.750801,-1.500000,-0.241298,-3.000000,-1.750859,0.000000,-0.634873,0.000000,0.143923,1.000000
28788.000000,2.000000,0.000000,116.665497,-1.500000,-0.235807,-3.000000,-1.772695,0.000000,0.086173,0.000000,-0.249812,1.000000
28798.000000,2.000000,0.000000,116.595673,-1.500000,-0.228485,-3.000000,-1.779114,0.000000,0.587433,0.000000,-0.067940,1.000000
28808.000000,2.000000,0.000000,116.492775,-1.500000,-0.229826,-3.000000,-1.776121,0.000000,0.397845,0.000000,-0.092831,1.000000
28818.000000,2.000000,0.000000,116.461960,-1.500000,-0.231184,-3.000000,-1.766910,0.000000,-0.247043,0.000000,0.409823,1.000000
28828.000000,2.000000,0.000000,116.591820,-1.500000,-0.229714,-3.000000,-1.759845,0.000000,-0.494210,0.000000,0.256377,1.000000
28838.000000,2.000000,0.000000,116.598831,-1.500000,-0.224296,-3.000000,-1.754789,0.000000,-0.050820,0.000000,0.040035,1.000000
28848.000000,2.000000,0.000000,116.607155,-1.500000,-0.222871,-3.000000,-1.745456,0.000000,0.405415,0.000000,0.110285,1.000000
28858.000000,2.000000,0.000000,116.763725,-1.500000,-0.218129,-3.000000,-1.743692,0.000000,0.653309,0.000000,0.090762,1.000000
28868.000000,2.000000,0.000000,117.040215,-1.500000,-0.214062,-3.000000,-1.744281,0.000000,-0.260165,0.000000,0.163689,1.000000
28878.000000,2.000000,0.000000,117.519867,-1.500000,-0.215086,-3.000000,-1.745553,0.000000,-0.256968,0.000000,-0.117701,1.000000
28888.000000,2.000000,0.000000,117.913933,-1.500000,-0.216809,-3.000000,-1.737022,0.000000,-0.171603,0.000000,0.573527,1.000000
28898.000000,2.000000,0.000000,117.736801,-1.500000,-0.214144,-3.000000,-1.716818,0.000000,0.408401,0.000000,0.147705,1.000000
28908.000000,2.000000,0.000000,117.386925,-1.500000,-0.206506,-3.000000,-1.701627,0.000000,0.430888,0.000000,0.124347,1.000000
28918.000000,2.000000,0.000000,117.251358,-1.500000,-0.211134,-3.000000,-1.690224,0.000000,-0.519889,0.000000,0.418035,1.000000
28928.000000,2.000000,0.000000,117.190147,-1.500000,-0.220363,-3.000000,-1.684333,0.000000,-0.675377,0.000000,0.100220,1.000000
28938.000000,2.000000,0.000000,117.291885,-1.500000,-0.221669,-3.000000,-1.675683,0.000000,-0.190773,0.000000,0.240216,1.000000
28948.000000,2.000000,0.000000,117.323151,-1.500000,-0.218384,-3.000000,-1.654355,0.000000,0.556195,0.000000,0.183239,1.000000
28958.000000,2.000000,0.000000,117.292618,-1.500000,-0.217894,-3.000000,-1.640717,0.000000,0.584941,0.000000,0.111714,1.000000
28968.000000,2.000000,0.000000,117.321022,-1.500000,-0.223914,-3.000000,-1.639997,0.000000,-0.397818,0.000000,0.233843,1.000000
28978.000000,2.000000,0.000000,117.196068,-1.500000,-0.227942,-3.000000,-1.644062,0.000000,-0.482590,0.000000,0.062671,1.000000
28988.000000,2.000000,0.000000,117.347359,-1.500000,-0.228199,-3.000000,-1.641136,0.000000,-0.198311,0.000000,0.197351,1.000000
28998.000000,2.000000,0.000000,117.221474,-1.500000,-0.218808,-3.000000,-1.633027,0.000000,0.372951,0.000000,0.086916,1.000000
29008.000000,2.000000,0.000000,117.064629,-1.500000,-0.217340,-3.000000,-1.625261,0.000000,0.224181,0.000000,0.188199,1.000000
29018.000000,2.000000,0.000000,116.972870,-1.500000,-0.216108,-3.000000,-1.615330,0.000000,-0.032537,0.000000,0.243831,1.000000
29028.000000,2.000000,0.000000,117.108208,-1.500000,-0.212434,-3.000000,-1.608620,0.000000,-0.322538,0.000000,0.119191,1.000000
29038.000000,2.000000,0.000000,117.363052,-1.500000,-0.209970,-3.000000,-1.608660,0.000000,-0.353091,0.000000,-0.083113,1.000000
29048.000000,2.000000,0.000000,117.422104,-1.500000,-0.212673,-3.000000,-1.607438,0.000000,0.479646,0.000000,-0.038891,1.000000
29058.000000,2.000000,0.000000,117.562103,-1.500000,-0.220565,-3.000000,-1.597741,0.000000,0.252185,0.000000,0.171505,1.000000
29068.000000,2.000000,0.000000,117.547165,-1.500000,-0.228117,-3.000000,-1.586592,0.000000,-0.299102,0.000000,0.372834,1.000000
29078.000000,2.000000,0.000000,117.287422,-1.500000,-0.228668,-3.000000,-1.578452,0.000000,-0.221936,0.000000,0.459580,1.000000
29088.000000,2.000000,0.000000,117.021103,-1.500000,-0.220832,-3.000000,-1.583486,0.000000,0.105614,0.000000,0.084776,1.000000
29098.000000,2.000000,0.000000,116.800919,-1.500000,-0.210349,-3.000000,-1.593389,0.000000,0.153018,0.000000,0.143450,1.000000
29108.000000,2.000000,0.000000,116.620872,-1.500000,-0.207343,-3.000000,-1.603510,0.000000,-0.008745,0.000000,-0.029886,1.000000
29118.000000,2.000000,0.000000,116.371918,-1.500000,-0.201215,-3.000000,-1.607237,0.000000,0.129523,0.000000,0.263726,1.000000
29128.000000,2.000000,0.000000,116.262985,-1.500000,-0.192230,-3.000000,-1.602909,0.000000,-0.164389,0.000000,0.238216,1.000000
29138.000000,2.000000,0.000000,116.223671,-1.500000,-0.188960,-3.000000,-1.604944,0.000000,-0.147824,0.000000,0.143264,1.000000
29148.000000,2.000000,0.000000,116.450012,-1.500000,-0.189675,-3.000000,-1.600563,0.000000,0.106583,0.000000,0.249480,1.000000
29158.000000,2.000000,0.000000,116.739113,-1.500000,-0.194783,-3.000000,-1.606956,0.000000,0.172121,0.000000,-0.275635,1.000000
29168.000000,2.000000,0.000000,117.027229,-1.500000,-0.204142,-3.000000,-1.625698,0.000000,-0.136286,0.000000,-0.251705,1.000000
29178.000000,2.000000,0.000000,117.309883,-1.500000,-0.205996,-3.000000,-1.640844,0.000000,-0.368318,0.000000,0.089564,1.000000
29188.000000,2.000000,0.000000,117.495995,-1.500000,-0.189153,-3.000000,-1.651162,0.000000,0.283246,0.000000,0.279525,1.000000
29198.000000,2.000000,0.000000,117.788864,-1.500000,-0.165521,-3.000000,-1.661930,0.000000,0.327974,0.000000,-0.207137,1.000000
29208.000000,2.000000,0.000000,117.594986,-1.500000,-0.150217,-3.000000,-1.669563,0.000000,0.371109,0.000000,-0.043831,1.000000
29218.000000,2.000000,0.000000,117.537163,-1.500000,-0.148540,-3.000000,-1.673537,0.000000,-0.082028,0.000000,0.255895,1.000000
29228.000000,2.000000,0.000000,117.477783,-1.500000,-0.156040,-3.000000,-1.682055,0.000000,-0.567152,0.000000,0.086211,1.000000
29238.000000,2.000000,0.000000,117.426132,-1.500000,-0.158242,-3.000000,-1.697150,0.000000,-0.039003,0.000000,0.045918,1.000000
29248.000000,2.000000,0.000000,117.434952,-1.500000,-0.155135,-3.000000,-1.710028,0.000000,0.005202,0.000000,0.488508,1.000000
29258.000000,2.000000,0.000000,117.540977,-1.500000,-0.141245,-3.000000,-1.722764,0.000000,0.544531,0.000000,0.049325,1.000000
29268.000000,2.000000,0.000000,117.674629,-1.500000,-0.127825,-3.000000,-1.740171,0.000000,0.055603,0.000000,0.141150,1.000000
29278.000000,2.000000,0.000000,117.433701,-1.500000,-0.126107,-3.000000,-1.749343,0.000000,-0.575508,0.000000,0.368159,1.000000
29288.000000,2.000000,0.000000,117.232430,-1.500000,-0.113082,-3.000000,-1.756269,0.000000,0.323914,0.000000,-0.033911,1.000000
29298.000000,2.000000,0.000000,117.065315,-1.500000,-0.093806,-3.000000,-1.763800,0.000000,0.161247,0.000000,0.057226,1.000000
29308.000000,2.000000,0.000000,116.936165,-1.500000,-0.078852,-3.000000,-1.773322,0.000000,0.495219,0.000000,0.017460,1.000000
29318.000000,2.000000,0.000000,116.928772,-1.500000,-0.072962,-3.000000,-1.774321,0.000000,0.098759,0.000000,0.328276,1.000000
29328.000000,2.000000,0.000000,117.079033,-1.500000,-0.074073,-3.000000,-1.766696,0.000000,-0.239207,0.000000,0.072846,1.000000
29338.000000,2.000000,0.000000,117.250404,-1.500000,-0.071790,-3.000000,-1.763705,0.000000,0.235365,0.000000,0.187863,1.000000
29348.000000,2.000000,0.000000,117.235382,-1.500000,-0.069145,-3.000000,-1.757040,0.000000,0.018691,0.000000,0.377102,1.000000
29358.000000,2.000000,0.000000,117.271973,-1.500000,-0.063669,-3.000000,-1.753249,0.000000,0.113324,0.000000,0.170521,1.000000
29368.000000,2.000000,0.000000,117.354034,-1.500000,-0.053753,-3.000000,-1.748204,0.000000,0.210465,0.000000,0.206997,1.000000
29378.000000,2.000000,0.000000,117.375443,-1.500000,-0.053613,-3.000000,-1.743936,0.000000,-0.422042,0.000000,-0.014520,1.000000
29388.000000,2.000000,0.000000,117.344826,-1.500000,-0.053042,-3.000000,-1.740249,0.000000,0.059971,0.000000,0.390642,1.000000
29398.000000,2.000000,0.000000,117.161598,-1.500000,-0.063377,-3.000000,-1.739362,0.000000,0.104954,0.000000,0.047824,1.000000
29408.000000,2.000000,0.000000,117.121773,-1.500000,-0.073702,-3.000000,-1.739070,0.000000,0.170558,0.000000,-0.443600,1.000000
29418.000000,2.000000,0.000000,117.086258,-1.500000,-0.089438,-3.000000,-1.739413,0.000000,-0.641626,0.000000,0.062477,1.000000
29428.000000,2.000000,0.000000,117.353104,-1.500000,-0.106815,-3.000000,-1.740323,0.000000,-0.350916,0.000000,0.080274,1.000000
29438.000000,2.000000,0.000000,117.334000,-1.500000,-0.120571,-3.000000,-1.737960,0.000000,-0.293793,0.000000,0.494895,1.000000
29448.000000,2.000000,0.000000,117.208450,-1.500000,-0.134848,-3.000000,-1.723569,0.000000,0.090847,0.000000,0.276321,1.000000
29458.000000,2.000000,0.000000,117.302887,-1.500000,-0.139353,-3.000000,-1.710283,0.000000,0.519793,0.000000,0.133022,1.000000
29468.000000,2.000000,0.000000,117.230347,-1.500000,-0.153618,-3.000000,-1.695190,0.000000,-0.207340,0.000000,0.224822,1.000000
29478.000000,2.000000,0.000000,117.365883,-1.500000,-0.160864,-3.000000,-1.686467,0.000000,0.154945,0.000000,-0.009781,1.000000
29488.000000,2.000000,0.000000,117.430595,-1.500000,-0.164567,-3.000000,-1.675522,0.000000,0.051984,0.000000,0.285501,1.000000
29498.000000,2.000000,0.000000,117.428307,-1.500000,-0.176203,-3.000000,-1.674977,0.000000,-0.421365,0.000000,-0.789708,1.000000
29508.000000,2.000000,0.000000,117.431786,-1.500000,-0.184649,-3.000000,-1.699211,0.000000,0.257409,0.000000,-0.216560,1.000000
29518.000000,2.000000,0.000000,117.439392,-1.500000,-0.189286,-3.000000,-1.718229,0.000000,-0.291785,0.000000,0.234207,1.000000
29528.000000,2.000000,0.000000,117.392578,-1.500000,-0.205288,-3.000000,-1.731877,0.000000,-0.568266,0.000000,0.055262,1.000000
29538.000000,2.000000,0.000000,117.401894,-1.500000,-0.223337,-3.000000,-1.745802,0.000000,0.093394,0.000000,0.077610,1.000000
29548.000000,2.000000,0.000000,117.504234,-1.500000,-0.246267,-3.000000,-1.761189,0.000000,-0.168584,0.000000,-0.091929,1.000000
29558.000000,2.000000,0.000000,117.688210,-1.500000,-0.264212,-3.000000,-1.761738,0.000000,0.168742,0.000000,0.215054,1.000000
29568.000000,2.000000,0.000000,117.643280,-1.500000,-0.277027,-3.000000,-1.757205,0.000000,0.023209,0.000000,0.012397,1.000000
29578.000000,2.000000,0.000000,117.394142,-1.500000,-0.285189,-3.000000,-1.755596,0.000000,-0.153273,0.000000,-0.079295,1.000000
29588.000000,2.000000,0.000000,117.497879,-1.500000,-0.275964,-3.000000,-1.759503,0.000000,0.389153,0.000000,0.080025,1.000000
29598.000000,2.000000,0.000000,117.591873,-1.500000,-0.265812,-3.000000,-1.756309,0.000000,-0.168115,0.000000,0.486775,1.000000
29608.000000,2.000000,0.000000,117.517708,-1.500000,-0.261957,-3.000000,-1.752813,0.000000,-0.077844,0.000000,0.221759,1.000000
29618.000000,2.000000,0.000000,117.355675,-1.500000,-0.268362,-3.000000,-1.755878,0.000000,-0.093668,0.000000,0.137856,1.000000
29628.000000,2.000000,0.000000,117.319511,-1.500000,-0.272612,-3.000000,-1.764033,0.000000,0.019855,0.000000,-0.006099,1.000000
29638.000000,2.000000,0.000000,117.338364,-1.500000,-0.270027,-3.000000,-1.774559,0.000000,0.011201,0.000000,0.183247,1.000000
29648.000000,2.000000,0.000000,117.256233,-1.500000,-0.271351,-3.000000,-1.781457,0.000000,0.038929,0.000000,0.175303,1.000000
29658.000000,2.000000,0.000000,117.239899,-1.500000,-0.269580,-3.000000,-1.781645,0.000000,0.053103,0.000000,-0.145568,1.000000
29668.000000,2.000000,0.000000,117.226715,-1.500000,-0.263391,-3.000000,-1.779056,0.000000,0.002145,0.000000,-0.244397,1.000000
29678.000000,2.000000,0.000000,117.210632,-1.500000,-0.264675,-3.000000,-1.773338,0.000000,-0.112477,0.000000,0.265380,1.000000
29688.000000,2.000000,0.000000,117.048866,-1.500000,-0.262897,-3.000000,-1.767384,0.000000,0.220142,0.000000,0.452212,1.000000
29698.000000,2.000000,0.000000,116.870758,-1.500000,-0.263953,-3.000000,-1.769150,0.000000,-0.088213,0.000000,0.376014,1.000000
29708.000000,2.000000,0.000000,117.136993,-1.500000,-0.265640,-3.000000,-1.768237,0.000000,-0.085887,0.000000,0.366344,1.000000
29718.000000,2.000000,0.000000,117.355331,-1.500000,-0.263854,-3.000000,-1.776678,0.000000,-0.250544,0.000000,-0.321990,1.000000
29728.000000,2.000000,0.000000,117.268570,-1.500000,-0.267668,-3.000000,-1.784833,0.000000,-0.082960,0.000000,0.193204,1.000000
29738.000000,2.000000,0.000000,117.153076,-1.500000,-0.267414,-3.000000,-1.794664,0.000000,0.311840,0.000000,0.136367,1.000000
29748.000000,2.000000,0.000000,116.856094,-1.500000,-0.255882,-3.000000,-1.800739,0.000000,0.111385,0.000000,0.091406,1.000000
29758.000000,2.000000,0.000000,116.877998,-1.500000,-0.234664,-3.000000,-1.802035,0.000000,0.468010,0.000000,-0.216559,1.000000
29768.000000,2.000000,0.000000,117.026535,-1.500000,-0.206834,-3.000000,-1.805984,0.000000,0.017448,0.000000,-0.212863,1.000000
29778.000000,2.000000,0.000000,117.256844,-1.500000,-0.188659,-3.000000,-1.809933,0.000000,-0.349154,0.000000,-0.077348,1.000000
29788.000000,2.000000,0.000000,117.293671,-1.500000,-0.170625,-3.000000,-1.811514,0.000000,0.299976,0.000000,0.030110,1.000000
29798.000000,2.000000,0.000000,117.122795,-1.500000,-0.161292,-3.000000,-1.813570,0.000000,-0.039456,0.000000,0.055322,1.000000
29808.000000,2.000000,0.000000,116.933540,-1.500000,-0.161481,-3.000000,-1.816901,0.000000,-0.099119,0.000000,0.236865,1.000000
29818.000000,2.000000,0.000000,116.827614,-1.500000,-0.167868,-3.000000,-1.816120,0.000000,-0.151395,0.000000,0.133179,1.000000
29828.000000,2.000000,0.000000,116.892235,-1.500000,-0.166009,-3.000000,-1.811303,0.000000,-0.298482,0.000000,-0.048684,1.000000
29838.000000,2.000000,0.000000,116.894760,-1.500000,-0.158574,-3.000000,-1.809881,0.000000,0.138422,0.000000,0.291632,1.000000
29848.000000,2.000000,0.000000,117.041977,-1.500000,-0.152643,-3.000000,-1.822390,0.000000,-0.095834,0.000000,0.033316,1.000000
29858.000000,2.000000,0.000000,117.114067,-1.500000,-0.140802,-3.000000,-1.834245,0.000000,0.375211,0.000000,-0.197900,1.000000
29868.000000,2.000000,0.000000,117.028183,-1.500000,-0.132063,-3.000000,-1.839718,0.000000,0.079643,0.000000,0.015554,1.000000
29878.000000,2.000000,0.000000,116.957672,-1.500000,-0.136397,-3.000000,-1.846900,0.000000,-0.211738,0.000000,-0.349877,1.000000
29888.000000,2.000000,0.000000,116.946259,-1.500000,-0.136189,-3.000000,-1.848149,0.000000,0.222561,0.000000,0.707547,1.000000
29898.000000,2.000000,0.000000,116.533012,-1.500000,-0.135880,-3.000000,-1.831837,0.000000,-0.315392,0.000000,0.493813,1.000000
29908.000000,2.000000,0.000000,116.346550,-1.500000,-0.132619,-3.000000,-1.802900,0.000000,-0.153324,0.000000,0.198297,1.000000
29918.000000,2.000000,0.000000,116.299942,-1.500000,-0.129362,-3.000000,-1.781308,0.000000,-0.562021,0.000000,0.237529,1.000000
29928.000000,2.000000,0.000000,116.410652,-1.500000,-0.135017,-3.000000,-1.768524,0.000000,-0.148235,0.000000,-0.176960,1.000000
29938.000000,2.000000,0.000000,116.792107,-1.500000,-0.137895,-3.000000,-1.761420,0.000000,0.592133,0.000000,0.209797,1.000000
29948.000000,2.000000,0.000000,117.002480,-1.500000,-0.140586,-3.000000,-1.756322,0.000000,0.183703,0.000000,0.204514,1.000000
29958.000000,2.000000,0.000000,117.226913,-1.500000,-0.140891,-3.000000,-1.756755,0.000000,-0.093414,0.000000,-0.089290,1.000000
29968.000000,2.000000,0.000000,117.362801,-1.500000,-0.144134,-3.000000,-1.756322,0.000000,-0.475726,0.000000,0.072026,1.000000
29978.000000,2.000000,0.000000,117.329010,-1.500000,-0.144200,-3.000000,-1.752446,0.000000,-0.307612,0.000000,-0.090144,1.000000
29988.000000,2.000000,0.000000,117.251877,-1.500000,-0.134088,-3.000000,-1.749073,0.000000,0.598235,0.000000,0.280120,1.000000
29998.000000,2.000000,0.000000,117.188248,-1.500000,-0.129913,-3.000000,-1.734328,0.000000,0.178862,0.000000,0.804995,1.000000
30008.000000,2.000000,0.000000,117.124214,-1.500000,-0.129160,-3.000000,-1.718367,0.000000,-0.038819,0.000000,0.237191,1.000000
30018.000000,2.000000,0.000000,117.123703,-1.500000,-0.129049,-3.000000,-1.703732,0.000000,-0.420474,0.000000,0.065935,1.000000
30028.000000,2.000000,0.000000,117.075714,-1.500000,-0.127524,-3.000000,-1.693972,0.000000,-0.143113,0.000000,-0.102985,1.000000
30038.000000,2.000000,0.000000,117.193359,-1.500000,-0.124631,-3.000000,-1.682374,0.000000,0.403117,0.000000,0.102939,1.000000
30048.000000,2.000000,0.000000,117.548424,-1.500000,-0.119812,-3.000000,-1.676186,0.000000,0.422645,0.000000,0.323624,1.000000
30058.000000,2.000000,0.000000,117.836166,-1.500000,-0.121250,-3.000000,-1.673357,0.000000,-0.095639,0.000000,0.166130,1.000000
30068.000000,2.000000,0.000000,118.022789,-1.500000,-0.129755,-3.000000,-1.674239,0.000000,-0.344553,0.000000,-0.088617,1.000000
30078.000000,2.000000,0.000000,118.121841,-1.500000,-0.142637,-3.000000,-1.675741,0.000000,-0.699114,0.000000,0.257122,1.000000
30088.000000,3.000000,119.802460,118.302452,0.540000,-0.154085,-3.000000,-1.680124,-8.613856,0.137688,-7.919258,-0.110135,1.000000
30098.000000,3.000000,121.302460,118.104431,0.540000,-0.158399,-3.000000,-1.687470,4.469752,0.253450,-7.875180,0.277001,1.000000
30108.000000,3.000000,122.802467,117.979248,0.540000,-0.161730,-3.000000,-1.698205,4.491069,-0.154546,-7.810771,0.302485,1.000000
30118.000000,3.000000,124.302467,117.578705,0.540000,-0.161982,-3.000000,-1.704035,4.492683,-0.773315,-7.775787,0.122097,1.000000
30128.000000,3.000000,125.802475,117.393745,0.540000,-0.154244,-3.000000,-1.703496,4.443161,-0.615821,-7.779026,-0.205467,1.000000
30138.000000,3.000000,127.302467,117.202606,0.540000,-0.145908,-3.000000,-1.705171,4.389814,-0.559830,-7.768974,0.071648,1.000000
30148.000000,3.000000,128.802460,117.195961,0.540000,-0.139071,-3.000000,-1.703261,4.346056,-0.494020,-7.780436,-0.090998,1.000000
30158.000000,3.000000,130.302460,116.997391,0.540000,-0.137412,-3.000000,-1.697962,4.335439,-0.765928,-7.812229,0.855287,1.000000
30168.000000,3.000000,131.802460,117.129372,0.540000,-0.150378,-3.000000,-1.684606,4.418416,-1.629400,-7.892365,1.055163,1.000000
30178.000000,3.000000,133.302444,117.090950,0.540000,-0.179989,-3.000000,-1.662185,4.607927,-2.910074,-8.026889,2.958352,1.000000
30188.000000,3.000000,134.802444,117.213341,0.540000,-0.214718,-3.000000,-1.627521,4.830198,-0.639029,-8.234875,2.949806,1.000000
30198.000000,3.000000,136.302444,117.191597,0.540000,-0.227149,-3.000000,-1.622101,4.909751,2.642226,-8.267394,0.353857,1.000000
30208.000000,3.000000,137.802444,117.178627,0.540000,-0.210797,-3.000000,-1.617795,4.805102,3.926928,-8.293228,1.832870,1.000000
30218.000000,3.000000,139.302429,117.227448,0.540000,-0.160844,-3.000000,-1.616476,4.485403,6.383149,-8.301143,2.130094,1.000000
30228.000000,3.000000,140.802429,117.416374,0.540000,-0.092039,-3.000000,-1.590685,4.045053,7.961407,-8.455889,5.601836,1.000000
30238.000000,3.000000,142.302429,117.428017,0.540000,0.037429,-3.000000,-1.546128,3.216453,14.877209,-8.723232,7.290936,1.000000
30248.000000,3.000000,143.802414,117.403542,0.540000,0.218489,-3.000000,-1.495962,2.057673,16.998880,-9.024231,8.164384,1.000000
30258.000000,3.000000,145.302414,117.598709,0.540000,0.427705,-3.000000,-1.422379,0.718688,18.666298,-9.465727,10.134627,1.000000
30268.000000,3.000000,146.802414,117.980255,0.540000,0.604136,-3.000000,-1.314195,-0.410470,18.357622,-10.114829,11.267869,1.000000
30278.000000,3.000000,148.302399,118.274414,0.540000,0.797732,-3.000000,-1.201342,-1.649487,19.776138,-10.791948,11.514429,1.000000
30288.000000,3.000000,149.802399,118.457916,0.540000,0.974347,-3.000000,-1.087642,-2.779824,15.936309,-11.474151,11.788231,1.000000
30298.000000,3.000000,151.302399,118.733437,0.540000,1.114174,-3.000000,-0.969106,-3.674716,12.405101,-12.185364,11.711985,1.000000
30308.000000,3.000000,152.802399,119.676132,0.540000,1.221703,-3.000000,-0.859747,-4.362902,9.262177,-12.841520,11.057430,1.000000
30318.000000,3.000000,154.302383,120.801117,0.540000,1.293078,-3.000000,-0.758253,-4.819697,3.701846,-13.450481,8.305014,1.000000
30328.000000,3.000000,155.802383,121.871918,0.540000,1.377470,-3.000000,-0.700485,-5.359811,4.974601,-13.797087,5.480909,1.000000
30338.000000,3.000000,157.302383,123.214157,0.540000,1.387675,-3.000000,-0.655674,-5.425117,1.065695,-14.065954,4.636610,1.000000
30348.000000,3.000000,158.802368,124.937660,0.540000,1.360617,-3.000000,-0.597980,-5.251946,1.791950,-14.412121,3.568646,1.000000
30358.000000,3.000000,160.302368,126.639778,0.540000,1.287659,-3.000000,-0.547159,-4.785016,1.804655,-14.717045,0.954082,1.000000
30368.000000,3.000000,161.802368,128.271927,0.540000,1.266933,-3.000000,-0.534308,-4.652374,-0.094485,-14.794152,0.719555,1.000000
30378.000000,3.000000,163.302368,130.111618,0.540000,1.264576,-3.000000,-0.549435,-4.637289,-0.236261,-14.703392,0.461224,1.000000
30388.000000,3.000000,164.802353,132.229584,0.540000,1.263463,-3.000000,-0.588727,-4.630167,-0.849463,-14.467640,-1.531404,1.000000
30398.000000,3.000000,166.302353,134.599777,0.540000,1.265363,-3.000000,-0.661417,-4.642326,0.952043,-14.031501,-2.533648,1.000000
30408.000000,3.000000,167.802353,137.080750,0.540000,1.266421,-3.000000,-0.663536,-4.649097,0.041779,-14.018785,-0.427000,1.000000
30418.000000,3.000000,169.302338,139.839432,0.540000,1.280281,-3.000000,-0.682359,-4.737798,2.248361,-13.905848,-1.617143,1.000000
30428.000000,3.000000,170.802338,142.788315,0.540000,1.319790,-3.000000,-0.703579,-4.990655,2.486690,-13.778523,-0.146493,1.000000
30438.000000,3.000000,172.302338,145.587311,0.620000,1.382492,-3.000000,-0.711000,-5.391952,1.971382,-13.733997,1.149283,1.000000
30448.000000,3.000000,173.802338,148.100296,0.620000,1.421106,-3.000000,-0.711523,-5.127080,3.587823,-13.730864,2.269182,1.000000
30458.000000,3.000000,175.302322,150.593781,0.540000,1.449663,-3.000000,-0.695044,-5.309843,3.206571,-13.829735,3.884293,1.000000
30468.000000,3.000000,176.802322,153.801270,0.540000,1.449140,-3.000000,-0.683314,-5.818498,2.275903,-13.900118,3.933852,1.000000
30478.000000,3.000000,178.302322,156.960663,0.620000,1.478872,-3.080000,-0.653221,-6.008781,4.886522,-14.080673,4.812618,1.000000
30488.000000,3.000000,179.802307,160.931931,0.540000,1.517665,-3.000000,-0.595939,-5.745059,4.091479,-14.904367,6.926631,1.000000
30498.000000,3.000000,181.302307,164.765808,0.540000,1.582523,-3.080000,-0.531152,-6.672145,5.707916,-14.813086,8.018447,1.000000
30508.000000,3.000000,182.802307,168.834671,0.540000,1.659250,-3.080000,-0.475611,-7.163200,2.876981,-15.626333,8.331439,1.000000
30518.000000,3.000000,184.302307,172.861450,0.540000,1.719339,-3.080000,-0.416260,-7.547772,1.629550,-15.982438,7.713787,1.000000
30528.000000,3.000000,185.802292,177.019669,0.620000,1.756435,-3.080000,-0.346549,-7.785183,4.171462,-16.400703,8.439949,1.000000
30538.000000,3.000000,187.302292,181.484558,0.620000,1.746326,-3.080000,-0.275837,-7.208485,1.851658,-16.824976,8.942066,1.000000
30548.000000,3.000000,188.802292,186.513062,0.620000,1.741861,-3.080000,-0.203062,-7.179910,2.391206,-17.261625,10.558882,1.000000
30558.000000,3.000000,190.302277,191.135132,0.620000,1.717001,-3.680000,-0.102391,-7.020805,0.547121,-17.865650,11.854998,1.000000
30568.000000,3.000000,191.802277,195.616318,0.620000,1.702456,-3.680000,-0.002553,-6.927716,2.919020,-22.064682,11.248942,1.000000
30578.000000,3.000000,193.302277,200.548203,0.620000,1.703012,-3.680000,0.089030,-6.931281,2.436439,-22.614180,11.087710,1.000000
30588.000000,3.000000,194.802277,205.677429,0.620000,1.726405,-3.680000,0.157698,-7.080993,1.101826,-23.026188,10.663365,1.000000
30598.000000,3.000000,196.302261,211.058319,0.620000,1.751487,-3.680000,0.213102,-7.241516,-0.305264,-23.358610,8.586324,1.000000
30608.000000,3.000000,197.802261,216.231216,0.620000,1.747284,-3.680000,0.248045,-7.214621,-1.848183,-23.568270,6.413240,1.000000
30618.000000,3.000000,199.302261,221.196304,0.620000,1.685471,-3.680000,0.276873,-6.819013,-3.801922,-23.741236,3.669581,1.000000
30628.000000,3.000000,200.802246,226.022049,0.620000,1.592632,-3.680000,0.309247,-6.224845,-4.743428,-23.935480,2.905800,1.000000
30638.000000,3.000000,202.302246,231.076416,0.620000,1.526672,-4.560000,0.313396,-5.802701,-5.070642,-23.960377,-0.289181,1.000000
30648.000000,3.000000,203.802246,236.285645,0.620000,1.479681,-4.560000,0.294322,-5.501959,-5.827605,-29.125931,-2.214929,1.000000
30658.000000,3.000000,205.302246,241.522141,0.620000,1.432501,-4.560000,0.245059,-5.200007,-6.553667,-28.830353,-4.053655,1.000000
30668.000000,3.000000,206.802231,246.244308,0.620000,1.378706,-4.560000,0.165047,-4.855721,-3.567812,-28.350285,-7.111486,1.000000
30678.000000,3.000000,208.302231,251.396271,0.620000,1.307180,-4.560000,0.066400,-4.397954,-4.723144,-27.758396,-8.151330,1.000000
30688.000000,3.000000,209.802231,256.811066,0.620000,1.269998,-5.240000,-0.050085,-4.159987,0.258632,-27.059492,-9.587528,1.000000
30698.000000,3.000000,211.302216,262.578491,0.620000,1.259015,-5.240000,-0.192175,-4.089694,0.386842,-30.286953,-12.553434,1.000000
30708.000000,3.000000,212.802216,268.047943,0.620000,1.285842,-5.240000,-0.337929,-4.261392,4.003518,-29.412426,-13.885240,1.000000
30718.000000,3.000000,214.302216,273.015564,0.620000,1.355483,-5.920000,-0.519312,-4.707091,2.810950,-28.324127,-17.823013,1.000000
30728.000000,3.000000,215.802200,277.819763,0.620000,1.408071,-5.920000,-0.713601,-5.043658,3.111297,-31.238396,-18.483644,1.000000
30738.000000,3.000000,217.302200,282.419617,0.620000,1.493936,-5.920000,-0.934897,-5.593193,5.980645,-29.910618,-22.530201,1.000000
30748.000000,3.000000,218.802200,286.974976,0.620000,1.532834,-5.920000,-1.174488,-5.842140,3.004120,-28.473068,-23.891209,1.000000
30758.000000,3.000000,220.302200,291.522705,0.620000,1.595089,-6.600000,-1.435097,-6.240570,6.440775,-26.909414,-26.220951,1.000000
30768.000000,3.000000,221.802185,295.874786,0.620000,1.630192,-6.600000,-1.711216,-6.465232,3.149397,-29.332701,-27.140831,1.000000
30778.000000,3.000000,223.302185,300.056854,0.620000,1.667379,-6.680000,-1.990518,-6.703227,3.712457,-27.656887,-27.904734,1.000000
30788.000000,3.000000,224.802185,304.495087,0.620000,1.706720,-6.680000,-2.275940,-6.955009,2.982426,-26.424356,-28.527266,1.000000
30798.000000,3.000000,226.302170,308.696442,0.620000,1.726033,-7.200000,-2.557211,-7.078609,1.245934,-24.736731,-28.081591,1.000000
30808.000000,3.000000,227.802170,312.643860,0.540000,1.749339,-7.760000,-2.832389,-7.227772,2.408370,-26.205666,-27.064917,1.000000
30818.000000,3.000000,229.302170,316.444672,0.540000,1.734056,-7.760000,-3.082077,-7.641958,-2.305870,-28.067533,-24.410568,1.000000
30828.000000,3.000000,230.802170,319.978302,0.540000,1.709937,-7.760000,-3.321182,-7.487595,-1.915055,-26.632908,-23.538176,1.000000
30838.000000,3.000000,232.302155,323.590210,0.540000,1.678504,-8.559999,-3.541457,-7.286429,-4.252200,-25.311253,-21.764627,1.000000
30848.000000,3.000000,233.802155,327.242371,0.540000,1.624878,-8.559999,-3.752842,-6.943222,-4.896233,-28.842945,-20.881907,1.000000
30858.000000,3.000000,235.302155,330.778534,0.540000,1.579872,-8.559999,-3.950288,-6.655184,-4.988916,-27.658270,-19.501738,1.000000
30868.000000,3.000000,236.802139,334.005402,0.540000,1.511773,-8.559999,-4.137354,-6.219345,-5.977699,-26.535870,-18.706923,1.000000
30878.000000,3.000000,238.302139,336.983154,0.540000,1.468182,-9.160000,-4.325364,-5.940367,-4.109231,-25.407812,-18.699886,1.000000
30888.000000,3.000000,239.802139,339.675385,0.540000,1.412576,-9.160000,-4.506991,-5.584488,-5.744505,-27.918053,-17.890583,1.000000
30898.000000,3.000000,241.302139,342.394714,0.540000,1.385804,-9.639999,-4.686460,-5.413147,-1.495160,-26.841242,-18.166296,1.000000
30908.000000,3.000000,242.802124,345.143829,0.540000,1.347259,-9.639999,-4.862618,-5.166455,-3.401113,-28.664288,-18.010885,1.000000
30918.000000,3.000000,244.302124,347.966827,0.540000,1.325552,-9.639999,-5.036701,-5.027530,-0.360705,-27.619793,-17.998741,1.000000
30928.000000,3.000000,245.802124,350.337311,0.540000,1.313079,-9.639999,-5.212560,-4.947704,-0.532041,-26.564638,-18.817259,1.000000
30938.000000,3.000000,247.302109,352.855530,0.540000,1.317394,-9.639999,-5.387248,-4.975324,1.324468,-25.516508,-19.097822,1.000000
30948.000000,3.000000,248.802109,355.397400,0.540000,1.345441,-9.639999,-5.571801,-5.154822,1.590847,-24.409191,-20.031729,1.000000
30958.000000,3.000000,250.302109,357.920380,0.540000,1.368142,-9.719999,-5.763176,-5.300111,2.388952,-23.260937,-20.454546,1.000000
30968.000000,3.000000,251.802124,360.487671,0.540000,1.409316,-9.719999,-5.960500,-5.563625,4.001002,-22.556995,-20.483419,1.000000
30978.000000,3.000000,253.302124,362.622101,0.540000,1.400038,-9.719999,-6.158862,-5.504243,-0.372554,-21.366823,-20.011784,1.000000
30988.000000,3.000000,254.802139,364.640259,0.540000,1.433881,-9.719999,-6.347940,-5.720840,3.585472,-20.232353,-19.058821,1.000000
30998.000000,3.000000,256.302155,366.603333,0.540000,1.408198,-9.840000,-6.527476,-5.556470,-2.671242,-19.155138,-18.016376,1.000000
31008.000000,3.000000,257.802155,368.315308,0.540000,1.424327,-9.840000,-6.690698,-5.659692,2.617628,-18.895813,-16.634813,1.000000
31018.000000,3.000000,259.302155,369.973083,0.540000,1.422204,-9.840000,-6.835564,-5.646108,-0.837282,-18.026619,-15.472419,1.000000
31028.000000,3.000000,260.802185,371.464539,0.540000,1.433246,-9.840000,-6.962994,-5.716776,0.985525,-17.262039,-14.079999,1.000000
31038.000000,3.000000,262.302185,372.484619,0.420000,1.447107,-9.840000,-7.074993,-5.805484,-0.927181,-16.590046,-13.225965,1.000000
31048.000000,3.000000,263.802216,373.278137,0.420000,1.443183,-9.840000,-7.171616,-6.548373,-1.407437,-16.010303,-11.692193,1.000000
31058.000000,3.000000,265.302216,374.048401,0.420000,1.488684,-9.719999,-7.252503,-6.839581,1.275719,-15.524983,-11.386106,1.000000
31068.000000,3.000000,266.802216,375.044403,0.420000,1.488506,-9.719999,-7.314513,-6.838439,-2.820026,-14.432917,-9.930044,1.000000
31078.000000,3.000000,268.302246,375.808685,0.420000,1.545833,-9.719999,-7.375041,-7.205330,2.861626,-14.069747,-9.393929,1.000000
31088.000000,3.000000,269.802246,376.502350,0.420000,1.526169,-9.240000,-7.422225,-7.079482,-4.683675,-13.786649,-8.255816,1.000000
31098.000000,3.000000,271.302246,377.115662,0.420000,1.530450,-9.160000,-7.457504,-7.106877,-0.519547,-10.694973,-7.315887,1.000000
31108.000000,3.000000,272.802277,377.446564,0.420000,1.491029,-9.160000,-7.496397,-6.854586,-5.313566,-9.981614,-6.971481,1.000000
31118.000000,3.000000,274.302277,377.858307,0.420000,1.448735,-9.160000,-7.525116,-6.583903,-3.166416,-9.809303,-5.536126,1.000000
31128.000000,3.000000,275.802277,378.051361,0.420000,1.405715,-9.160000,-7.541283,-6.308576,-4.945033,-9.712300,-4.985647,1.000000
31138.000000,3.000000,277.302307,378.290436,0.420000,1.330226,-8.639999,-7.547003,-5.825449,-5.597418,-9.677982,-3.197728,1.000000
31148.000000,3.000000,278.802307,378.270844,0.420000,1.280102,-8.639999,-7.560952,-5.504656,-5.029011,-6.474286,-3.593557,1.000000
31158.000000,3.000000,280.302307,378.347748,0.420000,1.168011,-8.559999,-7.559874,-4.787268,-9.674374,-6.480752,-1.320652,1.000000
31168.000000,3.000000,281.802338,378.238770,0.420000,1.105974,-8.559999,-7.553854,-4.390233,-5.427327,-6.036873,-1.196651,1.000000
31178.000000,3.000000,283.302338,378.105225,0.420000,0.994407,-8.559999,-7.536468,-3.676208,-9.188715,-6.141189,-0.528700,1.000000
31188.000000,3.000000,284.802338,377.940948,0.420000,0.937276,-8.559999,-7.523666,-3.310570,-4.488883,-6.217999,-0.229040,1.000000
31198.000000,3.000000,286.302368,377.316284,0.420000,0.849466,-8.559999,-7.488839,-2.748582,-7.893697,-6.426962,0.647315,1.000000
31208.000000,3.000000,287.802368,376.593628,0.420000,0.788736,-8.639999,-7.425013,-2.359913,-1.268682,-6.809918,0.906023,1.000000
31218.000000,3.000000,289.302368,375.483398,0.420000,0.742909,-8.639999,-7.356259,-2.066620,-6.805140,-7.702440,0.297578,1.000000
31228.000000,3.000000,290.802399,374.498383,0.420000,0.689151,-8.639999,-7.301038,-1.722565,-2.535751,-8.033767,1.149566,1.000000
31238.000000,3.000000,292.302399,373.381317,0.420000,0.676291,-8.639999,-7.269402,-1.640261,-1.788945,-8.223587,-0.103820,1.000000
31248.000000,3.000000,293.802399,372.388641,0.420000,0.660044,-8.559999,-7.232523,-1.536285,-0.164546,-8.444859,0.863515,1.000000
31258.000000,3.000000,295.302429,371.172455,0.420000,0.694388,-8.559999,-7.198607,-1.756083,3.049961,-8.168352,-0.412221,1.000000
31268.000000,3.000000,296.802429,369.734253,0.420000,0.711920,-8.559999,-7.153081,-1.868289,2.504777,-8.441508,-0.316984,1.000000
31278.000000,3.000000,298.302429,368.482697,0.340000,0.772413,-8.559999,-7.112574,-2.255446,5.498675,-8.684552,-1.231993,1.000000
31288.000000,3.000000,299.802460,367.171265,0.420000,0.796924,-8.559999,-7.094416,-2.924316,5.578050,-8.793500,-2.039780,1.000000
31298.000000,3.000000,301.302460,365.662476,0.340000,0.870309,-8.559999,-7.075161,-2.881981,9.047928,-8.909034,-2.843029,1.000000
31308.000000,3.000000,302.802460,364.183563,0.340000,0.905876,-8.559999,-7.053921,-3.621609,3.720659,-9.036469,-3.740579,1.000000
31318.000000,3.000000,304.302490,362.354706,0.340000,0.957014,-8.559999,-7.027857,-3.948889,6.357555,-9.192856,-4.825140,1.000000
31328.000000,3.000000,305.802490,360.507721,0.420000,0.959364,-8.559999,-7.016485,-3.963932,2.799880,-9.261088,-5.087885,1.000000
31338.000000,3.000000,307.302490,358.372589,0.340000,0.967555,-8.559999,-7.013750,-3.504354,3.507285,-9.277496,-4.425874,1.000000
31348.000000,3.000000,308.802521,355.981689,0.340000,0.968508,-8.559999,-7.013921,-4.022452,0.751678,-9.276469,-3.798136,1.000000
31358.000000,3.000000,310.302521,353.911987,0.340000,0.958367,-8.559999,-7.002190,-3.957549,-0.237044,-9.346856,-3.288911,1.000000
31368.000000,3.000000,311.802551,352.004852,0.340000,0.923307,-8.559999,-6.978535,-3.733162,-1.542253,-9.488789,-2.272435,1.000000
31378.000000,3.000000,313.302551,349.977966,0.340000,0.881272,-8.440001,-6.959525,-3.464140,-2.068751,-9.602849,-1.425516,1.000000
31388.000000,3.000000,314.802551,347.724548,0.340000,0.845180,-8.440001,-6.943395,-3.233155,-2.465293,-8.979632,-0.719432,1.000000
31398.000000,3.000000,316.302582,345.682220,0.340000,0.808781,-8.440001,-6.924375,-3.000198,-2.943393,-9.093753,0.126225,1.000000
31408.000000,3.000000,317.802582,343.757172,0.420000,0.799748,-8.360000,-6.895096,-2.942387,-3.016920,-9.269428,1.308960,1.000000
31418.000000,3.000000,319.302582,341.929352,0.420000,0.778075,-8.360000,-6.854618,-2.291677,-4.252240,-9.032292,1.801339,1.000000
31428.000000,3.000000,320.802612,339.774384,0.420000,0.757169,-8.360000,-6.792617,-2.157881,-3.139330,-9.404297,2.440260,1.000000
31438.000000,3.000000,322.302612,337.421570,0.420000,0.734970,-7.680000,-6.724751,-2.015809,-1.861625,-9.811495,3.360019,1.000000
31448.000000,3.000000,323.802612,335.117096,0.420000,0.727561,-7.680000,-6.651548,-1.968391,-1.130249,-6.170709,4.035179,1.000000
31458.000000,3.000000,325.302643,333.047852,0.420000,0.719003,-7.680000,-6.575350,-1.913617,-0.081551,-6.627897,4.586576,1.000000
31468.000000,3.000000,326.802643,330.869904,0.420000,0.704409,-7.680000,-6.494936,-1.820217,1.076329,-7.110380,5.670769,1.000000
31478.000000,3.000000,328.302643,328.664673,0.420000,0.674111,-7.680000,-6.412071,-1.626311,2.148010,-7.607574,6.001973,1.000000
31488.000000,3.000000,329.802673,326.701660,0.420000,0.689318,-7.680000,-6.330329,-1.723635,4.162753,-8.098022,6.886626,1.000000
31498.000000,3.000000,331.302673,324.548706,0.420000,0.725020,-7.080000,-6.254092,-1.952127,4.279813,-8.555449,6.935753,1.000000
31508.000000,3.000000,332.802673,322.456970,0.420000,0.780174,-7.080000,-6.172631,-2.305112,3.233063,-5.444212,7.112290,1.000000
31518.000000,3.000000,334.302704,320.473541,0.420000,0.865756,-7.080000,-6.099292,-2.852839,5.216309,-5.884246,6.176717,1.000000
31528.000000,3.000000,335.802704,318.345856,0.420000,0.934622,-6.520000,-6.012862,-3.293581,3.318004,-6.402829,6.092257,1.000000
31538.000000,3.000000,337.302704,316.626312,0.420000,0.996818,-6.520000,-5.923497,-3.691636,5.545585,-3.579020,5.289056,1.000000
31548.000000,3.000000,338.802734,314.981873,0.420000,1.051246,-6.520000,-5.843800,-4.039975,4.679954,-4.057202,4.804651,1.000000
31558.000000,3.000000,340.302734,313.522705,0.420000,1.118207,-6.520000,-5.765307,-4.468524,4.425485,-4.528155,6.791096,1.000000
31568.000000,3.000000,341.802734,311.853516,0.420000,1.166457,-6.000000,-5.690216,-4.777326,4.064668,-4.978703,6.533153,1.000000
31578.000000,3.000000,343.302765,310.044861,0.420000,1.202771,-5.920000,-5.617469,-5.009736,4.145770,-2.295184,6.364772,1.000000
31588.000000,3.000000,344.802765,308.209045,0.420000,1.254064,-5.920000,-5.543594,-5.338012,4.785579,-2.258434,7.043478,1.000000
31598.000000,3.000000,346.302765,306.688019,0.420000,1.309285,-5.440000,-5.468241,-5.691424,4.343297,-2.710556,7.634085,1.000000
31608.000000,3.000000,347.802795,305.222137,0.420000,1.381083,-5.440000,-5.394534,-6.150930,4.483848,-0.272796,7.693689,1.000000
31618.000000,3.000000,349.302795,304.171783,0.420000,1.430012,-4.840000,-5.316381,-6.464079,3.607993,-0.741714,7.227453,1.000000
31628.000000,3.000000,350.802795,302.991913,0.420000,1.470266,-4.840000,-5.227882,-6.721701,3.541026,2.327293,8.468539,1.000000
31638.000000,3.000000,352.302826,302.026520,0.420000,1.502121,-4.760000,-5.141804,-6.925575,1.970834,1.810824,8.855016,1.000000
31648.000000,3.000000,353.802826,301.017456,0.420000,1.490989,-4.040000,-5.034757,-6.854331,-0.429799,1.648541,9.138110,1.000000
31658.000000,3.000000,355.302826,300.143158,0.420000,1.483189,-4.040000,-4.923944,-6.804410,0.616878,5.303664,9.244320,1.000000
31668.000000,3.000000,356.802856,299.068878,0.420000,1.456233,-4.040000,-4.800576,-6.631894,-2.067636,4.563455,10.271930,1.000000
31678.000000,3.000000,358.302856,298.128418,0.420000,1.435100,-4.040000,-4.684815,-6.496639,-1.106521,3.868893,9.922469,1.000000
31688.000000,3.000000,359.802887,297.226166,0.420000,1.425329,-4.040000,-4.571572,-6.434109,-0.339898,3.189431,10.063897,1.000000
31698.000000,3.000000,361.302887,296.605530,0.420000,1.415501,-4.040000,-4.460114,-6.371204,-1.652642,2.520687,9.930285,1.000000
31708.000000,3.000000,362.802887,295.717834,0.420000,1.405310,-4.040000,-4.378263,-6.305983,-0.828875,2.029581,8.285238,1.000000
31718.000000,3.000000,364.302917,295.059784,0.420000,1.388111,-4.040000,-4.279178,-6.195911,-1.377980,1.435066,10.447468,1.000000
31728.000000,3.000000,365.802917,294.335175,0.540000,1.371848,-4.040000,-4.195029,-6.091827,-2.063077,0.930173,7.764725,1.000000
31738.000000,3.000000,367.302917,294.291351,0.540000,1.357565,-3.960000,-4.082116,-5.232415,-1.261296,0.252694,6.379766,1.000000
31748.000000,3.000000,368.802948,294.098694,0.540000,1.344717,-3.960000,-4.000040,-5.150188,-1.133935,0.240240,6.061209,1.000000
31758.000000,3.000000,370.302948,293.836853,0.420000,1.348046,-3.960000,-3.952164,-5.171493,-1.089502,-0.047015,5.303693,1.000000
31768.000000,3.000000,371.802948,293.722900,0.540000,1.352460,-3.960000,-3.935238,-5.967744,-1.440375,-0.148570,4.125513,1.000000
31778.000000,3.000000,373.302979,293.958740,0.420000,1.342211,-3.960000,-3.964569,-5.134148,-2.136142,0.027416,2.946243,1.000000
31788.000000,3.000000,374.802979,294.231995,0.420000,1.338120,-3.960000,-3.943393,-5.875967,-1.469809,-0.099641,5.225947,1.000000
31798.000000,3.000000,376.302979,294.310364,0.420000,1.319180,-3.360000,-3.921497,-5.754754,-2.583842,-0.231020,1.882806,1.000000
31808.000000,3.000000,377.803009,294.798431,0.420000,1.310274,-3.360000,-3.886585,-5.697754,-1.660341,3.159511,3.826322,1.000000
31818.000000,3.000000,379.303009,295.532471,0.420000,1.280639,-3.360000,-3.869118,-5.508090,-2.466902,3.054711,4.725481,1.000000
31828.000000,3.000000,380.803009,296.768799,0.420000,1.253664,-3.360000,-3.834432,-5.335449,-2.847446,2.846593,4.951754,1.000000
31838.000000,3.000000,382.303040,297.920013,0.420000,1.232123,-3.280000,-3.776617,-5.197591,-2.605553,2.499701,6.369530,1.000000
31848.000000,3.000000,383.803040,299.096039,0.420000,1.202371,-3.000000,-3.701615,-5.007175,-3.188463,2.529692,7.744683,1.000000
31858.000000,3.000000,385.303040,300.076904,0.420000,1.179513,-3.000000,-3.611339,-4.860884,-2.975764,3.668032,8.419230,1.000000
31868.000000,3.000000,386.803070,301.123688,0.420000,1.153588,-3.000000,-3.523427,-4.694963,-3.569540,3.140562,8.425160,1.000000
31878.000000,3.000000,388.303070,302.519562,0.540000,1.133680,-3.000000,-3.428405,-4.567553,-5.081039,2.570432,10.700987,1.000000
31888.000000,3.000000,389.803070,303.839752,0.540000,1.089352,-3.000000,-3.316615,-3.515853,-5.272229,1.899689,10.682303,1.000000
31898.000000,3.000000,391.303101,305.307556,0.540000,1.015803,-3.000000,-3.193671,-3.045138,-5.335075,1.162029,11.758343,1.000000
31908.000000,3.000000,392.803101,307.222839,0.540000,0.961550,-3.000000,-3.073869,-2.697921,-5.069176,0.443217,12.359217,1.000000
31918.000000,3.000000,394.303101,309.121155,0.540000,0.913981,-3.000000,-2.951929,-2.393476,-4.200940,-0.288425,12.700846,1.000000
31928.000000,3.000000,395.803131,311.151093,0.540000,0.890577,-3.000000,-2.854569,-2.243693,-3.111006,-0.872586,10.364284,1.000000
31938.000000,3.000000,397.303131,312.885345,0.540000,0.889599,-3.000000,-2.783376,-2.237431,-1.965437,-1.299741,9.570098,1.000000
31948.000000,3.000000,398.803131,314.777374,0.540000,0.839933,-3.000000,-2.690467,-1.919572,-3.436882,-1.857200,10.063369,1.000000
31958.000000,3.000000,400.303162,316.824097,0.540000,0.820246,-3.000000,-2.590746,-1.793578,0.400581,-2.455522,8.886876,1.000000
31968.000000,3.000000,401.803162,319.085815,0.540000,0.815168,-3.000000,-2.492514,-1.761076,-0.137525,-3.044918,9.987763,1.000000
31978.000000,3.000000,403.303162,321.446991,0.540000,0.830512,-3.000000,-2.417179,-1.859276,0.031100,-3.496924,9.162254,1.000000
31988.000000,3.000000,404.803192,324.100616,0.540000,0.853690,-3.000000,-2.351443,-2.007619,0.879850,-3.891342,7.953924,1.000000
31998.000000,3.000000,406.303192,326.829803,0.540000,0.858806,-3.000000,-2.282685,-2.040359,0.630022,-4.303888,8.192299,1.000000
32008.000000,3.000000,407.803223,329.237915,0.540000,0.872022,-3.000000,-2.207165,-2.124941,1.438080,-4.757013,7.441597,1.000000
32018.000000,3.000000,409.303223,331.901672,0.540000,0.854833,-3.000000,-2.120331,-2.014929,0.791240,-5.278015,7.675284,1.000000
32028.000000,3.000000,410.803223,334.607941,0.540000,0.832916,-3.000000,-2.040377,-1.874665,0.942501,-5.757737,6.571138,1.000000
32038.000000,3.000000,412.303253,337.158447,0.540000,0.812953,-3.000000,-1.978092,-1.746902,1.369712,-6.131449,5.786730,1.000000
32048.000000,3.000000,413.803253,339.775238,0.540000,0.804670,-3.000000,-1.921750,-1.693886,0.673420,-6.469498,6.139981,1.000000
32058.000000,3.000000,415.303253,342.481934,0.620000,0.812994,-3.000000,-1.877457,-1.747160,0.717441,-6.735257,4.113580,1.000000
32068.000000,3.000000,416.803284,345.525421,0.620000,0.802440,-3.000000,-1.832569,-1.167618,0.275595,-7.004588,3.909626,1.000000
32078.000000,3.000000,418.303284,348.204987,0.620000,0.795622,-3.000000,-1.807925,-1.123984,1.062458,-7.152448,3.053129,1.000000
32088.000000,3.000000,419.803284,351.012054,0.620000,0.777297,-3.000000,-1.790789,-1.006704,-1.408736,-7.255266,3.490435,1.000000
32098.000000,3.000000,421.303314,353.561035,0.620000,0.769685,-3.000000,-1.766630,-0.957985,-0.211778,-7.400221,3.716730,1.000000
32108.000000,3.000000,422.803314,356.694641,0.620000,0.736168,-3.000000,-1.724581,-0.743478,-0.149672,-7.652512,3.111228,1.000000
32118.000000,3.000000,424.303314,359.621063,0.620000,0.713383,-3.000000,-1.703360,-0.597652,-0.116564,-7.779842,2.203560,1.000000
32128.000000,3.000000,425.803345,362.612335,0.620000,0.707637,-3.000000,-1.698205,-0.560878,-0.458012,-7.810767,4.020162,1.000000
32138.000000,3.000000,427.303345,365.561829,0.620000,0.705557,-3.000000,-1.712763,-0.547568,-0.634154,-7.723419,4.201880,1.000000
32148.000000,3.000000,428.803345,368.629852,0.620000,0.708851,-3.000000,-1.711455,-0.568646,-0.215538,-7.731268,4.141969,1.000000
32158.000000,3.000000,430.303375,371.803650,0.620000,0.711011,-3.000000,-1.682636,-0.582472,0.404112,-7.904187,5.325126,1.000000
32168.000000,3.000000,431.803375,374.878601,0.620000,0.710055,-3.000000,-1.638170,-0.576352,0.973317,-8.170977,5.622486,1.000000
32178.000000,3.000000,433.303375,377.923950,0.620000,0.724645,-3.000000,-1.606341,-0.669727,2.320597,-8.361956,5.355054,1.000000
32188.000000,3.000000,434.803406,380.577972,0.620000,0.734974,-3.000000,-1.578342,-0.735832,2.838035,-8.529947,7.100615,1.000000
32198.000000,3.000000,436.303406,383.364960,0.620000,0.786545,-2.600000,-1.548516,-1.065887,4.843513,-8.708901,6.942740,1.000000
32208.000000,3.000000,437.803406,386.475861,0.620000,0.818505,-2.600000,-1.487895,-1.270432,1.829060,-6.672632,8.050606,1.000000
32218.000000,3.000000,439.303436,389.510773,0.620000,0.886253,-2.600000,-1.419088,-1.704021,4.804671,-7.085473,7.691083,1.000000
32228.000000,3.000000,440.803436,392.708496,0.620000,0.915465,-2.600000,-1.340298,-1.890979,0.809587,-7.558212,8.027822,1.000000
32238.000000,3.000000,442.303436,395.665192,0.620000,0.957540,-2.600000,-1.270369,-2.160259,2.541231,-7.977783,7.591474,1.000000
32248.000000,3.000000,443.803467,398.203613,0.620000,0.958651,-2.600000,-1.210356,-2.167368,-0.821469,-8.337864,8.031024,1.000000
32258.000000,3.000000,445.303467,400.818054,0.620000,0.975337,-2.600000,-1.177194,-2.274160,-0.208140,-8.536837,6.380931,1.000000
32268.000000,3.000000,446.803467,403.768768,0.620000,0.955140,-2.600000,-1.150632,-2.144896,-3.564520,-8.696209,6.802665,1.000000
32278.000000,3.000000,448.303497,406.570953,0.620000,0.947231,-2.600000,-1.120219,-2.094282,-3.983265,-8.878685,5.840514,1.000000
32288.000000,3.000000,449.803497,408.884308,0.620000,0.927427,-2.600000,-1.084971,-1.967537,-6.451659,-9.090175,5.941922,1.000000
32298.000000,3.000000,451.303497,411.267914,0.620000,0.910386,-2.600000,-1.062279,-1.858470,-6.612487,-9.226326,4.948040,1.000000
32308.000000,3.000000,452.803528,413.688019,0.620000,0.871531,-2.600000,-1.032206,-1.609802,-8.782747,-9.406765,4.732905,1.000000
32318.000000,3.000000,454.303528,416.022278,0.620000,0.823695,-2.600000,-1.009703,-1.303652,-9.243800,-9.541780,3.834703,1.000000
32328.000000,3.000000,455.803558,417.881836,0.620000,0.760983,-2.600000,-0.992263,-0.902290,-10.477962,-9.646421,3.670475,1.000000
32338.000000,3.000000,457.303558,419.638336,0.620000,0.671011,-2.600000,-0.988569,-0.326471,-11.401165,-9.668585,2.887563,1.000000
32348.000000,3.000000,458.803558,421.287537,0.620000,0.551310,-2.600000,-0.984845,0.439613,-11.413823,-9.690929,2.478115,1.000000
32358.000000,3.000000,460.303589,423.191406,0.620000,0.430615,-2.600000,-0.989202,1.212062,-11.288966,-9.664789,1.565970,1.000000
32368.000000,3.000000,461.803589,425.089874,0.620000,0.321487,-2.480000,-1.007759,1.910484,-10.206698,-9.553448,1.607496,1.000000
32378.000000,3.000000,463.303589,427.043091,0.620000,0.237654,-2.480000,-1.038801,2.447014,-8.193544,-8.647193,0.798161,1.000000
32388.000000,3.000000,464.803619,428.759308,0.620000,0.182887,-2.480000,-1.069027,2.797526,-7.362798,-8.465837,0.951645,1.000000
32398.000000,3.000000,466.303619,430.193054,0.620000,0.147941,-2.480000,-1.090978,3.021175,-5.832142,-8.334134,0.516326,1.000000
32408.000000,3.000000,467.803619,431.761444,0.620000,0.113637,-2.480000,-1.112664,3.240721,-4.785801,-8.204020,-0.241013,1.000000
32418.000000,3.000000,469.303650,433.175293,0.620000,0.099861,-2.480000,-1.136889,3.328890,-1.910597,-8.058669,-1.355781,1.000000
32428.000000,3.000000,470.803650,434.519623,0.620000,0.096779,-2.480000,-1.170476,3.348613,-1.456794,-7.857146,-1.460898,1.000000
32438.000000,3.000000,472.303650,435.950409,0.620000,0.116214,-2.480000,-1.205356,3.224227,2.026001,-7.647867,-1.195882,1.000000
32448.000000,3.000000,473.803680,437.734894,0.620000,0.148090,-2.480000,-1.243382,3.020225,0.378524,-7.419706,-1.829590,1.000000
32458.000000,3.000000,475.303680,439.643250,0.620000,0.197656,-2.480000,-1.283266,2.703000,3.078280,-7.180402,-1.465563,1.000000
32468.000000,3.000000,476.803680,441.789490,0.620000,0.239023,-2.480000,-1.323020,2.438253,1.416517,-6.941881,-1.243836,1.000000
32478.000000,3.000000,478.303711,443.765778,0.620000,0.289228,-2.480000,-1.367776,2.116943,2.759460,-6.673346,-1.464764,1.000000
32488.000000,3.000000,479.803711,445.393646,0.620000,0.325489,-2.480000,-1.403019,1.884870,1.214794,-6.461884,-0.485642,1.000000
32498.000000,3.000000,481.303711,447.573334,0.540000,0.349956,-2.480000,-1.436423,1.728281,1.590435,-6.261461,0.010362,1.000000
32508.000000,3.000000,482.803741,449.140228,0.540000,0.363326,-2.480000,-1.464123,1.130712,0.481280,-6.095262,1.207407,1.000000
32518.000000,3.000000,484.303741,450.688049,0.540000,0.377156,-2.480000,-1.482251,1.042200,1.283509,-5.986497,2.049672,1.000000
32528.000000,3.000000,485.803741,451.696686,0.540000,0.381938,-2.480000,-1.477892,1.011597,-1.566833,-6.012647,3.242110,1.000000
32538.000000,3.000000,487.303772,453.129303,0.540000,0.390914,-2.480000,-1.461514,0.954149,-0.498699,-6.110915,4.161129,1.000000
32548.000000,3.000000,488.803772,454.490509,0.540000,0.388693,-2.480000,-1.446242,0.968362,-2.598454,-6.202550,4.378468,1.000000
32558.000000,3.000000,490.303772,455.739990,0.540000,0.387469,-2.400000,-1.423290,0.976196,-2.349833,-6.340259,5.076918,1.000000
32568.000000,3.000000,491.803802,456.702301,0.540000,0.379436,-2.400000,-1.391400,1.027610,-3.269085,-6.051599,5.167242,1.000000
32578.000000,3.000000,493.303802,457.528687,0.540000,0.365595,-2.400000,-1.350204,1.116191,-3.302788,-6.298777,5.626763,1.000000
32588.000000,3.000000,494.803802,457.895264,0.540000,0.341000,-2.400000,-1.305313,1.273602,-4.152944,-6.568123,5.104022,1.000000
32598.000000,3.000000,496.303833,458.312256,0.540000,0.306111,-2.400000,-1.259830,1.496892,-3.618514,-6.841018,5.020309,1.000000
32608.000000,3.000000,497.803833,458.874329,0.540000,0.283762,-2.400000,-1.221127,1.639921,-2.588974,-7.073238,4.099543,1.000000
32618.000000,3.000000,499.303833,459.052246,0.540000,0.241189,-2.400000,-1.195642,1.912390,-4.622929,-7.226147,3.339257,1.000000
32628.000000,3.000000,500.803833,459.131622,0.540000,0.235410,-2.400000,-1.182154,1.949378,-1.261706,-7.307076,2.771873,1.000000
32638.000000,3.000000,502.303833,459.281555,0.540000,0.224574,-2.400000,-1.177352,2.018729,-2.266211,-7.335891,1.513791,1.000000
32648.000000,3.000000,503.803864,459.360687,0.540000,0.238736,-2.400000,-1.179936,1.928090,0.543464,-7.320382,0.621103,1.000000
32658.000000,3.000000,505.303864,459.493866,0.540000,0.241433,-2.400000,-1.186610,1.910831,-0.959933,-7.280338,0.143846,1.000000
32668.000000,3.000000,506.803864,459.122528,0.540000,0.265621,-2.400000,-1.194093,1.756025,1.560489,-7.235440,-0.045251,1.000000
32678.000000,3.000000,508.303894,458.829346,0.540000,0.295975,-2.400000,-1.204499,1.561757,1.290791,-7.173006,-0.207768,1.000000
32688.000000,3.000000,509.803894,458.239197,0.540000,0.336590,-2.480000,-1.216755,1.301825,3.079907,-7.099472,-0.086732,1.000000
32698.000000,3.000000,511.303894,457.732544,0.540000,0.354619,-2.480000,-1.223192,1.186438,-0.458158,-7.540851,0.574994,1.000000
32708.000000,3.000000,512.803894,457.532898,0.540000,0.383019,-2.480000,-1.237556,1.004680,2.426575,-7.454662,0.995605,1.000000
32718.000000,3.000000,514.303894,457.069580,0.540000,0.390883,-2.480000,-1.243020,0.954351,-0.096706,-7.421881,2.337382,1.000000
32728.000000,3.000000,515.803955,456.172913,0.540000,0.406721,-2.480000,-1.246489,0.852988,1.992985,-7.401067,2.567293,1.000000
32738.000000,3.000000,517.303955,455.385254,0.540000,0.417093,-2.600000,-1.233580,0.786602,1.018465,-7.478520,4.505181,1.000000
32748.000000,3.000000,518.803955,454.622406,0.540000,0.449466,-2.600000,-1.217726,0.579417,2.247076,-8.293645,5.258370,1.000000
32758.000000,3.000000,520.303955,454.157135,0.540000,0.484993,-2.600000,-1.188941,0.352042,2.168553,-8.466351,6.674263,1.000000
32768.000000,3.000000,521.803955,453.372528,0.540000,0.526945,-2.600000,-1.159855,0.083551,3.421711,-8.640871,6.521081,1.000000
32778.000000,3.000000,523.303955,453.014771,0.540000,0.552003,-2.600000,-1.107317,-0.076819,2.145366,-8.956097,8.191044,1.000000
32788.000000,3.000000,524.804016,452.639801,0.540000,0.589638,-2.600000,-1.053022,-0.317681,3.459404,-9.281868,6.742030,1.000000
32798.000000,3.000000,526.304016,452.499115,0.540000,0.615149,-2.680000,-0.999754,-0.480951,1.960292,-9.601473,6.469759,1.000000
32808.000000,3.000000,527.804016,452.169250,0.540000,0.645248,-2.680000,-0.959056,-0.673590,2.333087,-10.325663,5.787230,1.000000
32818.000000,3.000000,529.304016,451.345825,0.540000,0.680409,-2.680000,-0.933389,-0.898621,2.407495,-10.479668,4.774405,1.000000
32828.000000,3.000000,530.804016,450.469666,0.540000,0.709134,-2.680000,-0.915372,-1.082458,1.995791,-10.587770,4.537940,1.000000
32838.000000,3.000000,532.304077,449.489258,0.540000,0.736073,-2.800000,-0.904701,-1.254870,2.015231,-10.651793,4.095136,1.000000
32848.000000,3.000000,533.804077,448.934570,0.540000,0.761921,-2.800000,-0.898724,-1.420293,1.689959,-11.407653,2.960896,1.000000
32858.000000,3.000000,535.304077,448.480865,0.540000,0.799092,-2.800000,-0.888633,-1.658190,0.556874,-11.468204,2.996946,1.000000
32868.000000,3.000000,536.804077,448.033478,0.540000,0.832218,-2.800000,-0.883202,-1.870194,1.231959,-11.500788,1.312718,1.000000
32878.000000,3.000000,538.304077,447.353180,0.540000,0.844969,-2.880000,-0.878836,-1.951804,0.393893,-11.526983,0.414119,1.000000
32888.000000,3.000000,539.804077,446.958069,0.540000,0.870890,-2.880000,-0.886913,-2.117697,2.240429,-11.958525,-0.741891,1.000000
32898.000000,3.000000,541.304138,446.316406,0.540000,0.888709,-2.880000,-0.902007,-2.231737,0.972944,-11.867960,-0.763404,1.000000
32908.000000,3.000000,542.804138,445.842926,0.540000,0.933071,-2.880000,-0.939325,-2.515652,2.089944,-11.644052,-2.617277,1.000000
32918.000000,3.000000,544.304138,445.064728,0.540000,0.931184,-2.880000,-0.984883,-2.503579,0.093012,-11.370703,-3.599059,1.000000
32928.000000,3.000000,545.804138,444.588287,0.540000,0.950250,-2.880000,-1.031785,-2.625602,2.497117,-11.089292,-3.579398,1.000000
32938.000000,3.000000,547.304138,443.828064,0.540000,0.943053,-2.880000,-1.085832,-2.579539,0.285726,-10.765009,-4.329744,1.000000
32948.000000,3.000000,548.804138,443.108734,0.540000,0.939140,-2.880000,-1.152279,-2.554497,0.892762,-10.366325,-4.769512,1.000000
32958.000000,3.000000,550.304199,442.501953,0.540000,0.923639,-3.000000,-1.213829,-2.455287,0.512717,-9.997026,-4.606694,1.000000
32968.000000,3.000000,551.804199,442.064819,0.540000,0.916026,-3.000000,-1.277599,-2.406567,0.287980,-10.334409,-4.463597,1.000000
32978.000000,3.000000,553.304199,441.656616,0.540000,0.914247,-3.000000,-1.357664,-2.395180,-0.170709,-9.854015,-4.882703,1.000000
32988.000000,3.000000,554.804199,441.133453,0.540000,0.912653,-3.000000,-1.432536,-2.384977,-0.210236,-9.404786,-4.979034,1.000000
32998.000000,3.000000,556.304199,440.693237,0.540000,0.928241,-3.000000,-1.504699,-2.484744,0.315362,-8.971808,-5.530587,1.000000
33008.000000,3.000000,557.804199,440.446899,0.540000,0.923013,-3.000000,-1.570300,-2.451286,-1.107504,-8.578201,-5.132793,1.000000
33018.000000,3.000000,559.304260,440.296509,0.540000,0.917477,-3.000000,-1.640567,-2.415854,-0.067055,-8.156598,-5.192042,1.000000
33028.000000,3.000000,560.804260,440.415192,0.540000,0.926735,-3.000000,-1.701943,-2.475105,-0.391636,-7.788342,-4.750653,1.000000
33038.000000,3.000000,562.304260,440.323792,0.620000,0.941312,-3.000000,-1.771367,-2.568398,-0.487778,-7.371799,-5.028331,1.000000
33048.000000,3.000000,563.804260,440.075256,0.620000,0.953029,-3.000000,-1.841063,-2.131387,-0.325839,-6.953619,-5.299368,1.000000
33058.000000,3.000000,565.304260,439.959656,0.620000,0.953991,-3.000000,-1.906041,-2.137542,0.135857,-6.563754,-4.933285,1.000000
33068.000000,3.000000,566.804260,439.765320,0.620000,0.950692,-3.000000,-1.974829,-2.116428,0.289170,-6.151024,-5.196141,1.000000
33078.000000,3.000000,568.304321,439.536255,0.540000,0.960454,-3.000000,-2.029058,-2.178904,1.050638,-5.825652,-4.514436,1.000000
33088.000000,3.000000,569.804321,439.447723,0.540000,0.966799,-3.000000,-2.083776,-2.731517,1.039707,-5.497347,-3.909134,1.000000
33098.000000,3.000000,571.304321,439.709991,0.540000,0.988577,-3.000000,-2.125088,-2.870893,1.226327,-5.249469,-4.052350,1.000000
33108.000000,3.000000,572.804321,439.937103,0.540000,1.001046,-3.000000,-2.164217,-2.950692,0.345779,-5.014697,-3.517770,1.000000
33118.000000,3.000000,574.304321,440.109924,0.540000,1.032441,-3.000000,-2.197188,-3.151621,0.404504,-4.816874,-3.539766,1.000000
33128.000000,3.000000,575.804382,440.240234,0.540000,1.057301,-3.000000,-2.232282,-3.310725,0.465470,-4.606308,-2.494208,1.000000
33138.000000,3.000000,577.304382,440.571014,0.540000,1.063185,-3.000000,-2.264655,-3.348383,0.177029,-4.412068,-2.470823,1.000000
33148.000000,3.000000,578.804382,440.971375,0.540000,1.082316,-3.000000,-2.296429,-3.470822,0.825671,-4.221428,-2.444567,1.000000
33158.000000,3.000000,580.304382,441.461517,0.540000,1.084942,-3.000000,-2.337201,-3.487632,-0.024821,-3.976796,-2.047954,1.000000
33168.000000,3.000000,581.804382,442.017212,0.540000,1.086667,-3.000000,-2.387002,-3.498667,0.130668,-3.677987,-2.638587,1.000000
33178.000000,3.000000,583.304382,442.521545,0.540000,1.071450,-3.000000,-2.444961,-3.401281,1.135790,-3.330235,-3.230974,1.000000
33188.000000,3.000000,584.804443,443.135071,0.540000,1.064878,-3.000000,-2.482309,-3.359222,0.152384,-3.106148,-2.097882,1.000000
33198.000000,3.000000,585.000061,443.662964,0.540000,1.078334,-3.000000,-2.519827,-3.445337,1.246102,-2.881040,-2.985763,1.000000
33208.000000,3.000000,585.000061,443.903229,0.540000,1.072646,-3.000000,-2.543559,-3.408932,-0.194602,-2.738648,-1.859648,1.000000
33218.000000,3.000000,585.000061,444.096436,0.540000,1.089396,-3.000000,-2.570130,-3.516138,1.501391,-2.579221,-2.173687,1.000000
33228.000000,3.000000,585.000061,444.851410,0.540000,1.094534,-3.000000,-2.602355,-3.549021,0.472747,-2.385869,-2.516285,1.000000
33238.000000,3.000000,585.000061,445.639984,0.540000,1.107673,-3.000000,-2.638838,-3.633106,1.068795,-2.166975,-2.834505,1.000000
33248.000000,3.000000,585.000061,446.938324,0.540000,1.120777,-3.000000,-2.670768,-3.716972,1.171988,-1.975389,-2.191671,1.000000
33258.000000,3.000000,585.000061,447.958710,0.420000,1.118247,-3.000000,-2.698734,-3.700781,-0.422084,-1.807597,-2.553432,1.000000
33268.000000,3.000000,585.000061,449.620300,0.420000,1.140758,-3.000000,-2.742848,-4.612850,2.360516,-1.542914,-3.051930,1.000000
33278.000000,3.000000,585.000061,451.271301,0.420000,1.127126,-3.000000,-2.781519,-4.525605,0.202968,-1.310888,-2.254997,1.000000
33288.000000,3.000000,585.000061,452.928497,0.420000,1.114597,-3.000000,-2.815119,-4.445424,2.071594,-1.109289,-1.947660,1.000000
33298.000000,3.000000,585.000061,454.391541,0.420000,1.105628,-3.000000,-2.848170,-4.388018,1.073667,-0.910981,-1.825715,1.000000
33308.000000,3.000000,585.000061,455.996765,0.420000,1.103618,-3.000000,-2.883584,-4.375156,0.427597,-0.698496,-1.905030,1.000000
33318.000000,3.000000,585.000061,457.537903,0.420000,1.103535,-3.000000,-2.926254,-4.374623,0.473252,-0.442479,-2.414508,1.000000
33328.000000,3.000000,585.000061,459.447174,0.420000,1.090627,-3.000000,-2.954721,-4.292011,-0.353667,-0.271676,-1.004636,1.000000
33338.000000,3.000000,585.000061,461.154419,0.420000,1.096452,-3.000000,-2.980735,-4.329291,0.183156,-0.115590,-1.246521,1.000000
33348.000000,3.000000,585.000061,463.089661,0.420000,1.081559,-3.000000,-2.998778,-4.233976,-2.199831,-0.007333,-0.645866,1.000000
33358.000000,3.000000,585.000061,464.904022,0.420000,1.082983,-3.000000,-3.018035,-4.243093,-1.626273,0.108208,-0.500486,1.000000
33368.000000,3.000000,585.000061,467.175812,0.420000,1.075688,-3.000000,-3.033699,-4.196402,-1.902790,0.202194,-0.507410,1.000000
33378.000000,3.000000,585.000061,469.559662,0.540000,1.065220,-3.000000,-3.039828,-4.129407,-2.846974,0.238967,0.079127,1.000000
33388.000000,3.000000,585.000061,471.821777,0.540000,1.063145,-3.000000,-3.052106,-3.348129,-2.111493,0.312638,-0.862645,1.000000
33398.000000,3.000000,586.500061,474.180237,0.540000,1.041538,-3.000000,-3.051095,-3.209841,-3.426767,0.306570,0.054710,1.000000
33408.000000,3.000000,585.000061,476.677979,0.540000,1.025471,-3.000000,-3.062479,-3.107015,-2.417287,0.374877,-0.445552,1.000000
33418.000000,3.000000,585.000061,479.218109,0.540000,0.982258,-3.000000,-3.074961,-2.830454,-2.990639,0.449764,-0.588069,1.000000
33428.000000,3.000000,585.000061,481.748779,0.540000,0.958993,-3.000000,-3.090466,-2.681553,-1.207133,0.542795,-0.483496,1.000000
33438.000000,3.000000,585.000061,484.294586,0.540000,0.918445,-3.000000,-3.106076,-2.422051,-1.798035,0.636459,-1.506082,1.000000
33448.000000,3.000000,585.000061,486.297882,0.540000,0.884057,-3.000000,-3.113148,-2.201967,-0.962221,0.678886,-0.319680,1.000000
33458.000000,3.000000,585.000061,487.947205,0.540000,0.860175,-3.000000,-3.127376,-2.049118,-0.368387,0.764255,-0.949463,1.000000
33468.000000,3.000000,585.000061,489.763275,0.540000,0.835672,-3.000000,-3.127751,-1.892299,-0.977971,0.766504,0.054429,1.000000
33478.000000,3.000000,585.000061,492.112244,0.540000,0.833694,-3.000000,-3.122967,-1.879641,0.101042,0.737805,0.638854,1.000000
33488.000000,3.000000,585.000061,494.874542,0.540000,0.837914,-3.000000,-3.105242,-1.906652,-0.108360,0.631452,0.987333,1.000000
33498.000000,3.000000,585.000061,497.410522,0.540000,0.849736,-3.000000,-3.088441,-1.982308,-0.190314,0.530645,1.106031,1.000000
33508.000000,3.000000,585.000061,499.781281,0.540000,0.826248,-3.000000,-3.076982,-1.831988,-1.277426,0.461894,1.327745,1.000000
33518.000000,3.000000,585.000061,502.067352,0.540000,0.811558,-3.000000,-3.075486,-1.737973,-0.121095,0.452917,0.939606,1.000000
33528.000000,3.000000,585.000061,504.713684,0.540000,0.784232,-3.000000,-3.065765,-1.563085,-0.398133,0.394591,1.096173,1.000000
33538.000000,3.000000,585.000061,507.289246,0.540000,0.779773,-3.000000,-3.061130,-1.534550,0.632361,0.366782,0.462959,1.000000
33548.000000,3.000000,585.000061,509.563141,0.540000,0.786190,-3.000000,-3.056093,-1.575616,0.045210,0.336559,0.326875,1.000000
33558.000000,3.000000,585.000061,511.327820,0.540000,0.810194,-3.000000,-3.047739,-1.729239,0.740521,0.286433,0.722454,1.000000
33568.000000,3.000000,585.000061,513.868042,0.540000,0.839947,-3.000000,-3.035370,-1.919659,1.029071,0.212219,-0.069636,1.000000
33578.000000,3.000000,585.000061,516.233521,0.540000,0.868151,-3.000000,-3.027395,-2.100168,1.328254,0.164370,0.050652,1.000000
33588.000000,3.000000,585.000061,519.060364,0.540000,0.883949,-3.000000,-3.032986,-2.201271,1.138731,0.197918,-0.182569,1.000000
33598.000000,3.000000,585.000061,521.797119,0.540000,0.911808,-3.000000,-3.051576,-2.379572,2.090567,0.309458,0.129039,1.000000
33608.000000,3.000000,585.000061,524.528992,0.540000,0.946107,-3.000000,-3.069013,-2.599084,2.409682,0.414079,1.066055,1.000000
33618.000000,3.000000,585.000061,527.363647,0.540000,0.992372,-3.000000,-3.076658,-2.895179,3.482795,0.459945,1.638613,1.000000
33628.000000,3.000000,585.000061,529.905762,0.540000,1.033125,-3.000000,-3.068731,-3.156002,4.021454,0.412388,2.187852,1.000000
33638.000000,3.000000,585.000061,532.207031,0.540000,1.078675,-3.000000,-3.047147,-3.447521,4.467182,0.282884,3.050491,1.000000
33648.000000,3.000000,585.000061,534.508484,0.540000,1.121659,-3.000000,-3.015710,-3.722620,5.029230,0.094258,3.667913,1.000000
33658.000000,3.000000,585.000061,536.777771,0.540000,1.174110,-3.000000,-2.979664,-4.058307,5.928564,-0.122018,4.573005,1.000000
33668.000000,3.000000,585.000061,538.769165,0.540000,1.227640,-3.000000,-2.945900,-4.400898,6.077055,-0.324597,4.413798,1.000000
33678.000000,3.000000,585.000061,540.774780,0.540000,1.298598,-3.000000,-2.908489,-4.855026,7.134561,-0.549069,4.936862,1.000000
33688.000000,3.000000,585.000061,542.938110,0.540000,1.377765,-3.000000,-2.873599,-5.361694,6.644402,-0.758409,4.868392,1.000000
33698.000000,3.000000,585.000061,545.293335,0.540000,1.465192,-3.000000,-2.830103,-5.921230,7.489273,-1.019382,5.723176,1.000000
33708.000000,3.000000,585.000061,548.190247,0.540000,1.543542,-3.000000,-2.784052,-6.422666,7.338234,-1.295690,5.445468,1.000000
33718.000000,3.000000,585.000061,550.723572,0.540000,1.616659,-3.000000,-2.727348,-6.890620,7.477145,-1.635914,5.592093,1.000000
33728.000000,3.000000,585.000061,552.694397,0.540000,1.668250,-3.000000,-2.679416,-7.220803,6.354574,-1.923504,4.911493,1.000000
33738.000000,3.000000,585.000061,553.812378,0.540000,1.715230,-3.000000,-2.635350,-7.521475,5.889167,-2.187900,4.642150,1.000000
33748.000000,3.000000,585.000061,554.990234,0.540000,1.748161,-3.000000,-2.604875,-7.732234,4.383967,-2.370752,3.827593,1.000000
33758.000000,3.000000,585.000061,557.408875,0.540000,1.795622,-3.000000,-2.583047,-8.035979,4.466369,-2.501719,3.408191,1.000000
33768.000000,3.000000,585.000061,559.636841,0.540000,1.819057,-3.000000,-2.572839,-8.185966,1.695711,-2.562963,2.049623,1.000000
33778.000000,3.000000,585.000061,560.937134,0.540000,1.843652,-3.000000,-2.561392,-8.343374,1.587741,-2.631649,1.874209,1.000000
33788.000000,3.000000,585.000061,561.868164,0.540000,1.837286,-3.000000,-2.559446,-8.302628,-0.501061,-2.643326,-0.052564,1.000000
33798.000000,3.000000,585.000061,563.481262,0.540000,1.824734,-3.000000,-2.564048,-8.222301,-0.769058,-2.615710,-0.401138,1.000000
33808.000000,3.000000,585.000061,565.553589,0.540000,1.784345,-3.000000,-2.580101,-7.963806,-1.948675,-2.519394,-1.273613,1.000000
33818.000000,3.000000,585.000061,567.560059,0.540000,1.740573,-3.000000,-2.591928,-7.683666,-2.455673,-2.448432,-1.391775,1.000000
33828.000000,3.000000,585.000061,569.294983,0.540000,1.679081,-3.000000,-2.610560,-7.290118,-3.689900,-2.336642,-1.466483,1.000000
33838.000000,3.000000,585.000061,570.901367,0.540000,1.635781,-3.000000,-2.625873,-7.012998,-3.286830,-2.244764,-1.233034,1.000000
33848.000000,3.000000,585.000061,572.604919,0.540000,1.581526,-3.000000,-2.650972,-6.665767,-4.503649,-2.094166,-2.215629,1.000000
33858.000000,3.000000,585.000061,574.502014,0.540000,1.534236,-3.000000,-2.665721,-6.363113,-3.915560,-2.005672,-1.563177,1.000000
33868.000000,3.000000,585.000061,576.598022,0.540000,1.493909,-3.000000,-2.678808,-6.105019,-3.606570,-1.927149,-1.509336,1.000000
33878.000000,3.000000,585.000061,578.301025,0.540000,1.454076,-3.000000,-2.682299,-5.850088,-3.715863,-1.906207,-1.519860,1.000000
33888.000000,3.000000,585.000061,579.076721,0.540000,1.407180,-3.000000,-2.698059,-5.549955,-3.078345,-1.811647,-1.802848,1.000000
33898.000000,3.000000,585.000061,579.968994,0.540000,1.374881,-3.000000,-2.707763,-5.343240,-2.830194,-1.753422,-1.128309,1.000000
33908.000000,3.000000,585.000061,580.875061,0.540000,1.357749,-3.000000,-2.714247,-5.233595,-1.416789,-1.714521,-1.081858,1.000000
33918.000000,3.000000,585.000061,581.648621,0.540000,1.345706,-3.000000,-2.716824,-5.156520,-2.636923,-1.699056,-0.342654,1.000000
33928.000000,3.000000,585.000061,582.524902,0.540000,1.314391,-3.000000,-2.722859,-4.956100,-1.929218,-1.662845,-0.851210,1.000000
33938.000000,3.000000,585.000061,583.041992,0.540000,1.298464,-3.000000,-2.723239,-4.854169,-2.074547,-1.660563,-0.464221,1.000000
33948.000000,3.000000,585.000061,583.671753,0.540000,1.283124,-3.000000,-2.725298,-4.755991,-1.925698,-1.648214,-0.705094,1.000000
33958.000000,3.000000,585.000061,584.236633,0.540000,1.276449,-3.000000,-2.721471,-4.713276,-1.624802,-1.671172,-0.634041,1.000000
33968.000000,3.000000,585.000061,584.915100,0.540000,1.258569,-3.000000,-2.720513,-4.598839,-1.557549,-1.676923,-0.865072,1.000000
33978.000000,3.000000,585.000061,585.202271,0.540000,1.264557,-3.000000,-2.716203,-4.637167,-1.393214,-1.702779,-0.416114,1.000000
33988.000000,3.000000,585.000061,585.495667,0.540000,1.262158,-3.000000,-2.715897,-4.621809,-0.646943,-1.704618,-0.522419,1.000000
33998.000000,3.000000,585.000061,585.606934,0.540000,1.273237,-3.000000,-2.717921,-4.692718,-1.508746,-1.692472,-0.315632,1.000000
34008.000000,3.000000,585.000061,585.759705,0.540000,1.266397,-3.000000,-2.721472,-4.648944,-2.384400,-1.671168,-0.291497,1.000000
34018.000000,3.000000,585.000061,586.152954,0.540000,1.279081,-3.000000,-2.731272,-4.730118,-1.887441,-1.612371,-0.200139,1.000000
34028.000000,3.000000,585.000061,586.847595,0.540000,1.275389,-3.000000,-2.742822,-4.706493,-2.394902,-1.543068,0.241141,1.000000
34038.000000,3.000000,585.000061,587.159729,0.540000,1.268551,-3.000000,-2.747576,-4.662726,-2.035445,-1.514545,-0.112032,1.000000
34048.000000,3.000000,585.000061,587.400024,0.540000,1.247698,-3.000000,-2.747721,-4.529269,-2.528052,-1.513673,0.226262,1.000000
34058.000000,3.000000,585.000061,587.473633,0.540000,1.235158,-3.000000,-2.750645,-4.449013,-2.258919,-1.496128,0.004495,1.000000
34068.000000,3.000000,585.000061,587.525330,0.540000,1.227122,-3.000000,-2.757580,-4.397583,-2.506939,-1.454523,0.484409,1.000000
34078.000000,3.000000,586.500061,587.966125,0.540000,1.220449,-3.000000,-2.768776,-4.354874,-3.774518,-1.387344,0.465386,1.000000
34088.000000,3.000000,586.800049,587.991760,0.540000,1.215061,-3.000000,-2.760810,-4.320394,-2.059433,-1.435141,1.404026,1.000000
34098.000000,3.000000,586.800049,587.258362,0.540000,1.183645,-3.000000,-2.742838,-4.119331,-3.836180,-1.542974,1.366833,1.000000
34108.000000,3.000000,586.800049,586.412598,0.540000,1.158385,-3.000000,-2.720711,-3.957665,-1.917862,-1.675731,1.746576,1.000000
34118.000000,3.000000,586.800049,585.863770,0.540000,1.140452,-3.000000,-2.707563,-3.842896,-2.562309,-1.754622,1.095758,1.000000
34128.000000,3.000000,586.800049,585.439453,0.540000,1.131389,-3.000000,-2.701966,-3.784892,-2.285382,-1.788205,1.316679,1.000000
34138.000000,3.000000,586.800049,585.158630,0.540000,1.100391,-3.000000,-2.695837,-3.586502,-3.777109,-1.824975,1.198754,1.000000
34148.000000,3.000000,586.800049,584.480957,0.540000,1.073494,-3.000000,-2.683974,-3.414364,-2.713539,-1.896156,1.182743,1.000000
34158.000000,3.000000,585.300049,583.581360,0.540000,1.024938,-3.000000,-2.666289,-3.103605,-5.430226,-2.002264,1.198224,1.000000
34168.000000,3.000000,585.000061,582.591309,0.540000,0.991214,-3.000000,-2.654471,-2.887769,-0.764548,-2.073173,0.865304,1.000000
34178.000000,3.000000,585.000061,581.622742,0.420000,0.931986,-3.000000,-2.642399,-2.508708,-4.280451,-2.145606,0.921808,1.000000
34188.000000,3.000000,585.000061,580.754822,0.420000,0.911278,-3.000000,-2.633848,-3.144180,-0.923346,-2.196912,0.830322,1.000000
34198.000000,3.000000,585.000061,580.159973,0.540000,0.874984,-3.000000,-2.625425,-2.911896,-2.254086,-2.247451,0.868216,1.000000
34208.000000,3.000000,585.000061,579.178467,0.540000,0.869530,-3.000000,-2.627275,-2.108993,-0.135878,-2.236349,0.489811,1.000000
34218.000000,3.000000,585.000061,577.993530,0.540000,0.851840,-3.000000,-2.623316,-1.995778,-1.087359,-2.260105,0.538565,1.000000
34228.000000,3.000000,585.000061,576.833496,0.540000,0.870139,-3.000000,-2.619926,-2.112891,0.578442,-2.280446,0.469652,1.000000
34238.000000,3.000000,585.000061,576.046265,0.540000,0.873116,-3.000000,-2.618038,-2.131945,-0.603370,-2.291772,0.276615,1.000000
34248.000000,3.000000,585.000061,575.158813,0.540000,0.889521,-3.000000,-2.619538,-2.236935,1.984751,-2.282774,0.225821,1.000000
34258.000000,3.000000,585.000061,573.775024,0.540000,0.884283,-3.000000,-2.611103,-2.203410,1.112849,-2.333380,1.088683,1.000000
34268.000000,3.000000,585.000061,572.311951,0.540000,0.892158,-3.000000,-2.600468,-2.253809,3.550313,-2.397192,1.383540,1.000000
34278.000000,3.000000,585.000061,571.011597,0.420000,0.890300,-3.000000,-2.579916,-2.241922,2.847916,-2.520507,1.813880,1.000000
34288.000000,3.000000,585.000061,569.872742,0.540000,0.900807,-3.000000,-2.554029,-3.077164,4.879453,-2.675828,2.187733,1.000000
34298.000000,3.000000,585.000061,568.540466,0.540000,0.939228,-3.000000,-2.535917,-2.555062,6.405397,-2.784498,2.204369,1.000000
34308.000000,3.000000,585.000061,567.263733,0.540000,0.993969,-3.000000,-2.527805,-2.905404,7.056768,-2.833171,3.020123,1.000000
34318.000000,3.000000,585.000061,566.009949,0.540000,1.073680,-3.000000,-2.515697,-3.415553,9.194452,-2.905819,3.357775,1.000000
34328.000000,3.000000,585.000061,564.781677,0.540000,1.139871,-3.000000,-2.480282,-3.839173,7.207908,-3.118308,4.279613,1.000000
34338.000000,3.000000,585.000061,563.461792,0.540000,1.247065,-3.000000,-2.437101,-4.525219,10.067922,-3.377393,3.775876,1.000000
34348.000000,3.000000,585.000061,562.335999,0.540000,1.335076,-3.000000,-2.371052,-5.088485,8.495510,-3.773689,3.644956,1.000000
34358.000000,3.000000,585.000061,561.156250,0.540000,1.437846,-3.000000,-2.299648,-5.746212,9.897750,-4.202110,3.463573,1.000000
34368.000000,3.000000,585.000061,560.144775,0.540000,1.514295,-3.000000,-2.233348,-6.235487,8.226538,-4.599911,3.282828,1.000000
34378.000000,3.000000,585.000061,558.782166,0.540000,1.603862,-3.000000,-2.201725,-6.808720,8.883461,-4.789651,2.294987,1.000000
34388.000000,3.000000,585.000061,557.316467,0.540000,1.687606,-3.000000,-2.188586,-7.344677,7.686859,-4.868483,2.458991,1.000000
34398.000000,3.000000,585.000061,555.773438,0.420000,1.769481,-3.000000,-2.183499,-7.868680,6.468859,-4.899004,2.716309,1.000000
34408.000000,3.000000,585.000061,554.364197,0.420000,1.836970,-3.000000,-2.183249,-9.068610,8.040618,-4.900503,0.273688,1.000000
34418.000000,3.000000,585.000061,553.320618,0.420000,1.883157,-3.000000,-2.168670,-9.364206,5.709888,-4.987982,1.306585,1.000000
34428.000000,3.000000,585.000061,551.751892,0.420000,1.941055,-3.000000,-2.172312,-9.734751,6.431693,-4.966126,-0.314955,1.000000
34438.000000,3.000000,585.000061,549.984009,0.420000,1.988905,-3.000000,-2.166041,-10.040991,5.183584,-5.003753,0.347184,1.000000
34448.000000,3.000000,585.000061,548.310913,0.420000,2.034302,-3.000000,-2.168703,-10.331532,4.928757,-4.987784,-0.721625,1.000000
34458.000000,3.000000,585.000061,546.666687,0.420000,2.077943,-3.000000,-2.178079,-10.610835,5.022146,-4.931525,-1.377631,1.000000
34468.000000,3.000000,585.000061,545.115479,0.420000,2.115149,-3.000000,-2.196249,-10.848957,4.126308,-4.822505,-1.479990,1.000000
34478.000000,3.000000,585.000061,544.109375,0.420000,2.161428,-3.000000,-2.230161,-11.145141,3.605797,-4.619034,-1.903791,1.000000
34488.000000,3.000000,585.000061,542.592346,0.540000,2.190937,-3.000000,-2.262354,-11.333999,2.489901,-4.425874,-1.994469,1.000000
34498.000000,3.000000,585.000061,541.632141,0.420000,2.248262,-3.000000,-2.314301,-10.932879,4.321826,-4.114195,-3.240614,1.000000
34508.000000,3.000000,585.000061,540.421143,0.420000,2.289328,-3.000000,-2.363135,-11.963702,1.601083,-3.821189,-3.047773,1.000000
34518.000000,3.000000,585.000061,539.058899,0.420000,2.329696,-3.000000,-2.410315,-12.222054,1.293604,-3.538108,-3.415427,1.000000
34528.000000,3.000000,585.000061,537.589172,0.420000,2.336059,-3.000000,-2.456375,-12.262775,0.734855,-3.261752,-3.751383,1.000000
34538.000000,3.000000,585.000061,536.249695,0.420000,2.332251,-3.000000,-2.505927,-12.238409,-0.678934,-2.964437,-3.959229,1.000000
34548.000000,3.000000,585.000061,535.308838,0.420000,2.321321,-3.000000,-2.566236,-12.168455,-1.567758,-2.602585,-4.322983,1.000000
34558.000000,3.000000,585.000061,534.494141,0.420000,2.283920,-3.000000,-2.616652,-11.929089,-3.740849,-2.300091,-3.856059,1.000000
34568.000000,3.000000,585.000061,532.834595,0.540000,2.245558,-3.000000,-2.659380,-11.683574,-3.301904,-2.043717,-4.187488,1.000000
34578.000000,3.000000,585.000061,531.966187,0.540000,2.176316,-3.000000,-2.678727,-10.472420,-6.286916,-1.927636,-3.416783,1.000000
34588.000000,3.000000,585.000061,531.821045,0.540000,2.120295,-3.000000,-2.711733,-10.113887,-6.044238,-1.729604,-4.018618,1.000000
34598.000000,3.000000,585.000061,531.716064,0.540000,2.034976,-3.000000,-2.751553,-9.567845,-8.080812,-1.490683,-4.559155,1.000000
34608.000000,3.000000,585.000061,531.129333,0.540000,1.932181,-3.000000,-2.790987,-8.909959,-7.886811,-1.254079,-3.311794,1.000000
34618.000000,3.000000,585.000061,530.281738,0.540000,1.824413,-3.000000,-2.849068,-8.220241,-7.781601,-0.905594,-3.954621,1.000000
34628.000000,3.000000,585.000061,529.884827,0.540000,1.716663,-3.000000,-2.893717,-7.530644,-8.262346,-0.637699,-2.938720,1.000000
34638.000000,3.000000,585.000061,529.307007,0.540000,1.622208,-3.000000,-2.927439,-6.926132,-7.567986,-0.435366,-3.258472,1.000000
34648.000000,3.000000,585.000061,528.458313,0.540000,1.541209,-3.000000,-2.955822,-6.407735,-6.567309,-0.265069,-2.828342,1.000000
34658.000000,3.000000,585.000061,527.988708,0.540000,1.478147,-3.000000,-2.982472,-6.004140,-6.078846,-0.105168,-1.960141,1.000000
34668.000000,3.000000,585.000061,527.990295,0.540000,1.437489,-3.000000,-3.017355,-5.743927,-4.184515,0.104130,-2.610254,1.000000
34678.000000,3.000000,586.500061,527.990967,0.540000,1.400219,-3.000000,-3.041818,-5.505404,-3.056835,0.250910,-1.831196,1.000000
34688.000000,3.000000,586.800049,527.866028,0.540000,1.389492,-3.000000,-3.072247,-5.436751,-1.119886,0.433479,-2.261737,1.000000
34698.000000,3.000000,586.800049,527.460510,0.540000,1.380789,-3.000000,-3.106369,-5.381052,-0.304429,0.638214,-2.101869,1.000000
34708.000000,3.000000,586.800049,527.331543,0.540000,1.378479,-3.000000,-3.129386,-5.366268,0.329552,0.776319,-1.786138,1.000000
34718.000000,3.000000,586.800049,527.117249,0.540000,1.378664,-3.000000,-3.157183,-5.367447,1.416610,0.943099,-2.961717,1.000000
34728.000000,3.000000,586.800049,527.216919,0.540000,1.384531,-3.000000,-3.175128,-5.405000,0.952766,1.050769,-1.537681,1.000000
34738.000000,3.000000,585.300049,527.292603,0.540000,1.424523,-3.000000,-3.194676,-5.660944,4.141360,1.168058,-1.976278,1.000000
34748.000000,3.000000,585.000061,528.311523,0.540000,1.453333,-3.000000,-3.206584,-5.845329,2.067246,1.239507,-1.688336,1.000000
34758.000000,3.000000,585.000061,529.157288,0.540000,1.501448,-3.000000,-3.214105,-6.153270,3.873317,1.284629,-1.226825,1.000000
34768.000000,3.000000,585.000061,529.923157,0.540000,1.542964,-3.000000,-3.225532,-6.418967,2.568012,1.353191,-1.671923,1.000000
34778.000000,3.000000,585.000061,531.749878,0.540000,1.596467,-3.000000,-3.242246,-6.761389,3.028465,1.453474,-1.247944,1.000000
34788.000000,3.000000,585.000061,533.336975,0.540000,1.640073,-3.000000,-3.258142,-7.040469,2.791740,1.548849,-1.120222,1.000000
34798.000000,3.000000,586.500061,534.291138,0.540000,1.674001,-3.000000,-3.259129,-7.257606,2.390874,1.554774,-1.189246,1.000000
34808.000000,3.000000,586.800049,535.295105,0.540000,1.727477,-3.000000,-3.281299,-7.599855,3.272472,1.687793,-1.593938,1.000000
34818.000000,3.000000,585.300049,536.124146,0.540000,1.770027,-3.000000,-3.311136,-7.872170,1.379299,1.866816,-1.489713,1.000000
34828.000000,3.000000,585.000061,536.955444,0.540000,1.810874,-3.000000,-3.333403,-8.133597,1.709764,2.000419,-0.751361,1.000000
34838.000000,3.000000,586.500061,537.514587,0.540000,1.828522,-3.000000,-3.339502,-8.246544,0.978180,2.037011,-0.476135,1.000000
34848.000000,3.000000,586.800049,538.230652,0.540000,1.842060,-3.000000,-3.333146,-8.333182,0.612993,1.998877,-0.390750,1.000000
34858.000000,3.000000,586.800049,539.039124,0.420000,1.852393,-3.000000,-3.320483,-8.399315,0.588116,1.922896,-0.020732,1.000000
34868.000000,3.000000,586.800049,540.005432,0.420000,1.842996,-3.000000,-3.312266,-9.107178,-0.011252,1.873597,-0.158853,1.000000
34878.000000,3.000000,585.300049,540.872803,0.540000,1.841015,-3.000000,-3.307873,-9.094500,0.632621,1.847239,0.022306,1.000000
34888.000000,3.000000,585.000061,541.844788,0.420000,1.833849,-3.000000,-3.305790,-8.280634,0.528298,1.834743,0.215361,1.000000
34898.000000,3.000000,585.000061,542.680176,0.420000,1.842284,-3.000000,-3.291755,-9.102615,0.519665,1.750530,0.259108,1.000000
34908.000000,3.000000,585.000061,543.624451,0.420000,1.857978,-3.000000,-3.270506,-9.203059,0.156452,1.623038,0.485173,1.000000
34918.000000,3.000000,585.000061,544.717285,0.420000,1.874024,-3.000000,-3.242431,-9.305754,0.800886,1.454586,-0.485135,1.000000
34928.000000,3.000000,585.000061,546.315063,0.420000,1.890883,-3.000000,-3.230106,-9.413650,0.324780,1.380634,-0.427682,1.000000
34938.000000,3.000000,585.000061,548.373779,0.540000,1.903967,-3.000000,-3.239459,-9.497388,0.541761,1.436754,-1.389678,1.000000
34948.000000,3.000000,585.000061,550.170471,0.540000,1.903434,-3.000000,-3.247230,-8.725981,-0.276824,1.483382,-1.041861,1.000000
34958.000000,3.000000,585.000061,552.849609,0.540000,1.872963,-3.000000,-3.257941,-8.530961,-0.483337,1.547647,-1.583306,1.000000
34968.000000,3.000000,585.000061,555.369446,0.540000,1.856924,-3.000000,-3.266055,-8.428316,0.322440,1.596329,-1.110662,1.000000
34978.000000,3.000000,585.000061,556.594910,0.540000,1.824804,-3.000000,-3.298223,-8.222749,-1.102577,1.789337,-1.079245,1.000000
34988.000000,3.000000,585.000061,558.924500,0.540000,1.820850,-3.000000,-3.331594,-8.197440,-0.075147,1.989561,-1.086564,1.000000
34998.000000,3.000000,585.000061,560.532715,0.540000,1.805918,-3.000000,-3.365890,-8.101875,-1.964921,2.195342,-1.536033,1.000000
35008.000000,3.000000,585.000061,562.138855,0.540000,1.797521,-3.000000,-3.394859,-8.048133,-1.658495,2.369154,-1.624608,1.000000
35018.000000,3.000000,585.000061,563.511108,0.540000,1.766903,-3.000000,-3.422441,-7.852179,-2.604380,2.534645,-1.950752,1.000000
35028.000000,3.000000,585.000061,564.966797,0.540000,1.743121,-3.000000,-3.446213,-7.699974,-2.040364,2.677277,-1.696761,1.000000
35038.000000,3.000000,585.000061,566.812500,0.540000,1.712356,-3.000000,-3.469529,-7.503080,-1.724073,2.817175,-1.003404,1.000000
35048.000000,3.000000,585.000061,568.388306,0.540000,1.678676,-3.000000,-3.483331,-7.287529,-1.514155,2.899987,-1.061798,1.000000
35058.000000,3.000000,585.000061,567.903931,0.540000,1.660159,-3.000000,-3.485135,-7.169017,0.520068,2.910808,-1.044699,1.000000
35068.000000,3.000000,585.000061,567.620728,0.540000,1.649083,-3.000000,-3.488650,-7.098130,-0.691833,2.931898,-0.862843,1.000000
35078.000000,3.000000,585.000061,569.926331,0.540000,1.652376,-3.000000,-3.487306,-7.119204,1.231037,2.923835,-0.892473,1.000000
35088.000000,3.000000,585.000061,572.755371,0.540000,1.655323,-3.000000,-3.489088,-7.138065,0.245806,2.934530,-0.481279,1.000000
35098.000000,3.000000,585.000061,574.969238,0.540000,1.668289,-3.000000,-3.480563,-7.221053,1.105471,2.883378,0.061710,1.000000
35108.000000,3.000000,585.000061,576.607605,0.540000,1.668337,-3.000000,-3.473504,-7.221360,0.263819,2.841023,0.059284,1.000000
35118.000000,3.000000,585.000061,578.244873,0.540000,1.666975,-3.000000,-3.468917,-7.212644,0.539384,2.813501,-0.394400,1.000000
35128.000000,3.000000,585.000061,579.513977,0.540000,1.650800,-3.000000,-3.446949,-7.109120,-0.221570,2.681697,0.688226,1.000000
35138.000000,3.000000,585.000061,581.312134,0.540000,1.637934,-3.000000,-3.419933,-7.026779,0.938920,2.519600,0.660839,1.000000
35148.000000,3.000000,585.000061,583.338318,0.540000,1.611732,-3.000000,-3.389068,-6.859083,-2.456930,2.334410,1.273705,1.000000
35158.000000,3.000000,585.000061,585.433350,0.540000,1.623481,-3.000000,-3.375937,-6.934278,0.385203,2.255625,0.665087,1.000000
35168.000000,3.000000,585.000061,587.403198,0.540000,1.629903,-3.000000,-3.358787,-6.975382,-2.980936,2.152722,0.790261,1.000000
35178.000000,3.000000,585.000061,589.104065,0.540000,1.639895,-3.000000,-3.354117,-7.039331,-3.577325,2.124704,-0.580445,1.000000
35188.000000,3.000000,585.000061,590.519409,0.540000,1.623465,-3.000000,-3.359328,-6.934177,-6.109956,2.155965,-1.015909,1.000000
35198.000000,3.000000,585.000061,592.129883,0.540000,1.584814,-3.000000,-3.376851,-6.686809,-7.788471,2.261108,-2.652225,1.000000
35208.000000,3.000000,585.000061,593.543274,0.540000,1.503937,-3.000000,-3.393906,-6.169200,-10.587399,2.363435,-2.728026,1.000000
35218.000000,3.000000,585.000061,594.987610,0.540000,1.401245,-3.000000,-3.414293,-5.511968,-12.265418,2.485755,-3.701278,1.000000
35228.000000,3.000000,585.000061,597.618835,0.540000,1.282645,-3.000000,-3.440029,-4.752926,-12.990704,2.640173,-4.540560,1.000000
35238.000000,3.000000,585.000061,599.276917,0.540000,1.139430,-3.000000,-3.478781,-3.836355,-16.064789,2.872683,-5.052989,1.000000
35248.000000,3.000000,585.000061,600.591125,0.540000,0.983981,-3.000000,-3.511714,-2.841480,-15.527330,3.070282,-5.065652,1.000000
35258.000000,3.000000,585.000061,602.285889,0.540000,0.820867,-3.000000,-3.551599,-1.797549,-16.968142,3.309594,-4.888996,1.000000
35268.000000,3.000000,585.000061,604.623535,0.540000,0.671380,-3.000000,-3.590576,-0.840833,-15.745219,3.543458,-4.922331,1.000000
35278.000000,3.000000,585.000061,606.277344,0.540000,0.533513,-3.000000,-3.621197,0.041516,-15.401919,3.727182,-2.990139,1.000000
35288.000000,3.000000,585.000061,608.391418,0.540000,0.424419,-3.000000,-3.647493,0.739720,-13.313552,3.884957,-2.576245,1.000000
35298.000000,3.000000,585.000061,610.427063,0.540000,0.324222,-3.000000,-3.661239,1.380981,-12.485061,3.967432,-0.756003,1.000000
35308.000000,3.000000,585.000061,612.124268,0.540000,0.227472,-3.000000,-3.669403,2.000181,-9.811886,4.016420,-0.726077,1.000000
35318.000000,3.000000,585.000061,613.794739,0.540000,0.141964,-3.000000,-3.649823,2.547427,-8.665476,3.898939,1.700968,1.000000
35328.000000,3.000000,585.000061,615.009094,0.540000,0.071600,-3.000000,-3.624236,2.997757,-6.790843,3.745414,0.870387,1.000000
35338.000000,3.000000,585.000061,616.485107,0.540000,0.023670,-3.000000,-3.593772,3.304510,-4.981655,3.562630,2.036017,1.000000
35348.000000,3.000000,585.000061,618.078491,0.540000,-0.014823,-3.000000,-3.557471,3.550869,-4.599313,3.344828,1.864840,1.000000
35358.000000,3.000000,585.000061,619.433472,0.540000,-0.035686,-3.000000,-3.516810,3.684393,-2.985214,3.100860,2.231338,1.000000
35368.000000,3.000000,585.000061,620.444824,0.540000,-0.050485,-3.000000,-3.488936,3.779102,-2.204036,2.933616,2.132001,1.000000
35378.000000,3.000000,585.000061,621.468140,0.540000,-0.043625,-3.000000,-3.463971,3.735201,-0.301426,2.783828,1.518925,1.000000
35388.000000,3.000000,585.000061,622.692627,0.540000,-0.028616,-3.000000,-3.441749,3.639141,-0.371457,2.650492,1.760469,1.000000
35398.000000,3.000000,585.000061,624.617432,0.540000,-0.001012,-3.000000,-3.412364,3.462477,0.850366,2.474187,1.891239,1.000000
35408.000000,3.000000,585.000061,625.777344,0.540000,0.020962,-3.000000,-3.395682,3.321846,1.539946,2.374091,1.480551,1.000000
35418.000000,3.000000,585.000061,626.772034,0.540000,0.038650,-3.000000,-3.374036,3.208641,2.267082,2.244215,1.578889,1.000000
35428.000000,3.000000,585.000061,627.542236,0.540000,0.069429,-3.000000,-3.352925,3.011652,3.503889,2.117550,0.643940,1.000000
35438.000000,3.000000,585.000061,628.427979,0.540000,0.104935,-3.000000,-3.327819,2.784416,3.188842,1.966915,1.029151,1.000000
35448.000000,3.000000,585.000061,629.268005,0.540000,0.160846,-3.000000,-3.313443,2.426587,4.265461,1.880658,-0.185204,1.000000
35458.000000,3.000000,585.000061,630.431641,0.540000,0.236397,-3.000000,-3.305252,1.943060,4.538579,1.831511,-0.300150,1.000000
35468.000000,3.000000,585.000061,630.865784,0.540000,0.309380,-3.000000,-3.304540,1.475965,5.189282,1.827240,-1.194195,1.000000
35478.000000,3.000000,585.000061,631.156433,0.540000,0.392205,-3.000000,-3.315310,0.945886,6.338605,1.891861,-2.605210,1.000000
35488.000000,3.000000,585.000061,632.023010,0.540000,0.469524,-3.000000,-3.321793,0.451045,5.390943,1.930758,-2.042100,1.000000
35498.000000,3.000000,585.000061,632.765137,0.540000,0.557285,-3.000000,-3.329996,-0.110625,5.878253,1.979978,-2.695061,1.000000
35508.000000,3.000000,585.000061,633.070251,0.540000,0.638513,-3.000000,-3.341269,-0.630484,6.076134,2.047616,-2.188472,1.000000
35518.000000,3.000000,585.000061,633.309448,0.540000,0.731594,-3.000000,-3.355195,-1.226201,7.270867,2.131172,-2.454425,1.000000
35528.000000,3.000000,585.000061,633.485962,0.540000,0.813177,-3.000000,-3.373517,-1.748330,6.535145,2.241099,-2.353777,1.000000
35538.000000,3.000000,585.000061,633.948730,0.540000,0.884402,-3.000000,-3.400629,-2.204172,6.362748,2.403773,-3.127332,1.000000
35548.000000,3.000000,585.000061,634.026367,0.540000,0.954116,-3.000000,-3.428896,-2.650346,7.718780,2.573377,-2.611402,1.000000
35558.000000,3.000000,585.000061,634.203735,0.540000,1.031682,-3.000000,-3.453844,-3.146766,7.501570,2.723066,-2.585464,1.000000
35568.000000,3.000000,585.000061,633.778809,0.540000,1.104177,-3.000000,-3.479500,-3.610735,7.494934,2.876999,-3.108835,1.000000
35578.000000,3.000000,585.000061,633.168884,0.540000,1.182683,-3.000000,-3.508609,-4.113171,7.791494,3.051656,-3.498148,1.000000
35588.000000,3.000000,585.000061,632.766479,0.540000,1.249832,-3.000000,-3.544348,-4.542928,7.895294,3.266089,-4.069880,1.000000
35598.000000,3.000000,585.000061,632.513550,0.540000,1.331505,-3.000000,-3.591137,-5.065630,8.787888,3.546824,-4.263497,1.000000
35608.000000,3.000000,585.000061,632.042542,0.540000,1.421778,-3.000000,-3.639639,-5.643378,7.614764,3.837836,-4.820996,1.000000
35618.000000,3.000000,585.000061,631.181519,0.540000,1.518023,-3.000000,-3.692305,-6.259351,8.065763,4.153829,-5.218812,1.000000
35627.000000,3.000000,585.000061,630.105469,0.540000,1.587195,-3.000000,-3.734628,-6.653528,6.469397,4.382312,-5.222031,1.000000
35637.000000,3.000000,585.000061,628.667542,0.540000,1.665358,-3.000000,-3.787039,-7.163172,6.304238,4.686625,-6.810903,1.000000
35647.000000,3.000000,585.000061,627.734253,0.540000,1.706357,-3.000000,-3.842726,-7.445358,5.208434,5.024617,-7.020671,1.000000
35658.000000,3.000000,585.000061,626.717957,0.540000,1.741528,-3.000000,-3.915049,-7.689779,4.748368,5.490296,-8.575420,1.000000
35668.000000,3.000000,585.000061,625.893066,0.540000,1.768870,-3.000000,-3.974069,-7.864767,3.503691,5.844413,-7.556660,1.000000
35678.000000,3.000000,585.000061,625.041565,0.540000,1.781601,-3.000000,-4.042921,-7.938048,2.408947,6.205459,-8.707034,1.000000
35688.000000,3.000000,585.000061,624.079407,0.540000,1.785752,-3.000000,-4.128946,-7.965964,1.392364,6.716909,-7.415418,1.000000
35697.000000,3.000000,585.000061,623.415588,0.540000,1.823846,-3.000000,-4.219810,-8.186067,1.470627,7.270060,-8.128187,1.000000
35707.000000,3.000000,585.000061,622.299622,0.540000,1.848207,-3.000000,-4.294681,-8.359095,1.570217,7.722934,-8.107945,1.000000
35718.000000,3.000000,585.000061,621.549927,0.540000,1.883530,-3.000000,-4.371494,-8.582361,0.541887,8.187575,-7.887287,1.000000
35727.000000,3.000000,585.000061,620.556335,0.540000,1.887325,-3.000000,-4.435997,-8.622706,0.057509,8.576594,-7.421479,1.000000
35737.000000,3.000000,585.000061,619.454651,0.540000,1.878659,-3.000000,-4.502559,-8.582656,-1.037463,8.979163,-7.146932,1.000000
35747.000000,3.000000,585.000061,618.591003,0.540000,1.841286,-3.000000,-4.553778,-8.352328,-0.939412,9.293097,-5.428127,1.000000
35757.000000,3.000000,585.000061,617.433655,0.540000,1.823068,-3.000000,-4.585767,-8.212696,-0.781278,9.500118,-2.546235,1.000000
35767.000000,3.000000,585.000061,615.788025,0.540000,1.828453,-3.000000,-4.608405,-8.239367,-0.344216,9.637582,-2.651050,1.000000
35777.000000,3.000000,585.000061,614.094543,0.540000,1.832216,-3.000000,-4.626908,-8.268038,-0.542746,9.752867,-2.227365,1.000000
35787.000000,3.000000,585.000061,612.555969,0.540000,1.842957,-3.000000,-4.623739,-8.336356,0.827026,9.748106,-1.015015,1.000000
35797.000000,3.000000,585.000061,610.902954,0.540000,1.823802,-3.000000,-4.623028,-8.226701,0.045579,9.742098,-0.670942,1.000000
35807.000000,3.000000,585.000061,608.973755,0.540000,1.817696,-3.000000,-4.598209,-8.179004,1.784813,9.609389,1.193253,1.000000
35817.000000,3.000000,585.000061,606.183350,0.540000,1.847161,-3.000000,-4.561449,-8.331894,2.759852,9.392100,2.461174,1.000000
35827.000000,3.000000,585.000061,603.288635,0.540000,1.905895,-3.000000,-4.522812,-8.709632,3.527260,9.160601,3.328951,1.000000
35837.000000,3.000000,585.000061,601.047119,0.540000,1.941782,-3.000000,-4.486613,-8.947539,2.891005,8.945317,2.915156,1.000000
35847.000000,3.000000,585.000061,598.765259,0.540000,1.990139,-3.000000,-4.434601,-9.249954,5.106446,8.640049,4.857580,1.000000
35857.000000,3.000000,585.000061,596.433777,0.540000,2.033445,-3.000000,-4.378461,-9.522910,6.083646,8.306660,6.166827,1.000000
35867.000000,3.000000,585.000061,594.610535,0.540000,2.109931,-3.000000,-4.308855,-9.995503,7.795550,7.897722,7.690092,1.000000
35878.000000,3.000000,585.000061,593.078552,0.540000,2.183612,-3.000000,-4.226309,-10.474701,6.453903,7.407620,8.679140,1.000000
35888.000000,3.000000,585.000061,592.015503,0.540000,2.286218,-3.000000,-4.141026,-11.104648,9.583781,6.900327,8.947026,1.000000
35898.000000,3.000000,585.000061,590.954834,0.540000,2.326968,-3.000000,-4.047261,-11.430083,5.840849,6.344130,9.040895,1.000000
35907.000000,3.000000,585.000061,588.024658,0.540000,2.371808,-3.000000,-3.930477,-11.681252,10.529838,5.660339,10.561833,1.000000
35917.000000,3.000000,585.000061,585.588318,0.540000,2.431789,-3.000000,-3.800011,-12.059015,8.389011,4.872451,11.479236,1.000000
35927.000000,3.000000,585.000061,584.590637,0.540000,2.542060,-3.000000,-3.682913,-12.738298,10.101939,4.167522,10.803270,1.000000
35937.000000,3.000000,585.000061,583.846558,0.540000,2.625021,-3.000000,-3.571539,-13.303741,7.735379,3.493196,9.497511,1.000000
35947.000000,3.000000,585.000061,582.762573,0.540000,2.699230,-3.000000,-3.459707,-13.771547,8.707394,2.821678,10.008333,1.000000
35957.000000,3.000000,586.500061,581.729553,0.540000,2.745062,-3.000000,-3.366553,-14.092731,7.046858,2.251059,8.362301,1.000000
35967.000000,3.000000,586.800049,580.546997,0.540000,2.785264,-3.000000,-3.271007,-14.342938,5.733371,1.685200,9.630421,1.000000
35977.000000,3.000000,586.800049,579.125122,0.540000,2.852938,-3.000000,-3.204147,-14.750501,7.218818,1.257906,7.631465,1.000000
35987.000000,3.000000,586.800049,578.029175,0.540000,2.937124,-3.000000,-3.142178,-15.279826,4.897212,0.888761,8.961134,1.000000
35997.000000,3.000000,586.800049,576.903503,0.540000,3.012569,-3.000000,-3.087149,-15.797162,4.851962,0.560460,8.097969,1.000000
36007.000000,3.000000,586.800049,574.308899,0.540000,3.051076,-3.000000,-3.018197,-16.044016,3.628292,0.148559,8.515839,1.000000
36017.000000,3.000000,586.800049,572.213562,0.540000,3.101650,-3.000000,-2.950665,-16.361444,4.071939,-0.250772,8.230049,1.000000
36027.000000,3.000000,586.800049,570.892517,0.540000,3.117064,-3.000000,-2.875288,-16.494703,1.211725,-0.701225,7.315324,1.000000
36037.000000,3.000000,585.300049,569.676941,0.420000,3.115180,-3.000000,-2.788634,-16.480207,1.690190,-1.217863,7.649201,1.000000
36047.000000,3.000000,585.000061,568.149902,0.540000,3.094126,-3.000000,-2.703973,-17.135929,0.717084,-1.726865,7.358769,1.000000
36057.000000,3.000000,585.000061,566.702026,0.540000,3.109512,-3.000000,-2.633928,-16.414116,1.642552,-2.163157,7.454084,1.000000
36067.000000,3.000000,585.000061,565.328796,0.540000,3.156233,-3.000000,-2.591979,-16.718306,1.564408,-2.425850,6.644705,1.000000
36077.000000,3.000000,586.500061,564.292542,0.540000,3.162175,-3.000000,-2.563503,-16.791378,-1.882668,-2.603667,5.163332,1.000000
36087.000000,3.000000,586.800049,563.322693,0.540000,3.162959,-3.000000,-2.516711,-16.786863,0.056362,-2.866652,6.409119,1.000000
36097.000000,3.000000,585.300049,561.609497,0.540000,3.138041,-3.000000,-2.477598,-16.648249,-2.450334,-3.113729,4.690110,1.000000
36107.000000,3.000000,585.000061,560.149902,0.540000,3.098128,-3.000000,-2.449282,-16.406462,-2.263179,-3.289420,4.901265,1.000000
36118.000000,3.000000,585.000061,559.266846,0.540000,3.009408,-3.000000,-2.430670,-15.869509,-3.136045,-3.399595,5.812774,1.000000
36127.000000,3.000000,585.000061,558.835999,0.540000,2.941619,-3.000000,-2.394823,-15.414957,-3.969299,-3.607560,4.716237,1.000000
36137.000000,3.000000,585.000061,557.828003,0.540000,2.891265,-3.000000,-2.350655,-15.069562,-3.310263,-3.869970,4.455171,1.000000
36147.000000,3.000000,585.000061,556.885925,0.540000,2.830625,-3.000000,-2.301177,-14.713658,-6.507540,-4.161434,4.105279,1.000000
36157.000000,3.000000,585.000061,556.223389,0.540000,2.760996,-3.000000,-2.270698,-14.253580,-5.437426,-4.363071,2.054718,1.000000
36167.000000,3.000000,585.000061,555.858521,0.540000,2.668193,-3.000000,-2.240711,-13.692233,-5.774880,-4.541056,2.842414,1.000000
36177.000000,3.000000,585.000061,555.553650,0.540000,2.605979,-3.000000,-2.213961,-13.245173,-3.359442,-4.697695,3.540855,1.000000
36187.000000,3.000000,585.000061,555.076111,0.540000,2.554336,-3.000000,-2.206053,-12.922309,-6.106248,-4.760665,0.499202,1.000000
36197.000000,3.000000,585.000061,554.756226,0.540000,2.522434,-3.000000,-2.194210,-12.716461,-6.864266,-4.832382,0.626077,1.000000
36207.000000,3.000000,585.000061,554.063904,0.540000,2.457788,-3.000000,-2.197637,-12.318892,-5.562431,-4.821250,0.037313,1.000000
36217.000000,3.000000,585.000061,553.420959,0.540000,2.337483,-3.000000,-2.194291,-11.597559,-7.497775,-4.832029,1.032289,1.000000
36227.000000,3.000000,585.000061,552.486816,0.540000,2.173141,-3.000000,-2.213202,-10.566950,-6.246286,-4.742347,-1.057670,1.000000
36237.000000,3.000000,585.000061,551.641724,0.540000,2.040947,-3.000000,-2.252555,-9.661333,-4.896886,-4.506187,-0.910111,1.000000
36247.000000,3.000000,585.000061,550.511047,0.540000,1.931372,-3.000000,-2.278327,-8.983658,-6.504108,-4.340339,-0.475049,1.000000
36257.000000,3.000000,585.000061,550.746399,0.540000,1.810317,-3.000000,-2.286190,-8.214652,-3.489936,-4.284420,0.362017,1.000000
36267.000000,3.000000,585.000061,550.963989,0.540000,1.739986,-3.000000,-2.281131,-7.698926,-2.829673,-4.311421,-0.145781,1.000000
36277.000000,3.000000,585.000061,550.957031,0.540000,1.721935,-3.000000,-2.286067,-7.578763,-2.802447,-4.292992,-1.700301,1.000000
36287.000000,3.000000,585.000061,550.841919,0.540000,1.699142,-3.000000,-2.294790,-7.424783,-3.536117,-4.229887,-1.338791,1.000000
36297.000000,3.000000,585.000061,551.038940,0.540000,1.659807,-3.000000,-2.317366,-7.206720,-2.164719,-4.116849,-2.735928,1.000000
36307.000000,3.000000,585.000061,551.388123,0.540000,1.606696,-3.000000,-2.352713,-6.845939,-2.225671,-3.902989,-2.937360,1.000000
36317.000000,3.000000,585.000061,551.777954,0.540000,1.605421,-3.000000,-2.366974,-6.811392,0.726912,-3.804633,-1.535507,1.000000
36327.000000,3.000000,585.000061,552.390625,0.540000,1.598537,-3.000000,-2.389972,-6.774230,-1.074761,-3.670375,-2.660054,1.000000
36337.000000,3.000000,585.000061,552.547485,0.540000,1.606704,-3.000000,-2.390317,-6.823685,-0.870546,-3.657316,-1.007810,1.000000
36347.000000,3.000000,585.000061,553.245056,0.540000,1.614000,-3.000000,-2.392988,-6.870433,0.827976,-3.645078,-0.979332,1.000000
36357.000000,3.000000,585.000061,553.102661,0.540000,1.604226,-3.000000,-2.391806,-6.816492,-0.723181,-3.646369,-0.830930,1.000000
36367.000000,3.000000,585.000061,553.798096,0.540000,1.598656,-3.000000,-2.387266,-6.774464,1.209247,-3.674472,0.303535,1.000000
36377.000000,3.000000,585.000061,554.580200,0.540000,1.574903,-3.000000,-2.405542,-6.640538,-1.076578,-3.575915,0.250886,1.000000
36387.000000,3.000000,585.000061,555.830261,0.540000,1.580110,-3.000000,-2.409234,-6.642820,1.571255,-3.541615,1.568717,1.000000
36397.000000,3.000000,585.000061,557.219543,0.540000,1.590559,-3.000000,-2.384586,-6.718433,0.785587,-3.674945,2.869494,1.000000
36407.000000,3.000000,585.000061,557.782043,0.540000,1.600964,-3.000000,-2.364008,-6.784078,0.931347,-3.805348,1.811126,1.000000
36417.000000,3.000000,585.000061,558.394165,0.540000,1.610766,-3.000000,-2.341501,-6.844859,1.207837,-3.937569,2.348377,1.000000
36427.000000,3.000000,585.000061,559.161194,0.540000,1.614592,-3.000000,-2.326653,-6.874558,0.857810,-4.032266,2.572697,1.000000
36437.000000,3.000000,586.500061,560.031921,0.540000,1.633481,-3.000000,-2.307470,-6.984455,2.647477,-4.138012,3.075853,1.000000
36447.000000,3.000000,586.800049,560.752197,0.540000,1.636806,-3.000000,-2.279742,-7.024948,1.500564,-4.304523,2.428188,1.000000
36457.000000,3.000000,586.800049,561.319397,0.540000,1.671570,-3.000000,-2.238914,-7.216024,3.313763,-4.541259,3.380298,1.000000
36467.000000,3.000000,586.800049,561.764404,0.540000,1.690353,-3.000000,-2.198109,-7.356748,1.835457,-4.783489,3.164387,1.000000
36477.000000,3.000000,585.300049,563.164185,0.540000,1.709643,-3.000000,-2.142707,-7.466169,2.307430,-5.110326,2.913906,1.000000
36487.000000,3.000000,585.000061,564.491333,0.540000,1.725693,-3.000000,-2.092927,-7.586375,2.588391,-5.417850,3.405446,1.000000
36497.000000,3.000000,585.000061,565.721558,0.540000,1.738723,-3.000000,-2.056845,-7.653903,2.265704,-5.639837,2.536999,1.000000
36507.000000,3.000000,585.000061,567.014771,0.540000,1.784970,-3.000000,-2.040196,-7.939721,3.374373,-5.753666,1.862580,1.000000
36517.000000,3.000000,585.000061,568.869446,0.540000,1.810427,-3.000000,-2.034581,-8.118234,1.479644,-5.787864,1.912113,1.000000
36527.000000,3.000000,585.000061,570.807800,0.540000,1.847355,-3.000000,-2.036000,-8.340998,3.986125,-5.788005,1.397368,1.000000
36537.000000,3.000000,585.000061,572.927856,0.420000,1.832879,-3.000000,-2.034102,-8.290693,0.302494,-5.791200,1.499663,1.000000
36547.000000,3.000000,585.000061,574.647400,0.420000,1.843210,-3.000000,-2.020393,-9.092269,2.878735,-5.863498,1.768380,1.000000
36557.000000,3.000000,585.000061,576.430847,0.420000,1.856953,-3.000000,-2.006746,-9.189205,1.474609,-5.959522,1.208604,1.000000
36567.000000,3.000000,585.000061,578.214233,0.540000,1.888344,-3.000000,-2.003168,-9.374455,2.469979,-5.976557,0.693977,1.000000
36577.000000,3.000000,585.000061,579.650085,0.540000,1.908594,-3.000000,-2.004398,-8.751110,1.747013,-5.977374,-0.673254,1.000000
36587.000000,3.000000,585.000061,581.337769,0.540000,1.919705,-3.000000,-2.015340,-8.821323,1.243452,-5.918871,-0.819503,1.000000
36597.000000,3.000000,585.000061,583.016724,0.540000,1.930535,-3.000000,-2.039025,-8.895011,1.407758,-5.779959,-1.628269,1.000000
36607.000000,3.000000,585.000061,584.711426,0.540000,1.923135,-3.000000,-2.065771,-8.864657,-0.753694,-5.621893,-2.311836,1.000000
36617.000000,3.000000,585.000061,586.298889,0.540000,1.932794,-3.000000,-2.090752,-8.905988,1.208512,-5.470880,-3.071647,1.000000
36627.000000,3.000000,585.000061,587.100220,0.540000,1.922894,-3.000000,-2.119311,-8.855801,-1.668089,-5.303691,-3.932599,1.000000
36637.000000,3.000000,585.000061,588.699280,0.540000,1.916148,-3.000000,-2.165089,-8.823355,-1.232212,-5.039783,-4.859159,1.000000
36647.000000,3.000000,585.000061,590.534180,0.540000,1.862031,-3.000000,-2.217742,-8.498328,-3.398050,-4.726058,-5.039494,1.000000
36657.000000,3.000000,585.000061,592.320862,0.540000,1.843880,-3.000000,-2.267626,-8.347326,-1.626244,-4.421167,-4.789841,1.000000
36667.000000,3.000000,585.000061,593.902161,0.540000,1.810063,-3.000000,-2.322626,-8.153247,-3.967602,-4.098166,-6.203118,1.000000
36677.000000,3.000000,585.000061,595.807129,0.540000,1.803688,-3.000000,-2.373394,-8.086959,-2.378973,-3.790754,-5.329185,1.000000
36687.000000,3.000000,585.000061,598.064941,0.540000,1.787554,-3.000000,-2.427306,-7.994483,-2.176311,-3.468963,-5.480053,1.000000
36697.000000,3.000000,585.000061,600.313843,0.540000,1.804633,-3.000000,-2.467769,-8.078963,-0.820877,-3.219216,-4.365679,1.000000
36707.000000,3.000000,585.000061,602.627869,0.540000,1.796921,-3.000000,-2.514791,-8.059993,-2.574408,-2.937484,-5.047388,1.000000
36717.000000,3.000000,585.000061,604.093018,0.540000,1.821012,-3.000000,-2.555080,-8.172530,0.764756,-2.696826,-4.726224,1.000000
36727.000000,3.000000,585.000061,605.298950,0.540000,1.839693,-3.000000,-2.605234,-8.307986,-0.595589,-2.399144,-4.941378,1.000000
36737.000000,3.000000,585.000061,606.271912,0.540000,1.870616,-3.000000,-2.647742,-8.493667,0.735983,-2.137083,-4.379225,1.000000
36747.000000,3.000000,585.000061,608.178101,0.540000,1.883261,-3.000000,-2.686225,-8.593320,-0.254523,-1.903084,-4.584057,1.000000
36757.000000,3.000000,585.000061,610.191650,0.420000,1.882756,-3.000000,-2.719413,-8.601779,-0.116311,-1.702990,-5.201007,1.000000
36767.000000,3.000000,585.000061,611.905457,0.540000,1.850250,-3.000000,-2.757766,-9.175262,-0.339268,-1.478622,-4.348221,1.000000
36777.000000,3.000000,585.000061,613.718567,0.540000,1.831873,-3.000000,-2.789946,-8.274570,-0.018517,-1.282195,-4.721219,1.000000
36787.000000,3.000000,585.000061,615.813782,0.540000,1.836508,-3.000000,-2.836553,-8.284550,0.854082,-1.012146,-5.049848,1.000000
36797.000000,3.000000,585.000061,617.799622,0.540000,1.845389,-3.000000,-2.886019,-8.354132,-0.639377,-0.711448,-5.388304,1.000000
36807.000000,3.000000,585.000061,619.047791,0.540000,1.843397,-3.000000,-2.931657,-8.343444,0.207406,-0.435362,-4.603203,1.000000
36817.000000,3.000000,585.000061,620.711670,0.540000,1.841072,-3.000000,-2.975772,-8.327807,-0.062296,-0.174565,-5.249013,1.000000
36827.000000,3.000000,585.000061,621.335083,0.540000,1.850343,-3.000000,-3.040766,-8.377531,0.242830,0.201891,-5.180975,1.000000
36837.000000,3.000000,585.000061,622.792114,0.540000,1.859022,-3.000000,-3.110052,-8.438442,-0.474482,0.618871,-5.654692,1.000000
36847.000000,3.000000,585.000061,624.173584,0.540000,1.850368,-3.000000,-3.179079,-8.395849,-0.936007,1.036318,-5.684402,1.000000
36857.000000,3.000000,585.000061,625.489075,0.540000,1.836472,-3.000000,-3.236962,-8.310948,-1.005769,1.388399,-5.922449,1.000000
36867.000000,3.000000,585.000061,626.774292,0.540000,1.800002,-3.000000,-3.299344,-8.090351,-2.736410,1.757046,-6.572201,1.000000
36877.000000,3.000000,585.000061,628.581421,0.540000,1.782518,-3.000000,-3.351023,-7.961819,-1.194872,2.074864,-5.138574,1.000000
36887.000000,3.000000,585.000061,630.067871,0.540000,1.748575,-3.000000,-3.405975,-7.757326,-3.658070,2.407226,-5.102204,1.000000
36897.000000,3.000000,585.000061,631.221924,0.540000,1.728514,-3.000000,-3.443192,-7.621011,-2.342664,2.639368,-3.551191,1.000000
36907.000000,3.000000,585.000061,632.249817,0.540000,1.682612,-3.000000,-3.482616,-7.346459,-5.720721,2.874955,-4.017944,1.000000
36917.000000,3.000000,585.000061,632.939270,0.540000,1.638261,-3.000000,-3.505491,-7.063678,-5.009638,3.025436,-2.462104,1.000000
36927.000000,3.000000,585.000061,634.085144,0.540000,1.559365,-3.000000,-3.517920,-6.580200,-7.895026,3.098069,-2.747320,1.000000
36937.000000,3.000000,585.000061,635.116699,0.540000,1.474792,-3.000000,-3.536648,-6.039795,-6.018269,3.206739,-1.409646,1.000000
36947.000000,3.000000,585.000061,636.012512,0.540000,1.377731,-3.000000,-3.555754,-5.424191,-9.887836,3.328105,-1.864828,1.000000
36957.000000,3.000000,585.000061,636.749634,0.540000,1.267444,-3.000000,-3.568447,-4.732599,-9.071663,3.398167,-0.935924,1.000000
36967.000000,3.000000,585.000061,637.297302,0.540000,1.168104,-3.000000,-3.587531,-4.083833,-10.065236,3.518253,-0.852955,1.000000
36977.000000,3.000000,585.000061,638.016968,0.540000,1.037607,-3.000000,-3.605311,-3.275256,-10.969876,3.619871,-0.805220,1.000000
36987.000000,3.000000,585.000061,638.350647,0.540000,0.935690,-3.000000,-3.619282,-2.595685,-8.894131,3.711250,-0.306028,1.000000
36997.000000,3.000000,585.000061,638.482239,0.540000,0.805737,-3.000000,-3.630189,-1.782459,-10.328897,3.776140,-0.366397,1.000000
37007.000000,3.000000,585.000061,638.285156,0.540000,0.719894,-3.000000,-3.638914,-1.202511,-6.966402,3.828702,-0.418957,1.000000
37017.000000,3.000000,585.000061,638.258240,0.540000,0.613332,-3.000000,-3.644783,-0.540739,-9.847455,3.867043,-0.513728,1.000000
37027.000000,3.000000,585.000061,638.477356,0.540000,0.548615,-3.000000,-3.638011,-0.089230,-4.001646,3.834343,0.848186,1.000000
37037.000000,3.000000,585.000061,638.626099,0.540000,0.457330,-3.000000,-3.632793,0.467834,-7.489628,3.800267,0.333492,1.000000
37047.000000,3.000000,585.000061,638.679138,0.540000,0.399469,-3.000000,-3.629777,0.869863,-3.276304,3.781656,1.185043,1.000000
37057.000000,3.000000,585.000061,638.476501,0.540000,0.340023,-3.000000,-3.621103,1.244708,-4.541529,3.733706,1.117847,1.000000
37067.000000,3.000000,585.000061,638.262817,0.540000,0.311252,-3.000000,-3.615485,1.451275,-2.281821,3.695259,1.487755,1.000000
37077.000000,3.000000,585.000061,637.996643,0.540000,0.295623,-3.000000,-3.606692,1.560902,-2.362228,3.646063,1.830706,1.000000
37087.000000,3.000000,585.000061,637.456055,0.540000,0.306680,-3.000000,-3.598225,1.501768,-1.375273,3.597413,2.339672,1.000000
37097.000000,3.000000,585.000061,637.057556,0.540000,0.313784,-3.000000,-3.579850,1.450011,-1.012760,3.491610,1.712007,1.000000
37107.000000,3.000000,585.000061,636.822632,0.540000,0.323982,-3.000000,-3.552966,1.390714,-1.114565,3.339023,2.047890,1.000000
37117.000000,3.000000,585.000061,636.553040,0.540000,0.305542,-3.000000,-3.512605,1.474732,-1.171267,3.099047,2.639331,1.000000
37127.000000,3.000000,585.000061,636.144409,0.540000,0.268416,-3.000000,-3.482695,1.714413,-0.661422,2.915993,1.719751,1.000000
37137.000000,3.000000,585.000061,635.699707,0.540000,0.225715,-3.000000,-3.448914,1.988212,-0.023257,2.708417,2.542014,1.000000
37147.000000,3.000000,585.000061,635.320862,0.540000,0.207462,-3.000000,-3.424287,2.114346,0.810228,2.561929,2.461672,1.000000
37157.000000,3.000000,585.000061,634.994446,0.540000,0.169374,-3.000000,-3.396283,2.355558,0.932493,2.391098,3.345994,1.000000
37167.000000,3.000000,585.000061,633.494690,0.540000,0.181214,-3.000000,-3.379867,2.306723,3.434766,2.291958,2.842967,1.000000
37177.000000,3.000000,585.000061,632.809753,0.540000,0.167804,-3.000000,-3.343938,2.384431,2.921317,2.087567,4.206534,1.000000
37187.000000,3.000000,585.000061,631.086853,0.540000,0.231399,-3.000000,-3.305171,2.022306,7.161093,1.857685,3.497292,1.000000
37197.000000,3.000000,585.000061,629.865112,0.540000,0.230543,-3.000000,-3.241844,1.977393,0.501529,1.494676,4.013483,1.000000
37207.000000,3.000000,585.000061,628.464294,0.540000,0.280427,-3.000000,-3.168672,1.698909,7.424690,1.055007,3.444281,1.000000
37217.000000,3.000000,585.000061,626.823120,0.540000,0.300611,-3.000000,-3.108274,1.543599,3.025426,0.677683,2.484412,1.000000
37227.000000,3.000000,585.000061,625.902710,0.540000,0.349172,-3.000000,-3.071788,1.249244,7.050855,0.448418,2.837479,1.000000
37237.000000,3.000000,585.000061,624.980957,0.540000,0.369252,-3.000000,-3.046252,1.107016,3.584764,0.291332,2.136910,1.000000
37247.000000,3.000000,585.000061,624.219360,0.540000,0.410597,-3.000000,-3.026622,0.852421,6.451537,0.171337,1.903484,1.000000
37257.000000,3.000000,585.000061,623.570251,0.540000,0.451696,-3.000000,-3.002076,0.597347,4.959965,0.026978,1.532581,1.000000
37267.000000,3.000000,585.000061,621.928894,0.540000,0.524816,-3.000000,-2.990005,0.149588,6.881450,-0.061395,0.716497,1.000000
37277.000000,3.000000,585.000061,620.094421,0.540000,0.575839,-3.000000,-2.981130,-0.206285,3.344358,-0.100925,-1.299099,1.000000
37287.000000,3.000000,585.000061,618.540344,0.540000,0.600387,-3.000000,-2.963334,-0.373262,3.114934,-0.210580,-1.689681,1.000000
37297.000000,3.000000,585.000061,617.440247,0.540000,0.619129,-3.000000,-2.958968,-0.495073,2.112212,-0.251122,-3.028792,1.000000
37307.000000,3.000000,585.000061,616.524658,0.540000,0.624830,-3.000000,-2.978919,-0.543412,1.220465,-0.143651,-3.399478,1.000000
37317.000000,3.000000,585.000061,614.781189,0.540000,0.630111,-3.000000,-3.013127,-0.575386,2.017795,0.054026,-4.023125,1.000000
37327.000000,3.000000,585.000061,613.006165,0.540000,0.636359,-3.000000,-3.063190,-0.607362,1.931612,0.347159,-4.013345,1.000000
37337.000000,3.000000,585.000061,611.449890,0.540000,0.653632,-3.000000,-3.115423,-0.714075,2.380538,0.664224,-3.939220,1.000000
37347.000000,3.000000,585.000061,610.750305,0.540000,0.679220,-3.000000,-3.165098,-0.877311,1.001383,0.962139,-5.182411,1.000000
37357.000000,3.000000,585.000061,609.787720,0.540000,0.667380,-3.000000,-3.208668,-0.833500,1.258243,1.224833,-5.043705,1.000000
37367.000000,3.000000,585.000061,607.772400,0.540000,0.668727,-3.000000,-3.254969,-0.819883,2.153914,1.503828,-5.180604,1.000000
37377.000000,3.000000,585.000061,606.095398,0.420000,0.641483,-3.000000,-3.296258,-0.673594,1.655818,1.750833,-4.554821,1.000000
37387.000000,3.000000,585.000061,604.503845,0.420000,0.637098,-3.000000,-3.346375,-1.384611,2.749446,2.048779,-4.702420,1.000000
37397.000000,3.000000,585.000061,602.335022,0.420000,0.615104,-3.000000,-3.404250,-1.266679,2.294821,2.388532,-4.441513,1.000000
37407.000000,3.000000,585.000061,600.676392,0.420000,0.635989,-3.000000,-3.456095,-1.361882,3.317935,2.710237,-4.247760,1.000000
37417.000000,3.000000,585.000061,599.049500,0.420000,0.645872,-3.000000,-3.503935,-1.439450,2.455826,2.997495,-4.070850,1.000000
37427.000000,3.000000,585.000061,597.584167,0.420000,0.674583,-3.000000,-3.540342,-1.605003,4.106322,3.224668,-3.400988,1.000000
37437.000000,3.000000,585.000061,596.059753,0.540000,0.688143,-3.000000,-3.598028,-1.704243,2.096046,3.542662,-4.286924,1.000000
37447.000000,3.000000,585.000061,594.414917,0.540000,0.737869,-3.000000,-3.664340,-1.235767,4.278861,3.951549,-3.721742,1.000000
37457.000000,3.000000,585.000061,592.397156,0.420000,0.769229,-3.000000,-3.736072,-1.448822,2.515573,4.373586,-4.633935,1.000000
37467.000000,3.000000,585.000061,589.856873,0.420000,0.825291,-3.000000,-3.802611,-2.552504,4.346320,4.778894,-4.494345,1.000000
37477.000000,3.000000,585.000061,587.753601,0.540000,0.873306,-3.000000,-3.850582,-2.870136,2.625510,5.082347,-4.458684,1.000000
37487.000000,3.000000,585.000061,586.092346,0.540000,0.931595,-3.000000,-3.885564,-2.473010,4.203887,5.290897,-4.442730,1.000000
37497.000000,3.000000,585.000061,584.714111,0.540000,0.963720,-3.000000,-3.917731,-2.701047,2.902787,5.491602,-4.827237,1.000000
37507.000000,3.000000,585.000061,582.841064,0.540000,0.987646,-3.000000,-3.936932,-2.840647,5.242313,5.607408,-4.405547,1.000000
37517.000000,3.000000,585.000061,580.759644,0.540000,1.009991,-3.000000,-3.956193,-2.996607,3.422841,5.728053,-5.603600,1.000000
37527.000000,3.000000,585.000061,579.292297,0.540000,1.025478,-3.000000,-3.962619,-3.095339,3.776003,5.770522,-3.882215,1.000000
37537.000000,3.000000,585.000061,577.590332,0.540000,1.050869,-3.000000,-3.978343,-3.256670,3.698431,5.860970,-5.292892,1.000000
37547.000000,3.000000,585.000061,575.519226,0.540000,1.055408,-3.000000,-3.992312,-3.289209,3.489379,5.941040,-3.608353,1.000000
37557.000000,3.000000,585.000061,573.423889,0.540000,1.102922,-3.000000,-4.024408,-3.567642,5.506457,6.122867,-5.150309,1.000000
37567.000000,3.000000,585.000061,571.663391,0.540000,1.146044,-3.000000,-4.057783,-3.843359,3.774276,6.325341,-3.918546,1.000000
37577.000000,3.000000,585.000061,570.198303,0.540000,1.232364,-3.000000,-4.102620,-4.378100,6.427029,6.587013,-4.807661,1.000000
37587.000000,3.000000,585.000061,568.928284,0.540000,1.297132,-3.000000,-4.147847,-4.802538,6.019299,6.858441,-4.521694,1.000000
37597.000000,3.000000,585.000061,568.126892,0.540000,1.410451,-3.000000,-4.201804,-5.501410,10.160878,7.179963,-5.704542,1.000000
37607.000000,3.000000,585.000061,567.154053,0.540000,1.470262,-3.000000,-4.230482,-5.921126,5.831602,7.373268,-4.853797,1.000000
37617.000000,3.000000,585.000061,566.226990,0.540000,1.568897,-3.000000,-4.229614,-6.518160,10.528230,7.375420,-3.980246,1.000000
37627.000000,3.000000,585.000061,565.354004,0.540000,1.660650,-3.000000,-4.250720,-7.111225,10.224459,7.492770,-5.318119,1.000000
37637.000000,3.000000,585.000061,564.409851,0.540000,1.769830,-3.000000,-4.264960,-7.797966,11.204204,7.576813,-3.310485,1.000000
37647.000000,3.000000,585.000061,563.410889,0.540000,1.877135,-3.000000,-4.294933,-8.489001,10.918633,7.753398,-3.758397,1.000000
37657.000000,3.000000,585.000061,562.208862,0.540000,1.999294,-3.000000,-4.307910,-9.256484,12.474337,7.841326,-3.097325,1.000000
37667.000000,3.000000,585.000061,561.081177,0.540000,2.118094,-3.000000,-4.312407,-10.025614,11.582817,7.873981,-2.088950,1.000000
37677.000000,3.000000,585.000061,560.222839,0.540000,2.256486,-3.000000,-4.312352,-10.898351,12.783668,7.871206,-0.954060,1.000000
37687.000000,3.000000,585.000061,559.451050,0.540000,2.363659,-3.000000,-4.329620,-11.604589,10.278283,7.964295,-1.654359,1.000000
37697.000000,3.000000,585.000061,558.712341,0.540000,2.488392,-3.000000,-4.343922,-12.392474,11.681679,8.055585,-1.006835,1.000000
37707.000000,3.000000,585.000061,558.037964,0.540000,2.583392,-3.000000,-4.356874,-13.020558,9.206981,8.137676,-0.422587,1.000000
37717.000000,3.000000,585.000061,557.730042,0.540000,2.680213,-3.000000,-4.340214,-13.637151,9.639185,8.061510,1.022526,1.000000
37727.000000,3.000000,585.000061,557.486511,0.540000,2.759686,-3.000000,-4.316962,-14.156921,7.482173,7.910706,0.574366,1.000000
37737.000000,3.000000,585.000061,557.225708,0.540000,2.828607,-3.000000,-4.302400,-14.614525,6.888117,7.828062,0.662353,1.000000
37747.000000,3.000000,585.000061,556.794678,0.540000,2.858189,-3.000000,-4.272192,-14.817680,4.946903,7.648564,0.840324,1.000000
37757.000000,3.000000,585.000061,556.450867,0.540000,2.878559,-3.000000,-4.245437,-14.957385,6.030832,7.487446,0.478872,1.000000
37767.000000,3.000000,585.000061,555.802307,0.540000,2.878145,-3.000000,-4.214819,-14.961403,2.482135,7.306174,1.491807,1.000000
37777.000000,3.000000,585.000061,555.361328,0.540000,2.904697,-3.000000,-4.187089,-15.121371,4.945096,7.135134,1.888045,1.000000
37787.000000,3.000000,585.000061,555.198853,0.540000,2.899660,-3.000000,-4.170526,-15.103808,1.050848,7.035667,0.870067,1.000000
37797.000000,3.000000,585.000061,555.765991,0.540000,2.914332,-3.000000,-4.147563,-15.188479,2.649352,6.893907,0.657353,1.000000
37807.000000,3.000000,585.000061,556.555298,0.420000,2.888110,-3.000000,-4.121032,-15.049904,-0.540985,6.748326,0.901840,1.000000
37817.000000,3.000000,585.000061,557.356567,0.540000,2.879441,-3.000000,-4.092876,-15.744046,0.918793,6.572079,0.449122,1.000000
37827.000000,3.000000,585.000061,558.430725,0.540000,2.863871,-3.000000,-4.067101,-14.885057,-0.433603,6.420410,0.700851,1.000000
37837.000000,3.000000,585.000061,559.747375,0.420000,2.837112,-3.000000,-4.041852,-14.722193,-0.235066,6.264296,0.862524,1.000000
37847.000000,3.000000,585.000061,560.840698,0.540000,2.796961,-3.000000,-4.025671,-15.238315,-0.564567,6.166883,0.669945,1.000000
37857.000000,3.000000,585.000061,561.365540,0.540000,2.755618,-3.000000,-3.995747,-14.206264,-0.584793,5.990885,1.735893,1.000000
37867.000000,3.000000,585.000061,562.199890,0.540000,2.703453,-3.000000,-3.971821,-13.882838,-0.942982,5.847208,1.081305,1.000000
37877.000000,3.000000,585.000061,563.026855,0.540000,2.666271,-3.000000,-3.942632,-13.629412,0.027755,5.672801,1.324152,1.000000
37887.000000,3.000000,585.000061,564.199402,0.540000,2.623319,-3.000000,-3.913586,-13.353945,-1.543450,5.498516,0.748250,1.000000
37897.000000,3.000000,585.000061,565.507446,0.540000,2.605674,-3.000000,-3.890599,-13.231267,-1.197697,5.353393,0.550179,1.000000
37907.000000,3.000000,585.000061,566.559265,0.540000,2.578705,-3.000000,-3.877199,-13.069987,-1.844560,5.271013,0.195263,1.000000
37917.000000,3.000000,585.000061,567.114929,0.540000,2.552895,-3.000000,-3.866391,-12.898459,-0.735221,5.202807,0.745890,1.000000
37927.000000,3.000000,585.000061,567.585754,0.540000,2.540854,-3.000000,-3.877673,-12.806722,-0.942201,5.256091,-0.947961,1.000000
37937.000000,3.000000,585.000061,568.635681,0.540000,2.509556,-3.000000,-3.898619,-12.638430,-1.848847,5.377117,-1.643503,1.000000
37947.000000,3.000000,585.000061,570.116394,0.540000,2.459072,-3.000000,-3.912555,-12.314674,-1.907353,5.470417,-1.204867,1.000000
37957.000000,3.000000,585.000061,571.420532,0.540000,2.390994,-3.000000,-3.927774,-11.896271,-2.026065,5.555463,-2.151856,1.000000
37967.000000,3.000000,585.000061,572.512329,0.540000,2.337959,-3.000000,-3.940716,-11.533358,-2.670890,5.637154,-1.423515,1.000000
37977.000000,3.000000,585.000061,573.879028,0.540000,2.282571,-3.000000,-3.961447,-11.193369,-3.508748,5.755520,-1.583650,1.000000
37987.000000,3.000000,585.000061,575.302673,0.540000,2.223358,-3.000000,-3.981786,-10.811877,-4.653810,5.879718,-1.735430,1.000000
37997.000000,3.000000,585.000061,576.026001,0.540000,2.150343,-3.000000,-4.008406,-10.349570,-3.558213,6.027755,-1.490364,1.000000
38007.000000,3.000000,585.000061,576.606995,0.540000,2.094414,-3.000000,-4.037987,-9.991470,-7.067305,6.216222,-1.480631,1.000000
38017.000000,3.000000,585.000061,577.680420,0.540000,1.996818,-3.000000,-4.060745,-9.396434,-8.502817,6.349211,-0.125246,1.000000
38027.000000,3.000000,585.000061,578.851563,0.540000,1.896318,-3.000000,-4.071651,-8.743749,-9.148281,6.429359,0.500832,1.000000
38037.000000,3.000000,585.000061,580.657776,0.540000,1.762012,-3.000000,-4.072301,-7.917004,-11.370687,6.438080,0.304494,1.000000
38047.000000,3.000000,585.000061,582.219055,0.540000,1.615543,-3.000000,-4.049415,-6.981285,-11.773440,6.312060,1.592216,1.000000
38057.000000,3.000000,585.000061,584.304138,0.540000,1.441821,-3.000000,-4.021077,-5.888229,-13.786266,6.145866,3.057936,1.000000
38067.000000,3.000000,585.000061,586.110718,0.540000,1.275743,-3.000000,-3.988400,-4.813892,-13.074651,5.949430,2.708180,1.000000
38077.000000,3.000000,585.000061,587.273560,0.540000,1.105392,-3.000000,-3.945318,-3.721162,-13.755076,5.702734,3.560347,1.000000
38087.000000,3.000000,585.000061,587.752380,0.540000,0.968055,-3.000000,-3.900892,-2.823345,-12.496938,5.429380,3.341276,1.000000
38097.000000,3.000000,585.000061,588.098022,0.540000,0.827071,-3.000000,-3.842960,-1.921642,-13.374654,5.101945,4.203991,1.000000
38107.000000,3.000000,585.000061,589.599609,0.540000,0.707604,-3.000000,-3.770217,-1.148664,-11.288983,4.662154,4.369956,1.000000
38117.000000,3.000000,585.000061,590.877747,0.540000,0.587239,-3.000000,-3.704469,-0.378642,-10.297795,4.265345,3.937951,1.000000
38127.000000,3.000000,585.000061,592.872192,0.540000,0.496142,-3.000000,-3.647906,0.231470,-7.721554,3.914417,4.715456,1.000000
38137.000000,3.000000,585.000061,595.066833,0.540000,0.423555,-3.000000,-3.611054,0.698653,-7.118735,3.691887,3.624455,1.000000
38147.000000,3.000000,585.000061,596.875671,0.540000,0.362981,-3.000000,-3.558003,1.097834,-4.649756,3.379646,4.373678,1.000000
38157.000000,3.000000,585.000061,599.071594,0.540000,0.299504,-3.000000,-3.500948,1.500249,-4.194456,3.044309,3.643635,1.000000
38167.000000,3.000000,585.000061,601.850830,0.540000,0.257899,-3.000000,-3.439986,1.789311,-2.439154,2.668470,4.280250,1.000000
38177.000000,3.000000,585.000061,604.062317,0.540000,0.231450,-3.000000,-3.397988,1.960616,-2.433199,2.414220,3.159422,1.000000
38187.000000,3.000000,585.000061,606.217834,0.540000,0.212907,-3.000000,-3.352664,2.084415,-1.919381,2.141745,3.256065,1.000000
38197.000000,3.000000,585.000061,608.054688,0.540000,0.197368,-3.000000,-3.317077,2.181632,-1.148757,1.923928,2.172562,1.000000
38207.000000,3.000000,585.000061,609.726501,0.540000,0.186095,-3.000000,-3.277183,2.260745,-0.081553,1.684148,2.844406,1.000000
38217.000000,3.000000,585.000061,610.739136,0.540000,0.178839,-3.000000,-3.250861,2.308294,-0.118119,1.520385,2.065883,1.000000
38227.000000,3.000000,585.000061,612.917358,0.540000,0.181831,-3.000000,-3.224367,2.294212,-0.089906,1.364230,2.404435,1.000000
38237.000000,3.000000,585.000061,614.802307,0.540000,0.196858,-3.000000,-3.203729,2.210453,0.667735,1.232459,1.831201,1.000000
38247.000000,3.000000,585.000061,616.547668,0.540000,0.218782,-3.000000,-3.191937,2.067032,-0.939853,1.157626,1.723741,1.000000
38257.000000,3.000000,585.000061,618.756165,0.540000,0.243839,-3.000000,-3.176023,1.904583,0.844086,1.066516,2.196026,1.000000
38267.000000,3.000000,585.000061,620.804626,0.540000,0.248746,-3.000000,-3.164378,1.865373,-2.157247,0.994243,2.202367,1.000000
38277.000000,3.000000,585.000061,622.661560,0.540000,0.270650,-3.000000,-3.138874,1.738217,0.689197,0.852532,3.489971,1.000000
38287.000000,3.000000,585.000061,624.185608,0.540000,0.291242,-3.000000,-3.106541,1.610052,-1.233391,0.660693,3.147215,1.000000
38297.000000,3.000000,585.000061,625.732117,0.540000,0.328521,-3.000000,-3.065466,1.369361,1.321767,0.419226,4.490487,1.000000
38307.000000,3.000000,585.000061,627.549500,0.540000,0.330024,-3.000000,-3.021985,1.341169,-0.885163,0.158824,4.411831,1.000000
38317.000000,3.000000,585.000061,629.042969,0.540000,0.330164,-3.000000,-2.969954,1.342833,1.025649,-0.148673,6.147655,1.000000
38327.000000,3.000000,585.000061,630.890442,0.540000,0.335395,-3.000000,-2.919997,1.313451,0.470819,-0.448462,5.336821,1.000000
38337.000000,3.000000,585.000061,632.371155,0.540000,0.319831,-3.000000,-2.864274,1.400264,-0.457722,-0.784475,7.083769,1.000000
38347.000000,3.000000,585.000061,633.752441,0.540000,0.336695,-3.000000,-2.805940,1.313986,1.973447,-1.127011,7.244635,1.000000
38357.000000,3.000000,585.000061,634.767334,0.420000,0.330858,-3.000000,-2.752594,1.338539,-0.090694,-1.454611,7.240706,1.000000
38367.000000,3.000000,586.500061,635.750305,0.420000,0.365084,-3.000000,-2.691126,0.371221,3.071176,-1.815512,7.684462,1.000000
38377.000000,3.000000,586.800049,637.035339,0.420000,0.362024,-3.000000,-2.645809,0.368203,-0.410129,-2.101716,5.926144,1.000000
38387.000000,3.000000,586.800049,638.308472,0.420000,0.387016,-3.000000,-2.600504,0.229563,2.901405,-2.371563,6.390542,1.000000
38397.000000,3.000000,585.300049,639.323425,0.420000,0.422388,-3.000000,-2.567523,0.014121,0.873452,-2.574278,5.015800,1.000000
38407.000000,3.000000,586.800049,640.163391,0.420000,0.471881,-3.000000,-2.524954,-0.300603,2.283371,-2.824981,5.119425,1.000000
38417.000000,3.000000,586.800049,640.778687,0.540000,0.497256,-3.000000,-2.497581,-0.488808,-0.939003,-2.997683,2.132323,1.000000
38427.000000,3.000000,586.800049,641.311829,0.540000,0.481231,-3.000000,-2.475078,0.359838,-1.912359,-3.142329,2.137607,1.000000
38437.000000,3.000000,585.300049,641.616455,0.420000,0.460419,-3.000000,-2.476547,0.489946,-1.811446,-3.145467,-0.739003,1.000000
38447.000000,3.000000,585.000061,641.659363,0.420000,0.412740,-3.000000,-2.493581,0.014697,-3.382734,-3.049564,-0.566309,1.000000
38457.000000,3.000000,585.000061,641.849670,0.420000,0.385638,-3.000000,-2.500048,0.204350,-1.421480,-3.002438,-0.962704,1.000000
38467.000000,3.000000,585.000061,642.773987,0.420000,0.349444,-3.000000,-2.513264,0.430196,-3.908072,-2.928286,-1.544664,1.000000
38477.000000,3.000000,585.000061,642.929749,0.420000,0.324189,-3.000000,-2.518922,0.595937,-2.825924,-2.891624,-1.093487,1.000000
38487.000000,3.000000,585.000061,643.031189,0.420000,0.294930,-3.000000,-2.537130,0.779699,-4.607949,-2.789858,-1.622345,1.000000
38497.000000,3.000000,585.000061,642.985596,0.540000,0.248000,-3.000000,-2.559600,1.073051,-3.957176,-2.660580,-0.636240,1.000000
38507.000000,3.000000,585.000061,643.856079,0.540000,0.225256,-3.000000,-2.586800,1.996920,-2.905936,-2.488064,-1.296446,1.000000
38517.000000,3.000000,585.000061,644.589905,0.540000,0.177236,-3.000000,-2.596028,2.295494,-4.110367,-2.432393,0.311044,1.000000
38527.000000,3.000000,585.000061,644.556213,0.540000,0.166445,-3.000000,-2.611578,2.385570,-1.350139,-2.338750,0.130212,1.000000
38537.000000,3.000000,585.000061,644.271179,0.540000,0.137632,-3.000000,-2.621298,2.560351,-3.549981,-2.279976,1.286026,1.000000
38547.000000,3.000000,585.000061,644.042480,0.540000,0.134067,-3.000000,-2.634004,2.591944,-0.647423,-2.199492,0.548002,1.000000
38557.000000,3.000000,585.000061,644.361633,0.540000,0.118034,-3.000000,-2.645295,2.696885,-1.625071,-2.137140,0.259289,1.000000
38567.000000,3.000000,585.000061,644.142883,0.540000,0.123888,-3.000000,-2.654121,2.667846,0.129395,-2.078526,0.531329,1.000000
38577.000000,3.000000,585.000061,643.998535,0.540000,0.151433,-3.000000,-2.672153,2.506323,-0.294259,-1.977409,-0.288954,1.000000
38587.000000,3.000000,585.000061,643.998901,0.540000,0.182880,-3.000000,-2.679629,2.312203,1.410300,-1.926729,0.490950,1.000000
38597.000000,3.000000,585.000061,644.078613,0.540000,0.243515,-3.000000,-2.697901,1.937258,3.251104,-1.822927,-1.250157,1.000000
38607.000000,3.000000,585.000061,643.436768,0.540000,0.280312,-3.000000,-2.710176,1.688730,1.622682,-1.750846,-0.543204,1.000000
38617.000000,3.000000,585.000061,642.996643,0.540000,0.343842,-3.000000,-2.731240,1.297728,3.634332,-1.622565,-1.489130,1.000000
38627.000000,3.000000,585.000061,641.695435,0.540000,0.385224,-3.000000,-2.738565,1.012429,1.638457,-1.571082,-0.456334,1.000000
38637.000000,3.000000,585.000061,640.240295,0.540000,0.425119,-3.000000,-2.742300,0.753401,3.174860,-1.548583,-0.939410,1.000000
38647.000000,3.000000,585.000061,639.430237,0.540000,0.439462,-3.000000,-2.747400,0.654030,1.625159,-1.519811,-0.414111,1.000000
38657.000000,3.000000,585.000061,638.335876,0.540000,0.478639,-3.000000,-2.740997,0.418186,3.591862,-1.549142,0.511538,1.000000
38667.000000,3.000000,585.000061,638.039734,0.540000,0.489109,-3.000000,-2.746646,0.329448,-0.771917,-1.524889,-0.023939,1.000000
38677.000000,3.000000,585.000061,636.927795,0.540000,0.518761,-3.000000,-2.736353,0.154169,1.661601,-1.571800,1.436849,1.000000
38687.000000,3.000000,585.000061,635.172791,0.540000,0.528913,-3.000000,-2.722408,0.081884,-1.234459,-1.655026,1.265082,1.000000
38697.000000,3.000000,585.000061,633.718689,0.540000,0.570446,-3.000000,-2.689650,-0.168637,0.804786,-1.837446,2.539840,1.000000
38707.000000,3.000000,585.000061,633.407349,0.540000,0.577897,-3.000000,-2.648498,-0.238433,-2.872600,-2.084646,2.273417,1.000000
38717.000000,3.000000,585.000061,632.638000,0.540000,0.598538,-3.000000,-2.612053,-0.370994,-0.475802,-2.309175,2.372546,1.000000
38727.000000,3.000000,585.000061,631.337708,0.540000,0.584230,-3.000000,-2.587219,-0.293687,-2.225015,-2.467722,1.377510,1.000000
38737.000000,3.000000,585.000061,630.025879,0.540000,0.604767,-3.000000,-2.571738,-0.395702,2.784369,-2.560083,0.616288,1.000000
38747.000000,3.000000,585.000061,628.547302,0.540000,0.596003,-3.000000,-2.552167,-0.365881,-1.952763,-2.675640,0.668511,1.000000
38757.000000,3.000000,585.000061,627.135376,0.540000,0.622317,-3.000000,-2.535633,-0.507358,3.286880,-2.773541,0.454905,1.000000
38767.000000,3.000000,585.000061,625.750000,0.540000,0.629641,-3.000000,-2.511459,-0.563218,0.787302,-2.919372,0.018664,1.000000
38777.000000,3.000000,585.000061,624.151123,0.540000,0.686203,-3.000000,-2.500334,-0.896161,4.723385,-2.990137,-0.995362,1.000000
38787.000000,3.000000,585.000061,622.215515,0.540000,0.736846,-3.000000,-2.494740,-1.220896,2.200168,-3.032892,-0.612108,1.000000
38797.000000,3.000000,585.000061,620.390137,0.540000,0.817423,-3.000000,-2.493541,-1.727116,4.832175,-3.036977,-0.434172,1.000000
38807.000000,3.000000,585.000061,618.604187,0.540000,0.879016,-3.000000,-2.490440,-2.131434,3.849322,-3.057856,-0.520585,1.000000
38817.000000,3.000000,585.000061,616.786133,0.540000,0.959019,-3.000000,-2.489749,-2.624466,7.530814,-3.061390,-1.276818,1.000000
38827.000000,3.000000,585.000061,614.980652,0.540000,1.030908,-3.000000,-2.488061,-3.097260,4.900947,-3.073318,-0.382091,1.000000
38837.000000,3.000000,585.000061,613.265442,0.540000,1.119990,-3.000000,-2.496859,-3.655843,7.753361,-3.024377,-1.353230,1.000000
38847.000000,3.000000,585.000061,611.677856,0.540000,1.188091,-3.000000,-2.506295,-4.101482,6.263743,-2.970951,-0.926812,1.000000
38857.000000,3.000000,585.000061,610.128601,0.540000,1.273484,-3.000000,-2.521224,-4.641368,7.791722,-2.882482,-1.290535,1.000000
38867.000000,3.000000,585.000061,608.050598,0.540000,1.330500,-3.000000,-2.533854,-5.028171,6.687824,-2.806326,-0.335871,1.000000
38877.000000,3.000000,585.000061,606.053040,0.540000,1.393868,-3.000000,-2.549618,-5.421218,8.045115,-2.708978,-0.886053,1.000000
38887.000000,3.000000,585.000061,604.256775,0.540000,1.453344,-3.000000,-2.560776,-5.808112,7.234299,-2.640803,-0.347812,1.000000
38897.000000,3.000000,585.000061,602.523621,0.540000,1.534188,-3.000000,-2.576519,-6.308264,6.837708,-2.552210,-0.791214,1.000000
38907.000000,3.000000,585.000061,600.866943,0.540000,1.609521,-3.000000,-2.604326,-6.801662,7.045249,-2.392572,-0.374001,1.000000
38917.000000,3.000000,585.000061,598.920654,0.540000,1.672741,-3.000000,-2.615994,-7.214704,5.320121,-2.303822,-0.073472,1.000000
38927.000000,3.000000,585.000061,596.071655,0.540000,1.696228,-3.000000,-2.616698,-7.393875,4.792851,-2.299875,-0.503950,1.000000
38937.000000,3.000000,585.000061,593.944458,0.540000,1.721714,-3.000000,-2.608353,-7.540020,3.776289,-2.342870,-0.131279,1.000000
38947.000000,3.000000,585.000061,591.221497,0.540000,1.757649,-3.000000,-2.598588,-7.771330,4.255076,-2.406009,-0.107919,1.000000
38957.000000,3.000000,585.000061,588.968323,0.420000,1.787187,-3.000000,-2.600177,-7.960803,2.205930,-2.402487,-0.757448,1.000000
38967.000000,3.000000,585.000061,587.030640,0.420000,1.818635,-3.000000,-2.607484,-8.933853,2.311821,-2.361580,-0.867451,1.000000
38977.000000,3.000000,585.000061,585.060608,0.540000,1.834797,-3.000000,-2.611690,-9.049025,0.321173,-2.324996,-0.294501,1.000000
38987.000000,3.000000,585.000061,582.895752,0.540000,1.844488,-3.000000,-2.608979,-8.346931,1.103351,-2.344776,-0.163982,1.000000
38997.000000,3.000000,585.000061,580.951416,0.540000,1.838319,-3.000000,-2.618471,-8.310376,0.121071,-2.301112,-0.477964,1.000000
39007.000000,3.000000,585.000061,579.029663,0.540000,1.834494,-3.000000,-2.633101,-8.289204,0.533103,-2.205803,0.655409,1.000000
39017.000000,3.000000,585.000061,577.271362,0.540000,1.815458,-3.000000,-2.633562,-8.177726,0.677835,-2.199816,2.214911,1.000000
39027.000000,3.000000,585.000061,574.454285,0.540000,1.819276,-3.000000,-2.624726,-8.175052,2.048991,-2.241483,2.786870,1.000000
39037.000000,3.000000,585.000061,571.630615,0.540000,1.823851,-3.000000,-2.618198,-8.219330,0.902129,-2.290313,2.077015,1.000000
39047.000000,3.000000,585.000061,569.600098,0.540000,1.833530,-3.000000,-2.614486,-8.270866,1.893164,-2.307660,2.303164,1.000000
39057.000000,3.000000,585.000061,567.915527,0.540000,1.859192,-3.000000,-2.598103,-8.424829,2.491843,-2.397943,2.730383,1.000000
39067.000000,3.000000,585.000061,566.338013,0.540000,1.876699,-3.000000,-2.576486,-8.547225,1.295226,-2.525169,3.091382,1.000000
39077.000000,3.000000,585.000061,565.056885,0.540000,1.910156,-3.000000,-2.543445,-8.745340,3.307404,-2.719975,3.804991,1.000000
39087.000000,3.000000,585.000061,563.984558,0.540000,1.918502,-3.000000,-2.507058,-8.819838,0.965885,-2.936504,4.458991,1.000000
39097.000000,3.000000,585.000061,562.573853,0.540000,1.951349,-3.000000,-2.461984,-9.008037,2.581749,-3.190716,4.658552,1.000000
39107.000000,3.000000,585.000061,561.211487,0.540000,1.953293,-3.000000,-2.407517,-9.047945,-0.137808,-3.529079,4.022928,1.000000
39117.000000,3.000000,585.000061,559.747986,0.540000,1.961029,-3.000000,-2.368121,-9.091632,0.313067,-3.765791,3.900110,1.000000
39127.000000,3.000000,585.000061,558.334534,0.540000,1.955760,-3.000000,-2.327776,-9.068046,-0.257257,-4.009882,4.012989,1.000000
39137.000000,3.000000,585.000061,556.978943,0.540000,1.946984,-3.000000,-2.287962,-9.008097,-0.426403,-4.252128,4.059546,1.000000
39147.000000,3.000000,585.000061,556.411560,0.540000,1.944101,-3.000000,-2.275979,-8.990123,0.240517,-4.341624,1.231470,1.000000
39157.000000,3.000000,585.000061,555.831360,0.540000,1.937282,-3.000000,-2.255105,-8.943643,-0.454773,-4.458877,3.026429,1.000000
39167.000000,3.000000,585.000061,554.688538,0.540000,1.936476,-3.000000,-2.252824,-8.944566,0.309837,-4.481592,1.374802,1.000000
39177.000000,3.000000,585.000061,553.505005,0.540000,1.912534,-3.000000,-2.238085,-8.800690,-0.038626,-4.558456,1.152295,1.000000
39187.000000,3.000000,585.000061,552.577881,0.540000,1.895182,-3.000000,-2.217561,-8.680225,0.708957,-4.683230,0.722116,1.000000
39197.000000,3.000000,585.000061,551.724426,0.540000,1.898696,-3.000000,-2.213029,-8.691151,1.255978,-4.721766,-0.084891,1.000000
39207.000000,3.000000,586.500061,550.409851,0.540000,1.897100,-3.000000,-2.210314,-8.686096,0.423552,-4.738016,0.200690,1.000000
39217.000000,3.000000,586.800049,549.546448,0.540000,1.891320,-3.000000,-2.198512,-8.657807,0.359958,-4.798299,0.849605,1.000000
39227.000000,3.000000,586.800049,548.926819,0.540000,1.864296,-3.000000,-2.181034,-8.498414,0.422218,-4.905074,0.394774,1.000000
39237.000000,3.000000,586.800049,548.888611,0.540000,1.841901,-3.000000,-2.156695,-8.339649,0.528570,-5.044328,1.707848,1.000000
39247.000000,3.000000,586.800049,548.907349,0.540000,1.822179,-3.000000,-2.140811,-8.224822,1.819810,-5.142895,0.083242,1.000000
39257.000000,3.000000,586.800049,548.911804,0.540000,1.805791,-3.000000,-2.111347,-8.095153,1.379345,-5.318808,1.059249,1.000000
39267.000000,3.000000,586.800049,548.198181,0.540000,1.809002,-3.000000,-2.113911,-8.127644,2.790449,-5.318378,-0.146799,1.000000
39277.000000,3.000000,586.800049,547.436584,0.540000,1.811099,-3.000000,-2.111874,-8.125967,4.598844,-5.326964,0.208108,1.000000
39287.000000,3.000000,586.800049,547.291748,0.540000,1.831136,-3.000000,-2.106734,-8.244155,5.492173,-5.360453,0.238798,1.000000
39297.000000,3.000000,586.800049,547.292175,0.540000,1.892356,-3.000000,-2.098129,-8.602128,6.948776,-5.397624,0.129985,1.000000
39307.000000,3.000000,586.800049,547.467773,0.540000,1.967948,-3.000000,-2.070037,-9.091036,6.310924,-5.565182,0.664096,1.000000
39317.000000,3.000000,585.300049,547.911377,0.540000,2.076633,-3.000000,-2.016233,-9.762637,8.839620,-5.864018,2.727073,1.000000
39327.000000,3.000000,586.800049,548.143738,0.540000,2.164508,-3.000000,-1.971161,-10.346091,7.021014,-6.147050,0.433394,1.000000
39337.000000,3.000000,586.800049,548.708618,0.540000,2.239428,-3.000000,-1.927119,-10.833495,7.001248,-6.419281,2.543073,1.000000
39347.000000,3.000000,586.800049,549.389038,0.540000,2.293857,-3.000000,-1.911239,-11.196648,8.413748,-6.521314,1.012483,1.000000
39357.000000,3.000000,586.800049,549.995178,0.540000,2.351307,-3.000000,-1.878146,-11.548390,8.612251,-6.714589,1.564889,1.000000
39367.000000,3.000000,586.800049,550.974121,0.540000,2.417226,-3.000000,-1.857966,-11.976488,8.529766,-6.842576,1.326299,1.000000
39377.000000,3.000000,586.800049,552.063049,0.540000,2.481541,-3.000000,-1.848553,-12.378032,7.683820,-6.907309,0.716038,1.000000
39387.000000,3.000000,586.800049,552.877747,0.540000,2.558469,-3.000000,-1.848951,-12.873647,6.363926,-6.910891,-0.533656,1.000000
39397.000000,3.000000,586.800049,553.781555,0.540000,2.605297,-3.000000,-1.869481,-13.198784,4.925154,-6.801931,-1.952146,1.000000
39407.000000,3.000000,586.800049,554.307739,0.540000,2.611314,-3.000000,-1.923546,-13.260413,3.482541,-6.499060,-3.419068,1.000000
39417.000000,3.000000,586.800049,554.723206,0.540000,2.646435,-3.000000,-1.968937,-13.450805,4.512905,-6.205890,-2.985846,1.000000
39427.000000,3.000000,586.800049,555.595154,0.540000,2.649019,-3.000000,-2.023753,-13.501445,-0.087753,-5.892267,-6.088894,1.000000
39437.000000,3.000000,585.300049,556.395386,0.540000,2.656481,-3.000000,-2.073541,-13.548268,0.583810,-5.584917,-6.035730,1.000000
39447.000000,3.000000,586.800049,557.768372,0.540000,2.624507,-3.000000,-2.120869,-13.365705,-2.226438,-5.306225,-5.543052,1.000000
39457.000000,3.000000,585.300049,559.033936,0.540000,2.599424,-3.000000,-2.177132,-13.191981,-2.692802,-4.970731,-5.632673,1.000000
39467.000000,3.000000,585.000061,560.380981,0.540000,2.580537,-3.000000,-2.235840,-13.077481,-4.023676,-4.622013,-6.475055,1.000000
39477.000000,3.000000,585.000061,561.744141,0.540000,2.532942,-3.000000,-2.306960,-12.792244,-6.124585,-4.199275,-5.161764,1.000000
39487.000000,3.000000,586.500061,563.066040,0.540000,2.447520,-3.000000,-2.406441,-12.284484,-6.195672,-3.627322,-6.675972,1.000000
39497.000000,3.000000,585.000061,564.692566,0.540000,2.321726,-3.000000,-2.486748,-11.475516,-5.505293,-3.121284,-3.033866,1.000000
39507.000000,3.000000,585.000061,566.303772,0.540000,2.257884,-3.000000,-2.553443,-11.018018,-4.450011,-2.707339,-5.097591,1.000000
39517.000000,3.000000,586.500061,567.985168,0.540000,2.226723,-3.000000,-2.574558,-10.816383,-4.741584,-2.563006,-3.592963,1.000000
39527.000000,3.000000,586.800049,569.833618,0.540000,2.196966,-3.000000,-2.591650,-10.623576,-4.272722,-2.458197,-2.316906,1.000000
39537.000000,3.000000,586.800049,572.109009,0.540000,2.166853,-3.000000,-2.622175,-10.434839,-4.088927,-2.286698,-2.298268,1.000000
39547.000000,3.000000,586.800049,573.519958,0.540000,2.115089,-3.000000,-2.647552,-10.111031,-4.066237,-2.129796,-1.379414,1.000000
39557.000000,3.000000,586.800049,575.239075,0.540000,2.087197,-3.000000,-2.649585,-9.920885,-3.309107,-2.106055,-0.825666,1.000000
39567.000000,3.000000,585.300049,576.966187,0.540000,2.054960,-3.000000,-2.659617,-9.712741,-3.658616,-2.045350,-1.227822,1.000000
39577.000000,3.000000,585.000061,578.406555,0.540000,2.026711,-3.000000,-2.670453,-9.539993,-4.377098,-1.986277,-1.781843,1.000000
39587.000000,3.000000,585.000061,579.787659,0.540000,1.976804,-3.000000,-2.676975,-9.232470,-4.382377,-1.949056,0.335556,1.000000
39597.000000,3.000000,585.000061,581.277100,0.540000,1.932839,-3.000000,-2.700321,-8.936988,-3.679167,-1.806983,-0.593579,1.000000
39607.000000,3.000000,585.000061,583.573486,0.540000,1.890288,-3.000000,-2.701910,-8.670068,-4.459594,-1.790700,-0.556195,1.000000
39617.000000,3.000000,585.000061,585.196045,0.540000,1.840807,-3.000000,-2.703644,-8.359423,-4.465062,-1.775223,-0.712582,1.000000
39627.000000,3.000000,585.000061,586.575623,0.540000,1.787073,-3.000000,-2.693509,-8.019113,-3.803789,-1.833183,-0.245811,1.000000
39637.000000,3.000000,585.000061,587.272034,0.540000,1.741892,-3.000000,-2.682742,-7.720473,-3.817322,-1.895031,-0.066233,1.000000
39647.000000,3.000000,585.000061,588.826416,0.540000,1.674974,-3.000000,-2.680537,-7.318167,-4.156906,-1.917878,-0.413203,1.000000
39657.000000,3.000000,585.000061,591.276184,0.540000,1.574802,-3.000000,-2.676239,-6.681461,-3.966127,-1.940808,1.202921,1.000000
39667.000000,3.000000,585.000061,592.790466,0.540000,1.533791,-3.000000,-2.660382,-6.375077,-2.461472,-2.026613,2.141983,1.000000
39677.000000,3.000000,585.000061,594.418335,0.540000,1.499945,-3.000000,-2.651902,-6.161678,-4.383549,-2.085822,1.201973,1.000000
39687.000000,3.000000,585.000061,595.973633,0.540000,1.488624,-3.000000,-2.650242,-6.076345,-3.019115,-2.100496,0.272579,1.000000
39697.000000,3.000000,585.000061,598.855469,0.540000,1.454945,-3.000000,-2.641565,-5.882680,-4.807902,-2.143722,1.328699,1.000000
39707.000000,3.000000,585.000061,600.898560,0.540000,1.420939,-3.000000,-2.632534,-5.659371,-3.836987,-2.197299,0.939402,1.000000
39717.000000,3.000000,585.000061,602.689026,0.540000,1.390528,-3.000000,-2.630681,-5.459590,-3.605944,-2.217593,1.061597,1.000000
39727.000000,3.000000,585.000061,603.920105,0.540000,1.367474,-3.000000,-2.638391,-5.312561,-4.258425,-2.173541,0.562810,1.000000
39737.000000,3.000000,585.000061,604.801270,0.540000,1.336806,-3.000000,-2.645980,-5.122522,-3.316343,-2.129371,-0.600869,1.000000
39747.000000,3.000000,585.000061,605.659119,0.540000,1.282559,-3.000000,-2.640224,-4.790918,-4.407459,-2.152426,0.270934,1.000000
39757.000000,3.000000,585.000061,606.345520,0.540000,1.229731,-3.000000,-2.637724,-4.450665,-2.340190,-2.172482,-0.878542,1.000000
39767.000000,3.000000,585.000061,607.667908,0.540000,1.160395,-3.000000,-2.632236,-4.011307,-3.491474,-2.204146,-0.379562,1.000000
39777.000000,3.000000,585.000061,609.215515,0.540000,1.098631,-3.000000,-2.632684,-3.615202,-2.989940,-2.202979,-1.148265,1.000000
39787.000000,3.000000,585.000061,610.490295,0.540000,1.047992,-3.000000,-2.638345,-3.276758,-3.038445,-2.178258,-1.184268,1.000000
39797.000000,3.000000,585.000061,611.707092,0.540000,1.042075,-3.000000,-2.644438,-3.205772,-1.724183,-2.131770,-0.379017,1.000000
39807.000000,3.000000,585.000061,612.976685,0.540000,1.035109,-3.000000,-2.647214,-3.171908,-3.134651,-2.120693,-0.630398,1.000000
39817.000000,3.000000,585.000061,613.805359,0.540000,1.055344,-3.000000,-2.660506,-3.287292,-0.935315,-2.040527,-1.016531,1.000000
39827.000000,3.000000,585.000061,614.513367,0.540000,1.041404,-3.000000,-2.672813,-3.217673,-2.272624,-1.975132,-0.954496,1.000000
39837.000000,3.000000,585.000061,615.347229,0.540000,1.061708,-3.000000,-2.695303,-3.320351,-0.173286,-1.841525,-1.106129,1.000000
39847.000000,3.000000,585.000061,616.315002,0.540000,1.073945,-3.000000,-2.707151,-3.409648,-1.426234,-1.761970,0.158695,1.000000
39857.000000,3.000000,585.000061,617.108582,0.540000,1.078943,-3.000000,-2.726624,-3.453838,-0.184431,-1.652218,-0.810011,1.000000
39867.000000,3.000000,585.000061,617.978394,0.540000,1.052604,-3.000000,-2.742920,-3.298466,-0.132668,-1.549726,-0.016134,1.000000
39877.000000,3.000000,585.000061,618.558533,0.540000,1.035436,-3.000000,-2.740813,-3.179386,-1.366720,-1.548283,0.891654,1.000000
39887.000000,3.000000,585.000061,618.902039,0.540000,1.034975,-3.000000,-2.730335,-3.161208,0.873993,-1.612756,0.660991,1.000000
39897.000000,3.000000,585.000061,619.470154,0.540000,1.050600,-3.000000,-2.723090,-3.256389,-2.241292,-1.658885,1.739620,1.000000
39907.000000,3.000000,585.000061,619.936401,0.540000,1.070096,-3.000000,-2.733682,-3.389626,0.398578,-1.605374,1.065512,1.000000
39917.000000,3.000000,585.000061,620.115112,0.540000,1.059223,-3.000000,-2.730895,-3.326287,-1.092471,-1.608441,2.272917,1.000000
39927.000000,3.000000,585.000061,620.458862,0.540000,1.053348,-3.000000,-2.716496,-3.293707,-0.425941,-1.690352,2.592829,1.000000
39937.000000,3.000000,585.000061,620.600586,0.540000,1.040749,-3.000000,-2.687306,-3.206599,-1.608183,-1.855385,3.037568,1.000000
39947.000000,3.000000,585.000061,620.806335,0.540000,1.046309,-3.000000,-2.651586,-3.234468,-0.867568,-2.065803,3.496116,1.000000
39957.000000,3.000000,585.000061,621.322632,0.540000,1.031954,-3.000000,-2.625239,-3.160780,-2.693460,-2.241127,2.670957,1.000000
39967.000000,3.000000,585.000061,621.203735,0.540000,1.019966,-3.000000,-2.617683,-3.086011,-0.663003,-2.288056,2.527478,1.000000
39977.000000,3.000000,585.000061,621.608093,0.540000,0.966953,-3.000000,-2.593299,-2.760314,-3.171518,-2.423595,3.159743,1.000000
39987.000000,3.000000,585.000061,621.639221,0.540000,0.947246,-3.000000,-2.565604,-2.620314,-1.887221,-2.587672,2.580034,1.000000
39997.000000,3.000000,585.000061,621.650024,0.540000,0.912719,-3.000000,-2.535063,-2.407375,-3.435090,-2.771493,2.982771,1.000000
40007.000000,3.000000,585.000061,621.546692,0.540000,0.884061,-3.000000,-2.506277,-2.218624,-2.192606,-2.945323,2.504786,1.000000
40017.000000,3.000000,585.000061,621.184509,0.540000,0.827539,-3.000000,-2.479440,-1.877864,-4.874936,-3.105768,2.349806,1.000000
40027.000000,3.000000,585.000061,620.944275,0.540000,0.782789,-3.000000,-2.448396,-1.581993,-3.205913,-3.293930,1.602683,1.000000
40037.000000,3.000000,585.000061,621.022461,0.540000,0.744167,-3.000000,-2.426060,-1.325462,-2.650897,-3.431535,1.950109,1.000000
40047.000000,3.000000,585.000061,620.600952,0.540000,0.723193,-3.000000,-2.414412,-1.191668,-4.234079,-3.504918,1.998581,1.000000
40057.000000,3.000000,585.000061,619.679810,0.540000,0.700714,-3.000000,-2.413796,-1.042048,-2.669591,-3.516596,0.962859,1.000000
40067.000000,3.000000,585.000061,618.595032,0.540000,0.665768,-3.000000,-2.408395,-0.828206,-4.427679,-3.543398,0.990465,1.000000
40077.000000,3.000000,585.000061,617.810120,0.540000,0.627981,-3.000000,-2.389679,-0.594307,-4.162777,-3.648203,0.829972,1.000000
40087.000000,3.000000,585.000061,616.931091,0.540000,0.566230,-3.000000,-2.362509,-0.205354,-5.800874,-3.808685,1.257988,1.000000
40097.000000,3.000000,585.000061,616.187378,0.540000,0.521095,-3.000000,-2.342519,0.090718,-4.498157,-3.936257,0.786127,1.000000
40107.000000,3.000000,585.000061,615.792480,0.540000,0.459790,-3.000000,-2.330441,0.478017,-5.116645,-4.016583,0.452753,1.000000
40117.000000,3.000000,585.000061,615.176331,0.540000,0.419235,-3.000000,-2.322228,0.743477,-4.187530,-4.055433,-0.085767,1.000000
40127.000000,3.000000,585.000061,614.813416,0.540000,0.364987,-3.000000,-2.306540,1.084650,-5.258135,-4.154119,0.222070,1.000000
40137.000000,3.000000,585.000061,614.090149,0.540000,0.342245,-3.000000,-2.310311,1.250618,-3.764236,-4.142550,-0.627955,1.000000
40147.000000,3.000000,585.000061,613.467834,0.540000,0.308395,-3.000000,-2.333992,1.462325,-4.508718,-4.019926,-0.281228,1.000000
40157.000000,3.000000,585.000061,613.026306,0.540000,0.288818,-3.000000,-2.377069,1.596601,-4.144656,-3.761710,-0.861733,1.000000
40167.000000,3.000000,585.000061,612.376648,0.540000,0.261222,-3.000000,-2.395560,1.763790,-3.626545,-3.629461,-0.226450,1.000000
40177.000000,3.000000,585.000061,610.839661,0.540000,0.230621,-3.000000,-2.401182,1.963925,-3.716974,-3.594539,-0.362500,1.000000
40187.000000,3.000000,585.000061,608.982727,0.540000,0.224169,-3.000000,-2.405574,2.019638,-2.235295,-3.571265,-0.943499,1.000000
40197.000000,3.000000,585.000061,607.398987,0.540000,0.215856,-3.000000,-2.402995,2.076624,-3.505749,-3.577651,-0.375379,1.000000
40207.000000,3.000000,585.000061,605.677246,0.540000,0.233332,-3.000000,-2.414893,1.974328,-0.686152,-3.518605,-2.125942,1.000000
40217.000000,3.000000,585.000061,603.950989,0.540000,0.215101,-3.000000,-2.419689,2.067139,-3.744522,-3.484684,0.282451,1.000000
40227.000000,3.000000,585.000061,602.836975,0.540000,0.200404,-3.000000,-2.426145,2.153743,-1.092444,-3.446471,0.128536,1.000000
40237.000000,3.000000,585.000061,602.029175,0.540000,0.166299,-3.000000,-2.420867,2.378683,-1.567837,-3.468979,1.157591,1.000000
40247.000000,3.000000,585.000061,600.854553,0.540000,0.177753,-3.000000,-2.406279,2.337748,-0.170833,-3.547543,-1.003747,1.000000
40257.000000,3.000000,585.000061,598.810608,0.540000,0.208032,-3.000000,-2.377495,2.142608,-0.572361,-3.724388,-0.195183,1.000000
40267.000000,3.000000,585.000061,596.778931,0.540000,0.242162,-3.000000,-2.375157,1.926362,0.080430,-3.752353,-1.874879,1.000000
40277.000000,3.000000,585.000061,595.759521,0.540000,0.283860,-3.000000,-2.394800,1.661926,0.857190,-3.642892,-2.884712,1.000000
40287.000000,3.000000,585.000061,594.739014,0.540000,0.293863,-3.000000,-2.416931,1.579212,0.130493,-3.507078,-1.022735,1.000000
40297.000000,3.000000,585.000061,593.886658,0.540000,0.300472,-3.000000,-2.440537,1.533914,2.032740,-3.371621,-2.397738,1.000000
40307.000000,3.000000,585.000061,593.030151,0.540000,0.313252,-3.000000,-2.448201,1.470675,1.075251,-3.311135,-1.155349,1.000000
40317.000000,3.000000,585.000061,592.330261,0.540000,0.351331,-3.000000,-2.450098,1.229456,1.359794,-3.296268,-2.197645,1.000000
40327.000000,3.000000,585.000061,590.716553,0.540000,0.371463,-3.000000,-2.449310,1.090949,-0.253163,-3.310133,-1.267267,1.000000
40337.000000,3.000000,585.000061,589.195007,0.540000,0.401732,-3.000000,-2.460876,0.904130,0.250673,-3.241440,-1.767442,1.000000
40347.000000,3.000000,585.000061,587.729614,0.540000,0.424107,-3.000000,-2.468697,0.752893,-0.544903,-3.189036,-0.780028,1.000000
40357.000000,3.000000,585.000061,586.230835,0.540000,0.432430,-3.000000,-2.486671,0.687364,-1.799176,-3.097090,-1.630857,1.000000
40367.000000,3.000000,585.000061,585.248535,0.540000,0.429681,-3.000000,-2.516240,0.707272,-0.428041,-2.924561,-2.514045,1.000000
40377.000000,3.000000,585.000061,584.351746,0.540000,0.426223,-3.000000,-2.532582,0.724429,-3.137308,-2.810301,-0.085116,1.000000
40387.000000,3.000000,585.000061,583.083435,0.540000,0.427752,-3.000000,-2.566259,0.716337,-0.882039,-2.621837,-1.889496,1.000000
40397.000000,3.000000,585.000061,582.030029,0.540000,0.408367,-3.000000,-2.585640,0.829704,-2.417253,-2.505821,0.801107,1.000000
40407.000000,3.000000,585.000061,580.764404,0.540000,0.395269,-3.000000,-2.607896,0.916515,-0.998468,-2.356090,1.203745,1.000000
40417.000000,3.000000,585.000061,579.712097,0.540000,0.376777,-3.000000,-2.611485,1.036772,-1.334400,-2.331081,1.041196,1.000000
40427.000000,3.000000,585.000061,578.913025,0.540000,0.377712,-3.000000,-2.608813,1.046246,-0.779719,-2.344859,0.574505,1.000000
40437.000000,3.000000,585.000061,577.942810,0.420000,0.408302,-3.000000,-2.601804,0.864645,0.230052,-2.381568,0.463290,1.000000
40447.000000,3.000000,585.000061,576.753662,0.540000,0.422061,-3.000000,-2.602181,-0.006412,-0.297966,-2.388940,-0.180593,1.000000
40457.000000,3.000000,585.000061,575.674988,0.540000,0.440687,-3.000000,-2.618048,0.648935,2.005691,-2.299992,-0.880139,1.000000
40467.000000,3.000000,585.000061,574.356201,0.540000,0.434651,-3.000000,-2.617593,0.668986,-0.496109,-2.292209,0.459747,1.000000
40477.000000,3.000000,585.000061,572.744080,0.540000,0.465763,-3.000000,-2.615088,0.505084,3.152877,-2.302646,0.019192,1.000000
40487.000000,3.000000,585.000061,571.494507,0.540000,0.487754,-3.000000,-2.597720,0.350409,0.153506,-2.407525,0.988015,1.000000
40497.000000,3.000000,585.000061,570.462341,0.540000,0.536366,-3.000000,-2.590944,0.051732,2.380235,-2.450662,1.089184,1.000000
40507.000000,3.000000,585.000061,569.411621,0.540000,0.569989,-3.000000,-2.588263,-0.171189,1.694009,-2.471596,1.270943,1.000000
40517.000000,3.000000,585.000061,568.360840,0.540000,0.597608,-3.000000,-2.592845,-0.352864,2.116597,-2.446162,0.829086,1.000000
40527.000000,3.000000,585.000061,567.605835,0.540000,0.620495,-3.000000,-2.587016,-0.505239,2.459841,-2.472126,0.668348,1.000000
40537.000000,3.000000,585.000061,567.087036,0.540000,0.624325,-3.000000,-2.574009,-0.539095,1.230381,-2.549253,0.562378,1.000000
40547.000000,3.000000,585.000061,566.435852,0.540000,0.641290,-3.000000,-2.580343,-0.638891,3.210321,-2.526542,-0.472911,1.000000
40557.000000,3.000000,585.000061,565.938843,0.540000,0.627503,-3.000000,-2.588118,-0.570723,1.231496,-2.475537,0.593575,1.000000
40567.000000,3.000000,585.000061,565.362427,0.540000,0.630533,-3.000000,-2.586013,-0.576303,3.210442,-2.474496,0.128799,1.000000
40577.000000,3.000000,585.000061,564.927673,0.540000,0.624917,-3.000000,-2.577255,-0.543665,2.937618,-2.532284,-0.608712,1.000000
40587.000000,3.000000,585.000061,564.384155,0.540000,0.645547,-3.000000,-2.571778,-0.657642,2.181051,-2.568069,-0.132983,1.000000
40597.000000,3.000000,585.000061,563.650696,0.540000,0.678009,-3.000000,-2.589739,-0.864395,2.580384,-2.471482,-1.088681,1.000000
40607.000000,3.000000,585.000061,562.971008,0.540000,0.696814,-3.000000,-2.589512,-0.988025,1.046420,-2.461257,0.851864,1.000000
40617.000000,3.000000,585.000061,562.596313,0.540000,0.729031,-3.000000,-2.586673,-1.191914,2.376990,-2.480225,-0.149681,1.000000
40627.000000,3.000000,585.000061,562.439453,0.540000,0.742722,-3.000000,-2.576586,-1.288967,0.362824,-2.534110,0.550323,1.000000
40637.000000,3.000000,585.000061,562.059326,0.540000,0.757414,-3.000000,-2.582169,-1.386979,0.654602,-2.513261,-0.999461,1.000000
40647.000000,3.000000,585.000061,562.059631,0.540000,0.747297,-3.000000,-2.578321,-1.332502,-2.423370,-2.533131,1.062974,1.000000
40657.000000,3.000000,585.000061,562.098145,0.540000,0.751364,-3.000000,-2.598567,-1.346171,-2.050879,-2.419378,0.317941,1.000000
40667.000000,3.000000,585.000061,560.864197,0.540000,0.744537,-3.000000,-2.610050,-1.322886,-2.942288,-2.344809,-0.135601,1.000000
40677.000000,3.000000,585.000061,560.474670,0.540000,0.708331,-3.000000,-2.603823,-1.101881,-3.367933,-2.368316,-0.076294,1.000000
40687.000000,3.000000,585.000061,560.742126,0.540000,0.675397,-3.000000,-2.590753,-0.894821,-3.982693,-2.448237,-0.619806,1.000000
40697.000000,3.000000,585.000061,561.020996,0.540000,0.619241,-3.000000,-2.581314,-0.546195,-4.743168,-2.507835,-0.668761,1.000000
40707.000000,3.000000,585.000061,560.676453,0.540000,0.558691,-3.000000,-2.574507,-0.161481,-5.002527,-2.551918,-0.792392,1.000000
40717.000000,3.000000,585.000061,560.543518,0.540000,0.466531,-3.000000,-2.580254,0.399260,-5.248604,-2.520870,-1.502757,1.000000
40727.000000,3.000000,585.000061,561.090332,0.540000,0.380094,-3.000000,-2.579134,0.979564,-5.248730,-2.524527,-2.485087,1.000000
40737.000000,3.000000,585.000061,561.438049,0.540000,0.316510,-3.000000,-2.592719,1.391317,-5.400983,-2.459600,-3.398015,1.000000
40747.000000,3.000000,585.000061,561.478210,0.540000,0.252334,-3.000000,-2.617363,1.798895,-8.061642,-2.313070,-3.527938,1.000000
40757.000000,3.000000,585.000061,561.425293,0.540000,0.193625,-3.000000,-2.658339,2.173582,-7.375221,-2.076283,-4.308554,1.000000
40767.000000,3.000000,585.000061,561.125244,0.540000,0.109813,-3.000000,-2.703852,2.703053,-8.861364,-1.805939,-4.627576,1.000000
40777.000000,3.000000,585.000061,560.891907,0.540000,0.052517,-3.000000,-2.749166,3.083715,-8.686531,-1.529606,-4.670936,1.000000
40787.000000,3.000000,585.000061,561.126160,0.540000,-0.005093,-3.000000,-2.795352,3.456266,-10.226417,-1.256431,-5.674845,1.000000
40797.000000,3.000000,585.000061,561.557495,0.540000,-0.040743,-3.000000,-2.838481,3.682113,-9.999962,-0.995011,-5.367213,1.000000
40807.000000,3.000000,585.000061,561.729126,0.540000,-0.132317,-3.000000,-2.895430,4.234115,-11.004474,-0.663683,-6.136955,1.000000
40817.000000,3.000000,585.000061,562.328918,0.540000,-0.232924,-3.000000,-2.947084,4.887153,-10.449732,-0.346896,-5.130372,1.000000
40827.000000,3.000000,585.000061,562.111816,0.540000,-0.334815,-3.000000,-3.009116,5.530361,-10.460052,0.015862,-6.499890,1.000000
40837.000000,3.000000,585.000061,562.698975,0.540000,-0.428367,-3.000000,-3.079107,6.149431,-10.094927,0.425619,-6.312064,1.000000
40847.000000,3.000000,585.000061,563.722412,0.540000,-0.494558,-3.000000,-3.171014,6.574634,-9.585676,0.968672,-7.995433,1.000000
40857.000000,3.000000,585.000061,564.704407,0.540000,-0.587026,-3.000000,-3.246805,7.149349,-10.164860,1.441096,-7.518486,1.000000
40867.000000,3.000000,585.000061,564.422424,0.540000,-0.687795,-3.000000,-3.323438,7.786708,-8.701679,1.895747,-8.001573,1.000000
40877.000000,3.000000,585.000061,565.151001,0.540000,-0.814853,-3.000000,-3.398909,8.594604,-9.703754,2.345424,-7.602301,1.000000
40887.000000,3.000000,585.000061,566.128784,0.420000,-0.887603,-3.000000,-3.473846,9.104054,-6.335871,2.799850,-6.542597,1.000000
40897.000000,3.000000,585.000061,567.351563,0.420000,-0.960665,-3.000000,-3.541039,8.790278,-7.147603,3.210395,-6.061149,1.000000
40907.000000,3.000000,585.000061,567.631348,0.420000,-1.015413,-3.000000,-3.593267,9.152972,-6.696961,3.530296,-5.391700,1.000000
40917.000000,3.000000,585.000061,568.268555,0.420000,-1.059326,-3.000000,-3.637000,9.444964,-5.700124,3.801061,-4.722853,1.000000
40927.000000,3.000000,585.000061,569.591064,0.420000,-1.093730,-3.000000,-3.664427,9.670707,-6.015038,3.972568,-3.786071,1.000000
40937.000000,3.000000,585.000061,570.918640,0.420000,-1.125473,-3.000000,-3.692082,9.862608,-4.985874,4.136474,-3.578824,1.000000
40947.000000,3.000000,585.000061,572.026917,0.420000,-1.179356,-3.000000,-3.715993,10.198321,-5.071597,4.284808,-2.942973,1.000000
40957.000000,3.000000,585.000061,573.003967,0.420000,-1.218751,-3.000000,-3.732842,10.464807,-2.782818,4.386028,-2.534364,1.000000
40967.000000,3.000000,585.000061,573.961426,0.420000,-1.255048,-3.000000,-3.736168,10.702803,-4.487235,4.417847,-0.451971,1.000000
40977.000000,3.000000,585.000061,575.339355,0.420000,-1.250783,-3.000000,-3.743665,10.703834,-2.523612,4.458913,-1.345361,1.000000
40987.000000,3.000000,585.000061,576.178589,0.420000,-1.251520,-3.000000,-3.741348,10.695700,-4.050787,4.450095,-0.366442,1.000000
40997.000000,3.000000,585.000061,577.172058,0.420000,-1.233249,-3.000000,-3.738339,10.592349,-2.267310,4.434319,-0.921073,1.000000
41007.000000,3.000000,585.000061,578.183350,0.420000,-1.232850,-3.000000,-3.722041,10.575851,-2.841207,4.345439,0.091798,1.000000
41017.000000,3.000000,585.000061,579.030823,0.420000,-1.220318,-3.000000,-3.702948,10.503440,-1.520157,4.224225,0.137028,1.000000
41027.000000,3.000000,585.000061,579.253479,0.420000,-1.232530,-3.000000,-3.704277,10.565715,-1.892556,4.223343,-0.372472,1.000000
41037.000000,3.000000,585.000061,579.578430,0.420000,-1.233318,-3.000000,-3.706612,10.586847,-0.847578,4.238050,0.081211,1.000000
41047.000000,3.000000,585.000061,579.927185,0.540000,-1.222385,-3.000000,-3.712266,10.513741,-0.385637,4.268469,0.754476,1.000000
41057.000000,3.000000,586.500061,580.685425,0.540000,-1.213415,-3.000000,-3.720495,11.228907,-0.673532,4.320725,0.502982,1.000000
41067.000000,3.000000,586.800049,581.274658,0.540000,-1.202720,-3.000000,-3.724934,11.159123,0.562763,4.347857,-0.112967,1.000000
41077.000000,3.000000,586.800049,581.855469,0.540000,-1.184011,-3.000000,-3.733842,11.057155,1.151382,4.395351,-0.067742,1.000000
41087.000000,3.000000,586.800049,582.504822,0.540000,-1.137756,-3.000000,-3.740591,10.767008,1.898298,4.442352,-0.104592,1.000000
41097.000000,3.000000,585.300049,583.249268,0.540000,-1.096757,-3.000000,-3.728138,10.504199,2.129122,4.376347,0.717588,1.000000
41107.000000,3.000000,585.000061,584.165405,0.540000,-1.050182,-3.000000,-3.712261,10.209646,4.242318,4.283782,0.052586,1.000000
41117.000000,3.000000,585.000061,585.126160,0.540000,-1.025361,-3.000000,-3.686574,10.031774,1.846350,4.135293,0.478346,1.000000
41127.000000,3.000000,585.000061,586.053284,0.540000,-0.992008,-3.000000,-3.655528,9.823685,4.150929,3.955772,-0.073099,1.000000
41137.000000,3.000000,585.000061,587.131165,0.540000,-0.960822,-3.000000,-3.613286,9.631861,4.002331,3.697615,1.248767,1.000000
41147.000000,3.000000,585.000061,588.321533,0.540000,-0.900811,-3.000000,-3.586651,9.264977,5.618021,3.535183,1.748050,1.000000
41157.000000,3.000000,585.000061,589.613953,0.540000,-0.855504,-3.000000,-3.557086,8.959812,4.291753,3.363383,1.524964,1.000000
41167.000000,3.000000,585.000061,590.726440,0.540000,-0.786460,-3.000000,-3.520509,8.538155,6.163100,3.147497,2.039874,1.000000
41177.000000,3.000000,585.000061,591.888611,0.540000,-0.721537,-3.000000,-3.499847,8.113663,6.116154,3.003469,1.491935,1.000000
41187.000000,3.000000,585.000061,592.742615,0.540000,-0.638691,-3.000000,-3.506708,7.600159,6.077557,3.035604,2.099278,1.000000
41197.000000,3.000000,585.000061,593.555847,0.540000,-0.564128,-3.000000,-3.514113,7.112740,6.386270,3.083588,2.040759,1.000000
41207.000000,3.000000,585.000061,594.543945,0.540000,-0.480302,-3.000000,-3.505291,6.580608,6.795475,3.042951,1.804816,1.000000
41217.000000,3.000000,585.000061,595.695923,0.540000,-0.425856,-3.000000,-3.480677,6.207282,6.359675,2.900712,2.238216,1.000000
41227.000000,3.000000,585.000061,596.643616,0.540000,-0.378676,-3.000000,-3.454685,5.912580,7.062371,2.743628,1.881682,1.000000
41237.000000,3.000000,585.000061,597.580383,0.540000,-0.338373,-3.000000,-3.428741,5.645069,7.111893,2.587807,2.009914,1.000000
41247.000000,3.000000,585.000061,598.002197,0.540000,-0.289327,-3.000000,-3.403584,5.347343,7.569801,2.437260,1.666510,1.000000
41257.000000,3.000000,585.000061,598.555542,0.540000,-0.232597,-3.000000,-3.385317,4.979314,7.395243,2.320059,1.010805,1.000000
41267.000000,3.000000,585.000061,599.129272,0.540000,-0.168074,-3.000000,-3.375438,4.576899,7.611560,2.257213,0.898501,1.000000
41277.000000,3.000000,585.000061,599.879517,0.540000,-0.089958,-3.000000,-3.376437,4.085576,9.212528,2.253765,0.346207,1.000000
41287.000000,3.000000,585.000061,599.975342,0.540000,-0.002608,-3.000000,-3.374078,3.532096,7.937828,2.248793,0.182129,1.000000
41297.000000,3.000000,585.000061,599.777649,0.540000,0.098518,-3.000000,-3.374141,2.889911,9.815620,2.242882,-0.042320,1.000000
41307.000000,3.000000,585.000061,599.932312,0.540000,0.185461,-3.000000,-3.374376,2.325412,8.523010,2.245554,-0.049809,1.000000
41317.000000,3.000000,585.000061,600.338989,0.540000,0.270934,-3.000000,-3.374836,1.772894,8.909637,2.249635,-0.289350,1.000000
41327.000000,3.000000,585.000061,600.819519,0.540000,0.346990,-3.000000,-3.365904,1.284889,7.969862,2.199190,-0.667340,1.000000
41337.000000,3.000000,585.000061,601.356323,0.540000,0.428603,-3.000000,-3.353890,0.761972,8.383346,2.131794,-0.735896,1.000000
41347.000000,3.000000,585.000061,601.934937,0.540000,0.490310,-3.000000,-3.336072,0.356390,7.016114,2.026947,-0.771331,1.000000
41357.000000,3.000000,585.000061,602.401733,0.540000,0.567125,-3.000000,-3.330436,-0.122390,8.399313,1.977708,-1.039793,1.000000
41367.000000,3.000000,585.000061,602.407227,0.540000,0.649937,-3.000000,-3.340541,-0.644332,6.496031,2.032129,-1.532536,1.000000
41377.000000,3.000000,585.000061,602.712402,0.540000,0.752523,-3.000000,-3.372772,-1.291295,7.617746,2.212794,-1.999159,1.000000
41387.000000,3.000000,585.000061,602.902893,0.540000,0.850745,-3.000000,-3.413747,-1.928930,5.767998,2.458742,-2.286591,1.000000
41397.000000,3.000000,585.000061,603.619141,0.540000,0.945782,-3.000000,-3.456856,-2.538966,6.617249,2.714624,-1.856894,1.000000
41407.000000,3.000000,585.000061,603.744446,0.540000,1.018505,-3.000000,-3.489963,-3.023897,5.224426,2.925031,-1.631847,1.000000
41417.000000,3.000000,585.000061,603.741943,0.540000,1.081526,-3.000000,-3.512026,-3.428237,5.360458,3.058815,-1.321878,1.000000
41427.000000,3.000000,585.000061,602.563049,0.540000,1.126634,-3.000000,-3.525896,-3.727823,4.793711,3.152305,-1.338708,1.000000
41437.000000,3.000000,585.000061,601.613586,0.540000,1.175029,-3.000000,-3.527773,-4.026628,6.073906,3.166826,-0.392208,1.000000
41447.000000,3.000000,585.000061,601.317078,0.540000,1.226732,-3.000000,-3.529284,-4.365448,4.400823,3.176858,-0.993986,1.000000
41457.000000,3.000000,585.000061,601.165405,0.540000,1.270241,-3.000000,-3.525411,-4.647112,4.003413,3.153232,0.444824,1.000000
41467.000000,3.000000,585.000061,600.645630,0.540000,1.318923,-3.000000,-3.529222,-4.949510,3.526949,3.171129,0.433960,1.000000
41477.000000,3.000000,585.000061,600.215698,0.540000,1.353088,-3.000000,-3.531584,-5.188938,2.225410,3.188770,1.027129,1.000000
41487.000000,3.000000,585.000061,599.863770,0.540000,1.376832,-3.000000,-3.523179,-5.343824,2.010242,3.149078,1.772375,1.000000
41497.000000,3.000000,585.000061,599.584717,0.540000,1.407741,-3.000000,-3.504792,-5.531260,2.443139,3.037160,2.260360,1.000000
41507.000000,3.000000,585.000061,599.170715,0.540000,1.447101,-3.000000,-3.490284,-5.778883,1.920893,2.952108,2.517596,1.000000
41517.000000,3.000000,585.000061,597.825378,0.540000,1.476423,-3.000000,-3.472690,-5.975463,2.392166,2.846858,2.567811,1.000000
41527.000000,3.000000,585.000061,596.554077,0.540000,1.489710,-3.000000,-3.433445,-6.077058,0.490376,2.628086,3.600251,1.000000
41537.000000,3.000000,585.000061,595.874939,0.540000,1.491456,-3.000000,-3.400578,-6.089674,1.505842,2.420267,3.008639,1.000000
41547.000000,3.000000,585.000061,595.203857,0.540000,1.484599,-3.000000,-3.362521,-6.051226,0.139531,2.198575,4.258743,1.000000
41557.000000,3.000000,585.000061,594.540955,0.540000,1.469747,-3.000000,-3.328328,-5.962376,-0.014134,1.994004,4.037300,1.000000
41567.000000,3.000000,585.000061,593.595886,0.540000,1.451784,-3.000000,-3.284240,-5.844835,-0.698044,1.734720,4.998734,1.000000
41577.000000,3.000000,585.000061,592.370544,0.540000,1.449856,-3.000000,-3.248522,-5.825667,0.496921,1.511570,4.812747,1.000000
41587.000000,3.000000,585.000061,591.666992,0.540000,1.449314,-3.000000,-3.215466,-5.820104,-1.010713,1.313291,5.471394,1.000000
41597.000000,3.000000,585.000061,591.141174,0.540000,1.452439,-3.000000,-3.181038,-5.839388,0.525460,1.110493,5.693783,1.000000
41607.000000,3.000000,585.000061,590.511108,0.540000,1.433944,-3.000000,-3.133819,-5.733830,-2.392706,0.835520,5.529951,1.000000
41617.000000,3.000000,585.000061,589.471130,0.540000,1.419541,-3.000000,-3.080386,-5.646726,-1.097518,0.514415,5.385756,1.000000
41627.000000,3.000000,585.000061,588.242188,0.540000,1.372938,-3.000000,-3.027338,-5.364202,-4.231273,0.198094,5.246789,1.000000
41637.000000,3.000000,585.000061,587.013855,0.420000,1.323572,-3.000000,-2.983284,-5.055067,-3.456566,-0.078323,4.118018,1.000000
41647.000000,3.000000,585.000061,585.888733,0.540000,1.255190,-3.000000,-2.941498,-5.383039,-5.157188,-0.324015,5.000024,1.000000
41657.000000,3.000000,585.000061,584.729797,0.540000,1.216588,-3.000000,-2.897655,-4.356589,-3.865968,-0.587256,4.586869,1.000000
41667.000000,3.000000,585.000061,583.669434,0.540000,1.155210,-3.000000,-2.849701,-3.977650,-5.925937,-0.873327,4.019580,1.000000
41677.000000,3.000000,585.000061,582.757263,0.540000,1.104102,-3.000000,-2.801719,-3.641840,-5.224097,-1.157627,3.900537,1.000000
41687.000000,3.000000,585.000061,582.117676,0.540000,1.050857,-3.000000,-2.739801,-3.291799,-7.239502,-1.529148,4.514653,1.000000
41697.000000,3.000000,585.000061,580.779419,0.540000,1.035371,-3.000000,-2.702587,-3.187878,-4.632945,-1.764650,2.928002,1.000000
41707.000000,3.000000,585.000061,579.765442,0.540000,0.970243,-3.000000,-2.662089,-2.794829,-7.539039,-2.007616,3.754360,1.000000
41717.000000,3.000000,585.000061,578.914673,0.540000,0.920632,-3.000000,-2.636911,-2.474241,-6.133730,-2.161314,2.874006,1.000000
41727.000000,3.000000,585.000061,578.547485,0.540000,0.845054,-3.000000,-2.604333,-2.001053,-7.399372,-2.356115,2.965002,1.000000
41737.000000,3.000000,585.000061,577.628418,0.540000,0.802191,-3.000000,-2.585700,-1.702356,-5.725495,-2.477097,2.366997,1.000000
41747.000000,3.000000,585.000061,576.870178,0.540000,0.745010,-3.000000,-2.570281,-1.349815,-7.494146,-2.569046,2.358206,1.000000
41757.000000,3.000000,585.000061,576.283142,0.420000,0.693661,-3.000000,-2.556027,-1.020999,-7.504448,-2.656194,1.956411,1.000000
41767.000000,3.000000,585.000061,575.836243,0.420000,0.612417,-3.000000,-2.543441,-1.289111,-7.428452,-2.732330,1.695109,1.000000
41777.000000,3.000000,585.000061,575.027954,0.420000,0.528847,-3.000000,-2.521816,-0.749426,-8.048348,-2.851112,2.108126,1.000000
41787.000000,3.000000,585.000061,574.352478,0.420000,0.441924,-3.000000,-2.493891,-0.196873,-7.604535,-3.016355,1.028726,1.000000
41797.000000,3.000000,585.000061,573.907715,0.420000,0.363519,-3.000000,-2.452922,0.313120,-8.174007,-3.258070,1.792643,1.000000
41807.000000,3.000000,585.000061,573.286133,0.420000,0.288713,-3.000000,-2.422637,0.790665,-7.848609,-3.449763,1.407556,1.000000
41817.000000,3.000000,585.000061,572.781494,0.420000,0.216181,-3.000000,-2.407158,1.268882,-8.486000,-3.550823,1.946190,1.000000
41827.000000,3.000000,585.000061,571.780640,0.420000,0.157649,-3.000000,-2.406550,1.639459,-8.194813,-3.558795,0.851198,1.000000
41837.000000,3.000000,585.000061,571.351074,0.420000,0.090259,-3.000000,-2.398141,2.066475,-8.619706,-3.606277,1.259416,1.000000
41847.000000,3.000000,585.000061,570.752747,0.540000,0.031810,-3.000000,-2.391128,2.443176,-6.907486,-3.645374,1.086206,1.000000
41857.000000,3.000000,585.000061,569.875916,0.540000,-0.058815,-3.000000,-2.374348,3.775117,-9.856083,-3.745623,1.497787,1.000000
41867.000000,3.000000,585.000061,569.079102,0.540000,-0.150895,-3.000000,-2.366128,4.354045,-7.858200,-3.796959,0.494136,1.000000
41877.000000,3.000000,585.000061,567.559631,0.540000,-0.270747,-3.000000,-2.345568,5.115398,-9.322650,-3.917157,1.352756,1.000000
41887.000000,3.000000,585.000061,566.863342,0.540000,-0.359823,-3.000000,-2.342502,5.705934,-6.938727,-3.942344,0.161966,1.000000
41897.000000,3.000000,585.000061,565.566101,0.540000,-0.454141,-3.000000,-2.331389,6.302892,-7.417440,-4.006359,-0.155429,1.000000
41907.000000,3.000000,585.000061,564.311951,0.540000,-0.544101,-3.000000,-2.323731,6.882627,-5.907537,-4.051319,-0.723000,1.000000
41917.000000,3.000000,585.000061,562.818909,0.540000,-0.629940,-3.000000,-2.314240,7.440985,-5.349392,-4.112181,-0.649723,1.000000
41927.000000,3.000000,585.000061,561.540527,0.540000,-0.681133,-3.000000,-2.317221,7.789058,-4.612434,-4.103664,-1.081304,1.000000
41937.000000,3.000000,585.000061,561.502686,0.420000,-0.719353,-3.000000,-2.338637,8.039268,-4.115110,-3.984939,-1.730352,1.000000
41947.000000,3.000000,585.000061,560.492798,0.420000,-0.735532,-3.000000,-2.373366,7.388861,-3.063054,-3.783422,-1.912122,1.000000
41957.000000,3.000000,585.000061,560.256409,0.540000,-0.737183,-3.000000,-2.412516,7.408824,-2.768969,-3.547149,-1.762697,1.000000
41967.000000,3.000000,585.000061,560.073303,0.540000,-0.732059,-3.000000,-2.449307,8.145576,-2.184352,-3.324533,-2.528330,1.000000
41977.000000,3.000000,585.000061,560.012146,0.540000,-0.733701,-3.000000,-2.487200,8.147234,-1.883031,-3.101213,-3.100316,1.000000
41987.000000,3.000000,585.000061,559.307373,0.540000,-0.731137,-3.000000,-2.539031,8.139241,-1.442230,-2.801013,-2.966733,1.000000
41997.000000,3.000000,585.000061,558.729248,0.540000,-0.715809,-3.000000,-2.592263,8.047397,-1.298204,-2.478664,-2.853658,1.000000
42007.000000,3.000000,585.000061,558.271118,0.540000,-0.704306,-3.000000,-2.640542,7.970679,-1.229407,-2.182084,-3.678393,1.000000
42017.000000,3.000000,585.000061,557.843628,0.540000,-0.679374,-3.000000,-2.676410,7.821320,-0.696043,-1.959756,-4.358084,1.000000
42027.000000,3.000000,585.000061,557.722473,0.540000,-0.675866,-3.000000,-2.691963,7.776586,-1.121557,-1.851528,-3.987134,1.000000
42037.000000,3.000000,585.000061,556.712646,0.540000,-0.661291,-3.000000,-2.698243,7.705547,0.233222,-1.818214,-4.078880,1.000000
42047.000000,3.000000,585.000061,556.439758,0.540000,-0.633874,-3.000000,-2.721848,7.530997,0.552612,-1.687004,-3.713298,1.000000
42057.000000,3.000000,585.000061,556.473877,0.540000,-0.593269,-3.000000,-2.747168,7.285268,0.748646,-1.531666,-3.184126,1.000000
42067.000000,3.000000,585.000061,556.571716,0.540000,-0.549595,-3.000000,-2.779289,6.992836,0.515716,-1.343227,-3.777359,1.000000
42077.000000,3.000000,585.000061,556.727600,0.540000,-0.527212,-3.000000,-2.815437,6.843819,0.611220,-1.132187,-3.827560,1.000000
42087.000000,3.000000,585.000061,556.735107,0.540000,-0.514613,-3.000000,-2.857689,6.758153,1.794958,-0.877211,-3.343557,1.000000
42097.000000,3.000000,585.000061,556.605835,0.540000,-0.525277,-3.000000,-2.896050,6.805095,-0.359118,-0.642350,-4.326324,1.000000
42107.000000,3.000000,585.000061,556.619385,0.540000,-0.519392,-3.000000,-2.929424,6.786115,1.168273,-0.448770,-3.607172,1.000000
42117.000000,3.000000,585.000061,556.488159,0.540000,-0.523935,-3.000000,-2.986316,6.806349,0.126602,-0.112317,-4.785780,1.000000
42127.000000,3.000000,585.000061,556.462341,0.540000,-0.516972,-3.000000,-3.030869,6.772079,1.550012,0.157595,-4.563578,1.000000
42137.000000,3.000000,585.000061,556.352722,0.540000,-0.517020,-3.000000,-3.085505,6.766198,0.844349,0.480632,-5.163898,1.000000
42147.000000,3.000000,585.000061,555.773987,0.540000,-0.488225,-3.000000,-3.130441,6.604161,2.175880,0.756134,-4.645271,1.000000
42157.000000,3.000000,585.000061,555.289734,0.540000,-0.455091,-3.000000,-3.165708,6.392961,2.655609,0.976742,-4.770669,1.000000
42167.000000,3.000000,585.000061,555.127319,0.540000,-0.407442,-3.000000,-3.201464,6.095948,3.402884,1.182775,-5.184585,1.000000
42177.000000,3.000000,585.000061,554.978210,0.540000,-0.367121,-3.000000,-3.254084,5.829886,3.695380,1.489526,-4.652740,1.000000
42187.000000,3.000000,585.000061,553.802185,0.540000,-0.325981,-3.000000,-3.301923,5.567906,4.493668,1.786653,-4.422161,1.000000
42197.000000,3.000000,585.000061,552.703308,0.540000,-0.283094,-3.000000,-3.337187,5.300653,5.345892,2.002454,-4.038307,1.000000
42207.000000,3.000000,585.000061,552.621582,0.540000,-0.236414,-3.000000,-3.367567,4.997724,4.235356,2.188155,-3.284640,1.000000
42217.000000,3.000000,585.000061,552.513916,0.540000,-0.181586,-3.000000,-3.402302,4.656985,5.094698,2.393721,-3.503983,1.000000
42227.000000,3.000000,585.000061,552.510315,0.540000,-0.115065,-3.000000,-3.428798,4.238953,5.984959,2.558633,-2.889505,1.000000
42237.000000,3.000000,585.000061,552.477966,0.540000,-0.033344,-3.000000,-3.464073,3.725682,5.384828,2.757917,-2.764259,1.000000
42247.000000,3.000000,585.000061,552.427429,0.540000,0.049118,-3.000000,-3.503065,3.188626,4.034475,2.996618,-2.406889,1.000000
42257.000000,3.000000,585.000061,552.752502,0.540000,0.108337,-3.000000,-3.533306,2.801235,3.472335,3.182449,-1.691010,1.000000
42267.000000,3.000000,585.000061,553.168823,0.540000,0.181527,-3.000000,-3.579045,2.336897,4.721538,3.446393,-2.748796,1.000000
42277.000000,3.000000,585.000061,553.793274,0.540000,0.210339,-3.000000,-3.600446,2.119616,2.309878,3.598194,-1.363240,1.000000
42287.000000,3.000000,585.000061,554.020203,0.540000,0.238294,-3.000000,-3.610537,1.949617,4.225371,3.658585,-2.020417,1.000000
42297.000000,3.000000,585.000061,553.882202,0.540000,0.245330,-3.000000,-3.615314,1.888179,2.475957,3.690199,-1.623687,1.000000
42307.000000,3.000000,585.000061,554.768433,0.540000,0.261291,-3.000000,-3.613301,1.793121,3.230614,3.682510,-0.935681,1.000000
42317.000000,3.000000,585.000061,555.640747,0.540000,0.255858,-3.000000,-3.603391,1.817322,1.436117,3.625252,0.024854,1.000000
42327.000000,3.000000,585.000061,556.258789,0.540000,0.268505,-3.000000,-3.599637,1.742415,1.974191,3.600828,-0.456806,1.000000
42337.000000,3.000000,585.000061,557.211914,0.540000,0.271493,-3.000000,-3.600538,1.723893,1.959745,3.596639,-0.562569,1.000000
42347.000000,3.000000,585.000061,558.165283,0.540000,0.290198,-3.000000,-3.591853,1.608585,2.007454,3.564966,0.487016,1.000000
42357.000000,3.000000,585.000061,559.056458,0.540000,0.284884,-3.000000,-3.581973,1.624537,1.742423,3.487743,-0.804682,1.000000
42367.000000,3.000000,585.000061,559.857666,0.540000,0.280709,-3.000000,-3.575706,1.659656,2.079402,3.461994,1.025569,1.000000
42377.000000,3.000000,585.000061,560.515564,0.540000,0.283099,-3.000000,-3.575172,1.653533,2.578446,3.447620,1.236501,1.000000
42387.000000,3.000000,585.000061,561.217163,0.540000,0.310270,-3.000000,-3.575867,1.491444,1.463693,3.458126,1.537838,1.000000
42397.000000,3.000000,585.000061,562.020325,0.540000,0.331045,-3.000000,-3.579005,1.341479,1.989433,3.474516,1.026094,1.000000
42407.000000,3.000000,585.000061,562.742981,0.540000,0.341164,-3.000000,-3.575792,1.281114,1.633947,3.456749,2.494153,1.000000
42417.000000,3.000000,585.000061,563.225952,0.620000,0.360125,-3.000000,-3.576679,1.162988,3.013485,3.462730,2.160036,1.000000
42427.000000,3.000000,585.000061,563.528687,0.620000,0.351407,-3.000000,-3.555625,1.711494,0.009123,3.355296,2.607177,1.000000
42437.000000,3.000000,585.000061,563.775696,0.620000,0.360512,-3.000000,-3.520163,1.668143,2.459104,3.143257,2.809725,1.000000
42447.000000,3.000000,585.000061,563.841675,0.620000,0.360304,-3.000000,-3.480393,1.665433,-0.294852,2.907623,3.786060,1.000000
42457.000000,3.000000,585.000061,563.307373,0.620000,0.395321,-3.000000,-3.442616,1.458691,1.793826,2.677092,4.351781,1.000000
42467.000000,3.000000,585.000061,563.017456,0.620000,0.398960,-3.000000,-3.402764,1.416375,-0.743760,2.441731,4.606045,1.000000
42477.000000,3.000000,585.000061,562.768738,0.540000,0.403798,-3.000000,-3.339795,1.377915,0.473416,2.084817,5.026443,1.000000
42487.000000,3.000000,585.000061,563.605713,0.540000,0.388342,-3.000000,-3.273418,0.963418,0.187763,1.677149,4.506210,1.000000
42497.000000,3.000000,585.000061,563.703125,0.540000,0.396325,-3.000000,-3.210916,0.931313,2.152154,1.302152,4.710184,1.000000
42507.000000,3.000000,585.000061,564.877075,0.540000,0.389501,-3.000000,-3.146013,0.966525,-0.464051,0.911747,5.241205,1.000000
42517.000000,3.000000,585.000061,566.398438,0.540000,0.428131,-3.000000,-3.088902,0.736103,1.691908,0.568392,4.922601,1.000000
42527.000000,3.000000,585.000061,567.641113,0.540000,0.441136,-3.000000,-3.023019,0.644302,0.483443,0.179110,5.625945,1.000000
42537.000000,3.000000,585.000061,568.874146,0.540000,0.479987,-3.000000,-2.955634,0.408241,1.962054,-0.226227,5.539861,1.000000
42547.000000,3.000000,585.000061,568.920593,0.540000,0.499576,-3.000000,-2.894552,0.265636,0.622587,-0.598035,5.222583,1.000000
42557.000000,3.000000,585.000061,568.864624,0.540000,0.540824,-3.000000,-2.843960,0.031519,2.536986,-0.905272,5.000313,1.000000
42567.000000,3.000000,585.000061,568.816040,0.540000,0.577056,-3.000000,-2.785339,-0.216708,2.279457,-1.252012,5.273038,1.000000
42577.000000,3.000000,585.000061,569.045654,0.540000,0.614542,-3.000000,-2.731346,-0.463378,0.773979,-1.580159,4.422712,1.000000
42587.000000,3.000000,585.000061,569.383301,0.540000,0.627563,-3.000000,-2.688911,-0.556752,3.961145,-1.841816,4.356664,1.000000
42597.000000,3.000000,585.000061,569.691467,0.540000,0.641012,-3.000000,-2.642079,-0.625316,2.590619,-2.120995,5.788638,1.000000
42607.000000,3.000000,585.000061,571.639771,0.540000,0.684469,-3.000000,-2.615164,-0.897719,3.714988,-2.292652,4.490594,1.000000
42617.000000,3.000000,585.000061,573.409241,0.540000,0.726886,-3.000000,-2.575559,-1.163920,3.069921,-2.521906,5.180897,1.000000
42627.000000,3.000000,585.000061,574.809875,0.540000,0.781019,-3.000000,-2.540668,-1.512330,4.603650,-2.733996,4.321269,1.000000
42637.000000,3.000000,585.000061,576.076538,0.540000,0.810510,-3.000000,-2.502441,-1.710550,2.828845,-2.966885,4.660260,1.000000
42647.000000,3.000000,585.000061,577.386353,0.540000,0.848893,-3.000000,-2.482963,-1.955708,3.519223,-3.091574,3.806275,1.000000
42657.000000,3.000000,585.000061,578.078186,0.540000,0.864440,-3.000000,-2.466969,-2.069635,1.969541,-3.189853,3.010338,1.000000
42667.000000,3.000000,585.000061,579.015808,0.540000,0.879362,-3.000000,-2.449926,-2.166690,1.620854,-3.289410,1.991476,1.000000
42677.000000,3.000000,585.000061,579.775696,0.420000,0.873241,-3.000000,-2.442404,-2.137583,-0.320730,-3.349966,0.740527,1.000000
42687.000000,3.000000,585.000061,581.003784,0.540000,0.864842,-3.000000,-2.448561,-2.854730,-1.585393,-3.313920,0.270150,1.000000
42697.000000,3.000000,585.000061,582.000793,0.540000,0.834460,-3.000000,-2.470889,-1.912113,-2.513112,-3.191670,-0.806082,1.000000
42707.000000,3.000000,585.000061,581.961060,0.540000,0.786778,-3.000000,-2.497152,-1.612447,-4.394273,-3.032560,-0.457954,1.000000
42717.000000,3.000000,585.000061,581.825195,0.540000,0.746341,-3.000000,-2.534089,-1.347162,-3.876414,-2.815939,-1.411469,1.000000
42727.000000,3.000000,585.000061,582.163757,0.540000,0.697065,-3.000000,-2.567327,-1.036835,-5.464520,-2.614919,-0.905927,1.000000
42737.000000,3.000000,585.000061,583.316650,0.540000,0.649579,-3.000000,-2.605015,-0.738646,-4.311011,-2.390595,-1.457797,1.000000
42747.000000,3.000000,585.000061,584.496460,0.540000,0.574865,-3.000000,-2.638212,-0.271173,-6.323471,-2.187874,-0.927958,1.000000
42757.000000,3.000000,585.000061,585.526184,0.540000,0.512782,-3.000000,-2.659198,0.133766,-4.271126,-2.049006,-0.700227,1.000000
42767.000000,3.000000,585.000061,586.412964,0.540000,0.431719,-3.000000,-2.657279,0.638336,-6.564572,-2.055345,-0.120025,1.000000
42777.000000,3.000000,585.000061,586.863708,0.540000,0.364178,-3.000000,-2.660782,1.087405,-3.940910,-2.036100,-0.566433,1.000000
42787.000000,3.000000,585.000061,587.586487,0.540000,0.295528,-3.000000,-2.658540,1.522750,-5.726087,-2.052398,-0.528645,1.000000
42797.000000,3.000000,585.000061,588.074829,0.540000,0.259077,-3.000000,-2.657532,1.776692,-4.073061,-2.051943,-0.264369,1.000000
42807.000000,3.000000,585.000061,588.788574,0.540000,0.229418,-3.000000,-2.662679,1.971231,-4.027779,-2.031891,-1.168886,1.000000
42817.000000,3.000000,585.000061,589.346863,0.540000,0.216434,-3.000000,-2.684987,2.064622,-3.409731,-1.903760,-1.786949,1.000000
42827.000000,3.000000,585.000061,590.145752,0.540000,0.199091,-3.000000,-2.708948,2.174063,-3.687339,-1.763738,-1.378417,1.000000
42837.000000,3.000000,585.000061,590.632141,0.540000,0.201427,-3.000000,-2.735509,2.168684,-3.243468,-1.599146,-1.987504,1.000000
42847.000000,3.000000,585.000061,591.158752,0.540000,0.192729,-3.000000,-2.763592,2.214512,-2.106391,-1.440581,-2.517617,1.000000
42857.000000,3.000000,585.000061,591.526978,0.540000,0.185889,-3.000000,-2.798164,2.261883,-3.088046,-1.227669,-1.761109,1.000000
42867.000000,3.000000,585.000061,591.276978,0.540000,0.174710,-3.000000,-2.820581,2.326218,-2.651918,-1.090217,-2.388516,1.000000
42877.000000,3.000000,585.000061,591.080933,0.540000,0.164937,-3.000000,-2.834506,2.398837,-2.311697,-0.996989,-1.612549,1.000000
42887.000000,3.000000,585.000061,591.590454,0.540000,0.160827,-3.000000,-2.839267,2.421756,-2.264211,-0.967014,-2.014918,1.000000
42897.000000,3.000000,585.000061,592.064026,0.540000,0.149283,-3.000000,-2.848956,2.496389,-3.195828,-0.915723,-1.646771,1.000000
42907.000000,3.000000,585.000061,592.280579,0.540000,0.143763,-3.000000,-2.873049,2.529637,-2.321239,-0.776254,-1.500305,1.000000
42917.000000,3.000000,585.000061,591.937927,0.540000,0.109837,-3.000000,-2.906132,2.731447,-4.454637,-0.588630,-1.545680,1.000000
42927.000000,3.000000,585.000061,591.060303,0.540000,0.097718,-3.000000,-2.945757,2.818540,-1.876274,-0.346318,-1.062575,1.000000
42937.000000,3.000000,585.000061,590.334229,0.540000,0.040395,-3.000000,-2.967975,3.158385,-4.566513,-0.202818,-0.239977,1.000000
42947.000000,3.000000,585.000061,589.736023,0.540000,0.007947,-3.000000,-2.981982,3.387592,-1.739624,-0.113265,-0.483310,1.000000
42957.000000,3.000000,585.000061,590.543884,0.540000,-0.050064,-3.000000,-2.988323,3.743454,-4.234170,-0.077456,-0.075483,1.000000
42967.000000,3.000000,585.000061,591.152893,0.620000,-0.082072,-3.000000,-2.992566,3.961076,-2.558771,-0.045701,0.142090,1.000000
42977.000000,3.000000,585.000061,591.484741,0.620000,-0.129980,-3.000000,-2.985019,4.771181,-3.355016,-0.084364,0.874944,1.000000
42987.000000,3.000000,585.000061,591.942688,0.620000,-0.161152,-3.000000,-2.971283,4.982608,-2.335466,-0.157551,1.347457,1.000000
42997.000000,3.000000,585.000061,592.283386,0.620000,-0.204532,-3.000000,-2.946752,5.250203,-3.098516,-0.308116,1.719079,1.000000
43007.000000,3.000000,585.000061,592.736816,0.620000,-0.237784,-3.000000,-2.921660,5.469985,-2.945186,-0.451126,2.338914,1.000000
43017.000000,3.000000,585.000061,593.104309,0.620000,-0.277722,-3.000000,-2.895617,5.714788,-3.498595,-0.614183,2.084403,1.000000
43027.000000,3.000000,585.000061,593.217529,0.620000,-0.320536,-3.000000,-2.881005,5.996065,-3.826956,-0.703729,2.538547,1.000000
43037.000000,3.000000,585.000061,593.444580,0.620000,-0.365545,-3.000000,-2.867569,6.272278,-3.675365,-0.785185,2.457453,1.000000
43047.000000,3.000000,585.000061,593.571472,0.620000,-0.423317,-3.000000,-2.845106,6.642587,-3.950128,-0.913838,2.967026,1.000000
43057.000000,3.000000,585.000061,593.671387,0.620000,-0.454326,-3.000000,-2.810565,6.857407,-2.962316,-1.113081,3.140613,1.000000
43067.000000,3.000000,585.000061,593.715027,0.620000,-0.485814,-3.000000,-2.773819,7.064836,-3.915261,-1.332775,2.710966,1.000000
43077.000000,3.000000,585.000061,593.913635,0.740000,-0.480739,-3.000000,-2.736049,7.046664,-2.448340,-1.561458,2.456598,1.000000
43087.000000,3.000000,585.000061,593.898804,0.740000,-0.486450,-3.000000,-2.699234,7.845311,-4.312765,-1.785459,2.968159,1.000000
43097.000000,3.000000,585.000061,593.893799,0.740000,-0.481542,-3.000000,-2.669732,7.822711,-2.483409,-1.963177,3.048104,1.000000
43107.000000,3.000000,585.000061,593.871887,0.740000,-0.486789,-3.000000,-2.655405,7.848735,-3.210028,-2.064790,1.956905,1.000000
43117.000000,3.000000,585.000061,593.755066,1.220000,-0.508520,-3.000000,-2.647881,7.974163,-3.518957,-2.106937,1.568159,1.000000
43127.000000,3.000000,585.000061,593.131592,2.100000,-0.513036,-3.000000,-2.642209,11.088965,-3.038134,-2.144514,1.220620,1.000000
43137.000000,3.000000,585.000061,592.606079,2.100000,-0.519394,-3.000000,-2.652347,16.763083,-2.640093,-2.095758,1.087093,1.000000
43147.000000,3.000000,585.000061,592.100586,2.100000,-0.519832,-3.000000,-2.670855,16.765717,-3.172692,-1.987427,1.309999,1.000000
43157.000000,3.000000,585.000061,590.932190,2.980000,-0.533051,-3.000000,-2.682088,16.840345,-1.199619,-1.914223,0.749145,1.000000
43167.000000,3.000000,585.000061,590.150513,2.980000,-0.539071,-3.000000,-2.686355,22.522367,-1.164629,-1.883205,0.464009,1.000000
43177.000000,3.000000,585.000061,589.705078,2.980000,-0.532773,-3.000000,-2.684043,22.485365,0.755113,-1.893592,0.712469,1.000000
43187.000000,3.000000,585.000061,589.238159,2.980000,-0.519246,-3.000000,-2.682065,22.411184,1.800063,-1.906292,0.737154,1.000000
43197.000000,3.000000,585.000061,588.630859,3.460000,-0.460678,-3.000000,-2.690874,22.064817,4.461971,-1.862084,0.914107,1.000000
43207.000000,3.000000,585.000061,588.378540,3.460000,-0.384287,-3.000000,-2.700515,24.656063,5.737415,-1.801143,1.184159,1.000000
43217.000000,3.000000,585.000061,587.856750,3.460000,-0.270030,-3.000000,-2.699569,23.955885,8.468655,-1.796323,1.590880,1.000000
43227.000000,3.000000,585.000061,587.569458,3.460000,-0.164816,-3.000000,-2.696030,23.257751,8.745728,-1.821422,0.795037,1.000000
43237.000000,3.000000,585.000061,587.152771,3.460000,-0.053329,-3.000000,-2.681855,22.568943,10.111580,-1.898968,2.149225,1.000000
43247.000000,3.000000,585.000061,586.622192,3.580000,0.081922,-3.000000,-2.676197,21.702751,12.045995,-1.939289,0.416487,1.000000
43257.000000,3.000000,585.000061,585.379639,3.580000,0.196431,-3.000000,-2.664297,21.725691,11.155374,-2.011109,2.095058,1.000000
43267.000000,3.000000,585.000061,584.835022,3.580000,0.318748,-3.000000,-2.672640,20.948515,12.949467,-1.968085,1.012618,1.000000
43277.000000,3.000000,585.000061,583.641113,3.580000,0.425880,-3.000000,-2.687306,20.257256,11.945687,-1.892371,1.396395,1.000000
43287.000000,3.000000,585.000061,582.934631,3.580000,0.559966,-3.000000,-2.704396,19.416084,12.612750,-1.780777,0.984296,1.000000
43297.000000,3.000000,585.000061,582.302612,3.580000,0.695901,-3.000000,-2.707356,18.541073,12.067778,-1.749483,0.581363,1.000000
43307.000000,3.000000,585.000061,581.598206,3.580000,0.795153,-3.000000,-2.685006,17.878698,10.401625,-1.876033,1.235448,1.000000
43317.000000,3.000000,585.000061,579.999817,3.580000,0.879713,-3.000000,-2.669489,17.335510,10.758106,-1.974998,0.801460,1.000000
43327.000000,3.000000,585.000061,579.248230,3.580000,0.954133,-3.000000,-2.659066,16.853834,8.184154,-2.043487,2.135187,1.000000
43337.000000,3.000000,585.000061,578.020325,3.580000,1.019856,-3.000000,-2.656783,16.421404,7.004415,-2.055995,1.800550,1.000000
43347.000000,3.000000,585.000061,577.543030,3.580000,1.072394,-3.000000,-2.650980,16.077951,6.249725,-2.090688,2.149434,1.000000
43357.000000,3.000000,585.000061,576.682190,3.580000,1.101593,-3.000000,-2.624647,15.879161,4.236574,-2.234352,3.232972,1.000000
43367.000000,3.000000,585.000061,575.886841,3.580000,1.122587,-3.000000,-2.597375,15.738764,3.679025,-2.395317,2.202156,1.000000
43377.000000,3.000000,585.000061,575.029358,3.580000,1.133344,-3.000000,-2.565117,15.662702,2.505401,-2.595197,2.714924,1.000000
43387.000000,3.000000,585.000061,574.133728,3.580000,1.156152,-3.000000,-2.542906,15.529616,2.311348,-2.732068,2.419696,1.000000
43397.000000,3.000000,585.000061,573.208496,3.660000,1.186294,-3.000000,-2.523825,15.337241,2.078221,-2.842426,2.602496,1.000000
43407.000000,3.000000,585.000061,572.264771,4.260000,1.190601,-3.000000,-2.508943,15.802607,-0.411434,-2.941767,1.789332,1.000000
43417.000000,3.000000,585.000061,571.295227,4.260000,1.210407,-3.000000,-2.499496,19.532299,0.826806,-2.994966,1.660829,1.000000
43427.000000,3.000000,585.000061,570.409729,4.260000,1.224476,-3.000000,-2.484440,19.435198,-0.408890,-3.085144,2.031179,1.000000
43437.000000,3.000000,585.000061,569.525391,4.820000,1.238474,-3.000000,-2.483782,19.347952,0.259287,-3.103698,2.159261,1.000000
43447.000000,3.000000,585.000061,568.791260,4.940000,1.283105,-3.000000,-2.490561,22.667580,1.303736,-3.059755,2.759726,1.000000
43457.000000,3.000000,585.000061,567.915344,5.540000,1.332681,-3.000000,-2.494203,23.117558,1.676740,-3.032925,2.335817,1.000000
43467.000000,3.000000,585.000061,567.103638,5.540000,1.384177,-3.000000,-2.472931,26.630247,3.070215,-3.147677,3.185951,1.000000
43477.000000,3.000000,585.000061,566.353638,5.540000,1.439663,-3.000000,-2.456968,26.281843,5.190916,-3.250072,1.456540,1.000000
43487.000000,3.000000,585.000061,565.594177,6.100000,1.484187,-3.160000,-2.425289,25.987741,3.452731,-3.430819,3.466207,1.000000
43497.000000,3.000000,585.000061,564.219910,6.100000,1.555456,-3.160000,-2.407229,29.131916,6.924627,-4.499226,2.454020,1.000000
43507.000000,3.000000,585.000061,562.852295,6.100000,1.617219,-3.160000,-2.364036,28.726698,6.074526,-4.749948,3.830850,1.000000
43517.000000,3.000000,585.000061,561.736267,6.100000,1.669120,-3.160000,-2.333711,28.391813,8.347268,-4.942503,3.629712,1.000000
43527.000000,3.000000,585.000061,560.665161,6.100000,1.741018,-3.160000,-2.291972,27.949263,10.473350,-5.176671,4.201852,1.000000
43537.000000,3.000000,585.000061,559.762756,6.100000,1.824692,-3.280000,-2.249870,27.419407,11.728531,-5.438762,4.188889,1.000000
43547.000000,3.000000,585.000061,558.842651,6.100000,1.943666,-3.280000,-2.203825,26.685431,13.583106,-6.429678,5.339148,1.000000
43557.000000,3.000000,585.000061,558.192444,6.100000,2.094891,-3.760000,-2.161700,25.733465,14.645183,-6.682215,5.193668,1.000000
43567.000000,3.000000,585.000061,557.677063,6.100000,2.242028,-3.760000,-2.117422,24.785624,14.236637,-9.832154,6.176596,1.000000
43577.000000,3.000000,585.000061,557.160767,6.100000,2.402073,-3.760000,-2.082641,23.773193,15.457797,-10.041336,6.219292,1.000000
43587.000000,3.000000,585.000061,556.331726,6.100000,2.569052,-3.760000,-2.041138,22.702360,16.222029,-10.288095,6.404012,1.000000
43597.000000,3.000000,585.000061,555.773621,6.220000,2.718969,-3.880000,-1.993873,21.739435,15.904358,-10.569559,6.537334,1.000000
43607.000000,3.000000,585.000061,554.643555,6.700000,2.883970,-4.560000,-1.946002,21.450289,16.679876,-11.571646,6.485208,1.000000
43617.000000,3.000000,585.000061,552.682495,6.700000,3.023981,-4.560000,-1.891650,23.615314,15.850108,-15.975801,6.251791,1.000000
43627.000000,3.000000,585.000061,551.454895,6.700000,3.164349,-4.560000,-1.830310,22.719057,16.661814,-16.340672,5.775350,1.000000
43637.000000,3.000000,585.000061,551.481873,7.300000,3.304255,-5.120000,-1.774801,21.819092,15.323692,-16.679691,4.009012,1.000000
43647.000000,3.000000,585.000061,551.368225,7.860000,3.443165,-5.120000,-1.724518,24.771000,13.990953,-20.346590,3.619914,1.000000
43657.000000,3.000000,585.000061,550.907166,7.860000,3.546092,-5.720000,-1.701782,27.661497,11.299302,-20.503931,1.064893,1.000000
43667.000000,3.000000,585.000061,549.976196,7.860000,3.637340,-5.720000,-1.713133,27.079025,12.259917,-24.054319,-1.572213,1.000000
43677.000000,3.000000,585.000061,549.143188,8.540000,3.704659,-5.800000,-1.750424,26.633726,11.395439,-23.847504,-3.886503,1.000000
43687.000000,3.000000,585.000061,549.073364,8.540000,3.769731,-6.320000,-1.819157,30.576887,11.456944,-23.935085,-7.139137,1.000000
43697.000000,3.000000,585.000061,549.160278,9.059999,3.870914,-6.320000,-1.916300,29.955688,11.604136,-26.480587,-9.746870,1.000000
43707.000000,3.000000,585.000061,549.231201,9.059999,3.978136,-6.320000,-2.022568,32.592083,11.009528,-25.859768,-11.028190,1.000000
43717.000000,3.000000,585.000061,549.480408,9.059999,4.087973,-6.320000,-2.165762,31.893141,12.300351,-25.014626,-12.876221,1.000000
43727.000000,3.000000,585.000061,549.714539,9.059999,4.177889,-6.320000,-2.322169,31.303183,13.177407,-24.081882,-13.887617,1.000000
43737.000000,3.000000,585.000061,549.767090,9.139999,4.268416,-6.320000,-2.470405,30.729094,12.309336,-23.183334,-14.314833,1.000000
43747.000000,3.000000,585.000061,549.624023,9.139999,4.386904,-6.320000,-2.618029,30.497910,14.355974,-22.299896,-15.203132,1.000000
43757.000000,3.000000,585.000061,549.862915,9.139999,4.499294,-6.320000,-2.763296,29.776991,13.811189,-21.427486,-14.746442,1.000000
43767.000000,3.000000,585.000061,549.926636,9.139999,4.629058,-6.320000,-2.915867,28.951963,14.600936,-20.518360,-15.521970,1.000000
43777.000000,3.000000,585.000061,550.167725,9.139999,4.761168,-6.320000,-3.070817,28.111561,14.232716,-19.588379,-15.379672,1.000000
43787.000000,3.000000,585.000061,550.131409,9.139999,4.890601,-6.320000,-3.222158,27.274658,13.689724,-18.677532,-15.144637,1.000000
43797.000000,3.000000,585.000061,549.862549,9.219999,5.006638,-6.320000,-3.369448,26.530094,13.472365,-17.790977,-15.310004,1.000000
43807.000000,3.000000,585.000061,549.785156,9.219999,5.130310,-6.320000,-3.519071,26.251837,14.191164,-16.897875,-15.550065,1.000000
43817.000000,3.000000,585.000061,550.212524,9.219999,5.230534,-6.400000,-3.668827,25.597034,12.255426,-15.999730,-15.030800,1.000000
43827.000000,3.000000,585.000061,550.379517,9.219999,5.340814,-6.400000,-3.823503,24.891745,13.284876,-15.551165,-15.254968,1.000000
43837.000000,3.000000,585.000061,550.770813,9.940000,5.426891,-6.880000,-3.972050,24.330473,12.448266,-14.657118,-14.557299,1.000000
43847.000000,3.000000,585.000061,551.537231,9.940000,5.511221,-6.880000,-4.117493,28.398212,11.793400,-16.661041,-14.131721,1.000000
43857.000000,3.000000,585.000061,552.648193,10.620000,5.608674,-7.000000,-4.269690,27.784628,12.162109,-15.749225,-14.333395,1.000000
43867.000000,3.000000,585.000061,553.702148,10.620000,5.703184,-7.000000,-4.407732,31.528975,11.092195,-15.635671,-13.005527,1.000000
43877.000000,3.000000,585.000061,554.602478,10.620000,5.803860,-7.480000,-4.542286,30.883030,11.779737,-14.822511,-13.222830,1.000000
43887.000000,3.000000,585.000061,555.158020,10.620000,5.886039,-7.480000,-4.660354,30.347290,10.202437,-16.986225,-11.906038,1.000000
43897.000000,3.000000,585.000061,555.863831,10.620000,5.985920,-7.480000,-4.784276,29.724339,12.762806,-16.247297,-12.832574,1.000000
43907.000000,3.000000,585.000061,556.173279,10.620000,6.075227,-7.480000,-4.912454,29.141388,12.279196,-15.483716,-13.587767,1.000000
43917.000000,3.000000,585.000061,556.817993,10.620000,6.163749,-7.480000,-5.038198,28.577688,13.435696,-14.725954,-12.798845,1.000000
43927.000000,3.000000,585.000061,557.764771,11.179999,6.254011,-7.400000,-5.163016,28.000296,12.944817,-13.976586,-13.141006,1.000000
43937.000000,3.000000,585.000061,559.131958,11.099999,6.340945,-7.400000,-5.289376,31.023392,12.990096,-12.740773,-13.139670,1.000000
43947.000000,3.000000,585.000061,560.294128,11.099999,6.434281,-7.400000,-5.407974,29.922464,14.082340,-12.022353,-12.388780,1.000000
43957.000000,3.000000,585.000061,561.299194,11.179999,6.555021,-6.880000,-5.524524,29.168711,14.883455,-11.322335,-12.357534,1.000000
43967.000000,3.000000,585.000061,561.947693,11.700000,6.660748,-6.880000,-5.638155,28.988920,13.373553,-7.516505,-11.309806,1.000000
43977.000000,3.000000,585.000061,562.729248,11.700000,6.788646,-6.880000,-5.741694,31.514593,14.843775,-6.890362,-10.758596,1.000000
43987.000000,3.000000,585.000061,563.399353,11.700000,6.880869,-6.880000,-5.837617,30.894638,12.305624,-6.308458,-9.866159,1.000000
43997.000000,3.000000,585.000061,564.241211,11.700000,6.991628,-6.800000,-5.918925,30.209553,14.123530,-5.811522,-8.713215,1.000000
44007.000000,3.000000,585.000061,565.608826,11.700000,7.094938,-6.120000,-5.987675,29.534912,12.498850,-4.913200,-7.505089,1.000000
44017.000000,3.000000,585.000061,566.895996,11.700000,7.213398,-6.120000,-6.049114,28.790060,13.049105,-0.460276,-6.531888,1.000000
44027.000000,3.000000,585.000061,568.477295,11.700000,7.313183,-6.120000,-6.099738,28.136002,12.086524,-0.148710,-5.258713,1.000000
44037.000000,3.000000,585.000061,570.354980,11.700000,7.392463,-6.120000,-6.138217,27.615671,11.419048,0.092666,-4.200452,1.000000
44047.000000,3.000000,585.000061,571.749023,11.780000,7.464103,-6.120000,-6.160155,27.151356,11.459713,0.230504,-2.821611,1.000000
44057.000000,3.000000,585.000061,573.294128,11.780000,7.519904,-6.120000,-6.175074,27.299332,9.270881,0.324718,-0.695187,1.000000
44067.000000,3.000000,585.000061,574.453552,11.780000,7.596265,-6.120000,-6.181266,26.825827,12.303415,0.368417,-0.383654,1.000000
44077.000000,3.000000,585.000061,575.689575,11.780000,7.647882,-6.120000,-6.175473,26.475540,9.180368,0.339211,1.073584,1.000000
44087.000000,3.000000,585.000061,576.936279,11.780000,7.699362,-6.120000,-6.163290,26.141184,10.470477,0.270418,0.999689,1.000000
44097.000000,3.000000,585.000061,578.379211,11.860000,7.698379,-6.000000,-6.138300,26.113214,8.088199,0.123814,1.839901,1.000000
44107.000000,3.000000,585.000061,579.613464,11.860000,7.683928,-6.000000,-6.113517,26.715940,9.358078,0.697297,1.772624,1.000000
44117.000000,3.000000,585.000061,580.714233,11.860000,7.680243,-5.920000,-6.081779,26.761179,9.040334,0.506999,2.824872,1.000000
44127.000000,3.000000,585.000061,581.759583,11.860000,7.719059,-5.440000,-6.060440,26.532190,8.496442,0.854127,2.169347,1.000000
44137.000000,3.000000,585.000061,583.239624,11.980000,7.766611,-5.320000,-6.040585,26.231192,8.387813,3.613501,2.200936,1.000000
44147.000000,3.000000,585.000061,584.795959,11.980000,7.813931,-5.320000,-6.021746,26.689325,7.821259,4.226171,2.457733,1.000000
44157.000000,3.000000,585.000061,586.697632,12.460000,7.860556,-5.320000,-5.984535,26.391361,7.798631,4.009844,3.402284,1.000000
44167.000000,3.000000,585.000061,588.325134,12.460000,7.890307,-4.840000,-5.954858,29.262913,7.299673,3.826235,2.893446,1.000000
44177.000000,3.000000,585.000061,590.070435,12.460000,7.912773,-4.840000,-5.928706,29.109329,7.935355,6.547563,2.997299,1.000000
44187.000000,3.000000,585.000061,591.430176,12.460000,7.914951,-4.840000,-5.905799,29.091322,7.669116,6.407358,3.922560,1.000000
44197.000000,3.000000,585.000061,592.909058,12.460000,7.924040,-4.840000,-5.860916,29.042744,7.722125,6.158092,5.208786,1.000000
44207.000000,3.000000,585.000061,593.946899,12.460000,7.948092,-4.840000,-5.807705,28.893911,8.037042,5.838055,4.642319,1.000000
44217.000000,3.000000,585.000061,595.639343,12.460000,7.978725,-4.840000,-5.743589,28.700064,7.392651,5.463309,5.365064,1.000000
44227.000000,3.000000,585.000061,597.108765,12.460000,8.000025,-4.840000,-5.676599,28.553617,8.530536,5.059819,5.412464,1.000000
44237.000000,3.000000,585.000061,598.302185,12.380000,8.023113,-4.840000,-5.606979,28.418110,8.245775,4.641981,6.046572,1.000000
44247.000000,3.000000,585.000061,599.786316,12.380000,8.062227,-4.840000,-5.550066,27.658985,9.671950,4.292058,5.513572,1.000000
44257.000000,3.000000,585.000061,601.228027,12.380000,8.112739,-4.840000,-5.497126,27.348200,10.417083,3.975483,4.852736,1.000000
44267.000000,3.000000,585.000061,603.144226,12.380000,8.168775,-4.840000,-5.446151,26.990797,11.875303,3.667740,4.036793,1.000000
44277.000000,3.000000,586.500061,604.252991,12.380000,8.244022,-4.840000,-5.400007,26.516493,13.656293,3.386001,3.319239,1.000000
44287.000000,3.000000,585.000061,605.114258,12.380000,8.335490,-4.760000,-5.364351,25.959156,14.946238,3.161854,3.292398,1.000000
44297.000000,3.000000,585.000061,606.575623,12.380000,8.477898,-4.760000,-5.350103,25.063257,16.984108,3.547714,2.123393,1.000000
44307.000000,3.000000,585.000061,607.764954,12.380000,8.577612,-4.760000,-5.329827,24.403589,15.862679,3.427774,2.829934,1.000000
44317.000000,3.000000,586.500061,608.810364,12.460000,8.747905,-4.760000,-5.326552,23.363386,21.512087,3.399462,1.541305,1.000000
44327.000000,3.000000,586.800049,610.403320,13.059999,8.891244,-4.760000,-5.316782,22.933893,18.130808,3.347285,2.963382,1.000000
44337.000000,3.000000,586.800049,611.713806,13.059999,9.083518,-4.760000,-5.309270,25.574829,22.066797,3.301875,2.593030,1.000000
44347.000000,3.000000,586.800049,612.889587,13.059999,9.259029,-4.760000,-5.282333,24.438726,20.178936,3.151711,4.358513,1.000000
44357.000000,3.000000,586.800049,613.909363,13.059999,9.462602,-4.640000,-5.239951,23.152618,22.219894,2.907781,4.737526,1.000000
44367.000000,3.000000,586.800049,614.530884,13.059999,9.645034,-4.640000,-5.194258,21.968597,20.593885,3.355811,4.859624,1.000000
44377.000000,3.000000,586.800049,615.272034,13.059999,9.833013,-4.640000,-5.138246,20.775654,22.248203,3.023561,5.839802,1.000000
44387.000000,3.000000,586.800049,615.590759,13.059999,10.009101,-4.640000,-5.086944,19.629852,21.068113,2.713248,5.516542,1.000000
44397.000000,3.000000,586.800049,616.590332,12.940000,10.166917,-4.640000,-5.023703,18.616053,21.088123,2.343444,6.888342,1.000000
44407.000000,3.000000,586.800049,618.292786,12.940000,10.331151,-4.640000,-4.961331,16.803076,21.968607,1.965257,6.207679,1.000000
44417.000000,3.000000,586.800049,619.678467,12.380000,10.485743,-4.040000,-4.890903,15.810944,20.177650,1.546443,7.673867,1.000000
44427.000000,3.000000,586.800049,620.769348,12.380000,10.658183,-4.040000,-4.831686,11.123767,20.494730,4.786343,7.417048,1.000000
44437.000000,3.000000,586.800049,621.546265,12.259999,10.807916,-4.040000,-4.770323,10.158099,17.827085,4.417594,7.892778,1.000000
44447.000000,3.000000,585.300049,621.548706,12.179999,10.950914,-4.040000,-4.705503,8.463275,17.097807,4.033207,8.032705,1.000000
44457.000000,3.000000,586.800049,621.840515,12.179999,11.056219,-4.040000,-4.633011,7.248346,12.997281,3.606228,8.722171,1.000000
44467.000000,3.000000,586.800049,621.991028,12.179999,11.155272,-4.040000,-4.556401,6.616272,14.158072,3.141529,8.384083,1.000000
44477.000000,3.000000,585.300049,622.400024,11.700000,11.205950,-4.040000,-4.477398,6.254614,8.574274,2.675508,9.373942,1.000000
44487.000000,3.000000,585.000061,622.921875,11.700000,11.244058,-4.040000,-4.406729,2.938440,9.902781,2.240064,8.088068,1.000000
44497.000000,3.000000,585.000061,623.355225,11.700000,11.264071,-4.040000,-4.338052,2.799469,6.273513,1.831392,8.411312,1.000000
44507.000000,3.000000,585.000061,623.842102,11.700000,11.271380,-4.040000,-4.278642,2.744647,6.300740,1.466572,7.371229,1.000000
44517.000000,3.000000,585.000061,624.993469,10.980000,11.264490,-3.960000,-4.224870,2.779474,3.908632,1.138790,7.387913,1.000000
44527.000000,3.000000,585.000061,626.029175,10.500000,11.246468,-3.480000,-4.174929,-1.720142,3.367374,1.317607,6.868590,1.000000
44537.000000,3.000000,585.000061,626.769104,10.420000,11.210412,-3.480000,-4.127643,-4.582556,0.534505,3.918763,6.726284,1.000000
44546.000000,3.000000,585.000061,627.486267,10.420000,11.143682,-3.480000,-4.085136,-4.631561,-0.304661,3.630818,5.700466,1.000000
44557.000000,3.000000,586.650024,628.064148,9.820000,11.038486,-3.000000,-4.030864,-4.029291,-2.240016,3.337406,5.496474,1.000000
44566.000000,3.000000,586.800049,628.326172,8.660000,10.913171,-3.000000,-3.982480,-6.996295,-5.314671,5.894877,5.849325,1.000000
44576.000000,3.000000,586.800049,628.475708,7.580000,10.787503,-3.000000,-3.925792,-13.616022,-5.077408,5.554753,5.594818,1.000000
44586.000000,3.000000,586.800049,628.429077,7.580000,10.629493,-3.000000,-3.874270,-19.516754,-9.714336,5.245618,6.146188,1.000000
44596.000000,3.000000,586.800049,628.437195,5.140000,10.466638,-3.000000,-3.820949,-18.474482,-10.652182,4.925693,5.890727,1.000000
44607.000000,3.000000,586.800049,628.439697,4.060000,10.240298,-3.000000,-3.761295,-32.641911,-14.804937,4.567769,7.213999,1.000000
44617.000000,3.000000,586.800049,628.158875,2.100000,9.993310,-3.000000,-3.703185,-37.973186,-18.049652,4.219108,7.373106,1.000000
44626.000000,3.000000,586.800049,627.591919,2.100000,9.717042,-3.000000,-3.630866,-48.749069,-22.751965,3.785196,9.160706,1.000000
44637.000000,3.000000,586.800049,627.345520,0.620000,9.422401,-3.000000,-3.541444,-46.863369,-26.652063,3.248663,9.588230,1.000000
44647.000000,3.000000,586.800049,627.190674,0.540000,9.072316,-3.000000,-3.443265,-54.094826,-32.846451,2.659588,11.239683,1.000000
44656.000000,3.000000,586.800049,626.919250,0.540000,8.691488,-3.000000,-3.354967,-52.169525,-37.842098,2.129803,10.709536,1.000000
44666.000000,3.000000,586.800049,626.863281,0.540000,8.256305,-3.000000,-3.262107,-49.384350,-43.727833,1.572644,10.984806,1.000000
44676.000000,3.000000,586.800049,626.403870,0.540000,7.782600,-3.000000,-3.164793,-46.352642,-48.334484,0.988758,10.839570,1.000000
44686.000000,3.000000,586.800049,626.218750,0.540000,7.265107,-3.000000,-3.064127,-43.040688,-52.637863,0.384762,11.328421,1.000000
44696.000000,3.000000,585.300049,625.395630,0.540000,6.728563,-3.000000,-2.959092,-39.606804,-54.511063,-0.245449,11.145338,1.000000
44706.000000,3.000000,585.000061,624.816589,0.540000,6.160509,-3.000000,-2.857233,-35.971256,-57.407204,-0.856600,11.087590,1.000000
44716.000000,3.000000,585.000061,623.914795,0.540000,5.595657,-3.000000,-2.751052,-32.356209,-56.284298,-1.493690,10.082605,1.000000
44726.000000,3.000000,585.000061,623.801453,0.540000,5.028871,-3.000000,-2.675518,-28.728773,-56.408199,-1.946893,7.465604,1.000000
44736.000000,3.000000,585.000061,623.287048,0.540000,4.470028,-3.000000,-2.605353,-25.152180,-54.672863,-2.367880,6.988631,1.000000
44746.000000,3.000000,585.000061,622.730042,0.540000,3.944792,-3.000000,-2.548564,-21.790670,-51.838757,-2.708615,5.634298,1.000000
44756.000000,3.000000,585.000061,621.906250,0.540000,3.398072,-3.000000,-2.490682,-18.291658,-53.100704,-3.055906,6.302502,1.000000
44766.000000,3.000000,585.000061,621.580139,0.540000,2.924099,-3.000000,-2.438632,-15.258232,-45.771137,-3.368208,5.297268,1.000000
44776.000000,3.000000,585.000061,620.764832,0.540000,2.430708,-3.000000,-2.388807,-12.100532,-47.872391,-3.667161,5.178967,1.000000
44786.000000,3.000000,585.000061,619.498901,0.540000,2.031631,-3.000000,-2.333497,-9.546437,-35.827396,-3.999021,5.977872,1.000000
44796.000000,3.000000,585.000061,619.009949,0.540000,1.634649,-3.000000,-2.293381,-7.005756,-39.840694,-4.239716,4.011404,1.000000
44806.000000,3.000000,585.000061,618.204834,0.540000,1.282420,-3.000000,-2.241950,-4.751490,-32.214931,-4.548300,5.643253,1.000000
44816.000000,3.000000,585.000061,617.271423,0.540000,0.963828,-3.000000,-2.195758,-2.712500,-30.952963,-4.825451,4.522843,1.000000
44826.000000,3.000000,585.000061,615.876709,0.540000,0.664970,-3.000000,-2.147648,-0.799810,-29.113426,-5.114110,5.416882,1.000000
44837.000000,3.000000,585.000061,614.259155,0.540000,0.413904,-3.000000,-2.080818,0.807016,-22.158804,-5.515090,6.974364,1.000000
44847.000000,3.000000,585.000061,612.542175,0.540000,0.196857,-3.000000,-2.027770,2.196118,-22.108061,-5.833380,5.535521,1.000000
44856.000000,3.000000,585.000061,610.999817,0.540000,-0.018660,-3.000000,-1.960768,3.575425,-19.639675,-6.235390,6.861781,1.000000
44866.000000,3.000000,585.000061,609.553284,0.540000,-0.191496,-3.000000,-1.908919,4.681577,-18.011461,-6.546484,5.138717,1.000000
44876.000000,3.000000,585.000061,608.155151,0.540000,-0.407980,-3.000000,-1.845304,6.067070,-19.048986,-6.928174,6.606153,1.000000
44886.000000,3.000000,585.000061,606.827637,0.540000,-0.529172,-3.000000,-1.785197,6.842699,-11.308832,-7.288821,6.399611,1.000000
44896.000000,3.000000,585.000061,605.928101,0.540000,-0.693583,-3.000000,-1.738085,7.894933,-15.464317,-7.571492,5.746086,1.000000
44906.000000,3.000000,585.000061,604.716309,0.540000,-0.810789,-3.000000,-1.691419,8.645049,-9.193625,-7.851488,5.898307,1.000000
44916.000000,3.000000,585.000061,602.237610,0.540000,-0.885953,-3.000000,-1.658781,9.126101,-8.614808,-8.047312,5.321033,1.000000
44926.000000,3.000000,585.000061,599.877136,0.540000,-0.946823,-3.000000,-1.618716,9.515670,-8.164483,-8.287704,5.904634,1.000000
44936.000000,3.000000,585.000061,597.988403,0.540000,-0.959534,-3.000000,-1.595163,9.597020,-5.084656,-8.429020,3.026927,1.000000
44946.000000,3.000000,585.000061,596.374512,0.540000,-1.031176,-3.000000,-1.558329,10.055528,-8.673082,-8.650026,3.892884,1.000000
44956.000000,3.000000,585.000061,594.133728,0.540000,-1.049779,-3.000000,-1.550065,10.174584,-3.364709,-8.699608,1.470573,1.000000
44966.000000,3.000000,585.000061,592.762939,0.540000,-1.122909,-3.000000,-1.526598,10.642615,-9.891955,-8.840409,3.054501,1.000000
44976.000000,3.000000,585.000061,590.948730,0.420000,-1.149352,-3.000000,-1.530915,10.811851,-5.670165,-8.814511,1.472712,1.000000
44986.000000,3.000000,585.000061,589.515808,0.420000,-1.201934,-3.000000,-1.548590,10.380375,-8.802027,-8.708459,0.107463,1.000000
44996.000000,3.000000,585.000061,588.199524,0.420000,-1.268490,-3.000000,-1.577117,10.806334,-8.235301,-8.537296,-0.238238,1.000000
45006.000000,3.000000,585.000061,586.641357,0.420000,-1.304184,-3.000000,-1.619187,11.034781,-7.163703,-8.284877,-1.540440,1.000000
45016.000000,3.000000,585.000061,584.913635,0.420000,-1.373794,-3.000000,-1.669187,11.480280,-8.519232,-7.984876,0.136032,1.000000
45026.000000,3.000000,585.000061,583.494568,0.420000,-1.424201,-3.000000,-1.729989,11.802889,-6.643167,-7.620069,-1.298378,1.000000
45036.000000,3.000000,585.000061,582.136047,0.420000,-1.548019,-3.000000,-1.761439,12.595321,-9.720418,-7.431368,-0.874560,1.000000
45046.000000,3.000000,585.000061,580.882141,0.420000,-1.612371,-3.000000,-1.810397,13.007172,-4.733586,-7.137621,-2.693518,1.000000
45056.000000,3.000000,585.000061,579.165649,0.420000,-1.652841,-3.000000,-1.854316,13.266184,-6.141996,-6.874101,-2.645605,1.000000
45066.000000,3.000000,585.000061,577.792358,0.420000,-1.661499,-3.000000,-1.898265,13.321591,-4.294766,-6.610412,-2.378445,1.000000
45076.000000,3.000000,585.000061,575.823486,0.420000,-1.687601,-3.000000,-1.926233,13.488649,-6.054591,-6.442601,-1.240553,1.000000
45086.000000,3.000000,585.000061,574.262634,0.420000,-1.710467,-3.000000,-1.937348,13.634986,-2.807161,-6.375912,-1.197945,1.000000
45096.000000,3.000000,585.000061,572.740356,0.420000,-1.703843,-3.000000,-1.944157,13.592593,-2.592376,-6.335056,-0.476339,1.000000
45106.000000,3.000000,585.000061,570.979858,0.420000,-1.691574,-3.000000,-1.953095,13.514073,-4.004911,-6.281428,1.282128,1.000000
45116.000000,3.000000,585.000061,569.322632,0.420000,-1.672713,-3.000000,-1.954160,13.393366,-3.839358,-6.275038,2.668105,1.000000
45126.000000,3.000000,586.500061,568.694763,0.420000,-1.662115,-3.000000,-1.945779,13.325538,-2.481489,-6.325327,2.985380,1.000000
45136.000000,3.000000,586.800049,567.931152,0.420000,-1.687658,-3.000000,-1.916544,13.489013,-6.009336,-6.500734,5.231613,1.000000
45146.000000,3.000000,586.800049,567.043823,0.420000,-1.716351,-3.000000,-1.884578,13.672645,-3.183983,-6.692531,3.518184,1.000000
45156.000000,3.000000,585.300049,565.688110,0.420000,-1.768378,-3.000000,-1.860746,14.005622,-5.586460,-6.835523,3.777015,1.000000
45166.000000,3.000000,585.000061,564.519958,0.420000,-1.789458,-3.000000,-1.865140,14.140533,-2.849516,-6.809162,3.269778,1.000000
45176.000000,3.000000,586.500061,563.394714,0.420000,-1.829384,-3.000000,-1.874561,14.396060,-4.236951,-6.752632,4.436591,1.000000
45186.000000,3.000000,586.800049,562.743774,0.420000,-1.817475,-3.000000,-1.876033,14.319839,-2.331694,-6.743804,2.537599,1.000000
45196.000000,3.000000,586.800049,561.837708,0.420000,-1.830081,-3.000000,-1.845775,14.400516,-4.624270,-6.925351,2.286046,1.000000
45206.000000,3.000000,586.800049,561.587524,0.420000,-1.830648,-3.000000,-1.822669,14.404144,-2.351362,-7.063987,1.719884,1.000000
45216.000000,3.000000,585.300049,560.854126,0.420000,-1.826440,-3.000000,-1.825077,14.377213,-3.728551,-7.049536,1.643732,1.000000
45226.000000,3.000000,585.000061,560.806213,0.420000,-1.810881,-3.000000,-1.868955,14.277636,-3.259071,-6.786268,-0.114235,1.000000
45236.000000,3.000000,585.000061,560.297119,0.420000,-1.781959,-3.000000,-1.935505,14.092536,-2.723212,-6.386971,-1.863891,1.000000
45246.000000,3.000000,585.000061,559.740906,0.420000,-1.766778,-3.000000,-1.995459,13.995379,-3.667261,-6.027246,-1.392956,1.000000
45256.000000,3.000000,585.000061,558.998291,0.420000,-1.763878,-3.000000,-2.038704,13.976819,-3.661245,-5.767774,-2.300820,1.000000
45266.000000,3.000000,585.000061,558.204529,0.420000,-1.731546,-3.000000,-2.094301,13.769895,-1.746276,-5.434197,-4.398753,1.000000
45276.000000,3.000000,585.000061,557.475769,0.420000,-1.715344,-3.000000,-2.146985,13.666203,-4.860795,-5.118091,-3.196250,1.000000
45286.000000,3.000000,585.000061,557.525208,0.420000,-1.680846,-3.000000,-2.210321,13.445414,0.782874,-4.738071,-5.110462,1.000000
45296.000000,3.000000,585.000061,557.227295,0.420000,-1.694128,-3.000000,-2.248674,13.530417,-2.924459,-4.507955,-2.752232,1.000000
45306.000000,3.000000,585.000061,556.807556,0.420000,-1.679686,-3.000000,-2.297240,13.437991,1.280130,-4.216557,-4.560167,1.000000
45316.000000,3.000000,585.000061,556.453247,0.420000,-1.674201,-3.000000,-2.356681,13.402890,-0.236924,-3.859913,-5.169446,1.000000
45326.000000,3.000000,585.000061,556.285095,0.420000,-1.643895,-3.000000,-2.413692,13.208930,1.062109,-3.517845,-3.931938,1.000000
45336.000000,3.000000,585.000061,556.390503,0.420000,-1.618088,-3.000000,-2.465402,13.043759,1.413981,-3.207590,-4.695313,1.000000
45346.000000,3.000000,585.000061,556.512817,0.420000,-1.571916,-3.000000,-2.515887,12.748265,2.286382,-2.904676,-3.557972,1.000000
45356.000000,3.000000,585.000061,556.769531,0.420000,-1.511223,-3.000000,-2.563409,12.359827,1.965792,-2.619545,-3.112571,1.000000
45366.000000,3.000000,585.000061,557.013489,0.420000,-1.443773,-3.000000,-2.598757,11.928148,1.825269,-2.407456,-1.815766,1.000000
45376.000000,3.000000,585.000061,557.452698,0.420000,-1.404846,-3.000000,-2.620438,11.679015,0.257038,-2.277373,-1.249586,1.000000
45386.000000,3.000000,585.000061,557.865295,0.420000,-1.364896,-3.000000,-2.637703,11.423336,1.118824,-2.173781,-1.150620,1.000000
45396.000000,3.000000,585.000061,558.572327,0.420000,-1.342439,-3.000000,-2.666426,11.279613,0.134881,-2.001443,-1.085021,1.000000
45406.000000,3.000000,585.000061,559.473328,0.420000,-1.312019,-3.000000,-2.698178,11.084922,0.126475,-1.810935,-0.151703,1.000000
45416.000000,3.000000,585.000061,560.488342,0.420000,-1.302785,-3.000000,-2.720780,11.025826,-0.457584,-1.675318,0.981616,1.000000
45426.000000,3.000000,585.000061,561.345947,0.420000,-1.289349,-3.000000,-2.734100,10.939832,-0.490303,-1.595402,0.646301,1.000000
45436.000000,3.000000,585.000061,562.048218,0.420000,-1.285902,-3.000000,-2.732314,10.917775,-1.234041,-1.606114,1.068355,1.000000
45446.000000,3.000000,585.000061,562.512146,0.420000,-1.286277,-3.000000,-2.722705,10.920173,-3.299084,-1.663768,1.224871,1.000000
45456.000000,3.000000,585.000061,563.303711,0.420000,-1.252952,-3.000000,-2.728951,10.706891,-0.879797,-1.626294,1.081775,1.000000
45466.000000,3.000000,585.000061,563.680176,0.420000,-1.233660,-3.000000,-2.757500,10.583422,-4.215573,-1.455002,0.735315,1.000000
45476.000000,3.000000,585.000061,564.216797,0.420000,-1.185037,-3.000000,-2.764718,10.272239,-1.483340,-1.411695,1.113824,1.000000
45486.000000,3.000000,585.000061,564.413025,0.420000,-1.181217,-3.000000,-2.743451,10.247790,-4.100141,-1.539295,0.666830,1.000000
45496.000000,3.000000,585.000061,564.983398,0.420000,-1.171882,-3.000000,-2.713459,10.188044,-2.922827,-1.719244,1.268722,1.000000
45506.000000,3.000000,585.000061,565.696533,0.420000,-1.196948,-3.000000,-2.680504,10.348468,-4.134874,-1.916978,1.017212,1.000000
45516.000000,3.000000,585.000061,566.106567,0.420000,-1.219053,-3.000000,-2.649049,10.489936,-2.872985,-2.105704,0.514524,1.000000
45526.000000,3.000000,585.000061,566.511963,0.420000,-1.240179,-3.000000,-2.633155,10.625146,-2.882623,-2.201072,0.567203,1.000000
45536.000000,3.000000,585.000061,567.530090,0.420000,-1.244723,-3.000000,-2.634597,10.654229,-3.040831,-2.192419,-0.137121,1.000000
45546.000000,3.000000,585.000061,568.358398,0.420000,-1.235319,-3.000000,-2.630999,10.594041,-2.229571,-2.214004,1.100792,1.000000
45556.000000,3.000000,585.000061,568.960938,0.420000,-1.233774,-3.000000,-2.620578,10.584155,-1.868496,-2.276532,1.479177,1.000000
45566.000000,3.000000,585.000061,569.739075,0.420000,-1.218007,-3.000000,-2.605270,10.483243,-0.400165,-2.368382,1.693297,1.000000
45576.000000,3.000000,585.000061,570.275146,0.420000,-1.211921,-3.000000,-2.591271,10.444297,-0.253600,-2.452374,1.044686,1.000000
45586.000000,3.000000,585.000061,571.095642,0.420000,-1.205610,-3.000000,-2.579922,10.403904,-0.082982,-2.520465,2.639448,1.000000
45596.000000,3.000000,585.000061,571.715332,0.420000,-1.177103,-3.000000,-2.582317,10.221460,1.527077,-2.506099,2.410518,1.000000
45606.000000,3.000000,585.000061,572.391113,0.420000,-1.151152,-3.000000,-2.576574,10.055374,-0.491094,-2.540558,3.356026,1.000000
45616.000000,3.000000,585.000061,573.187500,0.420000,-1.139778,-3.000000,-2.549344,9.982581,1.208072,-2.703938,3.645393,1.000000
45626.000000,3.000000,585.000061,573.664917,0.420000,-1.150535,-3.000000,-2.497458,10.051425,0.253078,-3.015255,4.446815,1.000000
45636.000000,3.000000,585.000061,574.222473,0.420000,-1.106673,-3.000000,-2.461687,9.770709,3.780924,-3.229876,3.484442,1.000000
45646.000000,3.000000,585.000061,574.737427,0.420000,-1.055351,-3.000000,-2.431998,9.442245,1.735940,-3.408015,4.675159,1.000000
45656.000000,3.000000,585.000061,575.900330,0.420000,-0.980398,-3.000000,-2.405153,8.962545,3.594343,-3.569080,4.717438,1.000000
45666.000000,3.000000,585.000061,576.784058,0.420000,-0.943192,-3.000000,-2.365515,8.724425,1.720925,-3.806911,6.106838,1.000000
45676.000000,3.000000,585.000061,577.760864,0.420000,-0.889288,-3.000000,-2.328257,8.379445,3.938728,-4.030456,4.880041,1.000000
45686.000000,3.000000,585.000061,577.959839,0.420000,-0.851810,-3.000000,-2.283084,8.139583,0.854016,-4.301495,5.903148,1.000000
45696.000000,3.000000,585.000061,578.735596,0.420000,-0.791782,-3.000000,-2.237775,7.755402,3.122380,-4.573352,4.896149,1.000000
45706.000000,3.000000,585.000061,579.793152,0.420000,-0.755623,-3.000000,-2.182124,7.523985,0.666830,-4.907255,5.835431,1.000000
45716.000000,3.000000,585.000061,581.230591,0.420000,-0.733684,-3.000000,-2.154498,7.383577,1.780708,-5.073011,3.628481,1.000000
45726.000000,3.000000,585.000061,582.426697,0.420000,-0.720632,-3.000000,-2.111181,7.300045,1.381037,-5.332914,5.250169,1.000000
45736.000000,3.000000,585.000061,583.029358,0.420000,-0.711213,-3.000000,-2.081851,7.239761,1.386053,-5.508893,5.364895,1.000000
45746.000000,3.000000,585.000061,583.514038,0.420000,-0.699621,-3.000000,-2.049274,7.165576,0.674244,-5.704356,5.672961,1.000000
45756.000000,3.000000,585.000061,584.337280,0.420000,-0.680697,-3.000000,-2.013827,7.044463,1.339729,-5.917040,4.001158,1.000000
45766.000000,3.000000,585.000061,585.509644,0.420000,-0.646100,-3.000000,-1.985827,6.823042,1.059003,-6.085035,2.395493,1.000000
45776.000000,3.000000,585.000061,585.743225,0.420000,-0.599288,-3.000000,-1.959912,6.523443,3.297071,-6.240525,3.110927,1.000000
45786.000000,3.000000,585.000061,587.157043,0.420000,-0.544294,-3.000000,-1.954620,6.171479,2.080873,-6.272278,0.197818,1.000000
45796.000000,3.000000,585.000061,588.542236,0.340000,-0.495031,-2.600000,-1.948431,5.856201,4.654467,-6.309411,0.183474,1.000000
45806.000000,3.000000,585.000061,589.288757,0.340000,-0.435062,-2.480000,-1.968573,4.960397,4.729123,-3.788559,-2.378951,1.000000
45816.000000,3.000000,585.000061,589.874695,-0.260000,-0.395570,-2.480000,-1.992573,4.707648,5.332188,-2.924560,-2.115917,1.000000
45826.000000,3.000000,585.000061,589.630249,-0.260000,-0.352950,-2.480000,-2.028674,0.594882,5.174768,-2.707957,-3.045347,1.000000
45836.000000,3.000000,585.000061,589.579590,-0.340000,-0.309162,-2.480000,-2.066757,0.314637,5.130442,-2.479457,-2.542805,1.000000
45846.000000,3.000000,585.000061,590.720337,-0.340000,-0.263885,-2.480000,-2.105661,-0.487134,3.958172,-2.246036,-2.544819,1.000000
45856.000000,3.000000,585.000061,591.874390,-0.340000,-0.260924,-2.480000,-2.146565,-0.506088,2.918017,-2.000607,-2.348119,1.000000
45866.000000,3.000000,585.000061,592.997375,-0.340000,-0.239913,-2.480000,-2.174883,-0.640555,3.951414,-1.830701,-2.021652,1.000000
45876.000000,3.000000,585.000061,593.791748,-0.940000,-0.223936,-2.480000,-2.195466,-0.742810,1.547601,-1.707207,-0.716213,1.000000
45886.000000,3.000000,585.000061,595.166992,-0.940000,-0.187202,-2.480000,-2.209918,-4.817907,1.153859,-1.620492,-1.661807,1.000000
45896.000000,3.000000,585.000061,595.972046,-0.940000,-0.148293,-2.600000,-2.228248,-5.066926,-0.470598,-1.510510,-0.397736,1.000000
45906.000000,3.000000,585.000061,596.722412,-0.940000,-0.093740,-2.600000,-2.258826,-5.416065,-0.944162,-2.047045,-1.312206,1.000000
45916.000000,3.000000,585.000061,597.899170,-0.940000,-0.062098,-2.600000,-2.299006,-5.618574,-2.789353,-1.805961,-1.700330,1.000000
45926.000000,3.000000,585.000061,598.777832,-0.940000,-0.059926,-2.600000,-2.342284,-5.632474,-3.509023,-1.546293,-2.971039,1.000000
45936.000000,3.000000,585.000061,599.233459,-0.940000,-0.055147,-2.600000,-2.383541,-5.663062,-3.761803,-1.298753,-3.298425,1.000000
45946.000000,3.000000,585.000061,599.596191,-0.940000,-0.084202,-2.600000,-2.449363,-5.477109,-6.844800,-0.903823,-5.433406,1.000000
45956.000000,3.000000,585.000061,600.159424,-0.940000,-0.072013,-2.600000,-2.508176,-5.555118,-3.349703,-0.550941,-4.418357,1.000000
45966.000000,3.000000,585.000061,601.014587,-0.940000,-0.106056,-2.600000,-2.561443,-5.337244,-7.913538,-0.231341,-5.169562,1.000000
45976.000000,3.000000,585.000061,601.425781,-0.820000,-0.081924,-2.600000,-2.619798,-5.491688,-3.554738,0.118788,-6.080737,1.000000
45986.000000,3.000000,585.000061,601.528198,-0.820000,-0.117222,-2.600000,-2.676589,-4.497777,-8.882689,0.459535,-5.538028,1.000000
45996.000000,3.000000,585.000061,601.643127,-0.820000,-0.115469,-2.600000,-2.728661,-4.508999,-4.344279,0.771967,-5.541460,1.000000
46006.000000,3.000000,585.000061,601.672119,-0.940000,-0.165781,-2.600000,-2.784036,-4.187000,-8.939236,1.104215,-4.428306,1.000000
46016.000000,3.000000,585.000061,601.487000,-0.940000,-0.181782,-2.600000,-2.831495,-4.852592,-3.599063,1.388971,-4.139675,1.000000
46026.000000,3.000000,585.000061,601.139099,-0.940000,-0.242005,-2.600000,-2.871006,-4.467165,-10.697430,1.626037,-3.835202,1.000000
46036.000000,3.000000,585.000061,601.216675,-0.940000,-0.270474,-2.600000,-2.888070,-4.284967,-4.342396,1.728418,-1.576478,1.000000
46046.000000,3.000000,585.000061,601.316284,-0.940000,-0.315726,-2.000000,-2.935970,-3.995357,-8.018182,2.015818,-3.818381,1.000000
46056.000000,3.000000,585.000061,601.199585,-0.940000,-0.359946,-2.000000,-2.976741,-3.712346,-6.287229,5.860448,-1.417183,1.000000
46066.000000,3.000000,585.000061,600.908142,-0.940000,-0.407399,-2.000000,-3.022413,-3.408649,-6.091725,6.134481,-2.385265,1.000000
46076.000000,3.000000,585.000061,600.623962,-1.020000,-0.489731,-2.000000,-3.041184,-2.881722,-7.740913,6.247107,-0.255542,1.000000
46086.000000,3.000000,585.000061,600.480530,-1.500000,-0.555199,-2.120000,-3.048694,-2.974724,-6.411643,6.292165,0.163263,1.000000
46096.000000,3.000000,585.000061,600.545959,-1.500000,-0.629728,-2.120000,-3.032730,-5.569738,-8.543100,5.476380,2.322867,1.000000
46106.000000,3.000000,585.000061,600.341980,-1.500000,-0.675066,-2.120000,-3.015599,-5.279579,-4.901176,5.373593,3.077094,1.000000
46116.000000,3.000000,585.000061,600.413879,-1.500000,-0.733713,-2.120000,-3.006275,-4.904238,-8.067227,5.317653,2.918398,1.000000
46126.000000,3.000000,585.000061,600.201111,-1.500000,-0.810661,-2.120000,-2.975651,-4.411769,-7.995727,5.133904,5.163110,1.000000
46136.000000,3.000000,585.000061,599.770386,-1.500000,-0.868794,-2.120000,-2.934236,-4.039717,-7.231089,4.885418,5.979736,1.000000
46146.000000,3.000000,585.000061,598.830566,-1.500000,-0.936405,-2.120000,-2.878678,-3.607006,-8.762693,4.552068,6.730535,1.000000
46156.000000,3.000000,585.000061,598.383850,-1.500000,-0.956439,-2.120000,-2.822738,-3.478793,-6.532774,4.216431,6.458929,1.000000
46166.000000,3.000000,585.000061,598.244812,-1.500000,-1.015198,-2.120000,-2.749366,-3.102731,-9.117089,3.776196,8.280398,1.000000
46176.000000,3.000000,585.000061,597.791077,-1.500000,-1.021541,-2.120000,-2.690534,-3.062135,-2.409973,3.423207,7.145055,1.000000
46186.000000,3.000000,585.000061,596.862793,-1.500000,-1.074025,-2.120000,-2.637599,-2.726241,-10.066060,3.105593,8.062886,1.000000
46196.000000,3.000000,585.000061,595.657654,-1.500000,-1.103582,-2.000000,-2.543116,-2.537075,-3.112088,2.538697,9.237941,1.000000
46206.000000,3.000000,585.000061,595.298950,-1.500000,-1.167849,-1.520000,-2.410424,-2.125765,-7.484768,2.462543,8.983919,1.000000
46216.000000,3.000000,585.000061,595.040283,-1.500000,-1.203375,-1.520000,-2.284721,-1.898398,-3.011729,4.588326,9.859477,1.000000
46226.000000,3.000000,585.000061,594.870483,-1.500000,-1.232804,-1.520000,-2.200094,-1.710052,-4.426249,4.080565,8.440325,1.000000
46236.000000,3.000000,585.000061,594.619934,-2.220000,-1.262444,-1.520000,-2.124576,-1.520357,-2.938828,3.627455,9.396944,1.000000
46246.000000,3.000000,585.000061,594.304321,-2.220000,-1.275332,-1.040000,-2.071042,-6.045877,-2.075212,3.306250,8.688971,1.000000
46256.000000,3.000000,585.000061,594.041504,-2.900000,-1.275091,-1.040000,-2.013584,-6.047417,-2.208412,5.841506,9.076838,1.000000
46266.000000,3.000000,585.000061,593.184326,-2.900000,-1.259063,-1.040000,-1.934204,-10.502000,-0.661188,5.365223,9.046080,1.000000
46276.000000,3.000000,585.000061,592.419373,-2.900000,-1.249776,-0.920000,-1.851743,-10.561435,-1.656758,4.870455,7.830773,1.000000
46286.000000,3.000000,585.000061,591.573792,-2.980000,-1.254152,-0.920000,-1.769236,-10.533427,-0.312981,5.095413,8.964479,1.000000
46296.000000,3.000000,585.000061,591.056091,-2.980000,-1.233707,-0.920000,-1.710346,-11.176277,-0.744564,4.742078,7.717365,1.000000
46306.000000,3.000000,585.000061,590.341675,-2.980000,-1.237014,-0.920000,-1.640753,-11.155113,-1.981494,4.324515,7.954054,1.000000
46316.000000,3.000000,585.000061,589.555664,-2.980000,-1.200005,-0.840000,-1.576646,-11.391967,-0.849528,3.939873,7.452548,1.000000
46326.000000,3.000000,585.000061,589.397278,-2.980000,-1.160828,-0.840000,-1.522440,-11.642704,-1.353663,4.094639,8.536517,1.000000
46336.000000,3.000000,585.000061,589.128113,-3.100000,-1.074686,-0.840000,-1.492628,-12.194008,-0.567801,3.915766,6.821925,1.000000
46346.000000,3.000000,585.000061,588.414063,-3.100000,-1.074616,-0.840000,-1.478049,-12.962455,-3.618793,3.828295,7.349196,1.000000
46356.000000,3.000000,585.000061,587.165039,-3.100000,-1.054852,-0.840000,-1.447319,-13.088946,-0.265003,3.643910,6.982305,1.000000
46366.000000,3.000000,585.000061,585.941956,-3.100000,-1.089628,-0.840000,-1.389863,-12.866381,-4.765284,3.299176,7.190781,1.000000
46376.000000,3.000000,585.000061,585.210083,-2.980000,-1.084687,-0.840000,-1.323051,-12.898002,-1.999601,2.898308,7.034956,1.000000
46386.000000,3.000000,585.000061,584.248718,-2.980000,-1.120079,-0.840000,-1.249107,-11.903492,-4.947142,2.454641,6.426702,1.000000
46396.000000,3.000000,585.000061,583.515747,-2.980000,-1.133126,-0.720000,-1.182003,-11.819996,-2.975718,2.052018,5.256936,1.000000
46406.000000,3.000000,585.000061,582.703247,-2.980000,-1.174955,-0.840000,-1.131686,-11.552290,-5.990032,2.470117,5.044768,1.000000
46416.000000,3.000000,585.000061,581.821533,-2.980000,-1.190101,-0.720000,-1.095952,-11.455356,-5.638001,1.535711,4.524235,1.000000
46426.000000,3.000000,585.000061,581.015320,-2.980000,-1.201547,-0.720000,-1.088467,-11.382100,-6.868191,2.210799,3.893478,1.000000
46436.000000,3.000000,585.000061,579.969360,-2.980000,-1.207326,-0.720000,-1.099205,-11.345117,-7.796537,2.275227,3.641920,1.000000
46446.000000,3.000000,585.000061,579.053223,-2.980000,-1.230524,-0.720000,-1.123302,-11.196645,-9.963301,2.419812,2.592356,1.000000
46456.000000,3.000000,585.000061,578.152588,-2.980000,-1.287841,-0.840000,-1.134305,-10.829819,-11.596006,2.485827,2.352955,1.000000
46466.000000,3.000000,585.000061,577.343079,-2.980000,-1.353804,-0.840000,-1.127173,-10.407658,-11.412755,1.723037,2.840156,1.000000
46476.000000,3.000000,585.000061,576.538025,-2.980000,-1.465203,-0.840000,-1.108404,-9.694701,-14.390627,1.610423,2.634536,1.000000
46486.000000,3.000000,585.000061,575.446594,-3.100000,-1.589979,-0.840000,-1.074400,-8.896136,-12.369278,1.406402,2.888295,1.000000
46496.000000,3.000000,585.000061,574.658752,-3.100000,-1.740878,-0.840000,-1.035535,-8.698381,-13.623945,1.173206,3.627810,1.000000
46506.000000,3.000000,585.000061,574.105225,-3.100000,-1.869611,-0.840000,-0.988127,-7.874486,-12.774772,0.888760,4.873244,1.000000
46516.000000,3.000000,585.000061,573.872131,-3.100000,-2.015362,-0.840000,-0.944186,-6.941684,-14.537600,0.625114,3.958206,1.000000
46526.000000,3.000000,585.000061,573.057617,-3.180000,-2.126237,-0.840000,-0.896887,-6.232085,-12.154891,0.341320,4.689150,1.000000
46536.000000,3.000000,585.000061,571.935303,-3.660000,-2.253220,-0.920000,-0.858785,-5.931394,-13.282915,0.112708,4.738867,1.000000
46546.000000,3.000000,585.000061,570.739807,-3.660000,-2.356504,-0.920000,-0.835052,-8.342371,-11.501576,-0.509688,3.225560,1.000000
46556.000000,3.000000,585.000061,570.306946,-3.660000,-2.481890,-0.920000,-0.810668,-7.539905,-11.355410,-0.655994,3.675308,1.000000
46566.000000,3.000000,585.000061,570.435913,-3.780000,-2.580465,-0.920000,-0.793640,-6.909021,-10.382182,-0.758157,3.417207,1.000000
46576.000000,3.000000,585.000061,570.338806,-3.780000,-2.676426,-0.920000,-0.787709,-7.062875,-10.590307,-0.793749,2.658265,1.000000
46586.000000,3.000000,585.000061,569.958679,-3.780000,-2.740649,-0.920000,-0.785688,-6.651846,-8.584061,-0.805874,2.146919,1.000000
46596.000000,3.000000,585.000061,569.501770,-3.780000,-2.794618,-0.920000,-0.787698,-6.306444,-8.255485,-0.793810,2.366847,1.000000
46606.000000,3.000000,585.000061,569.069885,-3.780000,-2.844464,-0.920000,-0.798945,-5.987428,-9.006841,-0.726331,0.829004,1.000000
46616.000000,3.000000,585.000061,568.863220,-3.780000,-2.894085,-0.920000,-0.815031,-5.669855,-7.421980,-0.629814,0.578381,1.000000
46626.000000,3.000000,585.000061,568.473328,-3.780000,-2.940909,-0.920000,-0.845307,-5.370183,-7.965848,-0.448159,-0.572342,1.000000
46636.000000,3.000000,585.000061,568.595581,-3.860000,-2.974952,-0.920000,-0.867156,-5.152307,-5.540876,-0.317067,0.372562,1.000000
46646.000000,3.000000,585.000061,568.459778,-3.860000,-3.008281,-0.920000,-0.902134,-5.451004,-6.775381,-0.107194,-0.445143,1.000000
46656.000000,3.000000,585.000061,568.354675,-3.860000,-3.020480,-0.920000,-0.940674,-5.372930,-4.720333,0.124043,-0.791518,1.000000
46666.000000,3.000000,585.000061,568.479431,-3.860000,-3.045922,-0.920000,-0.972421,-5.210098,-6.799677,0.314525,-0.432997,1.000000
46676.000000,3.000000,585.000061,568.574646,-3.860000,-3.061038,-1.040000,-1.022778,-5.113353,-3.374343,0.616668,-1.163191,1.000000
46686.000000,3.000000,585.000061,568.321777,-3.860000,-3.094082,-1.040000,-1.065828,-4.901874,-4.009228,0.154967,-1.078174,1.000000
46696.000000,3.000000,585.000061,568.202209,-3.860000,-3.100932,-1.520000,-1.097397,-4.858034,-1.469743,0.344383,-1.143004,1.000000
46706.000000,3.000000,585.000061,568.359436,-3.860000,-3.088333,-1.520000,-1.111888,-4.938671,-2.326694,-2.448669,-0.594267,1.000000
46716.000000,3.000000,585.000061,568.462646,-3.860000,-3.048495,-1.520000,-1.126734,-5.193630,-0.413684,-2.359596,-1.009566,1.000000
46726.000000,3.000000,585.000061,568.481567,-3.940000,-3.031085,-1.520000,-1.145046,-5.305052,-1.441345,-2.249723,-1.820796,1.000000
46736.000000,3.000000,585.000061,568.534241,-3.940000,-2.995004,-1.520000,-1.171247,-6.047974,0.459574,-2.092521,-2.841142,1.000000
46746.000000,3.000000,585.000061,568.560425,-3.940000,-2.974932,-1.520000,-1.200845,-6.176433,-1.998538,-1.914933,-2.425759,1.000000
46756.000000,3.000000,585.000061,569.070190,-3.940000,-2.940063,-1.600000,-1.223713,-6.399599,1.656311,-1.777722,-3.915004,1.000000
46766.000000,3.000000,585.000061,569.541504,-3.940000,-2.942597,-1.600000,-1.231867,-6.383379,-3.074251,-2.208796,-3.073234,1.000000
46776.000000,3.000000,585.000061,570.119751,-3.940000,-2.910035,-1.600000,-1.286652,-6.591774,1.251385,-1.880087,-6.056474,1.000000
46786.000000,3.000000,585.000061,570.296631,-3.940000,-2.914763,-1.600000,-1.351255,-6.561519,-2.262033,-1.492468,-5.478673,1.000000
46796.000000,3.000000,585.000061,570.410522,-3.940000,-2.887407,-1.600000,-1.419950,-6.736598,0.226962,-1.080299,-5.647381,1.000000
46806.000000,3.000000,585.000061,570.308899,-3.940000,-2.895715,-1.600000,-1.488403,-6.683424,-3.267198,-0.669584,-5.826944,1.000000
46816.000000,3.000000,585.000061,570.506042,-3.860000,-2.876683,-1.600000,-1.545906,-6.805226,-0.893799,-0.324562,-6.249691,1.000000
46826.000000,3.000000,585.000061,570.370178,-3.860000,-2.880153,-1.600000,-1.600785,-6.271022,-2.883245,0.004711,-5.703434,1.000000
46836.000000,3.000000,585.000061,571.000916,-3.860000,-2.846781,-1.600000,-1.657354,-6.484598,-0.765738,0.344125,-6.138774,1.000000
46846.000000,3.000000,585.000061,571.361267,-3.860000,-2.861772,-1.600000,-1.721265,-6.388660,-4.402460,0.727590,-5.388174,1.000000
46856.000000,3.000000,585.000061,571.754395,-3.860000,-2.840163,-1.600000,-1.789421,-6.526953,-1.128198,1.136528,-5.556129,1.000000
46866.000000,3.000000,585.000061,571.782837,-3.860000,-2.853873,-1.600000,-1.840411,-6.439209,-3.945979,1.442466,-4.681811,1.000000
46876.000000,3.000000,585.000061,571.889343,-3.860000,-2.854802,-1.600000,-1.880085,-6.433266,-2.417723,1.680510,-5.218650,1.000000
46886.000000,3.000000,585.000061,572.011292,-3.780000,-2.862687,-1.600000,-1.912572,-6.382802,-3.111241,1.875434,-4.364544,1.000000
46896.000000,3.000000,585.000061,572.402344,-3.260000,-2.850799,-1.600000,-1.956388,-5.946886,-2.138916,2.138327,-4.838171,1.000000
46906.000000,3.000000,585.000061,572.505066,-3.260000,-2.849432,-1.600000,-1.998202,-2.627637,-3.181538,2.389210,-4.359614,1.000000
46916.000000,3.000000,585.000061,572.826965,-3.260000,-2.835583,-1.720000,-2.041245,-2.716270,-1.182336,2.647467,-4.852004,1.000000
46926.000000,3.000000,585.000061,573.003906,-3.260000,-2.834591,-1.720000,-2.083758,-2.722618,-4.045338,2.182549,-3.910381,1.000000
46936.000000,3.000000,585.000061,573.936096,-3.260000,-2.809855,-1.720000,-2.117894,-2.880925,-1.185983,2.387366,-4.697153,1.000000
46946.000000,3.000000,585.000061,574.679871,-3.260000,-2.819884,-1.720000,-2.132201,-2.816745,-3.823906,2.473206,-4.143810,1.000000
46956.000000,3.000000,585.000061,575.736816,-3.260000,-2.789960,-1.800000,-2.155473,-3.008258,-1.362094,2.612836,-4.524865,1.000000
46966.000000,3.000000,585.000061,576.525146,-3.260000,-2.788780,-1.800000,-2.183315,-3.015805,-4.563304,2.299890,-4.887290,1.000000
46976.000000,3.000000,585.000061,577.265198,-3.260000,-2.783519,-1.800000,-2.217468,-3.049481,-3.322258,2.504808,-5.044745,1.000000
46986.000000,3.000000,585.000061,577.989319,-3.260000,-2.796047,-1.800000,-2.263302,-2.969301,-5.106357,2.779811,-5.562171,1.000000
46996.000000,3.000000,585.000061,578.935913,-2.700000,-2.811871,-2.400000,-2.288973,-2.868028,-4.220873,2.933837,-4.709170,1.000000
47006.000000,3.000000,585.000061,579.177795,-2.220000,-2.836389,-2.400000,-2.324180,0.872890,-6.095572,-0.454918,-5.690491,1.000000
47016.000000,3.000000,585.000061,579.354797,-2.220000,-2.853018,-2.400000,-2.356488,4.051314,-5.121261,-0.261071,-5.640848,1.000000
47026.000000,3.000000,585.000061,580.762024,-2.220000,-2.872468,-2.400000,-2.397621,4.175795,-5.527987,-0.014275,-7.045127,1.000000
47036.000000,3.000000,585.000061,582.283630,-1.500000,-2.877256,-2.480000,-2.462943,4.206436,-3.510053,0.377655,-8.889959,1.000000
47046.000000,3.000000,585.000061,583.006470,-1.500000,-2.859632,-2.480000,-2.545460,8.701642,-2.980468,0.392760,-9.332273,1.000000
47056.000000,3.000000,585.000061,584.072205,-1.500000,-2.814211,-2.480000,-2.650390,8.410950,-0.399077,1.022341,-10.546681,1.000000
47066.000000,3.000000,585.000061,585.210083,-1.500000,-2.756575,-2.480000,-2.762362,8.042078,1.495121,1.694172,-11.861994,1.000000
47076.000000,3.000000,585.000061,586.030762,-1.500000,-2.699918,-2.600000,-2.879798,7.679472,2.840464,2.398789,-11.914734,1.000000
47086.000000,3.000000,585.000061,586.723938,-1.140000,-2.635970,-2.600000,-3.009359,7.270210,6.318331,2.456154,-13.747327,1.000000
47096.000000,3.000000,585.000061,587.268616,-1.140000,-2.575673,-2.600000,-3.119519,9.188308,5.350061,3.117113,-12.483186,1.000000
47106.000000,3.000000,585.000061,588.794556,-1.140000,-2.479240,-2.600000,-3.245528,8.571137,9.173966,3.873166,-14.475047,1.000000
47116.000000,3.000000,585.000061,590.115356,-0.140000,-2.379878,-2.680000,-3.375972,7.935218,7.691050,4.655831,-14.943419,1.000000
47126.000000,3.000000,585.000061,591.406128,-0.060000,-2.250277,-2.680000,-3.518478,13.505771,11.174238,5.030867,-14.946004,1.000000
47136.000000,3.000000,585.000061,592.272034,0.340000,-2.125499,-3.000000,-3.679037,13.219195,9.475006,5.994221,-15.733601,1.000000
47146.000000,3.000000,585.000061,592.883423,0.340000,-1.997833,-3.000000,-3.827877,14.962128,11.648821,4.967261,-15.583892,1.000000
47156.000000,3.000000,585.000061,593.027832,0.340000,-1.865897,-3.000000,-3.966356,14.117740,10.201280,5.798136,-15.265230,1.000000
47166.000000,3.000000,585.000061,592.899536,0.340000,-1.770408,-3.000000,-4.081699,13.506607,10.271529,6.490196,-13.339028,1.000000
47176.000000,3.000000,585.000061,593.237793,0.340000,-1.612677,-3.000000,-4.214935,12.497130,13.377733,7.289609,-13.965308,1.000000
47186.000000,3.000000,585.000061,593.825562,0.340000,-1.488033,-3.000000,-4.332448,11.699409,9.803420,7.994688,-11.621450,1.000000
47196.000000,3.000000,585.000061,594.252686,0.340000,-1.309666,-3.000000,-4.434146,10.557862,12.918387,8.604878,-10.198451,1.000000
47206.000000,3.000000,585.000061,594.695190,0.340000,-1.191449,-3.000000,-4.508025,9.801271,8.065679,9.048151,-8.650175,1.000000
47216.000000,3.000000,585.000061,594.964355,0.340000,-1.057553,-3.000000,-4.548581,8.944342,9.565412,9.291487,-5.123991,1.000000
47226.000000,3.000000,585.000061,595.487183,0.340000,-0.960200,-3.000000,-4.578806,8.321277,5.411269,9.472836,-3.621945,1.000000
47236.000000,3.000000,585.000061,596.099731,0.340000,-0.867069,-3.000000,-4.591594,7.725244,5.250572,9.549562,-1.236441,1.000000
47246.000000,3.000000,585.000061,596.485779,0.340000,-0.821288,-3.000000,-4.610363,7.432242,2.476545,9.662175,-1.472872,1.000000
47256.000000,3.000000,585.000061,597.030762,0.340000,-0.782225,-3.000000,-4.597920,7.182237,2.094157,9.587520,1.431730,1.000000
47266.000000,3.000000,585.000061,597.388123,0.340000,-0.762177,-3.000000,-4.568040,7.053930,0.870273,9.408239,2.160320,1.000000
47276.000000,3.000000,585.000061,597.870361,0.340000,-0.764010,-3.000000,-4.534520,7.065662,-0.957340,9.207118,2.529722,1.000000
47286.000000,3.000000,585.000061,598.123901,0.340000,-0.750209,-3.000000,-4.496471,6.977334,-0.596332,8.978826,3.811919,1.000000
47296.000000,3.000000,585.000061,598.292175,0.420000,-0.747637,-3.000000,-4.472214,6.960875,-0.635768,8.833282,2.839851,1.000000
47306.000000,3.000000,585.000061,598.612793,0.420000,-0.736662,-3.000000,-4.441976,7.402638,1.194221,8.651856,2.484812,1.000000
47316.000000,3.000000,585.000061,598.667603,0.420000,-0.712511,-3.000000,-4.417809,7.248068,2.639194,8.506857,1.442214,1.000000
47326.000000,3.000000,585.000061,598.819946,0.420000,-0.671012,-3.000000,-4.388453,6.982475,4.114491,8.330715,1.347245,1.000000
47336.000000,3.000000,585.000061,599.156555,0.420000,-0.594808,-3.000000,-4.367620,6.494768,8.249682,8.205717,-0.630328,1.000000
47346.000000,3.000000,585.000061,599.488464,0.420000,-0.496180,-3.000000,-4.346604,5.863549,9.313453,8.079623,-1.174822,1.000000
47356.000000,3.000000,585.000061,599.642639,0.420000,-0.372195,-3.000000,-4.337774,5.070050,12.696076,8.026643,-1.672313,1.000000
47366.000000,3.000000,585.000061,599.629822,0.420000,-0.216532,-3.000000,-4.349102,4.073808,13.803880,8.094615,-2.820750,1.000000
47376.000000,3.000000,585.000061,600.001160,0.340000,-0.063335,-3.000000,-4.372509,3.093343,14.543869,8.235051,-3.133438,1.000000
47386.000000,3.000000,585.000061,600.851563,0.340000,0.101193,-3.000000,-4.398244,1.528366,16.061758,8.389463,-3.799711,1.000000
47396.000000,3.000000,585.000061,600.993530,0.420000,0.248980,-3.000000,-4.427349,0.582527,15.418184,8.564095,-3.576718,1.000000
47406.000000,3.000000,585.000061,600.857727,0.420000,0.407783,-3.000000,-4.447176,0.078192,17.574045,8.683059,-3.655790,1.000000
47416.000000,3.000000,585.000061,600.290466,0.420000,0.536394,-3.000000,-4.460416,-0.744923,11.842324,8.762498,-2.319316,1.000000
47426.000000,3.000000,585.000061,599.832031,0.420000,0.659184,-3.000000,-4.460252,-1.530780,12.027159,8.761514,-0.474350,1.000000
47436.000000,3.000000,585.000061,599.780579,0.420000,0.740011,-3.000000,-4.441872,-2.048074,7.249907,8.651230,0.393238,1.000000
47446.000000,3.000000,585.000061,599.622925,0.420000,0.799564,-3.000000,-4.406123,-2.429208,7.575011,8.436736,2.411011,1.000000
47456.000000,3.000000,585.000061,599.396362,0.420000,0.836475,-3.000000,-4.352095,-2.665438,4.024212,8.112568,4.287046,1.000000
47466.000000,3.000000,585.000061,598.969299,0.420000,0.866183,-3.000000,-4.292729,-2.855569,2.874844,7.756373,5.632024,1.000000
47476.000000,3.000000,585.000061,598.246521,0.420000,0.885633,-3.000000,-4.210264,-2.980050,0.644197,7.261582,7.259820,1.000000
47486.000000,3.000000,585.000061,597.781189,0.420000,0.884315,-3.000000,-4.131971,-2.971617,-0.545498,6.791828,6.783479,1.000000
47496.000000,3.000000,585.000061,597.357727,0.420000,0.862998,-3.000000,-4.028669,-2.835188,-1.733450,6.172013,8.364973,1.000000
47506.000000,3.000000,585.000061,596.830261,0.420000,0.804706,-3.000000,-3.920931,-2.462119,-2.558647,5.525585,7.613026,1.000000
47516.000000,3.000000,585.000061,596.034668,0.420000,0.761787,-3.000000,-3.815850,-2.187439,-1.562300,4.895099,8.121110,1.000000
47526.000000,3.000000,585.000061,595.110291,0.420000,0.728355,-3.000000,-3.712875,-1.973471,-2.011859,4.277249,7.528530,1.000000
47536.000000,3.000000,585.000061,594.512817,0.420000,0.701030,-3.000000,-3.613333,-1.798590,-0.995897,3.680001,6.302485,1.000000
47546.000000,3.000000,585.000061,594.082092,0.420000,0.682593,-3.000000,-3.532328,-1.680598,0.375852,3.193967,5.675915,1.000000
47556.000000,3.000000,585.000061,593.853943,0.420000,0.667283,-3.000000,-3.464080,-1.582612,0.235746,2.784479,4.786989,1.000000
47566.000000,3.000000,585.000061,593.476196,0.420000,0.669901,-3.000000,-3.412752,-1.599366,3.430533,2.476511,3.690198,1.000000
47576.000000,3.000000,585.000061,593.193542,0.420000,0.664877,-3.000000,-3.361674,-1.567213,0.296754,2.170046,4.208991,1.000000
47586.000000,3.000000,585.000061,592.820496,0.420000,0.676128,-3.000000,-3.319865,-1.639218,3.380993,1.919187,2.277827,1.000000
47596.000000,3.000000,585.000061,592.351379,0.420000,0.691558,-3.000000,-3.288529,-1.737973,2.694210,1.731176,1.724950,1.000000
47606.000000,3.000000,585.000061,591.644470,0.420000,0.728120,-3.000000,-3.272856,-1.971965,4.749844,1.637139,1.062409,1.000000
47616.000000,3.000000,585.000061,590.963013,0.420000,0.753973,-3.000000,-3.261526,-2.137430,2.350545,1.569155,-0.129914,1.000000
47626.000000,3.000000,585.000061,590.107422,0.420000,0.770867,-3.000000,-3.241861,-2.245550,4.601162,1.451164,0.076470,1.000000
47636.000000,3.000000,585.000061,589.493164,0.420000,0.796929,-3.000000,-3.216770,-2.412345,3.756243,1.300618,0.455571,1.000000
47646.000000,3.000000,585.000061,588.893494,0.420000,0.833338,-3.000000,-3.187432,-2.645365,5.384483,1.124589,1.016718,1.000000
47656.000000,3.000000,585.000061,588.377625,0.420000,0.883543,-3.000000,-3.161168,-2.966678,2.246397,0.967010,0.053544,1.000000
47666.000000,3.000000,585.000061,588.018433,0.420000,0.916283,-3.000000,-3.133015,-3.176212,3.553652,0.798092,0.801396,1.000000
47676.000000,3.000000,585.000061,587.514954,0.420000,0.938933,-3.000000,-3.131430,-3.321171,1.446978,0.788582,-0.851206,1.000000
47686.000000,3.000000,585.000061,587.118286,0.420000,0.943002,-3.000000,-3.138128,-3.347213,2.402157,0.828765,0.236245,1.000000
47696.000000,3.000000,585.000061,586.792114,0.420000,0.938440,-3.000000,-3.157231,-3.318019,0.295377,0.943385,0.420841,1.000000
47706.000000,3.000000,585.000061,585.991638,0.420000,0.946710,-3.000000,-3.175362,-3.370947,1.806452,1.052173,0.065461,1.000000
47716.000000,3.000000,585.000061,584.956848,0.420000,0.939725,-3.000000,-3.173111,-3.326238,0.385187,1.038664,-0.218595,1.000000
47726.000000,3.000000,585.000061,583.831604,0.420000,0.938858,-3.000000,-3.154447,-3.320694,2.205883,0.926682,0.480116,1.000000
47736.000000,3.000000,585.000061,583.651611,0.420000,0.941867,-3.000000,-3.160385,-3.339946,-0.573402,0.962308,0.023255,1.000000
47746.000000,3.000000,585.000061,583.369751,0.420000,0.974254,-3.000000,-3.191049,-3.547226,1.575301,1.146295,-0.431226,1.000000
47756.000000,3.000000,585.000061,582.894348,0.420000,0.964616,-3.000000,-3.206138,-3.485541,-1.608226,1.236826,0.020492,1.000000
47766.000000,3.000000,585.000061,581.484192,0.420000,0.966010,-3.000000,-3.216702,-3.494464,1.174003,1.300209,-0.782546,1.000000
47776.000000,3.000000,585.000061,580.456360,0.420000,0.942765,-3.000000,-3.229215,-3.345694,-0.096049,1.375291,-0.456920,1.000000
47786.000000,3.000000,585.000061,580.967590,0.420000,0.952849,-3.000000,-3.249558,-3.410233,0.554742,1.497351,-0.801034,1.000000
47796.000000,3.000000,585.000061,581.572327,0.420000,0.951974,-3.000000,-3.271250,-3.404633,-0.383641,1.627503,-0.605587,1.000000
47806.000000,3.000000,585.000061,581.446838,0.420000,0.975725,-3.000000,-3.298237,-3.556642,1.226792,1.789421,-1.009073,1.000000
47816.000000,3.000000,585.000061,579.765381,0.420000,0.944864,-3.000000,-3.320134,-3.359132,-0.829993,1.920805,-1.184522,1.000000
47826.000000,3.000000,585.000061,578.320923,0.420000,0.926246,-3.000000,-3.332093,-3.239978,1.868374,1.992561,-1.571504,1.000000
47836.000000,3.000000,585.000061,578.259827,0.420000,0.894420,-3.000000,-3.342333,-3.036288,0.156822,2.053996,-1.528808,1.000000
47846.000000,3.000000,585.000061,578.288086,0.420000,0.901224,-3.000000,-3.340149,-3.079833,1.782361,2.040892,-0.833945,1.000000
47856.000000,3.000000,585.000061,578.408386,0.420000,0.896389,-3.000000,-3.338318,-3.048891,1.503283,2.029906,-1.212995,1.000000
47866.000000,3.000000,585.000061,578.107361,0.420000,0.901965,-3.000000,-3.339620,-3.084579,1.427776,2.037718,-1.184918,1.000000
47876.000000,3.000000,585.000061,577.970154,0.420000,0.900996,-3.000000,-3.345309,-3.078372,1.285652,2.071857,-0.857315,1.000000
47886.000000,3.000000,585.000061,577.674561,0.420000,0.899358,-3.000000,-3.356047,-3.067890,0.921753,2.136280,-1.128621,1.000000
47896.000000,3.000000,585.000061,577.603638,0.420000,0.906050,-3.000000,-3.367917,-3.110719,3.215760,2.207502,-0.659889,1.000000
47906.000000,3.000000,585.000061,577.595703,0.420000,0.898107,-3.000000,-3.371955,-3.059883,0.418838,2.231730,-0.728099,1.000000
47916.000000,3.000000,585.000061,577.757690,0.420000,0.908635,-3.000000,-3.357978,-3.127263,3.221603,2.147869,0.218132,1.000000
47926.000000,3.000000,585.000061,577.622375,0.420000,0.903199,-3.000000,-3.330848,-3.092474,1.797168,1.985091,0.142002,1.000000
47936.000000,3.000000,585.000061,576.931396,0.420000,0.945482,-3.000000,-3.306668,-3.363083,4.078652,1.840007,-0.081244,1.000000
47946.000000,3.000000,585.000061,576.029419,0.420000,0.967309,-3.000000,-3.284285,-3.502780,1.739219,1.705712,-0.555639,1.000000
47956.000000,3.000000,585.000061,576.107849,0.420000,1.031828,-3.000000,-3.268619,-3.915698,4.780787,1.611713,-0.677760,1.000000
47966.000000,3.000000,585.000061,575.999878,0.420000,1.078886,-3.000000,-3.254997,-4.216870,3.587167,1.529985,-0.720261,1.000000
47976.000000,3.000000,585.000061,575.743042,0.420000,1.146225,-3.000000,-3.259999,-4.647842,5.848530,1.559996,-1.502580,1.000000
47986.000000,3.000000,585.000061,575.407715,0.420000,1.184095,-3.000000,-3.254323,-4.890210,4.108065,1.525941,-0.744293,1.000000
47996.000000,3.000000,585.000061,575.514343,0.420000,1.248386,-3.000000,-3.244821,-5.301673,5.099097,1.468926,-0.767802,1.000000
48006.000000,3.000000,585.000061,575.696960,0.420000,1.297066,-3.000000,-3.223676,-5.613222,5.990437,1.342057,-0.819874,1.000000
48016.000000,3.000000,585.000061,575.748352,0.420000,1.360285,-3.000000,-3.201795,-6.017826,6.135473,1.210772,-0.563636,1.000000
48026.000000,3.000000,585.000061,575.669250,0.420000,1.429335,-3.000000,-3.199094,-6.459743,6.991399,1.194561,-1.941086,1.000000
48036.000000,3.000000,585.000061,575.720032,0.420000,1.493758,-3.000000,-3.193474,-6.872051,6.833125,1.160841,-0.821191,1.000000
48046.000000,3.000000,585.000061,575.474548,0.420000,1.560016,-3.000000,-3.198389,-7.296101,7.291770,1.190331,-1.382046,1.000000
48056.000000,3.000000,585.000061,575.316040,0.420000,1.600533,-3.000000,-3.186730,-7.555412,4.998529,1.120379,0.403008,1.000000
48066.000000,3.000000,585.000061,575.037659,0.420000,1.663813,-3.000000,-3.188442,-7.960407,8.706367,1.130649,-1.149552,1.000000
48076.000000,3.000000,585.000061,574.932617,0.420000,1.704593,-3.000000,-3.181990,-8.221396,5.539290,1.091938,0.227970,1.000000
48086.000000,3.000000,585.000061,574.752625,0.420000,1.772811,-3.000000,-3.197021,-8.657990,8.198404,1.182125,-0.678621,1.000000
48096.000000,3.000000,585.000061,574.116394,0.420000,1.823967,-3.000000,-3.206031,-8.985390,6.580204,1.236188,-1.001221,1.000000
48106.000000,3.000000,585.000061,573.956177,0.420000,1.887508,-3.000000,-3.202039,-9.392053,7.600722,1.212233,-1.532744,1.000000
48116.000000,3.000000,585.000061,574.613770,0.420000,1.926641,-3.000000,-3.184045,-9.642505,6.886427,1.104269,-1.476933,1.000000
48126.000000,3.000000,585.000061,575.101013,0.420000,1.986908,-3.000000,-3.172408,-10.028211,7.958841,1.034450,-1.815198,1.000000
48136.000000,3.000000,585.000061,575.301575,0.420000,2.032111,-3.000000,-3.175699,-10.317513,7.467055,1.054194,-2.182447,1.000000
48146.000000,3.000000,585.000061,575.013733,0.420000,2.090882,-3.000000,-3.189037,-10.693647,7.252976,1.134224,-1.749560,1.000000
48156.000000,3.000000,585.000061,575.196228,0.420000,2.126097,-3.000000,-3.197166,-10.919023,6.817717,1.182997,-1.591699,1.000000
48166.000000,3.000000,585.000061,575.630798,0.420000,2.149559,-3.000000,-3.207095,-11.069175,6.596213,1.242571,-1.769856,1.000000
48176.000000,3.000000,585.000061,576.265564,0.420000,2.170489,-3.000000,-3.211529,-11.203132,6.587075,1.269174,-1.364404,1.000000
48186.000000,3.000000,585.000061,576.805969,0.420000,2.182227,-3.000000,-3.205262,-11.278253,5.408433,1.231573,-1.373076,1.000000
48196.000000,3.000000,585.000061,576.780945,0.420000,2.205787,-3.000000,-3.190102,-11.429037,6.502640,1.140614,-1.433595,1.000000
48206.000000,3.000000,585.000061,576.753723,0.420000,2.232642,-3.000000,-3.177233,-11.600912,5.939279,1.063401,-0.668664,1.000000
48216.000000,3.000000,585.000061,576.391724,0.420000,2.281983,-3.000000,-3.173421,-11.916694,7.212397,1.040524,-0.685113,1.000000
48226.000000,3.000000,585.000061,576.929565,0.420000,2.306712,-3.000000,-3.170943,-12.074957,5.741489,1.025657,-0.528171,1.000000
48236.000000,3.000000,585.000061,576.931519,0.420000,2.365328,-3.000000,-3.170525,-12.450099,8.427675,1.023150,-0.979301,1.000000
48246.000000,3.000000,585.000061,577.143921,0.420000,2.417198,-3.000000,-3.153832,-12.782070,6.670127,0.922995,-0.491702,1.000000
48256.000000,3.000000,585.000061,577.253845,0.420000,2.496917,-3.000000,-3.142647,-13.292274,7.559328,0.855884,-0.820341,1.000000
48266.000000,3.000000,585.000061,577.275024,0.420000,2.552164,-3.000000,-3.139123,-13.645850,6.064228,0.834738,-0.741229,1.000000
48276.000000,3.000000,585.000061,577.678284,0.420000,2.611461,-3.000000,-3.126265,-14.025352,7.027591,0.757590,0.251702,1.000000
48286.000000,3.000000,585.000061,578.518860,0.420000,2.654060,-3.000000,-3.112077,-14.297983,6.129481,0.672462,-0.025032,1.000000
48296.000000,3.000000,585.000061,578.798584,0.420000,2.698579,-3.000000,-3.094939,-14.582908,5.928038,0.569634,0.329169,1.000000
48306.000000,3.000000,585.000061,579.221313,0.420000,2.733001,-3.000000,-3.092313,-14.803210,5.007570,0.553875,-0.121040,1.000000
48316.000000,3.000000,585.000061,579.211060,0.420000,2.773067,-3.000000,-3.088319,-15.059631,4.276852,0.529914,0.097157,1.000000
48326.000000,3.000000,585.000061,579.143982,0.420000,2.795596,-3.000000,-3.083100,-15.203815,4.995600,0.498600,0.184945,1.000000
48336.000000,3.000000,585.000061,579.356201,0.420000,2.809886,-3.000000,-3.075309,-15.295273,4.768505,0.451853,0.187070,1.000000
48346.000000,3.000000,585.000061,579.238037,0.420000,2.838470,-3.000000,-3.072391,-15.478210,5.329294,0.434346,1.405375,1.000000
48356.000000,3.000000,585.000061,579.373230,0.420000,2.876916,-3.000000,-3.081272,-15.724265,4.470659,0.487630,0.803694,1.000000
48366.000000,3.000000,585.000061,579.909485,0.420000,2.913856,-3.000000,-3.093043,-15.960675,4.196048,0.558256,0.533022,1.000000
48376.000000,3.000000,585.000061,581.088257,0.420000,2.917389,-3.000000,-3.101360,-15.983289,2.820402,0.608158,-0.477428,1.000000
48386.000000,3.000000,585.000061,582.202087,0.420000,2.917609,-3.000000,-3.102069,-15.984695,3.455188,0.612413,0.154162,1.000000
48396.000000,3.000000,585.000061,583.116028,0.420000,2.902133,-3.000000,-3.098483,-15.885653,0.920590,0.590896,-0.678432,1.000000
48406.000000,3.000000,585.000061,583.380188,0.420000,2.889972,-3.000000,-3.087259,-15.807822,2.104316,0.523556,-0.084287,1.000000
48416.000000,3.000000,586.500061,583.889526,0.420000,2.864423,-3.000000,-3.082448,-15.644305,0.559291,0.494687,-1.120296,1.000000
48426.000000,3.000000,586.800049,585.151184,0.420000,2.854240,-3.000000,-3.079423,-15.579139,1.684899,0.476538,-0.924938,1.000000
48436.000000,3.000000,585.300049,586.242615,0.420000,2.829105,-3.000000,-3.074908,-15.418274,0.228010,0.449447,-1.319238,1.000000
48446.000000,3.000000,585.000061,586.856873,0.420000,2.818023,-3.000000,-3.067351,-15.347345,0.572946,0.404104,-0.964300,1.000000
48456.000000,3.000000,585.000061,587.578857,0.420000,2.779561,-3.000000,-3.070260,-15.101191,-1.414596,0.421559,-1.269540,1.000000
48466.000000,3.000000,585.000061,588.182922,0.420000,2.745826,-3.000000,-3.076549,-14.885291,-0.164074,0.459296,-0.347516,1.000000
48476.000000,3.000000,585.000061,588.826721,0.420000,2.683330,-3.000000,-3.094580,-14.485309,-2.783398,0.567478,-0.848248,1.000000
48486.000000,3.000000,585.000061,589.368652,0.420000,2.627225,-3.000000,-3.107565,-14.126243,-1.730145,0.645390,-0.029428,1.000000
48496.000000,3.000000,585.000061,589.903625,0.420000,2.556604,-3.000000,-3.121173,-13.674268,-3.236474,0.727036,0.406319,1.000000
48506.000000,3.000000,585.000061,589.909912,0.420000,2.506438,-3.000000,-3.125603,-13.353205,-2.604748,0.753619,1.100325,1.000000
48516.000000,3.000000,585.000061,589.672241,0.420000,2.443538,-3.000000,-3.131746,-12.950641,-4.161672,0.790476,1.179518,1.000000
48526.000000,3.000000,585.000061,590.179260,0.420000,2.392509,-3.000000,-3.126136,-12.624060,-3.751340,0.756816,1.553654,1.000000
48536.000000,3.000000,585.000061,590.963928,0.420000,2.320321,-3.000000,-3.122169,-12.162055,-4.818487,0.733017,1.678625,1.000000
48546.000000,3.000000,585.000061,591.890747,0.420000,2.264681,-3.000000,-3.112822,-11.805961,-4.715380,0.676929,2.295861,1.000000
48556.000000,3.000000,585.000061,591.951294,0.420000,2.195310,-3.000000,-3.099784,-11.361983,-5.058265,0.598703,2.481676,1.000000
48566.000000,3.000000,585.000061,591.427368,0.420000,2.131599,-3.000000,-3.085371,-10.954235,-4.482256,0.512226,2.336980,1.000000
48576.000000,3.000000,585.000061,592.359924,0.420000,2.053669,-3.000000,-3.078308,-10.455483,-4.815519,0.469850,2.454965,1.000000
48586.000000,3.000000,585.000061,592.634521,0.420000,1.997199,-3.000000,-3.077273,-10.094076,-5.075877,0.463637,3.047986,1.000000
48596.000000,3.000000,585.000061,592.641724,0.420000,1.945787,-3.000000,-3.079147,-9.765036,-5.217024,0.474880,2.584468,1.000000
48606.000000,3.000000,585.000061,592.612732,0.420000,1.899109,-3.000000,-3.068333,-9.466301,-5.140764,0.409996,2.309549,1.000000
48616.000000,3.000000,585.000061,592.797607,0.420000,1.826703,-3.000000,-3.046324,-9.002898,-5.478983,0.277946,1.955896,1.000000
48626.000000,3.000000,585.000061,593.374329,0.420000,1.762067,-3.000000,-3.026858,-8.589232,-5.044086,0.161146,2.083243,1.000000
48636.000000,3.000000,585.000061,594.000427,0.420000,1.683610,-3.000000,-3.019447,-8.087102,-4.876435,0.116684,1.782722,1.000000
48646.000000,3.000000,585.000061,592.922363,0.420000,1.598168,-3.000000,-3.010006,-7.540279,-4.758865,0.060034,1.546482,1.000000
48656.000000,3.000000,585.000061,594.184448,0.420000,1.484916,-3.000000,-3.003443,-6.815463,-5.419595,0.020657,0.719230,1.000000
48666.000000,3.000000,585.000061,595.054932,0.420000,1.387503,-3.000000,-3.005711,-6.192022,-3.771080,0.034265,0.511636,1.000000
48676.000000,3.000000,585.000061,595.789490,0.420000,1.289142,-3.000000,-3.022684,-5.562511,-4.485713,0.136106,0.220128,1.000000
48686.000000,3.000000,585.000061,596.121582,0.420000,1.216618,-3.000000,-3.038336,-5.098358,-4.791582,0.230018,-0.260453,1.000000
48696.000000,3.000000,585.000061,596.324829,0.420000,1.143688,-3.000000,-3.049505,-4.631603,-4.907993,0.297027,-0.837237,1.000000
48706.000000,3.000000,585.000061,596.655518,0.420000,1.078763,-3.000000,-3.064445,-4.216087,-4.719265,0.386672,-1.500256,1.000000
48716.000000,3.000000,585.000061,597.763367,0.420000,1.028586,-3.000000,-3.082494,-3.894948,-3.426111,0.494961,-1.933243,1.000000
48726.000000,3.000000,585.000061,599.119080,0.420000,0.988193,-3.000000,-3.097256,-3.636436,-4.518884,0.583534,-1.608562,1.000000
48736.000000,3.000000,585.000061,600.243408,0.420000,0.948318,-3.000000,-3.107213,-3.381236,-3.901175,0.643275,-1.410887,1.000000
48746.000000,3.000000,585.000061,600.087097,0.420000,0.902514,-3.000000,-3.108369,-3.088090,-5.077453,0.650216,-1.522565,1.000000
48756.000000,3.000000,585.000061,599.842468,0.420000,0.867244,-3.000000,-3.112576,-2.862361,-3.216424,0.675453,-2.155039,1.000000
48766.000000,3.000000,585.000061,600.388000,0.420000,0.823845,-3.000000,-3.113601,-2.584608,-4.188502,0.681609,-1.327011,1.000000
48776.000000,3.000000,585.000061,601.506042,0.420000,0.796435,-3.000000,-3.108603,-2.409186,-2.087135,0.651619,-0.283584,1.000000
48786.000000,3.000000,585.000061,602.600952,0.420000,0.764733,-3.000000,-3.101538,-2.206293,-2.273084,0.609229,-0.094268,1.000000
48796.000000,3.000000,585.000061,603.610352,0.420000,0.747570,-3.000000,-3.089253,-2.096446,0.710902,0.535521,0.705412,1.000000
48806.000000,3.000000,585.000061,604.885498,0.420000,0.734937,-3.000000,-3.059888,-2.015595,-0.671190,0.359329,1.371425,1.000000
48816.000000,3.000000,585.000061,606.640869,0.420000,0.756446,-3.000000,-3.028729,-2.153252,2.207023,0.172374,1.724060,1.000000
48826.000000,3.000000,585.000061,608.193115,0.420000,0.766275,-3.000000,-2.996207,-2.216162,-0.192888,-0.022761,2.550401,1.000000
48836.000000,3.000000,585.000061,609.028809,0.420000,0.807284,-3.000000,-2.968226,-2.478618,3.108268,-0.190641,2.577328,1.000000
48846.000000,3.000000,585.000061,609.761902,0.420000,0.830048,-3.000000,-2.935773,-2.624306,1.539854,-0.385363,2.609899,1.000000
48856.000000,3.000000,585.000061,610.323608,0.420000,0.878432,-3.000000,-2.890666,-2.933963,4.231474,-0.656005,2.904884,1.000000
48866.000000,3.000000,585.000061,610.965820,0.420000,0.894626,-3.000000,-2.845038,-3.037607,2.161214,-0.929772,2.388049,1.000000
48876.000000,3.000000,585.000061,611.102783,0.420000,0.934963,-3.000000,-2.819903,-3.295762,6.396009,-1.080581,1.667268,1.000000
48886.000000,3.000000,585.000061,611.736511,0.420000,0.946509,-3.000000,-2.799888,-3.369656,0.980160,-1.200673,1.330411,1.000000
48896.000000,3.000000,585.000061,613.365173,0.420000,0.992323,-3.000000,-2.794343,-3.662864,4.369407,-1.233939,-0.282444,1.000000
48906.000000,3.000000,585.000061,614.217957,0.420000,1.006561,-3.000000,-2.795827,-3.753989,0.007309,-1.225036,-1.137090,1.000000
48916.000000,3.000000,585.000061,614.655823,0.420000,1.049932,-3.000000,-2.813348,-4.031566,1.762591,-1.119913,-2.909124,1.000000
48926.000000,3.000000,585.000061,614.855347,0.420000,1.046908,-3.000000,-2.841355,-4.012212,-2.019202,-0.951869,-3.864912,1.000000
48936.000000,3.000000,585.000061,614.647400,0.420000,1.059975,-3.000000,-2.879329,-4.095838,-0.333080,-0.724028,-5.304921,1.000000
48946.000000,3.000000,585.000061,614.955750,0.420000,1.027965,-3.000000,-2.923503,-3.890975,-3.524158,-0.458984,-6.389101,1.000000
48956.000000,3.000000,585.000061,614.753967,0.420000,1.017127,-3.000000,-2.989349,-3.821612,-0.311831,-0.063905,-7.633859,1.000000
48966.000000,3.000000,585.000061,614.834412,0.420000,0.984973,-3.000000,-3.059421,-3.615828,-4.751954,0.356528,-7.502057,1.000000
48976.000000,3.000000,585.000061,614.652039,0.420000,0.981816,-3.000000,-3.138808,-3.595620,-2.189083,0.832851,-8.261429,1.000000
48986.000000,3.000000,585.000061,614.480286,0.420000,0.960187,-3.000000,-3.219600,-3.457200,-5.221642,1.317598,-8.365832,1.000000
48996.000000,3.000000,585.000061,614.149292,0.420000,0.966229,-3.000000,-3.299879,-3.495863,-3.033748,1.799273,-8.245776,1.000000
49006.000000,3.000000,585.000061,614.390869,0.420000,0.940920,-3.000000,-3.376606,-3.333888,-4.626551,2.259633,-7.878665,1.000000
49016.000000,3.000000,585.000061,614.814697,0.420000,0.922532,-3.000000,-3.448829,-3.216203,-3.467968,2.692975,-7.883975,1.000000
49026.000000,3.000000,585.000061,615.358093,0.420000,0.885585,-3.000000,-3.525328,-2.979746,-3.978268,3.151970,-8.283478,1.000000
49036.000000,3.000000,585.000061,615.733765,0.420000,0.864986,-3.000000,-3.599650,-2.847909,-3.841221,3.597902,-8.098164,1.000000
49046.000000,3.000000,585.000061,616.033691,0.420000,0.828701,-3.000000,-3.678773,-2.615690,-3.871451,4.072640,-8.153843,1.000000
49056.000000,3.000000,585.000061,616.363525,0.420000,0.815608,-3.000000,-3.741287,-2.531893,-3.907949,4.447723,-7.610882,1.000000
49066.000000,3.000000,585.000061,615.231262,0.420000,0.773548,-3.000000,-3.807989,-2.262707,-3.717100,4.847932,-7.648598,1.000000
49076.000000,3.000000,585.000061,615.908630,0.420000,0.756521,-3.000000,-3.866039,-2.153733,-2.504642,5.196236,-6.640595,1.000000
49086.000000,3.000000,585.000061,615.650452,0.420000,0.734624,-3.000000,-3.921130,-2.013592,-2.431545,5.526780,-6.421176,1.000000
49096.000000,3.000000,585.000061,615.521484,0.420000,0.726371,-3.000000,-3.959721,-1.960777,-2.137153,5.758328,-5.711129,1.000000
49106.000000,3.000000,585.000061,615.406860,0.420000,0.711498,-3.000000,-3.993710,-1.865589,-1.830049,5.962260,-5.685789,1.000000
49116.000000,3.000000,585.000061,615.555725,0.420000,0.694893,-3.000000,-4.014938,-1.759315,-3.111655,6.089627,-4.749006,1.000000
49126.000000,3.000000,585.000061,615.402649,0.420000,0.660636,-3.000000,-4.038636,-1.540073,-2.388665,6.231817,-4.845387,1.000000
49136.000000,3.000000,585.000061,615.060486,0.420000,0.617073,-3.000000,-4.056778,-1.261266,-4.057322,6.340671,-4.258821,1.000000
49146.000000,3.000000,585.000061,614.249756,0.420000,0.564760,-3.000000,-4.078089,-0.926463,-3.026074,6.468535,-3.854633,1.000000
49156.000000,3.000000,585.000061,613.850586,0.420000,0.518855,-3.000000,-4.094768,-0.632675,-3.822237,6.568608,-3.211925,1.000000
49166.000000,3.000000,585.000061,614.178650,0.420000,0.487546,-3.000000,-4.106611,-0.432292,-2.986465,6.639668,-2.840243,1.000000
49176.000000,3.000000,585.000061,614.151794,0.420000,0.455694,-3.000000,-4.115592,-0.228442,-3.706837,6.693549,-2.653335,1.000000
49186.000000,3.000000,585.000061,613.703979,0.420000,0.430096,-3.000000,-4.127749,-0.064612,-3.194299,6.766497,-2.744317,1.000000
49196.000000,3.000000,585.000061,612.082703,0.420000,0.382736,-3.000000,-4.138604,0.238489,-4.747847,6.831622,-2.713449,1.000000
49206.000000,3.000000,585.000061,611.679993,0.420000,0.333650,-3.000000,-4.137290,0.552638,-3.981094,6.823743,-2.294727,1.000000
49216.000000,3.000000,585.000061,611.622620,0.420000,0.269676,-3.000000,-4.139324,0.962071,-5.010296,6.835945,-1.714609,1.000000
49226.000000,3.000000,585.000061,611.440674,0.420000,0.233161,-3.000000,-4.148488,1.195766,-4.221087,6.890928,-1.233139,1.000000
49236.000000,3.000000,585.000061,610.897949,0.420000,0.186928,-3.000000,-4.167312,1.491659,-4.653072,7.003870,-1.006714,1.000000
49246.000000,3.000000,585.000061,610.307373,0.420000,0.143458,-3.000000,-4.189097,1.769872,-4.421365,7.134584,-1.095817,1.000000
49256.000000,3.000000,585.000061,609.815979,0.420000,0.077779,-3.000000,-4.211133,2.190217,-4.868594,7.266801,-1.529839,1.000000
49266.000000,3.000000,585.000061,609.336853,0.420000,0.019930,-3.000000,-4.228824,2.560445,-4.204034,7.372945,-1.811253,1.000000
49276.000000,3.000000,585.000061,608.498291,0.420000,-0.027863,-3.000000,-4.236647,2.866322,-3.681954,7.419883,-1.734951,1.000000
49286.000000,3.000000,585.000061,607.764465,0.420000,-0.063712,-3.000000,-4.242823,3.095758,-4.345195,7.456939,-2.065373,1.000000
49296.000000,3.000000,585.000061,606.996094,0.420000,-0.099626,-3.000000,-4.255194,3.325606,-2.526478,7.531165,-2.534278,1.000000
49306.000000,3.000000,585.000061,605.933838,0.420000,-0.132840,-3.000000,-4.270618,3.538175,-4.646173,7.623711,-1.606578,1.000000
49316.000000,3.000000,585.000061,604.226929,0.420000,-0.154611,-3.000000,-4.285360,3.677513,-3.307925,7.712162,-1.688059,1.000000
49326.000000,3.000000,585.000061,603.717224,0.420000,-0.200192,-3.000000,-4.285897,3.969231,-4.933432,7.715384,-2.217139,1.000000
49336.000000,3.000000,585.000061,603.603088,0.420000,-0.228822,-3.000000,-4.263939,4.152459,-3.419365,7.583633,-0.837976,1.000000
49346.000000,3.000000,585.000061,603.169189,0.420000,-0.269899,-3.000000,-4.250271,4.415356,-3.718084,7.501628,-0.916587,1.000000
49356.000000,3.000000,585.000061,602.512329,0.420000,-0.299536,-3.000000,-4.230747,4.605031,-3.187076,7.384483,-0.329949,1.000000
49366.000000,3.000000,585.000061,601.503418,0.540000,-0.329934,-3.000000,-4.213803,4.799576,-2.683257,7.282820,-0.017575,1.000000
49376.000000,3.000000,585.000061,600.964172,0.540000,-0.350913,-3.000000,-4.188324,5.701840,-3.430687,7.129947,1.085688,1.000000
49386.000000,3.000000,585.000061,599.576599,0.540000,-0.371667,-3.000000,-4.168714,5.834667,-1.851148,7.012284,1.112895,1.000000
49396.000000,3.000000,585.000061,598.357300,0.540000,-0.392108,-3.000000,-4.144709,5.965489,-2.635210,6.868255,1.571860,1.000000
49406.000000,3.000000,585.000061,597.823792,0.540000,-0.390692,-3.000000,-4.127531,5.956426,-1.172797,6.765183,1.239005,1.000000
49416.000000,3.000000,585.000061,597.281250,0.540000,-0.409742,-3.000000,-4.111833,6.078346,-2.706207,6.670996,0.987939,1.000000
49426.000000,3.000000,585.000061,596.899597,0.540000,-0.421764,-3.000000,-4.086512,6.155288,-1.426481,6.519070,1.683250,1.000000
49436.000000,3.000000,585.000061,596.115723,0.540000,-0.446026,-3.000000,-4.059536,6.310567,-2.376996,6.357216,1.807641,1.000000
49446.000000,3.000000,585.000061,594.998291,0.540000,-0.472457,-3.000000,-4.035753,6.479727,-3.064137,6.214520,1.392974,1.000000
49456.000000,3.000000,585.000061,594.467712,0.540000,-0.484430,-3.000000,-4.007292,6.556353,-0.843648,6.043754,1.309816,1.000000
49466.000000,3.000000,585.000061,593.480713,0.540000,-0.510743,-3.000000,-3.969902,6.724753,-3.051491,5.819409,1.893693,1.000000
49476.000000,3.000000,585.000061,593.026917,0.540000,-0.512937,-3.000000,-3.946491,6.738800,-0.190066,5.678945,1.350139,1.000000
49486.000000,3.000000,585.000061,591.639465,0.620000,-0.520606,-3.000000,-3.918165,6.787880,-0.862359,5.508993,1.490982,1.000000
49496.000000,3.000000,585.000061,590.980164,0.620000,-0.486778,-3.000000,-3.893718,7.083376,1.286668,5.362307,1.585341,1.000000
49506.000000,3.000000,585.000061,590.320923,0.620000,-0.451851,-3.000000,-3.878383,6.859849,1.179404,5.270299,1.576201,1.000000
49516.000000,3.000000,585.000061,589.272888,1.220000,-0.419983,-3.000000,-3.858598,6.655891,1.548151,5.151587,1.965146,1.000000
49526.000000,3.000000,585.000061,588.631226,1.220000,-0.377812,-3.000000,-3.841383,10.225997,2.709107,5.048296,2.132840,1.000000
49536.000000,3.000000,585.000061,587.653992,1.900000,-0.344317,-3.000000,-3.816158,10.011629,2.427953,4.896945,2.609610,1.000000
49546.000000,3.000000,585.000061,586.762451,1.900000,-0.277711,-3.000000,-3.792974,13.937352,4.961172,4.757845,2.143608,1.000000
49556.000000,3.000000,585.000061,585.258728,2.580000,-0.232557,-3.000000,-3.765296,13.648361,4.518885,4.591774,0.821344,1.000000
49566.000000,3.000000,585.000061,584.028076,2.580000,-0.182113,-3.000000,-3.747855,17.677523,6.809515,4.487128,1.260695,1.000000
49576.000000,3.000000,585.000061,583.182495,3.180000,-0.125680,-3.000000,-3.746478,17.316355,7.105333,4.478868,0.645662,1.000000
49586.000000,3.000000,585.000061,582.497742,3.180000,-0.065204,-3.000000,-3.732448,20.769308,8.294460,4.394690,1.485362,1.000000
49596.000000,3.000000,585.000061,581.944153,3.660000,0.033491,-3.000000,-3.702291,20.137661,10.660725,4.213749,2.212262,1.000000
49606.000000,3.000000,585.000061,581.015320,3.660000,0.136421,-3.000000,-3.655466,22.550903,11.029245,3.932795,1.773622,1.000000
49616.000000,3.000000,585.000061,580.258545,3.660000,0.241129,-3.000000,-3.609424,21.880774,13.323648,3.656543,2.430085,1.000000
49626.000000,3.000000,585.000061,579.713013,3.660000,0.391083,-3.000000,-3.578766,20.921066,16.384293,3.472594,2.159944,1.000000
49636.000000,3.000000,585.000061,579.229187,3.780000,0.544647,-3.000000,-3.548508,19.938257,17.225426,3.291048,3.039661,1.000000
49646.000000,3.000000,585.000061,578.895142,4.460000,0.726076,-3.000000,-3.528814,19.545113,20.948332,3.172883,1.863932,1.000000
49656.000000,3.000000,585.000061,578.800781,4.460000,0.922689,-3.000000,-3.487570,22.638792,22.012842,2.925422,3.335656,1.000000
49666.000000,3.000000,585.000061,578.322083,4.460000,1.137387,-3.000000,-3.447447,21.264727,23.167156,2.684682,3.657089,1.000000
49676.000000,3.000000,586.500061,577.217773,4.460000,1.373407,-3.000000,-3.397121,19.754194,24.111809,2.382724,5.064780,1.000000
49686.000000,3.000000,586.800049,576.226013,4.460000,1.621068,-3.000000,-3.345322,18.169163,24.846729,2.071930,5.047604,1.000000
49696.000000,3.000000,586.800049,575.281128,4.460000,1.873462,-3.000000,-3.285157,16.553846,25.073643,1.710942,5.272655,1.000000
49706.000000,3.000000,586.800049,574.612305,4.460000,2.145066,-3.000000,-3.228537,14.815577,25.637833,1.371221,5.285357,1.000000
49716.000000,3.000000,586.800049,573.006287,4.540000,2.376241,-3.000000,-3.180206,13.336055,21.596344,1.081236,4.847468,1.000000
49726.000000,3.000000,586.800049,571.860229,5.020000,2.598071,-3.000000,-3.135207,12.428345,21.358646,0.811243,4.848997,1.000000
49736.000000,3.000000,586.800049,571.804199,5.020000,2.788265,-3.000000,-3.089903,14.283103,19.228031,0.539420,4.483368,1.000000
49746.000000,3.000000,586.800049,571.658569,5.020000,2.966578,-3.000000,-3.048861,13.141901,17.169546,0.293165,4.030295,1.000000
49756.000000,3.000000,586.800049,571.500732,5.020000,3.134437,-3.000000,-3.008231,12.067606,16.282568,0.049386,3.770625,1.000000
49766.000000,3.000000,586.800049,571.277893,5.020000,3.275631,-3.000000,-2.970088,11.163963,14.760201,-0.179472,3.158754,1.000000
49776.000000,3.000000,586.800049,570.943665,5.020000,3.410821,-3.000000,-2.936905,10.298747,13.810458,-0.378571,2.806609,1.000000
49786.000000,3.000000,586.800049,569.965637,5.020000,3.504838,-3.000000,-2.908332,9.697037,11.523877,-0.550010,2.824291,1.000000
49796.000000,3.000000,586.800049,569.118347,5.620000,3.612241,-3.000000,-2.879018,9.009658,12.299853,-0.725890,2.643974,1.000000
49806.000000,3.000000,586.800049,568.388123,6.100000,3.703114,-3.000000,-2.862975,12.268069,11.175923,-0.822148,1.087925,1.000000
49816.000000,3.000000,586.800049,568.050903,6.100000,3.776275,-3.000000,-2.860801,14.871839,10.801688,-0.835196,0.635767,1.000000
49826.000000,3.000000,586.800049,568.088684,6.100000,3.841588,-3.000000,-2.851509,14.453836,10.235127,-0.890947,0.721666,1.000000
49836.000000,3.000000,586.800049,568.234924,6.700000,3.938222,-3.000000,-2.850144,13.835380,11.036238,-0.899137,-0.996065,1.000000
49846.000000,3.000000,586.800049,568.433167,6.700000,4.019837,-3.000000,-2.854361,17.153040,9.724154,-0.873835,-1.109513,1.000000
49856.000000,3.000000,586.800049,568.478394,6.700000,4.101320,-3.000000,-2.879574,16.631550,10.746032,-0.722557,-1.566670,1.000000
49866.000000,3.000000,586.800049,568.378662,6.700000,4.166694,-3.000000,-2.910597,16.213160,10.475906,-0.536417,-2.036716,1.000000
49876.000000,3.000000,586.800049,568.987183,6.780000,4.273825,-3.000000,-2.931563,15.527521,12.362508,-0.410624,-0.542953,1.000000
49886.000000,3.000000,586.800049,569.580566,6.780000,4.384017,-3.000000,-2.957693,15.334290,11.375411,-0.253841,-3.324293,1.000000
49896.000000,3.000000,586.800049,570.063843,6.900000,4.490021,-3.000000,-2.969735,14.655866,12.275738,-0.181591,-2.833249,1.000000
49906.000000,3.000000,586.800049,569.234436,6.900000,4.594366,-3.000000,-2.985829,14.756058,12.773378,-0.085027,-3.218760,1.000000
49916.000000,3.000000,586.800049,568.214111,7.300000,4.706297,-3.000000,-2.991592,14.039695,12.918304,-0.050450,-2.335964,1.000000
49926.000000,3.000000,586.800049,568.283142,7.300000,4.779892,-3.000000,-2.998456,16.128693,10.893318,-0.009265,-2.586459,1.000000
49936.000000,3.000000,586.800049,568.806763,7.300000,4.844858,-3.000000,-3.004315,15.712913,10.616036,0.025892,-1.516258,1.000000
49946.000000,3.000000,586.800049,569.759521,7.300000,4.892854,-3.000000,-2.994539,15.405734,9.618358,-0.032763,-1.374456,1.000000
49956.000000,3.000000,586.800049,569.699951,7.300000,4.945885,-3.000000,-3.003711,15.066337,7.624507,0.022263,-2.469999,1.000000
49966.000000,3.000000,586.800049,569.973450,7.300000,4.984354,-3.000000,-3.034752,14.820139,8.984294,0.208510,-1.770621,1.000000
49976.000000,3.000000,586.800049,570.445923,7.300000,5.013142,-3.000000,-3.077854,14.635895,6.928102,0.467122,-1.670529,1.000000
49986.000000,3.000000,586.800049,571.106140,7.300000,5.055569,-3.000000,-3.124891,14.364362,6.271484,0.749343,-3.347994,1.000000
49996.000000,3.000000,585.300049,571.713257,7.300000,5.082576,-3.000000,-3.150863,14.191516,5.713108,0.905180,-2.589082,1.000000
50006.000000,3.000000,586.800049,571.826172,7.300000,5.108347,-3.000000,-3.182746,14.026578,5.658269,1.096474,-3.196832,1.000000
50016.000000,3.000000,586.800049,572.166687,7.179999,5.111864,-3.000000,-3.221486,14.004074,5.888591,1.328914,-3.142668,1.000000
50026.000000,3.000000,586.800049,572.506470,7.179999,5.101050,-3.000000,-3.246275,13.305277,3.883402,1.477653,-3.587879,1.000000
50036.000000,3.000000,586.800049,573.076721,7.179999,5.093884,-3.000000,-3.267447,13.351135,4.295418,1.604682,-4.095975,1.000000
50046.000000,3.000000,586.800049,573.720032,7.179999,5.079270,-3.000000,-3.284265,13.444666,4.395161,1.705587,-2.983842,1.000000
50056.000000,3.000000,586.800049,574.001038,7.179999,5.086409,-3.000000,-3.312320,13.398981,4.910130,1.873923,-2.803972,1.000000
50066.000000,3.000000,586.800049,574.509644,7.179999,5.096363,-3.000000,-3.344501,13.335273,4.715383,2.067008,-3.493302,1.000000
50076.000000,3.000000,586.800049,575.667297,7.179999,5.114103,-3.000000,-3.357994,13.221735,5.570294,2.147962,-2.038983,1.000000
50086.000000,3.000000,586.800049,577.255127,7.099999,5.116114,-3.000000,-3.378157,13.208865,6.186674,2.268941,-2.125793,1.000000
50096.000000,3.000000,586.800049,578.306946,7.099999,5.117150,-3.000000,-3.378905,12.690234,7.839602,2.273430,-0.220597,1.000000
50106.000000,3.000000,586.800049,579.935608,7.099999,5.157104,-3.000000,-3.401328,12.434527,8.058837,2.407966,-1.176883,1.000000
50116.000000,3.000000,586.800049,581.304626,7.099999,5.233746,-3.000000,-3.404610,11.944022,8.713686,2.427658,-0.551623,1.000000
50126.000000,3.000000,586.800049,582.586914,7.099999,5.295092,-3.000000,-3.406630,11.551407,8.203527,2.439777,1.202310,1.000000
50136.000000,3.000000,586.800049,583.379211,7.099999,5.367218,-3.000000,-3.393891,11.089805,10.579294,2.363348,2.033360,1.000000
50146.000000,3.000000,586.800049,583.818481,7.099999,5.434232,-3.000000,-3.367253,10.660913,9.777890,2.203517,2.687317,1.000000
50156.000000,3.000000,585.300049,584.571960,7.099999,5.523007,-3.000000,-3.323331,10.092752,11.309429,1.939984,4.366060,1.000000
50166.000000,3.000000,585.000061,585.795105,7.099999,5.613416,-3.000000,-3.275608,9.514132,11.038340,1.653647,4.774043,1.000000
50176.000000,3.000000,585.000061,587.803589,7.099999,5.658865,-3.000000,-3.222187,9.223261,10.279902,1.333121,5.818121,1.000000
50186.000000,3.000000,585.000061,589.443359,7.099999,5.688439,-3.000000,-3.154058,9.033988,12.234872,0.924351,6.836128,1.000000
50196.000000,3.000000,585.000061,591.132324,7.099999,5.712130,-3.000000,-3.082415,8.882364,11.181587,0.494492,7.372538,1.000000
50206.000000,3.000000,585.000061,592.925781,7.099999,5.744150,-3.000000,-3.019211,8.677436,13.061309,0.115263,9.276380,1.000000
50216.000000,3.000000,585.000061,594.826721,7.179999,5.785507,-3.000000,-2.963706,8.412750,12.566211,-0.217765,9.085706,1.000000
50226.000000,3.000000,585.000061,596.570435,7.179999,5.850992,-3.000000,-2.885037,8.505649,12.418546,-0.689777,9.625582,1.000000
50236.000000,3.000000,585.000061,597.681702,7.179999,5.948455,-3.000000,-2.786075,7.881885,12.622170,-1.283551,10.051901,1.000000
50246.000000,3.000000,585.000061,598.161865,7.179999,6.030760,-3.000000,-2.695506,7.355130,9.576626,-1.826966,8.841726,1.000000
50256.000000,3.000000,585.000061,598.934875,7.300000,6.080891,-3.000000,-2.617025,7.034293,8.042500,-2.297848,7.568088,1.000000
50266.000000,3.000000,585.000061,600.923035,7.300000,6.064079,-3.000000,-2.529016,7.909897,6.134839,-2.825905,6.797893,1.000000
50276.000000,3.000000,585.000061,602.550232,7.860000,6.089426,-3.000000,-2.473490,7.747674,6.147182,-3.159059,4.433722,1.000000
50286.000000,3.000000,585.000061,604.083130,7.780000,6.096981,-3.000000,-2.437313,11.283319,1.525930,-3.376123,3.846184,1.000000
50296.000000,3.000000,585.000061,606.329529,7.780000,6.115347,-3.000000,-2.408242,10.653778,1.497609,-3.550548,3.125462,1.000000
50306.000000,3.000000,585.000061,608.744507,7.780000,6.072489,-3.000000,-2.401014,10.928070,-3.361718,-3.593914,2.105291,1.000000
50316.000000,3.000000,585.000061,610.356262,7.780000,6.019719,-3.000000,-2.450207,11.265796,-3.350272,-3.298761,-1.183759,1.000000
50326.000000,3.000000,585.000061,610.995544,7.780000,5.933120,-3.000000,-2.503004,11.820032,-6.454918,-2.981977,-1.798389,1.000000
50336.000000,3.000000,585.000061,611.943420,7.780000,5.857087,-3.000000,-2.562122,12.306643,-6.875890,-2.627269,-2.412128,1.000000
50346.000000,3.000000,585.000061,613.395264,7.780000,5.757767,-3.000000,-2.614475,12.942288,-8.356845,-2.313153,-2.948381,1.000000
50356.000000,3.000000,585.000061,615.346863,7.780000,5.670215,-3.000000,-2.658209,13.502625,-8.601479,-2.050747,-3.605295,1.000000
50366.000000,3.000000,585.000061,617.384827,7.660000,5.529881,-3.000000,-2.695111,14.400760,-11.254182,-1.829332,-4.116080,1.000000
50376.000000,3.000000,585.000061,619.043274,7.660000,5.369657,-3.000000,-2.733029,14.658197,-10.845262,-1.601827,-4.662511,1.000000
50386.000000,3.000000,585.000061,619.789612,7.660000,5.199028,-3.000000,-2.771078,15.750223,-10.525616,-1.373531,-5.097578,1.000000
50396.000000,3.000000,585.000061,620.552185,7.099999,5.041345,-3.000000,-2.819713,16.759394,-10.708499,-1.081723,-4.874947,1.000000
50406.000000,3.000000,585.000061,622.343628,7.099999,4.885108,-3.000000,-2.871046,14.175305,-10.226905,-0.773725,-4.660579,1.000000
50416.000000,3.000000,585.000061,624.447388,7.099999,4.728477,-3.000000,-2.920312,15.177747,-10.967200,-0.478126,-4.054071,1.000000
50426.000000,3.000000,585.000061,626.612427,7.099999,4.572989,-3.000000,-2.962817,16.172871,-10.151828,-0.223100,-4.086255,1.000000
50436.000000,3.000000,585.000061,627.915710,7.179999,4.433341,-3.000000,-3.009733,17.066618,-9.196689,0.058399,-4.257066,1.000000
50446.000000,3.000000,585.000061,629.563660,7.179999,4.309897,-3.000000,-3.069802,18.368656,-8.792185,0.418812,-4.927549,1.000000
50456.000000,3.000000,585.000061,631.059570,7.179999,4.209139,-3.000000,-3.127856,19.013508,-6.245585,0.767133,-4.917191,1.000000
50466.000000,3.000000,585.000061,632.712036,7.179999,4.115584,-3.000000,-3.187986,19.612257,-5.777340,1.127917,-6.051498,1.000000
50476.000000,3.000000,585.000061,634.174622,7.099999,4.034837,-3.000000,-3.240472,20.129042,-3.642735,1.442830,-5.618367,1.000000
50486.000000,3.000000,585.000061,636.058960,7.179999,3.966367,-3.000000,-3.319268,20.055250,-3.461772,1.915611,-7.414300,1.000000
50496.000000,3.000000,585.000061,636.923950,7.099999,3.897917,-3.000000,-3.403663,21.005327,-1.828179,2.421978,-7.220778,1.000000
50506.000000,3.000000,585.000061,638.210876,7.099999,3.819451,-3.000000,-3.499069,20.995512,-2.687891,2.994415,-7.300614,1.000000
50516.000000,3.000000,585.000061,639.221558,7.099999,3.712140,-3.000000,-3.588736,21.682302,-0.615687,3.532416,-6.502915,1.000000
50526.000000,3.000000,585.000061,640.227539,7.099999,3.653443,-3.000000,-3.680189,22.057962,1.009853,4.081132,-7.087445,1.000000
50536.000000,3.000000,585.000061,640.905090,7.099999,3.556952,-3.000000,-3.752428,22.675501,-1.016837,4.514565,-6.160826,1.000000
50546.000000,3.000000,585.000061,641.341797,7.099999,3.515172,-3.000000,-3.813533,22.942892,2.637348,4.881196,-6.095299,1.000000
50556.000000,3.000000,585.000061,641.314148,7.099999,3.468024,-3.000000,-3.878713,23.244642,0.588385,5.272276,-5.423511,1.000000
50566.000000,3.000000,585.000061,642.020447,6.980000,3.472129,-3.000000,-3.944015,23.218369,3.474881,5.664089,-4.970969,1.000000
50576.000000,3.000000,585.000061,642.131165,6.980000,3.474320,-2.880000,-4.009466,22.436350,2.008881,6.056797,-4.030218,1.000000
50586.000000,3.000000,585.000061,642.087646,6.980000,3.493753,-2.880000,-4.067442,22.311979,3.516899,7.124654,-3.573799,1.000000
50596.000000,3.000000,585.000061,642.007263,6.980000,3.503033,-2.880000,-4.121260,22.252584,2.625444,7.447560,-3.190611,1.000000
50606.000000,3.000000,585.000061,642.265503,6.980000,3.503771,-2.880000,-4.151978,22.247862,2.629648,7.631865,-1.860272,1.000000
50616.000000,3.000000,585.000061,642.525879,6.980000,3.508922,-2.880000,-4.170903,22.214895,3.431084,7.745419,-1.859992,1.000000
50626.000000,3.000000,585.000061,642.612976,6.980000,3.495935,-2.880000,-4.173680,22.298014,0.688954,7.762081,-0.861757,1.000000
50636.000000,3.000000,585.000061,642.185852,6.980000,3.491605,-2.880000,-4.185663,22.325724,2.739420,7.833976,-0.982056,1.000000
50646.000000,3.000000,585.000061,641.980225,6.900000,3.468277,-2.880000,-4.200675,22.475025,0.400707,7.924047,-0.483036,1.000000
50656.000000,3.000000,585.000061,642.039673,6.900000,3.475332,-2.880000,-4.220652,21.917873,3.434984,8.043909,-0.622065,1.000000
50666.000000,3.000000,585.000061,642.351196,6.900000,3.474875,-2.880000,-4.230609,21.920797,1.327979,8.103653,0.177976,1.000000
50676.000000,3.000000,585.000061,642.993042,6.900000,3.477134,-2.800000,-4.236705,21.906342,5.197917,8.140228,0.754975,1.000000
50686.000000,3.000000,585.000061,643.393311,6.900000,3.492549,-2.800000,-4.238284,21.807686,2.849915,8.629705,0.066787,1.000000
50696.000000,3.000000,585.000061,643.766785,6.900000,3.465940,-2.880000,-4.232866,21.977985,2.883722,8.597198,1.488449,1.000000
50706.000000,3.000000,585.000061,643.528198,6.900000,3.458512,-2.880000,-4.229522,22.025520,4.372414,8.097130,0.918319,1.000000
50716.000000,3.000000,585.000061,642.867188,6.900000,3.440588,-2.880000,-4.227278,22.140236,3.458614,8.083669,1.944740,1.000000
50726.000000,3.000000,585.000061,642.288330,6.780000,3.449308,-2.880000,-4.217654,22.084427,5.975693,8.025922,1.658243,1.000000
50736.000000,3.000000,585.000061,642.298645,6.780000,3.455430,-2.880000,-4.202972,21.277246,4.742514,7.937834,1.858565,1.000000
50746.000000,3.000000,585.000061,641.672241,6.780000,3.460099,-2.880000,-4.180953,21.247364,5.762063,7.805715,1.627182,1.000000
50756.000000,3.000000,585.000061,640.571777,6.780000,3.507998,-2.800000,-4.174607,20.940809,7.987008,7.767643,0.788878,1.000000
50766.000000,3.000000,585.000061,639.643616,6.780000,3.541582,-2.800000,-4.178820,20.725872,4.537625,8.272921,0.941513,1.000000
50776.000000,3.000000,585.000061,639.493286,6.780000,3.614555,-2.800000,-4.169563,20.258848,9.104239,8.217377,1.414648,1.000000
50786.000000,3.000000,585.000061,638.876099,6.780000,3.637383,-2.800000,-4.174196,20.112745,3.723853,8.245178,0.480907,1.000000
50796.000000,3.000000,585.000061,637.873840,6.700000,3.658829,-2.800000,-4.169315,19.975494,6.659485,8.215893,0.953808,1.000000
50806.000000,3.000000,585.000061,636.430725,6.700000,3.664294,-2.800000,-4.178402,19.428516,4.021308,8.270412,-0.479744,1.000000
50816.000000,3.000000,585.000061,635.796692,6.700000,3.671810,-2.800000,-4.197375,19.380417,5.026255,8.384249,-0.516264,1.000000
50826.000000,3.000000,585.000061,634.961121,6.700000,3.701796,-2.800000,-4.229113,19.188503,3.933686,8.574678,-1.436349,1.000000
50836.000000,3.000000,585.000061,633.891541,6.700000,3.702558,-2.800000,-4.264694,19.183626,2.316392,8.788162,-1.465246,1.000000
50846.000000,3.000000,585.000061,633.272461,6.700000,3.705901,-2.800000,-4.294871,19.162235,5.445054,8.969225,-1.215637,1.000000
50856.000000,3.000000,585.000061,632.388855,6.700000,3.659225,-2.800000,-4.336047,19.460958,2.307360,9.216284,-2.381184,1.000000
50866.000000,3.000000,585.000061,631.684082,6.700000,3.649036,-2.800000,-4.370864,19.526167,5.007059,9.425186,-1.587598,1.000000
50876.000000,3.000000,585.000061,630.722473,6.700000,3.674127,-2.800000,-4.414848,19.365587,5.132470,9.689091,-2.099864,1.000000
50886.000000,3.000000,585.000061,628.904297,6.700000,3.696296,-2.800000,-4.445644,19.223703,4.301497,9.873863,-0.864620,1.000000
50896.000000,3.000000,585.000061,627.823547,6.700000,3.754743,-2.800000,-4.479992,18.849644,6.864347,10.079952,-1.658185,1.000000
50906.000000,3.000000,585.000061,626.908875,6.700000,3.794072,-2.800000,-4.508815,18.597940,4.843204,10.252892,-0.591512,1.000000
50916.000000,3.000000,585.000061,625.592651,6.580000,3.847669,-2.800000,-4.527549,18.254915,7.684404,10.365294,-0.527630,1.000000
50926.000000,3.000000,585.000061,624.441895,6.580000,3.889625,-2.800000,-4.550967,17.218399,5.463984,10.505800,-0.441099,1.000000
50936.000000,3.000000,585.000061,622.835938,6.580000,3.915798,-2.800000,-4.567278,17.050894,8.175917,10.603670,0.289440,1.000000
50946.000000,3.000000,585.000061,621.167175,6.580000,3.948478,-2.800000,-4.592499,16.841743,6.482745,10.754993,0.172910,1.000000
50956.000000,3.000000,585.000061,619.494873,6.020000,3.963337,-2.800000,-4.631318,16.746641,5.493136,10.987906,-0.068882,1.000000
50966.000000,3.000000,585.000061,618.638794,6.020000,4.005901,-2.800000,-4.668968,12.890231,5.010081,11.213806,-0.456952,1.000000
50976.000000,3.000000,585.000061,617.243286,6.020000,3.989440,-2.800000,-4.672793,12.995583,1.949122,11.236761,0.462016,1.000000
50986.000000,3.000000,585.000061,615.312256,6.020000,3.988526,-2.800000,-4.681182,13.001431,2.524755,11.287094,0.233846,1.000000
50996.000000,3.000000,585.000061,613.594666,6.020000,3.956982,-2.800000,-4.691082,13.203316,0.707409,11.346493,1.114591,1.000000
51006.000000,3.000000,586.500061,611.262512,6.020000,3.950068,-2.800000,-4.708283,13.247565,0.702776,11.449701,1.098156,1.000000
51016.000000,3.000000,585.000061,609.603638,6.100000,3.886512,-2.800000,-4.718727,13.654322,-4.521107,11.512360,1.371328,1.000000
51026.000000,3.000000,585.000061,608.777344,6.100000,3.830246,-2.800000,-4.729077,14.526423,-2.422933,11.574465,2.373650,1.000000
51036.000000,3.000000,585.000061,607.154114,6.100000,3.746375,-2.800000,-4.743747,15.063201,-5.889837,11.662483,2.771696,1.000000
51046.000000,3.000000,585.000061,605.996033,6.100000,3.670254,-2.800000,-4.734669,15.550371,-5.456081,11.608013,3.662837,1.000000
51056.000000,3.000000,585.000061,604.371155,6.100000,3.594473,-2.880000,-4.703388,16.035376,-5.922384,11.420326,4.489428,1.000000
51066.000000,3.000000,585.000061,603.822266,6.100000,3.505530,-2.880000,-4.666104,16.604610,-6.225199,10.716625,4.776601,1.000000
51076.000000,3.000000,585.000061,602.627808,6.020000,3.433978,-2.800000,-4.610898,17.062542,-5.403839,10.385390,5.979895,1.000000
51086.000000,3.000000,585.000061,601.511658,6.020000,3.340002,-2.880000,-4.551773,17.151985,-7.296748,10.510639,6.600893,1.000000
51096.000000,3.000000,585.000061,600.135620,6.020000,3.264597,-2.800000,-4.472115,17.634581,-4.444085,9.552690,7.234028,1.000000
51106.000000,3.000000,585.000061,599.087036,6.020000,3.174026,-2.800000,-4.393805,18.214235,-6.055469,9.562828,6.628961,1.000000
51116.000000,3.000000,585.000061,598.291992,6.020000,3.109067,-2.800000,-4.326863,18.629972,-3.069514,9.161180,6.424277,1.000000
51126.000000,3.000000,585.000061,597.376892,6.020000,3.034943,-2.800000,-4.259775,19.104366,-6.591997,8.758652,6.962392,1.000000
51136.000000,3.000000,585.000061,596.393250,6.020000,3.016589,-2.800000,-4.182169,19.221832,-3.735004,8.293016,7.588161,1.000000
51146.000000,3.000000,585.000061,595.415405,6.020000,2.958928,-2.800000,-4.097632,19.590862,-6.522026,7.785795,6.207407,1.000000
51156.000000,3.000000,585.000061,593.565796,6.020000,2.907880,-2.800000,-4.018549,19.917570,-3.830542,7.311297,5.843580,1.000000
51166.000000,3.000000,585.000061,592.441833,6.020000,2.873132,-2.800000,-3.970855,20.139957,-4.792133,7.025130,5.212239,1.000000
51176.000000,3.000000,586.500061,590.826477,6.020000,2.863182,-2.800000,-3.926538,20.203634,-2.698589,6.759227,5.801655,1.000000
51186.000000,3.000000,586.800049,589.487061,6.020000,2.823112,-2.800000,-3.877454,20.460087,-3.767210,6.464726,5.545583,1.000000
51196.000000,3.000000,585.300049,588.466125,6.020000,2.758542,-2.800000,-3.810081,20.873335,-1.955094,6.060485,6.443715,1.000000
51206.000000,3.000000,585.000061,587.552551,5.900000,2.714379,-2.800000,-3.749907,21.155973,-0.663804,5.699441,6.480433,1.000000
51216.000000,3.000000,585.000061,586.870422,5.900000,2.707855,-2.800000,-3.697999,20.429726,-0.095385,5.387994,7.381893,1.000000
51226.000000,3.000000,585.000061,586.646362,5.900000,2.740481,-2.800000,-3.643666,20.220922,0.571742,5.061995,7.823969,1.000000
51236.000000,3.000000,585.000061,586.315186,5.900000,2.756974,-2.880000,-3.577527,20.115362,-0.043769,4.665164,7.897907,1.000000
51246.000000,3.000000,585.000061,586.309937,5.900000,2.767514,-2.800000,-3.510119,20.047911,1.777242,3.780712,8.808005,1.000000
51256.000000,3.000000,585.000061,585.761414,5.900000,2.715020,-2.800000,-3.433537,20.383867,-2.854204,3.801224,9.945285,1.000000
51266.000000,3.000000,585.000061,585.324280,5.900000,2.680932,-2.800000,-3.344197,20.602034,-0.716176,3.265181,10.316813,1.000000
51276.000000,3.000000,585.000061,584.468323,5.820000,2.595836,-2.800000,-3.235369,21.146650,-4.655771,2.612213,10.862631,1.000000
51286.000000,3.000000,585.000061,583.632568,5.820000,2.540234,-2.800000,-3.127187,20.990499,-4.092144,1.963120,11.244804,1.000000
51296.000000,3.000000,585.000061,582.402283,5.820000,2.481426,-2.800000,-3.031889,21.366869,-5.554324,1.391333,10.904878,1.000000
51306.000000,3.000000,585.000061,582.324585,5.820000,2.419321,-2.800000,-2.950235,21.764347,-6.324129,0.901410,10.975692,1.000000
51316.000000,3.000000,585.000061,582.583069,5.820000,2.337492,-2.800000,-2.876429,22.288054,-6.504101,0.458573,10.465576,1.000000
51326.000000,3.000000,585.000061,582.737549,5.700000,2.267041,-2.800000,-2.817270,22.738935,-6.259345,0.103622,9.266956,1.000000
51336.000000,3.000000,585.000061,582.702698,5.700000,2.211898,-2.800000,-2.758597,22.323851,-7.250534,-0.248415,8.715585,1.000000
51346.000000,3.000000,585.000061,582.278259,5.700000,2.177253,-2.800000,-2.699874,22.545576,-4.439644,-0.600753,7.295531,1.000000
51356.000000,3.000000,585.000061,581.798828,5.220000,2.132737,-2.880000,-2.638984,22.830482,-5.193610,-0.966094,6.502335,1.000000
51366.000000,3.000000,585.000061,581.431213,5.220000,2.110779,-2.880000,-2.590752,19.899015,-0.762782,-1.735489,5.021778,1.000000
51376.000000,3.000000,585.000061,580.642761,5.220000,2.086821,-2.880000,-2.560327,20.052345,-0.844181,-1.918041,4.150633,1.000000
51386.000000,3.000000,585.000061,579.994629,5.220000,2.101274,-2.880000,-2.540956,19.959848,2.554142,-2.034262,2.714451,1.000000
51396.000000,3.000000,585.000061,579.893799,5.220000,2.124249,-2.800000,-2.534436,19.812805,2.500454,-2.073383,2.495211,1.000000
51406.000000,3.000000,585.000061,580.415283,5.220000,2.161282,-2.880000,-2.543738,19.575796,4.731516,-1.537572,2.220637,1.000000
51416.000000,3.000000,585.000061,580.670898,5.220000,2.208821,-2.880000,-2.549271,19.271545,3.808250,-1.984377,1.818835,1.000000
51426.000000,3.000000,585.000061,581.028381,5.220000,2.279529,-2.880000,-2.575294,18.819014,5.627439,-1.828234,1.070691,1.000000
51436.000000,3.000000,585.000061,581.468933,5.140000,2.352774,-2.880000,-2.586359,18.350246,4.596415,-1.761845,2.640157,1.000000
51446.000000,3.000000,585.000061,582.070374,5.140000,2.395507,-2.880000,-2.584141,17.564756,3.632732,-1.775152,3.222578,1.000000
51456.000000,3.000000,585.000061,582.181274,5.140000,2.422249,-2.880000,-2.575500,17.393604,3.005822,-1.827001,3.708255,1.000000
51466.000000,3.000000,585.000061,582.106750,5.140000,2.424940,-2.880000,-2.551104,17.376383,1.582566,-1.973376,5.809983,1.000000
51476.000000,3.000000,585.000061,581.932251,4.660000,2.450517,-2.880000,-2.514021,17.212690,1.597766,-2.195875,6.208694,1.000000
51486.000000,3.000000,585.000061,582.310425,4.660000,2.447910,-2.880000,-2.461929,14.157374,-0.559310,-2.508428,6.525092,1.000000
51496.000000,3.000000,585.000061,583.307373,4.660000,2.459641,-2.880000,-2.404468,14.082294,-0.140254,-2.853194,6.599197,1.000000
51506.000000,3.000000,585.000061,584.778198,4.660000,2.435972,-2.880000,-2.341348,14.233777,-2.430087,-3.231912,6.189155,1.000000
51516.000000,3.000000,585.000061,585.927368,4.660000,2.447974,-2.880000,-2.299265,14.156967,-0.886261,-3.484411,6.235033,1.000000
51526.000000,3.000000,585.000061,586.387024,4.660000,2.444171,-2.880000,-2.260165,14.181305,-1.499195,-3.719011,5.148892,1.000000
51536.000000,3.000000,585.000061,586.739136,4.540000,2.449272,-2.880000,-2.232754,14.148656,-0.890769,-3.883475,4.479820,1.000000
51546.000000,3.000000,585.000061,586.840820,4.540000,2.457815,-2.880000,-2.218706,13.325983,-1.129056,-3.967765,3.066588,1.000000
51556.000000,3.000000,585.000061,588.391479,4.540000,2.455193,-2.880000,-2.221515,13.342763,-0.887920,-3.950910,1.378407,1.000000
51566.000000,3.000000,585.000061,589.871277,4.540000,2.444193,-2.880000,-2.247039,13.413167,0.483036,-3.797769,0.712471,1.000000
51576.000000,3.000000,585.000061,590.839417,3.940000,2.434714,-3.000000,-2.295556,13.473833,2.852593,-3.506664,-1.246953,1.000000
51586.000000,3.000000,585.000061,590.947693,3.940000,2.436889,-3.000000,-2.324641,9.619910,2.395689,-4.052157,-0.826343,1.000000
51596.000000,3.000000,585.000061,591.525452,3.940000,2.484653,-2.880000,-2.372196,9.314219,6.640572,-3.766824,-3.281160,1.000000
51606.000000,3.000000,585.000061,593.315552,3.940000,2.527038,-3.000000,-2.419626,9.042958,4.374185,-2.762242,-2.806840,1.000000
51616.000000,3.000000,585.000061,594.915894,3.460000,2.602183,-3.000000,-2.476143,8.562027,7.198745,-3.143140,-3.573388,1.000000
51626.000000,3.000000,585.000061,596.100220,3.460000,2.671061,-3.000000,-2.537024,5.049213,5.787908,-2.777857,-3.965536,1.000000
51636.000000,3.000000,585.000061,596.518372,3.380000,2.745320,-3.000000,-2.594054,4.573952,7.551843,-2.435675,-4.279336,1.000000
51646.000000,3.000000,585.000061,597.484070,2.900000,2.799622,-3.000000,-2.670082,3.714423,5.815436,-1.979506,-5.179717,1.000000
51656.000000,3.000000,585.000061,598.825684,2.780000,2.846469,-3.000000,-2.740451,0.342601,6.629544,-1.557293,-5.338254,1.000000
51666.000000,3.000000,585.000061,599.991150,2.780000,2.880254,-3.000000,-2.824584,-0.641624,4.564001,-1.052499,-6.415817,1.000000
51676.000000,3.000000,585.000061,601.212891,2.180000,2.878455,-3.000000,-2.896792,-0.630112,3.471988,-0.619246,-5.645372,1.000000
51686.000000,3.000000,585.000061,602.523376,1.500000,2.872701,-3.000000,-2.981374,-4.433290,2.338042,-0.111759,-6.524244,1.000000
51696.000000,3.000000,585.000061,604.369324,1.500000,2.847571,-3.000000,-3.067895,-8.624457,1.093777,0.407372,-6.854168,1.000000
51706.000000,3.000000,585.000061,605.604004,1.500000,2.808337,-3.000000,-3.152742,-8.373360,-1.102982,0.916454,-7.029214,1.000000
51716.000000,3.000000,585.000061,606.630127,0.940000,2.739918,-3.000000,-3.241799,-7.935478,-2.559852,1.450792,-7.611307,1.000000
51726.000000,3.000000,585.000061,608.219360,0.940000,2.658155,-3.000000,-3.327728,-10.996192,-3.967329,1.966370,-6.879954,1.000000
51736.000000,3.000000,585.000061,609.025940,0.820000,2.562823,-3.000000,-3.421940,-10.386069,-4.644041,2.531639,-6.831487,1.000000
51746.000000,3.000000,585.000061,609.444153,0.820000,2.485809,-3.000000,-3.497463,-10.661176,-5.816258,2.984778,-7.362849,1.000000
51756.000000,3.000000,585.000061,610.041016,0.820000,2.385109,-3.000000,-3.570721,-10.016696,-8.369617,3.424325,-6.387706,1.000000
51766.000000,3.000000,585.000061,610.979553,0.820000,2.289350,-3.000000,-3.638732,-9.403838,-8.271976,3.832393,-5.697574,1.000000
51776.000000,3.000000,585.000061,611.985962,0.340000,2.170910,-3.000000,-3.702537,-8.645827,-11.319287,4.215221,-4.130113,1.000000
51786.000000,3.000000,585.000061,613.041321,0.340000,2.068462,-3.000000,-3.767771,-11.062156,-10.273727,4.606627,-4.211930,1.000000
51796.000000,3.000000,585.000061,614.520142,0.340000,1.923944,-3.000000,-3.807207,-10.137240,-13.576941,4.843243,-2.279596,1.000000
51806.000000,3.000000,585.000061,616.003113,0.340000,1.773317,-3.000000,-3.838567,-9.173229,-12.562336,5.031405,-2.482547,1.000000
51816.000000,3.000000,585.000061,617.267334,0.340000,1.602072,-3.000000,-3.857729,-8.077258,-16.379221,5.146374,-1.677624,1.000000
51826.000000,3.000000,585.000061,618.687256,0.340000,1.438063,-3.000000,-3.872985,-7.027604,-12.597538,5.237911,0.223083,1.000000
51836.000000,3.000000,585.000061,619.306824,0.420000,1.278396,-3.000000,-3.883401,-6.005738,-15.781488,5.300407,0.221392,1.000000
51846.000000,3.000000,585.000061,619.665039,0.420000,1.140343,-3.000000,-3.869669,-4.610193,-13.887086,5.218017,2.389379,1.000000
51856.000000,3.000000,586.500061,620.713806,0.420000,1.020350,-3.000000,-3.856118,-3.842243,-13.333573,5.136708,1.406351,1.000000
51866.000000,3.000000,586.800049,621.690491,0.420000,0.886070,-3.000000,-3.827408,-2.982847,-13.907854,4.964446,3.820439,1.000000
51876.000000,3.000000,586.800049,622.688232,0.420000,0.762196,-3.000000,-3.800985,-2.190058,-12.016972,4.805908,3.794125,1.000000
51886.000000,3.000000,586.800049,623.547668,0.420000,0.628113,-3.000000,-3.761028,-1.331922,-12.405529,4.566165,5.285556,1.000000
51896.000000,3.000000,586.800049,623.991272,0.420000,0.510691,-3.000000,-3.708162,-0.580423,-10.865891,4.248970,6.331397,1.000000
51906.000000,3.000000,586.800049,624.908691,0.420000,0.394429,-3.000000,-3.638708,0.163653,-11.406468,3.832250,5.843021,1.000000
51916.000000,3.000000,586.800049,625.632690,0.420000,0.275306,-3.000000,-3.576822,0.926040,-11.223824,3.460929,6.694072,1.000000
51926.000000,3.000000,586.800049,626.621277,0.420000,0.171457,-3.000000,-3.539972,1.590673,-9.288394,3.239834,6.497631,1.000000
51936.000000,3.000000,586.800049,626.717529,0.420000,0.097345,-3.000000,-3.520491,2.064994,-10.334405,3.122948,6.318312,1.000000
51946.000000,3.000000,586.800049,626.757751,0.420000,0.033935,-3.000000,-3.488750,2.470819,-9.346146,2.932497,6.462694,1.000000
51956.000000,3.000000,586.800049,626.724426,0.420000,-0.010693,-3.000000,-3.438998,2.756433,-8.080306,2.633985,6.140688,1.000000
51966.000000,3.000000,586.800049,626.617065,0.420000,-0.098191,-3.000000,-3.383285,3.316425,-9.254477,2.299712,6.022687,1.000000
51976.000000,3.000000,586.800049,626.018311,0.420000,-0.150915,-3.000000,-3.319168,3.653853,-6.614970,1.915009,5.769224,1.000000
51986.000000,3.000000,586.800049,625.768921,0.420000,-0.213109,-3.000000,-3.285640,4.051896,-10.574302,1.713837,4.139324,1.000000
51996.000000,3.000000,585.300049,625.663818,0.420000,-0.271042,-3.000000,-3.245529,4.422671,-8.508720,1.473174,5.398884,1.000000
52006.000000,3.000000,585.000061,625.985718,0.420000,-0.334155,-3.000000,-3.204236,4.826594,-8.284270,1.225413,3.593577,1.000000
52016.000000,3.000000,585.000061,626.375549,0.420000,-0.468258,-3.000000,-3.167894,5.684850,-12.192731,1.007362,3.235807,1.000000
52026.000000,3.000000,585.000061,626.856445,0.420000,-0.555429,-3.000000,-3.155528,6.242743,-6.314727,0.933167,2.552730,1.000000
52036.000000,3.000000,585.000061,626.823730,0.420000,-0.649478,-3.000000,-3.174883,6.844656,-9.609486,1.049297,1.042134,1.000000
52046.000000,3.000000,585.000061,626.861694,0.420000,-0.680215,-3.000000,-3.186080,7.041374,-5.270180,1.116480,2.128075,1.000000
52056.000000,3.000000,585.000061,626.177795,0.420000,-0.694773,-3.000000,-3.204494,7.134544,-5.986823,1.226961,1.276786,1.000000
52066.000000,3.000000,585.000061,625.643738,0.420000,-0.700621,-3.000000,-3.203870,7.171975,-4.130819,1.223217,2.501243,1.000000
52076.000000,3.000000,586.500061,624.981445,0.420000,-0.680639,-3.000000,-3.188766,7.044092,-0.350515,1.132599,2.391932,1.000000
52086.000000,3.000000,586.800049,624.618286,0.420000,-0.672735,-3.000000,-3.165033,6.993504,-1.683843,0.990200,2.215001,1.000000
52096.000000,3.000000,586.800049,624.029297,0.420000,-0.646862,-3.000000,-3.141332,6.827915,1.465381,0.847991,3.352318,1.000000
52106.000000,3.000000,586.800049,623.122253,0.420000,-0.612822,-3.000000,-3.125743,6.610059,1.515550,0.754460,3.216397,1.000000
52116.000000,3.000000,586.800049,622.206665,0.420000,-0.560378,-3.000000,-3.112700,6.274420,2.089277,0.676198,4.080085,1.000000
52126.000000,3.000000,586.800049,622.033203,0.420000,-0.476252,-3.000000,-3.103295,5.736013,3.634273,0.619771,4.239199,1.000000
52136.000000,3.000000,586.800049,621.568848,0.420000,-0.383524,-3.000000,-3.078796,5.142555,2.971525,0.472778,4.791910,1.000000
52146.000000,3.000000,586.800049,621.381714,0.420000,-0.320565,-3.000000,-3.033718,4.739614,2.604681,0.202306,5.143914,1.000000
52156.000000,3.000000,586.800049,621.027710,0.420000,-0.226300,-3.000000,-2.982520,4.136318,6.278471,-0.104882,4.730300,1.000000
52166.000000,3.000000,586.800049,620.737366,0.420000,-0.168906,-3.000000,-2.926796,3.768997,2.137331,-0.439223,5.441637,1.000000
52176.000000,3.000000,586.800049,619.601990,0.420000,-0.067039,-3.000000,-2.867515,3.117052,6.588263,-0.794911,5.904667,1.000000
52186.000000,3.000000,586.800049,618.103943,0.420000,-0.001069,-3.000000,-2.831657,2.694839,1.489588,-1.010057,5.025906,1.000000
52196.000000,3.000000,586.800049,616.596619,0.420000,0.080698,-3.000000,-2.808117,2.171534,5.149703,-1.151296,5.153076,1.000000
52206.000000,3.000000,586.800049,614.936035,0.420000,0.143401,-3.000000,-2.806992,1.770233,2.325376,-1.158048,3.082711,1.000000
52216.000000,3.000000,586.800049,613.452026,0.420000,0.181785,-3.000000,-2.798656,1.524578,3.359113,-1.208061,2.355511,1.000000
52226.000000,3.000000,586.800049,611.852783,0.420000,0.242073,-3.000000,-2.806992,1.138735,5.349247,-1.158046,-0.205036,1.000000
52236.000000,3.000000,586.800049,610.330811,0.420000,0.284907,-3.000000,-2.829225,0.864597,1.128620,-1.024651,0.764778,1.000000
52246.000000,3.000000,586.800049,608.560425,0.420000,0.377476,-3.000000,-2.854332,0.272152,6.760226,-0.874010,-0.409750,1.000000
52256.000000,3.000000,585.300049,606.531921,0.420000,0.449604,-3.000000,-2.886494,-0.189468,2.886866,-0.681038,-1.771908,1.000000
52266.000000,3.000000,585.000061,604.848206,0.420000,0.537366,-3.000000,-2.925624,-0.751140,5.685150,-0.446254,-1.738701,1.000000
52276.000000,3.000000,585.000061,603.573486,0.420000,0.632023,-3.000000,-2.977552,-1.356946,5.657805,-0.134690,-2.792335,1.000000
52286.000000,3.000000,585.000061,602.443665,0.420000,0.719242,-3.000000,-3.031244,-1.915147,5.188715,0.187461,-2.841156,1.000000
52296.000000,3.000000,585.000061,600.384521,0.420000,0.799783,-3.000000,-3.081219,-2.430613,5.686995,0.487317,-3.379884,1.000000
52306.000000,3.000000,585.000061,598.696655,0.420000,0.848085,-3.000000,-3.123406,-2.739745,2.036104,0.740438,-3.033657,1.000000
52316.000000,3.000000,586.500061,597.207031,0.420000,0.886378,-3.000000,-3.167346,-2.984819,7.420933,1.004079,-4.001262,1.000000
52326.000000,3.000000,586.800049,595.957520,0.420000,0.913851,-3.000000,-3.217613,-3.160644,2.368509,1.305681,-3.367059,1.000000
52336.000000,3.000000,585.300049,594.462524,0.420000,0.939585,-3.000000,-3.284466,-3.325347,4.136737,1.706798,-3.780651,1.000000
52346.000000,3.000000,585.000061,592.860474,0.420000,0.961756,-3.000000,-3.350953,-3.467239,2.124528,2.105716,-2.841800,1.000000
52356.000000,3.000000,586.500061,591.104309,0.420000,0.973320,-3.000000,-3.412077,-3.541249,1.002717,2.472462,-2.929381,1.000000
52366.000000,3.000000,585.000061,588.699219,0.420000,1.007074,-3.000000,-3.465028,-3.757275,0.490651,2.790170,-2.662936,1.000000
52376.000000,3.000000,586.500061,586.799500,0.420000,1.019265,-3.000000,-3.500658,-3.835296,-0.423446,3.003948,-2.439359,1.000000
52386.000000,3.000000,586.800049,585.275757,0.420000,1.048034,-3.000000,-3.543878,-4.019417,-1.180794,3.263266,-2.927737,1.000000
52396.000000,3.000000,586.800049,583.608582,0.540000,1.023895,-3.000000,-3.573319,-3.864925,-3.644126,3.439917,-1.922970,1.000000
52406.000000,3.000000,586.800049,581.076233,0.540000,1.023356,-3.000000,-3.611789,-3.093480,0.306222,3.670734,-2.428615,1.000000
52416.000000,3.000000,586.800049,578.774719,0.540000,0.980514,-3.000000,-3.643828,-2.819292,-3.773587,3.862967,-1.426075,1.000000
52426.000000,3.000000,586.800049,576.895142,0.540000,0.973524,-3.000000,-3.683241,-2.774553,-0.604438,4.099445,-1.347000,1.000000
52436.000000,3.000000,586.800049,575.199829,0.420000,0.944312,-3.000000,-3.702901,-2.587597,-3.317219,4.217407,-0.591210,1.000000
52446.000000,3.000000,586.800049,573.465820,0.420000,0.935986,-3.000000,-3.715447,-3.302312,-1.517325,4.292680,-0.914890,1.000000
52456.000000,3.000000,586.800049,571.594543,0.420000,0.928366,-3.000000,-3.723160,-3.253540,-2.948574,4.338959,0.226027,1.000000
52466.000000,3.000000,586.800049,569.599121,0.420000,0.918058,-3.000000,-3.728489,-3.187571,-2.805950,4.370935,0.985397,1.000000
52476.000000,3.000000,586.800049,567.656555,0.420000,0.901313,-3.000000,-3.722325,-3.080403,-4.313086,4.333952,2.622257,1.000000
52486.000000,3.000000,586.800049,566.168701,0.420000,0.862937,-3.000000,-3.714915,-2.834800,-4.872470,4.289492,1.981019,1.000000
52496.000000,3.000000,586.800049,564.387512,0.420000,0.813522,-3.000000,-3.682260,-2.518539,-6.021467,4.093559,3.918272,1.000000
52506.000000,3.000000,586.800049,563.072510,0.420000,0.753747,-3.000000,-3.632035,-2.135978,-6.280745,3.792207,4.685231,1.000000
52516.000000,3.000000,585.300049,561.833679,0.420000,0.698286,-3.000000,-3.571238,-1.781033,-6.452992,3.427430,6.320638,1.000000
52526.000000,3.000000,585.000061,560.294495,0.420000,0.644117,-3.000000,-3.502892,-1.434348,-6.874444,3.017355,6.877073,1.000000
52536.000000,3.000000,585.000061,559.041260,0.420000,0.590298,-3.000000,-3.434869,-1.089911,-6.946843,2.609214,7.100236,1.000000
52546.000000,3.000000,585.000061,558.057312,0.420000,0.527053,-3.000000,-3.358660,-0.685142,-7.567514,2.151957,8.130961,1.000000
52556.000000,3.000000,585.000061,557.106201,0.420000,0.480804,-3.000000,-3.280428,-0.389143,-6.985149,1.682568,9.283318,1.000000
52566.000000,3.000000,585.000061,555.614075,0.420000,0.412719,-3.000000,-3.213900,0.046600,-8.948339,1.283402,7.585310,1.000000
52576.000000,3.000000,585.000061,554.161560,0.420000,0.369797,-3.000000,-3.123972,0.321300,-7.327080,0.743833,9.254551,1.000000
52586.000000,3.000000,585.000061,552.983215,0.420000,0.317943,-3.000000,-3.021415,0.653164,-8.147425,0.128491,8.683446,1.000000
52596.000000,3.000000,585.000061,551.880066,0.420000,0.290054,-3.000000,-2.920190,0.831657,-6.732964,-0.478861,9.109960,1.000000
52606.000000,3.000000,585.000061,550.451233,0.420000,0.250860,-3.000000,-2.820511,1.082498,-7.712523,-1.076936,8.949758,1.000000
52616.000000,3.000000,585.000061,548.815247,0.420000,0.225115,-3.000000,-2.742911,1.247264,-6.621386,-1.542536,7.897158,1.000000
52626.000000,3.000000,585.000061,547.320923,0.420000,0.173555,-3.000000,-2.660861,1.577250,-7.606463,-2.034837,8.568971,1.000000
52636.000000,3.000000,585.000061,546.022217,0.420000,0.131709,-3.000000,-2.586500,1.845059,-6.909303,-2.481000,8.531104,1.000000
52646.000000,3.000000,585.000061,544.402527,0.420000,0.071872,-3.000000,-2.527744,2.228022,-7.399434,-2.833534,6.670272,1.000000
52656.000000,3.000000,585.000061,542.951477,0.420000,0.040325,-3.000000,-2.467471,2.429919,-6.837225,-3.195175,7.095511,1.000000
52666.000000,3.000000,585.000061,541.239014,0.420000,0.003568,-3.000000,-2.408976,2.665164,-6.403686,-3.546142,5.752496,1.000000
52676.000000,3.000000,585.000061,539.807373,0.420000,0.001677,-3.000000,-2.358041,2.677268,-5.319595,-3.851752,5.804777,1.000000
52686.000000,3.000000,585.000061,538.899109,0.420000,0.001231,-3.000000,-2.313010,2.680123,-4.788495,-4.121943,5.329459,1.000000
52696.000000,3.000000,585.000061,538.604248,0.420000,-0.012879,-3.000000,-2.280740,2.770426,-4.174707,-4.315560,4.458038,1.000000
52706.000000,3.000000,585.000061,538.411011,0.420000,-0.021652,-3.000000,-2.251950,2.826575,-2.744203,-4.488301,4.440778,1.000000
52716.000000,3.000000,585.000061,538.482361,0.420000,-0.033341,-3.000000,-2.223305,2.901380,-2.638106,-4.660169,4.507627,1.000000
52726.000000,3.000000,585.000061,538.583008,0.420000,-0.027451,-3.000000,-2.205647,2.863688,-1.921939,-4.766118,3.256312,1.000000
52736.000000,3.000000,585.000061,538.729492,0.420000,-0.019590,-3.000000,-2.184966,2.813376,-1.575012,-4.890206,3.089262,1.000000
52746.000000,3.000000,585.000061,539.356995,0.420000,-0.026499,-3.000000,-2.175387,2.857592,-2.178720,-4.947676,1.786554,1.000000
52756.000000,3.000000,585.000061,539.401672,0.420000,-0.028886,-3.000000,-2.167647,2.872871,-1.617170,-4.994120,1.578560,1.000000
52766.000000,3.000000,585.000061,539.528381,0.420000,-0.035451,-3.000000,-2.177100,2.914887,-2.215896,-4.937397,-0.029385,1.000000
52776.000000,3.000000,585.000061,539.549805,0.420000,-0.025545,-3.000000,-2.195049,2.851485,-1.668089,-4.829709,0.267524,1.000000
52786.000000,3.000000,585.000061,540.190430,0.420000,-0.017015,-3.000000,-2.208976,2.796897,-1.858116,-4.746142,-0.319103,1.000000
52796.000000,3.000000,586.500061,540.727600,0.420000,-0.007646,-3.000000,-2.203450,2.736932,-2.045786,-4.779300,0.103694,1.000000
52806.000000,3.000000,586.800049,541.076355,0.540000,-0.025302,-3.000000,-2.197279,2.849932,-1.546315,-4.816325,0.098928,1.000000
52816.000000,3.000000,586.800049,541.229309,0.420000,-0.025490,-3.000000,-2.193228,3.619137,-0.421714,-4.840631,-0.024718,1.000000
52826.000000,3.000000,586.800049,541.363098,0.420000,-0.032834,-3.000000,-2.174343,2.898139,-0.386545,-4.953941,1.467330,1.000000
52836.000000,3.000000,585.300049,541.624390,0.540000,-0.008783,-3.000000,-2.177357,2.744209,0.549851,-4.935857,0.880271,1.000000
52846.000000,3.000000,585.000061,542.010559,0.540000,0.018279,-3.000000,-2.174897,3.339013,-0.041021,-4.950618,2.048226,1.000000
52856.000000,3.000000,585.000061,542.536499,0.540000,0.053648,-3.000000,-2.162753,3.112653,-0.996167,-5.023483,1.920391,1.000000
52866.000000,3.000000,585.000061,543.201721,0.540000,0.093536,-3.000000,-2.148259,2.857369,-0.483282,-5.110446,1.354296,1.000000
52876.000000,3.000000,585.000061,543.635132,0.540000,0.109461,-3.000000,-2.137891,2.755448,-1.646862,-5.172655,1.482129,1.000000
52886.000000,3.000000,585.000061,544.738953,0.540000,0.135174,-3.000000,-2.149261,2.590887,-0.030196,-5.104435,0.783665,1.000000
52896.000000,3.000000,585.000061,545.533936,0.540000,0.108834,-3.000000,-2.153645,2.759465,-4.121678,-5.078133,1.205778,1.000000
52906.000000,3.000000,585.000061,546.367981,0.540000,0.088528,-3.000000,-2.166831,2.889417,-2.360311,-4.999012,-0.033927,1.000000
52916.000000,3.000000,585.000061,547.425903,0.540000,0.050376,-3.000000,-2.182534,3.133593,-4.486629,-4.904795,0.126076,1.000000
52926.000000,3.000000,585.000061,548.107239,0.540000,0.024337,-3.000000,-2.199291,3.300246,-4.180289,-4.804255,-0.407742,1.000000
52936.000000,3.000000,585.000061,548.892883,0.540000,-0.010803,-3.000000,-2.218544,3.525141,-6.181839,-4.688733,-0.372010,1.000000
52946.000000,3.000000,585.000061,550.104675,0.540000,-0.054343,-3.000000,-2.244055,3.803798,-6.954782,-4.535670,-1.537018,1.000000
52956.000000,3.000000,585.000061,551.224915,0.540000,-0.103857,-3.000000,-2.259858,4.120684,-8.393479,-4.440854,-1.684435,1.000000
52966.000000,3.000000,586.500061,552.436829,0.540000,-0.160862,-3.000000,-2.288199,4.485517,-9.256313,-4.270806,-2.399267,1.000000
52976.000000,3.000000,585.000061,553.168152,0.540000,-0.238885,-3.000000,-2.311996,4.984863,-11.631639,-4.128027,-1.820243,1.000000
52986.000000,3.000000,585.000061,554.334412,0.540000,-0.328088,-3.000000,-2.352611,5.555761,-12.057491,-3.884335,-3.098754,1.000000
52996.000000,3.000000,585.000061,555.640564,0.540000,-0.425794,-3.000000,-2.392461,6.181079,-12.166611,-3.645236,-3.416953,1.000000
53006.000000,3.000000,585.000061,556.839294,0.540000,-0.531697,-3.000000,-2.434544,6.858860,-11.554126,-3.392738,-3.576531,1.000000
53016.000000,3.000000,585.000061,557.937805,0.540000,-0.601023,-3.000000,-2.488079,7.302547,-10.872519,-3.071526,-3.898909,1.000000
53026.000000,3.000000,585.000061,559.070068,0.540000,-0.658120,-3.000000,-2.542331,7.667969,-11.028612,-2.746013,-4.256575,1.000000
53036.000000,3.000000,585.000061,560.538330,0.540000,-0.702502,-3.000000,-2.601603,7.952014,-8.500280,-2.390383,-5.381541,1.000000
53046.000000,3.000000,585.000061,561.877991,0.540000,-0.776867,-3.000000,-2.654651,8.427948,-9.622033,-2.072094,-5.173808,1.000000
53056.000000,3.000000,585.000061,563.112183,0.540000,-0.767756,-3.000000,-2.726578,8.369639,-2.194856,-1.640532,-7.274840,1.000000
53066.000000,3.000000,585.000061,564.375977,0.540000,-0.779106,-3.000000,-2.810629,8.442278,-5.745920,-1.136225,-6.449823,1.000000
53076.000000,3.000000,585.000061,565.415771,0.540000,-0.713218,-3.000000,-2.892685,8.020593,-0.810768,-0.643888,-6.818259,1.000000
53086.000000,3.000000,585.000061,566.412170,0.540000,-0.668858,-3.000000,-2.953851,7.736688,-2.726328,-0.276896,-6.668934,1.000000
53096.000000,3.000000,585.000061,567.076965,0.540000,-0.617571,-3.000000,-3.000734,7.408457,0.776165,0.004403,-6.375507,1.000000
53106.000000,3.000000,585.000061,568.308228,0.540000,-0.591354,-3.000000,-3.042614,7.240663,0.624146,0.255684,-6.094646,1.000000
53116.000000,3.000000,585.000061,569.535522,0.540000,-0.567566,-3.000000,-3.088980,7.088418,2.310813,0.533878,-6.120692,1.000000
53126.000000,3.000000,585.000061,570.555054,0.540000,-0.525354,-3.000000,-3.146705,6.818265,1.744739,0.880228,-5.633075,1.000000
53136.000000,3.000000,585.000061,571.275330,0.540000,-0.478217,-3.000000,-3.212672,6.516591,2.447044,1.276032,-5.145155,1.000000
53146.000000,3.000000,585.000061,571.742432,0.540000,-0.417146,-3.000000,-3.273141,6.125731,2.350025,1.638844,-4.942770,1.000000
53156.000000,3.000000,585.000061,571.760864,0.540000,-0.365700,-3.000000,-3.333770,5.796477,0.936131,2.002619,-4.626588,1.000000
53166.000000,3.000000,585.000061,572.214722,0.420000,-0.320387,-3.000000,-3.390919,5.506474,1.525017,2.345515,-4.604507,1.000000
53176.000000,3.000000,585.000061,572.859436,0.420000,-0.298363,-3.000000,-3.439112,4.597524,-0.049861,2.634672,-4.291535,1.000000
53186.000000,3.000000,585.000061,574.224304,0.420000,-0.262880,-3.000000,-3.489617,4.370433,1.533377,2.937701,-3.899676,1.000000
53196.000000,3.000000,585.000061,575.467224,0.420000,-0.233917,-3.000000,-3.539726,4.185071,0.060729,3.238356,-3.668915,1.000000
53206.000000,3.000000,585.000061,576.654419,0.420000,-0.192183,-3.000000,-3.577618,3.917970,3.835011,3.465707,-3.724953,1.000000
53216.000000,3.000000,585.000061,577.934021,0.420000,-0.161464,-3.000000,-3.606236,3.721369,-2.144031,3.637416,-2.881639,1.000000
53226.000000,3.000000,585.000061,579.248108,0.420000,-0.118788,-3.000000,-3.630188,3.448245,3.412987,3.781129,-2.539190,1.000000
53236.000000,3.000000,585.000061,581.027832,0.420000,-0.081037,-3.000000,-3.650038,3.206638,0.465924,3.900228,-2.652271,1.000000
53246.000000,3.000000,585.000061,581.867798,0.420000,-0.027338,-3.000000,-3.665365,2.862964,2.627347,3.992190,-2.374567,1.000000
53256.000000,3.000000,585.000061,582.660706,0.540000,0.052571,-3.000000,-3.694094,2.351547,2.211339,4.164567,-2.272026,1.000000
53266.000000,3.000000,585.000061,583.212646,0.540000,0.132658,-3.000000,-3.716533,2.606990,2.152371,4.299198,-1.647550,1.000000
53276.000000,3.000000,585.000061,583.884827,0.540000,0.209824,-3.000000,-3.733348,2.113127,1.822225,4.400090,-2.179889,1.000000
53286.000000,3.000000,585.000061,585.939819,0.540000,0.269534,-3.000000,-3.738954,1.730982,2.386706,4.433726,-0.995293,1.000000
53296.000000,3.000000,585.000061,587.838684,0.540000,0.342720,-3.000000,-3.736892,1.262593,2.455579,4.421349,-1.439214,1.000000
53306.000000,3.000000,585.000061,589.656250,0.540000,0.391564,-3.000000,-3.720989,0.949992,0.032574,4.325934,0.085033,1.000000
53316.000000,3.000000,585.000061,591.948425,0.540000,0.432275,-3.000000,-3.696642,0.689440,2.004568,4.179852,-0.066372,1.000000
53326.000000,3.000000,585.000061,593.805054,0.540000,0.463671,-3.000000,-3.681232,0.488502,0.644096,4.087390,0.183830,1.000000
53336.000000,3.000000,585.000061,595.513550,0.540000,0.488474,-3.000000,-3.674431,0.329768,1.421609,4.046584,0.274234,1.000000
53346.000000,3.000000,585.000061,596.900940,0.540000,0.505119,-3.000000,-3.670596,0.223236,0.604618,4.023578,0.373227,1.000000
53356.000000,3.000000,585.000061,598.213745,0.540000,0.507248,-3.000000,-3.666555,0.209611,0.512393,3.999331,-0.052708,1.000000
53366.000000,3.000000,585.000061,599.601379,0.540000,0.516622,-3.000000,-3.662203,0.149620,0.657825,3.973220,0.077862,1.000000
53376.000000,3.000000,585.000061,600.697083,0.540000,0.505748,-3.000000,-3.650540,0.219210,-1.422376,3.903238,-0.196707,1.000000
53386.000000,3.000000,585.000061,601.853149,0.540000,0.519210,-3.000000,-3.653705,0.133054,1.695532,3.922229,-1.846841,1.000000
53396.000000,3.000000,586.500061,603.255798,0.540000,0.508950,-3.000000,-3.660202,0.198719,-2.999575,3.961211,-1.599477,1.000000
53406.000000,3.000000,586.800049,604.378235,0.420000,0.522984,-3.000000,-3.675405,0.108899,1.685739,4.052432,-2.019590,1.000000
53416.000000,3.000000,585.300049,605.478271,0.420000,0.539010,-3.000000,-3.685890,-0.761663,-0.229080,4.115343,-1.824574,1.000000
53426.000000,3.000000,585.000061,605.812683,0.420000,0.565452,-3.000000,-3.691014,-0.930894,1.382928,4.146084,-1.799099,1.000000
53436.000000,3.000000,586.500061,606.520874,0.540000,0.619389,-3.000000,-3.696891,-1.276088,0.885327,4.181348,-2.170832,1.000000
53445.000000,3.000000,586.800049,606.990540,0.420000,0.663180,-3.000000,-3.692816,-0.759641,0.138415,4.160199,-1.705933,1.000000
53455.000000,3.000000,585.300049,607.475647,0.420000,0.753184,-3.000000,-3.677109,-2.065512,4.665798,4.073885,-2.346382,1.000000
53465.000000,3.000000,585.000061,607.694946,0.420000,0.787647,-3.000000,-3.668208,-2.344294,-2.518616,4.009153,-2.034052,1.000000
53475.000000,3.000000,586.500061,608.063049,0.420000,0.837686,-3.000000,-3.657039,-2.648516,3.474402,3.947039,-0.440970,1.000000
53486.000000,3.000000,586.800049,608.902649,0.420000,0.837403,-3.000000,-3.661190,-2.675028,-1.137927,3.966017,-0.590643,1.000000
53495.000000,3.000000,586.800049,609.981323,0.420000,0.844449,-3.000000,-3.644566,-2.714549,-0.030407,3.882096,0.136094,1.000000
53505.000000,3.000000,586.800049,611.033203,0.420000,0.842410,-3.000000,-3.618573,-2.706582,-1.016403,3.732363,-0.084163,1.000000
53515.000000,3.000000,586.800049,611.913147,0.420000,0.821252,-3.000000,-3.580448,-2.579773,-2.173295,3.501873,0.095282,1.000000
53525.000000,3.000000,586.800049,612.606628,0.420000,0.814284,-3.000000,-3.562725,-2.526949,-0.735727,3.379705,0.240708,1.000000
53536.000000,3.000000,586.800049,613.154236,0.420000,0.793759,-3.000000,-3.554392,-2.408747,-3.833112,3.332249,1.050670,1.000000
53545.000000,3.000000,586.800049,613.467407,0.420000,0.788472,-3.000000,-3.543456,-2.354649,1.656337,3.266870,1.178748,1.000000
53556.000000,3.000000,586.800049,613.714844,0.420000,0.798697,-3.000000,-3.542138,-2.410874,-1.423023,3.255291,0.011154,1.000000
53566.000000,3.000000,586.800049,613.855408,0.420000,0.809898,-3.000000,-3.532185,-2.494088,0.250470,3.198790,1.436213,1.000000
53576.000000,3.000000,586.800049,613.637634,0.420000,0.858716,-3.000000,-3.526634,-2.761371,1.264372,3.163922,0.057603,1.000000
53585.000000,3.000000,586.800049,613.327942,0.420000,0.884991,-3.000000,-3.517798,-2.963784,-0.654189,3.108051,0.886571,1.000000
53595.000000,3.000000,586.800049,612.958435,0.420000,0.947753,-3.000000,-3.515232,-3.337178,2.834267,3.100974,-0.738354,1.000000
53605.000000,3.000000,586.800049,612.459290,0.420000,0.958317,-3.000000,-3.491729,-3.438984,-0.230063,2.966138,-0.102595,1.000000
53615.000000,3.000000,586.800049,612.198364,0.420000,1.006651,-3.000000,-3.460923,-3.717992,4.676393,2.783764,-0.974734,1.000000
53625.000000,3.000000,586.800049,611.955627,0.420000,1.018410,-3.000000,-3.434663,-3.827009,-1.990343,2.617467,0.092050,1.000000
53635.000000,3.000000,586.800049,611.655884,0.420000,1.052801,-3.000000,-3.422102,-4.032762,3.719695,2.541305,-0.575435,1.000000
53645.000000,3.000000,586.800049,611.363464,0.420000,1.057381,-3.000000,-3.414169,-4.077185,-0.502862,2.487794,-0.196394,1.000000
53655.000000,3.000000,586.800049,610.681824,0.420000,1.064870,-3.000000,-3.422329,-4.129657,2.594452,2.527535,-1.565536,1.000000
53665.000000,3.000000,586.800049,610.029297,0.420000,1.074731,-3.000000,-3.449084,-4.178616,1.351240,2.674609,-2.032780,1.000000
53675.000000,3.000000,586.800049,609.485168,0.420000,1.088237,-3.000000,-3.479563,-4.263668,0.826472,2.856764,-1.113733,1.000000
53685.000000,3.000000,586.800049,608.320190,0.420000,1.108764,-3.000000,-3.511047,-4.400669,0.040348,3.053442,-1.165933,1.000000
53695.000000,3.000000,586.800049,607.372986,0.420000,1.102324,-3.000000,-3.522914,-4.373494,-0.537658,3.134637,-0.377348,1.000000
53705.000000,3.000000,586.800049,606.586487,0.420000,1.110713,-3.000000,-3.528930,-4.411021,0.632442,3.167879,-1.562580,1.000000
53715.000000,3.000000,586.800049,605.812195,0.420000,1.130619,-3.000000,-3.547204,-4.528371,-1.195894,3.267767,-0.665560,1.000000
53725.000000,3.000000,586.800049,605.096680,0.420000,1.173325,-3.000000,-3.574017,-4.796344,0.195859,3.426697,-1.606053,1.000000
53735.000000,3.000000,586.800049,604.530457,0.420000,1.191672,-3.000000,-3.594042,-4.929327,-2.177439,3.557784,-1.386003,1.000000
53745.000000,3.000000,586.800049,603.919434,0.420000,1.188285,-3.000000,-3.592188,-4.925677,-1.030689,3.557576,-0.813977,1.000000
53756.000000,3.000000,586.800049,602.717834,0.420000,1.185902,-3.000000,-3.584599,-4.906322,-1.297740,3.515937,-1.078651,1.000000
53766.000000,3.000000,586.800049,601.572083,0.420000,1.166617,-3.000000,-3.570444,-4.785843,-1.059557,3.428979,-0.331384,1.000000
53776.000000,3.000000,586.800049,599.517151,0.420000,1.187272,-3.000000,-3.564780,-4.897934,-1.021561,3.390996,-0.139977,1.000000
53785.000000,3.000000,586.800049,597.588501,0.420000,1.176887,-3.000000,-3.560198,-4.856782,-3.133720,3.360887,0.207112,1.000000
53795.000000,3.000000,586.800049,595.897583,0.420000,1.216352,-3.000000,-3.565163,-5.074595,1.124139,3.390543,0.037542,1.000000
53805.000000,3.000000,586.800049,594.844666,0.420000,1.184535,-3.000000,-3.558735,-4.917489,-5.388495,3.359852,0.833936,1.000000
53815.000000,3.000000,586.800049,593.770752,0.420000,1.215560,-3.000000,-3.539127,-5.072191,-0.747357,3.247885,2.066065,1.000000
53825.000000,3.000000,586.800049,592.583740,0.420000,1.207468,-3.000000,-3.513564,-5.039118,-5.933409,3.095814,2.739572,1.000000
53835.000000,3.000000,586.800049,591.483643,0.420000,1.228683,-3.000000,-3.485488,-5.176071,-4.886671,2.935259,2.989441,1.000000
53845.000000,3.000000,586.800049,589.848755,0.420000,1.190504,-3.000000,-3.440940,-4.961487,-7.965662,2.674054,3.715005,1.000000
53855.000000,3.000000,586.800049,588.594360,0.420000,1.162671,-3.000000,-3.392104,-4.771496,-6.710023,2.386464,4.274083,1.000000
53865.000000,3.000000,586.800049,587.045654,0.420000,1.089694,-3.000000,-3.334810,-4.343375,-8.975232,2.039762,4.848973,1.000000
53875.000000,3.000000,586.800049,585.575195,0.420000,1.043239,-3.000000,-3.286816,-4.015627,-7.036065,1.750360,5.016440,1.000000
53885.000000,3.000000,586.800049,584.435608,0.420000,0.951628,-3.000000,-3.234206,-3.471261,-10.058640,1.435328,5.946061,1.000000
53895.000000,3.000000,586.800049,583.570190,0.420000,0.887975,-3.000000,-3.179353,-3.028276,-8.154721,1.112218,6.157723,1.000000
53905.000000,3.000000,586.800049,583.021240,0.420000,0.815957,-3.000000,-3.120130,-2.581270,-9.329202,0.752572,6.617730,1.000000
53915.000000,3.000000,586.800049,582.067749,0.420000,0.754459,-3.000000,-3.065803,-2.178308,-9.137680,0.429052,6.700252,1.000000
53925.000000,3.000000,585.300049,581.165405,0.420000,0.702591,-3.000000,-3.014481,-1.839277,-8.321106,0.114125,6.053762,1.000000
53935.000000,3.000000,586.800049,580.224304,0.420000,0.647679,-3.000000,-2.972275,-1.493428,-9.128899,-0.138110,5.058118,1.000000
53945.000000,3.000000,586.800049,579.229553,0.420000,0.594283,-3.000000,-2.924599,-1.148086,-7.214536,-0.424038,4.562716,1.000000
53955.000000,3.000000,586.800049,578.033447,0.420000,0.514510,-3.000000,-2.885784,-0.663683,-8.420568,-0.664158,3.166696,1.000000
53965.000000,3.000000,586.800049,576.794006,0.420000,0.444575,-3.000000,-2.854172,-0.190797,-6.707610,-0.860647,3.357949,1.000000
53975.000000,3.000000,586.800049,575.152283,0.420000,0.402417,-3.000000,-2.846641,0.084260,-6.852728,-0.916683,2.560628,1.000000
53985.000000,3.000000,586.800049,573.806458,0.420000,0.354055,-3.000000,-2.835177,0.391208,-7.244214,-0.983809,2.130740,1.000000
53996.000000,3.000000,586.800049,572.590271,0.420000,0.306999,-3.000000,-2.832782,0.691405,-6.277845,-1.002341,1.308849,1.000000
54005.000000,3.000000,586.800049,571.546021,0.420000,0.262087,-3.000000,-2.828298,0.989078,-6.771916,-1.030716,1.248145,1.000000
54015.000000,3.000000,585.300049,570.201965,0.420000,0.242979,-3.000000,-2.839372,1.120243,-4.923962,-0.970784,-0.171794,1.000000
54025.000000,3.000000,585.000061,569.700806,0.420000,0.213486,-3.000000,-2.842133,1.304434,-7.290655,-0.946216,-0.459329,1.000000
54035.000000,3.000000,585.000061,568.998962,0.420000,0.214045,-3.000000,-2.863697,1.314576,-3.350379,-0.835532,-1.671659,1.000000
54045.000000,3.000000,585.000061,568.313843,0.420000,0.176367,-3.000000,-2.878442,1.532255,-6.712614,-0.733558,-1.097076,1.000000
54055.000000,3.000000,585.000061,567.289551,0.420000,0.176129,-3.000000,-2.877204,1.552908,-2.421764,-0.736662,0.121899,1.000000
54065.000000,3.000000,585.000061,566.333496,0.420000,0.137639,-3.000000,-2.885855,1.788717,-5.070003,-0.690923,-0.880628,1.000000
54075.000000,3.000000,585.000061,565.484253,0.420000,0.150340,-3.000000,-2.888867,1.739825,-1.701094,-0.667007,-0.182263,1.000000
54085.000000,3.000000,585.000061,564.562866,0.420000,0.159086,-3.000000,-2.891632,1.674788,-3.812614,-0.647545,-0.824018,1.000000
54095.000000,3.000000,585.000061,563.815735,0.420000,0.179316,-3.000000,-2.868088,1.545127,-2.994861,-0.771824,0.013703,1.000000
54105.000000,3.000000,585.000061,563.701233,0.420000,0.168004,-3.000000,-2.842330,1.604094,-3.257799,-0.932234,-0.484780,1.000000
54115.000000,3.000000,585.000061,563.564209,0.420000,0.179068,-3.000000,-2.827155,1.544219,-1.463665,-1.034184,-0.620601,1.000000
54125.000000,3.000000,585.000061,563.267517,0.420000,0.156507,-3.000000,-2.828544,1.673554,-3.328436,-1.032931,-0.957479,1.000000
54135.000000,3.000000,585.000061,562.724792,0.420000,0.180615,-3.000000,-2.838363,1.560691,-0.606135,-0.971230,-1.678016,1.000000
54145.000000,3.000000,585.000061,562.250061,0.420000,0.206389,-3.000000,-2.840875,1.380346,-1.414132,-0.960051,-0.904657,1.000000
54155.000000,3.000000,585.000061,561.443848,0.420000,0.241840,-3.000000,-2.858083,1.161652,-1.389812,-0.861038,-1.485400,1.000000
54165.000000,3.000000,585.000061,560.718323,0.420000,0.269575,-3.000000,-2.877787,0.978315,-0.904275,-0.747451,-1.162722,1.000000
54175.000000,3.000000,585.000061,560.597473,0.420000,0.291737,-3.000000,-2.897744,0.838616,-1.860879,-0.619185,-1.153478,1.000000
54185.000000,3.000000,585.000061,560.404968,0.420000,0.307603,-3.000000,-2.906444,0.726856,0.470566,-0.565441,-1.849917,1.000000
54195.000000,3.000000,585.000061,560.277649,0.420000,0.305188,-3.000000,-2.902426,0.730553,-2.311085,-0.581479,-0.746013,1.000000
54205.000000,3.000000,585.000061,559.517517,0.420000,0.317676,-3.000000,-2.901978,0.662891,0.361583,-0.584936,-1.994893,1.000000
54215.000000,3.000000,585.000061,558.717590,0.420000,0.315719,-3.000000,-2.902088,0.667304,-2.028841,-0.594439,-0.385095,1.000000
54225.000000,3.000000,585.000061,557.916382,0.420000,0.332925,-3.000000,-2.925717,0.568509,0.037368,-0.459579,-1.532788,1.000000
54235.000000,3.000000,585.000061,557.314880,0.420000,0.322627,-3.000000,-2.931313,0.612848,-2.520305,-0.411218,0.466428,1.000000
54245.000000,3.000000,585.000061,556.804749,0.420000,0.310676,-3.000000,-2.936758,0.684724,-1.151806,-0.378376,-0.880393,1.000000
54255.000000,3.000000,585.000061,555.946777,0.420000,0.280057,-3.000000,-2.932749,0.881392,-2.594356,-0.406906,0.178961,1.000000
54265.000000,3.000000,585.000061,555.086853,0.420000,0.274471,-3.000000,-2.941738,0.931409,-2.166003,-0.353492,0.461501,1.000000
54275.000000,3.000000,585.000061,554.412842,0.420000,0.270246,-3.000000,-2.941799,0.956480,-3.497184,-0.348756,1.048507,1.000000
54285.000000,3.000000,585.000061,553.846680,0.420000,0.281688,-3.000000,-2.949002,0.890378,-2.651536,-0.312302,0.509146,1.000000
54295.000000,3.000000,585.000061,553.034424,0.420000,0.256559,-3.000000,-2.951171,1.022017,-3.929139,-0.290248,0.809345,1.000000
54305.000000,3.000000,585.000061,552.239746,0.420000,0.223337,-3.000000,-2.937345,1.235389,-3.083300,-0.363064,2.113974,1.000000
54315.000000,3.000000,585.000061,551.262878,0.420000,0.195053,-3.000000,-2.913756,1.429187,-3.468782,-0.501891,1.964218,1.000000
54325.000000,3.000000,585.000061,550.434998,0.420000,0.176869,-3.000000,-2.879197,1.543388,-3.879116,-0.703677,2.625146,1.000000
54335.000000,3.000000,585.000061,549.776550,0.420000,0.162041,-3.000000,-2.844283,1.646912,-4.143954,-0.912476,2.291353,1.000000
54345.000000,3.000000,585.000061,549.376831,0.420000,0.149336,-3.000000,-2.802388,1.720573,-3.815630,-1.161614,2.754227,1.000000
54355.000000,3.000000,585.000061,549.036621,0.420000,0.124884,-3.000000,-2.769641,1.872790,-5.206437,-1.367610,2.636282,1.000000
54365.000000,3.000000,585.000061,548.532104,0.420000,0.110213,-3.000000,-2.744625,1.974779,-3.722716,-1.518189,2.639886,1.000000
54375.000000,3.000000,585.000061,547.909424,0.420000,0.087014,-3.000000,-2.721920,2.118178,-5.660853,-1.657684,2.731092,1.000000
54385.000000,3.000000,585.000061,547.922668,0.420000,0.078282,-3.000000,-2.708063,2.179439,-3.394462,-1.744785,1.578863,1.000000
54395.000000,3.000000,585.000061,547.280457,0.420000,0.054721,-3.000000,-2.690909,2.327354,-5.189486,-1.846214,2.432543,1.000000
54405.000000,3.000000,585.000061,547.415527,0.420000,0.041106,-3.000000,-2.672710,2.407760,-3.520475,-1.948535,1.420289,1.000000
54415.000000,3.000000,585.000061,547.073364,0.420000,-0.020297,-3.000000,-2.643067,2.773139,-5.397447,-2.123501,1.063059,1.000000
54425.000000,3.000000,585.000061,546.636353,0.420000,-0.047778,-3.000000,-2.619255,2.984854,-2.243993,-2.274994,0.721632,1.000000
54435.000000,3.000000,585.000061,545.732056,0.420000,-0.081442,-3.000000,-2.607619,3.186161,-4.488886,-2.348930,0.224431,1.000000
54445.000000,3.000000,585.000061,545.684021,0.420000,-0.092064,-3.000000,-2.602611,3.271044,-2.615229,-2.382767,-0.001581,1.000000
54455.000000,3.000000,585.000061,545.566223,0.420000,-0.129821,-3.000000,-2.592499,3.489195,-4.376487,-2.435848,-0.294984,1.000000
54465.000000,3.000000,585.000061,544.779785,0.420000,-0.160204,-3.000000,-2.577625,3.699538,-2.397637,-2.526864,-0.385084,1.000000
54475.000000,3.000000,585.000061,545.583923,0.420000,-0.186870,-3.000000,-2.577352,3.868244,-2.578831,-2.541189,-1.380924,1.000000
54485.000000,3.000000,585.000061,546.293396,0.420000,-0.192615,-3.000000,-2.590943,3.919955,-2.564152,-2.464273,-0.526558,1.000000
54495.000000,3.000000,585.000061,546.065491,0.420000,-0.198946,-3.000000,-2.605327,3.952635,-3.078475,-2.370419,-0.333210,1.000000
54505.000000,3.000000,585.000061,545.909607,0.420000,-0.213254,-3.000000,-2.613064,4.043116,-2.981959,-2.326870,-0.508240,1.000000
54515.000000,3.000000,585.000061,545.690491,0.420000,-0.234207,-3.000000,-2.620897,4.172380,-2.520162,-2.277211,-0.285333,1.000000
54525.000000,3.000000,585.000061,545.808350,0.420000,-0.233572,-3.000000,-2.621322,4.191827,-1.603942,-2.269773,0.297953,1.000000
54535.000000,3.000000,585.000061,545.667786,0.420000,-0.227197,-3.000000,-2.629610,4.145597,-1.999077,-2.232006,0.079600,1.000000
54545.000000,3.000000,585.000061,545.984009,0.420000,-0.210624,-3.000000,-2.640834,4.040376,-1.311527,-2.158499,0.289629,1.000000
54555.000000,3.000000,585.000061,547.292786,0.420000,-0.208046,-3.000000,-2.646816,4.023633,-1.022083,-2.121137,0.724385,1.000000
54565.000000,3.000000,585.000061,548.699219,0.420000,-0.187803,-3.000000,-2.645383,3.903767,-0.140675,-2.123008,0.673655,1.000000
54575.000000,3.000000,585.000061,549.808899,0.420000,-0.169062,-3.000000,-2.632045,3.785546,1.209395,-2.198547,1.237702,1.000000
54585.000000,3.000000,585.000061,550.492310,0.420000,-0.143405,-3.000000,-2.609014,3.625807,0.483719,-2.326963,0.834848,1.000000
54595.000000,3.000000,585.000061,551.241272,0.420000,-0.105287,-3.000000,-2.578817,3.389222,2.848159,-2.514665,1.128853,1.000000
54605.000000,3.000000,585.000061,552.346802,0.420000,-0.074199,-3.000000,-2.564019,3.178765,0.411014,-2.607335,1.284290,1.000000
54615.000000,3.000000,585.000061,553.241333,0.420000,-0.026267,-3.000000,-2.539993,2.886655,3.430968,-2.742867,1.829279,1.000000
54625.000000,3.000000,585.000061,554.462524,0.420000,0.000847,-3.000000,-2.520083,2.699465,0.569036,-2.870257,1.566733,1.000000
54635.000000,3.000000,585.000061,556.434265,0.420000,0.049053,-3.000000,-2.495591,2.404367,3.071411,-3.003801,1.589516,1.000000
54645.000000,3.000000,585.000061,558.150085,0.420000,0.080802,-3.000000,-2.462376,2.191925,1.045025,-3.209593,1.326731,1.000000
54655.000000,3.000000,585.000061,559.671204,0.420000,0.120005,-3.000000,-2.431089,1.937483,2.682316,-3.394033,0.526914,1.000000
54665.000000,3.000000,585.000061,560.986145,0.420000,0.127041,-3.000000,-2.400230,1.879805,1.544464,-3.586953,1.384073,1.000000
54675.000000,3.000000,585.000061,562.034729,0.420000,0.144578,-3.000000,-2.382671,1.777140,2.158239,-3.694253,0.425523,1.000000
54685.000000,3.000000,586.500061,563.059814,0.420000,0.168616,-3.000000,-2.370219,1.628783,1.102062,-3.777599,0.882847,1.000000
54695.000000,3.000000,586.800049,563.971497,0.420000,0.193473,-3.000000,-2.364847,1.460402,0.724003,-3.801300,-0.254314,1.000000
54705.000000,3.000000,586.800049,564.870911,0.420000,0.218384,-3.000000,-2.338926,1.307130,1.116408,-3.952924,0.665297,1.000000
54715.000000,3.000000,586.800049,565.760193,0.420000,0.236213,-3.000000,-2.334170,1.187659,1.229920,-3.998129,-0.785473,1.000000
54725.000000,3.000000,586.800049,566.358582,0.420000,0.269617,-3.000000,-2.333608,0.990582,2.455300,-4.000600,0.679920,1.000000
54735.000000,3.000000,586.800049,566.387817,0.420000,0.312057,-3.000000,-2.348012,0.720197,3.144417,-3.922092,0.133283,1.000000
54745.000000,3.000000,586.800049,567.364197,0.420000,0.361219,-3.000000,-2.354708,0.408681,3.198761,-3.874473,1.030624,1.000000
54755.000000,3.000000,586.800049,568.535278,0.420000,0.405894,-3.000000,-2.360132,0.116443,3.783209,-3.840031,0.822158,1.000000
54765.000000,3.000000,586.800049,570.004822,0.420000,0.456924,-3.000000,-2.345859,-0.201143,3.343760,-3.911466,1.172713,1.000000
54775.000000,3.000000,586.800049,571.449097,0.420000,0.495266,-3.000000,-2.327451,-0.463545,5.047114,-4.026981,0.869506,1.000000
54785.000000,3.000000,586.800049,573.196960,0.420000,0.535177,-3.000000,-2.304171,-0.703606,4.719662,-4.158408,1.557215,1.000000
54795.000000,3.000000,586.800049,575.236938,0.420000,0.596761,-3.000000,-2.291436,-1.090041,7.135779,-4.250148,0.913785,1.000000
54805.000000,3.000000,585.300049,578.065430,0.420000,0.651297,-3.000000,-2.283605,-1.440733,4.901485,-4.293586,1.387184,1.000000
54815.000000,3.000000,586.800049,580.446045,0.420000,0.731330,-3.000000,-2.281760,-1.941816,7.592888,-4.309309,1.148666,1.000000
54825.000000,3.000000,586.800049,583.319153,0.420000,0.782141,-3.000000,-2.274533,-2.283686,4.227059,-4.349148,1.899381,1.000000
54835.000000,3.000000,585.300049,586.280457,0.420000,0.862916,-3.000000,-2.272011,-2.784761,7.353622,-4.367034,1.199204,1.000000
54845.000000,3.000000,586.800049,588.796875,0.420000,0.916042,-3.000000,-2.264633,-3.143850,2.768956,-4.407191,1.814184,1.000000
54855.000000,3.000000,585.300049,591.047729,0.420000,0.987780,-3.000000,-2.268325,-3.593332,7.128941,-4.394122,0.770577,1.000000
54865.000000,3.000000,585.000061,593.297913,0.420000,1.009326,-3.000000,-2.260043,-3.753999,2.237832,-4.431288,2.337933,1.000000
54875.000000,3.000000,585.000061,595.484314,0.420000,1.076269,-3.000000,-2.248136,-4.158019,6.595103,-4.505207,1.247408,1.000000
54885.000000,3.000000,586.500061,597.550537,0.420000,1.109670,-3.000000,-2.228637,-4.386591,2.870278,-4.615521,2.681145,1.000000
54895.000000,3.000000,586.800049,599.335388,0.420000,1.197259,-3.000000,-2.213671,-4.919818,6.810916,-4.710073,1.690339,1.000000
54905.000000,3.000000,586.800049,601.021118,0.420000,1.238629,-3.000000,-2.193100,-5.209657,2.091251,-4.831696,2.501570,1.000000
54915.000000,3.000000,586.800049,602.550232,0.420000,1.318104,-3.000000,-2.181779,-5.701269,5.458582,-4.901297,1.579140,1.000000
54925.000000,3.000000,586.800049,603.740234,0.420000,1.349646,-3.000000,-2.157866,-5.942952,0.244072,-5.039384,2.456838,1.000000
54935.000000,3.000000,586.800049,604.557678,0.420000,1.404711,-3.000000,-2.149463,-6.270986,6.412091,-5.098226,0.768486,1.000000
54945.000000,3.000000,586.800049,605.380981,0.420000,1.397470,-3.000000,-2.127130,-6.262596,0.947469,-5.224364,2.227260,1.000000
54955.000000,3.000000,586.800049,606.599854,0.420000,1.446812,-3.000000,-2.113918,-6.534307,7.014124,-5.310513,0.356571,1.000000
54965.000000,3.000000,586.800049,608.186768,0.420000,1.469307,-3.000000,-2.101593,-6.698534,3.155477,-5.385273,0.395262,1.000000
54975.000000,3.000000,586.800049,608.173096,0.420000,1.538100,-3.000000,-2.104954,-7.112512,7.100185,-5.376635,-2.001648,1.000000
54985.000000,3.000000,586.800049,608.919006,0.420000,1.570258,-3.000000,-2.119669,-7.339143,3.658918,-5.297151,-2.308107,1.000000
54995.000000,3.000000,585.300049,611.138428,0.420000,1.635676,-3.000000,-2.151836,-7.739579,6.464241,-5.109941,-4.049545,1.000000
55005.000000,3.000000,585.000061,612.969604,0.420000,1.680438,-3.000000,-2.192420,-8.046166,2.574872,-4.872532,-4.457706,1.000000
55015.000000,3.000000,585.000061,614.389893,0.420000,1.746321,-3.000000,-2.247587,-8.447027,7.297827,-4.548813,-6.536843,1.000000
55025.000000,3.000000,585.000061,616.197571,0.420000,1.795390,-3.000000,-2.316305,-8.773896,4.414625,-4.146546,-7.421584,1.000000
55035.000000,3.000000,585.000061,617.767700,0.420000,1.845224,-3.000000,-2.391445,-9.092242,5.722612,-3.696170,-8.673138,1.000000
55045.000000,3.000000,585.000061,619.044617,0.420000,1.894681,-3.000000,-2.478339,-9.405670,5.221046,-3.185902,-9.315950,1.000000
55055.000000,3.000000,585.000061,620.108215,0.420000,1.928700,-3.000000,-2.572373,-9.639604,4.064640,-2.623120,-9.737902,1.000000
55065.000000,3.000000,585.000061,621.344482,0.420000,1.959283,-3.000000,-2.679628,-9.836092,4.355571,-1.989873,-10.096676,1.000000
55075.000000,3.000000,585.000061,622.259460,0.420000,1.971788,-3.000000,-2.786509,-9.919409,2.414506,-1.343117,-10.357681,1.000000
55085.000000,3.000000,585.000061,623.348877,0.420000,2.001696,-3.000000,-2.885010,-10.099091,3.698775,-0.745916,-9.619839,1.000000
55095.000000,3.000000,585.000061,624.671448,0.420000,2.028484,-3.000000,-2.962431,-10.272723,0.855776,-0.269364,-9.060586,1.000000
55105.000000,3.000000,585.000061,625.727356,0.420000,2.061120,-3.000000,-3.042655,-10.487151,2.521146,0.206284,-9.692229,1.000000
55115.000000,3.000000,585.000061,626.597290,0.420000,2.076442,-3.000000,-3.115774,-10.594195,-0.188722,0.652707,-8.718274,1.000000
55125.000000,3.000000,585.000061,626.914673,0.420000,2.079408,-3.000000,-3.190602,-10.619406,0.160081,1.096274,-8.403073,1.000000
55135.000000,3.000000,585.000061,627.048279,0.420000,2.088321,-3.000000,-3.256462,-10.669415,-1.036025,1.503373,-7.026477,1.000000
55145.000000,3.000000,585.000061,626.602905,0.420000,2.091845,-3.000000,-3.319026,-10.700118,-0.907222,1.876860,-6.947972,1.000000
55155.000000,3.000000,585.000061,626.164551,0.420000,2.096673,-3.000000,-3.370542,-10.728189,-1.942417,2.196556,-6.185838,1.000000
55165.000000,3.000000,585.000061,625.377380,0.420000,2.085634,-3.000000,-3.416492,-10.665403,-1.514499,2.473918,-5.457173,1.000000
55175.000000,3.000000,585.000061,624.796570,0.420000,2.104648,-3.000000,-3.467338,-10.773965,-0.727100,2.772388,-5.307675,1.000000
55185.000000,3.000000,585.000061,624.011169,0.420000,2.080383,-3.000000,-3.510268,-10.644900,-3.367569,3.041016,-4.013349,1.000000
55195.000000,3.000000,585.000061,623.337830,0.420000,2.086198,-3.000000,-3.549484,-10.658462,-1.129178,3.273046,-4.755102,1.000000
55205.000000,3.000000,585.000061,622.827454,0.420000,2.068116,-3.000000,-3.590195,-10.561776,-3.404767,3.517897,-4.893915,1.000000
55215.000000,3.000000,585.000061,622.226257,0.420000,2.086255,-3.000000,-3.625374,-10.650259,-1.052961,3.736552,-4.247722,1.000000
55225.000000,3.000000,585.000061,622.105957,0.420000,2.070017,-3.000000,-3.650312,-10.576760,-3.192463,3.888885,-4.386671,1.000000
55235.000000,3.000000,585.000061,621.613342,0.420000,2.085794,-3.000000,-3.668187,-10.650272,-0.221100,4.002744,-3.327541,1.000000
55245.000000,3.000000,585.000061,621.242310,0.420000,2.074660,-3.000000,-3.676002,-10.599239,-2.218170,4.053579,-2.766538,1.000000
55255.000000,3.000000,585.000061,620.462646,0.420000,2.111131,-3.000000,-3.683275,-10.799083,1.234461,4.095234,-1.870542,1.000000
55265.000000,3.000000,585.000061,619.695923,0.420000,2.107212,-3.000000,-3.681597,-10.801555,-3.913489,4.093889,-0.893373,1.000000
55275.000000,3.000000,585.000061,618.838257,0.420000,2.156330,-3.000000,-3.678308,-11.080730,2.087221,4.073637,0.388222,1.000000
55285.000000,3.000000,585.000061,618.223694,0.420000,2.176416,-3.000000,-3.657844,-11.227326,-0.989443,3.963869,2.250275,1.000000
55295.000000,3.000000,585.000061,617.659729,0.420000,2.236836,-3.000000,-3.625771,-11.585855,2.797577,3.778632,3.245640,1.000000
55305.000000,3.000000,585.000061,617.469910,0.420000,2.265862,-3.000000,-3.578398,-11.796154,0.138302,3.502265,4.137063,1.000000
55315.000000,3.000000,585.000061,616.719238,0.420000,2.332096,-3.000000,-3.523295,-12.195049,3.407931,3.179505,5.217475,1.000000
55325.000000,3.000000,585.000061,615.602966,0.420000,2.371991,-3.000000,-3.455017,-12.473644,1.881321,2.772964,5.643161,1.000000
55335.000000,3.000000,585.000061,614.177551,0.420000,2.431960,-3.000000,-3.387654,-12.838782,5.250457,2.366946,6.143721,1.000000
55345.000000,3.000000,585.000061,612.806335,0.420000,2.446908,-3.000000,-3.315812,-12.967789,1.648091,1.938795,6.239929,1.000000
55355.000000,3.000000,585.000061,611.486084,0.420000,2.504533,-3.000000,-3.240502,-13.298325,5.791493,1.489008,6.277564,1.000000
55365.000000,3.000000,586.500061,609.647827,0.420000,2.534149,-3.000000,-3.150524,-13.514945,1.959856,0.959086,6.259863,1.000000
55375.000000,3.000000,586.800049,607.730713,0.420000,2.582840,-3.000000,-3.052499,-13.818201,3.832213,0.378008,6.571854,1.000000
55385.000000,3.000000,586.800049,606.463989,0.420000,2.591397,-3.000000,-2.946334,-13.893918,2.401823,-0.257914,6.161184,1.000000
55395.000000,3.000000,586.800049,605.126221,0.420000,2.619519,-3.000000,-2.849148,-14.057364,3.800446,-0.852632,6.281955,1.000000
55405.000000,3.000000,586.800049,603.829346,0.420000,2.629096,-3.000000,-2.771218,-14.132632,1.776979,-1.328931,6.372126,1.000000
55415.000000,3.000000,586.800049,602.230408,0.420000,2.656061,-3.000000,-2.708214,-14.289416,2.928463,-1.714790,6.203866,1.000000
55425.000000,3.000000,586.800049,600.545166,0.420000,2.659092,-3.000000,-2.646148,-14.334793,1.006159,-2.084322,6.398087,1.000000
55435.000000,3.000000,585.300049,599.595154,0.420000,2.695897,-3.000000,-2.581091,-14.534698,2.715870,-2.475436,6.320141,1.000000
55445.000000,3.000000,585.000061,598.386719,0.420000,2.734456,-3.000000,-2.528283,-14.787088,1.422516,-2.802197,5.525837,1.000000
55455.000000,3.000000,585.000061,597.170471,0.420000,2.777933,-3.000000,-2.477645,-15.064567,2.149681,-3.101852,5.157078,1.000000
55465.000000,3.000000,585.000061,595.572571,0.420000,2.798168,-3.000000,-2.422833,-15.212802,1.977962,-3.429690,4.847827,1.000000
55475.000000,3.000000,585.000061,594.156677,0.420000,2.818142,-3.000000,-2.362312,-15.335223,2.214521,-3.789399,5.310543,1.000000
55485.000000,3.000000,585.000061,592.741455,0.420000,2.839836,-3.000000,-2.305134,-15.475583,3.685688,-4.135777,5.029046,1.000000
55495.000000,3.000000,585.000061,591.224609,0.420000,2.852314,-3.000000,-2.250786,-15.556229,2.542183,-4.462881,4.511378,1.000000
55505.000000,3.000000,585.000061,589.932007,0.420000,2.887005,-3.000000,-2.196340,-15.763471,5.790976,-4.788474,5.033469,1.000000
55515.000000,3.000000,585.000061,588.979614,0.420000,2.913179,-3.000000,-2.155739,-15.934119,2.531100,-5.049318,4.178370,1.000000
55525.000000,3.000000,585.000061,588.005310,0.420000,2.983621,-3.000000,-2.136414,-16.360037,6.301865,-5.173665,3.479517,1.000000
55535.000000,3.000000,585.000061,586.392822,0.420000,3.039502,-3.000000,-2.128725,-16.722473,4.441710,-5.224683,2.703751,1.000000
55545.000000,3.000000,585.000061,584.661499,0.420000,3.116572,-3.000000,-2.116778,-17.216343,6.082368,-5.290837,2.131080,1.000000
55555.000000,3.000000,585.000061,583.234192,0.420000,3.153811,-3.000000,-2.104260,-17.474783,4.283501,-5.370762,1.658877,1.000000
55565.000000,3.000000,585.000061,582.107971,0.420000,3.198482,-3.000000,-2.095278,-17.758757,5.715677,-5.420906,1.600415,1.000000
55575.000000,3.000000,585.000061,581.186646,0.420000,3.203009,-3.000000,-2.088900,-17.806955,4.698648,-5.464065,0.717790,1.000000
55585.000000,3.000000,585.000061,579.414368,0.420000,3.230620,-3.000000,-2.076176,-17.970144,5.331612,-5.532017,0.687746,1.000000
55595.000000,3.000000,586.500061,577.817993,0.420000,3.237152,-3.000000,-2.067896,-18.025404,2.790760,-5.594152,-0.213650,1.000000
55605.000000,3.000000,586.800049,576.346741,0.420000,3.264853,-3.000000,-2.071569,-18.189682,2.822741,-5.572128,-0.499579,1.000000
55615.000000,3.000000,586.800049,575.181396,0.420000,3.268464,-3.000000,-2.087876,-18.238407,2.007565,-5.487147,-1.623418,1.000000
55625.000000,3.000000,586.800049,573.949158,0.420000,3.267273,-3.000000,-2.107419,-18.219349,1.751227,-5.368348,0.148897,1.000000
55635.000000,3.000000,586.800049,572.910461,0.420000,3.263997,-3.000000,-2.139641,-18.207773,1.448638,-5.176337,-0.177346,1.000000
55645.000000,3.000000,586.800049,571.458496,0.420000,3.248643,-3.000000,-2.154259,-18.111603,0.074299,-5.079181,-0.107358,1.000000
55655.000000,3.000000,586.800049,570.154175,0.420000,3.238914,-3.000000,-2.142994,-18.050062,0.593361,-5.125535,-0.304365,1.000000
55665.000000,3.000000,586.800049,568.710205,0.420000,3.218974,-3.000000,-2.109218,-17.919233,-0.943318,-5.330621,1.108830,1.000000
55675.000000,3.000000,586.800049,567.325378,0.420000,3.250102,-3.000000,-2.142098,-18.090067,2.260026,-5.172795,-2.316574,1.000000
55685.000000,3.000000,586.800049,565.996094,0.420000,3.265008,-3.000000,-2.166248,-18.198492,0.432909,-5.020680,-0.268558,1.000000
55695.000000,3.000000,586.800049,565.971497,0.420000,3.285909,-3.000000,-2.190456,-18.328169,1.102461,-4.865880,-0.426326,1.000000
55705.000000,3.000000,586.800049,565.673584,0.420000,3.312652,-3.000000,-2.207873,-18.497076,2.141254,-4.762383,-1.399758,1.000000
55715.000000,3.000000,586.800049,565.162598,0.420000,3.321070,-3.000000,-2.218249,-18.558313,1.084368,-4.700515,-0.274339,1.000000
55725.000000,3.000000,586.800049,564.261230,0.420000,3.351962,-3.000000,-2.246203,-18.748428,3.375024,-4.536700,-0.715893,1.000000
55735.000000,3.000000,585.300049,563.084412,0.540000,3.359065,-3.000000,-2.276669,-18.801985,2.969820,-4.364789,-0.658597,1.000000
55745.000000,3.000000,585.000061,562.351196,0.540000,3.397114,-3.000000,-2.311800,-18.256010,5.639279,-4.144684,-1.613117,1.000000
55755.000000,3.000000,585.000061,561.509155,0.540000,3.398890,-3.000000,-2.315374,-18.305643,4.858385,-4.100854,-1.700564,1.000000
55765.000000,3.000000,585.000061,561.102905,0.540000,3.425738,-3.000000,-2.304728,-18.441549,6.860692,-4.165810,-1.077837,1.000000
55775.000000,3.000000,585.000061,561.099243,0.540000,3.467282,-3.000000,-2.316822,-18.708599,8.318885,-4.115961,-2.217178,1.000000
55785.000000,3.000000,585.000061,560.989014,0.540000,3.516540,-3.000000,-2.335075,-19.011221,8.207374,-4.000746,-1.029991,1.000000
55795.000000,3.000000,586.500061,560.440857,0.540000,3.587330,-3.000000,-2.371559,-19.458654,10.219241,-3.790097,-3.179002,1.000000
55805.000000,3.000000,586.800049,560.007996,0.540000,3.648664,-3.000000,-2.392061,-19.850796,9.457852,-3.660717,-2.576322,1.000000
55815.000000,3.000000,585.300049,560.603516,0.540000,3.745739,-3.000000,-2.422629,-20.450060,11.178067,-3.481951,-3.482664,1.000000
55825.000000,3.000000,585.000061,561.057007,0.540000,3.834233,-3.000000,-2.445619,-21.035435,9.440081,-3.339603,-2.654818,1.000000
55835.000000,3.000000,585.000061,560.693176,0.540000,3.929205,-3.000000,-2.478134,-21.627876,11.082415,-3.150666,-3.766151,1.000000
55845.000000,3.000000,585.000061,560.377563,0.540000,4.011969,-3.000000,-2.508458,-22.170561,10.103133,-2.967183,-3.107089,1.000000
55855.000000,3.000000,585.000061,560.141602,0.540000,4.103345,-3.000000,-2.523718,-22.740942,9.114245,-2.863832,-2.378780,1.000000
55865.000000,3.000000,585.000061,559.920227,0.540000,4.180613,-3.000000,-2.538244,-23.265524,8.214469,-2.781352,-3.430256,1.000000
55875.000000,3.000000,585.000061,559.531921,0.540000,4.221077,-3.000000,-2.566975,-23.533035,7.002689,-2.618639,-3.332545,1.000000
55885.000000,3.000000,585.000061,559.075378,0.540000,4.258423,-3.000000,-2.602316,-23.777018,5.813691,-2.405170,-2.647159,1.000000
55895.000000,3.000000,585.000061,559.194519,0.540000,4.281809,-3.000000,-2.628264,-23.929047,4.293675,-2.240354,-2.327678,1.000000
55905.000000,3.000000,585.000061,559.459290,0.540000,4.313343,-3.000000,-2.631117,-24.130390,3.482875,-2.209476,-1.802128,1.000000
55915.000000,3.000000,585.000061,559.679138,0.540000,4.320458,-3.000000,-2.652210,-24.190022,1.500964,-2.103021,-2.094351,1.000000
55925.000000,3.000000,585.000061,559.965454,0.540000,4.330589,-3.000000,-2.676961,-24.263260,0.388719,-1.955628,-1.811850,1.000000
55935.000000,3.000000,585.000061,560.523132,0.540000,4.304460,-3.000000,-2.701968,-24.112015,-2.156478,-1.801430,-1.978553,1.000000
55945.000000,3.000000,585.000061,561.283264,0.540000,4.280754,-3.000000,-2.716880,-23.957865,-1.938884,-1.706367,-1.467617,1.000000
55955.000000,3.000000,585.000061,562.216614,0.540000,4.255322,-3.000000,-2.729007,-23.792608,-1.648856,-1.635106,-1.696547,1.000000
55965.000000,3.000000,585.000061,562.902954,0.540000,4.211443,-3.000000,-2.748224,-23.533539,-3.986492,-1.523802,-2.707283,1.000000
55975.000000,3.000000,585.000061,563.461548,0.540000,4.159648,-3.000000,-2.774350,-23.200308,-3.428902,-1.367101,-3.423207,1.000000
55985.000000,3.000000,585.000061,564.560059,0.540000,4.101254,-3.000000,-2.782247,-22.824881,-4.543916,-1.301404,-1.383100,1.000000
55995.000000,3.000000,585.000061,565.870911,0.620000,4.057618,-3.000000,-2.799383,-22.545715,-2.878036,-1.226182,-3.109279,1.000000
56005.000000,3.000000,585.000061,566.971191,0.620000,3.994411,-3.000000,-2.838056,-21.634047,-4.812336,-0.996426,-3.688575,1.000000
56015.000000,3.000000,585.000061,567.936951,0.540000,3.951317,-3.000000,-2.880311,-21.351118,-2.553669,-0.741081,-4.080788,1.000000
56025.000000,3.000000,585.000061,568.746948,0.540000,3.898566,-3.000000,-2.912014,-21.521032,-3.159762,-0.547690,-3.467038,1.000000
56035.000000,3.000000,585.000061,570.127319,0.620000,3.890887,-3.000000,-2.945034,-21.449072,-0.581784,-0.347189,-3.206477,1.000000
56045.000000,3.000000,585.000061,571.770935,0.540000,3.848519,-3.000000,-2.965025,-20.694611,-3.030205,-0.212611,-4.018111,1.000000
56055.000000,3.000000,585.000061,572.552551,0.540000,3.839505,-3.000000,-2.969255,-21.116610,-0.614887,-0.192435,-3.460213,1.000000
56065.000000,3.000000,585.000061,573.197144,0.540000,3.818084,-3.000000,-2.988616,-20.992781,-1.223617,-0.081429,-3.655943,1.000000
56075.000000,3.000000,585.000061,573.973755,0.540000,3.817986,-3.000000,-3.013658,-20.979227,-0.188702,0.066952,-2.654154,1.000000
56085.000000,3.000000,585.000061,574.922302,0.540000,3.803038,-3.000000,-3.037735,-20.895899,-0.696871,0.208910,-2.564959,1.000000
56095.000000,3.000000,585.000061,575.765442,0.540000,3.800253,-3.000000,-3.056700,-20.859594,-0.500115,0.332989,-1.544023,1.000000
56105.000000,3.000000,585.000061,576.892578,0.540000,3.794447,-3.000000,-3.056278,-20.832975,-0.179310,0.338410,-1.305948,1.000000
56115.000000,3.000000,585.000061,578.186829,0.620000,3.788174,-3.000000,-3.068757,-20.789904,-0.427015,0.400362,-2.189648,1.000000
56125.000000,3.000000,585.000061,580.178650,0.620000,3.788714,-3.000000,-3.074969,-20.290707,1.780712,0.450631,-1.749158,1.000000
56135.000000,3.000000,585.000061,581.832397,0.620000,3.761367,-3.000000,-3.081075,-20.117249,0.908642,0.481416,-1.686752,1.000000
56145.000000,3.000000,585.000061,584.072693,0.620000,3.745106,-3.000000,-3.082783,-20.016823,1.610222,0.496408,-0.944670,1.000000
56155.000000,3.000000,585.000061,586.190002,0.620000,3.716946,-3.480000,-3.079007,-19.831381,0.980988,0.473738,-0.243652,1.000000
56165.000000,3.000000,585.000061,587.362488,0.620000,3.709871,-4.240000,-3.075517,-19.782196,2.334605,-2.423854,0.102066,1.000000
56175.000000,3.000000,585.000061,588.457397,0.620000,3.691149,-4.240000,-3.073268,-19.662634,1.606897,-6.997293,1.064303,1.000000
56185.000000,3.000000,585.000061,589.537598,0.620000,3.696479,-4.240000,-3.059830,-19.683989,2.897474,-7.069380,1.085451,1.000000
56195.000000,3.000000,585.000061,591.086182,1.140000,3.683859,-5.520000,-3.037887,-19.620070,2.091340,-7.195632,0.644081,1.000000
56205.000000,3.000000,585.000061,592.287415,1.140000,3.674524,-5.520000,-3.010554,-16.230047,2.103979,-15.042832,0.318292,1.000000
56215.000000,3.000000,585.000061,593.366577,1.140000,3.655446,-6.520000,-3.001656,-16.112272,1.078547,-15.109995,-0.894505,1.000000
56225.000000,3.000000,585.000061,594.831726,1.140000,3.642581,-6.520000,-3.001877,-16.027220,0.240857,-21.111137,-2.039701,1.000000
56235.000000,3.000000,585.000061,596.534729,1.020000,3.611563,-7.080000,-3.020437,-15.840899,-0.179607,-21.016657,-5.012039,1.000000
56245.000000,3.000000,585.000061,597.841125,1.020000,3.579682,-7.080000,-3.060297,-16.402262,-1.091838,-24.149706,-6.260537,1.000000
56255.000000,3.000000,585.000061,599.165588,1.020000,3.524590,-7.080000,-3.149601,-16.066189,-2.593671,-23.648542,-10.866421,1.000000
56265.000000,3.000000,585.000061,600.788147,1.020000,3.479283,-7.080000,-3.261437,-15.770246,-3.389994,-22.981972,-11.963452,1.000000
56275.000000,3.000000,585.000061,603.288025,1.020000,3.400247,-7.200000,-3.385465,-15.289418,-5.689361,-22.242765,-14.221484,1.000000
56285.000000,3.000000,585.000061,605.386230,1.020000,3.309233,-7.200000,-3.510454,-14.720497,-4.975834,-22.210167,-16.899832,1.000000
56295.000000,3.000000,585.000061,607.167480,1.020000,3.171249,-7.200000,-3.645060,-13.858065,-5.738610,-21.419357,-18.556202,1.000000
56305.000000,3.000000,585.000061,608.701599,1.020000,3.065619,-7.200000,-3.815332,-13.149467,-3.803583,-20.415628,-20.153992,1.000000
56315.000000,3.000000,585.000061,610.151917,1.020000,2.964379,-7.200000,-4.010481,-12.503604,-4.056613,-19.260593,-20.735191,1.000000
56325.000000,3.000000,585.000061,611.895752,0.540000,2.921539,-7.680000,-4.232657,-12.184041,-0.564285,-17.937672,-22.934753,1.000000
56335.000000,3.000000,585.000061,613.207703,0.540000,2.848205,-7.680000,-4.438498,-14.825396,-1.976928,-19.568462,-21.478230,1.000000
56345.000000,3.000000,585.000061,614.418213,0.540000,2.806905,-7.680000,-4.656405,-14.528688,2.826427,-18.272793,-23.066826,1.000000
56355.000000,3.000000,585.000061,615.623169,0.540000,2.763950,-8.280000,-4.871961,-14.246675,1.827401,-16.980278,-21.588726,1.000000
56365.000000,3.000000,585.000061,616.740540,0.540000,2.784796,-8.280000,-5.092454,-14.350223,5.223207,-19.254192,-21.831303,1.000000
56375.000000,3.000000,585.000061,618.240723,0.540000,2.788277,-8.280000,-5.293522,-14.384284,3.151004,-18.036026,-19.976313,1.000000
56385.000000,3.000000,585.000061,619.686584,0.540000,2.827457,-8.280000,-5.479018,-14.614217,5.990729,-16.911968,-19.064651,1.000000
56395.000000,3.000000,586.500061,621.119019,0.540000,2.840660,-8.280000,-5.648845,-14.720079,1.842493,-15.885678,-17.675650,1.000000
56405.000000,3.000000,586.800049,622.360474,0.620000,2.885057,-8.280000,-5.799116,-14.978317,6.925807,-14.971559,-15.772736,1.000000
56415.000000,3.000000,586.800049,623.379028,0.620000,2.895546,-8.280000,-5.936440,-14.565335,1.261322,-14.139627,-14.918921,1.000000
56425.000000,3.000000,586.800049,624.072632,0.620000,2.900036,-8.280000,-6.058064,-14.591728,3.013918,-13.401541,-12.754303,1.000000
56435.000000,3.000000,586.800049,624.634766,0.620000,2.895651,-8.280000,-6.169886,-14.569145,-0.109113,-12.725038,-11.690952,1.000000
56445.000000,3.000000,586.800049,625.429138,0.620000,2.891402,-8.160000,-6.262791,-14.538955,0.718071,-12.154727,-9.184417,1.000000
56455.000000,3.000000,586.800049,626.060791,0.620000,2.894639,-8.160000,-6.338980,-14.559204,-0.349428,-10.967002,-7.929777,1.000000
56465.000000,3.000000,586.800049,626.668457,0.620000,2.883627,-8.160000,-6.393124,-14.496497,-0.406266,-10.629250,-6.450047,1.000000
56475.000000,3.000000,585.300049,628.231201,0.620000,2.874648,-7.680000,-6.428722,-14.441222,-0.458470,-10.403489,-6.426878,1.000000
56485.000000,3.000000,585.000061,629.494629,0.620000,2.848626,-7.680000,-6.444648,-14.275517,-0.345437,-7.419133,-4.459083,1.000000
56495.000000,3.000000,585.000061,630.115662,0.620000,2.844588,-7.680000,-6.461594,-14.239944,1.256620,-7.320333,-5.231315,1.000000
56505.000000,3.000000,585.000061,630.928589,0.620000,2.840023,-7.680000,-6.480835,-14.207102,0.892951,-7.206714,-4.577422,1.000000
56515.000000,3.000000,585.000061,631.611267,0.740000,2.859716,-7.680000,-6.489929,-14.318576,3.334176,-7.142924,-3.907974,1.000000
56525.000000,3.000000,585.000061,632.100403,0.740000,2.870461,-7.680000,-6.490951,-13.628974,2.814878,-7.135574,-3.435920,1.000000
56535.000000,3.000000,585.000061,632.511658,0.740000,2.886023,-7.680000,-6.495662,-13.724097,5.002605,-7.104303,-3.119821,1.000000
56545.000000,3.000000,585.000061,632.838318,0.740000,2.894266,-7.680000,-6.492949,-13.775887,4.869989,-7.121827,-3.162614,1.000000
56555.000000,3.000000,586.500061,633.568420,0.740000,2.913693,-7.680000,-6.485683,-13.895372,6.282743,-7.156016,-3.084647,1.000000
56565.000000,3.000000,585.000061,634.035522,0.740000,2.957148,-7.680000,-6.463218,-14.153130,6.623279,-7.291274,-2.806127,1.000000
56575.000000,3.000000,585.000061,633.576965,0.740000,3.026886,-7.680000,-6.448541,-14.585795,8.116228,-7.382029,-3.049561,1.000000
56585.000000,3.000000,585.000061,633.132568,0.740000,3.108251,-7.680000,-6.432067,-15.103508,8.432324,-7.476940,-3.319930,1.000000
56595.000000,3.000000,585.000061,632.856323,0.740000,3.191309,-7.680000,-6.423113,-15.633646,9.839731,-7.537411,-3.733272,1.000000
56605.000000,3.000000,585.000061,632.947021,0.740000,3.273398,-7.680000,-6.414019,-16.164291,8.989985,-7.587138,-3.329133,1.000000
56615.000000,3.000000,585.000061,632.865051,0.740000,3.346011,-6.880000,-6.403179,-16.631739,9.196968,-7.656664,-3.105392,1.000000
56625.000000,3.000000,585.000061,632.778381,0.740000,3.418839,-6.880000,-6.392311,-17.098787,8.886832,-2.917909,-2.130506,1.000000
56635.000000,3.000000,585.000061,632.146362,0.740000,3.469349,-6.880000,-6.382598,-17.443464,8.222113,-2.978050,-2.101088,1.000000
56645.000000,3.000000,585.000061,631.503235,0.740000,3.499709,-6.880000,-6.369336,-17.639730,6.807008,-3.054245,-0.167314,1.000000
56655.000000,3.000000,585.000061,630.148071,0.740000,3.550429,-6.880000,-6.342670,-17.954260,7.821132,-3.204906,1.632349,1.000000
56665.000000,3.000000,585.000061,628.994202,0.740000,3.596981,-6.880000,-6.307178,-18.254158,5.649592,-3.410688,2.481977,1.000000
56675.000000,3.000000,586.500061,628.621643,0.740000,3.638497,-6.880000,-6.247346,-18.531574,5.827240,-3.752466,3.984162,1.000000
56685.000000,3.000000,585.000061,628.335266,0.740000,3.665316,-6.320000,-6.185233,-18.704138,3.375840,-4.133763,3.493747,1.000000
56695.000000,3.000000,585.000061,627.734680,0.740000,3.689065,-6.200000,-6.124084,-18.866064,3.514620,-1.136979,3.935717,1.000000
56705.000000,3.000000,585.000061,627.127014,0.740000,3.686512,-6.200000,-6.060596,-18.862671,1.218956,-0.797132,3.519322,1.000000
56715.000000,3.000000,585.000061,626.232971,0.740000,3.676429,-6.120000,-5.999773,-18.803959,1.517429,-1.169829,4.204067,1.000000
56725.000000,3.000000,585.000061,625.959900,0.740000,3.658258,-5.640000,-5.947378,-18.694632,-1.176241,-0.999501,3.778180,1.000000
56735.000000,3.000000,585.000061,625.255920,0.740000,3.615914,-5.640000,-5.891643,-18.436623,-0.456532,1.537007,5.049933,1.000000
56745.000000,3.000000,585.000061,623.997681,0.740000,3.593809,-5.640000,-5.849669,-18.276846,-0.874227,1.286356,4.419174,1.000000
56755.000000,3.000000,585.000061,622.938416,0.740000,3.545768,-5.520000,-5.797971,-17.989840,-1.951307,0.978115,5.113950,1.000000
56765.000000,3.000000,585.000061,621.564026,0.740000,3.506425,-4.920000,-5.734469,-17.734312,-1.384501,1.331449,5.499411,1.000000
56775.000000,3.000000,585.000061,619.911682,0.740000,3.435445,-4.920000,-5.664408,-17.295120,-1.857449,4.509953,5.126554,1.000000
56785.000000,3.000000,585.000061,618.575562,0.740000,3.380308,-4.920000,-5.595953,-16.929922,-0.665962,4.098630,4.125059,1.000000
56795.000000,3.000000,585.000061,617.377808,0.820000,3.305084,-4.920000,-5.531849,-16.464066,-1.087054,3.707903,3.793707,1.000000
56805.000000,3.000000,585.000061,616.375183,0.820000,3.278249,-4.920000,-5.470876,-15.734103,2.285774,3.341409,3.629821,1.000000
56815.000000,3.000000,585.000061,615.137207,0.820000,3.246603,-4.920000,-5.390796,-15.546165,0.612572,2.871666,5.149961,1.000000
56825.000000,3.000000,585.000061,613.034729,0.820000,3.252846,-4.920000,-5.314689,-15.562678,3.911422,2.413788,4.090491,1.000000
56835.000000,3.000000,585.000061,611.875916,0.820000,3.251081,-4.840000,-5.244973,-15.554845,3.370297,1.991818,3.981340,1.000000
56845.000000,3.000000,585.000061,611.163086,0.820000,3.279294,-4.840000,-5.167466,-15.718613,4.989172,2.013725,4.164707,1.000000
56855.000000,3.000000,585.000061,610.281555,0.820000,3.306623,-4.840000,-5.088874,-15.898768,4.654593,1.540252,4.179821,1.000000
56865.000000,3.000000,585.000061,608.952393,0.820000,3.338296,-4.840000,-5.010064,-16.095659,5.433576,1.066821,4.220207,1.000000
56875.000000,3.000000,585.000061,607.744629,0.820000,3.370593,-4.360000,-4.930125,-16.298653,5.027637,0.585651,4.985640,1.000000
56885.000000,3.000000,585.000061,606.339661,0.820000,3.405014,-4.360000,-4.854033,-16.524176,4.139109,3.008949,4.414250,1.000000
56895.000000,3.000000,585.000061,604.720642,0.820000,3.405309,-4.360000,-4.779695,-16.561186,3.465478,2.562839,4.779532,1.000000
56905.000000,3.000000,585.000061,603.267761,0.820000,3.386667,-4.360000,-4.699743,-16.432899,3.875715,2.084055,5.185004,1.000000
56915.000000,3.000000,585.000061,601.350220,0.820000,3.391490,-4.360000,-4.639826,-16.444719,3.631924,1.710036,5.114991,1.000000
56925.000000,3.000000,585.000061,599.850525,0.740000,3.406026,-4.360000,-4.584540,-16.543154,1.409137,1.378973,5.672428,1.000000
56935.000000,3.000000,585.000061,598.477356,0.740000,3.414313,-4.360000,-4.534819,-17.111298,1.403846,1.079295,5.348012,1.000000
56945.000000,3.000000,585.000061,596.364624,0.740000,3.408215,-4.360000,-4.477921,-17.085678,-0.852043,0.743583,5.659214,1.000000
56955.000000,3.000000,585.000061,595.120544,0.740000,3.392362,-4.360000,-4.410571,-16.988792,-0.951325,0.344278,6.116292,1.000000
56965.000000,3.000000,585.000061,594.311035,0.740000,3.353562,-4.360000,-4.341579,-16.764172,-3.502429,-0.066072,5.605564,1.000000
56975.000000,3.000000,585.000061,593.599182,0.740000,3.329758,-3.760000,-4.277575,-16.579996,-0.590723,-0.463297,5.505268,1.000000
56985.000000,3.000000,585.000061,592.192871,0.740000,3.314373,-3.760000,-4.222774,-16.487757,-2.964164,2.811640,5.635258,1.000000
56995.000000,3.000000,585.000061,590.877258,0.740000,3.278150,-3.760000,-4.151160,-16.282272,-3.695241,2.397241,6.227929,1.000000
57005.000000,3.000000,585.000061,589.647400,0.740000,3.194929,-3.760000,-4.071535,-15.772107,-4.096813,1.917539,5.935560,1.000000
57015.000000,3.000000,585.000061,588.611694,0.740000,3.112108,-3.760000,-3.978624,-15.225154,-3.799027,1.367821,8.547559,1.000000
57025.000000,3.000000,585.000061,587.257324,0.740000,3.046149,-3.760000,-3.908044,-14.802310,-4.991091,0.929473,6.485340,1.000000
57035.000000,3.000000,585.000061,585.861511,0.620000,2.982611,-3.680000,-3.838273,-14.388396,-4.878475,0.508751,6.409281,1.000000
57045.000000,3.000000,585.000061,584.778015,0.620000,2.926104,-3.680000,-3.773176,-14.784047,-3.994364,0.598403,6.759337,1.000000
57055.000000,3.000000,585.000061,583.486816,0.620000,2.898274,-3.680000,-3.698953,-14.602986,-5.265013,0.157259,7.478427,1.000000
57065.000000,3.000000,585.000061,582.398438,0.620000,2.883244,-3.680000,-3.647902,-14.484365,-4.400647,-0.166125,5.668482,1.000000
57075.000000,3.000000,585.000061,581.099731,0.620000,2.881874,-3.680000,-3.590255,-14.481435,-5.882175,-0.498967,5.380754,1.000000
57085.000000,3.000000,585.000061,579.275146,0.620000,2.826198,-3.080000,-3.524550,-14.171783,-6.979237,-0.892410,4.778265,1.000000
57095.000000,3.000000,585.000061,578.352051,0.620000,2.751360,-3.080000,-3.447191,-13.692317,-7.018016,2.247781,5.073106,1.000000
57105.000000,3.000000,585.000061,576.883362,0.620000,2.661129,-3.080000,-3.374658,-13.121778,-6.317040,1.808899,4.974698,1.000000
57115.000000,3.000000,585.000061,576.121948,0.620000,2.563242,-3.000000,-3.316162,-12.499351,-7.305038,1.448992,4.893399,1.000000
57125.000000,3.000000,585.000061,575.304260,0.540000,2.475414,-3.000000,-3.269371,-11.930846,-5.836071,1.640890,4.567720,1.000000
57135.000000,3.000000,585.000061,574.715454,0.540000,2.426963,-3.000000,-3.218001,-12.092288,-5.944956,1.339972,5.904399,1.000000
57145.000000,3.000000,585.000061,574.052307,0.540000,2.397327,-3.000000,-3.168270,-11.912368,-5.944366,1.038876,5.089057,1.000000
57155.000000,3.000000,585.000061,573.229126,0.540000,2.344352,-3.000000,-3.122268,-11.585184,-7.606471,0.758892,5.784338,1.000000
57165.000000,3.000000,585.000061,571.993469,0.540000,2.292944,-3.000000,-3.068906,-11.256098,-5.922358,0.447342,5.091217,1.000000
57175.000000,3.000000,585.000061,571.224915,0.540000,2.239112,-3.000000,-3.021936,-10.902756,-4.870332,0.158931,4.532961,1.000000
57185.000000,3.000000,585.000061,570.370178,0.540000,2.184198,-3.000000,-2.983825,-10.561564,-6.327041,-0.075284,3.476640,1.000000
57195.000000,3.000000,585.000061,569.992798,0.540000,2.139234,-3.000000,-2.962653,-10.263781,-4.756273,-0.211932,1.882986,1.000000
57205.000000,3.000000,585.000061,569.646851,0.540000,2.075243,-3.000000,-2.936587,-9.864005,-6.707513,-0.364603,3.207896,1.000000
57215.000000,3.000000,585.000061,569.305298,0.540000,2.028419,-3.000000,-2.911150,-9.550658,-4.116546,-0.518698,2.475382,1.000000
57225.000000,3.000000,585.000061,568.793518,0.540000,1.962195,-3.000000,-2.881221,-9.145021,-7.624973,-0.694304,2.779955,1.000000
57235.000000,3.000000,585.000061,568.138672,0.420000,1.937060,-3.000000,-2.860765,-8.951715,-3.831533,-0.824814,1.490394,1.000000
57245.000000,3.000000,585.000061,567.099304,0.420000,1.878753,-3.000000,-2.844187,-9.381124,-6.813090,-0.927868,2.870972,1.000000
57255.000000,3.000000,585.000061,566.660095,0.420000,1.827715,-3.000000,-2.818492,-9.041983,-5.565177,-1.066850,4.135447,1.000000
57265.000000,3.000000,585.000061,566.061768,0.420000,1.775877,-3.000000,-2.786145,-8.707527,-4.729311,-1.266805,2.839839,1.000000
57275.000000,3.000000,585.000061,565.579041,0.420000,1.735556,-3.000000,-2.746505,-8.437766,-4.095232,-1.498319,4.016343,1.000000
57285.000000,3.000000,585.000061,565.439819,0.420000,1.719582,-3.000000,-2.723314,-8.331685,-3.482535,-1.648945,2.097038,1.000000
57295.000000,3.000000,585.000061,565.317688,0.420000,1.678653,-3.000000,-2.740376,-8.086311,-3.871348,-1.583169,0.948964,1.000000
57305.000000,3.000000,585.000061,565.259155,0.420000,1.652144,-3.000000,-2.763442,-7.900363,-1.568789,-1.424159,1.778527,1.000000
57315.000000,3.000000,585.000061,565.519165,0.420000,1.619492,-3.000000,-2.771107,-7.698722,-0.478701,-1.378528,1.586926,1.000000
57325.000000,3.000000,585.000061,565.479736,0.420000,1.593729,-3.000000,-2.769241,-7.527532,-1.093332,-1.378857,2.054262,1.000000
57335.000000,3.000000,585.000061,565.775024,0.420000,1.556386,-3.000000,-2.761981,-7.310268,0.356218,-1.425818,2.670146,1.000000
57345.000000,3.000000,585.000061,565.935303,0.420000,1.499478,-3.000000,-2.760059,-6.933024,1.024134,-1.436105,3.080637,1.000000
57355.000000,3.000000,585.000061,566.001038,0.420000,1.493515,-3.000000,-2.758322,-6.867214,2.338265,-1.447917,2.424247,1.000000
57365.000000,3.000000,585.000061,565.962097,0.420000,1.501067,-3.000000,-2.753961,-6.914173,1.197106,-1.476764,1.992237,1.000000
57375.000000,3.000000,585.000061,565.712769,0.420000,1.533652,-3.000000,-2.751121,-7.103736,2.905535,-1.485842,2.099012,1.000000
57385.000000,3.000000,585.000061,565.774170,0.420000,1.561750,-3.000000,-2.745934,-7.286822,2.267785,-1.525701,1.551170,1.000000
57395.000000,3.000000,585.000061,565.517395,0.420000,1.597435,-3.000000,-2.737352,-7.511023,1.983352,-1.568257,1.856885,1.000000
57405.000000,3.000000,585.000061,565.307312,0.420000,1.648378,-3.000000,-2.727694,-7.830022,2.590782,-1.628945,1.677433,1.000000
57415.000000,3.000000,585.000061,564.896362,0.420000,1.679601,-3.000000,-2.717041,-8.040660,1.305118,-1.691864,1.667988,1.000000
57425.000000,3.000000,585.000061,565.005920,0.420000,1.722971,-3.000000,-2.702035,-8.319560,2.291435,-1.777845,1.598049,1.000000
57435.000000,3.000000,585.000061,565.642334,0.420000,1.725516,-3.000000,-2.692323,-8.355269,0.824786,-1.840040,0.687244,1.000000
57445.000000,3.000000,585.000061,566.362854,0.420000,1.740993,-3.000000,-2.681224,-8.443266,1.335570,-1.906646,1.046185,1.000000
57455.000000,3.000000,585.000061,566.963379,0.420000,1.743302,-3.000000,-2.692203,-8.469870,1.323007,-1.856326,0.018052,1.000000
57465.000000,3.000000,585.000061,567.601379,0.420000,1.752887,-3.000000,-2.695868,-8.527360,-0.454060,-1.826493,0.531744,1.000000
57475.000000,3.000000,585.000061,568.335083,0.420000,1.750234,-3.000000,-2.705966,-8.516848,-0.648849,-1.769524,-0.179502,1.000000
57485.000000,3.000000,585.000061,569.650085,0.420000,1.735052,-3.000000,-2.706417,-8.429492,-2.730888,-1.760213,0.271710,1.000000
57495.000000,3.000000,585.000061,570.793030,0.420000,1.715510,-3.000000,-2.711352,-8.308060,-2.894204,-1.736697,-0.761099,1.000000
57505.000000,3.000000,585.000061,571.909485,0.420000,1.678585,-3.000000,-2.711335,-8.078486,-4.143408,-1.731999,0.614821,1.000000
57515.000000,3.000000,585.000061,573.143677,0.420000,1.641440,-3.000000,-2.718665,-7.846654,-4.051004,-1.692079,0.089361,1.000000
57525.000000,3.000000,585.000061,574.245972,0.420000,1.587620,-3.000000,-2.723147,-7.507398,-4.322003,-1.661894,0.869541,1.000000
57535.000000,3.000000,585.000061,575.166870,0.420000,1.545511,-3.000000,-2.715302,-7.222026,-3.788953,-1.701559,0.923053,1.000000
57545.000000,3.000000,585.000061,576.123413,0.420000,1.523942,-3.000000,-2.717343,-7.081133,-2.676507,-1.698752,1.053936,1.000000
57555.000000,3.000000,585.000061,576.943481,0.420000,1.484063,-3.000000,-2.722978,-6.832134,-4.162576,-1.666381,1.543336,1.000000
57565.000000,3.000000,585.000061,578.144409,0.420000,1.465952,-3.000000,-2.743841,-6.710776,-1.377279,-1.552437,0.724650,1.000000
57575.000000,3.000000,585.000061,578.727844,0.420000,1.431201,-3.000000,-2.757131,-6.485095,-1.913814,-1.463036,1.704659,1.000000
57585.000000,3.000000,585.000061,579.209778,0.420000,1.458145,-3.000000,-2.768088,-6.620568,0.779644,-1.394381,0.899452,1.000000
57595.000000,3.000000,585.000061,580.129639,0.420000,1.462702,-3.000000,-2.756178,-6.674133,-1.078565,-1.455527,1.561339,1.000000
57605.000000,3.000000,585.000061,581.096924,0.420000,1.479163,-3.000000,-2.753124,-6.767719,0.421023,-1.482300,0.200439,1.000000
57615.000000,3.000000,585.000061,582.081726,0.420000,1.483118,-3.000000,-2.765335,-6.804254,-0.381232,-1.414228,-0.918133,1.000000
57625.000000,3.000000,585.000061,584.074707,0.420000,1.500259,-3.000000,-2.762108,-6.895620,0.208781,-1.426392,0.375758,1.000000
57635.000000,3.000000,585.000061,585.738525,0.420000,1.500275,-3.000000,-2.773057,-6.917202,-0.345705,-1.370969,-1.158496,1.000000
57645.000000,3.000000,585.000061,586.208252,0.420000,1.493046,-3.000000,-2.786782,-6.877989,-1.266589,-1.286915,-0.584916,1.000000
57655.000000,3.000000,585.000061,586.591919,0.420000,1.461655,-3.000000,-2.805322,-6.693619,-2.246006,-1.178571,-0.799197,1.000000
57665.000000,3.000000,585.000061,586.717102,0.420000,1.433431,-3.000000,-2.827034,-6.493883,-2.438540,-1.050702,-1.445452,1.000000
57675.000000,3.000000,585.000061,587.252319,0.420000,1.399469,-3.000000,-2.848249,-6.300993,-3.930297,-0.922826,-1.968504,1.000000
57685.000000,3.000000,585.000061,587.908875,0.420000,1.356274,-3.000000,-2.871643,-6.018781,-4.378472,-0.787574,-2.742611,1.000000
57695.000000,3.000000,585.000061,588.448303,0.420000,1.325256,-3.000000,-2.888862,-5.815843,-4.336069,-0.675582,-2.373912,1.000000
57705.000000,3.000000,585.000061,589.001465,0.420000,1.283638,-3.000000,-2.912932,-5.550973,-5.933708,-0.540682,-3.212664,1.000000
57715.000000,3.000000,585.000061,589.209900,0.420000,1.255976,-3.000000,-2.941644,-5.371741,-4.593831,-0.365763,-3.739739,1.000000
57725.000000,3.000000,585.000061,590.226685,0.420000,1.205021,-3.000000,-2.968822,-5.061329,-6.635820,-0.205356,-3.890288,1.000000
57735.000000,3.000000,585.000061,590.803711,0.420000,1.158431,-3.000000,-2.998135,-4.758119,-5.365053,-0.030835,-4.129296,1.000000
57745.000000,3.000000,585.000061,591.476807,0.420000,1.089372,-3.000000,-3.031764,-4.323508,-7.027654,0.165301,-3.781225,1.000000
57755.000000,3.000000,585.000061,591.961304,0.420000,1.044355,-3.000000,-3.071577,-4.027370,-5.710413,0.407275,-4.228216,1.000000
57765.000000,3.000000,585.000061,592.587158,0.420000,0.979666,-3.000000,-3.103794,-3.625475,-6.836462,0.603215,-3.428822,1.000000
57775.000000,3.000000,585.000061,593.029297,0.420000,0.925447,-3.000000,-3.141691,-3.269514,-5.534891,0.827315,-3.623335,1.000000
57785.000000,3.000000,585.000061,593.341614,0.420000,0.854519,-3.000000,-3.174752,-2.822016,-6.766490,1.027070,-2.724097,1.000000
57795.000000,3.000000,585.000061,593.325439,0.420000,0.831477,-3.000000,-3.205208,-2.641544,-4.945905,1.215962,-2.489980,1.000000
57805.000000,3.000000,586.500061,593.118469,0.420000,0.790779,-3.000000,-3.219810,-2.397844,-6.456658,1.310627,-1.089121,1.000000
57815.000000,3.000000,586.800049,592.809814,0.420000,0.801690,-3.000000,-3.229855,-2.426212,-3.661988,1.377660,-0.765434,1.000000
57825.000000,3.000000,586.800049,592.657349,0.420000,0.806069,-3.000000,-3.226980,-2.469433,-4.685518,1.363398,0.075322,1.000000
57835.000000,3.000000,586.800049,591.431580,0.420000,0.825893,-3.000000,-3.222605,-2.586013,-3.315840,1.339072,1.391378,1.000000
57845.000000,3.000000,586.800049,590.246948,0.420000,0.817403,-3.000000,-3.215464,-2.555016,-4.461088,1.297847,2.109251,1.000000
57855.000000,3.000000,586.800049,588.789795,0.420000,0.829730,-3.000000,-3.189269,-2.606438,-3.600129,1.158056,4.397250,1.000000
57865.000000,3.000000,586.800049,586.954529,0.420000,0.852582,-3.000000,-3.147176,-2.751669,-2.933072,0.913015,5.002054,1.000000
57875.000000,3.000000,586.800049,585.059631,0.420000,0.874339,-3.000000,-3.090183,-2.902906,-4.577537,0.581743,6.935892,1.000000
57885.000000,3.000000,586.800049,584.647949,0.420000,0.873411,-3.000000,-3.038985,-2.905018,-4.000772,0.265065,5.980576,1.000000
57895.000000,3.000000,586.800049,584.687805,0.420000,0.862334,-3.000000,-2.980732,-2.847732,-4.704897,-0.082993,8.078897,1.000000
57905.000000,3.000000,586.800049,584.931702,0.420000,0.811230,-3.000000,-2.916460,-2.541684,-4.071160,-0.455465,9.294851,1.000000
57915.000000,3.000000,586.800049,585.279175,0.420000,0.755403,-3.000000,-2.852846,-2.179665,-3.583855,-0.846783,8.494310,1.000000
57925.000000,3.000000,586.800049,585.399902,0.420000,0.716403,-3.000000,-2.781213,-1.912393,-1.973583,-1.266622,9.336163,1.000000
57935.000000,3.000000,586.800049,583.395142,0.420000,0.690747,-3.000000,-2.695364,-1.746615,-2.971720,-1.777936,10.085155,1.000000
57945.000000,3.000000,586.800049,581.480408,0.420000,0.700111,-3.000000,-2.606079,-1.779110,-1.420162,-2.303141,9.457501,1.000000
57955.000000,3.000000,586.800049,575.265320,0.420000,0.716971,-3.000000,-2.512985,-1.898417,-2.513381,-2.869662,9.240677,1.000000
57965.000000,3.000000,585.300049,570.106079,0.420000,0.715079,-3.000000,-2.451963,-1.889024,-2.089963,-3.258079,7.573474,1.000000
57975.000000,3.000000,585.000061,566.528625,0.420000,0.705074,-3.000000,-2.406919,-1.840220,-2.081850,-3.539483,8.438311,1.000000
57985.000000,3.000000,585.000061,563.902649,0.420000,0.676785,-3.000000,-2.357061,-1.659081,-1.637496,-3.818155,8.850000,1.000000
57995.000000,3.000000,585.000061,561.424072,0.420000,0.655866,-3.000000,-2.309537,-1.524042,-1.555116,-4.118869,7.023340,1.000000
58005.000000,3.000000,586.500061,560.192871,0.420000,0.631260,-3.000000,-2.271740,-1.365911,-1.876583,-4.350895,5.988365,1.000000
58015.000000,3.000000,585.000061,559.182312,0.420000,0.656914,-3.000000,-2.222417,-1.495798,-0.380732,-4.630094,5.882553,1.000000
58025.000000,3.000000,585.000061,558.349365,0.420000,0.668606,-3.000000,-2.171418,-1.580147,-1.168454,-4.941580,4.622522,1.000000
58035.000000,3.000000,585.000061,557.930908,0.420000,0.700959,-3.000000,-2.126735,-1.769703,-1.613553,-5.214217,4.136265,1.000000
58045.000000,3.000000,585.000061,557.584106,0.420000,0.748165,-3.000000,-2.078394,-2.079582,-1.253836,-5.502407,3.529713,1.000000
58055.000000,3.000000,585.000061,557.249451,0.540000,0.791120,-3.000000,-2.037076,-2.331995,-1.063011,-5.751559,1.823954,1.000000
58065.000000,3.000000,585.000061,556.658508,0.540000,0.838028,-3.000000,-2.032029,-1.892743,-1.894731,-5.814893,-0.336727,1.000000
58075.000000,3.000000,585.000061,555.431274,0.420000,0.865890,-3.000000,-2.038669,-2.066147,-0.917174,-5.774135,0.036111,1.000000
58085.000000,3.000000,586.500061,552.684692,0.540000,0.887812,-3.000000,-2.053304,-2.983903,-0.922809,-5.686937,-0.050711,1.000000
58095.000000,3.000000,586.800049,549.752747,0.540000,0.871351,-3.000000,-2.064502,-2.139227,-2.612426,-5.620563,0.197021,1.000000
58105.000000,3.000000,586.800049,546.575073,0.540000,0.866540,-3.000000,-2.076179,-2.092264,-1.714855,-5.549850,-1.326920,1.000000
58115.000000,3.000000,586.800049,543.722168,0.540000,0.847635,-3.000000,-2.086871,-1.986525,-2.891714,-5.487684,-1.442151,1.000000
58125.000000,3.000000,585.300049,540.458008,0.540000,0.813902,-3.000000,-2.118241,-1.781553,-3.077687,-5.316643,-1.791054,1.000000
58135.000000,3.000000,585.000061,537.504089,0.540000,0.765281,-3.000000,-2.153484,-1.476291,-3.542118,-5.093657,-0.350509,1.000000
58145.000000,3.000000,585.000061,534.575745,0.540000,0.729682,-3.000000,-2.191253,-1.223343,-3.371575,-4.877848,-2.110271,1.000000
58155.000000,3.000000,585.000061,533.059448,0.540000,0.714255,-3.000000,-2.213852,-1.132607,-4.403151,-4.726719,-1.074165,1.000000
58165.000000,3.000000,585.000061,530.515198,0.540000,0.673325,-3.000000,-2.242821,-0.883943,-6.185453,-4.564291,-2.311965,1.000000
58175.000000,3.000000,585.000061,528.531433,0.540000,0.621777,-3.000000,-2.295385,-0.561292,-6.079071,-4.263290,-3.359587,1.000000
58185.000000,3.000000,585.000061,528.661682,0.540000,0.553112,-3.000000,-2.346567,-0.124861,-6.096298,-3.954171,-2.444392,1.000000
58195.000000,3.000000,585.000061,528.897278,0.540000,0.487313,-3.000000,-2.411221,0.295162,-6.399704,-3.574317,-3.188451,1.000000
58205.000000,3.000000,585.000061,529.773193,0.540000,0.438443,-3.000000,-2.474946,0.624767,-5.379708,-3.185267,-2.902955,1.000000
58215.000000,3.000000,585.000061,531.045410,0.540000,0.378389,-3.000000,-2.535384,0.989309,-6.873926,-2.830941,-2.172704,1.000000
58225.000000,3.000000,585.000061,533.072815,0.540000,0.346233,-3.000000,-2.590099,1.226718,-3.778243,-2.484534,-1.948593,1.000000
58235.000000,3.000000,585.000061,534.994080,0.540000,0.309110,-3.000000,-2.628422,1.452405,-4.730187,-2.253877,-2.784067,1.000000
58245.000000,3.000000,585.000061,536.999146,0.540000,0.277401,-3.000000,-2.669696,1.659089,-5.002504,-2.005403,-2.819221,1.000000
58255.000000,3.000000,585.000061,538.185669,0.540000,0.242106,-3.000000,-2.721899,1.878897,-4.733199,-1.702610,-3.162176,1.000000
58265.000000,3.000000,585.000061,539.484741,0.540000,0.196610,-3.000000,-2.776731,2.173600,-4.215201,-1.372762,-2.583927,1.000000
58275.000000,3.000000,585.000061,540.434326,0.540000,0.191474,-3.000000,-2.812849,2.225049,-2.171015,-1.138604,-2.573093,1.000000
58285.000000,3.000000,585.000061,540.817261,0.540000,0.162187,-3.000000,-2.844094,2.404930,-4.229048,-0.953805,-2.724120,1.000000
58295.000000,3.000000,585.000061,540.872742,0.540000,0.160246,-3.000000,-2.869518,2.428451,-3.762351,-0.799160,-0.941456,1.000000
58305.000000,3.000000,585.000061,540.700500,0.540000,0.145381,-3.000000,-2.895558,2.510401,-3.529381,-0.640320,-1.089501,1.000000
58315.000000,3.000000,585.000061,540.550537,0.540000,0.128370,-3.000000,-2.912134,2.633548,-3.113486,-0.534601,-0.643048,1.000000
58325.000000,3.000000,585.000061,540.384277,0.540000,0.136227,-3.000000,-2.925364,2.585050,-2.391441,-0.456104,-0.730912,1.000000
58335.000000,3.000000,585.000061,540.759705,0.540000,0.157516,-3.000000,-2.929703,2.479044,-1.941366,-0.424906,0.143857,1.000000
58345.000000,3.000000,585.000061,541.042480,0.540000,0.201403,-3.000000,-2.936386,2.184703,-0.880675,-0.381543,0.714146,1.000000
58355.000000,3.000000,585.000061,543.101379,0.540000,0.198895,-3.000000,-2.937881,2.167323,-3.213613,-0.376365,0.916304,1.000000
58365.000000,3.000000,585.000061,545.677063,0.540000,0.187812,-3.000000,-2.933670,2.240402,-0.702897,-0.391364,1.538621,1.000000
58375.000000,3.000000,585.000061,548.087219,0.540000,0.141825,-3.000000,-2.915450,2.522880,-2.090992,-0.494559,1.688366,1.000000
58385.000000,3.000000,585.000061,551.453796,0.540000,0.136215,-3.000000,-2.903804,2.581777,-0.567320,-0.571753,1.484788,1.000000
58395.000000,3.000000,585.000061,554.666443,0.540000,0.114024,-3.000000,-2.894548,2.708715,-1.925416,-0.628592,1.866525,1.000000
58405.000000,3.000000,585.000061,557.570557,0.540000,0.095425,-3.000000,-2.885032,2.835417,-1.942354,-0.681577,3.156636,1.000000
58415.000000,3.000000,585.000061,560.249084,0.540000,0.064761,-3.000000,-2.888184,3.018613,-2.023287,-0.672069,2.554092,1.000000
58425.000000,3.000000,585.000061,563.130432,0.540000,0.040410,-3.000000,-2.880708,3.187770,-1.573526,-0.707839,3.558765,1.000000
58435.000000,3.000000,585.000061,566.717163,0.540000,0.034962,-3.000000,-2.869014,3.235544,-0.309560,-0.776645,3.254353,1.000000
58445.000000,3.000000,585.000061,570.570557,0.540000,0.055511,-3.000000,-2.847624,3.116360,-0.846244,-0.898191,3.764779,1.000000
58455.000000,3.000000,585.000061,574.592102,0.540000,0.083461,-3.000000,-2.819346,2.941777,0.206336,-1.066123,3.536802,1.000000
58465.000000,3.000000,585.000061,578.936462,0.540000,0.100149,-3.000000,-2.794998,2.823513,-1.560954,-1.216414,3.612931,1.000000
58475.000000,3.000000,585.000061,583.399658,0.540000,0.124424,-3.000000,-2.770311,2.671763,-0.252781,-1.361269,4.149910,1.000000
58485.000000,3.000000,585.000061,587.143860,0.540000,0.138088,-3.000000,-2.742805,2.579585,-1.270102,-1.525360,4.378481,1.000000
58495.000000,3.000000,585.000061,590.317627,0.540000,0.156569,-3.000000,-2.714322,2.460624,0.041399,-1.697946,4.074965,1.000000
58505.000000,3.000000,585.000061,594.170044,0.540000,0.161098,-3.000000,-2.686892,2.429890,-1.034458,-1.861619,4.753297,1.000000
58515.000000,3.000000,585.000061,597.797791,0.540000,0.178967,-3.000000,-2.658471,2.317040,-0.172563,-2.029305,4.301643,1.000000
58525.000000,3.000000,585.000061,600.763062,0.540000,0.183772,-3.000000,-2.625569,2.289423,-0.468486,-2.230642,4.754652,1.000000
58535.000000,3.000000,585.000061,603.173523,0.540000,0.214645,-3.000000,-2.594222,2.104539,2.833382,-2.410286,4.474918,1.000000
58545.000000,3.000000,585.000061,605.192383,0.540000,0.241410,-3.000000,-2.546554,1.929734,2.402023,-2.693742,4.877265,1.000000
58555.000000,3.000000,585.000061,607.649902,0.540000,0.285804,-3.000000,-2.510621,1.661547,5.305509,-2.916965,3.874952,1.000000
58565.000000,3.000000,585.000061,610.546326,0.540000,0.348110,-3.000000,-2.489373,1.270763,6.045674,-3.054708,3.295048,1.000000
58575.000000,3.000000,585.000061,613.052551,0.540000,0.418968,-3.000000,-2.483920,0.826865,7.663174,-3.093985,1.564072,1.000000
58585.000000,3.000000,585.000061,615.455994,0.540000,0.517979,-3.000000,-2.490135,0.205631,8.974388,-3.070291,0.257718,1.000000
58595.000000,3.000000,585.000061,617.464600,0.540000,0.591774,-3.000000,-2.515993,-0.283508,6.947724,-2.920358,-1.026776,1.000000
58605.000000,3.000000,585.000061,620.375061,0.540000,0.668453,-3.000000,-2.542726,-0.771666,8.280385,-2.762279,-2.297457,1.000000
58615.000000,3.000000,585.000061,622.105530,0.540000,0.711888,-3.000000,-2.580853,-1.079525,3.187784,-2.542100,-4.091083,1.000000
58625.000000,3.000000,585.000061,623.827332,0.540000,0.774313,-3.000000,-2.631611,-1.454565,7.852574,-2.245623,-5.272743,1.000000
58635.000000,3.000000,585.000061,626.348694,0.540000,0.829955,-3.000000,-2.704434,-1.820739,3.991323,-1.824297,-6.812564,1.000000
58645.000000,3.000000,585.000061,629.742798,0.540000,0.887302,-3.000000,-2.791353,-2.185581,4.637162,-1.305104,-6.643407,1.000000
58655.000000,3.000000,585.000061,630.475159,0.540000,0.971779,-3.000000,-2.874604,-2.710300,3.278478,-0.798162,-6.542050,1.000000
58665.000000,3.000000,585.000061,631.130676,0.540000,1.012088,-3.000000,-2.942023,-3.003160,0.048765,-0.387255,-5.940062,1.000000
58675.000000,3.000000,585.000061,631.572876,0.540000,1.056984,-3.000000,-3.008488,-3.293281,-0.008961,0.012149,-5.594538,1.000000
58685.000000,3.000000,585.000061,632.509888,0.540000,1.039614,-3.000000,-3.072568,-3.221983,-6.561575,0.397598,-4.512378,1.000000
58695.000000,3.000000,585.000061,636.416382,0.540000,1.053279,-3.000000,-3.137876,-3.273168,0.615192,0.787974,-4.012161,1.000000
58705.000000,3.000000,585.000061,640.164856,0.540000,1.015476,-3.000000,-3.185063,-3.079792,-7.776968,1.089380,-2.714643,1.000000
58715.000000,3.000000,585.000061,638.990234,0.540000,0.959674,-3.000000,-3.212300,-2.723058,-5.037515,1.258015,-1.870990,1.000000
58725.000000,3.000000,585.000061,638.152893,0.540000,0.899315,-3.000000,-3.239767,-2.343226,-7.488968,1.422678,-2.134737,1.000000
58735.000000,3.000000,585.000061,636.707336,0.540000,0.803991,-3.000000,-3.264014,-1.745521,-8.574281,1.570091,-1.246722,1.000000
58745.000000,3.000000,585.000061,635.694275,0.540000,0.752356,-3.000000,-3.294575,-1.394493,-6.782854,1.746264,-1.573005,1.000000
58755.000000,3.000000,585.000061,634.718689,0.540000,0.626900,-3.000000,-3.320524,-0.635135,-11.360379,1.909577,-0.496319,1.000000
58765.000000,3.000000,585.000061,633.696594,0.540000,0.533264,-3.000000,-3.342199,-0.003984,-4.354809,2.039589,-0.448360,1.000000
58775.000000,3.000000,585.000061,632.811707,0.540000,0.403687,-3.000000,-3.364829,0.780314,-13.568475,2.177457,-0.623786,1.000000
58785.000000,3.000000,585.000061,631.971313,0.540000,0.307344,-3.000000,-3.379588,1.439742,-5.735432,2.269452,-0.345250,1.000000
58795.000000,3.000000,585.000061,631.798096,0.540000,0.249933,-3.000000,-3.392143,1.822732,-6.851602,2.347323,-0.696836,1.000000
58805.000000,3.000000,585.000061,631.715637,0.540000,0.196042,-3.000000,-3.395898,2.178939,-5.664770,2.373875,0.492523,1.000000
58815.000000,3.000000,585.000061,632.098511,0.540000,0.195440,-3.000000,-3.395285,2.199038,-3.351442,2.373254,-0.221935,1.000000
58825.000000,3.000000,585.000061,633.073181,0.540000,0.152138,-3.000000,-3.391748,2.458203,-5.066364,2.353516,0.638779,1.000000
58835.000000,3.000000,585.000061,637.399231,0.540000,0.159325,-3.000000,-3.379434,2.436491,-0.507519,2.285216,0.862456,1.000000
58845.000000,3.000000,585.000061,640.778870,0.540000,0.133923,-3.000000,-3.367645,2.569722,-5.498322,2.212543,0.778287,1.000000
58855.000000,3.000000,585.000061,639.655029,0.540000,0.136939,-3.000000,-3.349186,2.593702,2.338815,2.106514,2.164354,1.000000
58865.000000,3.000000,585.000061,639.233459,0.540000,0.139257,-3.000000,-3.345513,2.561568,-2.193677,2.075385,0.821025,1.000000
58875.000000,3.000000,585.000061,638.935486,0.540000,0.124078,-3.000000,-3.339950,2.655056,-1.163720,2.040713,2.160734,1.000000
58885.000000,3.000000,585.000061,638.636169,0.540000,0.122147,-3.000000,-3.347858,2.670124,-1.334113,2.081253,1.097817,1.000000
58895.000000,3.000000,585.000061,637.618225,0.540000,0.093510,-3.000000,-3.353881,2.842335,-2.214680,2.121463,1.570171,1.000000
58905.000000,3.000000,585.000061,636.146362,0.540000,0.091668,-3.000000,-3.352136,2.870455,-0.758537,2.114993,0.965496,1.000000
58915.000000,3.000000,585.000061,634.996155,0.540000,0.075242,-3.000000,-3.342912,2.967244,-2.441708,2.062702,1.752166,1.000000
58925.000000,3.000000,585.000061,633.781250,0.540000,0.076256,-3.000000,-3.325785,2.966567,-1.273857,1.964444,1.040540,1.000000
58935.000000,3.000000,585.000061,636.190979,0.540000,0.062326,-3.000000,-3.321133,3.049965,-1.932793,1.926410,0.627511,1.000000
58945.000000,3.000000,585.000061,636.083801,0.540000,0.062768,-3.000000,-3.320748,3.055276,0.062188,1.924892,0.515151,1.000000
58955.000000,3.000000,585.000061,633.604553,0.540000,0.065940,-3.000000,-3.328964,3.037751,0.412592,1.966723,-0.611910,1.000000
58965.000000,3.000000,585.000061,631.466248,0.540000,0.069872,-3.000000,-3.337490,3.013770,0.366308,2.021585,-0.780388,1.000000
58975.000000,3.000000,585.000061,629.117065,0.540000,0.093927,-3.000000,-3.341887,2.871629,2.271497,2.044759,-1.096501,1.000000
58985.000000,3.000000,585.000061,626.464722,0.540000,0.113122,-3.000000,-3.358288,2.748133,1.522408,2.138799,-1.889512,1.000000
58995.000000,3.000000,585.000061,623.506958,0.540000,0.146774,-3.000000,-3.377303,2.536765,3.099346,2.250320,-1.934239,1.000000
59005.000000,3.000000,585.000061,621.220032,0.540000,0.173764,-3.000000,-3.395286,2.361402,2.264875,2.362131,-2.607507,1.000000
59015.000000,3.000000,585.000061,618.198425,0.540000,0.203802,-3.000000,-3.408197,2.172049,5.155492,2.440315,-2.248648,1.000000
59025.000000,3.000000,585.000061,613.776794,0.540000,0.235563,-3.000000,-3.426621,1.963474,2.555863,2.551536,-2.967957,1.000000
59035.000000,3.000000,585.000061,609.894348,0.540000,0.242158,-3.000000,-3.440175,1.907395,2.730874,2.630011,-1.753493,1.000000
59045.000000,3.000000,585.000061,607.667725,0.540000,0.248799,-3.000000,-3.462219,1.869264,2.067642,2.761236,-1.670500,1.000000
59055.000000,3.000000,585.000061,605.453918,0.540000,0.227469,-3.000000,-3.481513,1.980940,0.151706,2.878352,-0.428120,1.000000
59065.000000,3.000000,585.000061,602.922668,0.540000,0.216098,-3.000000,-3.492631,2.069148,-0.163588,2.952639,0.514205,1.000000
59075.000000,3.000000,585.000061,599.337036,0.540000,0.194725,-3.000000,-3.492620,2.189829,-0.946800,2.959871,2.280174,1.000000
59085.000000,3.000000,585.000061,595.614868,0.540000,0.184302,-3.000000,-3.485364,2.273901,-1.539446,2.916853,2.710523,1.000000
59095.000000,3.000000,585.000061,593.184265,0.540000,0.177105,-3.000000,-3.479592,2.317283,-0.226562,2.884490,3.208802,1.000000
59105.000000,3.000000,585.000061,591.063660,0.540000,0.182753,-3.000000,-3.449030,2.294035,-1.127689,2.718915,5.138981,1.000000
59115.000000,3.000000,585.000061,588.860413,0.540000,0.202737,-3.000000,-3.408469,2.171934,1.250010,2.477351,5.631687,1.000000
59125.000000,3.000000,585.000061,586.560425,0.540000,0.207039,-3.000000,-3.354299,2.136567,-0.614231,2.160961,7.094646,1.000000
59135.000000,3.000000,585.000061,584.084656,0.540000,0.237265,-3.000000,-3.303713,1.955799,2.079177,1.853561,7.299436,1.000000
59145.000000,3.000000,585.000061,581.980591,0.540000,0.261283,-3.000000,-3.242286,1.805685,1.721896,1.492201,8.541190,1.000000
59155.000000,3.000000,585.000061,579.703857,0.540000,0.319852,-3.000000,-3.180011,1.445232,4.272862,1.122568,8.255928,1.000000
59165.000000,3.000000,585.000061,577.814209,0.540000,0.359058,-3.000000,-3.099447,1.185180,3.825685,0.646040,8.600933,1.000000
59175.000000,3.000000,585.000061,575.382446,0.420000,0.414015,-3.000000,-3.016357,0.844480,5.807994,0.147898,7.912155,1.000000
59185.000000,3.000000,585.000061,573.140625,0.420000,0.461308,-3.000000,-2.937780,-0.228048,4.362949,-0.334376,7.597778,1.000000
59195.000000,3.000000,585.000061,570.917480,0.540000,0.535681,-3.000000,-2.885819,-0.691194,5.661300,-0.657417,6.208533,1.000000
59205.000000,3.000000,585.000061,568.346741,0.420000,0.614922,-3.000000,-2.839435,-0.428423,5.846513,-0.937373,5.123690,1.000000
59215.000000,3.000000,585.000061,565.619446,0.420000,0.683418,-3.000000,-2.804715,-1.646407,5.156464,-1.154310,3.772265,1.000000
59225.000000,3.000000,585.000061,562.810364,0.420000,0.743674,-3.000000,-2.785666,-2.038618,4.754705,-1.276497,2.203031,1.000000
59235.000000,3.000000,585.000061,560.240417,0.420000,0.799611,-3.000000,-2.781013,-2.391379,5.035779,-1.317424,1.516991,1.000000
59245.000000,3.000000,585.000061,558.113831,0.420000,0.846519,-3.000000,-2.788842,-2.700958,4.446550,-1.273833,0.856337,1.000000
59255.000000,3.000000,585.000061,555.833069,0.420000,0.897012,-3.000000,-2.801913,-3.018165,5.159689,-1.195340,0.227384,1.000000
59265.000000,3.000000,585.000061,552.597229,0.420000,0.947026,-3.000000,-2.823966,-3.338727,3.661836,-1.071658,-0.706154,1.000000
59275.000000,3.000000,586.500061,549.441406,0.420000,1.008896,-3.000000,-2.840614,-3.732809,3.359811,-0.965920,-0.032842,1.000000
59285.000000,3.000000,586.800049,547.352234,0.420000,1.027157,-3.000000,-2.850222,-3.880351,1.301980,-0.900025,-1.194967,1.000000
59295.000000,3.000000,586.800049,545.564270,0.420000,1.063790,-3.000000,-2.849176,-4.096069,2.900180,-0.905960,-1.370512,1.000000
59305.000000,3.000000,586.800049,543.518677,0.420000,1.080363,-3.000000,-2.864617,-4.219418,0.895351,-0.828172,-2.693494,1.000000
59315.000000,3.000000,585.300049,541.579224,0.420000,1.110495,-3.000000,-2.909777,-4.392929,1.237990,-0.573348,-3.426549,1.000000
59325.000000,3.000000,585.000061,539.525330,0.420000,1.129832,-3.000000,-2.959145,-4.539478,-0.598885,-0.276185,-3.398735,1.000000
59335.000000,3.000000,585.000061,537.048340,0.420000,1.104936,-3.000000,-3.001265,-4.408243,-1.962161,-0.016760,-3.344579,1.000000
59345.000000,3.000000,585.000061,534.780090,0.420000,1.091844,-3.000000,-3.053668,-4.305167,-0.752928,0.291128,-4.715578,1.000000
59355.000000,3.000000,585.000061,532.845581,0.420000,1.060524,-3.000000,-3.088261,-4.122749,-3.560499,0.506887,-3.017836,1.000000
59365.000000,3.000000,585.000061,530.761780,0.420000,1.031509,-3.000000,-3.133752,-3.935351,-3.028581,0.776606,-3.418991,1.000000
59375.000000,3.000000,586.500061,529.029419,0.420000,0.996396,-3.000000,-3.169885,-3.709288,-3.210713,0.997418,-3.534118,1.000000
59385.000000,3.000000,586.800049,527.619141,0.420000,0.959303,-3.000000,-3.210565,-3.478015,-4.494907,1.241874,-3.234991,1.000000
59395.000000,3.000000,586.800049,526.239868,0.420000,0.930176,-3.000000,-3.253828,-3.281948,-4.470238,1.491750,-3.208217,1.000000
59405.000000,3.000000,586.800049,524.956726,0.420000,0.887498,-3.000000,-3.287491,-3.023612,-5.283971,1.709770,-2.676897,1.000000
59415.000000,3.000000,585.300049,523.809387,0.420000,0.838753,-3.000000,-3.307987,-2.711334,-5.217627,1.836140,-3.573983,1.000000
59425.000000,3.000000,585.000061,522.814331,0.420000,0.787294,-3.000000,-3.330956,-2.385481,-5.300258,1.969766,-2.549923,1.000000
59435.000000,3.000000,585.000061,521.660583,0.420000,0.711637,-3.000000,-3.356143,-1.915665,-7.086052,2.126129,-1.986385,1.000000
59445.000000,3.000000,585.000061,520.607544,0.420000,0.652218,-3.000000,-3.383324,-1.524986,-6.087510,2.283198,-3.033771,1.000000
59455.000000,3.000000,585.000061,519.600708,0.420000,0.579011,-3.000000,-3.406116,-1.064202,-6.923891,2.422444,-2.261659,1.000000
59465.000000,3.000000,585.000061,518.482727,0.420000,0.509437,-3.000000,-3.436675,-0.616082,-6.688355,2.599487,-2.835925,1.000000
59475.000000,3.000000,585.000061,517.504333,0.420000,0.455351,-3.000000,-3.465117,-0.260868,-5.753960,2.775640,-2.317965,1.000000
59485.000000,3.000000,585.000061,516.555786,0.420000,0.392569,-3.000000,-3.500254,0.139158,-6.108513,2.982343,-3.155637,1.000000
59495.000000,3.000000,585.000061,515.653687,0.420000,0.349332,-3.000000,-3.523559,0.423343,-5.371356,3.125442,-1.913026,1.000000
59505.000000,3.000000,585.000061,514.696960,0.420000,0.289641,-3.000000,-3.555819,0.794587,-6.619903,3.307358,-2.509181,1.000000
59515.000000,3.000000,585.000061,514.147522,0.420000,0.236982,-3.000000,-3.620346,1.136298,-5.668124,3.682912,-3.190636,1.000000
59525.000000,3.000000,585.000061,514.229980,0.420000,0.207246,-3.000000,-3.671335,1.347685,-3.733343,4.003428,-2.323201,1.000000
59535.000000,3.000000,585.000061,514.327698,0.420000,0.178794,-3.000000,-3.706699,1.529208,-4.513445,4.222044,-1.802204,1.000000
59545.000000,3.000000,585.000061,514.378052,0.420000,0.168580,-3.000000,-3.729686,1.598988,-3.023252,4.367492,-1.621671,1.000000
59555.000000,3.000000,585.000061,513.805237,0.340000,0.121732,-3.000000,-3.746450,1.872021,-3.811580,4.466608,-0.901369,1.000000
59565.000000,3.000000,585.000061,513.057373,0.340000,0.082347,-3.000000,-3.769158,1.627055,-2.127352,4.601845,-1.357140,1.000000
59575.000000,3.000000,585.000061,513.752747,0.340000,0.061648,-3.000000,-3.784256,1.771370,-1.491577,4.699883,-0.862427,1.000000
59585.000000,3.000000,585.000061,514.199768,0.340000,0.045132,-3.000000,-3.788031,1.880190,-1.618177,4.723251,-0.296354,1.000000
59595.000000,3.000000,585.000061,514.323547,0.340000,0.059987,-3.000000,-3.786629,1.807607,-0.179233,4.723723,-0.061579,1.000000
59605.000000,3.000000,585.000061,514.474304,0.340000,0.070004,-3.000000,-3.786977,1.731185,-1.613272,4.715545,0.096956,1.000000
59615.000000,3.000000,585.000061,515.195923,0.340000,0.077006,-3.000000,-3.804561,1.687217,-0.911522,4.819658,0.309982,1.000000
59625.000000,3.000000,585.000061,516.493408,0.340000,0.087059,-3.000000,-3.812933,1.624598,-0.324134,4.872389,0.391288,1.000000
59635.000000,3.000000,585.000061,517.483887,0.340000,0.094702,-3.000000,-3.816035,1.576527,-0.536647,4.899615,0.385475,1.000000
59645.000000,3.000000,585.000061,518.534424,0.340000,0.091197,-3.000000,-3.818980,1.587493,-0.701126,4.910623,0.637213,1.000000
59655.000000,3.000000,585.000061,519.299072,0.340000,0.096072,-3.000000,-3.817883,1.564976,0.488786,4.908967,1.541358,1.000000
59665.000000,3.000000,585.000061,520.322021,0.340000,0.103002,-3.000000,-3.809371,1.523755,-0.448623,4.862723,1.409299,1.000000
59675.000000,3.000000,585.000061,521.266907,-0.260000,0.118320,-3.000000,-3.797710,1.421337,0.441718,4.792412,1.637357,1.000000
59685.000000,3.000000,585.000061,522.330383,-0.260000,0.108128,-3.000000,-3.789493,-2.360138,0.430796,4.741412,1.925161,1.000000
59695.000000,3.000000,585.000061,523.471558,-0.260000,0.122675,-3.000000,-3.772014,-2.434362,0.877290,4.645380,2.574313,1.000000
59705.000000,3.000000,585.000061,524.846741,-0.260000,0.141451,-3.000000,-3.754620,-2.559544,0.205286,4.538744,1.962898,1.000000
59715.000000,3.000000,585.000061,526.347778,-0.260000,0.161891,-3.000000,-3.723274,-2.684307,0.063229,4.361529,2.547350,1.000000
59725.000000,3.000000,585.000061,528.015259,-1.020000,0.175192,-3.000000,-3.690810,-2.784407,0.128889,4.164123,2.041511,1.000000
59735.000000,3.000000,585.000061,529.835815,-1.020000,0.172057,-3.000000,-3.667652,-7.628438,-0.191360,4.015397,2.360212,1.000000
59745.000000,3.000000,585.000061,531.361084,-1.020000,0.186213,-3.000000,-3.653995,-7.705424,-0.414303,3.932519,2.951983,1.000000
59755.000000,3.000000,585.000061,532.869934,-1.020000,0.190524,-3.000000,-3.646193,-7.749664,-1.044300,3.884558,2.161117,1.000000
59765.000000,3.000000,585.000061,534.226379,-1.020000,0.187447,-3.000000,-3.625013,-7.728752,-1.674538,3.765308,2.459184,1.000000
59775.000000,3.000000,585.000061,536.599243,-1.020000,0.191318,-3.000000,-3.592486,-7.751481,-1.588363,3.575565,3.343099,1.000000
59785.000000,3.000000,585.000061,538.823120,-1.020000,0.179652,-3.000000,-3.561313,-7.686254,-3.876312,3.385559,2.648816,1.000000
59795.000000,3.000000,585.000061,539.706604,-1.020000,0.178716,-3.000000,-3.530971,-7.675809,-3.168519,3.202300,2.994562,1.000000
59805.000000,3.000000,585.000061,540.765564,-1.020000,0.156916,-3.000000,-3.512750,-7.548287,-4.401216,3.085741,2.622785,1.000000
59815.000000,3.000000,585.000061,543.765442,-1.020000,0.134227,-3.000000,-3.495126,-7.402271,-4.499972,2.981863,2.619696,1.000000
59825.000000,3.000000,585.000061,546.660156,-1.020000,0.115775,-3.000000,-3.478339,-7.271982,-3.866400,2.880485,2.993074,1.000000
59835.000000,3.000000,585.000061,549.121338,-0.940000,0.105958,-3.000000,-3.447588,-7.214868,-6.829492,2.704398,3.106033,1.000000
59845.000000,3.000000,585.000061,550.936462,-0.940000,0.084471,-3.000000,-3.428806,-6.578556,-4.431179,2.582009,2.299989,1.000000
59855.000000,3.000000,585.000061,552.516235,-0.940000,0.024386,-3.000000,-3.409077,-6.211845,-6.140796,2.464308,2.441370,1.000000
59865.000000,3.000000,585.000061,555.205200,-0.940000,-0.017219,-3.000000,-3.394549,-5.931543,-3.043404,2.376163,2.680441,1.000000
59875.000000,3.000000,585.000061,558.005127,-0.460000,-0.067148,-3.000000,-3.372846,-5.609882,-3.183426,2.251611,2.963191,1.000000
59885.000000,3.000000,585.000061,560.076599,-0.460000,-0.075830,-3.000000,-3.348895,-2.459653,-0.683401,2.107165,3.246679,1.000000
59895.000000,3.000000,585.000061,562.411194,-0.460000,-0.098011,-3.000000,-3.322557,-2.331110,-0.951947,1.952973,3.461925,1.000000
59905.000000,3.000000,585.000061,564.916260,-0.460000,-0.096781,-3.000000,-3.291937,-2.320480,1.442772,1.770125,4.179207,1.000000
59915.000000,3.000000,585.000061,567.482605,-0.460000,-0.105173,-3.000000,-3.265977,-2.282212,2.099313,1.611314,3.695969,1.000000
59925.000000,3.000000,585.000061,569.866516,-0.460000,-0.099433,-3.000000,-3.236434,-2.293520,3.003588,1.436663,4.151407,1.000000
59935.000000,3.000000,585.000061,572.106262,-0.460000,-0.080550,-3.000000,-3.208219,-2.420581,3.840589,1.272652,3.159248,1.000000
59945.000000,3.000000,585.000061,574.612610,-0.460000,-0.062693,-3.000000,-3.160691,-2.527326,3.853369,0.994842,3.707860,1.000000
59955.000000,3.000000,585.000061,576.692810,-0.340000,-0.030400,-3.000000,-3.110664,-2.729313,4.784191,0.691521,2.715618,1.000000
59965.000000,3.000000,585.000061,579.504639,-0.340000,-0.010265,-3.000000,-3.075653,-2.090912,3.840421,0.467453,2.208824,1.000000
59975.000000,3.000000,585.000061,581.889709,-0.340000,0.025054,-3.000000,-3.060141,-2.321943,3.398185,0.366579,0.949357,1.000000
59985.000000,3.000000,585.000061,583.404419,-0.340000,0.052753,-3.000000,-3.062675,-2.490320,2.899262,0.369165,0.199409,1.000000
59995.000000,3.000000,585.000061,586.085083,-0.340000,0.113055,-3.000000,-3.078628,-2.858136,3.056586,0.460526,-0.616965,1.000000
60005.000000,3.000000,585.000061,589.445923,-0.260000,0.150157,-3.000000,-3.106462,-3.108480,-0.236587,0.614077,-1.081842,1.000000
60015.000000,3.000000,585.000061,592.294128,0.340000,0.219547,-3.000000,-3.147972,-3.031965,0.636340,0.865216,-2.418963,1.000000
60025.000000,3.000000,585.000061,594.852783,0.340000,0.255640,-3.000000,-3.180724,0.556185,-1.602587,1.063628,-2.596492,1.000000
60035.000000,3.000000,585.000061,596.250305,0.260000,0.307426,-3.000000,-3.220564,0.238709,0.311219,1.297534,-2.967200,1.000000
60045.000000,3.000000,585.000061,597.515625,0.260000,0.317820,-3.000000,-3.265025,-0.370115,-2.365045,1.560309,-3.375711,1.000000
60055.000000,3.000000,585.000061,599.917969,0.260000,0.335060,-3.000000,-3.323741,-0.472357,-1.447523,1.907756,-4.109033,1.000000
60065.000000,3.000000,585.000061,601.779236,0.260000,0.318979,-3.000000,-3.374882,-0.391684,-2.979384,2.219802,-3.618625,1.000000
60075.000000,3.000000,585.000061,603.567017,0.260000,0.314037,-3.000000,-3.426195,-0.345752,-2.303469,2.526781,-4.242684,1.000000
60085.000000,3.000000,585.000061,604.930908,0.260000,0.289317,-3.000000,-3.470697,-0.206804,-3.539711,2.797860,-3.841347,1.000000
60095.000000,3.000000,585.000061,606.337097,0.260000,0.268035,-3.000000,-3.512468,-0.067107,-3.929684,3.051538,-4.048422,1.000000
60105.000000,3.000000,585.000061,608.519836,0.260000,0.235663,-3.000000,-3.553014,0.134006,-3.479787,3.292010,-3.711952,1.000000
60115.000000,3.000000,585.000061,611.006714,0.260000,0.212910,-3.000000,-3.594599,0.287336,-3.720622,3.547729,-3.525997,1.000000
60125.000000,3.000000,585.000061,613.047607,0.260000,0.180406,-3.000000,-3.625506,0.487741,-3.642563,3.733596,-3.083072,1.000000
60135.000000,3.000000,585.000061,615.007141,0.260000,0.143705,-3.000000,-3.658402,0.723414,-4.616509,3.932264,-2.757906,1.000000
60145.000000,3.000000,585.000061,617.296875,0.260000,0.105951,-3.000000,-3.686916,0.961897,-4.201100,4.104160,-2.299946,1.000000
60155.000000,3.000000,585.000061,619.710571,0.260000,0.076892,-3.000000,-3.716049,1.153554,-5.480008,4.281552,-1.907594,1.000000
60165.000000,3.000000,585.000061,621.616272,0.260000,0.035509,-3.000000,-3.744101,1.408991,-4.241899,4.445981,-2.154095,1.000000
60175.000000,3.000000,585.000061,623.122070,0.260000,0.011810,-3.000000,-3.774637,1.577084,-4.724427,4.632478,-1.843113,1.000000
60185.000000,3.000000,585.000061,624.526550,0.260000,-0.012995,-3.000000,-3.798439,1.732071,-4.188817,4.774850,-1.734383,1.000000
60195.000000,3.000000,585.000061,625.820679,0.260000,-0.017450,-3.000000,-3.833008,1.772797,-3.103753,4.979622,-1.714521,1.000000
60205.000000,3.000000,585.000061,626.224243,0.260000,-0.035890,-3.000000,-3.856008,1.880741,-3.008296,5.125121,-0.911786,1.000000
60215.000000,3.000000,585.000061,627.401245,0.260000,-0.048240,-3.000000,-3.873054,1.965819,-2.660433,5.231709,-0.808403,1.000000
60225.000000,3.000000,585.000061,628.633301,0.260000,-0.072521,-3.000000,-3.876616,2.110470,-2.137569,5.259446,0.034849,1.000000
60235.000000,3.000000,585.000061,629.906433,0.260000,-0.094592,-3.000000,-3.877330,2.251805,-2.920111,5.266621,0.599971,1.000000
60245.000000,3.000000,585.000061,631.262878,0.260000,-0.112245,-3.000000,-3.875536,2.377994,0.167793,5.251073,0.688057,1.000000
60255.000000,3.000000,585.000061,632.154541,0.340000,-0.105559,-3.000000,-3.873735,2.350331,-0.754750,5.250167,1.061315,1.000000
60265.000000,3.000000,585.000061,632.489746,0.340000,-0.089417,-3.000000,-3.859470,2.761804,0.689697,5.165264,1.493125,1.000000
60275.000000,3.000000,585.000061,632.835022,0.340000,-0.048607,-3.000000,-3.846169,2.517419,1.050961,5.088020,1.739291,1.000000
60285.000000,3.000000,585.000061,633.064392,0.340000,-0.010239,-3.000000,-3.826668,2.265268,1.400250,4.971000,2.374295,1.000000
60295.000000,3.000000,585.000061,633.757813,0.340000,0.044573,-3.000000,-3.813178,1.928926,1.104373,4.887757,2.634260,1.000000
60305.000000,3.000000,585.000061,634.392456,0.340000,0.091098,-3.000000,-3.798870,1.617814,1.361376,4.800859,2.822889,1.000000
60315.000000,3.000000,586.500061,635.003296,0.340000,0.131725,-3.000000,-3.793759,1.348514,-0.718125,4.766723,2.331799,1.000000
60325.000000,3.000000,586.800049,635.675049,0.340000,0.133108,-3.000000,-3.778955,1.325664,0.742982,4.681336,2.760708,1.000000
60335.000000,3.000000,586.800049,636.346802,0.340000,0.160002,-3.000000,-3.765392,1.172462,1.268104,4.605805,2.206864,1.000000
60345.000000,3.000000,586.800049,637.234985,0.340000,0.180135,-3.000000,-3.739930,1.037455,0.125525,4.452999,2.325052,1.000000
60355.000000,3.000000,586.800049,637.839478,0.340000,0.222954,-3.000000,-3.729515,0.771970,1.433439,4.383390,1.308866,1.000000
60365.000000,3.000000,586.800049,638.014221,0.340000,0.228046,-3.000000,-3.715963,0.716759,0.100730,4.302511,1.647155,1.000000
60375.000000,3.000000,586.800049,638.101624,0.340000,0.247278,-3.000000,-3.710316,0.610907,0.503796,4.267957,1.111783,1.000000
60385.000000,3.000000,586.800049,637.708923,0.340000,0.269335,-3.000000,-3.699214,0.468022,0.542206,4.198394,1.237764,1.000000
60395.000000,3.000000,586.800049,638.121765,0.420000,0.293020,-3.000000,-3.702851,0.312136,0.730577,4.215498,0.425559,1.000000
60405.000000,3.000000,586.800049,638.301086,0.340000,0.293132,-3.000000,-3.704504,0.808778,0.736085,4.220304,0.568407,1.000000
60415.000000,3.000000,586.800049,638.536560,0.340000,0.304766,-3.000000,-3.716743,0.233059,-0.124540,4.297678,-0.194113,1.000000
60425.000000,3.000000,586.800049,638.696289,0.340000,0.322976,-3.000000,-3.717333,0.124483,1.359447,4.302494,-0.170845,1.000000
60435.000000,3.000000,586.800049,638.899780,0.420000,0.364906,-3.000000,-3.727030,-0.128890,1.422598,4.358092,-0.501402,1.000000
60445.000000,3.000000,586.800049,637.968872,0.420000,0.398151,-3.000000,-3.734466,0.160923,1.765320,4.400087,-0.177795,1.000000
60455.000000,3.000000,586.800049,636.877747,0.420000,0.445067,-3.000000,-3.760122,-0.131329,2.092585,4.545502,-1.175291,1.000000
60465.000000,3.000000,586.800049,635.661865,0.420000,0.468446,-3.000000,-3.778385,-0.298220,1.535957,4.659923,-0.366311,1.000000
60475.000000,3.000000,585.300049,634.825317,0.420000,0.491639,-3.000000,-3.800100,-0.446052,1.719976,4.789903,-0.517989,1.000000
60485.000000,3.000000,585.000061,634.111816,0.420000,0.495102,-3.000000,-3.811878,-0.480291,0.885063,4.864184,0.289862,1.000000
60495.000000,3.000000,585.000061,634.015625,0.420000,0.538896,-3.000000,-3.826701,-0.723566,2.622206,4.952774,-0.474776,1.000000
60505.000000,3.000000,585.000061,633.745911,0.420000,0.575951,-3.000000,-3.840397,-0.978853,0.868198,5.031824,-0.290111,1.000000
60515.000000,3.000000,585.000061,633.430481,0.420000,0.612918,-3.000000,-3.863805,-1.211773,1.025963,5.170765,-1.163137,1.000000
60525.000000,3.000000,585.000061,632.874329,0.420000,0.631652,-3.000000,-3.880071,-1.347411,0.614045,5.269411,-0.985340,1.000000
60535.000000,3.000000,585.000061,632.149475,0.420000,0.652041,-3.000000,-3.908762,-1.470078,0.439816,5.437119,-1.515324,1.000000
60545.000000,3.000000,585.000061,631.380066,0.420000,0.669536,-3.000000,-3.934740,-1.588462,0.128440,5.589652,-0.801107,1.000000
60555.000000,3.000000,585.000061,630.474854,0.420000,0.681916,-3.000000,-3.968459,-1.667913,-0.365428,5.792936,-0.987836,1.000000
60565.000000,3.000000,585.000061,629.625244,0.420000,0.690623,-3.000000,-3.999183,-1.730803,0.272251,5.975133,-1.106985,1.000000
60575.000000,3.000000,585.000061,628.890015,0.420000,0.691319,-3.000000,-4.026113,-1.736212,-2.281298,6.147111,-0.598754,1.000000
60585.000000,3.000000,585.000061,628.096130,0.420000,0.704390,-3.000000,-4.046342,-1.809635,1.208478,6.260719,-0.572225,1.000000
60595.000000,3.000000,585.000061,627.271606,0.420000,0.724034,-3.000000,-4.068736,-1.936179,-0.812829,6.404431,-0.015536,1.000000
60605.000000,3.000000,585.000061,625.304077,0.420000,0.741815,-3.000000,-4.084401,-2.050785,0.681744,6.497844,-0.191836,1.000000
60615.000000,3.000000,585.000061,624.682373,0.420000,0.759591,-3.000000,-4.093197,-2.156793,0.531997,6.556967,0.243507,1.000000
60625.000000,3.000000,585.000061,623.832275,0.420000,0.782375,-3.000000,-4.090851,-2.305835,1.240044,6.549213,0.341154,1.000000
60635.000000,3.000000,585.000061,623.449524,0.420000,0.802114,-3.000000,-4.076328,-2.430751,0.321136,6.469211,0.840484,1.000000
60645.000000,3.000000,585.000061,622.664185,0.420000,0.815168,-3.000000,-4.064924,-2.524687,1.780676,6.397453,1.015152,1.000000
60655.000000,3.000000,585.000061,621.882874,0.420000,0.816840,-3.000000,-4.052068,-2.540202,-0.446324,6.321436,2.094579,1.000000
60665.000000,3.000000,585.000061,620.163635,0.420000,0.828965,-3.000000,-4.037073,-2.605890,2.688810,6.233697,1.657477,1.000000
60675.000000,3.000000,585.000061,617.830505,0.420000,0.833021,-3.000000,-4.018064,-2.638510,0.334160,6.118801,2.364144,1.000000
60685.000000,3.000000,585.000061,615.953186,0.420000,0.848315,-3.000000,-4.004595,-2.738438,1.669702,6.035488,2.217229,1.000000
60695.000000,3.000000,585.000061,614.287476,0.420000,0.844683,-3.000000,-3.986468,-2.714251,1.086817,5.931476,2.628518,1.000000
60705.000000,3.000000,585.000061,612.977173,0.420000,0.860478,-3.000000,-3.971428,-2.809311,2.023200,5.836679,2.645170,1.000000
60715.000000,3.000000,585.000061,611.852783,0.420000,0.857286,-3.000000,-3.963019,-2.797765,0.146389,5.777066,3.258013,1.000000
60725.000000,3.000000,585.000061,610.592834,0.420000,0.881008,-3.000000,-3.969663,-2.933511,1.823988,5.817992,2.624827,1.000000
60735.000000,3.000000,585.000061,609.300171,0.420000,0.882333,-3.000000,-3.952629,-2.956533,-0.060787,5.727968,3.661633,1.000000
60745.000000,3.000000,585.000061,607.290771,0.420000,0.909272,-3.000000,-3.931349,-3.110794,2.398889,5.603229,3.621923,1.000000
60755.000000,3.000000,585.000061,605.918640,0.420000,0.905102,-3.000000,-3.904085,-3.108986,0.124790,5.438024,4.720687,1.000000
60765.000000,3.000000,585.000061,604.408630,0.420000,0.923168,-3.000000,-3.874926,-3.206374,3.193032,5.272017,5.613307,1.000000
60775.000000,3.000000,585.000061,602.973877,0.420000,0.924391,-3.000000,-3.826545,-3.223791,3.744877,4.991794,6.355027,1.000000
60785.000000,3.000000,585.000061,601.526611,0.420000,0.941486,-3.000000,-3.761747,-3.327776,4.946175,4.615568,7.343781,1.000000
60795.000000,3.000000,585.000061,599.466248,0.420000,0.960692,-3.000000,-3.689647,-3.443466,6.465312,4.180464,7.948260,1.000000
60805.000000,3.000000,585.000061,597.433044,0.420000,1.015138,-3.000000,-3.620831,-3.771767,7.145164,3.767136,9.067739,1.000000
60815.000000,3.000000,585.000061,595.867065,0.420000,1.065243,-3.000000,-3.563530,-4.097726,10.281401,3.415319,9.321555,1.000000
60825.000000,3.000000,585.000061,594.533752,0.420000,1.124124,-3.000000,-3.487571,-4.460310,9.302385,2.980423,10.774357,1.000000
60835.000000,3.000000,585.000061,592.928345,0.420000,1.201182,-3.000000,-3.395376,-4.953519,11.900842,2.431333,10.947890,1.000000
60845.000000,3.000000,585.000061,591.557922,0.420000,1.274106,-3.000000,-3.288800,-5.413734,10.797072,1.799076,11.902892,1.000000
60855.000000,3.000000,585.000061,589.952698,0.420000,1.343873,-3.000000,-3.188507,-5.878015,10.885076,1.192185,11.289620,1.000000
60865.000000,3.000000,585.000061,588.482849,0.420000,1.410327,-3.000000,-3.076433,-6.288317,9.826145,0.523640,11.809943,1.000000
60875.000000,3.000000,585.000061,587.301941,0.420000,1.511937,-3.000000,-2.964296,-6.923856,9.666577,-0.145243,10.840526,1.000000
60885.000000,3.000000,585.000061,585.509155,0.420000,1.584980,-3.000000,-2.859722,-7.413245,6.904862,-0.782567,9.496493,1.000000
60895.000000,3.000000,585.000061,583.801636,0.420000,1.656643,-3.000000,-2.765744,-7.875068,6.089928,-1.349851,8.908680,1.000000
60905.000000,3.000000,585.000061,582.326660,0.420000,1.697387,-3.000000,-2.680773,-8.152702,3.990064,-1.874236,7.360333,1.000000
60915.000000,3.000000,585.000061,580.989014,0.420000,1.729453,-3.000000,-2.622502,-8.364753,2.791377,-2.236228,6.342043,1.000000
60925.000000,3.000000,585.000061,579.656372,0.420000,1.743201,-3.000000,-2.585249,-8.464629,2.035348,-2.472369,4.767310,1.000000
60935.000000,3.000000,585.000061,578.248413,0.420000,1.743047,-3.000000,-2.557240,-8.466994,0.386644,-2.641827,4.185827,1.000000
60945.000000,3.000000,585.000061,576.148743,0.420000,1.754603,-3.000000,-2.546694,-8.536615,0.365736,-2.713137,3.383700,1.000000
60955.000000,3.000000,585.000061,574.287659,0.420000,1.736697,-3.000000,-2.525773,-8.440086,-1.386379,-2.831384,3.792860,1.000000
60965.000000,3.000000,585.000061,572.965942,0.420000,1.722164,-3.000000,-2.502990,-8.345788,0.302878,-2.967450,3.268070,1.000000
60975.000000,3.000000,585.000061,571.851501,0.420000,1.678535,-3.000000,-2.478585,-8.087195,-0.673496,-3.117833,2.727592,1.000000
60985.000000,3.000000,585.000061,570.764282,0.420000,1.652966,-3.000000,-2.456489,-7.903428,1.856480,-3.249576,3.214872,1.000000
60995.000000,3.000000,585.000061,569.749939,0.420000,1.608249,-3.000000,-2.445092,-7.645728,0.484968,-3.322563,2.142444,1.000000
61005.000000,3.000000,585.000061,568.835754,0.420000,1.557979,-3.000000,-2.422591,-7.307502,1.814932,-3.450932,3.253872,1.000000
61015.000000,3.000000,585.000061,567.328491,0.420000,1.505069,-3.000000,-2.408267,-6.982736,1.390043,-3.537147,2.172940,1.000000
61025.000000,3.000000,585.000061,566.191345,0.420000,1.465071,-3.000000,-2.386597,-6.704181,2.661563,-3.670504,3.128966,1.000000
61035.000000,3.000000,585.000061,565.488464,0.420000,1.470608,-3.000000,-2.376181,-6.708967,3.592022,-3.736914,2.690445,1.000000
61045.000000,3.000000,585.000061,564.606079,0.420000,1.480265,-3.000000,-2.360157,-6.778858,2.944465,-3.827180,2.914944,1.000000
61055.000000,3.000000,585.000061,563.447083,0.420000,1.488289,-3.000000,-2.338731,-6.833062,2.789462,-3.953038,2.865232,1.000000
61065.000000,3.000000,585.000061,562.857910,0.420000,1.517947,-3.000000,-2.313397,-7.001383,4.292982,-4.106675,2.661355,1.000000
61075.000000,3.000000,585.000061,562.205139,0.420000,1.541935,-3.000000,-2.295667,-7.167977,3.584663,-4.216358,2.475889,1.000000
61085.000000,3.000000,585.000061,561.743286,0.420000,1.570274,-3.000000,-2.287486,-7.344811,4.942868,-4.271829,1.670706,1.000000
61095.000000,3.000000,585.000061,561.297241,0.420000,1.572182,-3.000000,-2.284428,-7.377835,3.963514,-4.296191,2.002142,1.000000
61105.000000,3.000000,585.000061,560.771240,0.420000,1.580391,-3.000000,-2.292432,-7.420609,4.703079,-4.249537,0.473775,1.000000
61115.000000,3.000000,585.000061,560.269836,0.420000,1.604360,-3.000000,-2.299779,-7.556523,4.783850,-4.205448,-0.066645,1.000000
61125.000000,3.000000,585.000061,559.683838,0.420000,1.642753,-3.000000,-2.306727,-7.800601,4.701236,-4.166841,-0.471029,1.000000
61135.000000,3.000000,585.000061,559.218445,0.420000,1.689197,-3.000000,-2.324837,-8.088443,5.495337,-4.065093,-1.696578,1.000000
61145.000000,3.000000,585.000061,558.277344,0.420000,1.734083,-3.000000,-2.347055,-8.383405,4.692149,-3.933526,-1.825898,1.000000
61155.000000,3.000000,585.000061,557.260925,0.540000,1.770208,-3.000000,-2.381346,-8.626124,5.719282,-3.730426,-3.476670,1.000000
61165.000000,3.000000,585.000061,556.441284,0.540000,1.789125,-3.000000,-2.409316,-7.983331,5.343225,-3.564240,-3.119774,1.000000
61175.000000,3.000000,585.000061,556.137756,0.540000,1.797726,-3.000000,-2.446639,-8.046709,5.431708,-3.339076,-3.394113,1.000000
61185.000000,3.000000,585.000061,555.295227,0.540000,1.801710,-3.000000,-2.477002,-8.070125,5.370885,-3.157579,-3.272125,1.000000
61195.000000,3.000000,585.000061,554.495056,0.540000,1.811249,-3.000000,-2.509829,-8.127059,5.552627,-2.962339,-3.769140,1.000000
61205.000000,3.000000,585.000061,554.056824,0.540000,1.843172,-3.000000,-2.544497,-8.315116,5.555750,-2.753692,-3.331281,1.000000
61215.000000,3.000000,585.000061,553.530090,0.540000,1.884627,-3.000000,-2.578515,-8.578053,5.402408,-2.549445,-2.849061,1.000000
61225.000000,3.000000,585.000061,553.095886,0.540000,1.933451,-3.000000,-2.616770,-8.892536,6.357333,-2.319504,-2.617120,1.000000
61235.000000,3.000000,585.000061,552.951233,0.540000,1.961500,-3.000000,-2.641129,-9.073282,5.057348,-2.166058,-1.106043,1.000000
61245.000000,3.000000,585.000061,553.298340,0.540000,2.007051,-3.000000,-2.666854,-9.364459,5.162134,-2.014061,-1.737459,1.000000
61255.000000,3.000000,585.000061,553.641052,0.540000,2.035517,-3.000000,-2.685491,-9.556142,5.184973,-1.899473,-0.618107,1.000000
61265.000000,3.000000,585.000061,554.190979,0.540000,2.059070,-3.000000,-2.703243,-9.708611,4.337902,-1.790729,0.008851,1.000000
61275.000000,3.000000,585.000061,555.373840,0.540000,2.066921,-3.000000,-2.731130,-9.777766,3.982849,-1.630172,0.102671,1.000000
61285.000000,3.000000,585.000061,555.831604,0.540000,2.055196,-3.000000,-2.748151,-9.702684,3.264121,-1.517235,0.482213,1.000000
61295.000000,3.000000,585.000061,555.976929,0.540000,2.051658,-3.000000,-2.753435,-9.679172,3.000597,-1.475967,0.891589,1.000000
61305.000000,3.000000,585.000061,556.285645,0.540000,2.031747,-3.000000,-2.732759,-9.550545,0.648618,-1.590989,0.926268,1.000000
61315.000000,3.000000,585.000061,556.652832,0.540000,2.060608,-3.000000,-2.731501,-9.713237,3.174173,-1.614258,-0.441634,1.000000
61325.000000,3.000000,585.000061,557.170898,0.540000,2.067736,-3.000000,-2.732131,-9.772563,1.156959,-1.610328,0.046953,1.000000
61335.000000,3.000000,585.000061,558.324219,0.540000,2.089918,-3.000000,-2.746285,-9.910634,1.242951,-1.532287,-1.199881,1.000000
61345.000000,3.000000,585.000061,559.615234,0.540000,2.086890,-3.000000,-2.766096,-9.907846,-0.011476,-1.415905,-1.615983,1.000000
61355.000000,3.000000,585.000061,560.242981,0.540000,2.067148,-3.000000,-2.777359,-9.788940,-0.602450,-1.338092,-1.178553,1.000000
61365.000000,3.000000,585.000061,561.103943,0.540000,2.040769,-3.000000,-2.789606,-9.623578,-0.733882,-1.273318,-1.293333,1.000000
61375.000000,3.000000,585.000061,561.645996,0.540000,2.021682,-3.000000,-2.813027,-9.486392,-1.421978,-1.141784,-1.348111,1.000000
61385.000000,3.000000,585.000061,562.205444,0.540000,2.016054,-3.000000,-2.853813,-9.452811,-0.928102,-0.902241,-2.916039,1.000000
61395.000000,3.000000,585.000061,562.757019,0.540000,1.983346,-3.000000,-2.899848,-9.265711,-3.055275,-0.634386,-2.868438,1.000000
61405.000000,3.000000,585.000061,563.564209,0.540000,1.944649,-3.000000,-2.955228,-9.014109,-1.409843,-0.297998,-3.001091,1.000000
61415.000000,3.000000,585.000061,564.535706,0.540000,1.892125,-3.000000,-3.011035,-8.689082,-2.366988,0.033368,-3.433049,1.000000
61425.000000,3.000000,585.000061,565.543701,0.540000,1.848645,-3.000000,-3.058252,-8.398421,-1.254745,0.324361,-3.491691,1.000000
61435.000000,3.000000,585.000061,566.958923,0.540000,1.803386,-3.000000,-3.099030,-8.115924,-2.042612,0.571495,-2.956716,1.000000
61445.000000,3.000000,585.000061,568.201172,0.540000,1.768330,-3.000000,-3.135186,-7.883504,-1.813484,0.787223,-3.024120,1.000000
61455.000000,3.000000,585.000061,569.945557,0.540000,1.730988,-3.000000,-3.170218,-7.642768,-1.587810,1.003640,-2.581302,1.000000
61465.000000,3.000000,585.000061,570.837646,0.540000,1.694407,-3.000000,-3.188835,-7.411509,-2.435720,1.124165,-2.754533,1.000000
61475.000000,3.000000,585.000061,571.790344,0.540000,1.658349,-3.000000,-3.205417,-7.182271,-1.111912,1.217530,-2.630779,1.000000
61485.000000,3.000000,585.000061,572.727783,0.540000,1.611771,-3.000000,-3.232304,-6.887187,-2.533952,1.376749,-2.899732,1.000000
61495.000000,3.000000,585.000061,574.794434,0.540000,1.568903,-3.000000,-3.260209,-6.612514,-1.925091,1.542638,-2.795267,1.000000
61505.000000,3.000000,585.000061,576.834717,0.540000,1.521163,-3.000000,-3.289963,-6.311161,-3.214997,1.721506,-3.277232,1.000000
61515.000000,3.000000,585.000061,577.610352,0.540000,1.481546,-3.000000,-3.312820,-6.051233,-2.094710,1.864295,-2.593187,1.000000
61525.000000,3.000000,585.000061,579.252258,0.540000,1.439533,-3.000000,-3.337010,-5.782727,-3.330238,2.005105,-2.808567,1.000000
61535.000000,3.000000,585.000061,581.077026,0.540000,1.423222,-3.000000,-3.368880,-5.665368,-2.542068,2.192734,-2.794535,1.000000
61545.000000,3.000000,585.000061,582.913574,0.540000,1.387375,-3.000000,-3.407563,-5.448728,-4.229244,2.421932,-3.228031,1.000000
61555.000000,3.000000,585.000061,584.459106,0.420000,1.361338,-3.000000,-3.445979,-5.273061,-2.389904,2.653576,-3.200705,1.000000
61565.000000,3.000000,585.000061,585.266602,0.420000,1.315807,-3.000000,-3.479754,-5.762763,-4.075286,2.860020,-2.736278,1.000000
61575.000000,3.000000,585.000061,586.438599,0.420000,1.289460,-3.000000,-3.504172,-5.585397,-3.295746,3.013278,-2.161209,1.000000
61585.000000,3.000000,585.000061,587.928406,0.420000,1.244624,-3.000000,-3.525091,-5.308946,-4.367463,3.138230,-2.415847,1.000000
61595.000000,3.000000,586.500061,589.671387,0.420000,1.201710,-3.000000,-3.533774,-5.031431,-3.610635,3.201522,-1.873912,1.000000
61605.000000,3.000000,586.800049,591.466736,0.420000,1.143509,-3.000000,-3.533770,-4.668037,-3.849917,3.208265,-2.049031,1.000000
61615.000000,3.000000,586.800049,593.438904,0.420000,1.095940,-3.000000,-3.520619,-4.355621,-3.115158,3.130876,-1.400360,1.000000
61625.000000,3.000000,586.800049,595.244202,0.420000,1.047954,-3.000000,-3.514385,-4.049129,-3.108402,3.087981,-0.742585,1.000000
61635.000000,3.000000,585.300049,596.773376,0.420000,1.009587,-3.000000,-3.503755,-3.798171,-2.393593,3.031473,0.735009,1.000000
61645.000000,3.000000,586.800049,598.578491,0.420000,0.981873,-3.000000,-3.496831,-3.608249,-1.138220,2.983612,0.584680,1.000000
61655.000000,3.000000,585.300049,599.956604,0.420000,0.965320,-3.000000,-3.487685,-3.499197,-1.358020,2.932539,1.453848,1.000000
61665.000000,3.000000,585.000061,600.998535,0.420000,0.941802,-3.000000,-3.477461,-3.356505,-0.324678,2.875279,1.267502,1.000000
61675.000000,3.000000,586.500061,602.173828,0.420000,0.910907,-3.000000,-3.449013,-3.164017,-0.365828,2.714540,2.237885,1.000000
61685.000000,3.000000,586.800049,603.451233,0.420000,0.881714,-3.000000,-3.422694,-2.969828,0.261441,2.551409,2.457999,1.000000
61695.000000,3.000000,586.800049,604.492676,0.420000,0.881101,-3.000000,-3.394294,-2.944727,0.738353,2.382714,3.418328,1.000000
61705.000000,3.000000,586.800049,605.564941,0.420000,0.886112,-3.000000,-3.359497,-2.976266,1.233359,2.181992,3.689527,1.000000
61715.000000,3.000000,585.300049,606.853333,0.420000,0.894592,-3.000000,-3.307857,-3.035712,1.032843,1.879091,4.466412,1.000000
61725.000000,3.000000,586.800049,608.429077,0.420000,0.895354,-3.000000,-3.262691,-3.042771,1.069050,1.603470,3.842613,1.000000
61735.000000,3.000000,586.800049,609.701294,0.420000,0.905487,-3.000000,-3.210392,-3.102154,2.003791,1.295032,4.499158,1.000000
61745.000000,3.000000,586.800049,611.002686,0.420000,0.900811,-3.000000,-3.158217,-3.082713,1.419140,0.980248,4.206094,1.000000
61755.000000,3.000000,585.300049,611.355347,0.420000,0.900632,-3.000000,-3.104422,-3.078154,2.036202,0.658606,4.582043,1.000000
61765.000000,3.000000,585.000061,613.246033,0.420000,0.897012,-3.000000,-3.058996,-3.052443,1.607554,0.379988,4.114993,1.000000
61775.000000,3.000000,585.000061,615.216492,0.420000,0.920880,-3.000000,-3.023288,-3.183552,2.130270,0.157817,4.000587,1.000000
61785.000000,3.000000,585.000061,617.146667,0.420000,0.947155,-3.000000,-2.988794,-3.360753,1.390314,-0.044619,3.062613,1.000000
61795.000000,3.000000,585.000061,619.246948,0.420000,0.971908,-3.000000,-2.951205,-3.519939,2.229505,-0.269823,2.878824,1.000000
61805.000000,3.000000,585.000061,620.222717,0.420000,0.985609,-3.000000,-2.918254,-3.609609,1.701676,-0.475213,2.295120,1.000000
61815.000000,3.000000,585.000061,620.472595,0.420000,1.025100,-3.000000,-2.906806,-3.846917,3.713951,-0.553602,0.620602,1.000000
61825.000000,3.000000,585.000061,620.307800,0.420000,1.053752,-3.000000,-2.898339,-4.033590,3.077014,-0.609723,0.242638,1.000000
61835.000000,3.000000,585.000061,620.704468,0.420000,1.096608,-3.000000,-2.908993,-4.305491,4.799521,-0.552529,-0.671659,1.000000
61845.000000,3.000000,585.000061,621.480286,0.420000,1.133818,-3.000000,-2.930022,-4.547935,3.925413,-0.438260,-1.293419,1.000000
61855.000000,3.000000,585.000061,622.141479,0.420000,1.181401,-3.000000,-2.971147,-4.844503,4.881822,-0.198423,-2.578789,1.000000
61865.000000,3.000000,585.000061,623.052307,0.420000,1.212986,-3.000000,-3.014984,-5.057842,2.405646,0.063460,-3.425871,1.000000
61875.000000,3.000000,585.000061,624.225220,0.420000,1.241161,-3.000000,-3.050005,-5.239694,3.942836,0.278277,-3.925502,1.000000
61885.000000,3.000000,585.000061,625.245056,0.420000,1.227857,-3.000000,-3.085631,-5.190356,-1.998518,0.495023,-4.602384,1.000000
61895.000000,3.000000,585.000061,625.914551,0.420000,1.200065,-3.000000,-3.109917,-5.016116,-0.434812,0.643137,-3.901319,1.000000
61905.000000,3.000000,585.000061,626.439697,0.420000,1.144028,-3.000000,-3.136426,-4.672098,-3.772400,0.801181,-3.776883,1.000000
61915.000000,3.000000,585.000061,626.335205,0.420000,1.066770,-3.000000,-3.160203,-4.191823,-5.214004,0.947936,-2.371229,1.000000
61925.000000,3.000000,585.000061,625.663208,0.420000,0.985913,-3.000000,-3.187129,-3.678908,-6.289539,1.108696,-2.068165,1.000000
61935.000000,3.000000,585.000061,625.062683,0.420000,0.874790,-3.000000,-3.214737,-2.982182,-7.745127,1.271037,-1.240451,1.000000
61945.000000,3.000000,585.000061,625.731079,0.420000,0.787943,-3.000000,-3.247101,-2.408316,-6.790939,1.463782,-0.840077,1.000000
61955.000000,3.000000,585.000061,625.926758,0.420000,0.686275,-3.000000,-3.266445,-1.772948,-8.605352,1.594218,0.480480,1.000000
61965.000000,3.000000,585.000061,626.094910,0.420000,0.606772,-3.000000,-3.275079,-1.249057,-5.563267,1.648660,-0.135625,1.000000
61975.000000,3.000000,585.000061,625.871277,0.420000,0.497154,-3.000000,-3.275488,-0.556731,-8.236371,1.651571,0.168119,1.000000
61985.000000,3.000000,585.000061,625.632690,0.420000,0.422889,-3.000000,-3.272561,-0.062346,-5.322404,1.635695,0.282161,1.000000
61995.000000,3.000000,585.000061,626.170166,0.420000,0.336120,-3.000000,-3.278616,0.484465,-6.923667,1.667808,0.081884,1.000000
62005.000000,3.000000,585.000061,626.603821,0.420000,0.266911,-3.000000,-3.287615,0.938490,-4.636388,1.718123,-0.312448,1.000000
62015.000000,3.000000,585.000061,626.289856,0.420000,0.203487,-3.000000,-3.304937,1.354649,-4.883013,1.818071,-0.552337,1.000000
62025.000000,3.000000,585.000061,625.831970,0.420000,0.165007,-3.000000,-3.323615,1.611650,-2.663362,1.927985,-1.305071,1.000000
62035.000000,3.000000,585.000061,625.531799,0.420000,0.136530,-3.000000,-3.345247,1.795718,-3.829293,2.062387,-2.451725,1.000000
62045.000000,3.000000,585.000061,625.322083,0.420000,0.117273,-3.000000,-3.361284,1.931113,0.034066,2.153369,-3.329846,1.000000
62055.000000,3.000000,585.000061,624.900146,0.420000,0.121805,-3.000000,-3.388527,1.916631,-0.031068,2.316183,-4.732804,1.000000
62065.000000,3.000000,585.000061,624.629700,0.420000,0.135979,-3.000000,-3.417474,1.830119,1.715549,2.484677,-5.011737,1.000000
62075.000000,3.000000,585.000061,622.738708,0.420000,0.198219,-3.000000,-3.465641,1.465330,3.857975,2.763006,-6.097817,1.000000
62085.000000,3.000000,585.000061,621.942505,0.420000,0.249254,-3.000000,-3.520706,1.121940,2.734810,3.087726,-5.841036,1.000000
62095.000000,3.000000,585.000061,620.988708,0.420000,0.320069,-3.000000,-3.584801,0.683116,4.339508,3.474748,-5.841661,1.000000
62105.000000,3.000000,585.000061,620.081665,0.420000,0.357498,-3.000000,-3.633139,0.418068,2.438365,3.772718,-4.849838,1.000000
62115.000000,3.000000,585.000061,619.029907,0.420000,0.401050,-3.000000,-3.666167,0.151049,3.172211,3.981498,-4.359888,1.000000
62125.000000,3.000000,585.000061,617.584351,0.420000,0.410025,-3.000000,-3.691037,0.068344,0.565799,4.130296,-3.012989,1.000000
62135.000000,3.000000,585.000061,616.304993,0.420000,0.441441,-3.000000,-3.709498,-0.120421,1.728339,4.248759,-2.681514,1.000000
62145.000000,3.000000,585.000061,614.760010,0.420000,0.440865,-3.000000,-3.715292,-0.136400,-0.351974,4.290849,-1.097039,1.000000
62155.000000,3.000000,585.000061,613.121948,0.420000,0.448985,-3.000000,-3.706622,-0.185659,0.232185,4.250260,-0.683542,1.000000
62165.000000,3.000000,585.000061,611.245728,0.420000,0.429442,-3.000000,-3.688294,-0.071339,-0.831122,4.141159,0.320901,1.000000
62175.000000,3.000000,585.000061,609.048645,0.420000,0.431751,-3.000000,-3.674711,-0.073643,0.192635,4.057454,0.642330,1.000000
62185.000000,3.000000,585.000061,606.361816,0.420000,0.425287,-3.000000,-3.658783,-0.034408,-0.501955,3.963016,2.453106,1.000000
62195.000000,3.000000,585.000061,604.425171,0.420000,0.432654,-3.000000,-3.638906,-0.082994,-1.519028,3.848824,3.229323,1.000000
62205.000000,3.000000,585.000061,602.685303,0.420000,0.413558,-3.000000,-3.610588,0.028188,-1.349138,3.680989,4.564411,1.000000
62215.000000,3.000000,585.000061,600.962891,0.420000,0.422478,-3.000000,-3.565779,-0.007451,0.044492,3.429646,4.803885,1.000000
62225.000000,3.000000,585.000061,599.074524,0.420000,0.420267,-3.000000,-3.500954,-0.004108,-1.075645,3.045689,5.594148,1.000000
62235.000000,3.000000,585.000061,597.642334,0.420000,0.449728,-3.000000,-3.442000,-0.171694,0.394225,2.686322,5.114100,1.000000
62245.000000,3.000000,585.000061,596.198303,0.420000,0.457623,-3.000000,-3.382559,-0.238496,-0.437899,2.331398,6.032311,1.000000
62255.000000,3.000000,585.000061,594.860168,0.420000,0.460374,-3.000000,-3.321493,-0.261485,-0.344854,1.969022,5.526909,1.000000
62265.000000,3.000000,585.000061,592.788086,0.420000,0.441749,-3.000000,-3.247983,-0.154045,-0.479359,1.533528,5.643260,1.000000
62275.000000,3.000000,585.000061,591.126404,0.420000,0.421414,-3.000000,-3.177714,-0.018853,-0.777999,1.107555,5.205544,1.000000
62285.000000,3.000000,585.000061,589.558960,0.420000,0.401014,-3.000000,-3.122679,0.099722,-0.299137,0.764481,4.509750,1.000000
62295.000000,3.000000,586.500061,588.077148,0.420000,0.367855,-3.000000,-3.072551,0.318660,-2.565767,0.466669,4.435110,1.000000
62305.000000,3.000000,586.800049,586.467407,0.420000,0.359864,-3.000000,-3.026906,0.379467,-0.789125,0.186929,3.535643,1.000000
62315.000000,3.000000,586.800049,583.685059,0.420000,0.339341,-3.000000,-2.976464,0.503011,-2.829414,-0.113475,3.565181,1.000000
62325.000000,3.000000,586.800049,581.174988,0.420000,0.334047,-3.000000,-2.944152,0.542863,0.114734,-0.317844,2.219008,1.000000
62335.000000,3.000000,586.800049,579.210632,0.420000,0.306606,-3.000000,-2.915529,0.715054,-1.164290,-0.491986,1.862184,1.000000
62344.000000,3.000000,586.800049,577.413330,0.420000,0.296931,-3.000000,-2.905027,0.787643,0.838790,-0.569836,1.329852,1.000000
62354.000000,3.000000,586.800049,575.603455,0.420000,0.290624,-3.000000,-2.889085,0.828008,0.067097,-0.665493,2.300847,1.000000
62364.000000,3.000000,585.300049,573.521118,0.420000,0.322395,-3.000000,-2.882285,0.624669,5.569017,-0.706291,1.223952,1.000000
62375.000000,3.000000,585.000061,571.719116,0.420000,0.323240,-3.000000,-2.857080,0.619266,2.123220,-0.857523,2.471088,1.000000
62384.000000,3.000000,585.000061,570.160461,0.420000,0.364246,-3.000000,-2.853069,0.356827,7.180580,-0.881586,0.479526,1.000000
62394.000000,3.000000,585.000061,568.562500,0.420000,0.414928,-3.000000,-2.845428,0.032461,6.751867,-0.927435,0.955714,1.000000
62404.000000,3.000000,585.000061,567.001404,0.420000,0.503032,-3.000000,-2.839914,-0.531406,8.504485,-0.960514,0.802903,1.000000
62414.000000,3.000000,585.000061,565.188904,0.420000,0.588336,-3.000000,-2.839690,-1.077348,8.673893,-0.961860,-0.107095,1.000000
62424.000000,3.000000,585.000061,563.042664,0.420000,0.683343,-3.000000,-2.844052,-1.685397,9.637831,-0.935688,1.280539,1.000000
62434.000000,3.000000,585.000061,561.144958,0.420000,0.782888,-3.000000,-2.858079,-2.322486,10.387757,-0.851528,0.266613,1.000000
62444.000000,3.000000,585.000061,559.616821,0.420000,0.882376,-3.000000,-2.849686,-2.959207,8.547625,-0.901883,2.112244,1.000000
62454.000000,3.000000,585.000061,558.096375,0.420000,0.993815,-3.000000,-2.837847,-3.672417,10.890436,-0.972918,0.479338,1.000000
62464.000000,3.000000,585.000061,556.371399,0.420000,1.074740,-3.000000,-2.789443,-4.190338,8.370144,-1.263342,3.358696,1.000000
62474.000000,3.000000,585.000061,554.767151,0.420000,1.169178,-3.000000,-2.778503,-4.794738,10.440016,-1.328984,1.339166,1.000000
62484.000000,3.000000,585.000061,553.340759,0.420000,1.274078,-3.000000,-2.794005,-5.466097,10.133477,-1.235969,1.886975,1.000000
62495.000000,3.000000,585.000061,551.953857,0.420000,1.368565,-3.000000,-2.796534,-6.070817,8.872320,-1.220796,3.278064,1.000000
62504.000000,3.000000,585.000061,550.406494,0.420000,1.481243,-3.000000,-2.797227,-6.791955,10.404491,-1.216640,1.299741,1.000000
62515.000000,3.000000,585.000061,549.083069,0.420000,1.553204,-3.000000,-2.788840,-7.252509,6.955415,-1.266963,1.837673,1.000000
62525.000000,3.000000,585.000061,548.218079,0.420000,1.639481,-3.000000,-2.798986,-7.804681,10.451248,-1.206081,0.759765,1.000000
62534.000000,3.000000,585.000061,546.935059,0.420000,1.683654,-3.000000,-2.810354,-8.087388,7.418808,-1.137876,1.735430,1.000000
62544.000000,3.000000,585.000061,545.758606,0.420000,1.758997,-3.000000,-2.820189,-8.569582,9.858869,-1.078865,0.930663,1.000000
62554.000000,3.000000,585.000061,544.316895,0.420000,1.865344,-3.000000,-2.823887,-9.250199,9.190688,-1.056677,0.319328,1.000000
62564.000000,3.000000,585.000061,543.409546,0.420000,1.964235,-3.000000,-2.821243,-9.883105,6.743088,-1.072542,0.642783,1.000000
62574.000000,3.000000,585.000061,542.393372,1.020000,2.022069,-3.000000,-2.843147,-10.253243,5.118796,-0.941116,-1.742045,1.000000
62584.000000,3.000000,585.000061,541.085693,1.020000,2.045671,-3.000000,-2.858171,-6.564296,6.381647,-0.850976,0.912218,1.000000
62594.000000,3.000000,585.000061,540.138611,1.020000,2.095626,-3.000000,-2.871110,-6.884009,7.209533,-0.773342,1.074358,1.000000
62604.000000,3.000000,585.000061,539.395020,1.020000,2.127911,-3.000000,-2.888956,-7.090628,3.240561,-0.666266,-3.119076,1.000000
62614.000000,3.000000,585.000061,538.844788,1.620000,2.171704,-3.000000,-2.905936,-7.370904,5.760641,-0.564381,-1.076349,1.000000
62624.000000,3.000000,585.000061,538.003113,1.620000,2.236262,-3.000000,-2.922312,-3.944077,6.780598,-0.466131,-2.060724,1.000000
62634.000000,3.000000,585.000061,536.899414,1.620000,2.303197,-3.000000,-2.908144,-4.372463,6.704165,-0.551136,-1.404212,1.000000
62644.000000,3.000000,585.000061,536.090149,1.620000,2.391404,-3.000000,-2.936949,-4.936986,7.414210,-0.378307,-3.306329,1.000000
62654.000000,3.000000,585.000061,535.301025,2.380000,2.443422,-3.000000,-2.991630,-5.269899,5.265249,-0.050220,-4.124111,1.000000
62664.000000,3.000000,585.000061,535.038086,2.380000,2.488368,-3.000000,-3.038299,-0.693556,7.698273,0.229792,-3.613681,1.000000
62674.000000,3.000000,585.000061,534.749207,2.380000,2.525863,-3.000000,-3.089329,-0.933525,9.800360,0.535973,-3.504013,1.000000
62684.000000,3.000000,585.000061,534.309448,2.380000,2.561050,-3.000000,-3.130093,-1.158720,5.509884,0.780560,-6.524014,1.000000
62694.000000,3.000000,585.000061,534.052368,2.380000,2.595955,-3.000000,-3.145045,-1.382111,9.297268,0.870272,-5.517040,1.000000
62704.000000,3.000000,585.000061,533.992554,2.380000,2.663644,-3.000000,-3.177284,-1.815320,7.989437,1.063703,-4.829831,1.000000
62714.000000,3.000000,585.000061,534.385132,3.060000,2.807758,-3.000000,-3.185259,-2.737650,13.388218,1.111552,-4.723554,1.000000
62724.000000,3.000000,585.000061,534.656799,3.060000,2.944496,-3.000000,-3.201810,0.739226,8.984335,1.210862,-4.772931,1.000000
62734.000000,3.000000,585.000061,534.529053,3.660000,3.043323,-3.000000,-3.238740,0.106731,7.868846,1.432443,-5.090111,1.000000
62744.000000,3.000000,585.000061,534.416809,3.660000,3.121666,-3.000000,-3.279302,3.445338,10.483505,1.675813,-6.883738,1.000000
62754.000000,3.000000,585.000061,534.047119,3.660000,3.174500,-3.000000,-3.306198,3.107202,11.498868,1.837187,-6.740742,1.000000
62764.000000,3.000000,585.000061,534.091919,3.780000,3.252602,-3.000000,-3.373056,2.607347,9.968692,2.238337,-7.047684,1.000000
62774.000000,3.000000,585.000061,534.235107,3.780000,3.325435,-3.000000,-3.445350,2.909216,10.195243,2.672102,-6.548420,1.000000
62784.000000,3.000000,585.000061,534.960754,3.780000,3.428606,-3.000000,-3.521221,2.248920,10.178946,3.127328,-6.259902,1.000000
62794.000000,3.000000,585.000061,534.803833,3.780000,3.524713,-3.000000,-3.541862,1.633835,13.026330,3.251175,-8.375742,1.000000
62804.000000,3.000000,585.000061,534.279602,4.260000,3.616403,-3.000000,-3.534279,1.047022,10.577246,3.205673,-4.985588,1.000000
62814.000000,3.000000,585.000061,534.114746,4.260000,3.735162,-3.000000,-3.545562,3.358963,13.117656,3.273374,-5.606533,1.000000
62824.000000,3.000000,585.000061,535.070374,4.260000,3.831564,-3.000000,-3.550385,2.741989,10.010145,3.302313,-4.405762,1.000000
62834.000000,3.000000,585.000061,535.712036,4.940000,3.949198,-3.280000,-3.594568,1.989133,11.293873,3.567405,-5.149240,1.000000
62844.000000,3.000000,585.000061,535.925049,5.340000,4.041042,-3.280000,-3.630869,5.753333,8.982061,2.105212,-2.970326,1.000000
62854.000000,3.000000,586.500061,536.838623,5.420000,4.125730,-3.960000,-3.678742,7.771329,11.676747,2.392453,0.002805,1.000000
62864.000000,3.000000,586.800049,537.286499,5.420000,4.213119,-3.960000,-3.720386,7.724042,10.370905,-1.437683,-2.064642,1.000000
62874.000000,3.000000,586.800049,538.606995,6.100000,4.373260,-3.960000,-3.703247,6.699136,13.103713,-1.540519,0.488644,1.000000
62884.000000,3.000000,586.800049,539.298462,6.100000,4.519089,-4.760000,-3.697864,10.117831,12.201442,-1.572817,-1.037390,1.000000
62894.000000,3.000000,586.800049,540.303467,6.700000,4.642776,-4.760000,-3.699479,9.326230,11.929292,-6.363127,-0.759258,1.000000
62904.000000,3.000000,586.800049,540.694092,6.700000,4.781730,-4.760000,-3.707009,12.276929,15.316696,-6.317950,-0.946028,1.000000
62914.000000,3.000000,586.800049,541.420471,6.700000,4.930348,-4.760000,-3.731105,11.325772,15.593810,-6.173371,-3.003007,1.000000
62924.000000,3.000000,586.800049,542.451721,6.700000,5.040052,-4.760000,-3.757015,10.623667,16.324486,-6.017914,-2.334208,1.000000
62934.000000,3.000000,586.800049,543.580811,6.700000,5.167824,-4.760000,-3.790760,9.805926,21.510736,-5.815443,-3.375216,1.000000
62944.000000,3.000000,586.800049,544.712341,6.700000,5.310267,-4.760000,-3.821643,8.894290,18.665167,-5.630146,-4.407829,1.000000
62954.000000,3.000000,586.800049,545.713867,6.700000,5.526648,-4.840000,-3.880901,7.509451,23.238632,-5.274596,-6.914277,1.000000
62964.000000,3.000000,586.800049,547.275635,6.700000,5.733493,-4.840000,-3.930088,6.185642,19.946556,-5.459473,-5.047810,1.000000
62974.000000,3.000000,586.800049,548.893921,6.700000,5.945857,-4.840000,-3.965354,4.826514,20.559811,-5.247874,-3.868703,1.000000
62984.000000,3.000000,586.800049,550.130127,6.700000,6.138067,-4.840000,-4.000212,3.596369,18.951042,-5.038728,-5.826705,1.000000
62994.000000,3.000000,586.800049,551.539673,6.700000,6.294393,-4.840000,-4.047899,2.595883,17.526035,-4.752605,-4.775935,1.000000
63004.000000,3.000000,586.800049,552.638367,6.700000,6.431358,-4.840000,-4.075439,1.719305,16.377718,-4.587364,-2.921694,1.000000
63014.000000,3.000000,586.800049,553.716858,6.700000,6.550281,-4.840000,-4.109210,0.958200,15.102999,-4.384741,-3.012456,1.000000
63024.000000,3.000000,586.800049,554.720825,6.700000,6.654191,-4.840000,-4.137337,0.293173,12.883563,-4.215978,-4.196156,1.000000
63034.000000,3.000000,586.800049,555.899170,6.700000,6.776912,-4.840000,-4.158117,-0.492239,13.427188,-4.091297,-2.897419,1.000000
63044.000000,3.000000,586.800049,557.159363,6.700000,6.891429,-4.840000,-4.188313,-1.225150,9.379994,-3.910126,-2.730239,1.000000
63054.000000,3.000000,586.800049,558.245239,6.700000,6.985721,-4.840000,-4.205791,-1.828613,10.157054,-3.805258,-2.678137,1.000000
63064.000000,3.000000,586.800049,560.098145,6.700000,7.023907,-4.840000,-4.213505,-2.073007,6.782585,-3.758969,-0.762932,1.000000
63074.000000,3.000000,586.800049,561.645264,6.780000,7.063248,-4.840000,-4.221412,-2.324786,9.373164,-3.711528,-1.435921,1.000000
63084.000000,3.000000,586.800049,563.254700,6.780000,7.094985,-4.840000,-4.218805,-2.015903,4.828066,-3.727169,-0.619823,1.000000
63094.000000,3.000000,586.800049,565.127686,6.780000,7.142303,-4.760000,-4.230671,-2.318744,4.925917,-3.655975,-1.227672,1.000000
63104.000000,3.000000,586.800049,567.380371,6.780000,7.158611,-4.760000,-4.220258,-2.423111,3.263454,-3.238455,0.192982,1.000000
63114.000000,3.000000,586.800049,569.224976,6.780000,7.187570,-4.240000,-4.240286,-2.608450,4.219758,-3.118286,-1.741701,1.000000
63124.000000,3.000000,586.800049,570.247559,6.900000,7.196621,-4.240000,-4.235332,-2.666376,3.158434,-0.028004,0.411917,1.000000
63134.000000,3.000000,586.800049,571.429565,6.900000,7.187242,-4.240000,-4.248099,-1.838351,3.169000,0.048597,0.006799,1.000000
63144.000000,3.000000,586.800049,572.785889,6.900000,7.187520,-4.240000,-4.260856,-1.840128,4.153935,0.125135,1.253396,1.000000
63154.000000,3.000000,586.800049,573.966614,7.380000,7.195786,-4.160000,-4.252148,-1.893036,2.707719,0.072890,2.094094,1.000000
63164.000000,3.000000,586.800049,575.724976,7.300000,7.223264,-4.160000,-4.240832,1.003113,3.161621,0.484992,1.557022,1.000000
63174.000000,3.000000,586.800049,576.866699,7.300000,7.214705,-4.160000,-4.203912,0.545892,3.035411,0.263474,4.165427,1.000000
63184.000000,3.000000,586.800049,578.007935,7.300000,7.215588,-4.160000,-4.148320,0.540237,5.422585,-0.070081,3.645864,1.000000
63194.000000,3.000000,586.800049,578.684570,6.780000,7.167442,-3.360000,-4.101939,0.848370,3.381891,-0.348364,3.504437,1.000000
63204.000000,3.000000,586.800049,580.246887,6.780000,7.168430,-3.360000,-4.059313,-2.485953,7.093045,4.195878,4.508793,1.000000
63214.000000,3.000000,586.800049,581.619324,6.780000,7.136250,-3.360000,-3.989084,-2.279999,5.520311,3.774506,6.193126,1.000000
63224.000000,3.000000,586.800049,583.329773,6.780000,7.132283,-3.360000,-3.899670,-2.254611,8.333684,3.238020,6.258889,1.000000
63234.000000,3.000000,586.800049,585.277466,6.780000,7.131801,-3.360000,-3.808751,-2.251526,8.789742,2.692504,6.197296,1.000000
63244.000000,3.000000,586.800049,587.241394,7.380000,7.189835,-3.480000,-3.745006,-2.622946,8.598223,2.310036,5.696074,1.000000
63254.000000,3.000000,586.800049,588.712280,7.380000,7.233958,-3.480000,-3.691778,0.934671,8.079102,1.270666,5.597554,1.000000
63264.000000,3.000000,586.800049,590.423218,7.380000,7.245130,-3.480000,-3.634611,0.863171,5.234920,0.927667,5.995903,1.000000
63274.000000,3.000000,586.800049,592.209229,7.460000,7.277118,-3.480000,-3.609079,0.658447,7.406640,0.774472,3.851278,1.000000
63284.000000,3.000000,586.800049,593.655396,7.460000,7.305175,-3.960000,-3.602192,0.990878,3.079962,0.733154,3.313503,1.000000
63294.000000,3.000000,586.800049,595.206604,7.460000,7.268126,-3.960000,-3.581924,1.227994,3.090354,-2.268456,0.374187,1.000000
63304.000000,3.000000,586.800049,597.172241,7.460000,7.189956,-3.960000,-3.546254,1.728281,1.505264,-2.482475,-0.449289,1.000000
63314.000000,3.000000,586.800049,599.131714,8.059999,7.083830,-3.960000,-3.518298,2.407486,2.906853,-2.650213,-2.188561,1.000000
63324.000000,3.000000,586.800049,600.071594,8.059999,6.987766,-3.960000,-3.512286,6.862293,1.758987,-2.686282,-1.495101,1.000000
63334.000000,3.000000,586.800049,601.266602,8.059999,6.950716,-3.960000,-3.535108,7.099417,2.843979,-2.549352,-2.751494,1.000000
63344.000000,3.000000,586.800049,602.643860,8.059999,6.918263,-3.960000,-3.565252,7.307114,0.886717,-2.368489,-3.014905,1.000000
63354.000000,3.000000,585.300049,603.978699,8.059999,6.932661,-4.040000,-3.611315,7.214966,3.959094,-2.092113,-3.325894,1.000000
63364.000000,3.000000,585.000061,604.692993,8.059999,6.943580,-4.560000,-3.666378,7.145087,1.100288,-2.241735,-3.319793,1.000000
63374.000000,3.000000,586.500061,605.026489,8.059999,6.912570,-4.560000,-3.694203,7.343552,1.335378,-5.194782,-3.085254,1.000000
63384.000000,3.000000,586.800049,606.237061,8.059999,6.804142,-4.560000,-3.672139,8.037485,0.819504,-5.327168,-3.787496,1.000000
63394.000000,3.000000,586.800049,607.398621,8.059999,6.702936,-4.560000,-3.639110,8.685205,3.015651,-5.525339,-4.621901,1.000000
63404.000000,3.000000,586.800049,608.417114,8.059999,6.620649,-5.120000,-3.638241,9.211841,1.886202,-5.530556,-4.254280,1.000000
63414.000000,3.000000,586.800049,608.987610,8.059999,6.592647,-5.120000,-3.653482,9.391055,3.700917,-8.799108,-3.742068,1.000000
63424.000000,3.000000,586.800049,609.499817,8.059999,6.564685,-5.120000,-3.679896,9.570014,1.194374,-8.640623,-4.249119,1.000000
63434.000000,3.000000,586.800049,609.856628,8.179999,6.578848,-6.000000,-3.718452,9.479367,5.424345,-8.409286,-3.154310,1.000000
63444.000000,3.000000,585.300049,609.862183,8.179999,6.573583,-6.000000,-3.768003,10.281064,2.824013,-13.391979,-3.394023,1.000000
63454.000000,3.000000,586.800049,610.120483,8.260000,6.607711,-6.000000,-3.771129,10.062647,7.761071,-13.373225,-1.290823,1.000000
63464.000000,3.000000,586.800049,610.912964,8.260000,6.626137,-6.000000,-3.772537,10.456726,4.922014,-13.364780,-3.099116,1.000000
63474.000000,3.000000,586.800049,611.896362,8.260000,6.662877,-6.000000,-3.754814,10.221588,8.480750,-13.471117,-2.859751,1.000000
63484.000000,3.000000,586.800049,612.332642,8.260000,6.689090,-5.920000,-3.747875,10.053827,7.088955,-13.512752,-4.709281,1.000000
63494.000000,3.000000,586.800049,612.470215,8.260000,6.739836,-5.320000,-3.758648,9.729050,10.420588,-12.968115,-5.156558,1.000000
63504.000000,3.000000,586.800049,612.754028,8.260000,6.775891,-5.320000,-3.802367,9.498298,8.398140,-9.105797,-7.242920,1.000000
63514.000000,3.000000,586.800049,612.461304,8.260000,6.822212,-5.320000,-3.875730,9.201846,11.644578,-8.665621,-7.476441,1.000000
63524.000000,3.000000,586.800049,612.397522,8.260000,6.848462,-4.560000,-3.964718,9.033844,10.006338,-8.131688,-7.898045,1.000000
63534.000000,3.000000,586.800049,612.431152,8.260000,6.883815,-4.560000,-4.034182,8.807587,11.478806,-3.154907,-7.999196,1.000000
63544.000000,3.000000,586.800049,612.855225,8.260000,6.913507,-4.560000,-4.091179,8.617560,10.133077,-2.812923,-8.425173,1.000000
63554.000000,3.000000,585.300049,613.184753,7.660000,6.939488,-4.560000,-4.129439,8.451279,10.729676,-2.583364,-7.520828,1.000000
63564.000000,3.000000,585.000061,613.116211,7.660000,6.934484,-4.560000,-4.164226,4.643304,9.848089,-2.374646,-6.652731,1.000000
63574.000000,3.000000,585.000061,613.099426,8.059999,6.952120,-4.560000,-4.200806,4.530432,9.978634,-2.155163,-4.994967,1.000000
63584.000000,3.000000,585.000061,613.692444,8.059999,6.975304,-4.560000,-4.239717,6.942053,8.567852,-1.921695,-3.753114,1.000000
63594.000000,3.000000,585.000061,614.167969,8.059999,7.015903,-4.560000,-4.266548,6.682220,8.912974,-1.760711,-2.861913,1.000000
63604.000000,3.000000,586.500061,614.093811,8.059999,7.036016,-4.640000,-4.276422,6.553497,6.166990,-1.701468,-1.834924,1.000000
63614.000000,3.000000,585.000061,613.392700,8.059999,7.076219,-5.120000,-4.278629,6.296195,7.242883,-2.168226,-1.454344,1.000000
63624.000000,3.000000,585.000061,613.178284,8.059999,7.110402,-5.120000,-4.276886,6.077423,6.002441,-5.058683,-0.232091,1.000000
63634.000000,3.000000,586.500061,612.761719,8.059999,7.135892,-5.120000,-4.273872,5.914289,6.213583,-5.076768,0.349444,1.000000
63644.000000,3.000000,586.800049,612.617004,8.179999,7.126469,-5.120000,-4.265744,5.974594,4.856544,-5.125537,-0.177114,1.000000
63654.000000,3.000000,585.300049,612.633057,8.179999,7.114103,-5.120000,-4.256265,6.821738,5.416017,-5.182411,-0.249986,1.000000
63664.000000,3.000000,585.000061,612.562988,8.179999,7.091866,-5.120000,-4.245665,6.964054,4.421273,-5.246009,-0.244882,1.000000
63674.000000,3.000000,585.000061,612.089905,8.179999,7.064635,-5.120000,-4.236818,7.138330,3.451089,-5.299092,-1.508015,1.000000
63684.000000,3.000000,585.000061,611.241455,8.260000,7.041178,-5.120000,-4.213744,7.288455,2.867434,-5.437534,-0.335762,1.000000
63694.000000,3.000000,585.000061,609.558350,8.260000,7.009059,-5.120000,-4.203150,8.006021,2.324624,-5.501101,-1.538880,1.000000
63704.000000,3.000000,585.000061,608.181702,8.260000,6.969285,-5.120000,-4.201224,8.260577,1.308881,-5.512653,-1.118308,1.000000
63714.000000,3.000000,585.000061,606.765076,8.260000,6.915167,-5.120000,-4.203129,8.606934,0.398830,-5.501224,-1.473432,1.000000
63724.000000,3.000000,585.000061,605.615479,8.179999,6.874559,-5.120000,-4.221615,8.866821,0.198240,-5.390307,-1.411408,1.000000
63734.000000,3.000000,585.000061,604.661560,8.179999,6.835690,-5.120000,-4.228757,8.603577,0.186576,-5.347455,-0.726165,1.000000
63744.000000,3.000000,585.000061,603.572693,8.179999,6.788141,-5.120000,-4.232860,8.907892,-0.351674,-5.322839,-0.193276,1.000000
63754.000000,3.000000,586.500061,602.981262,8.059999,6.769590,-5.040000,-4.254415,9.026618,0.134939,-5.193512,-1.158422,1.000000
63764.000000,3.000000,586.800049,602.104980,8.059999,6.751752,-5.040000,-4.260865,8.372782,-1.182874,-4.674809,0.952507,1.000000
63774.000000,3.000000,585.300049,601.024719,8.059999,6.707754,-5.040000,-4.263149,8.654370,-1.726500,-4.661104,-0.372658,1.000000
63784.000000,3.000000,585.000061,599.598511,8.059999,6.653277,-5.040000,-4.231171,9.003021,-1.542316,-4.852976,1.204437,1.000000
63794.000000,3.000000,585.000061,598.491943,8.059999,6.571798,-5.040000,-4.215471,9.524490,-3.492382,-4.947172,-0.005058,1.000000
63804.000000,3.000000,585.000061,597.425232,8.059999,6.485664,-5.040000,-4.213416,10.075745,-3.561817,-4.959506,1.747518,1.000000
63814.000000,3.000000,586.500061,596.515137,8.059999,6.385333,-5.520000,-4.213594,10.717865,-5.506846,-4.958436,2.788491,1.000000
63824.000000,3.000000,586.800049,595.112793,8.059999,6.294831,-5.520000,-4.201598,11.297076,-5.102038,-7.910414,1.265661,1.000000
63834.000000,3.000000,586.800049,593.757996,7.980000,6.180341,-5.520000,-4.186706,12.029816,-7.877473,-7.999766,1.522352,1.000000
63844.000000,3.000000,586.800049,592.144775,7.980000,6.081681,-6.120000,-4.170627,12.149238,-4.882858,-8.096237,0.657322,1.000000
63854.000000,3.000000,586.800049,589.878662,7.980000,5.970757,-6.120000,-4.137263,12.859153,-8.030763,-11.896420,2.883560,1.000000
63864.000000,3.000000,586.800049,588.271851,7.980000,5.905311,-6.120000,-4.114952,13.278009,-6.003097,-12.030290,1.299217,1.000000
63874.000000,3.000000,586.800049,585.859680,7.980000,5.789602,-6.120000,-4.097630,14.018542,-9.474670,-12.134219,0.890134,1.000000
63884.000000,3.000000,586.800049,583.476685,7.860000,5.689698,-6.680000,-4.085297,14.657928,-6.570272,-12.208220,0.640352,1.000000
63894.000000,3.000000,586.800049,581.428223,7.860000,5.547711,-6.680000,-4.062882,14.798645,-7.868809,-15.702704,1.269199,1.000000
63904.000000,3.000000,586.800049,580.612000,7.860000,5.403924,-6.680000,-4.045674,15.718887,-6.751785,-15.805956,0.908689,1.000000
63914.000000,3.000000,586.800049,579.910522,7.860000,5.253419,-6.680000,-4.013562,16.682117,-8.908249,-15.998629,0.301677,1.000000
63924.000000,3.000000,586.800049,578.285950,7.860000,5.157526,-6.680000,-3.962113,17.295828,-5.321301,-16.307320,0.972618,1.000000
63934.000000,3.000000,586.800049,576.175232,7.860000,5.099995,-6.680000,-3.962281,17.664032,-5.542414,-16.306316,-1.918071,1.000000
63944.000000,3.000000,586.800049,573.316711,7.860000,5.051250,-6.680000,-3.993550,17.975998,-6.399548,-16.118702,-2.030839,1.000000
63954.000000,3.000000,586.800049,570.710327,7.300000,4.991598,-6.680000,-4.026667,18.357771,-6.901595,-15.919996,-2.420951,1.000000
63964.000000,3.000000,586.800049,568.321350,7.300000,4.907791,-6.680000,-4.067867,15.310142,-7.630103,-15.672795,-3.641536,1.000000
63974.000000,3.000000,586.800049,566.421692,7.300000,4.805202,-6.680000,-4.104988,15.966705,-9.578747,-15.450070,-4.919147,1.000000
63984.000000,3.000000,586.800049,564.453369,7.300000,4.695463,-6.680000,-4.139795,16.669041,-9.045753,-15.241230,-6.181336,1.000000
63994.000000,3.000000,586.800049,562.439636,7.179999,4.571239,-6.680000,-4.171659,17.464075,-11.202222,-15.050048,-5.619858,1.000000
64004.000000,3.000000,586.800049,560.350098,7.179999,4.462110,-6.680000,-4.205714,17.394495,-8.454058,-14.845714,-6.674878,1.000000
64014.000000,3.000000,586.800049,558.631775,7.179999,4.323580,-6.120000,-4.237076,18.281086,-12.141026,-14.657544,-6.506409,1.000000
64024.000000,3.000000,586.800049,557.214783,7.179999,4.227886,-6.120000,-4.287079,18.893524,-8.188686,-10.997526,-8.136418,1.000000
64034.000000,3.000000,585.300049,555.490479,7.179999,4.087387,-6.120000,-4.340407,19.792719,-11.292664,-10.677558,-7.806823,1.000000
64044.000000,3.000000,585.000061,554.344421,7.179999,3.970560,-6.120000,-4.400210,20.540411,-8.517793,-10.318737,-8.070213,1.000000
64054.000000,3.000000,585.000061,552.821106,7.099999,3.821874,-6.000000,-4.468051,21.492004,-9.081044,-9.911691,-8.529821,1.000000
64064.000000,3.000000,585.000061,551.192444,7.099999,3.701750,-6.000000,-4.527884,21.748798,-7.452928,-8.832696,-6.937300,1.000000
64074.000000,3.000000,585.000061,549.632507,7.099999,3.603155,-6.000000,-4.589368,22.379805,-6.256042,-8.463793,-6.724340,1.000000
64084.000000,3.000000,585.000061,548.167847,7.099999,3.538591,-6.000000,-4.646038,22.793015,-5.622798,-8.123775,-6.453445,1.000000
64094.000000,3.000000,585.000061,546.845215,7.099999,3.487818,-6.000000,-4.684752,23.117960,-3.936959,-7.891491,-5.718741,1.000000
64104.000000,3.000000,585.000061,546.069763,7.099999,3.425344,-6.000000,-4.688883,23.517797,-3.593153,-7.866703,-4.035905,1.000000
64114.000000,3.000000,585.000061,545.586487,7.099999,3.380498,-6.000000,-4.678778,23.804808,-1.596720,-7.927331,-3.407871,1.000000
64124.000000,3.000000,585.000061,545.124573,7.099999,3.342173,-6.000000,-4.679298,24.050089,0.499009,-7.924212,-3.542459,1.000000
64134.000000,3.000000,585.000061,544.502380,7.099999,3.314862,-6.000000,-4.699449,24.224882,0.860179,-7.803308,-3.649113,1.000000
64144.000000,3.000000,585.000061,543.702881,7.099999,3.339999,-6.000000,-4.736238,24.064003,3.415267,-7.582569,-3.812243,1.000000
64154.000000,3.000000,585.000061,543.856201,7.099999,3.349304,-6.000000,-4.781426,24.004454,3.079854,-7.311444,-4.044834,1.000000
64164.000000,3.000000,585.000061,544.361023,7.099999,3.409437,-6.120000,-4.828433,23.619598,6.558859,-7.029405,-4.823984,1.000000
64174.000000,3.000000,585.000061,544.508850,7.099999,3.446475,-6.120000,-4.868805,23.382559,4.506855,-7.507170,-4.067043,1.000000
64184.000000,3.000000,585.000061,544.982117,7.099999,3.508776,-6.120000,-4.912273,22.983829,5.719130,-7.246362,-4.203359,1.000000
64194.000000,3.000000,585.000061,545.447632,7.099999,3.555683,-6.120000,-4.955397,22.683624,5.843065,-6.987617,-4.801396,1.000000
64204.000000,3.000000,585.000061,545.238525,7.099999,3.579504,-6.120000,-4.993059,22.531168,5.413398,-6.761644,-5.076329,1.000000
64214.000000,3.000000,585.000061,545.144226,7.099999,3.643239,-6.120000,-5.042906,22.123266,7.298280,-6.462562,-6.390633,1.000000
64224.000000,3.000000,585.000061,544.898071,7.099999,3.674453,-6.120000,-5.085352,21.923496,3.473273,-6.207888,-4.677881,1.000000
64234.000000,3.000000,585.000061,544.403564,7.099999,3.734490,-6.120000,-5.131953,21.539261,4.886348,-5.928283,-4.889002,1.000000
64244.000000,3.000000,586.500061,543.974854,7.099999,3.766162,-6.120000,-5.172339,21.336561,2.336854,-5.685966,-4.138934,1.000000
64254.000000,3.000000,586.800049,544.385681,7.099999,3.779867,-6.120000,-5.184565,21.248846,1.524358,-5.612612,-3.394512,1.000000
64264.000000,3.000000,586.800049,544.845947,7.099999,3.765569,-6.120000,-5.170914,21.340355,0.082732,-5.694514,-3.091754,1.000000
64274.000000,3.000000,586.800049,545.525574,7.099999,3.711745,-6.120000,-5.154052,21.684830,-2.257291,-5.795686,-2.249759,1.000000
64284.000000,3.000000,586.800049,545.846069,7.099999,3.663285,-6.120000,-5.151300,21.994970,-2.431661,-5.812197,-2.371985,1.000000
64294.000000,3.000000,586.800049,546.184204,7.099999,3.604773,-6.120000,-5.162079,22.369450,-3.774844,-5.747523,-1.907244,1.000000
64304.000000,3.000000,586.800049,546.759033,7.099999,3.539189,-6.120000,-5.167654,22.789185,-6.562786,-5.714075,-0.579244,1.000000
64314.000000,3.000000,586.800049,546.514160,7.099999,3.463707,-6.120000,-5.175766,23.272272,-7.433792,-5.665401,-0.327605,1.000000
64324.000000,3.000000,586.800049,547.005554,7.099999,3.362913,-6.120000,-5.164302,23.917351,-10.047462,-5.734188,0.863750,1.000000
64334.000000,3.000000,586.800049,546.996521,6.980000,3.281327,-6.120000,-5.152652,24.439507,-6.801361,-5.804089,-0.402984,1.000000
64344.000000,3.000000,586.800049,547.315796,6.980000,3.147170,-6.120000,-5.110329,24.530109,-10.891180,-6.058027,1.665522,1.000000
64354.000000,3.000000,586.800049,547.777100,6.980000,3.069893,-6.120000,-5.076143,25.024681,-6.830260,-6.263143,1.133129,1.000000
64364.000000,3.000000,586.800049,548.636353,6.980000,2.959691,-6.120000,-5.051322,25.729975,-11.322643,-6.412070,2.558746,1.000000
64374.000000,3.000000,586.800049,549.604248,6.980000,2.868775,-6.120000,-5.026336,26.311838,-8.852722,-6.561985,2.080401,1.000000
64384.000000,3.000000,586.800049,549.876221,6.980000,2.780171,-6.120000,-5.001691,26.878904,-8.708379,-6.709854,2.083933,1.000000
64394.000000,3.000000,586.800049,549.810425,6.500000,2.700044,-6.120000,-4.979413,27.391712,-7.824756,-6.843521,2.552239,1.000000
64404.000000,3.000000,586.800049,549.704102,6.500000,2.628471,-6.120000,-4.951283,24.777784,-7.252718,-7.012301,2.956749,1.000000
64414.000000,3.000000,586.800049,550.011108,5.700000,2.529274,-5.440000,-4.903667,25.412649,-7.327088,-7.297997,3.096787,1.000000
64424.000000,3.000000,586.800049,550.561157,5.700000,2.427098,-5.440000,-4.844649,20.946569,-7.098889,-3.572104,3.093412,1.000000
64434.000000,3.000000,586.800049,551.157410,5.700000,2.362320,-5.440000,-4.818598,21.361153,-4.496082,-3.728411,0.986141,1.000000
64444.000000,3.000000,586.800049,551.672119,5.700000,2.290700,-5.440000,-4.792231,21.819519,-8.427044,-3.886617,3.694752,1.000000
64454.000000,3.000000,586.800049,552.739319,5.700000,2.250859,-5.440000,-4.783371,22.074501,-6.283325,-3.939775,0.775005,1.000000
64464.000000,3.000000,586.800049,553.547363,5.700000,2.144743,-5.440000,-4.759064,22.753645,-11.117432,-4.085615,2.088860,1.000000
64474.000000,3.000000,586.800049,554.221191,5.620000,2.049118,-5.440000,-4.736681,23.365644,-10.162303,-4.219914,1.202477,1.000000
64484.000000,3.000000,585.300049,554.977722,5.140000,1.918939,-5.440000,-4.700802,23.686789,-12.202753,-4.435186,2.374686,1.000000
64494.000000,3.000000,586.800049,555.637573,5.140000,1.794096,-4.440000,-4.623446,21.413786,-11.970559,-4.899327,4.752429,1.000000
64504.000000,3.000000,586.800049,556.631348,5.140000,1.660194,-4.440000,-4.568402,22.270760,-12.221490,0.770413,2.198216,1.000000
64514.000000,3.000000,585.300049,557.216492,3.860000,1.544676,-3.000000,-4.528495,23.010071,-11.004312,0.530969,1.493550,1.000000
64524.000000,3.000000,585.000061,557.227539,3.780000,1.443397,-3.000000,-4.516886,15.466257,-10.805623,9.101315,2.669913,1.000000
64534.000000,3.000000,585.000061,557.513123,3.060000,1.326366,-3.000000,-4.492449,15.703257,-9.606051,8.954693,2.666048,1.000000
64544.000000,3.000000,585.000061,558.172913,3.060000,1.226467,-3.000000,-4.458328,11.734614,-9.201749,8.749967,1.503055,1.000000
64554.000000,3.000000,585.000061,559.167053,2.580000,1.115625,-3.000000,-4.406560,12.443997,-10.197057,8.439360,3.924928,1.000000
64564.000000,3.000000,585.000061,560.627014,2.580000,0.996798,-3.000000,-4.338549,10.132495,-13.307262,8.031292,5.416531,1.000000
64574.000000,3.000000,585.000061,561.247559,2.580000,0.866863,-3.000000,-4.296642,10.964076,-11.631307,7.779851,5.189296,1.000000
64584.000000,3.000000,585.000061,562.790466,2.580000,0.740169,-3.000000,-4.249297,11.774920,-14.465728,7.495783,8.573295,1.000000
64594.000000,3.000000,585.000061,563.782959,2.580000,0.593721,-3.000000,-4.186163,12.712185,-15.137360,7.116978,9.103928,1.000000
64604.000000,3.000000,585.000061,564.947632,2.580000,0.412671,-3.000000,-4.087544,13.870908,-16.974697,6.525267,10.159663,1.000000
64614.000000,3.000000,585.000061,565.953918,2.580000,0.267375,-3.760000,-3.972202,14.800799,-15.328517,5.833211,10.440372,1.000000
64624.000000,3.000000,585.000061,566.921631,2.580000,0.111113,-3.760000,-3.856650,15.800879,-20.529745,0.579902,10.433125,1.000000
64634.000000,3.000000,585.000061,567.724060,2.580000,-0.039955,-4.240000,-3.735779,16.767714,-19.922459,-0.145329,12.069537,1.000000
64644.000000,3.000000,585.000061,568.366638,2.580000,-0.225378,-4.240000,-3.618619,17.954418,-21.976757,-3.728286,12.182406,1.000000
64654.000000,3.000000,585.000061,568.547180,0.260000,-0.418969,-3.000000,-3.518599,19.193403,-21.399979,-4.328407,10.672929,1.000000
64664.000000,3.000000,585.000061,568.891418,0.260000,-0.608471,-3.000000,-3.444139,5.558212,-18.903530,2.664835,8.786069,1.000000
64674.000000,3.000000,585.000061,569.096069,0.340000,-0.780659,-3.000000,-3.350377,6.660219,-18.252020,2.102264,10.200643,1.000000
64684.000000,3.000000,585.000061,569.131592,0.340000,-0.931526,-3.000000,-3.281516,8.137769,-18.032164,1.689096,6.663921,1.000000
64694.000000,3.000000,586.500061,569.117249,0.340000,-1.132410,-3.000000,-3.197419,9.423427,-20.833405,1.184515,8.764408,1.000000
64704.000000,3.000000,586.800049,569.034424,0.340000,-1.294552,-3.000000,-3.119717,10.461134,-16.663160,0.718304,7.784860,1.000000
64714.000000,3.000000,586.800049,568.753052,0.340000,-1.493241,-3.000000,-3.028626,11.732741,-20.448917,0.171756,8.527872,1.000000
64724.000000,3.000000,586.800049,568.382080,0.340000,-1.659162,-3.000000,-2.955320,12.794635,-18.259350,-0.268079,6.836824,1.000000
64734.000000,3.000000,585.300049,568.536743,0.340000,-1.836299,-3.000000,-2.899246,13.928311,-20.503572,-0.604521,5.120119,1.000000
64744.000000,3.000000,585.000061,569.133484,0.340000,-1.993358,-3.000000,-2.847532,14.933490,-17.256815,-0.914811,6.062745,1.000000
64754.000000,3.000000,585.000061,569.682007,0.340000,-2.140052,-3.000000,-2.785939,15.872334,-17.944252,-1.284363,6.070015,1.000000
64764.000000,3.000000,585.000061,570.429443,0.340000,-2.306285,-3.000000,-2.733941,16.936222,-17.319777,-1.596356,4.363069,1.000000
64774.000000,3.000000,585.000061,570.609619,0.340000,-2.467268,-3.000000,-2.697571,17.966513,-17.969950,-1.814575,3.611561,1.000000
64784.000000,3.000000,585.000061,570.878906,0.340000,-2.602140,-3.000000,-2.643533,18.829697,-13.583479,-2.138805,5.602839,1.000000
64794.000000,3.000000,585.000061,570.913208,0.420000,-2.707668,-3.000000,-2.604873,19.505075,-12.270853,-2.370761,4.700546,1.000000
64804.000000,3.000000,585.000061,571.970825,0.420000,-2.792267,-3.000000,-2.579047,20.558508,-10.844117,-2.525717,3.854631,1.000000
64814.000000,3.000000,586.500061,572.737793,0.420000,-2.861144,-3.000000,-2.578532,20.999323,-9.651315,-2.528807,1.806403,1.000000
64824.000000,3.000000,586.800049,573.339050,0.420000,-2.917379,-3.000000,-2.581410,21.359226,-8.096808,-2.511542,2.916610,1.000000
64834.000000,3.000000,585.300049,574.687195,0.420000,-2.934954,-3.000000,-2.576133,21.471704,-5.041915,-2.543205,2.386418,1.000000
64844.000000,3.000000,585.000061,575.616272,0.420000,-2.940799,-3.000000,-2.551014,21.509113,-6.442420,-2.693915,1.851498,1.000000
64854.000000,3.000000,585.000061,576.888428,0.420000,-2.922261,-3.000000,-2.515020,21.390471,-2.876510,-2.909878,2.425727,1.000000
64864.000000,3.000000,585.000061,577.595642,0.420000,-2.906111,-3.000000,-2.466322,21.287109,-4.103575,-3.202065,3.895464,1.000000
64874.000000,3.000000,585.000061,578.307922,0.420000,-2.852197,-3.000000,-2.428932,20.942062,-0.962941,-3.426407,2.821908,1.000000
64884.000000,3.000000,585.000061,578.670410,0.420000,-2.815806,-3.000000,-2.386905,20.709162,-2.295461,-3.678572,4.241633,1.000000
64894.000000,3.000000,585.000061,579.087463,0.420000,-2.773908,-3.000000,-2.357267,20.441010,0.270955,-3.856397,3.067654,1.000000
64904.000000,3.000000,585.000061,579.462952,0.420000,-2.726770,-3.000000,-2.335477,20.139328,0.752055,-3.987136,3.579565,1.000000
64914.000000,3.000000,585.000061,580.295105,0.420000,-2.674356,-3.000000,-2.315629,19.803883,1.619702,-4.106223,3.438323,1.000000
64924.000000,3.000000,585.000061,581.062439,0.420000,-2.599579,-3.000000,-2.300231,19.325302,3.182034,-4.198613,2.099861,1.000000
64934.000000,3.000000,585.000061,582.487244,0.420000,-2.562331,-3.000000,-2.294063,19.086920,1.323960,-4.235621,3.096480,1.000000
64944.000000,3.000000,585.000061,584.475098,0.420000,-2.467151,-3.000000,-2.311779,18.477766,4.815012,-4.129327,2.633278,1.000000
64954.000000,3.000000,585.000061,586.241089,0.420000,-2.397511,-3.000000,-2.327185,18.032074,2.715957,-4.036888,2.235343,1.000000
64964.000000,3.000000,585.000061,587.318054,0.420000,-2.281443,-3.000000,-2.346604,17.289236,4.624963,-3.920374,0.913948,1.000000
64974.000000,3.000000,585.000061,588.707397,0.420000,-2.178543,-3.000000,-2.364678,16.630674,3.518732,-3.811931,0.554512,1.000000
64984.000000,3.000000,585.000061,589.814087,0.420000,-2.057592,-3.000000,-2.356103,15.856589,4.409819,-3.863381,1.958254,1.000000
64994.000000,3.000000,585.000061,590.886475,0.420000,-2.002444,-3.000000,-2.335193,15.503641,1.678968,-3.988842,0.856981,1.000000
65004.000000,3.000000,585.000061,591.426331,0.420000,-1.927288,-3.000000,-2.323031,15.022641,3.653407,-4.061814,1.499555,1.000000
65014.000000,3.000000,586.500061,591.816772,0.420000,-1.860272,-3.000000,-2.314526,14.593741,2.503010,-4.112845,2.401193,1.000000
65024.000000,3.000000,586.800049,592.656067,0.420000,-1.780545,-3.000000,-2.307595,14.083490,3.865668,-4.154430,0.829617,1.000000
65034.000000,3.000000,585.300049,593.341797,0.420000,-1.700661,-3.000000,-2.308593,13.572227,3.339055,-4.148442,0.751073,1.000000
65044.000000,3.000000,585.000061,594.224487,0.420000,-1.614447,-3.000000,-2.312568,13.020457,3.699584,-4.124591,0.481934,1.000000
65054.000000,3.000000,585.000061,595.186462,0.420000,-1.527907,-3.000000,-2.324298,12.466605,3.774127,-4.054214,0.613936,1.000000
65064.000000,3.000000,585.000061,596.136353,0.420000,-1.471327,-3.000000,-2.310859,12.104490,3.193264,-4.134845,1.366666,1.000000
65074.000000,3.000000,585.000061,596.852234,0.420000,-1.374741,-3.000000,-2.322390,11.486341,5.480529,-4.065662,-0.849756,1.000000
65084.000000,3.000000,585.000061,598.006836,0.420000,-1.272463,-3.000000,-2.355095,10.831761,4.500576,-3.869428,0.073913,1.000000
65094.000000,3.000000,586.500061,598.589600,0.420000,-1.121628,-3.000000,-2.388905,9.866420,6.426759,-3.666568,0.100190,1.000000
65104.000000,3.000000,586.800049,599.706726,0.420000,-1.002829,-3.000000,-2.401146,9.106109,4.110188,-3.593123,1.011883,1.000000
65114.000000,3.000000,586.800049,599.825378,0.420000,-0.858624,-3.000000,-2.418702,8.183194,6.774620,-3.487787,-0.378243,1.000000
65124.000000,3.000000,585.300049,600.418030,0.420000,-0.754668,-3.000000,-2.419672,7.517873,4.297354,-3.481966,0.474664,1.000000
65134.000000,3.000000,586.800049,600.960327,0.420000,-0.640986,-3.000000,-2.419655,6.790312,5.136393,-3.482069,-0.017176,1.000000
65144.000000,3.000000,586.800049,601.626526,0.420000,-0.573236,-3.000000,-2.417049,6.356713,1.884836,-3.497708,0.774787,1.000000
65154.000000,3.000000,585.300049,602.136169,0.420000,-0.479138,-3.000000,-2.420288,5.754484,5.641832,-3.478273,1.086346,1.000000
65164.000000,3.000000,585.000061,602.535522,0.420000,-0.387277,-3.000000,-2.423761,5.166576,2.525870,-3.457432,1.247648,1.000000
65174.000000,3.000000,585.000061,601.413574,0.420000,-0.300590,-3.000000,-2.446348,4.611776,3.287943,-3.321912,1.004646,1.000000
65184.000000,3.000000,585.000061,600.417542,0.420000,-0.217351,-3.000000,-2.470811,4.079049,0.586806,-3.175136,1.394498,1.000000
65194.000000,3.000000,585.000061,599.292664,0.420000,-0.167470,-3.000000,-2.492190,3.759810,-1.559070,-3.046859,1.203452,1.000000
65204.000000,3.000000,585.000061,597.519470,0.420000,-0.122752,-3.000000,-2.508135,3.473611,-0.961672,-2.951188,1.590974,1.000000
65214.000000,3.000000,585.000061,595.774414,0.420000,-0.114969,-3.000000,-2.520952,3.423800,-2.911994,-2.874291,1.691421,1.000000
65224.000000,3.000000,585.000061,593.302673,0.420000,-0.082009,-3.000000,-2.522711,3.212860,-0.329764,-2.863737,1.627613,1.000000
65234.000000,3.000000,585.000061,591.226074,0.420000,-0.134229,-3.000000,-2.536008,3.547066,-7.547432,-2.783953,1.394275,1.000000
65244.000000,3.000000,585.000061,589.584473,0.420000,-0.150350,-3.000000,-2.568808,3.650240,-2.032480,-2.587150,1.296530,1.000000
65254.000000,3.000000,585.000061,587.871887,0.420000,-0.200693,-3.000000,-2.617492,3.972434,-7.004926,-2.295045,2.136617,1.000000
65264.000000,3.000000,585.000061,586.041809,0.420000,-0.200655,-3.000000,-2.651757,3.972191,-2.565048,-2.089457,2.469484,1.000000
65274.000000,3.000000,585.000061,586.277771,0.420000,-0.234767,-3.000000,-2.675973,4.190508,-6.287873,-1.944160,2.567353,1.000000
65284.000000,3.000000,585.000061,587.622620,0.420000,-0.240162,-3.000000,-2.685421,4.225035,-3.318803,-1.887475,2.894516,1.000000
65294.000000,3.000000,585.000061,589.879272,0.420000,-0.248702,-3.000000,-2.686115,4.279694,-4.869378,-1.883313,3.406473,1.000000
65304.000000,3.000000,585.000061,591.833130,0.420000,-0.251421,-3.000000,-2.682374,4.297092,-4.139981,-1.905753,3.572512,1.000000
65314.000000,3.000000,585.000061,593.164978,0.420000,-0.250702,-3.000000,-2.643980,4.292492,-3.652823,-2.136120,5.646009,1.000000
65324.000000,3.000000,585.000061,594.195984,0.420000,-0.276657,-3.000000,-2.586193,4.458605,-6.118928,-2.482844,5.736712,1.000000
65334.000000,3.000000,585.000061,595.004639,0.420000,-0.263730,-3.000000,-2.532744,4.375870,-2.390963,-2.803534,6.078633,1.000000
65344.000000,3.000000,585.000061,595.140808,0.420000,-0.284266,-3.000000,-2.478900,4.507299,-6.584502,-3.126600,7.970155,1.000000
65354.000000,3.000000,585.000061,594.938904,0.420000,-0.267137,-3.000000,-2.422393,4.397680,-1.922051,-3.465640,7.907472,1.000000
65364.000000,3.000000,585.000061,595.184204,0.420000,-0.290150,-3.000000,-2.356314,4.544961,-5.321130,-3.862116,8.738824,1.000000
65374.000000,3.000000,585.000061,595.419739,0.420000,-0.296634,-3.000000,-2.281697,4.586458,-2.582451,-4.309816,8.152631,1.000000
65384.000000,3.000000,585.000061,595.671448,0.420000,-0.342881,-3.000000,-2.197324,4.882440,-7.399358,-4.816054,8.135512,1.000000
65394.000000,3.000000,585.000061,594.960144,0.420000,-0.337754,-3.000000,-2.127060,4.849626,0.575520,-5.237638,6.516747,1.000000
65404.000000,3.000000,585.000061,594.152832,0.420000,-0.318178,-3.000000,-2.064526,4.724336,-2.955784,-5.612845,6.178115,1.000000
65414.000000,3.000000,585.000061,593.057007,0.420000,-0.261216,-3.000000,-2.018167,4.359782,-0.168871,-5.890999,5.163553,1.000000
65424.000000,3.000000,585.000061,592.544189,0.420000,-0.232548,-3.000000,-1.984249,4.176304,-3.267612,-6.094503,4.614523,1.000000
65434.000000,3.000000,585.000061,592.367676,0.420000,-0.212023,-3.000000,-1.964958,4.044948,-2.227078,-6.210252,4.344946,1.000000
65444.000000,3.000000,585.000061,592.423218,0.420000,-0.208299,-3.000000,-1.948760,4.021111,-2.218110,-6.307441,3.965882,1.000000
65454.000000,3.000000,585.000061,591.463867,0.420000,-0.249156,-3.000000,-1.922154,4.282597,-3.766729,-6.467077,3.979255,1.000000
65464.000000,3.000000,585.000061,590.803955,0.420000,-0.267080,-3.000000,-1.897514,4.397311,0.506822,-6.614918,2.630653,1.000000
65474.000000,3.000000,585.000061,590.413452,0.420000,-0.248768,-3.000000,-1.879392,4.280116,-3.722786,-6.723647,3.253778,1.000000
65484.000000,3.000000,585.000061,589.854919,0.420000,-0.187956,-3.000000,-1.868219,3.890920,-0.653592,-6.790685,1.973257,1.000000
65494.000000,3.000000,585.000061,589.005920,0.420000,-0.159304,-3.000000,-1.868574,3.707547,-4.526087,-6.788559,0.982043,1.000000
65504.000000,3.000000,585.000061,587.601379,0.420000,-0.149610,-3.000000,-1.885812,3.645502,-2.442565,-6.685130,0.180115,1.000000
65514.000000,3.000000,585.000061,586.352539,0.420000,-0.180069,-3.000000,-1.915826,3.840443,-5.102540,-6.505044,0.028981,1.000000
65524.000000,3.000000,585.000061,585.703918,0.340000,-0.202884,-3.000000,-1.961162,3.986458,-3.279002,-6.233028,-1.015530,1.000000
65534.000000,3.000000,585.000061,585.300476,0.340000,-0.221000,-3.000000,-2.010839,3.590399,-4.506960,-5.934965,-2.041481,1.000000
65544.000000,3.000000,585.000061,585.091980,0.340000,-0.249515,-3.000000,-2.045171,3.772894,-4.991228,-5.728971,-1.374786,1.000000
65554.000000,3.000000,585.000061,584.736755,0.340000,-0.225927,-3.000000,-2.069890,3.621935,-4.203304,-5.580660,-1.539869,1.000000
65564.000000,3.000000,585.000061,584.870239,0.340000,-0.255428,-3.000000,-2.096059,3.810737,-8.778299,-5.423647,-2.371981,1.000000
65574.000000,3.000000,585.000061,583.169739,0.340000,-0.273563,-3.000000,-2.138823,3.926803,-6.233118,-5.167060,-4.238911,1.000000
65584.000000,3.000000,585.000061,582.536377,0.340000,-0.352385,-3.000000,-2.184472,4.431261,-10.859547,-4.893169,-3.654192,1.000000
65594.000000,3.000000,585.000061,581.836182,0.340000,-0.406350,-3.000000,-2.242989,4.776641,-9.296863,-4.542068,-4.155215,1.000000
65604.000000,3.000000,585.000061,581.373718,0.340000,-0.484862,-3.000000,-2.311085,5.279119,-13.260631,-4.133493,-4.490934,1.000000
65614.000000,3.000000,585.000061,581.394104,0.340000,-0.537409,-3.000000,-2.392497,5.615415,-11.145413,-3.645020,-5.037879,1.000000
65624.000000,3.000000,585.000061,580.852783,0.340000,-0.611753,-3.000000,-2.478820,6.091219,-13.116117,-3.127079,-5.395690,1.000000
65634.000000,3.000000,585.000061,580.474182,0.340000,-0.699860,-3.000000,-2.518397,6.655105,-11.144567,-2.889619,-4.201961,1.000000
65644.000000,3.000000,585.000061,579.714172,0.340000,-0.835446,-3.000000,-2.553178,7.522853,-13.689778,-2.680930,-5.286695,1.000000
65654.000000,3.000000,585.000061,579.088074,0.340000,-0.932562,-3.000000,-2.583805,8.144393,-9.956964,-2.497172,-4.910177,1.000000
65664.000000,3.000000,585.000061,578.317261,0.340000,-1.014588,-3.000000,-2.636383,8.669364,-12.775047,-2.181705,-4.861360,1.000000
65674.000000,3.000000,585.000061,577.873718,0.340000,-1.093842,-3.000000,-2.684305,9.176588,-10.857545,-1.894170,-3.389095,1.000000
65684.000000,3.000000,585.000061,577.505676,0.340000,-1.167259,-3.000000,-2.733845,9.646455,-10.148259,-1.596933,-3.200318,1.000000
65694.000000,3.000000,585.000061,576.832458,0.340000,-1.265230,-3.000000,-2.773436,10.273473,-10.188271,-1.359385,-2.583144,1.000000
65704.000000,3.000000,585.000061,575.984558,0.340000,-1.338462,-3.000000,-2.800030,10.742153,-7.968910,-1.199821,-1.741105,1.000000
65714.000000,3.000000,585.000061,574.897400,0.340000,-1.404143,-3.000000,-2.817473,11.162513,-8.555206,-1.095160,-0.972944,1.000000
65724.000000,3.000000,585.000061,574.069153,0.340000,-1.429531,-3.000000,-2.831475,11.324995,-5.595520,-1.011150,-0.609558,1.000000
65734.000000,3.000000,585.000061,573.320801,0.340000,-1.477952,-3.000000,-2.860780,11.634894,-7.265290,-0.835317,-1.259208,1.000000
65744.000000,3.000000,585.000061,572.459290,0.340000,-1.493615,-3.000000,-2.887609,11.735138,-3.715496,-0.674345,0.419437,1.000000
65754.000000,3.000000,585.000061,571.544250,0.340000,-1.543822,-3.000000,-2.911091,12.056458,-5.303277,-0.533455,1.246584,1.000000
65764.000000,3.000000,585.000061,570.745361,0.340000,-1.559974,-3.000000,-2.910691,12.159835,-3.096697,-0.535855,2.508447,1.000000
65774.000000,3.000000,585.000061,569.960205,0.420000,-1.599675,-3.000000,-2.900057,12.413918,-4.945425,-0.599658,3.085835,1.000000
65784.000000,3.000000,585.000061,569.453003,0.420000,-1.598988,-3.000000,-2.885407,12.921521,-2.186337,-0.687558,3.109476,1.000000
65794.000000,3.000000,585.000061,568.973083,0.420000,-1.595623,-3.000000,-2.866713,12.899985,-4.207994,-0.799722,3.885248,1.000000
65804.000000,3.000000,585.000061,568.210083,0.420000,-1.565224,-3.000000,-2.848543,12.705434,-2.003761,-0.908742,3.767707,1.000000
65814.000000,3.000000,585.000061,567.463745,0.420000,-1.562791,-3.000000,-2.813840,12.689861,-3.561321,-1.116958,4.460279,1.000000
65824.000000,3.000000,585.000061,566.794189,0.420000,-1.569947,-3.000000,-2.784702,12.735663,-2.615294,-1.291790,3.930484,1.000000
65834.000000,3.000000,585.000061,565.913208,0.420000,-1.582547,-3.000000,-2.741606,12.816298,-1.843200,-1.550363,4.934240,1.000000
65844.000000,3.000000,585.000061,564.713135,0.420000,-1.573862,-3.000000,-2.689656,12.760718,-2.521187,-1.862065,4.800528,1.000000
65854.000000,3.000000,585.000061,563.599609,0.420000,-1.538946,-3.000000,-2.627079,12.537252,-2.768373,-2.237526,5.425311,1.000000
65864.000000,3.000000,585.000061,562.770935,0.420000,-1.498528,-3.000000,-2.587400,12.278580,-2.671360,-2.475602,4.531261,1.000000
65874.000000,3.000000,585.000061,562.096619,0.420000,-1.463475,-3.000000,-2.563455,12.054243,-4.493511,-2.619268,3.601670,1.000000
65884.000000,3.000000,585.000061,561.373718,0.420000,-1.439081,-3.000000,-2.542972,11.898119,-2.493675,-2.742169,3.831129,1.000000
65894.000000,3.000000,585.000061,560.652344,0.420000,-1.440069,-3.000000,-2.513257,11.904441,-4.460995,-2.920456,4.163515,1.000000
65904.000000,3.000000,585.000061,560.132751,0.420000,-1.429368,-3.000000,-2.473852,11.835957,-1.290458,-3.156887,2.905615,1.000000
65914.000000,3.000000,585.000061,559.522339,0.420000,-1.426165,-3.000000,-2.449413,11.815454,-2.683189,-3.303520,1.971006,1.000000
65924.000000,3.000000,585.000061,559.065796,0.420000,-1.368853,-3.000000,-2.442366,11.448659,-0.292961,-3.345806,1.643943,1.000000
65934.000000,3.000000,585.000061,558.210938,0.420000,-1.320251,-3.000000,-2.435225,11.137609,-1.713260,-3.388651,1.563725,1.000000
65944.000000,3.000000,585.000061,557.705627,0.420000,-1.255511,-3.000000,-2.435342,10.723268,0.562624,-3.387950,1.078570,1.000000
65954.000000,3.000000,585.000061,557.350281,0.420000,-1.229685,-3.000000,-2.455179,10.557986,-2.185691,-3.268925,0.894081,1.000000
65964.000000,3.000000,586.500061,557.349915,0.420000,-1.187276,-3.000000,-2.501056,10.286563,1.129850,-2.993666,0.912851,1.000000
65974.000000,3.000000,586.800049,556.990723,0.420000,-1.171130,-3.000000,-2.539630,10.183234,-0.715775,-2.762220,0.400500,1.000000
65984.000000,3.000000,586.800049,556.727966,0.420000,-1.119317,-3.000000,-2.565294,9.851631,1.325899,-2.608236,0.847854,1.000000
65994.000000,3.000000,585.300049,556.179565,0.420000,-1.074073,-3.000000,-2.585914,9.562065,-0.369691,-2.484514,1.274082,1.000000
66004.000000,3.000000,585.000061,555.608887,0.420000,-1.036364,-3.000000,-2.597648,9.320732,0.884431,-2.414110,0.615386,1.000000
66014.000000,3.000000,585.000061,555.639465,0.420000,-1.007683,-3.000000,-2.599981,9.137168,1.288588,-2.400112,0.814498,1.000000
66024.000000,3.000000,585.000061,555.562439,0.420000,-0.974247,-3.000000,-2.605781,8.923182,1.669047,-2.365314,0.797351,1.000000
66034.000000,3.000000,585.000061,555.530518,0.420000,-0.927131,-3.000000,-2.593292,8.621636,1.306563,-2.440248,2.180772,1.000000
66044.000000,3.000000,585.000061,555.019714,0.420000,-0.881088,-3.000000,-2.582653,8.326965,2.011614,-2.504083,1.131034,1.000000
66054.000000,3.000000,585.000061,554.549133,0.420000,-0.819107,-3.000000,-2.563468,7.930285,1.802944,-2.619191,1.002121,1.000000
66064.000000,3.000000,585.000061,554.108826,0.420000,-0.769863,-3.000000,-2.551529,7.615123,2.795721,-2.690824,1.010098,1.000000
66074.000000,3.000000,585.000061,554.128967,0.420000,-0.731398,-3.000000,-2.543119,7.368948,1.955071,-2.741285,0.818389,1.000000
66084.000000,3.000000,585.000061,554.204285,0.420000,-0.672144,-3.000000,-2.534000,6.989724,4.627560,-2.796000,0.925481,1.000000
66094.000000,3.000000,585.000061,554.010986,0.420000,-0.614429,-3.000000,-2.533064,6.620343,2.950850,-2.801617,0.371158,1.000000
66104.000000,3.000000,585.000061,553.794922,0.420000,-0.523460,-3.000000,-2.542128,6.038146,4.539140,-2.747230,-0.380641,1.000000
66114.000000,3.000000,585.000061,554.100769,0.420000,-0.448548,-3.000000,-2.557338,5.558707,2.891758,-2.655972,-0.108931,1.000000
66124.000000,3.000000,585.000061,554.464417,0.420000,-0.358473,-3.000000,-2.587264,4.982225,5.235997,-2.476418,-1.442961,1.000000
66134.000000,3.000000,585.000061,554.772278,0.340000,-0.322043,-3.000000,-2.622727,4.749073,1.240748,-2.263638,-1.632614,1.000000
66144.000000,3.000000,585.000061,554.678589,0.340000,-0.254722,-3.000000,-2.676343,3.806219,4.557430,-1.941944,-1.770623,1.000000
66154.000000,3.000000,585.000061,554.629822,0.340000,-0.216282,-3.000000,-2.737272,3.560205,1.586704,-1.576366,-1.510435,1.000000
66164.000000,3.000000,585.000061,554.626160,0.340000,-0.147303,-3.000000,-2.774269,3.118741,4.915008,-1.354384,-1.588488,1.000000
66174.000000,3.000000,585.000061,554.741333,0.340000,-0.105578,-3.000000,-2.811795,2.851698,2.478827,-1.129229,-2.058878,1.000000
66184.000000,3.000000,585.000061,554.843994,0.340000,-0.037924,-3.000000,-2.848339,2.418713,4.508845,-0.909968,-2.472398,1.000000
66194.000000,3.000000,585.000061,555.216431,-0.260000,0.004615,-3.000000,-2.875007,2.146464,2.237904,-0.749956,-1.403172,1.000000
66204.000000,3.000000,585.000061,555.474854,-0.340000,0.067862,-3.000000,-2.906916,-2.098317,4.256916,-0.558505,-2.423541,1.000000
66214.000000,3.000000,585.000061,555.201477,-0.940000,0.103805,-3.000000,-2.939941,-2.840351,1.312309,-0.360353,-2.122977,1.000000
66224.000000,3.000000,585.000061,554.433228,-0.940000,0.161691,-3.000000,-2.983438,-7.050826,3.524421,-0.099369,-2.615973,1.000000
66234.000000,3.000000,585.000061,554.729492,-0.940000,0.194212,-3.000000,-3.022910,-7.258954,0.319429,0.137461,-2.883343,1.000000
66244.000000,3.000000,585.000061,554.911926,-0.940000,0.238854,-3.000000,-3.053085,-7.544669,1.083724,0.318511,-2.737427,1.000000
66254.000000,3.000000,585.000061,555.007263,-0.460000,0.245641,-3.000000,-3.071389,-7.588100,-1.755008,0.428332,-2.087080,1.000000
66264.000000,3.000000,585.000061,555.109619,-0.460000,0.263305,-3.000000,-3.095183,-4.629153,-1.482347,0.571096,-2.340421,1.000000
66274.000000,3.000000,585.000061,555.676697,-0.460000,0.251147,-3.000000,-3.119581,-4.551341,-3.550074,0.717487,-1.739093,1.000000
66284.000000,3.000000,585.000061,556.150574,0.060000,0.262464,-3.000000,-3.164041,-4.623771,-1.995078,0.984245,-2.592638,1.000000
66294.000000,3.000000,585.000061,556.430359,0.060000,0.228346,-3.000000,-3.204498,-1.077417,-4.723023,1.226985,-2.389813,1.000000
66304.000000,3.000000,585.000061,556.859802,0.060000,0.214026,-3.000000,-3.247715,-0.985770,-2.065491,1.486291,-2.394045,1.000000
66314.000000,3.000000,585.000061,557.085388,0.060000,0.179066,-3.000000,-3.295102,-0.762021,-3.539761,1.770614,-2.873009,1.000000
66324.000000,3.000000,585.000061,556.878784,0.140000,0.167340,-3.000000,-3.325613,-0.686974,-1.819720,1.953675,-1.968955,1.000000
66334.000000,3.000000,585.000061,557.011230,0.140000,0.157779,-3.000000,-3.362768,-0.113786,-1.997891,2.176610,-2.155819,1.000000
66344.000000,3.000000,585.000061,557.334656,0.140000,0.167382,-3.000000,-3.403306,-0.175245,-0.495089,2.419837,-2.185088,1.000000
66354.000000,3.000000,585.000061,557.726318,0.140000,0.184768,-3.000000,-3.438214,-0.286513,0.270538,2.629284,-1.644826,1.000000
66364.000000,3.000000,585.000061,558.139343,0.140000,0.218520,-3.000000,-3.479760,-0.502530,1.834763,2.878561,-2.925832,1.000000
66374.000000,3.000000,585.000061,558.681763,0.260000,0.263774,-3.000000,-3.500400,-0.792154,2.555687,3.002402,0.009355,1.000000
66384.000000,3.000000,585.000061,559.219055,0.260000,0.336803,-3.000000,-3.533159,-0.491540,4.759270,3.198953,-0.607684,1.000000
66394.000000,3.000000,585.000061,559.802307,0.260000,0.412075,-3.000000,-3.542266,-0.973280,5.307367,3.253597,0.927545,1.000000
66404.000000,3.000000,585.000061,560.153503,0.260000,0.500309,-3.000000,-3.539008,-1.537976,6.924722,3.234050,0.993700,1.000000
66414.000000,3.000000,585.000061,560.540405,0.260000,0.595571,-3.000000,-3.531947,-2.147655,7.490043,3.191681,1.299401,1.000000
66424.000000,3.000000,585.000061,561.317627,0.260000,0.701671,-3.000000,-3.532059,-2.826696,8.439312,3.192355,0.638103,1.000000
66434.000000,3.000000,585.000061,561.962036,0.260000,0.804092,-3.000000,-3.533801,-3.482189,8.513782,3.202805,1.093655,1.000000
66444.000000,3.000000,585.000061,562.977600,0.260000,0.905566,-3.000000,-3.542059,-4.131622,9.039908,3.252357,0.293952,1.000000
66454.000000,3.000000,585.000061,563.999695,0.260000,0.996683,-3.000000,-3.545556,-4.714769,9.095834,3.273336,0.460503,1.000000
66464.000000,3.000000,585.000061,564.818237,0.260000,1.103386,-3.000000,-3.573071,-5.397672,9.170586,3.438426,-0.150042,1.000000
66474.000000,3.000000,585.000061,565.849792,0.260000,1.201374,-3.000000,-3.597514,-6.024794,8.718301,3.585083,0.412543,1.000000
66484.000000,3.000000,585.000061,566.527283,0.260000,1.299933,-3.000000,-3.624161,-6.655572,8.192861,3.744966,-0.186094,1.000000
66494.000000,3.000000,585.000061,566.858154,0.340000,1.404608,-3.000000,-3.663004,-7.325492,7.380785,3.978025,-0.346414,1.000000
66504.000000,3.000000,585.000061,567.464111,0.340000,1.493195,-3.000000,-3.695594,-7.380446,6.350703,4.173562,-0.870244,1.000000
66514.000000,3.000000,585.000061,568.158569,0.340000,1.576560,-3.000000,-3.722073,-7.913985,6.387509,4.332438,-1.009677,1.000000
66524.000000,3.000000,585.000061,568.964050,0.340000,1.650513,-3.000000,-3.747118,-8.387281,5.117485,4.482711,-0.679398,1.000000
66534.000000,3.000000,585.000061,569.919739,0.340000,1.716779,-3.000000,-3.758925,-8.811385,5.127107,4.553551,0.121545,1.000000
66544.000000,3.000000,585.000061,570.840454,0.340000,1.764002,-3.000000,-3.789766,-9.113612,3.211456,4.738594,-1.059884,1.000000
66554.000000,3.000000,585.000061,571.727966,0.340000,1.807020,-3.000000,-3.811769,-9.388930,2.819662,4.870617,-0.152959,1.000000
66564.000000,3.000000,585.000061,572.895508,0.340000,1.818348,-3.000000,-3.831566,-9.461431,0.531160,4.989394,-1.212245,1.000000
66574.000000,3.000000,585.000061,573.850647,0.340000,1.816969,-3.000000,-3.844869,-9.452601,-1.098214,5.069215,-0.309477,1.000000
66584.000000,3.000000,585.000061,575.031738,0.340000,1.801494,-3.000000,-3.859501,-9.353565,-2.480921,5.157007,-1.058814,1.000000
66594.000000,3.000000,585.000061,576.007263,0.340000,1.767916,-3.000000,-3.872420,-9.138664,-4.308274,5.234519,-0.681913,1.000000
66604.000000,3.000000,585.000061,576.874939,0.340000,1.735714,-3.000000,-3.892077,-8.932568,-4.334936,5.352460,-1.444221,1.000000
66614.000000,3.000000,585.000061,577.639221,0.340000,1.679958,-3.000000,-3.913465,-8.575731,-6.424481,5.480793,-2.146441,1.000000
66624.000000,3.000000,585.000061,578.204590,0.340000,1.633532,-3.000000,-3.943965,-8.278608,-4.986461,5.663790,-2.328835,1.000000
66634.000000,3.000000,585.000061,578.798706,0.340000,1.585140,-3.000000,-3.996672,-7.968899,-4.943951,5.980030,-3.607679,1.000000
66644.000000,3.000000,585.000061,579.885437,0.340000,1.535841,-3.000000,-4.043798,-7.653381,-4.938969,6.262791,-3.143371,1.000000
66654.000000,3.000000,586.500061,581.157471,0.340000,1.499157,-3.000000,-4.105098,-7.418603,-3.241365,6.630587,-5.266903,1.000000
66664.000000,3.000000,586.800049,581.995422,0.340000,1.467445,-3.000000,-4.163437,-7.215652,-3.697953,6.980624,-4.755638,1.000000
66674.000000,3.000000,586.800049,582.378174,0.340000,1.460345,-3.000000,-4.231120,-7.170209,-1.988149,7.386718,-5.465269,1.000000
66684.000000,3.000000,586.800049,582.751709,0.340000,1.454406,-3.000000,-4.288094,-7.132200,-2.836280,7.728564,-4.777275,1.000000
66694.000000,3.000000,586.800049,583.040344,0.340000,1.446764,-3.000000,-4.341280,-7.083287,-1.187192,8.047683,-5.042437,1.000000
66704.000000,3.000000,586.800049,583.665222,0.340000,1.452655,-3.000000,-4.402065,-7.120992,-1.291177,8.412392,-4.955105,1.000000
66714.000000,3.000000,586.800049,585.059204,0.340000,1.477066,-3.000000,-4.447103,-7.277224,-0.164123,8.682618,-3.650070,1.000000
66724.000000,3.000000,586.800049,586.198486,0.340000,1.481498,-3.000000,-4.491971,-7.305587,-1.287731,8.951823,-4.817345,1.000000
66734.000000,3.000000,585.300049,587.037231,0.340000,1.481149,-3.000000,-4.514297,-7.303356,0.316542,9.085785,-2.743229,1.000000
66744.000000,3.000000,585.000061,587.586182,0.340000,1.479823,-3.000000,-4.550967,-7.294868,-0.393441,9.305803,-3.214243,1.000000
66754.000000,3.000000,585.000061,588.266907,0.340000,1.482681,-3.000000,-4.584575,-7.313159,0.311782,9.507451,-2.015365,1.000000
66764.000000,3.000000,585.000061,588.879578,0.340000,1.495579,-3.000000,-4.630347,-7.395708,0.540447,9.782084,-2.534831,1.000000
66774.000000,3.000000,585.000061,589.495911,0.340000,1.492010,-3.000000,-4.666420,-7.372863,0.138527,9.998517,-1.196997,1.000000
66784.000000,3.000000,585.000061,589.864990,0.340000,1.512255,-3.000000,-4.700231,-7.502432,3.086043,10.201384,-0.958601,1.000000
66794.000000,3.000000,585.000061,590.058350,-0.140000,1.497106,-2.600000,-4.736289,-7.405479,-0.011986,10.417734,-1.250923,1.000000
66804.000000,3.000000,585.000061,590.475464,-0.140000,1.521322,-2.480000,-4.767760,-10.632461,4.345644,13.006559,-0.249210,1.000000
66814.000000,3.000000,585.000061,590.676758,-1.020000,1.535277,-2.000000,-4.796504,-10.721774,1.128332,13.899024,-0.352024,1.000000
66824.000000,3.000000,585.000061,590.512512,-1.020000,1.595121,-2.000000,-4.801129,-16.736774,5.063959,16.806774,0.829150,1.000000
66834.000000,3.000000,585.000061,590.366394,-1.500000,1.658771,-2.000000,-4.796257,-17.144135,2.683531,16.777546,1.436212,1.000000
66844.000000,3.000000,585.000061,590.344177,-1.500000,1.714039,-1.920000,-4.764530,-20.569853,3.184169,16.587181,3.311369,1.000000
66854.000000,3.000000,586.500061,590.290039,-1.500000,1.777190,-1.920000,-4.722262,-20.974020,2.846442,16.813574,3.101521,1.000000
66864.000000,3.000000,586.800049,590.098022,-1.500000,1.789710,-1.920000,-4.666321,-21.054144,-1.995276,16.477924,5.142241,1.000000
66874.000000,3.000000,585.300049,590.063965,-1.500000,1.826421,-1.800000,-4.605081,-21.289093,1.795680,16.110483,5.565067,1.000000
66884.000000,3.000000,585.000061,589.959717,-1.500000,1.790722,-1.800000,-4.541128,-21.060623,-6.195069,16.446766,7.227137,1.000000
66894.000000,3.000000,585.000061,590.417175,-1.820000,1.782038,-1.800000,-4.474711,-21.005047,-3.065619,16.048264,7.425808,1.000000
66904.000000,3.000000,585.000061,590.644653,-1.820000,1.727110,-1.800000,-4.398422,-22.701506,-8.296652,15.590532,8.064642,1.000000
66914.000000,3.000000,585.000061,591.206299,-2.380000,1.671784,-1.800000,-4.336134,-22.347418,-7.143952,15.216803,7.864932,1.000000
66924.000000,3.000000,585.000061,591.216248,-2.380000,1.603463,-1.800000,-4.281892,-25.494162,-9.880121,14.891353,7.686259,1.000000
66934.000000,3.000000,585.000061,591.139282,-2.380000,1.503966,-1.800000,-4.221363,-24.857382,-9.151608,14.528177,7.581252,1.000000
66944.000000,3.000000,585.000061,591.032043,-2.380000,1.431623,-1.800000,-4.173350,-24.394388,-9.575596,14.240098,6.347415,1.000000
66954.000000,3.000000,585.000061,590.700989,-2.980000,1.308892,-1.800000,-4.125180,-23.608913,-15.174382,13.951080,6.537716,1.000000
66964.000000,3.000000,586.500061,589.857971,-3.100000,1.183171,-1.800000,-4.095762,-26.644297,-13.231394,13.774570,4.267678,1.000000
66974.000000,3.000000,586.800049,589.521118,-3.580000,1.019349,-1.720000,-4.057876,-26.363831,-17.278759,13.547256,4.289778,1.000000
66984.000000,3.000000,586.800049,589.482971,-3.580000,0.865734,-1.720000,-4.022045,-28.452698,-16.210381,13.812271,3.845089,1.000000
66994.000000,3.000000,586.800049,589.250610,-3.580000,0.695567,-1.040000,-3.980263,-27.363626,-18.577477,13.561577,3.245933,1.000000
67004.000000,3.000000,586.800049,588.891357,-3.660000,0.523998,-1.040000,-3.943180,-26.265589,-18.152723,17.419081,2.769632,1.000000
67014.000000,3.000000,586.800049,588.454590,-3.660000,0.353731,-1.040000,-3.905048,-25.687876,-19.572956,17.190289,2.430457,1.000000
67024.000000,3.000000,586.800049,588.176880,-3.660000,0.188567,-1.040000,-3.892181,-24.630829,-19.714840,17.113089,1.646396,1.000000
67034.000000,3.000000,586.800049,588.067078,-4.340000,0.002002,-1.040000,-3.882294,-23.436810,-21.319031,17.053762,2.413214,1.000000
67044.000000,3.000000,586.800049,588.021179,-4.340000,-0.181729,-1.040000,-3.869740,-26.612940,-20.476547,16.978437,2.314602,1.000000
67054.000000,3.000000,586.800049,587.933105,-4.340000,-0.370960,-1.040000,-3.863778,-25.401855,-21.423952,16.942665,1.424758,1.000000
67064.000000,3.000000,586.800049,588.218506,-4.340000,-0.564915,-1.040000,-3.840444,-24.160543,-21.105400,16.802666,2.899377,1.000000
67074.000000,3.000000,586.800049,588.346191,-5.220000,-0.757677,-0.440000,-3.828212,-22.926868,-21.502918,16.729271,2.137714,1.000000
67084.000000,3.000000,586.800049,588.090576,-5.820000,-0.970425,-0.440000,-3.798352,-27.197281,-22.274569,20.150112,4.027182,1.000000
67094.000000,3.000000,586.800049,587.442688,-5.820000,-1.175645,0.440000,-3.766416,-29.723871,-22.043818,19.958494,3.170625,1.000000
67104.000000,3.000000,586.800049,586.982544,-5.820000,-1.395910,0.440000,-3.722336,-28.314173,-23.041315,24.974012,3.779370,1.000000
67114.000000,3.000000,585.300049,586.575378,-6.380000,-1.581805,0.440000,-3.662237,-27.124449,-20.625656,24.613420,5.626355,1.000000
67124.000000,3.000000,585.000061,586.215698,-6.500000,-1.810621,0.520000,-3.600380,-29.244032,-25.330341,24.242277,5.693449,1.000000
67134.000000,3.000000,585.000061,585.872131,-6.500000,-2.019208,1.120000,-3.516373,-28.677067,-21.744371,24.218239,7.624755,1.000000
67144.000000,3.000000,585.000061,584.917908,-6.500000,-2.255791,1.120000,-3.435873,-27.162933,-25.804436,27.335238,8.453597,1.000000
67154.000000,3.000000,585.000061,584.287903,-7.260000,-2.491279,1.120000,-3.337155,-25.655811,-24.079845,26.742931,11.023018,1.000000
67164.000000,3.000000,585.000061,583.459412,-7.260000,-2.727994,1.120000,-3.233600,-29.004835,-25.821203,26.121603,11.714267,1.000000
67174.000000,3.000000,585.000061,582.641296,-7.260000,-2.984360,1.120000,-3.120634,-27.364094,-25.712301,25.443804,12.860029,1.000000
67184.000000,3.000000,585.000061,581.989441,-7.260000,-3.225111,1.120000,-2.988086,-25.823292,-24.626734,24.648514,13.894423,1.000000
67194.000000,3.000000,585.000061,581.452026,-7.260000,-3.511951,1.120000,-2.845375,-23.987511,-27.931841,23.792248,15.075531,1.000000
67204.000000,3.000000,586.500061,581.040894,-7.260000,-3.748578,1.120000,-2.696892,-22.473101,-23.484989,22.901352,14.489909,1.000000
67214.000000,3.000000,585.000061,580.462708,-7.260000,-4.033807,1.120000,-2.547075,-20.647633,-28.481441,22.002451,15.338123,1.000000
67224.000000,3.000000,585.000061,580.327087,-7.260000,-4.255157,1.120000,-2.392383,-19.230991,-21.155491,21.074299,15.084682,1.000000
67234.000000,3.000000,585.000061,580.670532,-7.260000,-4.488674,1.120000,-2.243246,-17.736485,-23.533615,20.179476,14.686204,1.000000
67244.000000,3.000000,585.000061,579.744385,-7.260000,-4.691374,1.120000,-2.095662,-16.439207,-19.153915,19.293970,14.351090,1.000000
67254.000000,3.000000,585.000061,579.600098,-7.260000,-4.872535,1.120000,-1.958933,-15.279773,-18.733681,18.473598,13.437243,1.000000
67264.000000,3.000000,585.000061,579.773376,-7.260000,-5.051360,1.120000,-1.817161,-14.135297,-17.784792,17.622965,14.147210,1.000000
67274.000000,3.000000,585.000061,579.707520,-7.260000,-5.153711,1.120000,-1.690980,-13.480247,-11.387722,16.865879,11.927185,1.000000
67284.000000,3.000000,585.000061,579.055115,-7.260000,-5.292908,1.720000,-1.560242,-12.589386,-13.954857,16.081451,12.988296,1.000000
67294.000000,3.000000,585.000061,578.189087,-7.260000,-5.336605,1.720000,-1.442077,-12.309730,-5.790937,18.972458,11.595585,1.000000
67304.000000,3.000000,585.000061,577.668457,-7.260000,-5.408028,1.720000,-1.332829,-11.852622,-10.243979,18.316975,11.316701,1.000000
67314.000000,3.000000,585.000061,577.413513,-7.260000,-5.424051,1.720000,-1.221004,-11.750073,-5.004055,17.646027,11.254918,1.000000
67324.000000,3.000000,585.000061,577.134827,-7.260000,-5.450238,1.800000,-1.132762,-11.582477,-7.198357,17.116571,9.708119,1.000000
67334.000000,3.000000,585.000061,576.714722,-7.260000,-5.453306,1.800000,-1.049830,-11.562839,-3.102084,17.098980,9.971167,1.000000
67344.000000,3.000000,585.000061,576.033203,-7.260000,-5.461280,1.800000,-0.982517,-11.511807,-5.027673,16.695099,8.307925,1.000000
67354.000000,3.000000,585.000061,574.948853,-7.780000,-5.483427,2.400000,-0.901013,-11.370066,-1.766663,16.206078,9.069794,1.000000
67364.000000,3.000000,585.000061,574.482666,-7.780000,-5.457129,2.400000,-0.823128,-14.866373,-0.761150,19.338766,8.717294,1.000000
67374.000000,3.000000,585.000061,573.489990,-7.780000,-5.481217,2.400000,-0.763319,-14.712207,-3.346737,18.979916,7.523035,1.000000
67384.000000,3.000000,585.000061,571.940430,-7.780000,-5.480222,2.400000,-0.701431,-14.718579,-0.926005,18.608585,8.678999,1.000000
67394.000000,3.000000,585.000061,570.165588,-7.780000,-5.484676,2.400000,-0.659811,-14.690070,-3.516543,18.358864,8.639830,1.000000
67404.000000,3.000000,585.000061,568.421936,-7.860000,-5.436148,2.400000,-0.625568,-15.000653,-1.360224,18.153412,9.241138,1.000000
67414.000000,3.000000,585.000061,567.140503,-7.860000,-5.414285,2.400000,-0.577022,-15.652573,-4.923841,17.862129,10.066096,1.000000
67424.000000,3.000000,585.000061,565.765137,-7.860000,-5.383745,2.400000,-0.508529,-15.848032,-3.690655,17.451178,11.196453,1.000000
67434.000000,3.000000,585.000061,564.214661,-7.860000,-5.360414,2.400000,-0.413390,-15.997352,-9.017974,16.880337,11.292949,1.000000
67444.000000,3.000000,585.000061,562.765442,-7.860000,-5.354032,2.400000,-0.307304,-16.038197,-5.978847,16.243826,12.051137,1.000000
67454.000000,3.000000,585.000061,562.713562,-7.860000,-5.378854,2.400000,-0.202188,-15.879333,-8.671479,15.613129,10.857805,1.000000
67464.000000,3.000000,585.000061,562.572510,-7.860000,-5.418711,2.400000,-0.081304,-15.624249,-8.117449,14.887822,12.570520,1.000000
67474.000000,3.000000,585.000061,562.494934,-7.860000,-5.439146,2.400000,0.020423,-15.493466,-8.744985,14.277460,12.383588,1.000000
67484.000000,3.000000,585.000061,562.441162,-7.860000,-5.460663,2.280000,0.102463,-15.355753,-9.599792,13.785224,11.910686,1.000000
67494.000000,3.000000,585.000061,562.205627,-7.860000,-5.478359,2.400000,0.185803,-15.242499,-9.480241,12.565182,12.254436,1.000000
67504.000000,3.000000,585.000061,561.555847,-7.860000,-5.515559,2.400000,0.267725,-15.004419,-9.767707,12.793651,11.401685,1.000000
67514.000000,3.000000,585.000061,560.855286,-7.860000,-5.552827,2.280000,0.363957,-14.765903,-8.581340,12.216261,11.235008,1.000000
67524.000000,3.000000,585.000061,559.854370,-7.860000,-5.614029,2.280000,0.462852,-14.374213,-9.874367,10.902885,10.268915,1.000000
67534.000000,3.000000,585.000061,559.219482,-7.860000,-5.653459,2.280000,0.566194,-14.121863,-7.843428,10.282833,10.271171,1.000000
67544.000000,3.000000,585.000061,558.491150,-7.860000,-5.694705,2.280000,0.653236,-13.857886,-8.859488,9.760584,8.166153,1.000000
67554.000000,3.000000,585.000061,557.939270,-7.860000,-5.728876,2.280000,0.739473,-13.639191,-7.568829,9.243161,7.860406,1.000000
67564.000000,3.000000,585.000061,557.526001,-7.860000,-5.748841,2.280000,0.806014,-13.511414,-6.139757,8.843914,6.536486,1.000000
67574.000000,3.000000,585.000061,557.498352,-7.860000,-5.774433,2.280000,0.860409,-13.347629,-5.611368,8.517542,5.854558,1.000000
67584.000000,3.000000,585.000061,557.447449,-7.860000,-5.777974,2.280000,0.885266,-13.324966,-4.417811,8.368401,5.002593,1.000000
67594.000000,3.000000,585.000061,557.318237,-7.860000,-5.769305,2.280000,0.891755,-13.380447,-3.615162,8.329470,4.373532,1.000000
67604.000000,3.000000,585.000061,556.915100,-7.860000,-5.744622,2.280000,0.882619,-13.538416,-3.294649,8.384283,4.009997,1.000000
67614.000000,3.000000,585.000061,556.453186,-7.940000,-5.699576,2.400000,0.868641,-13.826713,-2.234418,8.468153,3.458488,1.000000
67624.000000,3.000000,585.000061,556.028320,-7.940000,-5.655833,2.400000,0.856883,-14.618670,-2.106849,9.258705,2.630352,1.000000
67634.000000,3.000000,585.000061,555.846069,-7.940000,-5.607429,2.280000,0.862386,-14.928458,-1.029804,9.225683,3.375367,1.000000
67644.000000,3.000000,585.000061,555.647949,-7.940000,-5.547630,2.400000,0.849283,-15.311167,-0.885263,8.584297,2.040838,1.000000
67654.000000,3.000000,585.000061,555.697632,-7.940000,-5.496357,2.400000,0.837742,-15.639316,-0.868262,9.373550,1.909261,1.000000
67664.000000,3.000000,585.000061,555.325073,-7.940000,-5.446890,2.400000,0.824253,-15.955905,-0.477915,9.454483,1.793719,1.000000
67674.000000,3.000000,585.000061,555.205383,-7.940000,-5.406766,2.400000,0.811779,-16.212698,-0.173733,9.529325,1.392239,1.000000
67684.000000,3.000000,585.000061,555.460205,-7.940000,-5.353724,2.400000,0.802605,-16.552170,0.232818,9.584373,1.906888,1.000000
67694.000000,3.000000,585.000061,556.009583,-7.940000,-5.293549,2.400000,0.789720,-16.937290,0.919422,9.661682,1.525199,1.000000
67704.000000,3.000000,585.000061,556.526123,-7.940000,-5.225092,2.400000,0.773503,-17.375412,1.018337,9.758986,1.009843,1.000000
67714.000000,3.000000,585.000061,557.067383,-7.940000,-5.182054,2.400000,0.770196,-17.650858,0.523501,9.778827,1.360008,1.000000
67724.000000,3.000000,585.000061,557.557129,-7.940000,-5.129297,2.400000,0.747391,-17.988501,1.294018,9.915655,0.062028,1.000000
67734.000000,3.000000,585.000061,557.856018,-7.940000,-5.081625,2.400000,0.730241,-18.293598,1.117237,10.018555,0.479862,1.000000
67744.000000,3.000000,585.000061,558.117554,-7.940000,-5.003244,2.400000,0.707488,-18.795240,1.675366,10.155073,-0.028118,1.000000
67754.000000,3.000000,585.000061,558.514954,-7.940000,-4.937554,2.400000,0.674873,-19.215652,0.486282,10.350763,-0.013947,1.000000
67764.000000,3.000000,585.000061,558.208313,-7.940000,-4.863919,2.400000,0.646209,-19.686918,1.073711,10.522748,0.488187,1.000000
67774.000000,3.000000,585.000061,558.294312,-8.059999,-4.866236,2.400000,0.630933,-19.672092,-3.617109,10.614401,1.044615,1.000000
67784.000000,3.000000,585.000061,558.395996,-8.059999,-4.852187,2.400000,0.620923,-20.529999,-1.856354,10.674464,1.852278,1.000000
67794.000000,3.000000,585.000061,558.484009,-8.059999,-4.880563,2.400000,0.616531,-20.348394,-5.994059,10.700812,2.670374,1.000000
67804.000000,3.000000,585.000061,558.274658,-8.059999,-4.881073,2.480000,0.619604,-20.345133,-5.642014,10.682379,3.488146,1.000000
67814.000000,3.000000,585.000061,558.037231,-8.059999,-4.908175,2.480000,0.627225,-20.171675,-8.917830,11.116648,4.099207,1.000000
67824.000000,3.000000,585.000061,558.007629,-8.059999,-4.927127,2.480000,0.651890,-20.050385,-9.298682,10.968662,5.451847,1.000000
67834.000000,3.000000,585.000061,557.987915,-8.059999,-4.984623,2.480000,0.680567,-19.682409,-13.308019,10.796598,5.813242,1.000000
67844.000000,3.000000,585.000061,557.577881,-8.059999,-5.059450,2.480000,0.729921,-19.203516,-11.395321,10.500473,6.618932,1.000000
67854.000000,3.000000,585.000061,557.328796,-8.139999,-5.180058,2.480000,0.794905,-18.431629,-15.632983,10.110572,6.976542,1.000000
67864.000000,3.000000,585.000061,556.204590,-8.139999,-5.299498,2.480000,0.858313,-18.179209,-13.670418,9.730122,7.019219,1.000000
67874.000000,3.000000,585.000061,555.548035,-8.139999,-5.419127,2.480000,0.930342,-17.413580,-14.554744,9.297949,7.798162,1.000000
67884.000000,3.000000,585.000061,556.026367,-8.139999,-5.518208,2.480000,0.992878,-16.779465,-14.133767,8.922731,7.038584,1.000000
67894.000000,3.000000,585.000061,556.370300,-8.139999,-5.608713,2.480000,1.050967,-16.200235,-14.148502,8.574200,6.228936,1.000000
67904.000000,3.000000,585.000061,556.478210,-8.139999,-5.699356,2.480000,1.109784,-15.620120,-13.582145,8.221297,5.127542,1.000000
67914.000000,3.000000,586.500061,556.574280,-8.139999,-5.784111,2.480000,1.151147,-15.077682,-13.004522,7.973120,3.348444,1.000000
67924.000000,3.000000,585.000061,557.392700,-8.139999,-5.864699,2.480000,1.163468,-14.561923,-12.266722,7.899194,2.111068,1.000000
67934.000000,3.000000,585.000061,558.111328,-8.139999,-5.945210,2.480000,1.156502,-14.046653,-11.070191,7.940987,0.555828,1.000000
67944.000000,3.000000,585.000061,558.556152,-8.139999,-6.026356,2.480000,1.122910,-13.527320,-9.032941,8.142542,-1.040717,1.000000
67954.000000,3.000000,585.000061,558.754456,-8.139999,-6.068138,2.480000,1.085055,-13.259915,-7.035113,8.369668,-1.915255,1.000000
67964.000000,3.000000,585.000061,557.438538,-8.139999,-6.075175,2.480000,1.039020,-13.214877,-5.684389,8.645882,-3.563695,1.000000
67974.000000,3.000000,585.000061,557.655273,-8.139999,-6.070405,2.480000,0.988565,-13.245407,-4.605352,8.948610,-4.923968,1.000000
67984.000000,3.000000,585.000061,557.634155,-8.139999,-6.053126,2.480000,0.931353,-13.355988,-2.243081,9.291882,-6.000638,1.000000
67994.000000,3.000000,585.000061,558.204285,-8.139999,-6.019825,2.480000,0.863115,-13.569119,-0.452433,9.701309,-6.984094,1.000000
68004.000000,3.000000,585.000061,558.473633,-8.139999,-5.970576,2.480000,0.778081,-13.884308,1.237605,10.211514,-7.687418,1.000000
68014.000000,3.000000,585.000061,558.239929,-8.139999,-5.910980,2.480000,0.662985,-14.265726,2.446738,10.902088,-9.493469,1.000000
68024.000000,3.000000,585.000061,557.737793,-8.139999,-5.835474,2.480000,0.541443,-14.748962,3.482844,11.631340,-9.722862,1.000000
68034.000000,3.000000,585.000061,557.523071,-8.260000,-5.743943,2.480000,0.408384,-15.334763,4.413391,12.429697,-10.546275,1.000000
68044.000000,3.000000,585.000061,557.009338,-8.260000,-5.656568,2.480000,0.285768,-16.661970,4.567129,13.165389,-10.454524,1.000000
68054.000000,3.000000,585.000061,556.378906,-8.139999,-5.550347,2.480000,0.181025,-17.341780,5.819962,13.793852,-10.049467,1.000000
68064.000000,3.000000,585.000061,555.878601,-8.139999,-5.457292,2.480000,0.084414,-17.169327,4.314451,14.373513,-9.814193,1.000000
68074.000000,3.000000,585.000061,556.117676,-7.580000,-5.338292,1.880000,-0.008707,-17.930927,5.017194,14.932240,-8.968314,1.000000
68084.000000,3.000000,585.000061,556.201782,-6.580000,-5.243194,1.320000,-0.086668,-14.955561,2.469954,11.800010,-7.553232,1.000000
68094.000000,3.000000,585.000061,556.140930,-5.620000,-5.131646,1.320000,-0.156574,-9.269467,4.084509,8.859440,-5.977296,1.000000
68104.000000,3.000000,585.000061,555.800842,-5.620000,-5.049780,1.320000,-0.211114,-3.649408,1.538540,9.186685,-5.034623,1.000000
68114.000000,3.000000,585.000061,554.254761,-3.660000,-4.950398,-0.440000,-0.256681,-4.285450,3.421511,9.460084,-4.040672,1.000000
68124.000000,3.000000,586.500061,554.062622,-2.380000,-4.870674,-1.120000,-0.300536,7.748312,2.559982,-0.836787,-3.592764,1.000000
68134.000000,3.000000,586.800049,554.240723,-1.500000,-4.771001,-2.200000,-0.336711,15.302408,6.083011,-4.699735,-3.298696,1.000000
68144.000000,3.000000,586.800049,554.998779,-1.500000,-4.669793,-2.200000,-0.383566,20.286676,7.204954,-10.898605,-4.824024,1.000000
68154.000000,3.000000,586.800049,555.326965,-0.060000,-4.533962,-2.880000,-0.439041,19.417356,11.285026,-10.565753,-6.017175,1.000000
68164.000000,3.000000,586.800049,554.008606,-0.060000,-4.391395,-2.880000,-0.513021,27.720926,13.533399,-14.201875,-8.184679,1.000000
68174.000000,3.000000,586.800049,552.619690,0.420000,-4.195489,-2.880000,-0.607624,26.467133,18.411734,-13.634254,-10.708598,1.000000
68184.000000,3.000000,586.800049,552.490906,0.420000,-3.984853,-2.880000,-0.722387,28.191061,20.770912,-12.945677,-13.489416,1.000000
68194.000000,3.000000,586.800049,552.051208,0.420000,-3.718264,-2.880000,-0.866263,26.484888,25.421551,-12.082420,-16.163412,1.000000
68204.000000,3.000000,586.800049,551.625488,0.420000,-3.438199,-2.880000,-1.033631,24.692474,27.804464,-11.078217,-18.633514,1.000000
68214.000000,3.000000,586.800049,550.715454,0.420000,-3.122681,-2.880000,-1.216396,22.673161,30.484991,-9.981624,-19.862026,1.000000
68224.000000,3.000000,586.800049,550.364197,0.420000,-2.796948,-2.880000,-1.423550,20.588469,32.841457,-8.738703,-22.058344,1.000000
68234.000000,3.000000,586.800049,549.456116,0.420000,-2.456671,-3.000000,-1.640512,18.410696,34.157997,-7.436932,-22.990519,1.000000
68244.000000,3.000000,586.800049,549.204468,0.420000,-2.109870,-3.000000,-1.881685,16.191168,35.333889,-6.709891,-24.392569,1.000000
68254.000000,3.000000,586.800049,548.311584,0.420000,-1.754052,-3.000000,-2.129367,13.913930,35.011433,-5.223796,-25.845690,1.000000
68264.000000,3.000000,586.800049,547.389709,0.420000,-1.386289,-3.000000,-2.388052,11.560248,37.812122,-3.671688,-25.475006,1.000000
68274.000000,3.000000,586.800049,544.509888,0.420000,-1.012001,-3.000000,-2.643361,9.164809,37.362904,-2.139836,-26.027390,1.000000
68284.000000,3.000000,586.800049,544.239563,0.420000,-0.630640,-3.000000,-2.897024,6.724094,38.214256,-0.617854,-25.321299,1.000000
68294.000000,3.000000,586.800049,543.387268,0.420000,-0.253847,-3.000000,-3.152456,4.312621,37.046982,0.914735,-24.988457,1.000000
68304.000000,3.000000,586.800049,542.982971,0.420000,0.116348,-3.000000,-3.389062,1.943373,37.034340,2.334374,-22.752283,1.000000
68314.000000,3.000000,585.300049,542.153687,0.420000,0.482677,-3.000000,-3.615171,-0.401136,35.744331,3.691024,-22.000805,1.000000
68324.000000,3.000000,585.000061,541.138733,0.420000,0.829316,-3.000000,-3.828926,-2.619625,34.085667,4.973554,-21.169336,1.000000
68334.000000,3.000000,585.000061,539.873352,0.420000,1.161923,-3.000000,-4.030930,-4.748307,31.359684,6.185580,-19.321693,1.000000
68344.000000,3.000000,585.000061,538.555359,0.420000,1.467427,-3.000000,-4.216270,-6.703533,29.819103,7.297620,-18.382126,1.000000
68354.000000,3.000000,586.500061,537.847656,0.420000,1.766562,-3.000000,-4.394570,-8.617999,28.149408,8.367419,-18.209139,1.000000
68364.000000,3.000000,586.800049,537.297363,0.420000,2.029934,-3.000000,-4.572550,-10.303577,25.469366,9.435302,-17.143936,1.000000
68374.000000,3.000000,586.800049,537.279602,0.420000,2.295413,-3.000000,-4.733704,-12.002643,24.741642,10.402225,-15.779449,1.000000
68384.000000,3.000000,586.800049,536.611206,0.420000,2.522960,-3.000000,-4.883583,-13.458945,21.926352,11.301496,-15.052666,1.000000
68394.000000,3.000000,586.800049,536.601440,0.420000,2.749217,-3.000000,-5.039328,-14.906992,21.275064,12.235966,-15.135031,1.000000
68404.000000,3.000000,586.800049,536.483276,0.420000,2.954885,-3.000000,-5.171922,-16.223265,19.597561,13.031533,-13.638433,1.000000
68414.000000,3.000000,585.300049,536.518494,0.420000,3.154547,-3.000000,-5.301163,-17.501104,18.559587,13.806976,-12.624241,1.000000
68424.000000,3.000000,585.000061,536.879089,0.420000,3.345931,-3.000000,-5.420658,-18.725956,18.870548,14.523949,-12.111518,1.000000
68434.000000,3.000000,585.000061,537.430969,0.420000,3.539786,-3.000000,-5.526466,-19.966633,18.101849,15.158795,-11.404282,1.000000
68444.000000,3.000000,586.500061,537.691101,0.420000,3.717077,-3.000000,-5.638082,-21.101294,17.687323,15.828489,-11.851507,1.000000
68454.000000,3.000000,586.800049,537.846069,0.420000,3.902576,-3.000000,-5.731897,-22.288486,17.950077,16.391384,-10.780584,1.000000
68464.000000,3.000000,586.800049,538.151550,0.420000,4.071790,-3.000000,-5.823765,-23.371454,16.976284,16.942593,-10.113940,1.000000
68474.000000,3.000000,586.800049,538.896790,0.420000,4.244327,-3.000000,-5.917602,-24.475693,16.642548,17.505611,-10.161502,1.000000
68484.000000,3.000000,586.800049,539.503845,0.420000,4.400185,-3.000000,-5.989045,-25.473181,15.379512,17.934271,-8.530104,1.000000
68494.000000,3.000000,586.800049,540.731018,0.420000,4.547403,-3.000000,-6.048972,-26.415379,13.237587,18.293831,-8.658225,1.000000
68504.000000,3.000000,586.800049,541.534119,0.420000,4.686767,-3.000000,-6.092679,-27.307310,13.274606,18.556074,-7.114404,1.000000
68514.000000,3.000000,586.800049,542.394226,0.420000,4.808164,-3.000000,-6.123596,-28.084248,12.123367,18.741577,-5.975131,1.000000
68524.000000,3.000000,586.800049,543.075989,0.420000,4.909835,-3.000000,-6.131353,-28.734943,11.895403,18.788120,-3.881810,1.000000
68534.000000,3.000000,586.800049,543.814758,0.420000,5.004590,-3.000000,-6.124316,-29.341373,12.112543,18.745897,-2.770956,1.000000
68544.000000,3.000000,586.800049,544.665955,0.420000,5.099574,-3.000000,-6.080042,-29.949274,12.595209,18.480255,0.507465,1.000000
68554.000000,3.000000,586.800049,545.390625,0.420000,5.198867,-3.000000,-6.021497,-30.584747,12.500281,18.128983,1.580827,1.000000
68564.000000,3.000000,586.800049,545.904663,0.420000,5.285808,-3.000000,-5.944194,-31.141169,12.505506,17.665163,2.310623,1.000000
68574.000000,3.000000,586.800049,546.231628,0.420000,5.380089,-3.000000,-5.878251,-31.744572,11.820176,17.269506,3.492465,1.000000
68584.000000,3.000000,586.800049,546.948303,0.420000,5.491556,-3.000000,-5.825671,-32.457958,11.371440,16.954027,3.702748,1.000000
68594.000000,3.000000,586.800049,548.113647,0.420000,5.589531,-3.000000,-5.758952,-33.084999,12.421027,16.553711,3.777136,1.000000
68604.000000,3.000000,586.800049,549.474365,0.420000,5.655369,-3.000000,-5.649275,-33.506363,11.880106,15.895652,4.388055,1.000000
68614.000000,3.000000,586.800049,551.164368,0.540000,5.684469,-3.000000,-5.582023,-33.692600,10.665783,15.492136,2.539519,1.000000
68624.000000,3.000000,586.800049,552.910583,0.540000,5.717976,-3.000000,-5.497564,-33.139050,10.996242,14.985383,4.043647,1.000000
68634.000000,3.000000,586.800049,554.732361,1.140000,5.754599,-3.000000,-5.428920,-33.373436,8.471988,14.573522,4.041804,1.000000
68644.000000,3.000000,586.800049,556.597046,1.620000,5.842637,-3.000000,-5.365626,-30.096878,9.470030,14.193755,4.288359,1.000000
68654.000000,3.000000,586.800049,559.059753,1.700000,5.896948,-3.000000,-5.293622,-27.372467,7.213244,13.761729,4.874619,1.000000
68664.000000,3.000000,586.800049,561.741882,1.700000,5.982790,-3.000000,-5.207171,-27.409855,8.523466,13.243026,5.170883,1.000000
68674.000000,3.000000,586.800049,564.323975,2.780000,6.006712,-3.000000,-5.140164,-27.562962,3.140930,12.840983,4.366952,1.000000
68684.000000,3.000000,586.800049,566.458313,3.860000,5.977686,-3.000000,-5.073949,-20.465195,6.122747,12.443696,5.511549,1.000000
68694.000000,3.000000,586.800049,568.860168,3.860000,5.943627,-3.000000,-5.008762,-13.335215,4.813575,12.052571,5.244936,1.000000
68704.000000,3.000000,586.800049,571.519226,3.860000,5.931196,-3.000000,-4.935232,-13.255655,7.577808,11.611393,6.053668,1.000000
68714.000000,3.000000,586.800049,573.984009,4.740000,5.966053,-3.000000,-4.853979,-13.478745,9.545172,11.123872,6.246424,1.000000
68724.000000,3.000000,586.800049,576.067505,5.540000,6.032030,-3.000000,-4.767974,-8.268991,10.979562,10.607843,6.311979,1.000000
68734.000000,3.000000,586.800049,578.212341,5.540000,6.106607,-3.000000,-4.656080,-3.626288,14.213424,9.936481,6.438381,1.000000
68744.000000,3.000000,586.800049,580.744385,5.540000,6.239936,-3.000000,-4.525723,-4.479590,16.999180,9.154341,8.211557,1.000000
68754.000000,3.000000,586.800049,583.313538,6.300000,6.382833,-3.680000,-4.422389,-5.394135,17.833849,8.534331,5.517680,1.000000
68764.000000,3.000000,585.300049,585.752136,6.300000,6.533227,-3.680000,-4.311379,-1.492658,20.336359,3.788276,7.010775,1.000000
68774.000000,3.000000,585.000061,588.144958,7.380000,6.670192,-4.440000,-4.214638,-2.369232,22.066002,3.207829,6.119498,1.000000
68784.000000,3.000000,585.000061,590.122986,7.380000,6.832176,-4.440000,-4.124511,3.506073,22.706440,-1.892936,5.191513,1.000000
68794.000000,3.000000,586.500061,592.156250,7.860000,7.029659,-4.560000,-4.064522,2.242184,24.942425,-2.252870,2.726966,1.000000
68804.000000,3.000000,586.800049,594.237244,7.860000,7.256550,-4.560000,-4.024888,3.862076,26.694174,-3.210674,1.694278,1.000000
68814.000000,3.000000,586.800049,596.237061,7.980000,7.503911,-4.560000,-4.003406,2.278967,28.241194,-3.339563,0.531927,1.000000
68824.000000,3.000000,586.800049,598.323914,7.980000,7.752349,-4.560000,-4.008864,1.456964,27.253763,-3.306816,-3.604970,1.000000
68834.000000,3.000000,586.800049,600.277893,7.980000,8.021898,-4.560000,-4.024056,-0.268152,28.165747,-3.215661,-4.848653,1.000000
68844.000000,3.000000,586.800049,602.552734,8.460000,8.277358,-4.640000,-4.058739,-1.903095,28.341393,-3.007565,-6.528871,1.000000
68854.000000,3.000000,586.800049,604.459290,8.460000,8.553162,-4.640000,-4.112466,-0.596234,28.400469,-3.165201,-8.421326,1.000000
68864.000000,3.000000,586.800049,605.904114,8.460000,8.805308,-4.640000,-4.173261,-2.209973,25.412273,-2.800432,-8.809349,1.000000
68874.000000,3.000000,586.800049,607.829590,8.460000,9.063787,-5.320000,-4.251639,-3.864233,26.055222,-2.330166,-10.069493,1.000000
68884.000000,3.000000,586.800049,609.319397,8.460000,9.303707,-5.320000,-4.328884,-5.399725,24.406452,-5.946693,-10.169725,1.000000
68894.000000,3.000000,585.300049,610.874756,8.540000,9.550443,-5.320000,-4.412781,-6.978833,25.113895,-5.443314,-10.292312,1.000000
68904.000000,3.000000,585.000061,612.267212,8.540000,9.778153,-5.320000,-4.502404,-7.924182,22.503197,-4.905573,-12.082171,1.000000
68914.000000,3.000000,585.000061,613.664063,9.219999,10.014804,-5.920000,-4.605103,-9.438745,23.247526,-4.289383,-13.156302,1.000000
68924.000000,3.000000,585.000061,615.140991,9.820000,10.246451,-6.600000,-4.719005,-6.569293,22.635832,-7.205973,-13.698277,1.000000
68934.000000,3.000000,585.000061,616.788025,9.820000,10.475143,-6.600000,-4.835945,-4.192920,21.614401,-10.584332,-14.576329,1.000000
68944.000000,3.000000,585.000061,618.838684,9.820000,10.691040,-6.600000,-4.965890,-5.574658,21.548874,-9.804657,-15.651021,1.000000
68954.000000,3.000000,585.000061,620.486145,10.500000,10.923738,-7.400000,-5.099232,-7.063928,22.657444,-9.004609,-15.985134,1.000000
68964.000000,3.000000,585.000061,621.923889,10.980000,11.154314,-7.400000,-5.230965,-4.187610,22.386963,-13.014210,-15.673933,1.000000
68974.000000,3.000000,585.000061,623.154968,11.580000,11.384553,-7.880000,-5.366687,-2.589142,22.354412,-12.199880,-15.689238,1.000000
68984.000000,3.000000,585.000061,624.726624,11.580000,11.620469,-7.880000,-5.490423,-0.259003,22.854750,-14.337464,-14.666845,1.000000
68994.000000,3.000000,585.000061,626.501770,11.580000,11.863159,-7.880000,-5.617177,-1.812219,24.173847,-13.576941,-15.169807,1.000000
69004.000000,3.000000,585.000061,628.283569,12.179999,12.109529,-7.880000,-5.741041,-3.388989,23.061502,-12.833756,-15.357495,1.000000
69014.000000,3.000000,585.000061,629.969055,12.179999,12.354443,-7.880000,-5.868762,-1.116437,23.659864,-12.067429,-15.575683,1.000000
69024.000000,3.000000,585.000061,631.390869,12.179999,12.602274,-7.880000,-6.004027,-2.702557,23.651392,-11.255839,-16.235111,1.000000
69034.000000,3.000000,585.000061,633.193726,13.259999,12.848864,-8.559999,-6.134658,-4.280731,23.333897,-10.472051,-15.924191,1.000000
69044.000000,3.000000,585.000061,634.890442,13.259999,13.079892,-9.160000,-6.276124,1.152686,22.121380,-13.703250,-17.062344,1.000000
69054.000000,3.000000,585.000061,636.730103,13.259999,13.302795,-9.160000,-6.426245,-0.273895,20.967220,-16.402531,-17.707823,1.000000
69064.000000,3.000000,585.000061,638.805420,13.259999,13.539469,-9.160000,-6.568604,-1.788605,22.418011,-15.548378,-17.563992,1.000000
69074.000000,3.000000,585.000061,640.814026,14.020000,13.755796,-9.639999,-6.737655,-3.173102,19.509449,-14.534068,-20.586109,1.000000
69084.000000,3.000000,585.000061,642.968079,14.500000,13.966472,-9.639999,-6.908356,0.342578,18.943739,-16.389862,-20.592478,1.000000
69094.000000,3.000000,585.000061,644.735596,14.500000,14.158492,-9.639999,-7.100549,2.185651,18.307693,-15.236704,-21.496376,1.000000
69104.000000,3.000000,585.000061,646.395142,14.500000,14.353602,-9.639999,-7.287765,0.936945,17.629734,-14.113409,-21.797203,1.000000
69114.000000,3.000000,585.000061,647.780884,13.820000,14.536859,-9.639999,-7.479428,-0.235895,16.696255,-12.963427,-21.791809,1.000000
69124.000000,3.000000,585.000061,648.610107,13.820000,14.705422,-9.160000,-7.677547,-5.666706,15.585474,-11.774717,-22.536901,1.000000
69134.000000,3.000000,585.000061,649.262939,13.820000,14.853562,-9.160000,-7.867984,-6.614801,13.996722,-7.752096,-21.960899,1.000000
69144.000000,3.000000,585.000061,650.086792,13.820000,15.020165,-9.160000,-8.054647,-7.681061,14.981287,-6.632114,-22.045725,1.000000
69154.000000,3.000000,585.000061,650.919067,14.900000,15.148225,-9.160000,-8.233088,-8.500641,11.808615,-5.561468,-20.413857,1.000000
69164.000000,3.000000,585.000061,651.835205,15.379999,15.280516,-9.160000,-8.410391,-2.435303,13.929703,-4.497654,-19.469679,1.000000
69174.000000,3.000000,585.000061,653.038330,16.100000,15.386788,-9.160000,-8.559296,-0.043451,10.982544,-3.604225,-17.742140,1.000000
69184.000000,3.000000,585.000061,654.233826,16.100000,15.499088,-9.160000,-8.702440,3.845837,11.955496,-2.745358,-17.461332,1.000000
69194.000000,3.000000,585.000061,655.394226,16.779999,15.603804,-9.840000,-8.825824,3.175659,12.559746,-2.005056,-15.313377,1.000000
69204.000000,3.000000,585.000061,656.249390,17.260000,15.723484,-10.200000,-8.940624,6.761694,13.829515,-5.396255,-14.708253,1.000000
69214.000000,3.000000,585.000061,656.686768,17.260000,15.831442,-10.200000,-9.050879,9.142774,14.150921,-6.894728,-13.788011,1.000000
69224.000000,3.000000,585.000061,656.658081,17.260000,15.988256,-10.200000,-9.145656,8.139160,17.723417,-6.326065,-11.956958,1.000000
69234.000000,3.000000,585.000061,657.280029,18.020000,16.159206,-10.320000,-9.241239,7.045081,18.579870,-5.752567,-11.635102,1.000000
69244.000000,3.000000,586.500061,658.014893,18.020000,16.318222,-10.400000,-9.313286,10.891382,19.575653,-6.040283,-10.554363,1.000000
69254.000000,3.000000,586.800049,658.710876,18.020000,16.480476,-10.400000,-9.387438,9.852954,20.430616,-6.075371,-11.084890,1.000000
69264.000000,3.000000,586.800049,659.506592,18.020000,16.647964,-10.400000,-9.459418,8.781031,21.385574,-5.643488,-10.430341,1.000000
69274.000000,3.000000,586.800049,660.217041,18.020000,16.825495,-10.400000,-9.532600,7.644836,21.541630,-5.204395,-10.311945,1.000000
69284.000000,3.000000,586.800049,661.123474,18.020000,17.016825,-11.000000,-9.592978,6.420325,22.191328,-4.842133,-9.865054,1.000000
69294.000000,3.000000,586.800049,661.899536,18.619999,17.197620,-11.000000,-9.645134,5.263233,21.907778,-8.129196,-9.155472,1.000000
69304.000000,3.000000,586.800049,662.678101,18.619999,17.379839,-11.000000,-9.700597,7.937024,20.773653,-7.796419,-9.577659,1.000000
69314.000000,3.000000,586.800049,663.238647,18.619999,17.562143,-11.080000,-9.751765,6.770276,21.591785,-7.489408,-9.783281,1.000000
69324.000000,3.000000,586.800049,663.866760,18.619999,17.752739,-11.080000,-9.805961,5.550464,20.493198,-7.644236,-9.007604,1.000000
69334.000000,3.000000,586.800049,664.088989,18.619999,17.914803,-11.080000,-9.866869,4.513257,19.052542,-7.278786,-10.410728,1.000000
69344.000000,3.000000,586.800049,663.552002,18.619999,18.050461,-11.080000,-9.905005,3.645044,18.100197,-7.049973,-7.610394,1.000000
69354.000000,3.000000,586.800049,663.040955,18.539999,18.158329,-11.080000,-9.940221,2.954688,17.329865,-6.838675,-7.526017,1.000000
69364.000000,3.000000,586.800049,662.660706,17.939999,18.252403,-11.080000,-9.961462,1.840613,16.204084,-6.711227,-6.111930,1.000000
69374.000000,3.000000,586.800049,662.473206,17.939999,18.340767,-11.080000,-9.969090,-2.564917,15.609047,-6.665457,-4.882845,1.000000
69384.000000,3.000000,586.800049,662.646973,17.939999,18.414326,-11.080000,-9.969007,-3.035693,13.401368,-6.665960,-4.714983,1.000000
69394.000000,3.000000,586.800049,663.010559,17.939999,18.464216,-11.080000,-9.946091,-3.354993,13.198529,-6.803455,-3.772205,1.000000
69404.000000,3.000000,586.800049,663.900452,17.939999,18.473186,-11.080000,-9.928493,-3.412402,9.474936,-6.909039,-5.117036,1.000000
69414.000000,3.000000,586.800049,665.024902,17.939999,18.468283,-11.080000,-9.899667,-3.381018,8.213377,-7.081999,-3.535929,1.000000
69424.000000,3.000000,586.800049,666.014526,17.939999,18.450432,-11.080000,-9.880379,-3.266773,4.774416,-7.197727,-4.381950,1.000000
69434.000000,3.000000,586.800049,666.664673,17.939999,18.397198,-10.520000,-9.837973,-2.926074,3.462653,-7.452164,-4.466016,1.000000
69444.000000,3.000000,586.800049,666.951904,17.939999,18.306320,-10.520000,-9.796078,-2.344458,1.431244,-4.343536,-4.417095,1.000000
69454.000000,3.000000,586.800049,667.720947,17.939999,18.175232,-9.639999,-9.742650,-1.505493,-0.620398,-4.664103,-4.380919,1.000000
69464.000000,3.000000,586.800049,668.450745,17.939999,18.056664,-9.639999,-9.704222,-0.746655,-1.127563,0.385334,-3.005094,1.000000
69474.000000,3.000000,586.800049,669.260376,17.939999,17.937090,-9.639999,-9.667386,0.018616,-2.155408,0.164320,-1.800071,1.000000
69484.000000,3.000000,586.800049,669.970032,17.939999,17.780418,-9.639999,-9.595031,1.021314,0.427907,-0.269812,0.348802,1.000000
69494.000000,3.000000,586.800049,671.322510,17.939999,17.641903,-9.639999,-9.526680,1.907812,-1.410936,-0.679916,0.791368,1.000000
69504.000000,3.000000,586.800049,672.577148,17.939999,17.555708,-9.639999,-9.441985,2.459460,0.340842,-1.188086,3.147500,1.000000
69514.000000,3.000000,586.800049,673.885132,18.020000,17.475359,-9.639999,-9.336059,2.973694,0.123953,-1.823645,4.858017,1.000000
69524.000000,3.000000,586.800049,674.787170,18.020000,17.361498,-9.639999,-9.226263,4.214417,1.462028,-2.482418,5.299442,1.000000
69534.000000,3.000000,586.800049,675.650696,18.020000,17.173693,-9.639999,-9.073086,5.416370,2.041721,-3.401482,7.646129,1.000000
69544.000000,3.000000,586.800049,676.632813,18.020000,17.111212,-9.639999,-8.941752,5.816247,5.313184,-4.189482,7.071303,1.000000
69554.000000,3.000000,586.800049,678.642395,18.020000,17.094341,-9.639999,-8.801542,5.924219,6.290061,-5.030743,7.077756,1.000000
69564.000000,3.000000,586.800049,680.319275,18.020000,17.056650,-9.639999,-8.666259,6.165442,7.515611,-5.842443,7.431047,1.000000
69574.000000,3.000000,586.800049,681.708679,18.020000,17.030077,-9.639999,-8.523989,6.335510,8.189025,-6.696064,6.939427,1.000000
69584.000000,3.000000,586.800049,683.057861,18.020000,17.033377,-9.639999,-8.403424,6.314392,9.136911,-7.419451,4.899242,1.000000
69594.000000,3.000000,586.800049,684.506287,18.020000,17.029835,-9.639999,-8.281099,6.337060,10.493836,-8.153400,4.763458,1.000000
69604.000000,3.000000,586.800049,686.302795,18.020000,17.055885,-9.639999,-8.196922,6.170337,9.665854,-8.658463,1.882163,1.000000
69614.000000,3.000000,586.800049,687.781128,18.020000,17.075926,-9.639999,-8.160914,6.042078,7.965896,-8.874510,-0.357253,1.000000
69624.000000,3.000000,586.800049,688.566528,18.020000,17.020103,-9.639999,-8.125506,6.399341,8.668391,-9.086958,-0.144574,1.000000
69634.000000,3.000000,586.800049,689.198242,18.020000,16.987038,-9.719999,-8.112751,6.610962,7.821470,-9.163490,-1.552075,1.000000
69644.000000,3.000000,585.300049,689.839661,18.020000,16.933479,-9.719999,-8.092149,6.953735,8.225468,-9.767103,-2.157088,1.000000
69654.000000,3.000000,585.000061,690.886292,18.020000,16.815815,-9.719999,-8.073462,7.706787,7.008125,-9.879221,-3.503557,1.000000
69664.000000,3.000000,585.000061,691.563354,18.020000,16.722857,-9.719999,-8.074096,8.301722,6.070815,-9.875422,-4.070199,1.000000
69674.000000,3.000000,586.500061,692.106506,18.020000,16.598392,-9.719999,-8.086871,9.098291,4.293527,-9.798769,-6.382429,1.000000
69684.000000,3.000000,586.800049,692.467041,18.020000,16.524521,-9.719999,-8.101030,9.571070,2.700929,-9.713814,-6.012124,1.000000
69694.000000,3.000000,586.800049,692.038818,18.020000,16.436083,-9.719999,-8.105678,10.137073,3.294648,-9.685930,-6.212966,1.000000
69704.000000,3.000000,586.800049,691.655518,18.020000,16.374342,-9.719999,-8.127492,10.532214,1.227290,-9.555044,-7.713527,1.000000
69714.000000,3.000000,585.300049,691.266785,18.020000,16.374376,-9.719999,-8.163193,10.531995,0.556943,-9.340839,-6.633733,1.000000
69724.000000,3.000000,585.000061,690.923096,18.020000,16.292154,-9.719999,-8.183504,11.058215,-2.336987,-9.218971,-8.067318,1.000000
69734.000000,3.000000,585.000061,690.689758,18.020000,16.166578,-9.719999,-8.156064,11.861902,-2.960907,-9.383612,-5.811310,1.000000
69744.000000,3.000000,585.000061,690.906982,18.020000,16.039629,-9.719999,-8.140636,12.674377,-5.958945,-9.476177,-8.129750,1.000000
69754.000000,3.000000,585.000061,691.048523,18.020000,15.898574,-9.719999,-8.126621,13.577130,-7.877592,-9.560268,-7.978597,1.000000
69764.000000,3.000000,585.000061,691.006531,18.020000,15.694466,-9.719999,-8.123363,14.883423,-10.061715,-9.579821,-8.585914,1.000000
69774.000000,3.000000,586.500061,689.952148,18.020000,15.458643,-9.719999,-8.139112,16.392689,-11.969544,-9.485321,-9.006420,1.000000
69784.000000,3.000000,586.800049,688.945679,18.020000,15.231413,-9.719999,-8.173912,17.846960,-13.696932,-9.276524,-8.019662,1.000000
69794.000000,3.000000,586.800049,689.017822,18.020000,15.017260,-9.719999,-8.215722,19.217543,-15.255910,-9.025663,-7.431793,1.000000
69804.000000,3.000000,585.300049,689.023560,18.020000,14.790839,-9.639999,-8.245587,20.666632,-14.571826,-8.846472,-5.566782,1.000000
69814.000000,3.000000,586.800049,687.842285,18.020000,14.534023,-9.639999,-8.253489,22.310255,-16.049599,-8.319059,-4.679893,1.000000
69824.000000,3.000000,586.800049,686.672546,18.020000,14.330305,-9.639999,-8.265802,23.614050,-12.454130,-8.245182,-3.913268,1.000000
69834.000000,3.000000,585.300049,685.528564,18.020000,14.140313,-9.639999,-8.261313,24.830000,-11.791572,-8.272116,-3.020960,1.000000
69844.000000,3.000000,585.000061,683.827515,18.020000,14.000306,-9.639999,-8.252299,25.726044,-10.057012,-8.326200,-2.523891,1.000000
69854.000000,3.000000,585.000061,682.628052,18.020000,13.859910,-9.639999,-8.232429,26.624578,-9.660355,-8.445425,-2.020364,1.000000
69864.000000,3.000000,585.000061,681.447327,18.020000,13.692419,-9.639999,-8.187459,27.696522,-9.583421,-8.715242,-1.153889,1.000000
69874.000000,3.000000,586.500061,680.210449,17.939999,13.510236,-9.719999,-8.135146,28.862494,-9.291415,-9.029119,-0.506157,1.000000
69884.000000,3.000000,586.800049,678.948059,17.939999,13.328835,-9.719999,-8.080770,29.511444,-8.903495,-9.835373,0.575198,1.000000
69894.000000,3.000000,586.800049,677.524902,17.939999,13.098498,-9.719999,-8.027334,30.985601,-12.803565,-10.155991,1.433366,1.000000
69904.000000,3.000000,586.800049,676.082764,17.939999,12.906535,-9.719999,-7.969834,32.214169,-11.433187,-10.500993,2.947866,1.000000
69914.000000,3.000000,586.800049,674.072693,17.859999,12.685208,-9.719999,-7.902379,33.630657,-14.322773,-10.905722,3.900430,1.000000
69924.000000,3.000000,586.800049,671.969543,17.859999,12.467934,-9.719999,-7.825179,34.509216,-15.325476,-11.368921,4.659515,1.000000
69934.000000,3.000000,586.800049,670.273071,17.859999,12.215882,-9.719999,-7.743083,36.122345,-16.927124,-11.861498,4.960391,1.000000
69944.000000,3.000000,586.800049,667.672058,17.859999,11.974318,-9.719999,-7.639526,37.668362,-17.105795,-12.482841,6.499617,1.000000
69954.000000,3.000000,586.800049,664.914124,17.340000,11.747286,-10.200000,-7.551817,39.121365,-17.367647,-13.009094,5.198658,1.000000
69964.000000,3.000000,586.800049,661.929993,17.340000,11.540609,-10.200000,-7.472645,37.116100,-16.158007,-16.364130,3.981789,1.000000
69974.000000,3.000000,586.800049,659.311157,17.340000,11.319802,-10.320000,-7.384834,38.529266,-16.817251,-16.890993,3.720914,1.000000
69984.000000,3.000000,586.800049,655.383972,17.340000,11.107022,-10.320000,-7.320746,39.891060,-16.085749,-17.995520,1.285776,1.000000
69994.000000,3.000000,586.800049,652.107483,17.340000,10.896446,-11.000000,-7.265009,41.238747,-15.197915,-18.329945,0.094691,1.000000
70004.000000,3.000000,586.800049,648.392578,17.340000,10.681766,-11.000000,-7.233918,42.612701,-16.085922,-22.596493,-1.164401,1.000000
70014.000000,3.000000,586.800049,644.503296,17.340000,10.492282,-11.000000,-7.219061,43.825397,-13.813135,-22.685631,-2.576499,1.000000
70024.000000,3.000000,586.800049,641.538513,17.340000,10.312609,-11.000000,-7.217225,44.975307,-12.125758,-22.696650,-3.144070,1.000000
70034.000000,3.000000,586.800049,639.085571,17.340000,10.162920,-10.920000,-7.220070,45.933315,-9.450616,-22.679577,-4.481363,1.000000
70044.000000,3.000000,586.800049,636.673462,17.340000,10.034183,-10.400000,-7.247201,46.757233,-7.568179,-22.036795,-7.892843,1.000000
70054.000000,3.000000,585.300049,633.638733,17.340000,9.912848,-10.400000,-7.276095,47.533779,-5.528697,-18.743427,-9.250167,1.000000
70064.000000,3.000000,585.000061,631.007263,17.340000,9.826969,-10.400000,-7.324795,48.083401,-5.732393,-18.451225,-9.655954,1.000000
70074.000000,3.000000,585.000061,628.661804,17.340000,9.749431,-10.400000,-7.384792,48.579647,-5.474450,-18.091244,-10.695247,1.000000
70084.000000,3.000000,586.500061,625.832581,17.340000,9.655739,-10.400000,-7.437911,49.179272,-6.077560,-17.772532,-10.272593,1.000000
70094.000000,3.000000,585.000061,622.370911,17.340000,9.549494,-10.320000,-7.494876,49.859241,-6.053138,-17.430740,-9.855516,1.000000
70104.000000,3.000000,585.000061,618.631592,17.340000,9.447495,-10.320000,-7.582648,50.512035,-6.974942,-16.424110,-12.430130,1.000000
70114.000000,3.000000,585.000061,615.263611,16.859999,9.355503,-9.520000,-7.650991,51.100780,-6.181503,-16.014050,-10.986797,1.000000
70124.000000,3.000000,585.000061,612.597900,16.859999,9.243895,-9.639999,-7.711171,48.743069,-7.057063,-10.852979,-10.316286,1.000000
70134.000000,3.000000,585.000061,609.738098,16.859999,9.145094,-9.639999,-7.773207,49.375393,-5.011571,-11.200753,-11.430943,1.000000
70144.000000,3.000000,585.000061,606.799805,16.859999,9.060055,-9.639999,-7.827622,49.919643,-5.434561,-10.874262,-8.139569,1.000000
70154.000000,3.000000,585.000061,603.063965,16.779999,8.968788,-9.639999,-7.878653,50.503750,-4.464119,-10.568081,-7.775295,1.000000
70164.000000,3.000000,585.000061,599.535889,16.260000,8.897821,-9.520000,-7.928214,50.445934,-2.388729,-10.270715,-8.387392,1.000000
70174.000000,3.000000,585.000061,595.410767,16.260000,8.847714,-9.520000,-7.961419,47.438629,-0.570849,-9.351488,-5.163960,1.000000
70184.000000,3.000000,585.000061,591.347473,16.260000,8.777401,-9.520000,-7.978470,47.888638,0.865931,-9.249184,-4.477226,1.000000
70194.000000,3.000000,585.000061,587.153992,16.260000,8.778477,-9.520000,-7.982451,47.881752,4.910966,-9.225297,-2.537950,1.000000
70204.000000,3.000000,585.000061,583.486938,16.260000,8.747588,-9.520000,-7.972991,48.079437,3.999593,-9.282060,-1.712322,1.000000
70214.000000,3.000000,585.000061,579.305237,16.260000,8.707548,-9.520000,-7.931649,48.335693,8.172302,-9.530110,1.408717,1.000000
70224.000000,3.000000,585.000061,575.683044,16.260000,8.720710,-9.520000,-7.891708,48.251461,10.436697,-9.769755,0.002278,1.000000
70234.000000,3.000000,585.000061,572.686218,16.180000,8.760516,-9.440001,-7.836520,47.996700,12.674626,-10.100884,0.904817,1.000000
70244.000000,3.000000,585.000061,569.589600,16.180000,8.824119,-9.440001,-7.788688,47.077644,13.650544,-9.907874,0.183552,1.000000
70254.000000,3.000000,585.000061,566.601807,15.699999,8.934109,-9.440001,-7.733909,46.373707,16.972506,-10.236548,1.046381,1.000000
70264.000000,3.000000,585.000061,563.319397,15.699999,9.028625,-9.440001,-7.681792,42.696789,15.804958,-10.549250,0.551730,1.000000
70274.000000,3.000000,585.000061,560.155945,15.699999,9.133613,-9.320000,-7.620943,42.024872,17.358973,-10.914348,1.543309,1.000000
70284.000000,3.000000,585.000061,556.875977,15.699999,9.232900,-9.320000,-7.568927,41.389435,14.856735,-10.506437,1.657252,1.000000
70294.000000,3.000000,585.000061,553.705627,15.699999,9.317131,-9.320000,-7.554055,40.850353,15.528026,-10.595670,1.816029,1.000000
70304.000000,3.000000,585.000061,549.794556,15.699999,9.392118,-9.320000,-7.527040,40.370441,14.441226,-10.757761,2.551594,1.000000
70314.000000,3.000000,585.000061,545.677002,15.580000,9.487386,-9.320000,-7.500564,39.760723,14.526482,-10.916614,0.806395,1.000000
70324.000000,3.000000,585.000061,542.085938,15.580000,9.583787,-9.240000,-7.477554,38.375763,12.085944,-11.054672,-0.048936,1.000000
70334.000000,3.000000,585.000061,538.313171,15.100000,9.655307,-9.240000,-7.472371,37.918037,11.464394,-10.605775,-0.029274,1.000000
70344.000000,3.000000,585.000061,534.942383,15.100000,9.723399,-9.240000,-7.481236,34.410248,10.112402,-10.552580,-1.370542,1.000000
70354.000000,3.000000,585.000061,532.342651,14.619999,9.744452,-9.240000,-7.485752,34.275513,7.599510,-10.525486,-2.316348,1.000000
70364.000000,3.000000,585.000061,529.326965,14.500000,9.776789,-9.240000,-7.502872,30.996546,8.435040,-10.422767,-2.658988,1.000000
70374.000000,3.000000,586.500061,526.699768,14.500000,9.815787,-8.639999,-7.519605,29.978962,7.618868,-10.322368,-3.125086,1.000000
70384.000000,3.000000,586.800049,524.182495,14.500000,9.805106,-8.639999,-7.533315,30.047321,5.173758,-6.640108,-2.014565,1.000000
70394.000000,3.000000,585.300049,521.874939,13.540000,9.770634,-8.080000,-7.545227,30.267944,5.226553,-6.568637,-0.993158,1.000000
70404.000000,3.000000,585.000061,519.681702,12.740000,9.731541,-8.080000,-7.548037,24.374140,5.499770,-3.191780,-0.175336,1.000000
70414.000000,3.000000,585.000061,517.122559,12.179999,9.705108,-7.560000,-7.533915,19.423309,5.457625,-3.276509,1.622520,1.000000
70424.000000,3.000000,585.000061,514.911438,12.179999,9.709731,-7.560000,-7.487795,15.809717,6.157323,-0.433230,3.405759,1.000000
70434.000000,3.000000,585.000061,512.654236,10.219999,9.688988,-6.320000,-7.432195,15.942474,4.308837,-0.766831,5.058461,1.000000
70444.000000,3.000000,585.000061,510.316650,-3.660000,9.664475,-1.240000,-7.349040,3.555353,4.343714,6.174242,8.127689,1.000000
70454.000000,3.000000,585.000061,508.493927,5.620000,9.682770,-2.000000,-7.257703,-85.393730,3.868494,36.106216,10.455543,1.000000
70464.000000,3.000000,585.000061,506.973297,5.620000,9.658164,-2.000000,-7.151390,-25.844252,-0.392537,30.908337,12.307910,1.000000
70474.000000,3.000000,585.000061,505.072296,-1.500000,9.592481,-2.680000,-7.012554,-25.423878,-6.173116,30.075321,16.295135,1.000000
70484.000000,3.000000,585.000061,503.409637,-2.100000,9.473701,-3.000000,-6.848782,-70.231689,-12.378026,25.012693,19.475054,1.000000
70494.000000,3.000000,585.000061,502.228241,-1.500000,9.275371,-3.000000,-6.608931,-72.802368,-19.186003,21.653587,25.592236,1.000000
70504.000000,3.000000,585.000061,501.287872,-1.500000,9.001408,-3.000000,-6.336489,-67.209007,-28.517950,20.018932,29.557171,1.000000
70514.000000,3.000000,586.500061,500.236176,-1.500000,8.612208,-3.000000,-6.041237,-64.718132,-39.798447,18.247421,33.504875,1.000000
70524.000000,3.000000,586.800049,499.143982,0.140000,8.124917,-3.000000,-5.713914,-61.599468,-49.547382,16.283484,36.431286,1.000000
70534.000000,3.000000,586.800049,498.280609,1.500000,7.553960,-3.000000,-5.357718,-47.449345,-59.107964,14.146308,38.282967,1.000000
70544.000000,3.000000,586.800049,497.338470,1.500000,6.914539,-3.000000,-4.991224,-34.653053,-66.135796,11.947346,38.543186,1.000000
70554.000000,3.000000,586.800049,495.811249,0.060000,6.208189,-3.000000,-4.608839,-30.132410,-71.657440,9.653031,39.142509,1.000000
70564.000000,3.000000,586.800049,494.420441,0.620000,5.474607,-3.000000,-4.236607,-34.653488,-72.160225,7.419642,37.824387,1.000000
70574.000000,3.000000,586.800049,493.018616,0.060000,4.749568,-3.000000,-3.886580,-26.429234,-71.998665,5.319481,35.628704,1.000000
70584.000000,3.000000,586.800049,491.958405,0.060000,4.024935,-3.000000,-3.546751,-25.375586,-71.196510,3.280509,34.035854,1.000000
70594.000000,3.000000,586.800049,490.618011,0.140000,3.305401,-3.000000,-3.212752,-20.770567,-70.198723,1.276513,32.701431,1.000000
70604.000000,3.000000,586.800049,489.508179,0.140000,2.622555,-3.000000,-2.913099,-15.888354,-67.081642,-0.521406,29.543505,1.000000
70614.000000,3.000000,586.800049,488.658691,0.140000,1.950878,-3.000000,-2.620071,-11.589617,-66.039688,-2.279572,28.844999,1.000000
70624.000000,3.000000,586.800049,488.082397,0.140000,1.303394,-3.000000,-2.338500,-7.445724,-62.803097,-3.969001,28.725700,1.000000
70634.000000,3.000000,586.800049,487.623352,0.260000,0.687546,-3.000000,-2.063935,-3.504295,-60.449406,-5.616393,27.122931,1.000000
70644.000000,3.000000,585.300049,487.005890,0.260000,0.083422,-3.000000,-1.808420,1.130101,-59.513981,-7.149478,24.218554,1.000000
70654.000000,3.000000,586.800049,486.529266,0.260000,-0.501994,-3.000000,-1.582877,4.876760,-56.532475,-8.502737,21.759138,1.000000
70664.000000,3.000000,586.800049,486.808441,0.260000,-1.034857,-3.000000,-1.390505,8.287087,-51.416565,-9.656972,18.018688,1.000000
70674.000000,3.000000,586.800049,487.132477,0.260000,-1.543398,-3.000000,-1.226042,11.541745,-49.446838,-10.643750,15.536777,1.000000
70684.000000,3.000000,586.800049,487.250763,0.260000,-2.001742,-3.000000,-1.086083,14.475150,-43.341465,-11.483501,13.197415,1.000000
70694.000000,3.000000,586.800049,487.337128,0.260000,-2.406125,-3.000000,-0.970935,17.063198,-39.301350,-12.174388,10.681719,1.000000
70704.000000,3.000000,586.800049,487.445831,0.260000,-2.804650,-3.000000,-0.861656,19.613758,-37.401386,-12.830063,10.011495,1.000000
70714.000000,3.000000,586.800049,487.766754,0.260000,-3.139976,-3.000000,-0.763216,21.759846,-31.715683,-13.420706,9.429402,1.000000
70724.000000,3.000000,586.800049,488.154968,0.260000,-3.451394,-3.000000,-0.687972,23.752920,-30.117870,-13.872168,6.442047,1.000000
70734.000000,3.000000,586.800049,488.695099,0.260000,-3.721949,-3.000000,-0.624225,25.484474,-25.205090,-14.254648,5.421101,1.000000
70744.000000,3.000000,586.800049,489.641815,0.260000,-3.972203,-3.000000,-0.567422,27.086100,-23.785551,-14.595469,5.284017,1.000000
70754.000000,3.000000,586.800049,490.508118,0.340000,-4.180725,-3.000000,-0.531066,28.420643,-20.406422,-14.813604,3.579809,1.000000
70764.000000,3.000000,586.800049,491.848114,0.340000,-4.386586,-3.000000,-0.474792,30.250153,-20.106627,-15.151248,6.276377,1.000000
70774.000000,3.000000,586.800049,492.785126,0.340000,-4.569653,-3.000000,-0.407856,31.421778,-17.943798,-15.552866,6.290059,1.000000
70784.000000,3.000000,586.800049,494.198914,0.340000,-4.736806,-3.000000,-0.347169,32.491558,-16.882135,-15.916986,6.744637,1.000000
70794.000000,3.000000,586.800049,495.443268,0.340000,-4.908158,-3.000000,-0.269499,33.588207,-16.329273,-16.383005,7.046924,1.000000
70804.000000,3.000000,586.800049,497.372223,0.340000,-5.053962,-3.000000,-0.216706,34.521358,-14.409467,-16.699766,5.206723,1.000000
70814.000000,3.000000,586.800049,499.066925,0.340000,-5.167983,-3.000000,-0.176131,35.251095,-12.110696,-16.943216,5.422810,1.000000
70824.000000,3.000000,586.800049,501.125702,0.340000,-5.291726,-3.000000,-0.115515,36.043049,-13.447078,-17.306908,7.422059,1.000000
70834.000000,3.000000,586.800049,503.067139,0.340000,-5.386655,-3.000000,-0.076148,36.650593,-11.359232,-17.543112,5.750505,1.000000
70844.000000,3.000000,586.800049,505.304962,0.340000,-5.468589,-3.000000,-0.017818,37.174969,-10.787266,-17.893091,7.425761,1.000000
70854.000000,3.000000,586.800049,507.891907,0.340000,-5.552874,-3.000000,0.022556,37.714394,-10.577599,-18.135340,5.916906,1.000000
70864.000000,3.000000,586.800049,510.587921,0.340000,-5.608602,-3.000000,0.042215,38.071053,-9.803328,-18.253288,4.627510,1.000000
70874.000000,3.000000,585.300049,513.094543,0.340000,-5.650176,-3.000000,0.062784,38.337128,-7.685680,-18.376705,5.462668,1.000000
70884.000000,3.000000,585.000061,515.698181,0.340000,-5.681456,-3.000000,0.061068,38.537319,-7.345570,-18.366407,3.865705,1.000000
70894.000000,3.000000,585.000061,518.448242,0.260000,-5.676443,-3.000000,0.053516,38.505230,-5.595942,-18.321095,3.369261,1.000000
70904.000000,3.000000,585.000061,520.910522,0.260000,-5.668145,-3.000000,0.049107,37.940132,-5.045505,-18.294640,3.743216,1.000000
70914.000000,3.000000,585.000061,524.251648,-0.460000,-5.651617,-3.000000,0.062227,37.834347,-3.225857,-18.373363,3.082128,1.000000
70924.000000,3.000000,585.000061,527.642456,-0.460000,-5.642263,-3.000000,0.064435,33.166485,-3.324913,-18.386612,1.879349,1.000000
70934.000000,3.000000,585.000061,530.860352,-0.940000,-5.603899,-3.000000,0.045041,32.920956,-0.970378,-18.270248,-0.372278,1.000000
70944.000000,3.000000,585.000061,533.697510,-0.940000,-5.589520,-3.000000,0.036346,29.756926,-2.993859,-18.218073,-0.258676,1.000000
70954.000000,3.000000,585.000061,536.561707,-1.020000,-5.541578,-3.000000,0.003633,29.450102,1.161272,-18.021801,-2.680446,1.000000
70964.000000,3.000000,585.000061,539.709229,-1.020000,-5.556493,-3.000000,-0.022980,29.033558,-2.497600,-17.862120,-3.295493,1.000000
70974.000000,3.000000,585.000061,542.845703,-1.500000,-5.516161,-3.000000,-0.072915,28.775431,-0.860547,-17.562508,-4.222735,1.000000
70984.000000,3.000000,585.000061,545.985840,-1.500000,-5.448500,-3.000000,-0.154712,25.270401,-1.727829,-17.071732,-6.092888,1.000000
70994.000000,3.000000,585.000061,549.021118,-1.500000,-5.394344,-3.000000,-0.250129,24.923803,-2.077121,-16.499224,-6.753788,1.000000
71004.000000,3.000000,585.000061,553.555908,-1.500000,-5.378721,-3.000000,-0.346166,24.823812,-2.357193,-15.923002,-7.434627,1.000000
71014.000000,3.000000,585.000061,557.519165,-1.500000,-5.360947,-3.000000,-0.440999,24.710062,-2.461187,-15.354006,-8.125724,1.000000
71024.000000,3.000000,585.000061,561.442078,-1.500000,-5.334222,-3.000000,-0.545309,24.539021,-3.009998,-14.728148,-8.361365,1.000000
71034.000000,3.000000,585.000061,564.829712,-1.500000,-5.286676,-3.000000,-0.646342,24.234730,-1.348796,-14.121949,-8.067208,1.000000
71044.000000,3.000000,585.000061,568.236877,-1.500000,-5.281248,-3.000000,-0.755581,24.199986,-4.464369,-13.466516,-7.795985,1.000000
71054.000000,3.000000,585.000061,571.444519,-1.500000,-5.278145,-3.000000,-0.866317,24.180130,-1.778788,-12.802101,-8.841887,1.000000
71064.000000,3.000000,585.000061,574.759949,-1.500000,-5.255993,-3.000000,-0.988335,24.038355,-2.288365,-12.069992,-8.971979,1.000000
71074.000000,3.000000,585.000061,578.725708,-1.500000,-5.239582,-3.000000,-1.119403,23.933325,-1.459795,-11.283579,-9.242733,1.000000
71084.000000,3.000000,585.000061,582.664734,-1.700000,-5.200056,-3.000000,-1.248044,23.680357,0.293279,-10.511733,-8.786897,1.000000
71094.000000,3.000000,585.000061,586.424866,-1.700000,-5.135637,-3.000000,-1.366788,21.988075,1.388376,-9.799270,-8.554676,1.000000
71104.000000,3.000000,585.000061,590.556091,-1.700000,-5.031593,-3.000000,-1.483928,21.322195,3.803690,-9.096435,-8.864925,1.000000
71114.000000,3.000000,585.000061,594.319214,-2.300000,-4.988815,-3.000000,-1.584209,21.048418,-1.081834,-8.494743,-7.218306,1.000000
71124.000000,3.000000,585.000061,597.888000,-2.300000,-4.923562,-3.000000,-1.672367,16.790794,4.194325,-7.965798,-6.157036,1.000000
71134.000000,3.000000,585.000061,601.205261,-2.300000,-4.885117,-3.000000,-1.757631,16.544750,0.197327,-7.454213,-5.663313,1.000000
71144.000000,3.000000,585.000061,604.697205,-2.300000,-4.806581,-3.000000,-1.835544,16.042122,4.557476,-6.986735,-4.961972,1.000000
71154.000000,3.000000,585.000061,608.222229,-2.980000,-4.738129,-3.000000,-1.915635,15.604024,1.804320,-6.506188,-4.526157,1.000000
71164.000000,3.000000,585.000061,611.731567,-2.980000,-4.666817,-3.000000,-1.979841,10.795630,2.964322,-6.120957,-3.911202,1.000000
71174.000000,3.000000,585.000061,614.968323,-2.980000,-4.590365,-3.000000,-2.045440,10.306338,2.245394,-5.727360,-4.278884,1.000000
71183.000000,3.000000,585.000061,617.918457,-2.980000,-4.518626,-3.000000,-2.094022,9.891034,0.206790,-5.463804,-3.292748,1.000000
71194.000000,3.000000,586.650024,621.554993,-2.980000,-4.492896,-3.000000,-2.148191,9.682535,0.216200,-5.110853,-5.419798,1.000000
71204.000000,3.000000,586.800049,625.258118,-2.980000,-4.482662,-3.000000,-2.218685,9.617035,-3.226014,-4.687891,-7.104154,1.000000
71214.000000,3.000000,585.300049,628.746704,-2.980000,-4.474458,-3.000000,-2.295850,9.564532,-2.982743,-4.224900,-7.892504,1.000000
71224.000000,3.000000,585.000061,632.209595,-2.980000,-4.466959,-3.000000,-2.396268,9.516535,-5.783885,-3.622390,-10.201046,1.000000
71234.000000,3.000000,585.000061,635.259705,-2.900000,-4.498057,-3.000000,-2.485762,9.676002,-8.968811,-3.145377,-9.018656,1.000000
71244.000000,3.000000,585.000061,637.902649,-2.900000,-4.531789,-3.000000,-2.592719,10.416595,-5.674360,-2.509369,-10.822426,1.000000
71254.000000,3.000000,585.000061,640.389160,-2.900000,-4.617110,-3.000000,-2.703986,10.937314,-10.826511,-1.840832,-9.980732,1.000000
71263.000000,3.000000,585.000061,643.271301,-2.900000,-4.650320,-3.000000,-2.814093,11.190753,-5.153380,-1.182605,-10.226925,1.000000
71273.000000,3.000000,585.000061,645.873291,-2.780000,-4.658320,-3.000000,-2.945313,11.266159,-8.275234,-0.407514,-10.196168,1.000000
71283.000000,3.000000,585.000061,648.462830,-2.780000,-4.638737,-3.000000,-3.056241,11.901006,-5.840441,0.279004,-7.823460,1.000000
71293.000000,3.000000,585.000061,651.127563,-2.780000,-4.626660,-3.000000,-3.145618,11.818542,-3.373311,0.827764,-7.523304,1.000000
71303.000000,3.000000,585.000061,653.302307,-2.780000,-4.639390,-3.000000,-3.204714,11.892311,-6.043358,1.198402,-4.162835,1.000000
71313.000000,3.000000,586.500061,655.523926,-2.780000,-4.635767,-3.000000,-3.250916,11.883043,-2.999827,1.479456,-2.588520,1.000000
71323.000000,3.000000,585.000061,657.249634,-2.780000,-4.615564,-3.000000,-3.287848,11.758220,-4.085654,1.709583,-0.950681,1.000000
71333.000000,3.000000,585.000061,659.174927,-2.780000,-4.637961,-3.000000,-3.297080,11.870112,-5.424213,1.786852,1.443979,1.000000
71343.000000,3.000000,585.000061,661.018677,-2.780000,-4.652888,-3.000000,-3.272089,11.975093,-3.632183,1.648287,3.023987,1.000000
71353.000000,3.000000,585.000061,662.698730,-3.260000,-4.698697,-3.000000,-3.252813,12.253633,-9.072001,1.531364,2.543154,1.000000
71363.000000,3.000000,585.000061,664.457886,-3.260000,-4.723094,-3.000000,-3.211562,9.354506,-3.468037,1.295546,5.452720,1.000000
71373.000000,3.000000,585.000061,666.005005,-3.260000,-4.680363,-3.000000,-3.196269,9.131932,-4.548281,1.187024,3.408741,1.000000
71383.000000,3.000000,585.000061,667.134460,-3.260000,-4.674342,-3.000000,-3.168219,9.049819,-9.302865,1.025957,5.902038,1.000000
71393.000000,3.000000,585.000061,668.273193,-4.060000,-4.621288,-3.000000,-3.137598,8.748977,-2.947331,0.846713,5.849773,1.000000
71403.000000,3.000000,585.000061,669.389587,-4.060000,-4.609616,-3.000000,-3.100507,3.520401,-9.000540,0.630949,5.821064,1.000000
71413.000000,3.000000,585.000061,670.119446,-4.540000,-4.599751,-3.000000,-3.038491,3.448526,-5.192011,0.268192,7.059505,1.000000
71423.000000,3.000000,585.000061,670.631287,-4.540000,-4.647011,-3.000000,-2.980955,0.646082,-9.409174,-0.079216,5.718769,1.000000
71433.000000,3.000000,585.000061,671.074768,-5.140000,-4.724019,-2.880000,-2.919510,1.119959,-11.707419,-0.447990,6.859021,1.000000
71444.000000,3.000000,585.000061,671.961975,-5.140000,-4.790658,-2.880000,-2.856921,-2.278327,-8.806075,-0.100917,6.105123,1.000000
71454.000000,3.000000,586.500061,671.700134,-5.140000,-4.869122,-2.880000,-2.811477,-1.779340,-14.063785,-0.388402,4.982179,1.000000
71463.000000,3.000000,586.800049,671.389893,-5.140000,-4.952922,-2.880000,-2.765347,-1.256876,-14.792547,-0.659391,5.579776,1.000000
71474.000000,3.000000,585.300049,670.903625,-5.140000,-5.052276,-2.880000,-2.727753,-0.633771,-16.434214,-0.893453,3.293728,1.000000
71483.000000,3.000000,585.000061,670.380188,-5.140000,-5.201056,-2.880000,-2.692013,0.283572,-21.091740,-1.103691,3.592039,1.000000
71493.000000,3.000000,585.000061,669.345276,-5.620000,-5.365648,-2.880000,-2.653459,1.338693,-20.286566,-1.339394,3.116407,1.000000
71503.000000,3.000000,585.000061,668.466980,-5.620000,-5.539384,-2.880000,-2.634253,-0.634396,-23.846722,-1.465296,1.703445,1.000000
71513.000000,3.000000,585.000061,667.613708,-5.620000,-5.760689,-2.880000,-2.616058,0.748944,-27.348495,-1.570673,2.351231,1.000000
71523.000000,3.000000,585.000061,666.804321,-5.620000,-5.976318,-2.880000,-2.590555,2.142432,-24.162428,-1.721706,2.523003,1.000000
71533.000000,3.000000,585.000061,665.925720,-5.620000,-6.219104,-2.880000,-2.590484,3.670718,-28.607038,-1.739641,-0.095746,1.000000
71543.000000,3.000000,585.000061,665.020569,-5.620000,-6.488589,-2.880000,-2.568063,5.388220,-28.220608,-1.852043,3.825592,1.000000
71553.000000,3.000000,585.000061,663.488098,-5.620000,-6.721508,-2.880000,-2.544305,6.903348,-24.992386,-2.002596,1.850239,1.000000
71563.000000,3.000000,586.500061,661.609741,-5.620000,-6.975968,-2.880000,-2.525526,8.519809,-27.994736,-2.112484,2.786044,1.000000
71573.000000,3.000000,586.800049,659.384094,-5.620000,-7.165281,-2.880000,-2.488103,9.779834,-20.836452,-2.327900,4.214154,1.000000
71583.000000,3.000000,586.800049,656.803528,-5.620000,-7.357955,-2.880000,-2.455385,11.001312,-23.551456,-2.527486,3.246100,1.000000
71593.000000,3.000000,586.800049,654.648987,-5.620000,-7.535364,-2.000000,-2.416139,12.149118,-19.780043,-2.758422,4.259362,1.000000
71603.000000,3.000000,586.800049,652.181885,-5.620000,-7.685845,-1.320000,-2.379471,13.133807,-16.157135,2.295330,3.248272,1.000000
71613.000000,3.000000,586.800049,649.775879,-5.620000,-7.795280,-1.320000,-2.373268,13.859583,-13.529335,6.322942,1.243938,1.000000
71623.000000,3.000000,586.800049,647.128357,-5.620000,-7.889883,-1.320000,-2.341861,14.480359,-11.517844,6.156210,4.824859,1.000000
71633.000000,3.000000,586.800049,644.400635,-5.620000,-7.902691,-0.360000,-2.313988,14.613947,-4.033495,5.976521,2.771518,1.000000
71643.000000,3.000000,586.800049,641.539124,-5.620000,-7.904114,-0.240000,-2.300841,14.632629,-5.947414,11.650260,3.682945,1.000000
71653.000000,3.000000,586.800049,638.142639,-5.500000,-7.810309,-0.240000,-2.281044,14.094614,2.765244,12.261963,5.070846,1.000000
71663.000000,3.000000,586.800049,635.062134,-5.500000,-7.694366,-0.240000,-2.259821,14.134498,-0.840199,12.134422,4.596684,1.000000
71673.000000,3.000000,585.300049,631.978088,-5.420000,-7.532262,-0.240000,-2.221808,13.112274,6.178329,11.916744,6.987093,1.000000
71683.000000,3.000000,585.000061,628.632202,-4.740000,-7.383946,-0.360000,-2.181289,12.660819,4.629786,11.671141,6.148772,1.000000
71693.000000,3.000000,585.000061,625.201416,-4.740000,-7.216444,-0.840000,-2.145006,15.964923,6.308223,10.729010,7.283119,1.000000
71703.000000,3.000000,585.000061,621.933960,-4.740000,-7.054667,-0.840000,-2.105461,14.908533,9.217817,7.619602,7.534639,1.000000
71713.000000,3.000000,585.000061,618.614929,-4.740000,-6.879827,-0.920000,-2.071178,13.801063,10.005540,7.414857,6.348232,1.000000
71723.000000,3.000000,585.000061,615.246582,-4.660000,-6.722297,-0.920000,-2.016343,12.800815,11.880216,6.607460,6.649801,1.000000
71733.000000,3.000000,585.000061,612.273804,-4.660000,-6.495090,-0.360000,-1.981607,11.889478,15.985072,6.389391,4.687165,1.000000
71743.000000,3.000000,585.000061,609.172607,-4.660000,-6.272374,-0.360000,-1.957142,10.480639,13.267333,9.588285,5.685879,1.000000
71753.000000,3.000000,585.000061,605.867737,-4.140000,-5.972197,0.160000,-1.949399,8.581665,16.523853,9.544451,4.684505,1.000000
71763.000000,3.000000,585.000061,602.605713,-4.140000,-5.772399,0.920000,-1.927288,10.570889,10.752345,12.533895,4.931179,1.000000
71773.000000,3.000000,585.000061,599.285522,-4.140000,-5.492967,0.920000,-1.910808,8.836148,18.515055,16.997746,4.501499,1.000000
71783.000000,3.000000,585.000061,596.376465,-4.140000,-5.278665,0.920000,-1.894820,7.418979,11.155543,16.896246,4.708369,1.000000
71793.000000,3.000000,585.000061,593.581604,-4.140000,-5.055770,0.920000,-1.881520,5.995947,14.356283,16.815399,5.197344,1.000000
71803.000000,3.000000,585.000061,590.184875,-4.060000,-4.852626,0.920000,-1.885385,4.692371,10.844584,16.828552,6.253640,1.000000
71813.000000,3.000000,585.000061,586.978149,-4.060000,-4.669851,0.920000,-1.860249,4.003256,9.296696,16.712162,8.007366,1.000000
71823.000000,3.000000,585.000061,584.161072,-4.060000,-4.545086,0.920000,-1.800466,3.165128,6.729119,16.369856,8.665565,1.000000
71833.000000,3.000000,585.000061,581.216919,-3.460000,-4.456686,0.920000,-1.703904,2.593094,6.370759,15.805441,10.833208,1.000000
71843.000000,3.000000,585.000061,578.588379,-3.460000,-4.378764,0.920000,-1.592755,5.925079,3.369801,15.143955,12.967802,1.000000
71853.000000,3.000000,585.000061,575.891113,-3.460000,-4.251319,0.920000,-1.503068,5.152017,5.760687,14.588482,13.749980,1.000000
71863.000000,3.000000,585.000061,572.811707,-3.460000,-4.117562,0.920000,-1.437429,4.304898,3.455621,14.169498,14.856230,1.000000
71873.000000,3.000000,585.000061,569.868591,-2.900000,-3.951982,1.520000,-1.425943,3.244820,5.235815,14.084679,13.572835,1.000000
71883.000000,3.000000,585.000061,566.652161,-2.980000,-3.835595,1.520000,-1.377684,6.051713,2.543710,17.430824,16.213566,1.000000
71893.000000,3.000000,585.000061,563.626648,-2.980000,-3.741625,1.520000,-1.278380,4.923180,3.167374,16.864765,16.138483,1.000000
71903.000000,3.000000,585.000061,559.967407,-2.980000,-3.676446,1.520000,-1.147624,4.501642,2.523642,16.087677,17.812111,1.000000
71913.000000,3.000000,585.000061,556.900696,-2.980000,-3.596732,1.600000,-1.004020,3.993793,2.973325,15.235168,18.182386,1.000000
71923.000000,3.000000,585.000061,554.091125,-2.900000,-3.527673,1.600000,-0.829585,3.543596,3.944172,14.692981,19.972435,1.000000
71933.000000,3.000000,585.000061,551.155823,-2.900000,-3.454575,1.600000,-0.664111,3.584050,3.118306,13.685160,18.393314,1.000000
71943.000000,3.000000,585.000061,548.155334,-2.900000,-3.356333,1.600000,-0.510862,3.000574,7.118834,12.743904,19.041637,1.000000
71953.000000,3.000000,585.000061,545.547058,-2.900000,-3.256510,2.200000,-0.364208,2.318951,5.883770,11.895844,17.982628,1.000000
71963.000000,3.000000,585.000061,543.274353,-2.900000,-3.220078,2.200000,-0.167211,2.080284,3.582796,14.318836,19.635410,1.000000
71973.000000,3.000000,585.000061,541.278748,-2.900000,-3.154528,2.200000,0.012509,1.677214,5.683566,13.227627,17.341301,1.000000
71983.000000,3.000000,585.000061,539.285095,-2.900000,-3.098593,2.200000,0.176052,1.293694,3.493643,12.245268,17.073736,1.000000
71993.000000,3.000000,585.000061,536.985718,-2.900000,-3.065818,2.200000,0.349264,1.079340,3.142129,11.205531,16.927094,1.000000
72003.000000,3.000000,585.000061,534.353149,-2.900000,-3.013132,2.200000,0.519149,0.763423,5.755916,10.188269,17.602232,1.000000
72013.000000,3.000000,585.000061,532.163940,-2.900000,-2.962961,2.200000,0.636423,0.435097,3.301368,9.444325,14.883779,1.000000
72023.000000,3.000000,585.000061,530.193787,-2.900000,-2.858543,2.200000,0.736226,-0.180844,6.880917,8.839413,14.875044,1.000000
72033.000000,3.000000,585.000061,528.297180,-2.900000,-2.732435,2.200000,0.789131,-0.994949,4.294123,8.487919,12.699391,1.000000
72043.000000,3.000000,585.000061,526.754333,-2.780000,-2.630982,2.200000,0.840026,-1.671478,3.479957,8.195171,12.309752,1.000000
72053.000000,3.000000,585.000061,525.317810,-2.780000,-2.584167,2.200000,0.929536,-1.235532,2.612435,7.692105,11.122561,1.000000
72063.000000,3.000000,585.000061,523.768250,-2.780000,-2.542295,2.200000,1.040100,-1.496074,3.751685,7.024831,10.480840,1.000000
72073.000000,3.000000,585.000061,522.397644,-2.780000,-2.504348,2.200000,1.131113,-1.738022,2.848992,6.459183,9.467879,1.000000
72083.000000,3.000000,585.000061,521.036621,-2.300000,-2.485588,2.200000,1.210751,-1.877356,-0.034995,5.983365,8.814055,1.000000
72093.000000,3.000000,585.000061,520.033997,-2.300000,-2.468679,1.720000,1.290747,1.098514,2.711240,5.505561,7.904478,1.000000
72103.000000,3.000000,585.000061,518.768921,-2.300000,-2.479253,1.720000,1.384031,1.133830,-2.677235,2.068221,9.100212,1.000000
72113.000000,3.000000,585.000061,517.522461,-1.700000,-2.461298,1.600000,1.455541,1.045747,2.163959,1.627859,6.491483,1.000000
72123.000000,3.000000,585.000061,516.548828,-1.700000,-2.478034,1.120000,1.525168,4.965227,-1.271353,0.483276,5.830234,1.000000
72133.000000,3.000000,585.000061,515.990173,-1.700000,-2.453798,1.120000,1.563490,4.857886,2.846607,-2.652009,4.709100,1.000000
72143.000000,3.000000,585.000061,515.632629,-1.700000,-2.442279,1.120000,1.570592,4.751819,-2.596344,-2.701280,3.254972,1.000000
72153.000000,3.000000,585.000061,515.034241,-1.500000,-2.420075,0.440000,1.561216,4.619096,-0.481489,-2.653877,0.459063,1.000000
72163.000000,3.000000,585.000061,514.426331,-1.500000,-2.434073,0.440000,1.551934,5.967561,-3.037463,-6.685200,-0.774119,1.000000
72173.000000,3.000000,585.000061,514.073120,-1.340000,-2.406005,0.440000,1.508037,5.817384,0.457642,-6.438433,-2.084070,1.000000
72183.000000,3.000000,585.000061,513.762512,-1.340000,-2.411011,0.440000,1.460765,6.849429,-2.829231,-6.152102,-2.868159,1.000000
72193.000000,3.000000,585.000061,513.599670,-1.340000,-2.435924,-0.040000,1.419290,6.996334,-3.078164,-5.904057,-5.227039,1.000000
72203.000000,3.000000,585.000061,514.008057,-1.340000,-2.446053,-0.040000,1.371703,7.076568,-0.680076,-8.502203,-5.876221,1.000000
72213.000000,3.000000,585.000061,514.475769,-1.340000,-2.439548,-0.040000,1.286033,7.051534,0.594230,-8.021797,-8.462735,1.000000
72223.000000,3.000000,585.000061,515.210205,-1.340000,-2.438097,-0.040000,1.198737,7.025182,-0.923429,-7.480432,-8.142770,1.000000
72233.000000,3.000000,585.000061,515.691895,-0.820000,-2.431418,-0.720000,1.107273,6.995626,0.264792,-6.944314,-8.956063,1.000000
72243.000000,3.000000,585.000061,516.372314,-0.820000,-2.423760,-0.720000,0.995508,10.276671,0.049366,-10.368523,-10.359694,1.000000
72253.000000,3.000000,585.000061,516.969116,-0.740000,-2.387189,-0.720000,0.843920,10.054690,0.534289,-9.478950,-11.061058,1.000000
72263.000000,3.000000,585.000061,517.480835,-0.740000,-2.343808,-0.720000,0.707386,10.288263,0.459745,-8.642647,-9.505204,1.000000
72273.000000,3.000000,585.000061,518.274658,-0.060000,-2.359932,-1.400000,0.562558,10.352935,-1.593802,-7.779453,-13.285102,1.000000
72283.000000,3.000000,585.000061,519.009766,-0.060000,-2.336384,-1.400000,0.434304,14.591525,3.727324,-11.080524,-12.647952,1.000000
72293.000000,3.000000,585.000061,519.721313,-0.060000,-2.295457,-1.400000,0.296910,14.335587,6.479657,-10.272820,-14.123171,1.000000
72303.000000,3.000000,585.000061,520.518555,-0.060000,-2.247422,-1.400000,0.147820,14.037867,7.274214,-9.375905,-14.757273,1.000000
72313.000000,3.000000,585.000061,521.347717,0.060000,-2.153691,-1.400000,-0.012424,13.479789,12.828238,-8.430820,-15.918389,1.000000
72323.000000,3.000000,585.000061,522.605591,0.060000,-2.002126,-1.920000,-0.202829,13.299472,13.267721,-7.297978,-17.980871,1.000000
72333.000000,3.000000,585.000061,524.308044,0.060000,-1.854884,-1.920000,-0.393940,12.346301,14.256367,-9.271066,-17.275103,1.000000
72343.000000,3.000000,585.000061,526.127869,0.060000,-1.648391,-1.920000,-0.602298,11.075193,20.595810,-8.033406,-19.390377,1.000000
72353.000000,3.000000,585.000061,527.695923,0.060000,-1.469627,-2.800000,-0.815988,9.908309,17.000732,-6.752615,-19.537403,1.000000
72363.000000,3.000000,585.000061,529.519897,0.140000,-1.238106,-2.800000,-1.024029,8.461235,22.606857,-10.779500,-19.513769,1.000000
72373.000000,3.000000,585.000061,531.708984,0.140000,-1.056100,-2.800000,-1.215815,7.772016,17.943962,-9.616508,-18.075047,1.000000
72383.000000,3.000000,585.000061,533.681213,0.140000,-0.812133,-2.800000,-1.410444,6.249448,24.387703,-8.457380,-19.881554,1.000000
72393.000000,3.000000,585.000061,535.638672,0.140000,-0.620413,-2.800000,-1.611066,4.985261,18.961576,-7.252136,-19.395973,1.000000
72403.000000,3.000000,585.000061,537.459045,0.140000,-0.400484,-2.880000,-1.803244,3.600189,22.569466,-6.095287,-18.940660,1.000000
72413.000000,3.000000,585.000061,539.370728,0.140000,-0.216435,-2.880000,-2.001534,2.385891,16.874804,-5.387302,-19.349766,1.000000
72423.000000,3.000000,585.000061,541.494263,0.140000,-0.037265,-2.880000,-2.182303,1.254905,19.457777,-4.291391,-17.394655,1.000000
72433.000000,3.000000,585.000061,543.725891,0.260000,0.127823,-2.880000,-2.363905,0.171437,15.070840,-3.204115,-17.854393,1.000000
72443.000000,3.000000,585.000061,545.949280,0.260000,0.254230,-2.880000,-2.528452,0.121045,13.728215,-2.205790,-15.841945,1.000000
72453.000000,3.000000,585.000061,547.715027,0.260000,0.409762,-3.000000,-2.694581,-0.866868,14.622815,-1.210223,-15.816377,1.000000
72463.000000,3.000000,585.000061,550.210144,0.260000,0.483791,-3.000000,-2.830423,-1.388400,7.340285,-1.093637,-12.262463,1.000000
72473.000000,3.000000,585.000061,552.378418,0.260000,0.607668,-3.000000,-2.954834,-2.153840,11.632958,-0.344819,-12.006271,1.000000
72483.000000,3.000000,585.000061,554.446960,0.260000,0.645128,-3.000000,-3.081296,-2.447694,3.353845,0.418179,-11.428105,1.000000
72493.000000,3.000000,585.000061,556.930115,0.260000,0.701991,-3.000000,-3.172352,-2.784988,8.605373,0.981890,-8.291603,1.000000
72503.000000,3.000000,585.000061,559.423157,0.260000,0.761892,-3.000000,-3.286620,-3.186320,4.281754,1.650746,-10.698530,1.000000
72513.000000,3.000000,585.000061,562.191223,0.260000,0.755325,-3.000000,-3.395295,-3.170534,1.133249,2.309927,-9.174822,1.000000
72523.000000,3.000000,585.000061,564.727722,0.260000,0.803488,-3.000000,-3.484656,-3.452041,4.955629,2.851876,-7.814587,1.000000
72533.000000,3.000000,585.000061,567.050293,0.260000,0.770012,-3.000000,-3.593831,-3.291765,-4.391374,3.496282,-8.315269,1.000000
72543.000000,3.000000,585.000061,569.402100,0.260000,0.761248,-3.000000,-3.689776,-3.212622,1.162419,4.085532,-6.985733,1.000000
72553.000000,3.000000,585.000061,571.594971,0.260000,0.735501,-3.000000,-3.771891,-3.063267,-3.877730,4.585127,-6.924141,1.000000
72563.000000,3.000000,585.000061,574.082947,0.260000,0.695869,-3.000000,-3.842972,-2.813254,-2.430071,5.018384,-5.922979,1.000000
72573.000000,3.000000,585.000061,576.359802,0.260000,0.700085,-3.000000,-3.900200,-2.805072,3.064981,5.364404,-5.954883,1.000000
72583.000000,3.000000,585.000061,578.785034,0.260000,0.651506,-3.000000,-3.965322,-2.543996,-6.173276,5.753280,-5.731816,1.000000
72593.000000,3.000000,585.000061,580.951050,0.340000,0.631675,-3.000000,-4.034912,-2.392536,1.109264,6.165510,-4.657518,1.000000
72603.000000,3.000000,585.000061,582.956360,0.340000,0.603247,-3.000000,-4.096873,-1.707697,-2.199203,6.545403,-4.428902,1.000000
72613.000000,3.000000,585.000061,584.668701,0.340000,0.522407,-3.000000,-4.143226,-1.220649,-5.676768,6.833181,-2.496212,1.000000
72623.000000,3.000000,585.000061,586.767395,0.340000,0.487920,-3.000000,-4.191251,-0.970107,0.264650,7.122010,-2.417842,1.000000
72633.000000,3.000000,585.000061,588.884583,0.340000,0.402101,-3.000000,-4.231508,-0.453843,-6.542273,7.368453,-3.263484,1.000000
72643.000000,3.000000,585.000061,591.524170,0.340000,0.352123,-3.000000,-4.252749,-0.098963,-1.479483,7.503762,-1.135385,1.000000
72653.000000,3.000000,585.000061,593.951172,0.340000,0.341669,-3.000000,-4.280600,-0.018726,-1.301729,7.661479,-2.934057,1.000000
72663.000000,3.000000,585.000061,596.650696,0.340000,0.292507,-3.000000,-4.310109,0.273526,-7.090526,7.844662,-2.414329,1.000000
72673.000000,3.000000,585.000061,598.711121,0.340000,0.279279,-3.000000,-4.331582,0.377827,-1.498691,7.976000,-0.681085,1.000000
72683.000000,3.000000,585.000061,601.325867,0.340000,0.246099,-3.000000,-4.359186,0.569115,-4.320427,8.138283,-1.947820,1.000000
72693.000000,3.000000,585.000061,603.406677,0.340000,0.145100,-3.000000,-4.376808,1.179386,-9.619444,8.253656,-0.731787,1.000000
72703.000000,3.000000,585.000061,606.066162,0.340000,0.083790,-3.000000,-4.397148,1.601604,-4.114594,8.371299,-1.357128,1.000000
72713.000000,3.000000,585.000061,608.120300,0.340000,-0.014910,-3.000000,-4.418349,2.199998,-10.515105,8.499507,-2.111683,1.000000
72723.000000,3.000000,585.000061,610.095032,0.340000,-0.127024,-3.000000,-4.427886,2.922780,-9.860640,8.564346,-0.709918,1.000000
72733.000000,3.000000,585.000061,612.062012,0.340000,-0.192446,-3.000000,-4.435244,3.366936,-6.991607,8.607139,-0.793793,1.000000
72743.000000,3.000000,585.000061,614.011902,0.340000,-0.309396,-3.000000,-4.443462,4.067889,-15.246819,8.655570,-2.538785,1.000000
72753.000000,3.000000,585.000061,616.020569,0.340000,-0.455499,-3.000000,-4.439220,4.994023,-13.496347,8.639305,-0.271063,1.000000
72763.000000,3.000000,585.000061,618.437317,0.420000,-0.589373,-3.000000,-4.439717,5.856405,-11.837674,8.636999,-0.619506,1.000000
72773.000000,3.000000,585.000061,620.901611,0.420000,-0.787179,-3.000000,-4.450121,7.588407,-19.661825,8.696594,-2.428864,1.000000
72783.000000,3.000000,585.000061,623.147949,0.420000,-0.974658,-3.000000,-4.444916,8.812933,-16.388720,8.667718,-0.371549,1.000000
72793.000000,3.000000,585.000061,625.136230,0.420000,-1.151888,-3.000000,-4.463843,9.936853,-18.585329,8.769954,-2.815493,1.000000
72803.000000,3.000000,585.000061,627.063416,0.420000,-1.383276,-3.000000,-4.478884,11.390531,-23.166994,8.864316,-1.746491,1.000000
72813.000000,3.000000,585.000061,629.171082,0.420000,-1.581532,-3.000000,-4.499009,12.681407,-19.889959,8.979730,-1.650700,1.000000
72823.000000,3.000000,585.000061,631.207458,0.420000,-1.813603,-3.000000,-4.532956,14.139132,-24.475645,9.172937,-4.242533,1.000000
72833.000000,3.000000,585.000061,632.917053,0.420000,-2.104543,-3.000000,-4.558400,15.965604,-29.556616,9.337343,-2.276680,1.000000
72843.000000,3.000000,585.000061,634.523682,0.420000,-2.365180,-3.000000,-4.583968,17.658869,-24.961863,9.490019,-2.580543,1.000000
72853.000000,3.000000,585.000061,636.376953,0.420000,-2.672523,-3.000000,-4.622501,19.579304,-31.930536,9.707989,-5.266945,1.000000
72863.000000,3.000000,585.000061,637.890869,0.420000,-3.027944,-3.000000,-4.652888,21.838505,-34.038666,9.902653,-3.441689,1.000000
72873.000000,3.000000,585.000061,639.518860,0.420000,-3.343116,-3.000000,-4.677372,23.880167,-30.286963,10.048951,-3.583522,1.000000
72883.000000,3.000000,585.000061,640.900757,0.540000,-3.713326,-3.000000,-4.714998,26.215122,-35.715210,10.265682,-5.151562,1.000000
72893.000000,3.000000,585.000061,642.304810,0.540000,-4.046556,-3.000000,-4.736859,29.160467,-28.772154,10.412584,-2.603868,1.000000
72903.000000,3.000000,585.000061,643.681641,0.540000,-4.303897,-3.000000,-4.751308,30.858692,-20.865870,10.504057,-1.795220,1.000000
72913.000000,3.000000,585.000061,645.274231,0.540000,-4.530988,-3.000000,-4.770873,32.323330,-19.049751,10.609268,-3.930915,1.000000
72923.000000,3.000000,585.000061,647.180603,0.540000,-4.678821,-3.000000,-4.796596,33.327332,-10.128431,10.765065,-3.616545,1.000000
72933.000000,3.000000,585.000061,649.178955,0.540000,-4.770257,-3.000000,-4.810407,33.945507,-5.283347,10.857988,-1.829397,1.000000
72943.000000,3.000000,585.000061,650.661621,0.540000,-4.778738,-3.000000,-4.815299,34.062061,4.389201,10.890839,-1.506164,1.000000
72953.000000,3.000000,585.000061,652.084167,0.540000,-4.661160,-3.000000,-4.817325,33.390446,15.175611,10.896875,-1.580946,1.000000
72963.000000,3.000000,585.000061,653.303406,0.540000,-4.487896,-3.000000,-4.838142,32.308273,17.148846,11.016841,-1.765940,1.000000
72973.000000,3.000000,585.000061,653.921631,0.540000,-4.237138,-3.000000,-4.841824,30.753815,26.690720,11.055639,0.687032,1.000000
72983.000000,3.000000,585.000061,654.450073,0.540000,-3.909520,-3.000000,-4.827689,28.710464,34.682869,10.982131,2.159537,1.000000
72993.000000,3.000000,585.000061,655.091858,0.620000,-3.528736,-3.000000,-4.804175,26.298838,39.791451,10.841300,0.294506,1.000000
73003.000000,3.000000,585.000061,655.974365,0.620000,-3.085001,-3.000000,-4.776257,24.017239,47.852867,10.672606,0.973559,1.000000
73013.000000,3.000000,585.000061,656.841797,0.620000,-2.582708,-3.000000,-4.746315,20.828680,51.594154,10.498590,2.537366,1.000000
73023.000000,3.000000,585.000061,657.768616,0.620000,-2.033055,-3.000000,-4.711102,17.356001,59.432610,10.292221,4.010785,1.000000
73033.000000,3.000000,585.000061,658.383423,1.220000,-1.369035,-3.000000,-4.663305,13.175690,70.183731,10.009117,4.784391,1.000000
73043.000000,3.000000,585.000061,658.533325,1.820000,-0.672365,-3.000000,-4.617464,12.568770,71.986824,9.733400,4.756779,1.000000
73053.000000,3.000000,585.000061,658.282654,1.820000,0.090136,-3.000000,-4.554852,11.578962,79.697029,9.375944,7.868064,1.000000
73063.000000,3.000000,585.000061,657.933044,1.820000,0.916927,-3.000000,-4.463900,6.321833,84.936798,8.843376,10.096583,1.000000
73073.000000,3.000000,585.000061,657.535034,1.820000,1.796949,-3.000000,-4.364814,0.732250,91.621170,8.252798,10.808567,1.000000
73083.000000,3.000000,585.000061,657.207581,1.820000,2.766867,-3.000000,-4.251462,-5.418329,100.446999,7.577107,11.559379,1.000000
73093.000000,3.000000,585.000061,656.418457,1.820000,3.761317,-3.000000,-4.133524,-11.779639,100.808899,6.876680,12.675078,1.000000
73103.000000,3.000000,585.000061,655.325989,1.820000,4.816792,-3.000000,-3.990257,-18.479546,109.394188,6.036132,15.804104,1.000000
73113.000000,3.000000,585.000061,654.065308,1.820000,5.972874,-3.000000,-3.814184,-25.821014,118.300369,4.996199,18.414627,1.000000
73123.000000,3.000000,585.000061,652.738708,1.820000,7.170799,-3.000000,-3.631375,-33.462959,122.174103,3.901580,18.730650,1.000000
73133.000000,3.000000,585.000061,651.177795,2.300000,8.433685,-3.000000,-3.420178,-41.502388,128.868500,2.655593,22.064795,1.000000
73143.000000,3.000000,585.000061,649.344360,2.300000,9.742395,-3.000000,-3.186138,-46.790539,131.262558,1.267272,24.445568,1.000000
73153.000000,3.000000,585.000061,647.884766,2.300000,11.089345,-3.000000,-2.918377,-55.365139,138.482147,-0.321718,27.323879,1.000000
73163.000000,3.000000,585.000061,646.223328,2.380000,12.547999,-3.000000,-2.627285,-64.636398,148.480484,-2.057457,28.777889,1.000000
73173.000000,3.000000,585.000061,644.726074,2.380000,14.009542,-3.000000,-2.324749,-73.484840,147.502747,-3.863892,30.202768,1.000000
73183.000000,3.000000,585.000061,642.702026,2.380000,15.525622,-3.000000,-1.990382,-83.143303,154.432571,-5.845938,33.718548,1.000000
73193.000000,3.000000,585.000061,640.279236,2.380000,17.116396,-3.000000,-1.601228,-93.279594,161.443787,-8.151598,38.238274,1.000000
73203.000000,3.000000,585.000061,638.138489,1.820000,18.749912,-3.000000,-1.209972,-103.709221,165.379440,-10.503500,37.883583,1.000000
73213.000000,3.000000,585.000061,636.239502,1.220000,20.419338,-3.000000,-0.807945,-117.969017,166.725967,-12.911370,38.860043,1.000000
73223.000000,3.000000,585.000061,633.828735,1.220000,22.038042,-3.000000,-0.409091,-132.231674,156.889877,-15.312736,38.186817,1.000000
73233.000000,3.000000,585.000061,631.337830,0.620000,23.546490,-3.000000,-0.050886,-141.955429,145.969559,-17.494669,33.943741,1.000000
73243.000000,3.000000,585.000061,628.865906,0.620000,24.913382,-3.000000,0.230880,-154.675049,125.367516,-19.243938,25.054981,1.000000
73253.000000,3.000000,585.000061,626.585144,0.620000,25.932667,-3.000000,0.402618,-161.440414,87.542686,-20.345747,14.509121,1.000000
73263.000000,3.000000,585.000061,624.666199,0.620000,26.641884,-3.000000,0.439892,-166.199203,53.208305,-20.650467,1.665024,1.000000
73273.000000,3.000000,585.000061,623.247314,0.540000,26.898556,-3.000000,0.363255,-168.150177,5.071139,-20.255451,-9.707342,1.000000
73283.000000,3.000000,585.000061,621.847107,0.540000,26.697311,-3.000000,0.173718,-167.655426,-38.839058,-19.183882,-21.589441,1.000000
73293.000000,3.000000,585.000061,620.613220,0.540000,26.095942,-3.000000,-0.124242,-164.055298,-77.705956,-17.453621,-31.562389,1.000000
73303.000000,3.000000,585.000061,619.644470,0.540000,25.103153,-3.000000,-0.497883,-157.949219,-116.475189,-15.258018,-40.264904,1.000000
73313.000000,3.000000,585.000061,618.578247,0.540000,23.675249,-3.000000,-0.962112,-149.061386,-147.066635,-12.517185,-46.521343,1.000000
73323.000000,3.000000,585.000061,616.222778,0.540000,22.036575,-3.000000,-1.446600,-138.651901,-165.103058,-9.608604,-47.947830,1.000000
73333.000000,3.000000,585.000061,614.310425,0.540000,20.271463,-3.000000,-1.918908,-127.446556,-182.328949,-6.765474,-46.389854,1.000000
73343.000000,3.000000,585.000061,612.161926,0.540000,18.428102,-3.000000,-2.372644,-115.678421,-186.886963,-4.028081,-43.532848,1.000000
73353.000000,3.000000,585.000061,610.399536,0.540000,16.534620,-3.000000,-2.782294,-103.581375,-190.105148,-1.540279,-38.154400,1.000000
73363.000000,3.000000,585.000061,608.615784,0.540000,14.672161,-3.000000,-3.145433,-91.622772,-183.883743,0.668808,-32.748440,1.000000
73373.000000,3.000000,585.000061,606.082275,0.540000,12.857613,-3.000000,-3.456557,-79.971809,-177.957108,2.568021,-27.692205,1.000000
73383.000000,3.000000,585.000061,604.027588,0.540000,11.160315,-3.000000,-3.710526,-69.018211,-163.734039,4.126313,-22.177492,1.000000
73393.000000,3.000000,585.000061,601.932556,0.540000,9.568390,-3.000000,-3.915390,-58.771107,-154.472260,5.380909,-17.950628,1.000000
73403.000000,3.000000,585.000061,600.119995,0.540000,8.144801,-3.000000,-4.066335,-49.532417,-134.468903,6.320938,-12.317123,1.000000
73413.000000,3.000000,585.000061,598.296448,0.540000,6.848989,-3.000000,-4.165753,-41.167358,-123.151665,6.948363,-7.149372,1.000000
73423.000000,3.000000,585.000061,596.611633,0.540000,5.708217,-3.000000,-4.216789,-33.759045,-106.458595,7.280591,-3.046377,1.000000
73433.000000,3.000000,585.000061,594.806152,0.540000,4.728515,-3.000000,-4.236335,-27.399485,-92.411369,7.412095,-0.652100,1.000000
73443.000000,3.000000,585.000061,592.916992,0.540000,3.862671,-3.000000,-4.234364,-21.784340,-80.830933,7.414470,1.711764,1.000000
73453.000000,3.000000,585.000061,591.141113,0.540000,3.129996,-3.000000,-4.213406,-17.009819,-67.490761,7.293231,2.412199,1.000000
73463.000000,3.000000,585.000061,589.595154,0.540000,2.489508,-3.000000,-4.197078,-12.868743,-60.992237,7.193110,1.973367,1.000000
73473.000000,3.000000,585.000061,587.857971,0.540000,1.926927,-3.000000,-4.172672,-9.211315,-52.121162,7.050445,2.560679,1.000000
73483.000000,3.000000,585.000061,586.379272,0.420000,1.453274,-3.000000,-4.169901,-6.137299,-45.467499,7.016310,-0.382508,1.000000
73493.000000,3.000000,585.000061,584.747070,0.420000,0.969483,-3.000000,-4.173960,-3.806871,-45.106998,7.039189,-0.647529,1.000000
73503.000000,3.000000,585.000061,583.487671,0.420000,0.605676,-3.000000,-4.184794,-1.405812,-33.790321,7.097949,-1.715440,1.000000
73513.000000,3.000000,585.000061,582.452515,0.420000,0.257086,-3.000000,-4.217458,0.832447,-32.620819,7.284525,-3.297790,1.000000
73523.000000,3.000000,585.000061,581.437256,0.420000,-0.024786,-3.000000,-4.242676,2.681298,-25.659767,7.437836,-2.978176,1.000000
73533.000000,3.000000,585.000061,580.347168,0.420000,-0.258569,-3.000000,-4.289375,4.197956,-22.447481,7.705121,-5.139927,1.000000
73543.000000,3.000000,585.000061,579.224243,0.420000,-0.479896,-3.000000,-4.334322,5.629954,-20.017616,7.978549,-4.528004,1.000000
73553.000000,3.000000,585.000061,578.129761,0.420000,-0.636594,-3.000000,-4.384046,6.674250,-13.580829,8.272053,-5.332678,1.000000
73563.000000,3.000000,585.000061,577.025146,0.420000,-0.819484,-3.000000,-4.446743,7.814418,-18.225462,8.644054,-6.052805,1.000000
73573.000000,3.000000,585.000061,575.793274,0.420000,-0.940034,-3.000000,-4.502788,8.639424,-9.955333,8.979827,-6.124188,1.000000
73583.000000,3.000000,585.000061,574.668701,0.420000,-1.047644,-3.000000,-4.583525,9.322120,-10.857163,9.451598,-8.243165,1.000000
73593.000000,3.000000,585.000061,573.455688,0.420000,-1.129455,-3.000000,-4.658949,9.876221,-6.049687,9.909007,-7.531300,1.000000
73603.000000,3.000000,585.000061,572.143799,0.420000,-1.201630,-3.000000,-4.738124,10.335662,-7.951569,10.385242,-8.553908,1.000000
73613.000000,3.000000,585.000061,570.581421,0.420000,-1.253256,-3.000000,-4.809496,10.677771,-5.489990,10.811843,-8.754912,1.000000
73623.000000,3.000000,585.000061,569.155518,0.420000,-1.300628,-3.000000,-4.889858,10.983235,-5.779574,11.292706,-8.751201,1.000000
73633.000000,3.000000,585.000061,568.098816,0.420000,-1.335345,-3.000000,-4.978514,11.222759,-4.083044,11.818794,-8.786661,1.000000
73643.000000,3.000000,585.000061,567.090576,0.420000,-1.335944,-3.000000,-5.059878,11.238678,-4.304669,12.318532,-8.433899,1.000000
73653.000000,3.000000,585.000061,566.122131,0.420000,-1.369792,-3.000000,-5.096500,11.426877,-5.244032,12.571077,-6.769588,1.000000
73663.000000,3.000000,585.000061,565.182739,0.420000,-1.391357,-3.000000,-5.117911,11.581668,-3.339866,12.689690,-5.046103,1.000000
73673.000000,3.000000,585.000061,564.273743,0.420000,-1.412781,-3.000000,-5.144729,11.720738,-3.572341,12.851744,-3.407456,1.000000
73683.000000,3.000000,585.000061,563.306824,0.420000,-1.432393,-3.000000,-5.175632,11.843149,-4.757257,13.041767,-2.948201,1.000000
73693.000000,3.000000,585.000061,562.374207,0.420000,-1.446172,-3.000000,-5.184045,11.937777,-3.152019,13.102329,-1.703044,1.000000
73703.000000,3.000000,585.000061,561.557129,0.420000,-1.450103,-3.000000,-5.187958,11.965139,-3.980888,13.131083,-0.830929,1.000000
73713.000000,3.000000,585.000061,560.899841,0.420000,-1.454248,-3.000000,-5.191518,11.987091,-2.957870,13.143276,0.133333,1.000000
73723.000000,3.000000,585.000061,560.168030,0.420000,-1.449385,-3.000000,-5.206912,11.981592,-2.433496,13.225419,0.530085,1.000000
73733.000000,3.000000,585.000061,559.432678,0.420000,-1.418088,-3.000000,-5.278666,11.780318,-0.961050,13.613451,-0.479295,1.000000
73743.000000,3.000000,585.000061,558.538940,0.420000,-1.383369,-3.000000,-5.351516,11.570842,-1.818331,14.081185,0.790553,1.000000
73753.000000,3.000000,585.000061,557.898315,0.420000,-1.345987,-3.000000,-5.369051,11.314516,-1.469690,14.217196,1.498421,1.000000
73763.000000,3.000000,585.000061,557.021545,0.420000,-1.319293,-3.000000,-5.359974,11.151958,-1.216042,14.172564,0.676702,1.000000
73773.000000,3.000000,585.000061,556.507385,0.420000,-1.286808,-3.000000,-5.323390,10.940477,-0.987411,13.967113,2.420544,1.000000
73783.000000,3.000000,585.000061,555.464294,0.420000,-1.255354,-3.000000,-5.288274,10.745765,-1.207106,13.749209,1.528235,1.000000
73793.000000,3.000000,585.000061,554.840332,0.420000,-1.237663,-3.000000,-5.241275,10.612459,-0.756720,13.484101,2.176624,1.000000
73803.000000,3.000000,585.000061,553.848633,0.420000,-1.245974,-3.000000,-5.177380,10.656223,-1.487607,13.102982,2.785839,1.000000
73813.000000,3.000000,585.000061,553.096802,0.420000,-1.230613,-3.000000,-5.099950,10.577282,1.503701,12.656834,2.852182,1.000000
73823.000000,3.000000,585.000061,552.435181,0.420000,-1.211542,-3.000000,-5.000987,10.457306,0.080662,12.063895,3.351586,1.000000
73833.000000,3.000000,585.000061,551.962524,0.420000,-1.140193,-3.000000,-4.902241,10.042870,2.960983,11.473846,3.449512,1.000000
73843.000000,3.000000,585.000061,551.431030,0.420000,-1.077928,-3.000000,-4.818371,9.621554,1.177544,10.955984,3.024990,1.000000
73853.000000,3.000000,585.000061,550.794495,0.420000,-1.020154,-3.000000,-4.743785,9.252555,3.157563,10.502784,3.428435,1.000000
73863.000000,3.000000,585.000061,550.355774,0.420000,-0.969592,-3.000000,-4.684981,8.925011,1.909579,10.144526,3.521567,1.000000
73873.000000,3.000000,585.000061,549.806274,0.420000,-0.921467,-3.000000,-4.627233,8.612644,2.312160,9.794884,4.210157,1.000000
73883.000000,3.000000,585.000061,549.231750,0.420000,-0.877201,-3.000000,-4.585902,8.327407,1.714931,9.537609,4.171497,1.000000
73893.000000,3.000000,585.000061,548.482361,0.420000,-0.805104,-3.000000,-4.558755,7.889723,4.196081,9.365828,4.218762,1.000000
73903.000000,3.000000,585.000061,548.223083,0.420000,-0.753000,-3.000000,-4.536359,7.541234,2.162705,9.233531,4.421737,1.000000
73913.000000,3.000000,585.000061,548.094238,0.420000,-0.668925,-3.000000,-4.517501,7.032962,4.322446,9.115339,3.354737,1.000000
73923.000000,3.000000,585.000061,548.124573,0.420000,-0.601746,-3.000000,-4.485400,6.576078,2.472383,8.936603,4.867130,1.000000
73933.000000,3.000000,585.000061,548.066711,0.420000,-0.543176,-3.000000,-4.437171,6.199365,3.736773,8.657481,3.740020,1.000000
73943.000000,3.000000,585.000061,548.298950,0.420000,-0.481645,-3.000000,-4.362486,5.807622,4.271697,8.223927,5.380744,1.000000
73953.000000,3.000000,585.000061,548.562195,0.420000,-0.426808,-3.000000,-4.288835,5.453381,4.122303,7.773571,5.334719,1.000000
73963.000000,3.000000,585.000061,549.222595,0.420000,-0.367337,-3.000000,-4.224696,5.078868,4.813752,7.383920,5.460638,1.000000
73973.000000,3.000000,585.000061,549.825500,0.420000,-0.299109,-3.000000,-4.191239,4.650953,4.910043,7.160671,3.731835,1.000000
73983.000000,3.000000,585.000061,550.054077,0.420000,-0.238844,-3.000000,-4.159445,4.252863,3.710467,6.975300,4.375489,1.000000
73993.000000,3.000000,585.000061,550.236389,0.420000,-0.181573,-3.000000,-4.135904,3.881083,3.212932,6.832415,2.316055,1.000000
74003.000000,3.000000,585.000061,550.480896,0.420000,-0.142447,-3.000000,-4.097752,3.620603,3.285856,6.608222,3.220609,1.000000
74013.000000,3.000000,585.000061,550.844116,0.420000,-0.127364,-3.000000,-4.062476,3.507989,2.225778,6.397533,1.930577,1.000000
74023.000000,3.000000,585.000061,551.315369,0.420000,-0.089190,-3.000000,-4.037380,3.288115,4.268605,6.232040,2.327374,1.000000
74033.000000,3.000000,585.000061,551.716003,0.420000,-0.062771,-3.000000,-4.036838,3.109549,2.537758,6.219043,1.489725,1.000000
74043.000000,3.000000,585.000061,551.869812,0.420000,-0.021766,-3.000000,-4.028116,2.856546,2.959435,6.179641,2.726248,1.000000
74053.000000,3.000000,585.000061,552.312500,0.420000,-0.021284,-3.000000,-4.013202,2.807767,1.068897,6.097672,0.817041,1.000000
74063.000000,3.000000,585.000061,552.784058,0.420000,-0.025777,-3.000000,-3.958528,2.854249,2.379469,5.788517,2.975690,1.000000
74073.000000,3.000000,585.000061,553.242493,0.420000,-0.023672,-3.000000,-3.916656,2.842651,1.811648,5.518086,1.639777,1.000000
74083.000000,3.000000,585.000061,553.687988,0.420000,-0.018581,-3.000000,-3.889937,2.813517,1.635257,5.351021,1.807827,1.000000
74093.000000,3.000000,585.000061,554.039673,0.420000,0.000884,-3.000000,-3.875365,2.701233,1.899973,5.257974,2.276049,1.000000
74103.000000,3.000000,585.000061,554.749573,0.420000,0.027354,-3.000000,-3.871912,2.526746,0.681463,5.230549,1.357159,1.000000
74113.000000,3.000000,585.000061,555.342590,0.420000,0.032833,-3.000000,-3.869420,2.477027,0.080402,5.216675,1.226903,1.000000
74123.000000,3.000000,585.000061,555.997192,0.420000,0.034756,-3.000000,-3.871845,2.460567,-0.209512,5.231070,0.310774,1.000000
74133.000000,3.000000,585.000061,556.422668,0.420000,0.016644,-3.000000,-3.878431,2.574714,0.749115,5.265048,0.851370,1.000000
74143.000000,3.000000,585.000061,556.989319,0.420000,0.014896,-3.000000,-3.884138,2.594433,0.183851,5.299888,0.464629,1.000000
74153.000000,3.000000,585.000061,557.240417,0.420000,0.024382,-3.000000,-3.891870,2.539842,1.578266,5.348189,0.646352,1.000000
74163.000000,3.000000,585.000061,557.765564,0.420000,0.057044,-3.000000,-3.885001,2.357527,0.481507,5.314167,1.460598,1.000000
74173.000000,3.000000,585.000061,558.102356,0.420000,0.112044,-3.000000,-3.882608,1.998668,1.967606,5.299117,0.641043,1.000000
74183.000000,3.000000,585.000061,558.821106,0.420000,0.136105,-3.000000,-3.867885,1.833273,-0.027129,5.217223,0.444140,1.000000
74193.000000,3.000000,585.000061,559.740845,0.420000,0.171169,-3.000000,-3.853851,1.608648,1.297878,5.129831,0.511127,1.000000
74203.000000,3.000000,585.000061,560.381775,0.420000,0.179235,-3.000000,-3.849224,1.542469,-0.592980,5.096446,-0.489395,1.000000
74213.000000,3.000000,585.000061,560.903625,0.420000,0.221722,-3.000000,-3.846072,1.295688,2.451545,5.075978,0.309591,1.000000
74223.000000,3.000000,585.000061,561.484009,0.420000,0.241265,-3.000000,-3.856721,1.155910,-1.214044,5.131562,-1.115393,1.000000
74233.000000,3.000000,586.500061,562.066589,0.420000,0.263888,-3.000000,-3.861491,1.006894,-0.436291,5.171458,-0.898620,1.000000
74243.000000,3.000000,585.000061,562.657776,0.420000,0.257473,-3.000000,-3.864447,1.030074,-1.090254,5.187550,-2.047550,1.000000
74253.000000,3.000000,585.000061,563.186462,0.420000,0.250860,-3.000000,-3.855558,1.076142,-0.910965,5.136053,-0.374621,1.000000
74263.000000,3.000000,585.000061,563.631165,0.420000,0.222556,-3.000000,-3.859595,1.242374,-2.601774,5.154649,-1.014489,1.000000
74273.000000,3.000000,585.000061,564.146240,0.420000,0.211696,-3.000000,-3.868420,1.329985,-1.550717,5.203717,-1.146361,1.000000
74283.000000,3.000000,585.000061,564.823486,0.420000,0.189268,-3.000000,-3.880419,1.463970,-2.946245,5.275649,-1.903597,1.000000
74293.000000,3.000000,585.000061,565.668884,0.420000,0.166784,-3.000000,-3.898716,1.605061,-1.962552,5.384223,-2.656425,1.000000
74303.000000,3.000000,585.000061,566.344055,0.420000,0.118221,-3.000000,-3.911911,1.900079,-4.032371,5.464482,-2.548635,1.000000
74313.000000,3.000000,585.000061,567.072815,0.420000,0.109962,-3.000000,-3.930914,1.986367,-1.063687,5.570918,-2.966249,1.000000
74323.000000,3.000000,585.000061,567.669189,0.420000,0.092070,-3.000000,-3.949840,2.091483,-2.524938,5.687190,-2.565938,1.000000
74333.000000,3.000000,585.000061,567.935425,0.420000,0.105366,-3.000000,-3.971544,2.023000,-0.916405,5.817614,-2.450504,1.000000
74343.000000,3.000000,585.000061,568.274902,0.420000,0.110242,-3.000000,-3.997852,1.987766,-1.243615,5.970798,-3.512201,1.000000
74353.000000,3.000000,585.000061,569.311401,0.420000,0.131926,-3.000000,-4.009763,1.855926,0.795606,6.056668,-2.791947,1.000000
74363.000000,3.000000,585.000061,570.292114,0.420000,0.140467,-3.000000,-4.014534,1.796870,1.872472,6.084566,-2.594479,1.000000
74373.000000,3.000000,585.000061,571.003418,0.420000,0.184869,-3.000000,-4.014205,1.547652,2.514489,6.086060,-1.397462,1.000000
74383.000000,3.000000,585.000061,571.537048,0.420000,0.237727,-3.000000,-4.020884,1.194192,3.710253,6.120755,-1.863820,1.000000
74393.000000,3.000000,585.000061,572.100464,0.420000,0.316981,-3.000000,-4.010844,0.725327,5.628110,6.073537,-0.260878,1.000000
74403.000000,3.000000,585.000061,572.601318,0.420000,0.407543,-3.000000,-4.006022,0.135592,7.347970,6.038924,-0.935076,1.000000
74413.000000,3.000000,585.000061,573.233154,0.420000,0.483214,-3.000000,-3.996657,-0.356031,7.084853,5.978880,-0.861217,1.000000
74423.000000,3.000000,585.000061,573.643250,0.420000,0.573539,-3.000000,-4.001886,-0.923189,9.550250,6.010755,-0.651699,1.000000
74433.000000,3.000000,585.000061,574.203064,0.420000,0.667490,-3.000000,-3.988456,-1.519455,10.297565,5.937581,0.220700,1.000000
74443.000000,3.000000,585.000061,574.297058,0.420000,0.775102,-3.000000,-3.984580,-2.202831,11.746502,5.908104,-0.772564,1.000000
74453.000000,3.000000,585.000061,574.809021,0.420000,0.889019,-3.000000,-3.985688,-2.925423,11.308769,5.910606,-1.161638,1.000000
74463.000000,3.000000,585.000061,575.226074,0.420000,1.022690,-3.000000,-3.990838,-3.768941,13.555568,5.943611,-1.124696,1.000000
74473.000000,3.000000,585.000061,575.889160,0.420000,1.138189,-3.000000,-3.992890,-4.525357,11.420647,5.954481,-2.183968,1.000000
74483.000000,3.000000,585.000061,576.468567,0.420000,1.255274,-3.000000,-4.000440,-5.269207,13.679819,5.994284,-2.050355,1.000000
74493.000000,3.000000,585.000061,576.820801,0.420000,1.366295,-3.000000,-4.018421,-5.985326,13.267359,6.097246,-2.510101,1.000000
74503.000000,3.000000,585.000061,576.765259,0.420000,1.508808,-3.000000,-4.049158,-6.871793,15.616107,6.272518,-2.467994,1.000000
74513.000000,3.000000,586.500061,576.722900,0.420000,1.641740,-3.000000,-4.092040,-7.736825,13.970992,6.530849,-3.691184,1.000000
74523.000000,3.000000,585.000061,576.718811,0.420000,1.787041,-3.000000,-4.119885,-8.653195,15.559299,6.704035,-3.091481,1.000000
74533.000000,3.000000,586.500061,576.711304,0.420000,1.937779,-3.000000,-4.150843,-9.617331,14.579497,6.885767,-4.418385,1.000000
74543.000000,3.000000,586.800049,576.689209,0.420000,2.090511,-3.000000,-4.179808,-10.596566,14.556901,7.057812,-3.771429,1.000000
74553.000000,3.000000,585.300049,576.652222,0.420000,2.225273,-3.000000,-4.224313,-11.475463,13.001067,7.321341,-5.415791,1.000000
74563.000000,3.000000,585.000061,576.535217,0.420000,2.344165,-3.000000,-4.262928,-12.241134,12.550994,7.553020,-5.199172,1.000000
74573.000000,3.000000,585.000061,576.274475,0.420000,2.464234,-3.000000,-4.309437,-13.001154,12.246490,7.827868,-5.552172,1.000000
74583.000000,3.000000,585.000061,576.041199,0.420000,2.570790,-3.000000,-4.342978,-13.700549,9.069158,8.039649,-4.386819,1.000000
74593.000000,3.000000,585.000061,576.107788,0.420000,2.691967,-3.000000,-4.380445,-14.466425,9.869874,8.257407,-4.751473,1.000000
74603.000000,3.000000,585.000061,576.390625,0.420000,2.781418,-3.000000,-4.418905,-15.055737,7.494900,8.490563,-4.007574,1.000000
74613.000000,3.000000,586.500061,576.498840,0.420000,2.860655,-3.000000,-4.452230,-15.580561,6.629986,8.696920,-3.613970,1.000000
74623.000000,3.000000,586.800049,576.424561,0.420000,2.901436,-3.000000,-4.472764,-15.857080,3.724292,8.823455,-2.874251,1.000000
74633.000000,3.000000,585.300049,576.529846,0.420000,2.976340,-3.000000,-4.497007,-16.309671,6.222706,8.967181,-3.068282,1.000000
74643.000000,3.000000,585.000061,576.415710,0.420000,3.019229,-3.000000,-4.507955,-16.606861,2.025214,9.044598,-2.374474,1.000000
74653.000000,3.000000,585.000061,576.471497,0.420000,3.087390,-3.000000,-4.525956,-17.036280,3.903212,9.139853,-3.820653,1.000000
74663.000000,3.000000,585.000061,576.362488,0.420000,3.118320,-3.000000,-4.541425,-17.244221,0.529136,9.237345,-2.291610,1.000000
74673.000000,3.000000,585.000061,576.512878,0.420000,3.177204,-3.000000,-4.573286,-17.621094,1.975183,9.417026,-2.847563,1.000000
74683.000000,3.000000,585.000061,576.498657,0.420000,3.169021,-3.000000,-4.610323,-17.611082,-1.894674,9.640102,-3.448965,1.000000
74693.000000,3.000000,585.000061,576.401917,0.340000,3.153158,-3.000000,-4.628523,-17.508123,-1.448895,9.764488,-3.585292,1.000000
74703.000000,3.000000,585.000061,576.557312,0.340000,3.087819,-3.000000,-4.646837,-17.632559,-3.336365,9.867024,-4.345650,1.000000
74713.000000,3.000000,585.000061,576.817566,0.420000,3.068897,-3.000000,-4.667225,-17.470694,-1.882757,9.993178,-3.578978,1.000000
74723.000000,3.000000,585.000061,576.628479,0.420000,3.052700,-3.000000,-4.699032,-16.851246,-3.321471,10.173174,-4.790131,1.000000
74733.000000,3.000000,585.000061,576.100952,0.420000,3.064958,-3.000000,-4.724132,-16.926008,-3.239938,10.332496,-3.713589,1.000000
74743.000000,3.000000,585.000061,575.788147,0.420000,3.040244,-3.000000,-4.764174,-16.791187,-3.581861,10.560576,-5.276843,1.000000
74753.000000,3.000000,585.000061,575.781067,0.420000,3.010308,-3.000000,-4.779699,-16.597473,-2.860216,10.672482,-3.876882,1.000000
74763.000000,3.000000,585.000061,575.914917,0.420000,2.964344,-3.000000,-4.800168,-16.316931,-3.324128,10.787444,-4.931324,1.000000
74773.000000,3.000000,585.000061,575.917725,0.420000,2.928397,-3.000000,-4.814007,-16.070768,-2.701662,10.872159,-4.041228,1.000000
74783.000000,3.000000,585.000061,576.238342,0.420000,2.890741,-3.000000,-4.843865,-15.840134,-2.739714,11.044147,-4.528205,1.000000
74793.000000,3.000000,585.000061,576.059326,0.420000,2.853266,-3.000000,-4.864802,-15.599179,-4.109798,11.174140,-4.662313,1.000000
74803.000000,3.000000,585.000061,575.977539,0.420000,2.808172,-3.000000,-4.886004,-15.315818,-3.207402,11.306920,-4.214205,1.000000
74813.000000,3.000000,585.000061,576.147461,0.420000,2.754150,-3.000000,-4.894754,-14.979327,-3.532497,11.365837,-4.607113,1.000000
74823.000000,3.000000,585.000061,576.500366,0.420000,2.683558,-3.000000,-4.905463,-14.529513,-2.873054,11.419704,-4.046494,1.000000
74833.000000,3.000000,585.000061,576.576111,0.420000,2.615545,-3.000000,-4.914860,-14.093399,-2.769435,11.490306,-2.780115,1.000000
74843.000000,3.000000,585.000061,576.844666,0.420000,2.562287,-3.000000,-4.913303,-13.737045,-1.962818,11.479823,-1.999909,1.000000
74853.000000,3.000000,585.000061,576.592041,0.420000,2.523141,-3.000000,-4.911695,-13.487653,-1.693117,11.474957,-1.872278,1.000000
74863.000000,3.000000,585.000061,576.800659,0.420000,2.477944,-3.000000,-4.892146,-13.199305,-2.909677,11.369227,0.847214,1.000000
74873.000000,3.000000,585.000061,577.024719,0.420000,2.459559,-3.000000,-4.869323,-13.058194,0.282496,11.233406,0.058013,1.000000
74883.000000,3.000000,585.000061,577.153259,0.420000,2.434233,-3.000000,-4.842482,-12.905008,-1.485108,11.065925,1.377440,1.000000
74893.000000,3.000000,585.000061,577.226501,0.420000,2.435969,-3.000000,-4.834523,-12.899467,0.664558,11.008567,0.934638,1.000000
74903.000000,3.000000,585.000061,577.200378,0.420000,2.427450,-3.000000,-4.817889,-12.851005,-0.173728,10.918510,2.908371,1.000000
74913.000000,3.000000,583.500000,577.179932,0.340000,2.437910,-3.000000,-4.803266,-12.907493,0.622817,10.834004,1.941501,1.000000
74923.000000,3.000000,582.000000,577.680359,0.340000,2.437756,-3.000000,-4.768277,-13.429901,0.118339,10.632943,2.846587,1.000000
74933.000000,3.000000,580.500000,578.233643,0.340000,2.449955,-3.000000,-4.725950,-13.493140,0.663554,10.383651,3.181710,1.000000
74943.000000,3.000000,579.000000,578.288391,0.340000,2.453907,-3.000000,-4.680392,-13.526511,1.381918,10.108123,3.434815,1.000000
74953.000000,3.000000,577.500000,578.046448,0.340000,2.457013,-3.000000,-4.640215,-13.541672,-0.078309,9.865923,3.938087,1.000000
74963.000000,3.000000,576.000000,578.009583,0.340000,2.460225,-3.000000,-4.610119,-13.576278,0.218669,9.676088,3.305886,1.000000
74973.000000,3.000000,574.499939,578.272644,0.340000,2.463781,-3.000000,-4.587659,-13.579590,0.013046,9.537904,3.223720,1.000000
74983.000000,3.000000,572.999939,578.673157,0.340000,2.491500,-3.000000,-4.560951,-13.756347,0.101206,9.384599,3.940957,1.000000
74993.000000,3.000000,571.499939,578.861389,0.340000,2.493051,-3.000000,-4.532317,-13.781163,-1.193199,9.212880,3.249747,1.000000
75003.000000,3.000000,569.999939,579.114197,0.340000,2.483181,-3.000000,-4.491436,-13.736383,-1.970589,8.976345,3.918211,1.000000
75013.000000,3.000000,568.499939,579.606995,0.340000,2.443186,-3.000000,-4.446714,-13.486453,-3.080459,8.707772,4.289124,1.000000
75023.000000,3.000000,566.999939,580.375977,0.340000,2.401673,-3.000000,-4.390607,-13.219207,-2.826180,8.382179,4.956699,1.000000
75033.000000,3.000000,565.499878,581.177368,0.340000,2.338608,-3.000000,-4.342505,-12.840068,-4.773907,8.079841,3.771191,1.000000
75043.000000,3.000000,563.999878,581.879578,0.340000,2.260835,-3.000000,-4.291745,-12.347297,-4.430997,7.785845,3.953235,1.000000
75053.000000,3.000000,562.499878,582.201111,0.340000,2.156587,-3.000000,-4.247586,-11.695444,-5.346975,7.503485,3.445127,1.000000
75063.000000,3.000000,560.999878,582.549255,0.340000,2.063894,-3.000000,-4.218000,-11.084811,-5.001788,7.320125,4.532898,1.000000
75073.000000,3.000000,559.499878,582.997192,0.340000,1.975739,-3.000000,-4.210873,-10.519416,-5.695012,7.269865,4.273349,1.000000
75083.000000,3.000000,557.999878,583.686951,0.340000,1.905758,-3.000000,-4.203351,-10.064593,-6.133652,7.229316,3.962714,1.000000
75093.000000,3.000000,556.499817,584.090881,0.340000,1.846827,-3.000000,-4.191715,-9.679295,-5.571925,7.156122,4.183565,1.000000
75103.000000,3.000000,554.999817,584.650330,0.340000,1.793780,-3.000000,-4.171150,-9.339652,-5.967647,7.043252,3.669901,1.000000
75113.000000,3.000000,553.499817,585.273132,0.420000,1.758347,-3.000000,-4.129565,-9.098839,-4.985822,6.803349,5.582857,1.000000
75123.000000,3.000000,551.999817,585.606506,0.420000,1.723567,-3.000000,-4.084542,-8.364012,-5.027869,6.540988,4.615996,1.000000
75133.000000,3.000000,550.499817,585.913330,0.420000,1.690783,-3.000000,-4.021515,-8.153119,-3.719779,6.164306,5.436544,1.000000
75143.000000,3.000000,548.999756,585.511658,0.420000,1.651313,-3.000000,-3.971110,-7.907772,-4.200394,5.858385,4.214026,1.000000
75153.000000,3.000000,547.499756,585.621826,0.340000,1.618259,-3.000000,-3.911796,-7.689346,-2.770525,5.504970,5.010560,1.000000
75163.000000,3.000000,545.999756,585.987488,0.340000,1.575249,-3.000000,-3.858617,-7.934934,-4.139337,5.184382,4.290713,1.000000
75173.000000,3.000000,544.499756,586.223877,0.420000,1.555761,-3.000000,-3.813454,-7.790412,-2.361534,4.900273,4.033211,1.000000
75183.000000,3.000000,542.999756,586.671204,0.420000,1.523547,-3.000000,-3.786844,-7.083573,-3.736897,4.735903,3.032630,1.000000
75193.000000,3.000000,541.499756,587.250244,0.420000,1.501918,-3.000000,-3.762849,-6.939725,-2.138603,4.592102,2.742226,1.000000
75203.000000,3.000000,539.999695,587.975281,0.420000,1.470044,-3.000000,-3.727068,-6.738811,-4.279934,4.386402,2.358683,1.000000
75213.000000,3.000000,538.499695,588.126831,0.420000,1.449933,-3.000000,-3.696718,-6.607248,-3.402363,4.198297,0.450955,1.000000
75223.000000,3.000000,536.999695,588.700439,0.420000,1.408085,-3.000000,-3.675524,-6.353041,-5.846006,4.060739,-0.014955,1.000000
75233.000000,3.000000,535.499695,589.061218,0.420000,1.368110,-3.000000,-3.672214,-6.098910,-5.112024,4.035391,-1.712845,1.000000
75243.000000,3.000000,533.999695,589.409668,0.420000,1.308669,-3.000000,-3.674240,-5.729413,-6.613553,4.040470,-2.142582,1.000000
75253.000000,3.000000,532.499695,589.451355,0.420000,1.248218,-3.000000,-3.696242,-5.340955,-5.845336,4.159411,-3.304018,1.000000
75263.000000,3.000000,530.999634,589.347595,0.420000,1.175918,-3.000000,-3.726753,-4.885429,-6.709194,4.339396,-3.291114,1.000000
75273.000000,3.000000,529.499634,589.087524,0.420000,1.106690,-3.000000,-3.755938,-4.435285,-6.226625,4.519522,-3.939992,1.000000
75283.000000,3.000000,527.999634,588.882629,0.420000,1.057901,-3.000000,-3.778248,-4.108199,-4.571973,4.653574,-3.587051,1.000000
75293.000000,3.000000,526.499634,588.643127,0.420000,1.013162,-3.000000,-3.811564,-3.823840,-5.057918,4.846005,-4.279161,1.000000
75303.000000,3.000000,524.999634,588.543823,0.420000,0.988610,-3.000000,-3.853224,-3.652185,-2.672171,5.091890,-3.845168,1.000000
75313.000000,3.000000,523.499634,588.455505,0.420000,0.963917,-3.000000,-3.894369,-3.498819,-3.580681,5.342541,-2.826947,1.000000
75323.000000,3.000000,521.999573,588.536926,0.420000,0.951431,-3.000000,-3.933687,-3.408843,-1.383853,5.579757,-3.433349,1.000000
75333.000000,3.000000,520.499573,588.433899,0.420000,0.930917,-3.000000,-3.972193,-3.279449,-2.433756,5.808968,-3.204099,1.000000
75343.000000,3.000000,518.999573,588.027588,0.420000,0.929288,-3.000000,-4.007727,-3.261801,-0.424968,6.029217,-2.736380,1.000000
75353.000000,3.000000,517.499573,587.580933,0.420000,0.909216,-3.000000,-4.027875,-3.145388,-2.407962,6.155319,-1.417009,1.000000
75363.000000,3.000000,515.999573,587.399292,0.420000,0.911670,-3.000000,-4.048938,-3.143636,0.198215,6.283004,-2.245171,1.000000
75373.000000,3.000000,514.499573,587.286743,0.420000,0.898758,-3.000000,-4.066175,-3.068398,-1.026132,6.383815,-2.439113,1.000000
75383.000000,3.000000,512.999512,587.142517,0.420000,0.901637,-3.000000,-4.087617,-3.083339,0.098871,6.513960,-2.397043,1.000000
75393.000000,3.000000,511.499512,586.823303,0.420000,0.884431,-3.000000,-4.108315,-2.985666,-0.283683,6.635450,-2.520136,1.000000
75403.000000,3.000000,509.999512,586.310791,0.420000,0.872069,-3.000000,-4.127997,-2.898696,0.043776,6.755384,-2.260276,1.000000
75413.000000,3.000000,508.499512,585.891357,0.420000,0.868605,-3.000000,-4.152386,-2.873034,0.346471,6.901749,-2.221872,1.000000
75423.000000,3.000000,506.999481,585.647949,0.420000,0.874503,-3.000000,-4.162126,-2.895678,0.342336,6.970983,-1.005115,1.000000
75433.000000,3.000000,505.499481,585.080994,0.420000,0.890797,-3.000000,-4.170097,-3.004200,2.145092,7.017157,-1.274403,1.000000
75443.000000,3.000000,503.999481,585.068176,0.420000,0.896473,-3.000000,-4.173911,-3.041776,0.897678,7.039447,-1.327733,1.000000
75453.000000,3.000000,502.499451,584.096924,0.420000,0.926122,-3.000000,-4.176250,-3.217901,3.621689,7.059139,-0.732672,1.000000
75463.000000,3.000000,500.999451,583.411865,0.420000,0.945570,-3.000000,-4.168925,-3.348000,2.221714,7.019614,-1.407413,1.000000
75473.000000,3.000000,499.499451,582.177246,0.420000,1.001524,-3.000000,-4.161592,-3.685020,5.060609,6.973766,-0.845750,1.000000
75483.000000,3.000000,497.999420,581.581970,0.420000,1.049066,-3.000000,-4.155149,-3.992030,4.433183,6.935005,-0.676137,1.000000
75493.000000,3.000000,496.499420,580.736694,0.540000,1.116033,-3.000000,-4.154323,-4.413424,5.944917,6.924708,-1.101510,1.000000
75503.000000,3.000000,494.999420,579.542480,0.540000,1.168538,-3.000000,-4.155340,-3.990309,5.552187,6.933088,-0.560339,1.000000
75513.000000,3.000000,493.499390,578.354797,0.540000,1.243552,-3.000000,-4.151289,-4.445308,6.412274,6.907030,-0.762122,1.000000
75523.000000,3.000000,491.999390,576.935547,0.540000,1.318817,-3.000000,-4.160072,-4.936352,6.481695,6.953496,-0.625285,1.000000
75533.000000,3.000000,490.499390,575.719788,0.540000,1.395611,-3.000000,-4.172877,-5.430038,5.859352,7.028034,-1.864387,1.000000
75543.000000,3.000000,488.999359,574.658142,0.540000,1.483853,-3.000000,-4.174359,-5.980576,7.101096,7.044891,-0.204389,1.000000
75553.000000,3.000000,487.499359,573.428162,0.540000,1.564020,-3.000000,-4.184453,-6.505663,5.732083,7.099674,-1.870197,1.000000
75563.000000,3.000000,485.999359,572.210449,0.540000,1.635606,-3.000000,-4.193147,-6.970921,6.230940,7.150578,-1.622753,1.000000
75573.000000,3.000000,484.499329,570.917358,0.540000,1.694864,-3.000000,-4.207914,-7.352993,6.088969,7.239724,-1.791315,1.000000
75583.000000,3.000000,482.999329,569.855164,0.540000,1.751829,-3.000000,-4.216715,-7.719133,6.945183,7.292819,-1.256637,1.000000
75593.000000,3.000000,481.499329,568.470093,0.540000,1.818951,-3.000000,-4.235978,-8.144224,5.838122,7.404593,-1.065388,1.000000
75603.000000,3.000000,479.999298,567.457275,0.540000,1.900699,-3.000000,-4.243449,-8.645807,7.249255,7.457027,-0.618030,1.000000
75613.000000,3.000000,478.499298,566.395996,0.540000,2.007121,-3.000000,-4.252150,-9.325573,6.759923,7.507390,-0.708106,1.000000
75623.000000,3.000000,476.999268,564.890747,0.540000,2.112557,-3.000000,-4.270161,-9.995486,8.108687,7.609829,-1.325040,1.000000
75633.000000,3.000000,475.499268,563.592590,0.540000,2.206533,-3.000000,-4.277617,-10.603498,7.889410,7.662629,-0.153201,1.000000
75643.000000,3.000000,473.999268,562.069824,0.540000,2.300964,-3.000000,-4.288370,-11.216697,8.563136,7.724507,-0.263438,1.000000
75653.000000,3.000000,472.499237,560.074951,0.540000,2.378692,-3.000000,-4.280446,-11.712509,8.344292,7.690081,0.950342,1.000000
75663.000000,3.000000,470.999237,557.481750,0.540000,2.475496,-3.000000,-4.270013,-12.325045,9.624778,7.629018,0.689873,1.000000
75673.000000,3.000000,469.499237,554.624817,0.620000,2.552905,-3.000000,-4.256838,-12.830670,8.968359,7.550603,1.311231,1.000000
75683.000000,3.000000,467.999207,552.092957,0.620000,2.663933,-3.000000,-4.239633,-13.010202,10.734187,7.448865,1.156864,1.000000
75693.000000,3.000000,466.499207,549.431763,0.620000,2.728312,-3.000000,-4.227348,-13.460361,7.652565,7.369729,1.605785,1.000000
75703.000000,3.000000,464.999207,547.323975,0.620000,2.787931,-3.000000,-4.210575,-13.839470,9.218820,7.278102,1.650016,1.000000
75713.000000,3.000000,463.499176,545.492188,0.620000,2.810631,-3.000000,-4.185449,-14.011579,6.033843,7.125938,2.063168,1.000000
75723.000000,3.000000,461.999176,544.006348,0.740000,2.845209,-3.000000,-4.159934,-14.215352,7.776873,6.978573,1.931480,1.000000
75733.000000,3.000000,460.499176,542.621704,0.740000,2.862794,-3.000000,-4.123682,-13.579836,5.093932,6.763424,2.798636,1.000000
75743.000000,3.000000,458.999146,540.555115,0.740000,2.884022,-3.000000,-4.086902,-13.701085,5.608862,6.545425,3.002211,1.000000
75753.000000,3.000000,457.499146,538.529968,0.740000,2.904608,-3.000000,-4.031443,-13.841525,4.202680,6.220688,4.728255,1.000000
75763.000000,3.000000,455.999146,536.574097,0.740000,2.927024,-3.000000,-3.976871,-13.978423,4.579904,5.896352,4.495029,1.000000
75773.000000,3.000000,454.499115,534.158142,0.740000,2.954226,-3.000000,-3.919095,-14.150577,5.108101,5.544890,4.843361,1.000000
75783.000000,3.000000,452.999115,531.823669,0.740000,3.004185,-3.000000,-3.868674,-14.455399,4.407328,5.241594,5.567891,1.000000
75793.000000,3.000000,451.499115,529.272522,0.740000,3.031371,-3.000000,-3.824778,-14.652785,3.659324,4.972107,4.746341,1.000000
75803.000000,3.000000,449.999084,526.707275,0.740000,3.054597,-3.000000,-3.779859,-14.798179,3.458066,4.709506,5.531230,1.000000
75813.000000,3.000000,448.499084,524.237610,0.820000,3.057811,-3.000000,-3.739254,-14.838117,3.040087,4.455947,4.922779,1.000000
75823.000000,3.000000,446.999084,521.792358,0.820000,3.064237,-3.000000,-3.694747,-14.355750,2.613236,4.199428,5.602036,1.000000
75833.000000,3.000000,445.499054,519.332336,1.420000,3.086390,-3.000000,-3.646971,-14.491162,3.300833,3.909754,5.409255,1.000000
75843.000000,3.000000,443.999054,516.886292,1.420000,3.104085,-3.000000,-3.599101,-10.765464,2.364941,3.622099,5.143255,1.000000
75853.000000,3.000000,442.499054,514.897827,1.420000,3.131428,-3.000000,-3.545774,-10.934336,3.098081,3.307026,5.083334,1.000000
75863.000000,3.000000,440.999023,512.629089,1.420000,3.141980,-3.000000,-3.495111,-11.015472,2.253561,3.005446,4.569989,1.000000
75873.000000,3.000000,439.499023,510.708344,1.900000,3.171412,-3.000000,-3.425025,-11.189025,3.521374,2.590130,4.955958,1.000000
75883.000000,3.000000,437.999023,508.610260,1.900000,3.182829,-3.000000,-3.362919,-8.203760,2.609035,2.213714,5.002839,1.000000
75893.000000,3.000000,436.498993,506.376648,1.900000,3.219714,-3.000000,-3.289486,-8.417209,4.466723,1.781595,5.977669,1.000000
75903.000000,3.000000,434.998993,503.480652,1.900000,3.247653,-3.000000,-3.227284,-8.612361,3.529723,1.398006,5.609636,1.000000
75913.000000,3.000000,433.498993,500.337128,1.900000,3.298065,-3.000000,-3.178420,-8.906136,4.711555,1.098800,5.298662,1.000000
75923.000000,3.000000,431.998962,497.547089,1.900000,3.343017,-3.000000,-3.133947,-9.211726,4.284650,0.826017,5.353036,1.000000
75933.000000,3.000000,430.498962,494.915131,1.900000,3.384622,-3.000000,-3.091497,-9.475852,4.581410,0.580529,4.880286,1.000000
75943.000000,3.000000,428.998962,492.011688,1.900000,3.424838,-3.000000,-3.022564,-9.731590,6.103600,0.176404,5.605867,1.000000
75953.000000,3.000000,427.498932,489.332153,2.020000,3.463944,-3.000000,-2.968015,-9.980873,5.530123,-0.160585,4.492701,1.000000
75963.000000,3.000000,425.998932,486.424011,2.020000,3.520788,-3.000000,-2.911027,-9.565511,7.259677,-0.500380,5.141672,1.000000
75973.000000,3.000000,424.498901,483.510193,2.020000,3.574117,-3.000000,-2.854271,-9.910605,6.614318,-0.839504,5.009953,1.000000
75983.000000,3.000000,422.998901,480.944061,2.020000,3.634426,-3.000000,-2.799288,-10.298243,7.501634,-1.167543,5.639560,1.000000
75993.000000,3.000000,421.498901,478.609680,2.020000,3.698239,-3.000000,-2.751950,-10.690928,8.089118,-1.469725,5.976144,1.000000
76003.000000,3.000000,419.998871,475.897217,2.020000,3.774665,-3.000000,-2.714972,-11.183411,7.648082,-1.684344,5.819960,1.000000
76013.000000,3.000000,418.498871,473.126038,2.100000,3.837331,-3.000000,-2.664939,-11.589614,7.607763,-1.982971,5.911299,1.000000
76023.000000,3.000000,416.998871,470.386658,2.100000,3.894018,-3.000000,-2.636942,-11.450925,6.813331,-2.161068,3.785699,1.000000
76033.000000,3.000000,415.498840,467.895142,2.100000,3.951652,-3.000000,-2.620355,-11.808406,7.033875,-2.281796,3.726559,1.000000
76043.000000,3.000000,413.998840,465.776489,2.100000,3.981893,-3.000000,-2.617273,-12.032143,3.289256,-2.291247,4.043240,1.000000
76053.000000,3.000000,412.498840,463.730804,2.100000,4.010496,-3.000000,-2.626657,-12.213867,4.510468,-2.245814,2.509670,1.000000
76063.000000,3.000000,410.998810,461.538177,2.100000,4.005136,-3.000000,-2.627335,-12.196856,2.117951,-2.237433,2.246586,1.000000
76073.000000,3.000000,409.498810,459.435516,2.100000,4.021656,-3.000000,-2.622363,-12.287463,2.993729,-2.257987,1.105943,1.000000
76083.000000,3.000000,407.998810,456.607941,2.100000,4.044596,-3.000000,-2.620576,-12.421936,2.739154,-2.285171,0.579590,1.000000
76093.000000,3.000000,406.498779,454.055328,2.100000,4.074039,-3.000000,-2.619706,-12.625879,0.416668,-2.277020,1.160930,1.000000
76103.000000,3.000000,404.998779,451.607819,2.100000,4.059495,-3.000000,-2.626135,-12.560870,-1.488491,-2.248292,0.103808,1.000000
76113.000000,3.000000,403.498779,449.590851,2.100000,4.048346,-3.000000,-2.619352,-12.465860,-0.427588,-2.280031,1.149152,1.000000
76123.000000,3.000000,401.998749,447.329987,2.100000,4.037880,-3.000000,-2.621883,-12.418625,-1.876563,-2.269077,-0.541229,1.000000
76133.000000,3.000000,400.498749,445.137177,2.180000,4.007080,-3.000000,-2.621400,-12.229657,-3.782856,-2.274236,-0.962638,1.000000
76143.000000,3.000000,398.998749,442.906006,2.180000,3.962099,-3.000000,-2.631611,-11.442307,-2.449874,-2.221277,-1.372893,1.000000
76153.000000,3.000000,397.498718,440.696503,2.100000,3.847732,-3.000000,-2.662726,-10.755884,-4.837358,-2.047111,-1.326309,1.000000
76163.000000,3.000000,395.998718,438.843018,2.180000,3.770263,-3.000000,-2.696307,-10.730563,-2.646001,-1.845426,-0.932200,1.000000
76173.000000,3.000000,394.498718,437.033325,2.180000,3.682396,-3.000000,-2.742732,-9.670201,-4.019385,-1.572081,-1.631561,1.000000
76183.000000,3.000000,392.998688,435.365479,2.180000,3.625336,-3.000000,-2.781480,-9.283951,-3.080156,-1.327343,-1.918391,1.000000
76193.000000,3.000000,391.498688,433.396484,2.180000,3.581954,-3.000000,-2.793799,-8.993654,-3.042072,-1.244300,-0.879357,1.000000
76203.000000,3.000000,389.998688,431.774841,2.180000,3.525174,-3.000000,-2.816092,-8.649184,-4.689566,-1.121023,-0.835369,1.000000
76213.000000,3.000000,388.498657,430.328094,2.180000,3.485702,-3.000000,-2.844384,-8.374481,-3.861820,-0.949184,-0.984449,1.000000
76223.000000,3.000000,386.998657,429.123688,2.180000,3.442967,-3.000000,-2.868346,-8.109102,-4.155483,-0.807408,-1.211022,1.000000
76233.000000,3.000000,385.498657,427.130646,2.300000,3.413477,-3.000000,-2.902365,-7.912914,-3.049330,-0.605239,-1.328741,1.000000
76243.000000,3.000000,383.998627,425.325958,2.900000,3.387314,-3.000000,-2.933410,-6.977737,-4.835834,-0.418522,-0.614864,1.000000
76253.000000,3.000000,382.498627,423.830200,2.780000,3.315024,-3.000000,-2.964469,-2.705393,-5.194767,-0.226401,-0.985005,1.000000
76263.000000,3.000000,380.998596,422.467041,2.780000,3.238833,-3.000000,-2.981324,-2.981003,-4.698712,-0.124582,-0.519062,1.000000
76273.000000,3.000000,379.498596,421.265839,2.900000,3.186814,-3.000000,-3.006533,-2.620566,-4.191494,0.022619,-0.158002,1.000000
76283.000000,3.000000,377.998596,419.560730,2.900000,3.138664,-3.000000,-3.027027,-1.568671,-5.975705,0.156641,-1.268128,1.000000
76293.000000,3.000000,376.498566,417.963379,2.900000,3.071161,-3.000000,-3.024837,-1.132362,-5.386998,0.148795,-0.182657,1.000000
76303.000000,3.000000,374.998566,416.782959,2.900000,3.025586,-3.000000,-3.030264,-0.836118,-3.364936,0.181606,-0.431741,1.000000
76313.000000,3.000000,373.498566,415.678711,2.900000,2.977971,-3.000000,-3.034517,-0.521606,-3.794343,0.191955,0.452147,1.000000
76323.000000,3.000000,371.998535,414.330475,2.900000,2.936181,-3.000000,-3.049927,-0.256104,-3.753258,0.296585,-0.200588,1.000000
76333.000000,3.000000,370.498535,413.325806,2.900000,2.905641,-3.000000,-3.048498,-0.054059,-2.439005,0.293641,-0.471505,1.000000
76343.000000,3.000000,368.998535,412.441681,2.900000,2.884795,-3.000000,-3.050793,0.085225,-2.769554,0.300918,-0.047195,1.000000
76353.000000,3.000000,367.498505,411.328308,2.780000,2.853652,-3.000000,-3.056144,0.269832,-3.872775,0.338880,-0.058786,1.000000
76363.000000,3.000000,365.998505,410.701080,2.780000,2.783252,-3.000000,-3.040730,-0.068471,-3.642435,0.250960,0.666286,1.000000
76373.000000,3.000000,364.498505,409.981659,2.780000,2.721156,-3.000000,-3.032166,0.343831,-2.568427,0.198860,0.728900,1.000000
76383.000000,3.000000,362.998474,409.450104,2.780000,2.677798,-3.000000,-3.021629,0.623975,-3.293624,0.135670,1.422645,1.000000
76393.000000,3.000000,361.498474,408.889801,2.780000,2.651565,-3.000000,-3.014996,0.815950,-3.100958,0.092073,1.532242,1.000000
76403.000000,3.000000,359.998474,408.576050,2.780000,2.606441,-3.000000,-3.006631,1.074600,-3.709846,0.048403,1.586088,1.000000
76413.000000,3.000000,358.498444,408.447266,2.780000,2.534461,-3.000000,-2.987366,1.521584,-4.342910,-0.064047,2.269421,1.000000
76423.000000,3.000000,356.998444,408.301880,2.780000,2.495325,-3.000000,-2.975964,1.804042,-2.811824,-0.139320,1.956015,1.000000
76433.000000,3.000000,355.498444,408.241669,2.780000,2.455090,-3.000000,-2.963034,2.054024,-4.574035,-0.213760,2.293178,1.000000
76443.000000,3.000000,353.998413,408.044952,2.780000,2.402462,-3.000000,-2.944349,2.375577,-4.851544,-0.319349,1.565535,1.000000
76453.000000,3.000000,352.498413,407.954956,2.780000,2.348495,-3.000000,-2.923372,2.730267,-3.697287,-0.450677,1.178783,1.000000
76463.000000,3.000000,350.998413,408.025452,2.780000,2.285896,-3.000000,-2.905430,3.120189,-5.511797,-0.556000,1.848160,1.000000
76473.000000,3.000000,349.498383,408.234436,2.780000,2.230075,-3.000000,-2.901789,3.481122,-4.653623,-0.590764,1.371401,1.000000
76483.000000,3.000000,347.998383,408.497650,2.780000,2.173634,-3.000000,-2.896961,3.844714,-5.541645,-0.614978,2.076020,1.000000
76493.000000,3.000000,346.498383,408.489685,2.780000,2.124707,-3.000000,-2.893754,4.160633,-5.606446,-0.632878,1.721990,1.000000
76503.000000,3.000000,344.998352,408.606384,2.780000,2.031379,-3.000000,-2.895656,4.717584,-6.515762,-0.631526,1.280370,1.000000
76513.000000,3.000000,343.498352,408.812347,2.780000,1.909545,-3.000000,-2.898859,5.486427,-5.922587,-0.608068,2.040535,1.000000
76523.000000,3.000000,341.998352,409.459778,2.780000,1.823818,-3.000000,-2.899493,6.080505,-4.006804,-0.600110,0.980513,1.000000
76533.000000,3.000000,340.498322,409.908234,2.780000,1.753636,-3.000000,-2.885433,6.529125,-4.546319,-0.677539,1.395862,1.000000
76543.000000,3.000000,338.998322,410.199585,2.780000,1.712202,-3.000000,-2.869450,6.809824,-3.958782,-0.773277,1.038987,1.000000
76553.000000,3.000000,337.498322,410.410126,2.780000,1.678312,-3.000000,-2.853693,7.032048,-3.052019,-0.872695,2.022012,1.000000
76563.000000,3.000000,335.998291,410.806854,2.780000,1.646058,-3.000000,-2.847019,7.237592,-2.433382,-0.913497,1.814168,1.000000
76573.000000,3.000000,334.498291,410.983185,2.780000,1.625407,-3.000000,-2.829327,7.377801,-0.955855,-1.012505,1.445796,1.000000
76583.000000,3.000000,332.998291,411.459686,2.780000,1.602682,-3.000000,-2.810756,7.526608,-1.110903,-1.123097,2.453216,1.000000
76593.000000,3.000000,331.498260,411.739746,2.780000,1.612192,-3.000000,-2.787824,7.480026,0.564921,-1.261079,2.972141,1.000000
76603.000000,3.000000,329.998260,412.195374,2.900000,1.605048,-3.000000,-2.767301,7.514609,-0.839173,-1.384179,4.098332,1.000000
76613.000000,3.000000,328.498230,413.036865,2.900000,1.619031,-3.000000,-2.737820,8.211916,1.252723,-1.547011,4.264452,1.000000
76623.000000,3.000000,326.998230,413.965454,2.900000,1.630444,-3.000000,-2.691475,8.131997,0.802892,-1.824529,4.102088,1.000000
76633.000000,3.000000,325.498230,414.889771,2.900000,1.664643,-3.000000,-2.639630,7.935939,2.019697,-2.128953,4.662257,1.000000
76643.000000,3.000000,323.998199,415.562347,2.900000,1.703791,-3.000000,-2.590533,7.675743,2.400910,-2.429369,5.053755,1.000000
76653.000000,3.000000,322.498199,416.427216,2.900000,1.728075,-3.000000,-2.547592,7.516185,2.527436,-2.691171,4.758620,1.000000
76663.000000,3.000000,320.998199,417.255402,2.900000,1.755033,-3.000000,-2.511482,7.335659,3.796260,-2.911212,4.711300,1.000000
76673.000000,3.000000,319.498169,418.003143,2.900000,1.762907,-3.000000,-2.475216,7.293631,2.230508,-3.125818,4.437593,1.000000
76683.000000,3.000000,317.998169,418.805084,2.900000,1.804541,-3.000000,-2.446891,7.033700,4.691264,-3.302407,3.588803,1.000000
76693.000000,3.000000,316.498169,419.560303,2.900000,1.818034,-3.000000,-2.413138,6.933470,2.499251,-3.506059,3.641991,1.000000
76703.000000,3.000000,314.998138,420.429474,2.900000,1.850214,-3.000000,-2.385981,6.736572,4.514199,-3.664812,3.494932,1.000000
76713.000000,3.000000,313.498138,421.269531,2.780000,1.854102,-3.000000,-2.361636,6.696678,1.740829,-3.823567,2.271202,1.000000
76723.000000,3.000000,311.998138,421.944824,2.780000,1.871246,-3.000000,-2.354818,5.825613,2.534571,-3.870576,0.691786,1.000000
76733.000000,3.000000,310.498108,422.454132,2.300000,1.865718,-3.000000,-2.344044,5.844822,-0.270955,-3.932146,0.820463,1.000000
76743.000000,3.000000,308.998108,422.741028,2.300000,1.868575,-3.000000,-2.339381,2.769355,-0.720984,-3.961141,-0.386646,1.000000
76753.000000,3.000000,307.498108,422.971252,2.300000,1.866360,-3.080000,-2.351859,2.770319,-3.818367,-3.904159,-3.056816,1.000000
76763.000000,3.000000,305.998077,423.229858,2.300000,1.832496,-3.080000,-2.392610,2.956448,-6.877411,-4.151565,-4.890682,1.000000
76773.000000,3.000000,304.498077,423.643707,2.300000,1.771049,-3.160000,-2.441537,3.335613,-8.296924,-3.866484,-5.596101,1.000000
76783.000000,3.000000,302.998077,424.146759,2.300000,1.675044,-3.160000,-2.505225,3.930380,-10.792548,-3.968632,-6.278265,1.000000
76793.000000,3.000000,301.498047,425.038910,2.180000,1.586756,-3.160000,-2.590955,4.508742,-10.538760,-3.469995,-6.921619,1.000000
76803.000000,3.000000,299.998047,425.597229,2.180000,1.486668,-3.160000,-2.678756,4.368312,-13.233370,-2.937718,-6.121796,1.000000
76813.000000,3.000000,298.498047,425.968750,2.180000,1.375891,-3.160000,-2.775967,5.068160,-12.104013,-2.359181,-7.146623,1.000000
76823.000000,3.000000,296.998016,425.958344,2.180000,1.245231,-3.160000,-2.855031,5.898642,-12.744859,-1.871359,-5.530773,1.000000
76833.000000,3.000000,295.498016,426.226776,2.180000,1.128129,-3.280000,-2.914124,6.656973,-10.386703,-1.505154,-5.401474,1.000000
76843.000000,3.000000,293.998016,426.110565,2.180000,1.013585,-3.280000,-2.958521,7.396855,-10.183247,-1.952572,-4.704795,1.000000
76853.000000,3.000000,292.497986,426.356201,2.180000,0.926589,-3.760000,-2.999440,7.970795,-7.578446,-1.705490,-4.296784,1.000000
76863.000000,3.000000,290.997986,426.095703,2.180000,0.848127,-3.760000,-3.030979,8.477198,-7.806482,-4.392679,-3.943323,1.000000
76873.000000,3.000000,289.497986,425.711212,2.180000,0.780364,-3.760000,-3.064904,8.914985,-6.163776,-4.190904,-3.904457,1.000000
76883.000000,3.000000,287.997955,425.478821,2.180000,0.723398,-3.760000,-3.104363,9.288398,-5.524363,-3.959188,-3.951303,1.000000
76893.000000,3.000000,286.497955,425.241730,2.180000,0.670226,-3.760000,-3.142100,9.630004,-4.607306,-3.729066,-4.445469,1.000000
76903.000000,3.000000,284.997925,424.779266,2.180000,0.620331,-3.760000,-3.186839,9.950592,-3.970780,-3.468812,-4.985105,1.000000
76913.000000,3.000000,283.497925,424.225037,2.180000,0.575796,-3.880000,-3.235283,10.242900,-3.982279,-3.177938,-5.071685,1.000000
76923.000000,3.000000,281.997925,423.815857,2.180000,0.553811,-4.360000,-3.294010,10.393268,-2.727982,-3.554226,-5.673992,1.000000
76933.000000,3.000000,280.497894,423.421112,2.180000,0.528112,-4.360000,-3.360158,10.555341,-3.170039,-6.036887,-6.245726,1.000000
76943.000000,3.000000,278.997894,422.958893,2.180000,0.518752,-4.360000,-3.429105,10.631059,-1.161239,-5.627513,-6.825487,1.000000
76953.000000,3.000000,277.497894,422.213867,2.180000,0.519865,-4.440000,-3.513267,10.626266,-1.145457,-5.133757,-7.801582,1.000000
76963.000000,3.000000,275.997864,421.536530,2.180000,0.517930,-4.920000,-3.600756,10.632256,-0.449338,-5.087920,-7.549771,1.000000
76973.000000,3.000000,274.497864,420.829254,2.180000,0.515766,-4.920000,-3.695112,10.655657,-0.234174,-7.405692,-8.333824,1.000000
76983.000000,3.000000,272.997864,420.448090,2.180000,0.530685,-4.920000,-3.787008,10.565440,0.429716,-6.853582,-8.230794,1.000000
76993.000000,3.000000,271.497833,420.048157,2.100000,0.532391,-4.920000,-3.885880,10.542689,0.152874,-6.263513,-9.631790,1.000000
77003.000000,3.000000,269.997833,419.266571,2.100000,0.529131,-4.920000,-3.984042,10.051055,0.810911,-5.672587,-9.836288,1.000000
77013.000000,3.000000,268.497833,418.186951,2.100000,0.525793,-4.920000,-4.075730,10.075444,0.673291,-5.119803,-10.086688,1.000000
77023.000000,3.000000,266.997803,416.625305,2.100000,0.536015,-4.920000,-4.167865,10.016632,1.573391,-4.566476,-10.488544,1.000000
77033.000000,3.000000,265.497803,415.152008,2.100000,0.531718,-4.920000,-4.266799,10.036437,0.298910,-3.980676,-10.978262,1.000000
77043.000000,3.000000,263.997803,414.007538,2.100000,0.543572,-4.920000,-4.366735,9.967291,1.086589,-3.378917,-10.931166,1.000000
77053.000000,3.000000,262.497772,412.890442,2.100000,0.529783,-4.920000,-4.459247,10.037551,-0.820585,-2.821890,-10.681898,1.000000
77063.000000,3.000000,260.997772,411.576630,2.100000,0.517796,-4.920000,-4.547652,10.117507,-0.408759,-2.285748,-10.364349,1.000000
77073.000000,3.000000,259.497772,410.278503,2.100000,0.501314,-5.040000,-4.642384,10.228446,0.067423,-1.725131,-10.801385,1.000000
77083.000000,3.000000,257.997742,408.817932,2.100000,0.510814,-5.040000,-4.735156,10.176517,1.458460,-1.882576,-10.550805,1.000000
77093.000000,3.000000,256.497742,407.254242,2.100000,0.503417,-4.920000,-4.834357,10.214067,0.007498,-1.295557,-10.488010,1.000000
77103.000000,3.000000,254.997726,405.733063,2.100000,0.519544,-4.920000,-4.931571,10.130567,2.498892,0.012749,-9.693713,1.000000
77113.000000,3.000000,253.497726,403.672668,2.180000,0.538076,-4.360000,-5.015726,10.015200,2.211302,0.527055,-9.133759,1.000000
77123.000000,3.000000,251.997711,401.398132,2.780000,0.577593,-4.240000,-5.084738,10.281720,3.152401,4.308005,-8.409540,1.000000
77133.000000,3.000000,250.497696,399.264862,2.780000,0.619241,-4.240000,-5.154372,13.859095,3.345678,5.444798,-7.654155,1.000000
77143.000000,3.000000,248.997696,396.698273,2.780000,0.677539,-4.240000,-5.223960,13.491628,4.334654,5.862794,-6.680691,1.000000
77153.000000,3.000000,247.497711,394.510071,2.780000,0.729691,-4.240000,-5.291053,13.159640,5.424808,6.270166,-5.908214,1.000000
77163.000000,3.000000,245.997711,392.480347,3.460000,0.789992,-4.240000,-5.340412,12.777350,5.778333,6.576347,-4.285128,1.000000
77173.000000,3.000000,244.497711,389.850861,3.460000,0.858682,-4.240000,-5.378707,16.690878,7.176229,6.812668,-3.698777,1.000000
77183.000000,3.000000,242.997726,387.371826,3.460000,0.936715,-4.240000,-5.390051,16.200502,7.196492,6.900730,-1.467571,1.000000
77193.000000,3.000000,241.497726,385.118500,3.460000,1.026077,-3.680000,-5.384505,15.641214,9.380264,6.870818,0.076196,1.000000
77203.000000,3.000000,239.997726,383.055695,3.460000,1.130284,-3.680000,-5.369702,14.979578,9.651401,10.151823,0.895147,1.000000
77213.000000,3.000000,238.497742,381.078796,3.460000,1.241868,-3.680000,-5.344813,14.264960,10.638472,10.008291,1.912282,1.000000
77223.000000,3.000000,236.997742,378.949585,3.460000,1.339288,-3.680000,-5.303684,13.632596,10.191346,9.770235,3.044661,1.000000
77233.000000,3.000000,235.497742,376.901031,3.940000,1.419203,-3.760000,-5.248374,13.113098,10.365759,9.443708,4.662833,1.000000
77243.000000,3.000000,233.997742,374.978210,3.940000,1.506817,-3.760000,-5.196009,15.623583,9.720451,8.650078,4.374424,1.000000
77253.000000,3.000000,232.497757,372.757019,3.940000,1.589594,-3.760000,-5.128301,15.103416,9.372341,8.255238,6.111114,1.000000
77263.000000,3.000000,230.997757,370.176147,3.940000,1.683412,-3.760000,-5.046206,14.502344,9.265688,7.771661,5.939991,1.000000
77273.000000,3.000000,229.497757,367.716949,3.940000,1.756823,-3.880000,-4.956528,14.011972,6.780240,7.229595,7.414570,1.000000
77283.000000,3.000000,227.997772,365.042480,3.940000,1.825635,-3.880000,-4.879160,13.570411,7.603581,6.041325,6.537374,1.000000
77293.000000,3.000000,226.497772,362.466125,3.940000,1.904977,-3.880000,-4.803120,13.081909,8.204813,5.580368,6.902716,1.000000
77303.000000,3.000000,224.997772,359.800476,3.940000,1.990598,-3.880000,-4.750999,12.530400,7.069255,5.257407,5.842635,1.000000
77313.000000,3.000000,223.497772,357.199738,3.940000,2.080748,-3.880000,-4.691510,11.955213,7.231682,4.904872,5.776617,1.000000
77323.000000,3.000000,221.997787,354.679749,3.940000,2.130830,-3.880000,-4.628726,11.605659,5.644953,4.531388,4.155620,1.000000
77333.000000,3.000000,220.497787,351.900726,3.940000,2.196846,-3.880000,-4.565494,11.196373,6.941124,4.149525,3.815185,1.000000
77343.000000,3.000000,218.997787,349.389099,3.940000,2.244039,-3.880000,-4.506937,10.884148,5.917731,3.794174,3.039551,1.000000
77353.000000,3.000000,217.497803,347.048004,3.940000,2.299401,-3.880000,-4.441976,10.534752,6.849021,3.416802,2.653220,1.000000
77363.000000,3.000000,215.997803,344.529816,3.940000,2.340425,-3.880000,-4.371317,10.258971,5.599324,2.980176,1.645199,1.000000
77373.000000,3.000000,214.497803,342.093109,4.060000,2.394795,-3.880000,-4.348261,9.928981,5.556927,2.815272,0.018142,1.000000
77383.000000,3.000000,212.997803,339.376282,4.060000,2.444133,-3.880000,-4.334929,10.366019,3.066776,2.733324,-0.586646,1.000000
77393.000000,3.000000,211.497818,336.830841,4.060000,2.482816,-3.960000,-4.343856,10.115508,3.000303,2.771504,-2.451846,1.000000
77403.000000,3.000000,209.997818,334.126831,4.140000,2.496269,-3.960000,-4.363293,10.014170,0.892603,2.404707,-2.955532,1.000000
77413.000000,3.000000,208.497818,331.680542,4.140000,2.502284,-3.960000,-4.396808,10.487836,0.480871,2.600595,-3.614554,1.000000
77423.000000,3.000000,206.997833,329.209015,4.140000,2.514052,-3.960000,-4.417266,10.413286,0.509027,2.730512,-2.472553,1.000000
77433.000000,3.000000,205.497833,326.755249,4.660000,2.530777,-3.960000,-4.444861,10.307691,1.462779,2.891642,-2.813775,1.000000
77443.000000,3.000000,203.997833,324.475037,4.660000,2.526189,-3.960000,-4.475708,13.647722,-0.425781,3.071866,-3.322891,1.000000
77453.000000,3.000000,202.497833,322.328278,4.660000,2.530308,-3.960000,-4.486944,13.631812,0.463424,3.160149,-2.075562,1.000000
77463.000000,3.000000,200.997849,320.127045,4.660000,2.505363,-3.960000,-4.498905,13.776347,-1.059063,3.227706,-2.688916,1.000000
77473.000000,3.000000,199.497849,317.499329,4.660000,2.511089,-4.040000,-4.509115,13.764360,1.977965,3.285725,-2.707174,1.000000
77483.000000,3.000000,197.997849,315.143433,4.660000,2.495142,-4.040000,-4.492006,13.845507,-1.060740,2.733541,-1.805052,1.000000
77493.000000,3.000000,196.497864,312.983154,4.540000,2.496809,-4.040000,-4.478299,13.843102,0.146907,2.629349,-4.199886,1.000000
77503.000000,3.000000,194.997864,310.787079,4.540000,2.488999,-4.040000,-4.467479,13.117406,0.404620,2.566770,-4.094831,1.000000
77513.000000,3.000000,193.497864,308.861481,4.540000,2.480604,-4.040000,-4.474403,13.178203,1.341983,2.594790,-5.305042,1.000000
77523.000000,3.000000,191.997864,306.733673,4.540000,2.477278,-4.040000,-4.502800,13.198128,1.976789,2.754636,-5.370095,1.000000
77533.000000,3.000000,190.497879,304.928833,4.540000,2.520070,-4.040000,-4.520486,12.974294,4.033267,2.878527,-4.152650,1.000000
77543.000000,3.000000,188.997879,303.222992,4.540000,2.563170,-4.040000,-4.544329,12.676463,3.666259,3.014975,-5.067235,1.000000
77553.000000,3.000000,187.497879,301.202637,4.540000,2.605998,-4.040000,-4.564611,12.407854,5.690529,3.138230,-4.462213,1.000000
77563.000000,3.000000,185.997894,299.098694,4.540000,2.686071,-4.040000,-4.578360,11.917386,6.752628,3.214128,-3.763850,1.000000
77573.000000,3.000000,184.497894,297.437103,4.540000,2.764814,-4.040000,-4.629244,11.409888,6.990867,3.500719,-6.093647,1.000000
77583.000000,3.000000,182.997894,295.922424,4.540000,2.832162,-4.040000,-4.664025,10.973353,6.045063,3.733769,-4.067152,1.000000
77593.000000,3.000000,181.497894,294.414032,4.540000,2.881903,-4.160000,-4.690118,10.621325,6.858851,3.884288,-4.735631,1.000000
77603.000000,3.000000,179.997910,293.163849,4.540000,2.886612,-4.160000,-4.717310,10.592380,6.559379,3.326280,-3.980738,1.000000
77613.000000,3.000000,178.497910,291.773926,4.540000,2.960672,-4.160000,-4.724701,10.174460,8.940739,3.390292,-3.421631,1.000000
77623.000000,3.000000,176.997910,290.396729,4.540000,3.051412,-4.160000,-4.729337,9.584058,6.226544,3.412677,-2.886531,1.000000
77633.000000,3.000000,175.497925,289.214844,4.540000,3.132164,-4.160000,-4.737978,9.055326,4.940177,3.463054,-0.366658,1.000000
77643.000000,3.000000,173.997925,288.157135,4.540000,3.197830,-4.160000,-4.741681,8.613843,3.419891,3.490731,-0.516849,1.000000
77653.000000,3.000000,172.497925,286.880920,4.540000,3.203477,-4.160000,-4.728947,8.545650,0.835559,3.429674,1.509374,1.000000
77663.000000,3.000000,170.997940,285.822296,4.540000,3.187198,-4.160000,-4.701240,8.646074,0.270346,3.269611,2.777517,1.000000
77673.000000,3.000000,169.497940,284.932953,4.540000,3.159015,-4.160000,-4.660367,8.823848,0.002225,3.033843,4.576201,1.000000
77683.000000,3.000000,167.997940,284.288147,4.540000,3.136446,-4.160000,-4.597711,8.964421,-1.637265,2.667114,4.887702,1.000000
77693.000000,3.000000,166.497940,283.542938,4.540000,3.139471,-4.160000,-4.521966,8.970908,-0.011487,2.218577,6.146061,1.000000
77703.000000,3.000000,164.997955,282.929108,4.540000,3.129210,-4.160000,-4.458247,9.025063,-0.944399,1.830583,6.167411,1.000000
77713.000000,3.000000,163.497955,282.322540,4.540000,3.140383,-4.160000,-4.386201,8.963646,0.981390,1.402373,6.980417,1.000000
77723.000000,3.000000,161.997955,281.440857,4.540000,3.149882,-4.160000,-4.305294,8.904564,1.467392,0.921584,7.672090,1.000000
77733.000000,3.000000,160.497971,280.624420,4.540000,3.190118,-4.160000,-4.226604,8.674126,3.372273,0.445604,5.910140,1.000000
77743.000000,3.000000,158.997971,279.984741,4.540000,3.202481,-4.160000,-4.155984,8.553398,1.843384,0.016665,3.933565,1.000000
77753.000000,3.000000,157.497971,279.751282,4.540000,3.214087,-4.160000,-4.100598,8.499489,3.760323,-0.328774,2.997592,1.000000
77763.000000,3.000000,155.997971,279.352417,4.540000,3.237219,-4.160000,-4.074819,8.347646,5.326032,-0.501981,-0.341663,1.000000
77773.000000,3.000000,154.497986,278.766968,4.540000,3.282991,-4.160000,-4.053513,8.092737,6.012015,-0.630853,-0.753721,1.000000
77783.000000,3.000000,152.997986,278.064423,4.540000,3.352107,-4.160000,-4.063554,7.644727,5.593446,-0.590238,-2.982210,1.000000
77793.000000,3.000000,151.497986,277.562500,4.540000,3.414317,-4.160000,-4.089176,7.237622,4.889106,-0.439794,-3.504674,1.000000
77803.000000,3.000000,149.998001,277.085968,4.460000,3.471172,-4.160000,-4.111504,6.880603,6.703011,-0.311760,-5.571206,1.000000
77813.000000,3.000000,148.498001,276.715973,4.460000,3.516570,-4.160000,-4.144302,6.061423,6.612657,-0.111526,-5.653659,1.000000
77823.000000,3.000000,146.998001,276.233673,4.460000,3.541241,-4.160000,-4.190998,5.898842,2.596644,0.155019,-5.380813,1.000000
77833.000000,3.000000,145.498001,275.977112,4.460000,3.581820,-3.560000,-4.234018,5.640576,2.891782,0.422573,-3.828821,1.000000
77843.000000,3.000000,143.998016,275.785400,4.460000,3.575401,-3.560000,-4.260701,5.645088,-1.091992,4.193341,-2.454138,1.000000
77853.000000,3.000000,142.498016,275.553101,4.460000,3.564852,-3.560000,-4.279232,5.717798,-1.481594,4.306818,-1.528026,1.000000
77863.000000,3.000000,140.998016,275.342194,4.460000,3.525489,-3.560000,-4.273914,5.955754,-4.190453,4.287532,0.451764,1.000000
77873.000000,3.000000,139.498032,274.796509,4.340000,3.502581,-3.560000,-4.248163,6.108104,-3.883751,4.147734,2.496458,1.000000
77883.000000,3.000000,137.998032,274.220215,4.340000,3.453836,-3.560000,-4.213347,5.640613,-5.464821,3.943480,1.736536,1.000000
77893.000000,3.000000,136.498032,273.719696,4.340000,3.421275,-3.560000,-4.161692,5.849487,-5.008802,3.646236,3.461583,1.000000
77903.000000,3.000000,134.998032,273.556396,4.340000,3.334132,-3.560000,-4.097367,6.369176,-5.280619,3.265712,4.089071,1.000000
77913.000000,3.000000,133.498047,273.418304,3.780000,3.265193,-3.560000,-4.022371,6.842545,-2.804332,2.821278,5.491160,1.000000
77923.000000,3.000000,131.998047,273.492889,3.780000,3.198009,-3.560000,-3.955193,3.681719,-2.811360,2.409536,6.054064,1.000000
77933.000000,3.000000,130.498047,273.536530,3.780000,3.153686,-3.560000,-3.901572,3.986981,-2.577237,2.080091,5.606736,1.000000
77943.000000,3.000000,128.998062,273.525818,3.780000,3.111782,-3.560000,-3.861320,4.243628,-4.244667,1.827581,5.821589,1.000000
77953.000000,3.000000,127.498062,273.716461,3.780000,3.064639,-3.560000,-3.827771,4.549834,-5.794882,1.626482,6.021921,1.000000
77963.000000,3.000000,125.998062,273.834778,3.780000,3.019737,-3.480000,-3.803450,4.837698,-5.574756,1.467726,5.691802,1.000000
77973.000000,3.000000,124.498062,273.589661,3.780000,2.946178,-3.480000,-3.783358,5.281613,-11.174637,1.834532,5.940670,1.000000
77983.000000,3.000000,122.998062,273.396240,3.780000,2.872699,-3.480000,-3.758639,5.755219,-9.443234,1.687539,5.673044,1.000000
77993.000000,3.000000,121.498055,272.985596,3.780000,2.752397,-3.480000,-3.720401,6.496509,-12.903206,1.470607,5.920452,1.000000
78003.000000,3.000000,119.998055,272.624725,3.780000,2.631020,-3.480000,-3.682523,7.265187,-11.883083,1.236463,4.860684,1.000000
78013.000000,3.000000,118.498047,272.560547,3.780000,2.488501,-3.480000,-3.643430,8.180503,-12.638325,1.005671,4.458378,1.000000
78023.000000,3.000000,116.998047,272.749329,3.780000,2.368176,-3.480000,-3.607468,8.960886,-11.029026,0.786218,4.206622,1.000000
78033.000000,3.000000,115.498047,272.574127,3.780000,2.240448,-3.480000,-3.559792,9.774741,-10.604036,0.503353,5.354593,1.000000
78043.000000,3.000000,113.998039,272.479156,3.780000,2.106333,-3.360000,-3.517270,10.618484,-8.433737,0.256335,5.055997,1.000000
78053.000000,3.000000,112.498039,272.657227,3.780000,1.962353,-3.360000,-3.458890,11.558249,-6.687831,0.622550,4.386917,1.000000
78063.000000,3.000000,110.998032,272.862518,3.780000,1.869245,-3.360000,-3.408109,12.176675,-3.050453,0.320592,3.529257,1.000000
78073.000000,3.000000,109.498032,272.724579,3.180000,1.816634,-3.360000,-3.362508,12.549071,-0.639840,0.037615,2.414356,1.000000
78083.000000,3.000000,107.998032,272.572845,3.180000,1.819859,-3.280000,-3.341415,8.716866,2.822691,-0.107479,-0.483448,1.000000
78093.000000,3.000000,106.498024,272.286194,3.060000,1.865110,-3.000000,-3.345278,8.457195,5.494352,0.381479,-2.196350,1.000000
78103.000000,3.000000,104.998024,271.899109,3.060000,1.942254,-3.000000,-3.374076,7.205478,7.096846,2.220919,-3.978874,1.000000
78113.000000,3.000000,103.498016,271.585907,2.580000,2.035027,-3.000000,-3.426298,6.619284,9.396369,2.520626,-5.795506,1.000000
78123.000000,3.000000,101.998016,271.399353,2.580000,2.137775,-3.000000,-3.500455,2.895970,10.147258,2.953478,-7.824052,1.000000
78133.000000,3.000000,100.498016,270.871002,2.580000,2.239329,-3.000000,-3.587327,2.249532,12.767597,3.465189,-9.585238,1.000000
78143.000000,3.000000,98.998009,270.032440,2.580000,2.323508,-3.000000,-3.667434,1.688420,10.131117,3.959122,-8.801411,1.000000
78153.000000,3.000000,97.498009,269.409058,2.580000,2.391214,-3.000000,-3.741118,1.245494,9.574383,4.404060,-8.380625,1.000000
78163.000000,3.000000,95.998001,268.890106,2.580000,2.448105,-3.000000,-3.800318,0.878479,7.930454,4.769601,-6.518987,1.000000
78173.000000,3.000000,94.498001,268.515717,2.580000,2.506130,-3.000000,-3.849039,0.515819,7.103104,5.068492,-4.462781,1.000000
78183.000000,3.000000,92.998001,267.656006,2.580000,2.562456,-3.000000,-3.881339,0.140810,4.782228,5.272882,-2.476592,1.000000
78193.000000,3.000000,91.497993,266.876434,2.580000,2.568080,-3.000000,-3.900282,0.073889,0.833549,5.397148,-0.806037,1.000000
78203.000000,3.000000,89.997993,266.205017,2.580000,2.555897,-3.000000,-3.892828,0.136433,-0.445689,5.366251,1.870874,1.000000
78213.000000,3.000000,88.497986,265.669403,2.580000,2.498605,-3.000000,-3.867367,0.476324,-3.958957,5.223048,2.764302,1.000000
78223.000000,3.000000,86.997986,265.361206,2.580000,2.427050,-3.000000,-3.818463,0.929950,-4.794610,4.942755,6.105968,1.000000
78233.000000,3.000000,85.497986,264.702087,2.580000,2.357851,-3.000000,-3.765727,1.373148,-5.823342,4.626623,5.309513,1.000000
78243.000000,3.000000,83.997978,263.587189,2.580000,2.274400,-3.000000,-3.694471,1.904652,-6.901220,4.210855,7.769969,1.000000
78253.000000,3.000000,82.497978,262.420319,2.580000,2.191373,-3.000000,-3.598972,2.424464,-6.702168,3.654556,8.873161,1.000000
78263.000000,3.000000,80.997971,261.202118,2.580000,2.071676,-3.000000,-3.513674,3.172755,-10.388872,3.127685,6.846910,1.000000
78273.000000,3.000000,79.497971,260.288727,2.580000,1.963788,-3.000000,-3.454007,3.878265,-8.612405,2.751411,4.593781,1.000000
78283.000000,3.000000,77.997971,259.236389,2.580000,1.875032,-3.000000,-3.434096,4.455824,-9.501513,2.611091,2.080237,1.000000
78293.000000,3.000000,76.497963,258.748566,2.580000,1.771996,-3.000000,-3.423809,5.106205,-9.206180,2.545074,1.486433,1.000000
78303.000000,3.000000,74.997963,257.848053,2.580000,1.711043,-3.000000,-3.447289,5.525360,-6.458546,2.658244,-2.305974,1.000000
78313.000000,3.000000,73.497955,256.640747,2.700000,1.603208,-3.000000,-3.514558,6.178665,-10.436180,3.036816,-4.406513,1.000000
78323.000000,3.000000,71.997955,255.250076,2.700000,1.517746,-3.000000,-3.607773,7.516255,-4.330811,3.588249,-6.690757,1.000000
78333.000000,3.000000,70.497955,254.043488,2.700000,1.437368,-3.000000,-3.709200,8.036621,-5.961266,4.196962,-9.841114,1.000000
78343.000000,3.000000,68.997948,252.793060,2.700000,1.392588,-3.000000,-3.798866,8.342769,-2.940796,4.739426,-9.302281,1.000000
78353.000000,3.000000,67.497948,251.748947,2.700000,1.349842,-3.000000,-3.894529,8.615173,-3.803803,5.310827,-9.700199,1.000000
78363.000000,3.000000,65.997940,250.536743,2.700000,1.308013,-3.000000,-3.978211,8.886741,-2.107969,5.818258,-7.951170,1.000000
78373.000000,3.000000,64.497940,249.002808,2.700000,1.286396,-3.000000,-4.065047,9.036719,-0.676705,6.341772,-8.352644,1.000000
78383.000000,3.000000,62.997936,247.604935,2.700000,1.256127,-3.000000,-4.127824,9.222702,-1.684194,6.736668,-4.698929,1.000000
78393.000000,3.000000,61.497936,246.176590,2.700000,1.266875,-3.000000,-4.158513,9.183879,2.705929,6.942347,-3.661167,1.000000
78403.000000,3.000000,59.997940,244.198776,2.780000,1.272871,-3.000000,-4.160755,9.138670,0.259721,6.966288,-1.814049,1.000000
78413.000000,3.000000,58.497940,242.504349,2.780000,1.273078,-3.000000,-4.159684,9.637633,1.839629,6.959350,0.181247,1.000000
78423.000000,3.000000,56.997940,240.533005,2.780000,1.269426,-3.000000,-4.157659,9.669845,1.311992,6.953201,2.341716,1.000000
78433.000000,3.000000,55.497940,238.587418,2.780000,1.271542,-3.000000,-4.133715,9.653102,2.751929,6.823809,3.787808,1.000000
78443.000000,3.000000,53.997940,236.555954,2.780000,1.280020,-3.000000,-4.087986,9.604555,1.857614,6.560366,4.028834,1.000000
78453.000000,3.000000,52.497944,234.242783,2.780000,1.261497,-3.000000,-4.034163,9.702131,0.857443,6.231271,5.458221,1.000000
78463.000000,3.000000,50.997944,232.029404,2.780000,1.259694,-3.000000,-3.990752,9.730687,2.092921,5.971132,4.238564,1.000000
78473.000000,3.000000,49.497944,229.536591,2.780000,1.215083,-3.000000,-3.964205,9.981240,-3.275468,5.793779,3.224974,1.000000
78483.000000,3.000000,47.997944,227.159500,2.780000,1.179103,-3.000000,-3.952590,10.218109,-1.404768,5.721112,2.438698,1.000000
78493.000000,3.000000,46.497944,225.030991,2.780000,1.117676,-3.000000,-3.947464,10.597327,-5.563055,5.690545,0.830340,1.000000
78503.000000,3.000000,44.997944,222.820190,2.780000,1.071742,-3.000000,-3.928550,10.908133,-3.763492,5.582352,0.672441,1.000000
78513.000000,3.000000,43.497948,220.215271,2.780000,1.040150,-3.000000,-3.917480,11.111751,-4.256575,5.513463,-0.234853,1.000000
78523.000000,3.000000,41.997948,217.700073,2.780000,0.976769,-3.000000,-3.895055,11.495799,-4.744522,5.383422,0.312411,1.000000
78533.000000,3.000000,40.497948,215.164993,2.780000,0.923641,-3.000000,-3.884037,11.851760,-4.305328,5.305258,-0.907702,1.000000
78543.000000,3.000000,38.997948,212.720978,2.780000,0.855935,-3.000000,-3.882903,12.273501,-7.229677,5.297809,-0.256679,1.000000
78553.000000,3.000000,37.497948,210.324524,2.900000,0.809944,-3.000000,-3.866526,12.572011,-6.073632,5.214170,0.723567,1.000000
78563.000000,3.000000,35.997948,208.005829,2.900000,0.721910,-3.000000,-3.851082,13.875724,-10.291262,5.116415,0.103703,1.000000
78573.000000,3.000000,34.497952,205.860779,2.900000,0.620019,-3.000000,-3.830256,14.520587,-10.178480,4.995295,1.486995,1.000000
78583.000000,3.000000,32.997952,203.402313,2.900000,0.496956,-3.000000,-3.819861,15.299072,-11.313026,4.921626,-0.293522,1.000000
78593.000000,3.000000,31.497952,200.903900,2.900000,0.363537,-3.000000,-3.796534,16.148718,-12.673732,4.794262,0.105879,1.000000
78603.000000,3.000000,29.997952,198.481583,2.900000,0.207563,-3.000000,-3.781806,17.126369,-13.071215,4.696672,-3.281879,1.000000
78613.000000,3.000000,28.497953,196.087250,2.900000,0.041721,-3.000000,-3.773039,18.194746,-12.682690,4.639947,-4.106086,1.000000
78623.000000,3.000000,26.997953,193.778229,2.900000,-0.088216,-3.000000,-3.789011,19.053749,-8.752415,4.720513,-4.189051,1.000000
78633.000000,3.000000,25.497953,191.114166,2.980000,-0.187689,-3.000000,-3.818135,19.701824,-9.891894,4.890570,-3.291373,1.000000
78643.000000,3.000000,23.997955,188.670517,2.980000,-0.265647,-3.000000,-3.846316,20.730951,-5.907442,5.063587,-1.492493,1.000000
78653.000000,3.000000,22.497955,186.549240,2.980000,-0.302520,-3.000000,-3.864941,20.986464,-4.954203,5.181121,-1.923146,1.000000
78663.000000,3.000000,20.997957,184.386337,2.980000,-0.331824,-3.000000,-3.874143,21.187641,-3.340774,5.239007,-1.018217,1.000000
78673.000000,3.000000,19.497957,181.817261,3.580000,-0.293444,-3.000000,-3.903956,20.981846,2.513468,5.400908,-3.160649,1.000000
78683.000000,3.000000,17.997957,179.487946,3.460000,-0.257625,-3.000000,-3.937201,24.588873,3.234260,5.597966,-3.842268,1.000000
78693.000000,3.000000,16.497959,177.053177,3.460000,-0.178970,-3.000000,-3.984354,23.344048,7.557753,5.878610,-6.138555,1.000000
78703.000000,3.000000,14.997958,174.475052,3.460000,-0.095205,-3.000000,-4.030441,22.809601,7.983842,6.152527,-6.779021,1.000000
78713.000000,3.000000,13.497958,172.107208,3.460000,0.008025,-3.000000,-4.071681,22.156937,11.843112,6.407716,-6.591561,1.000000
78723.000000,3.000000,11.997958,169.622421,3.460000,0.115445,-3.000000,-4.152022,21.479132,11.593833,6.854948,-9.342701,1.000000
78733.000000,3.000000,10.497957,167.160858,3.460000,0.243926,-3.000000,-4.237363,20.672609,13.970176,7.378246,-6.946878,1.000000
78743.000000,3.000000,8.997957,164.921326,3.460000,0.402898,-3.000000,-4.311002,19.676897,17.491810,7.825848,-6.459785,1.000000
78753.000000,3.000000,7.497957,162.804413,3.380000,0.586687,-3.000000,-4.344893,18.513935,18.863653,8.060698,-4.154552,1.000000
78763.000000,3.000000,5.997957,160.837585,3.380000,0.774008,-3.000000,-4.345238,16.800995,21.102137,8.081394,-3.039220,1.000000
78773.000000,3.000000,4.497956,158.870117,3.260000,0.949123,-3.000000,-4.306704,15.664634,18.727192,7.867621,-1.011163,1.000000
78783.000000,3.000000,2.997956,157.111969,3.260000,1.106109,-3.000000,-4.265320,13.885821,19.158888,7.616615,0.034479,1.000000
78793.000000,3.000000,1.497956,155.393036,3.260000,1.248047,-3.000000,-4.225436,12.964485,14.548184,7.370038,1.054163,1.000000
78803.000000,3.000000,0.000000,153.685272,2.700000,1.373176,-3.000000,-4.203432,12.148391,11.650454,7.233084,1.839239,1.000000
78813.000000,3.000000,0.000000,152.281540,2.700000,1.468034,-3.000000,-4.170280,7.939812,8.828241,7.044425,3.664928,1.000000
78823.000000,3.000000,0.000000,150.853439,2.700000,1.541429,-3.000000,-4.130653,7.453338,6.390717,6.809149,4.313425,1.000000
78833.000000,3.000000,0.000000,149.580078,2.580000,1.597196,-2.400000,-4.078288,7.089303,4.929590,6.499446,5.861107,1.000000
78843.000000,3.000000,0.000000,148.669769,2.580000,1.628385,-2.400000,-4.017095,6.100111,2.220042,9.745351,6.399347,1.000000
78853.000000,3.000000,0.000000,147.904739,2.580000,1.625652,-2.400000,-3.939501,6.096527,1.163322,9.285344,6.998917,1.000000
78863.000000,3.000000,0.000000,146.890198,2.580000,1.594085,-2.400000,-3.849549,6.290952,0.119169,8.752616,7.235372,1.000000
78873.000000,3.000000,0.000000,146.046112,2.580000,1.570292,-2.480000,-3.777975,6.457819,0.626003,8.299335,6.191386,1.000000
78883.000000,3.000000,0.000000,145.245728,2.580000,1.581737,-2.480000,-3.721774,6.401142,2.038506,7.481704,6.236927,1.000000
78893.000000,3.000000,0.000000,144.469360,2.580000,1.592198,-2.480000,-3.674286,6.336531,2.457028,7.188025,4.790157,1.000000
78903.000000,3.000000,0.000000,143.731552,2.580000,1.624384,-2.480000,-3.639072,6.136009,2.585354,6.971798,4.151242,1.000000
78913.000000,3.000000,0.000000,143.318039,2.500000,1.656078,-2.480000,-3.610098,5.938544,3.415530,6.795333,4.693070,1.000000
78923.000000,3.000000,0.000000,142.609131,2.500000,1.696710,-2.480000,-3.601679,5.167629,3.451198,6.729036,3.822475,1.000000
78933.000000,3.000000,0.000000,141.961700,2.380000,1.741878,-2.480000,-3.598013,4.885394,2.057147,6.707826,4.603686,1.000000
78943.000000,3.000000,0.000000,141.655548,2.380000,1.782272,-2.480000,-3.578824,3.844683,2.234636,6.611272,3.592177,1.000000
78953.000000,3.000000,0.000000,141.394775,2.380000,1.782516,-2.480000,-3.531068,3.820119,-0.457368,6.337350,5.513536,1.000000
78963.000000,3.000000,0.000000,141.543808,2.380000,1.794008,-2.400000,-3.474105,3.759097,1.321287,6.000245,5.780084,1.000000
78973.000000,3.000000,0.000000,141.597046,1.900000,1.787130,-2.400000,-3.417874,3.792084,-0.878580,6.136033,5.606406,1.000000
78983.000000,3.000000,0.000000,141.781357,1.900000,1.789324,-2.400000,-3.368954,0.709069,0.286691,5.843884,6.356011,1.000000
78993.000000,3.000000,0.000000,142.047943,1.900000,1.756665,-2.400000,-3.303322,0.893259,-2.182087,5.463374,8.774812,1.000000
79003.000000,3.000000,0.000000,142.571457,1.900000,1.749357,-2.400000,-3.231843,0.960151,-2.463933,5.031226,9.284504,1.000000
79013.000000,3.000000,0.000000,143.080750,2.380000,1.722054,-2.400000,-3.156317,1.125501,-5.065531,4.580117,11.068341,1.000000
79023.000000,3.000000,0.000000,143.723557,2.380000,1.708346,-2.400000,-3.090234,4.287034,-5.341365,4.177169,8.643968,1.000000
79033.000000,3.000000,0.000000,144.400436,2.380000,1.651841,-2.400000,-3.034848,4.617607,-6.984653,3.840096,6.791934,1.000000
79043.000000,3.000000,0.000000,145.122589,2.380000,1.603500,-2.400000,-2.996967,4.941007,-5.707793,3.593182,5.135537,1.000000
79053.000000,3.000000,0.000000,145.739349,2.380000,1.541083,-2.400000,-2.993870,5.319611,-7.408569,3.565816,2.732047,1.000000
79063.000000,3.000000,0.000000,146.443710,2.380000,1.460666,-2.400000,-2.980590,5.832601,-8.245893,3.490681,2.646690,1.000000
79073.000000,3.000000,0.000000,147.304718,2.300000,1.376750,-2.480000,-2.972530,6.362000,-8.613246,3.443170,2.179318,1.000000
79083.000000,3.000000,0.000000,148.235748,2.300000,1.280951,-2.480000,-2.963551,6.461480,-8.527820,2.907600,2.567517,1.000000
79093.000000,3.000000,0.000000,149.254379,2.300000,1.202376,-2.600000,-2.962928,6.972725,-6.058946,2.893600,1.597034,1.000000
79103.000000,3.000000,0.000000,150.612946,2.300000,1.126712,-2.600000,-2.972310,7.468275,-6.493149,2.225946,1.359326,1.000000
79113.000000,3.000000,0.000000,151.771851,2.300000,1.085445,-3.000000,-2.985459,7.744652,-1.905739,2.303626,1.219133,1.000000
79123.000000,3.000000,0.000000,152.900055,2.180000,1.049203,-3.000000,-2.989487,7.977505,-6.030230,-0.055618,1.722267,1.000000
79133.000000,3.000000,0.000000,154.233948,2.180000,1.026237,-3.000000,-2.971589,7.387537,-0.550869,-0.165131,3.204932,1.000000
79143.000000,3.000000,0.000000,155.887344,2.180000,1.037293,-3.000000,-2.974110,7.320203,-0.587691,-0.158242,0.983100,1.000000
79153.000000,3.000000,0.000000,157.334488,2.180000,1.019888,-3.000000,-2.968815,7.421163,-0.503949,-0.183728,1.432311,1.000000
79163.000000,3.000000,0.000000,158.635818,2.180000,1.059899,-3.000000,-2.973053,7.198903,3.964950,-0.173522,-0.784789,1.000000
79173.000000,3.000000,0.000000,159.809677,2.100000,1.095387,-3.000000,-3.000045,6.967435,3.743628,-0.020033,-1.600507,1.000000
79183.000000,3.000000,0.000000,161.414719,2.100000,1.166612,-3.000000,-3.051614,6.026699,7.067012,0.269711,-3.532537,1.000000
79193.000000,3.000000,0.000000,163.146820,2.100000,1.257837,-3.000000,-3.128431,5.450924,7.452091,0.727259,-3.675540,1.000000
79203.000000,3.000000,0.000000,164.905014,2.100000,1.339137,-3.000000,-3.177808,4.923249,7.139875,1.046801,-1.682663,1.000000
79213.000000,3.000000,0.000000,166.494751,2.100000,1.446586,-3.000000,-3.192693,4.247901,9.282148,1.160751,1.525450,1.000000
79223.000000,3.000000,0.000000,167.816559,2.100000,1.507544,-3.000000,-3.170768,3.828106,6.197025,1.044897,3.672437,1.000000
79233.000000,3.000000,0.000000,169.123154,2.020000,1.566685,-3.000000,-3.122061,3.443649,6.527529,0.763245,6.233416,1.000000
79243.000000,3.000000,0.000000,170.454086,2.020000,1.617235,-3.000000,-3.064932,2.609924,5.255324,0.426353,7.385280,1.000000
79253.000000,3.000000,0.000000,171.825882,2.020000,1.659923,-3.000000,-2.993016,2.323702,4.470748,0.001611,8.182768,1.000000
79263.000000,3.000000,0.000000,173.503357,2.020000,1.677517,-3.000000,-2.929010,2.196529,2.197361,-0.390236,7.007206,1.000000
79273.000000,3.000000,0.000000,174.942184,2.020000,1.672904,-3.000000,-2.865000,2.218033,0.442797,-0.772269,6.557216,1.000000
79283.000000,3.000000,0.000000,176.328934,2.020000,1.665295,-3.000000,-2.818418,2.259221,-1.792156,-1.068232,3.052750,1.000000
79293.000000,3.000000,0.000000,177.346619,2.020000,1.624683,-3.000000,-2.802160,2.496531,-5.154458,-1.186280,1.152112,1.000000
79303.000000,3.000000,0.000000,178.732956,2.020000,1.558537,-3.000000,-2.818609,2.905791,-7.497699,-1.108151,-1.599810,1.000000
79313.000000,3.000000,0.000000,180.010437,2.020000,1.492843,-3.000000,-2.878717,3.330715,-8.798303,-0.768808,-4.317360,1.000000
79323.000000,3.000000,0.000000,181.068954,2.020000,1.416730,-3.000000,-2.944038,3.811962,-10.236819,-0.373644,-4.451576,1.000000
79333.000000,3.000000,0.000000,182.072784,2.020000,1.345548,-3.000000,-2.997918,4.265357,-8.515622,-0.040369,-4.517655,1.000000
79343.000000,3.000000,0.000000,183.004944,2.020000,1.253095,-3.000000,-3.028534,4.849917,-8.954387,0.157388,-2.875670,1.000000
79353.000000,3.000000,0.000000,183.901855,2.020000,1.165947,-3.000000,-3.040453,5.412258,-5.748106,0.240596,-1.241225,1.000000
79363.000000,3.000000,0.000000,184.682007,2.020000,1.098343,-3.000000,-3.041009,5.847952,-3.958462,0.251664,-0.363622,1.000000
79373.000000,3.000000,0.000000,185.255585,2.020000,0.981906,-3.000000,-3.035899,6.579013,-5.213226,0.212872,0.503770,1.000000
79383.000000,3.000000,0.000000,185.630859,2.020000,0.931995,-3.000000,-3.031984,6.943517,1.392576,0.191892,2.720706,1.000000
79393.000000,3.000000,0.000000,186.039307,2.580000,0.894999,-3.000000,-3.020643,7.190559,-1.470788,0.137515,4.221611,1.000000
79403.000000,3.000000,0.000000,186.481888,2.580000,0.923815,-3.000000,-2.982879,10.630036,3.838844,-0.071885,5.574282,1.000000
79413.000000,3.000000,0.000000,186.758713,2.580000,0.994944,-3.000000,-2.925067,10.202033,4.177102,-0.409843,5.902874,1.000000
79423.000000,3.000000,0.000000,186.957687,2.580000,1.102492,-3.000000,-2.857619,9.532167,8.022692,-0.811897,6.820205,1.000000
79433.000000,3.000000,0.000000,187.025421,2.580000,1.248119,-3.000000,-2.780347,8.626296,10.720751,-1.269778,6.814527,1.000000
79443.000000,3.000000,0.000000,187.028015,2.580000,1.334180,-3.000000,-2.703243,8.021777,5.943004,-1.738924,7.785987,1.000000
79453.000000,3.000000,0.000000,187.004532,2.580000,1.467122,-3.000000,-2.623464,7.204670,13.369427,-2.209282,8.421117,1.000000
79463.000000,3.000000,0.000000,186.904358,2.580000,1.549417,-3.000000,-2.551951,6.639695,7.452600,-2.648771,6.919611,1.000000
79473.000000,3.000000,0.000000,186.836334,2.580000,1.624376,-3.000000,-2.487825,6.167615,9.692915,-3.036365,7.513538,1.000000
79483.000000,3.000000,0.000000,186.958221,2.580000,1.715880,-3.000000,-2.424471,5.582515,8.214541,-3.418861,6.135784,1.000000
79493.000000,3.000000,0.000000,186.958115,2.580000,1.777272,-3.000000,-2.377031,5.179342,6.522909,-3.718177,5.368804,1.000000
79503.000000,3.000000,0.000000,186.951355,2.580000,1.849192,-3.000000,-2.362843,4.717851,6.620755,-3.824979,2.582393,1.000000
79513.000000,3.000000,0.000000,186.619980,3.180000,1.886318,-3.000000,-2.383292,4.454039,2.650036,-3.713543,1.842168,1.000000
79523.000000,3.000000,0.000000,186.292526,3.180000,1.925065,-3.000000,-2.405447,8.052447,4.220324,-3.584048,0.895327,1.000000
79533.000000,3.000000,0.000000,186.009338,3.860000,1.957073,-3.000000,-2.456984,7.852931,2.018386,-3.290018,-2.233879,1.000000
79543.000000,3.000000,0.000000,185.786880,3.860000,1.991374,-3.000000,-2.511751,11.984134,0.428347,-2.963545,-1.782892,1.000000
79553.000000,3.000000,0.000000,184.891602,3.940000,2.036678,-3.000000,-2.562032,11.695442,1.717772,-2.653842,-3.058238,1.000000
79563.000000,3.000000,0.000000,183.887680,3.940000,2.068654,-3.000000,-2.607714,11.997963,0.765682,-2.378540,-2.888043,1.000000
79573.000000,3.000000,0.000000,183.021713,3.940000,2.128966,-3.360000,-2.647357,11.632266,3.985295,-2.140665,-2.963343,1.000000
79583.000000,3.000000,0.000000,182.208237,3.940000,2.176502,-3.360000,-2.695489,11.314811,3.463200,-4.012224,-3.548697,1.000000
79593.000000,3.000000,0.000000,181.388123,3.940000,2.224894,-3.480000,-2.717921,11.012822,6.700743,-3.860686,-1.833267,1.000000
79603.000000,3.000000,0.000000,180.367737,3.860000,2.292928,-3.480000,-2.726490,10.588071,9.579611,-4.521489,-2.660450,1.000000
79613.000000,3.000000,0.000000,179.543716,3.260000,2.346508,-3.480000,-2.719394,9.716120,9.078760,-4.560865,0.162821,1.000000
79623.000000,3.000000,0.000000,178.800293,3.260000,2.404738,-3.480000,-2.723283,5.514084,11.790981,-4.544392,0.041410,1.000000
79633.000000,3.000000,0.000000,177.910675,2.180000,2.485141,-3.000000,-2.746745,5.015497,11.889899,-4.417325,-0.198140,1.000000
79643.000000,3.000000,0.000000,176.687500,2.100000,2.564112,-3.000000,-2.768367,-2.412086,11.320933,-1.401296,1.201447,1.000000
79653.000000,3.000000,0.000000,175.272583,1.500000,2.664752,-3.000000,-2.783505,-3.542642,12.776239,-1.305925,1.158273,1.000000
79663.000000,3.000000,0.000000,173.843872,1.500000,2.782929,-3.000000,-2.771247,-8.136142,10.137011,-1.360950,2.294879,1.000000
79673.000000,3.000000,0.000000,172.492599,1.420000,2.888814,-3.000000,-2.753321,-8.824570,8.444987,-1.465244,2.674861,1.000000
79683.000000,3.000000,0.000000,170.966293,0.740000,2.976959,-3.000000,-2.736600,-9.915773,5.829901,-1.566702,4.450887,1.000000
79693.000000,3.000000,0.000000,169.390518,0.740000,3.013190,-3.000000,-2.732217,-14.537386,1.808232,-1.612204,2.688032,1.000000
79703.000000,3.000000,0.000000,167.953339,0.740000,3.020164,-3.000000,-2.720657,-14.599930,0.923573,-1.664665,4.231091,1.000000
79713.000000,3.000000,0.000000,166.694412,0.740000,2.967581,-3.000000,-2.681830,-14.297133,-2.976190,-1.880826,5.487996,0.000000
79723.000000,3.000000,0.000000,165.343140,0.620000,2.881001,-3.000000,-2.636493,-13.772389,-4.107338,-2.153456,4.077381,0.000000
79733.000000,3.000000,0.000000,164.231140,0.620000,2.759053,-3.000000,-2.583816,-13.767352,-7.784302,-2.467369,3.908309,0.000000
79743.000000,3.000000,0.000000,162.623856,0.620000,2.628989,-3.000000,-2.545496,-12.945525,-9.503365,-2.707635,2.308105,0.000000
79753.000000,3.000000,0.000000,160.932693,0.620000,2.493397,-3.000000,-2.518440,-12.080379,-13.416026,-2.874966,1.737637,0.000000
79763.000000,3.000000,0.000000,159.128067,0.620000,2.331335,-3.000000,-2.493995,-11.062593,-17.452778,-3.020521,1.563809,0.000000
79773.000000,3.000000,0.000000,156.927887,0.620000,2.169669,-3.000000,-2.486588,-10.024100,-18.766823,-3.081632,0.302577,0.000000
79783.000000,3.000000,0.000000,154.984299,0.620000,1.984885,-3.000000,-2.480560,-8.854990,-22.640560,-3.116394,1.514676,0.000000
79793.000000,3.000000,0.000000,153.083618,0.540000,1.813823,-3.000000,-2.498570,-7.752351,-21.487204,-3.028077,-1.197958,0.000000
79803.000000,3.000000,0.000000,151.358932,0.540000,1.621104,-3.000000,-2.521415,-7.051549,-23.444616,-2.880429,-0.320592,0.000000
79813.000000,3.000000,0.000000,149.499207,0.540000,1.412381,-3.000000,-2.529605,-5.713339,-22.634392,-2.823679,-0.171719,0.000000
79823.000000,3.000000,0.000000,147.468964,0.540000,1.219375,-3.000000,-2.534571,-4.470335,-20.893326,-2.797332,-0.263316,0.000000
79833.000000,3.000000,0.000000,145.132767,0.540000,1.020611,-3.000000,-2.548218,-3.196224,-19.878220,-2.718746,0.036651,0.000000
79843.000000,3.000000,0.000000,143.025772,0.540000,0.852506,-3.000000,-2.558002,-2.098644,-15.957048,-2.654919,1.537002,0.000000
79853.000000,3.000000,0.000000,140.980362,0.540000,0.699378,-3.000000,-2.570811,-1.125386,-18.975334,-2.577780,1.331738,0.000000
79863.000000,3.000000,0.000000,138.934601,0.540000,0.540523,-3.000000,-2.560565,-0.095467,-15.606166,-2.627124,3.303344,0.000000
79873.000000,3.000000,0.000000,136.899414,0.420000,0.432557,-3.000000,-2.539493,0.618736,-12.052370,-2.746960,3.603795,0.000000
79883.000000,3.000000,0.000000,134.504120,0.420000,0.293137,-3.000000,-2.501512,0.730056,-13.065133,-2.965628,5.402561,0.000000
79893.000000,3.000000,0.000000,132.479660,0.420000,0.221191,-3.000000,-2.452804,1.231037,-6.642309,-3.249895,5.310285,0.000000
79903.000000,3.000000,0.000000,130.767334,0.420000,0.145784,-3.000000,-2.395127,1.715587,-7.383847,-3.592621,5.577508,0.000000
79913.000000,3.000000,0.000000,128.712448,0.420000,0.133086,-3.000000,-2.331617,1.832823,-2.382544,-3.978730,5.120213,0.000000
79923.000000,3.000000,0.000000,126.458099,0.420000,0.136443,-3.000000,-2.302867,1.819117,-5.283903,-4.180964,2.399383,0.000000
79933.000000,3.000000,0.000000,124.328583,0.420000,0.149036,-3.000000,-2.319957,1.729017,-6.615149,-4.103033,0.236882,0.000000
79943.000000,3.000000,0.000000,122.234657,0.420000,-0.207914,-3.000000,-2.324389,3.599818,-65.640938,-4.034865,3.286272,0.000000
79953.000000,3.000000,0.000000,120.297783,0.540000,-0.342829,-2.880000,-2.258269,5.118881,36.890831,-4.440670,1.695515,0.000000
79963.000000,3.000000,0.000000,118.632858,0.420000,-0.011148,-2.880000,-2.369615,3.659974,20.601200,-3.164386,-16.952129,0.000000
79973.000000,3.000000,0.000000,117.327309,0.540000,0.145976,-2.880000,-2.538355,1.845988,14.383464,-2.143729,-15.584825,0.000000
79983.000000,1.000000,0.000000,116.427696,-1.500000,0.307719,-3.000000,-2.701212,1.845988,17.026836,-2.143729,-15.245091,0.000000
79993.000000,1.000000,0.000000,116.109039,-1.500000,0.528473,-3.000000,-2.889180,1.845988,21.063400,-2.143729,-15.290261,0.000000
80003.000000,1.000000,0.000000,116.042953,-1.500000,0.774897,-3.000000,-3.064278,1.845988,22.700403,-2.143729,-13.375540,0.000000
80013.000000,1.000000,0.000000,116.343208,-1.500000,0.995115,-3.000000,-3.243091,1.845988,24.892975,-2.143729,-12.157926,0.000000
80023.000000,1.000000,0.000000,116.690002,-1.500000,1.163437,-3.000000,-3.376662,1.845988,22.131201,-2.143729,-8.837257,0.000000
80033.000000,1.000000,0.000000,117.065895,-1.500000,1.364998,-3.000000,-3.447366,1.845988,24.217384,-2.143729,-4.878715,0.000000
80043.000000,1.000000,0.000000,117.491417,-1.500000,1.553411,-3.000000,-3.490584,1.845988,18.350632,-2.143729,-3.920582,0.000000
80053.000000,1.000000,0.000000,117.704185,-1.500000,1.710978,-3.000000,-3.529696,1.845988,15.134454,-2.143729,-2.587484,0.000000
80063.000000,1.000000,0.000000,117.921822,-1.500000,1.859545,-3.000000,-3.552077,1.845988,13.052495,-2.143729,0.615576,0.000000
80073.000000,1.000000,0.000000,118.298630,-1.500000,1.839805,-3.000000,-3.424563,1.845988,-18.435261,-2.143729,29.090055,0.000000
80083.000000,1.000000,0.000000,118.698723,-1.500000,1.468395,-3.000000,-2.965760,1.845988,-53.777370,-2.143729,58.705967,0.000000
80093.000000,1.000000,0.000000,118.992470,-1.500000,0.859910,-3.000000,-2.367035,1.845988,-70.738083,-2.143729,54.215633,0.000000
80103.000000,1.000000,0.000000,118.769279,-1.500000,-0.156071,-3.000000,-2.167452,1.845988,-125.761726,-2.143729,-6.345486,0.000000
80113.000000,1.000000,0.000000,118.547676,-1.500000,-0.367404,-3.000000,-2.182929,1.845988,84.447334,-2.143729,9.326440,0.000000
80123.000000,1.000000,0.000000,118.123047,-1.500000,-0.279479,-3.000000,-2.302627,1.845988,-16.055231,-2.143729,-7.794406,0.000000
80133.000000,1.000000,0.000000,117.492744,-1.500000,-0.130974,-3.000000,-2.253643,1.845988,20.820452,-2.143729,2.433899,0.000000
80143.000000,1.000000,0.000000,117.109360,-1.500000,-0.043663,-3.000000,-2.322885,1.845988,-5.710059,-2.143729,-7.748690,0.000000
80153.000000,1.000000,0.000000,116.688408,-1.500000,-0.126429,-3.000000,-2.350025,1.845988,-3.802362,-2.143729,8.412965,0.000000
80163.000000,1.000000,0.000000,116.419022,-1.500000,-0.074138,-3.000000,-2.238488,1.845988,-1.249659,-2.143729,-1.003785,0.000000
80173.000000,1.000000,0.000000,115.946861,-1.500000,0.001770,-3.000000,-2.355241,1.845988,5.823044,-2.143729,-8.004470,0.000000
80183.000000,1.000000,0.000000,115.538864,-1.500000,0.096607,-3.000000,-2.417058,1.845988,-4.552647,-2.143729,1.077189,0.000000
80193.000000,1.000000,0.000000,115.419533,-1.500000,0.068671,-3.000000,-2.397028,1.845988,-5.082828,-2.143729,12.973492,0.000000
80203.000000,1.000000,0.000000,115.423073,-1.500000,0.059618,-3.000000,-2.410445,1.845988,-0.003472,-2.143729,-2.994064,0.000000
80213.000000,1.000000,0.000000,115.292030,-1.500000,0.042324,-3.000000,-2.415376,1.845988,-1.045539,-2.143729,5.220502,0.000000
80223.000000,1.000000,0.000000,115.452469,-1.500000,-0.023991,-3.000000,-2.346605,1.845988,-3.387146,-2.143729,3.665331,0.000000
80233.000000,1.000000,0.000000,115.173477,-1.500000,-0.046969,-3.000000,-2.301181,1.845988,3.038752,-2.143729,-3.165735,0.000000
80243.000000,1.000000,0.000000,115.386238,-1.500000,-0.053078,-3.000000,-2.264369,1.845988,-0.029508,-2.143729,-1.167762,0.000000
80253.000000,1.000000,0.000000,115.422661,-1.500000,-0.079924,-3.000000,-2.194448,1.845988,-0.691026,-2.143729,0.123371,0.000000
80263.000000,1.000000,0.000000,115.521202,-1.500000,-0.077212,-3.000000,-2.186313,1.845988,3.081353,-2.143729,-4.177212,0.000000
80273.000000,1.000000,0.000000,115.368904,-1.500000,-0.061090,-3.000000,-2.211144,1.845988,0.851231,-2.143729,0.396938,0.000000
80283.000000,1.000000,0.000000,115.255508,-1.500000,-0.046691,-3.000000,-2.245692,1.845988,0.725794,-2.143729,-0.263273,0.000000
80293.000000,1.000000,0.000000,115.118736,-1.500000,-0.035002,-3.000000,-2.291565,1.845988,-0.377862,-2.143729,1.238763,0.000000
80303.000000,1.000000,0.000000,115.026550,-1.500000,-0.022605,-3.000000,-2.328344,1.845988,-0.688859,-2.143729,1.043714,0.000000
80313.000000,1.000000,0.000000,114.856819,-1.500000,-0.019249,-3.000000,-2.342419,1.845988,-0.810394,-2.143729,1.438992,0.000000
80323.000000,1.000000,0.000000,114.771126,-1.500000,-0.026686,-3.000000,-2.325612,1.845988,-1.058473,-2.143729,0.812938,0.000000
80332.000000,1.000000,0.000000,114.713097,-1.500000,-0.035637,-3.000000,-2.294657,1.845988,-0.045501,-2.143729,0.333527,0.000000
80343.000000,1.000000,0.000000,114.684830,-1.500000,-0.045525,-3.000000,-2.255815,1.845988,0.641854,-2.143729,-0.659760,0.000000
80353.000000,1.000000,0.000000,114.525894,-1.500000,-0.051663,-3.000000,-2.235564,1.845988,0.590159,-2.143729,-0.756045,0.000000
80362.000000,1.000000,0.000000,114.608673,-1.500000,-0.052138,-3.000000,-2.232694,1.845988,0.682644,-2.143729,-0.753943,0.000000
80373.000000,1.000000,0.000000,114.726173,-1.500000,-0.044012,-3.000000,-2.250869,1.845988,0.527527,-2.143729,-0.482246,0.000000
80383.000000,1.000000,0.000000,114.737305,-1.500000,-0.033978,-3.000000,-2.281002,1.845988,-0.009512,-2.143729,0.347471,0.000000
80393.000000,1.000000,0.000000,114.494102,-1.500000,-0.026047,-3.000000,-2.310500,1.845988,-0.399641,-2.143729,0.752617,0.000000
80403.000000,1.000000,0.000000,114.352913,-1.500000,-0.021875,-3.000000,-2.327087,1.845988,-0.606147,-2.143729,1.071032,0.000000
80413.000000,1.000000,0.000000,114.593750,-1.500000,-0.022946,-3.000000,-2.324596,1.845988,-0.516250,-2.143729,0.892043,0.000000
80422.000000,1.000000,0.000000,114.952286,-1.500000,-0.027133,-3.000000,-2.310110,1.845988,-0.313474,-2.143729,0.375488,0.000000
80433.000000,1.000000,0.000000,115.253296,-1.500000,-0.034706,-3.000000,-2.283247,1.845988,0.002498,-2.143729,-0.147539,0.000000
80443.000000,1.000000,0.000000,115.464127,-1.500000,-0.040434,-3.000000,-2.262811,1.845988,0.447095,-2.143729,-0.627854,0.000000
80452.000000,1.000000,0.000000,115.212837,-1.500000,-0.043747,-3.000000,-2.254467,1.845988,0.486952,-2.143729,-0.590418,0.000000
80463.000000,1.000000,0.000000,115.397957,-1.500000,-0.043236,-3.000000,-2.260977,1.845988,0.459014,-2.143729,-0.460903,0.000000
80472.000000,1.000000,0.000000,115.272331,-1.500000,-0.038485,-3.000000,-2.275161,1.845988,0.227029,-2.143729,0.054529,0.000000
80483.000000,1.000000,0.000000,115.506554,-1.500000,-0.029607,-3.000000,-2.296057,1.845988,-0.208871,-2.143729,0.505805,0.000000
80493.000000,1.000000,0.000000,115.702629,-1.500000,-0.021519,-3.000000,-2.309481,1.845988,-0.456424,-2.143729,0.688488,0.000000
80503.000000,1.000000,0.000000,115.870262,-1.500000,-0.017913,-3.000000,-2.312927,1.845988,-0.515198,-2.143729,0.650366,0.000000
80513.000000,1.000000,0.000000,116.020531,-1.500000,-0.021207,-3.000000,-2.305705,1.845988,-0.320708,-2.143729,0.392395,0.000000
80522.000000,1.000000,0.000000,115.753723,-1.500000,-0.027243,-3.000000,-2.293164,1.845988,-0.000693,-2.143729,0.137965,0.000000
80532.000000,1.000000,0.000000,115.700813,-1.500000,-0.034022,-3.000000,-2.279261,1.845988,0.332589,-2.143729,-0.205654,0.000000
80542.000000,1.000000,0.000000,115.500549,-1.500000,-0.036898,-3.000000,-2.271904,1.845988,0.468194,-2.143729,-0.487141,0.000000
80553.000000,1.000000,0.000000,115.492889,-1.500000,-0.034378,-3.000000,-2.273559,1.845988,0.333395,-2.143729,-0.389300,0.000000
80562.000000,1.000000,0.000000,115.687424,-1.500000,-0.028872,-3.000000,-2.282060,1.845988,0.105781,-2.143729,-0.091896,0.000000
80572.000000,1.000000,0.000000,115.903183,-1.500000,-0.021969,-3.000000,-2.294963,1.845988,-0.144435,-2.143729,0.317531,0.000000
80582.000000,1.000000,0.000000,115.940331,-1.500000,-0.017705,-3.000000,-2.306614,1.845988,-0.310983,-2.143729,0.480927,0.000000
80593.000000,1.000000,0.000000,116.023964,-1.500000,-0.018024,-3.000000,-2.311080,1.845988,-0.314701,-2.143729,0.603517,0.000000
80603.000000,1.000000,0.000000,116.142052,-1.500000,-0.021613,-3.000000,-2.305752,1.845988,-0.182463,-2.143729,0.425080,0.000000
80613.000000,1.000000,0.000000,116.436089,-1.500000,-0.026158,-3.000000,-2.295371,1.845988,0.039109,-2.143729,0.058609,0.000000
80622.000000,1.000000,0.000000,116.581718,-1.500000,-0.029300,-3.000000,-2.285870,1.845988,0.285999,-2.143729,-0.406139,0.000000
80633.000000,1.000000,0.000000,116.567032,-1.500000,-0.030173,-3.000000,-2.278685,1.845988,0.207049,-2.143729,-0.142153,0.000000
80643.000000,1.000000,0.000000,116.508293,-1.500000,-0.029484,-3.000000,-2.277002,1.845988,0.252010,-2.143729,-0.202739,0.000000
80653.000000,1.000000,0.000000,116.213242,-1.500000,-0.026208,-3.000000,-2.282134,1.845988,0.107792,-2.143729,0.022347,0.000000
80663.000000,1.000000,0.000000,116.024101,-1.500000,-0.021820,-3.000000,-2.289955,1.845988,-0.094187,-2.143729,0.318647,0.000000
80673.000000,1.000000,0.000000,115.569008,-1.500000,-0.017968,-3.000000,-2.296376,1.845988,-0.116961,-2.143729,0.315823,0.000000
80682.000000,1.000000,0.000000,115.345360,-1.500000,-0.016258,-3.000000,-2.299216,1.845988,-0.251481,-2.143729,0.402577,0.000000
80693.000000,1.000000,0.000000,115.319962,-1.500000,-0.017577,-3.000000,-2.297098,1.845988,-0.117626,-2.143729,0.231367,0.000000
80702.000000,1.000000,0.000000,115.602814,-1.500000,-0.020445,-3.000000,-2.291761,1.845988,-0.002696,-2.143729,0.116957,0.000000
80712.000000,1.000000,0.000000,115.991127,-1.500000,-0.022693,-3.000000,-2.284925,1.845988,0.179580,-2.143729,-0.072151,0.000000
80722.000000,1.000000,0.000000,116.249542,-1.500000,-0.023170,-3.000000,-2.280303,1.845988,0.182617,-2.143729,-0.125042,0.000000
80732.000000,1.000000,0.000000,116.470665,-1.500000,-0.022099,-3.000000,-2.278619,1.845988,0.107486,-2.143729,-0.034210,0.000000
80743.000000,1.000000,0.000000,116.410095,-1.500000,-0.018658,-3.000000,-2.282416,1.845988,0.043074,-2.143729,-0.018497,0.000000
80752.000000,1.000000,0.000000,116.316071,-1.500000,-0.015894,-3.000000,-2.287486,1.845988,-0.075993,-2.143729,0.186418,0.000000
80762.000000,1.000000,0.000000,116.188942,-1.500000,-0.013917,-3.000000,-2.292865,1.845988,-0.092943,-2.143729,0.277414,0.000000
80773.000000,1.000000,0.000000,115.988075,-1.500000,-0.013888,-3.000000,-2.296184,1.845988,-0.088353,-2.143729,0.286262,0.000000
80782.000000,1.000000,0.000000,115.823853,-1.500000,-0.015239,-3.000000,-2.295433,1.845988,-0.068566,-2.143729,0.225252,0.000000
80792.000000,1.000000,0.000000,115.786896,-1.500000,-0.016944,-3.000000,-2.291650,1.845988,-0.000700,-2.143729,0.075395,0.000000
80803.000000,1.000000,0.000000,115.908195,-1.500000,-0.017903,-3.000000,-2.286053,1.845988,0.078120,-2.143729,-0.018934,0.000000
80812.000000,1.000000,0.000000,115.915604,-1.500000,-0.017632,-3.000000,-2.282766,1.845988,0.116711,-2.143729,-0.061224,0.000000
80823.000000,1.000000,0.000000,116.032501,-1.500000,-0.016408,-3.000000,-2.281387,1.845988,0.112281,-2.143729,0.003330,0.000000
80832.000000,1.000000,0.000000,116.183983,-1.500000,-0.014930,-3.000000,-2.283621,1.845988,0.054411,-2.143729,0.031356,0.000000
80843.000000,1.000000,0.000000,116.213768,-1.500000,-0.012956,-3.000000,-2.288657,1.845988,0.008839,-2.143729,0.159130,0.000000
80852.000000,1.000000,0.000000,116.183907,-1.500000,-0.011941,-3.000000,-2.292273,1.845988,-0.081027,-2.143729,0.198654,0.000000
80862.000000,1.000000,0.000000,116.211006,-1.500000,-0.011486,-3.000000,-2.294476,1.845988,-0.087391,-2.143729,0.235255,0.000000
80873.000000,1.000000,0.000000,116.128090,-1.500000,-0.011528,-3.000000,-2.294085,1.845988,-0.070864,-2.143729,0.188073,0.000000
80883.000000,1.000000,0.000000,116.160103,-1.500000,-0.012009,-3.000000,-2.291578,1.845988,-0.012494,-2.143729,0.114238,0.000000
80892.000000,1.000000,0.000000,116.244705,-1.500000,-0.012807,-3.000000,-2.288810,1.845988,0.007644,-2.143729,0.034876,0.000000
80903.000000,1.000000,0.000000,116.365929,-1.500000,-0.013098,-3.000000,-2.287040,1.845988,0.089906,-2.143729,-0.042605,0.000000
80913.000000,1.000000,0.000000,116.512955,-1.500000,-0.012847,-3.000000,-2.287149,1.845988,0.041436,-2.143729,0.014485,0.000000
80922.000000,1.000000,0.000000,116.685936,-1.500000,-0.011891,-3.000000,-2.288817,1.845988,0.054794,-2.143729,0.044885,0.000000
80932.000000,1.000000,0.000000,116.731941,-1.500000,-0.010253,-3.000000,-2.292460,1.845988,-0.004204,-2.143729,0.066254,0.000000
80942.000000,1.000000,0.000000,116.719734,-1.500000,-0.008778,-3.000000,-2.295789,1.845988,-0.066578,-2.143729,0.206164,0.000000
80952.000000,1.000000,0.000000,116.604813,-1.500000,-0.008032,-3.000000,-2.297666,1.845988,-0.052441,-2.143729,0.187367,0.000000
80962.000000,1.000000,0.000000,116.564041,-1.500000,-0.008102,-3.000000,-2.297869,1.845988,-0.065688,-2.143729,0.169789,0.000000
80972.000000,1.000000,0.000000,116.335648,-1.500000,-0.007898,-3.000000,-2.296806,1.845988,0.025559,-2.143729,0.129213,0.000000
80982.000000,1.000000,0.000000,116.352592,-1.500000,-0.007991,-3.000000,-2.295091,1.845988,0.014660,-2.143729,0.049168,0.000000
80992.000000,1.000000,0.000000,116.316971,-1.500000,-0.008060,-3.000000,-2.294163,1.845988,0.028967,-2.143729,-0.013498,0.000000
81002.000000,1.000000,0.000000,116.337418,-1.500000,-0.007858,-3.000000,-2.294035,1.845988,0.036196,-2.143729,0.051184,0.000000
81012.000000,1.000000,0.000000,116.307632,-1.500000,-0.007088,-3.000000,-2.294839,1.845988,0.027347,-2.143729,0.105057,0.000000
81023.000000,1.000000,0.000000,116.236626,-1.500000,-0.005603,-3.000000,-2.297600,1.845988,0.059974,-2.143729,0.024546,0.000000
81033.000000,1.000000,0.000000,116.571953,-1.500000,-0.003320,-3.000000,-2.302100,1.845988,-0.019338,-2.143729,0.172987,0.000000
81042.000000,1.000000,0.000000,116.848686,-1.500000,-0.003581,-3.000000,-2.302268,1.845988,-0.208429,-2.143729,0.441497,0.000000
81052.000000,1.000000,0.000000,117.076691,-1.500000,-0.003009,-3.000000,-2.302458,1.845988,0.033823,-2.143729,0.041768,0.000000
81062.000000,1.000000,0.000000,117.266556,-1.500000,-0.003986,-3.000000,-2.299854,1.845988,-0.115529,-2.143729,0.223026,0.000000
81072.000000,1.000000,0.000000,117.425903,-1.500000,-0.005381,-3.000000,-2.295171,1.845988,-0.002847,-2.143729,0.033151,0.000000
81082.000000,1.000000,0.000000,117.509308,-1.500000,-0.006189,-3.000000,-2.291856,1.845988,0.139335,-2.143729,-0.018597,0.000000
81092.000000,1.000000,0.000000,117.529236,-1.500000,-0.006214,-3.000000,-2.290006,1.845988,0.092126,-2.143729,-0.003200,0.000000
81102.000000,1.000000,0.000000,117.596443,-1.500000,-0.005074,-3.000000,-2.291040,1.845988,0.112487,-2.143729,-0.014780,0.000000
81112.000000,1.000000,0.000000,117.598495,-1.500000,-0.003938,-3.000000,-2.293953,1.845988,-0.044832,-2.143729,0.096660,0.000000
81123.000000,1.000000,0.000000,117.348587,-1.500000,-0.002447,-3.000000,-2.297327,1.845988,-0.048970,-2.143729,0.168484,0.000000
81132.000000,1.000000,0.000000,117.142982,-1.500000,-0.001635,-3.000000,-2.299568,1.845988,-0.099203,-2.143729,0.248243,0.000000
81142.000000,1.000000,0.000000,117.125717,-1.500000,-0.001466,-3.000000,-2.299607,1.845988,-0.081528,-2.143729,0.194293,0.000000
81152.000000,1.000000,0.000000,117.320015,-1.500000,-0.002027,-3.000000,-2.298455,1.845988,-0.009143,-2.143729,0.131777,0.000000
81162.000000,1.000000,0.000000,117.411606,-1.500000,-0.002773,-3.000000,-2.295172,1.845988,0.025973,-2.143729,0.094859,0.000000
81172.000000,1.000000,0.000000,117.148735,-1.500000,-0.003175,-3.000000,-2.292593,1.845988,0.056225,-2.143729,-0.023901,0.000000
81182.000000,1.000000,0.000000,117.029083,-1.500000,-0.003022,-3.000000,-2.292250,1.845988,0.059119,-2.143729,-0.079508,0.000000
81192.000000,1.000000,0.000000,116.931114,-1.500000,-0.002629,-3.000000,-2.293644,1.845988,0.010946,-2.143729,0.046425,0.000000
81202.000000,1.000000,0.000000,117.007446,-1.500000,-0.001854,-3.000000,-2.296164,1.845988,-0.022394,-2.143729,0.103915,0.000000
81212.000000,1.000000,0.000000,116.967834,-1.500000,-0.000620,-3.000000,-2.298381,1.845988,-0.035941,-2.143729,0.217378,0.000000
81222.000000,1.000000,0.000000,116.738647,-1.500000,0.000538,-3.000000,-2.299844,1.845988,-0.066757,-2.143729,0.192068,0.000000
81232.000000,1.000000,0.000000,116.650780,-1.500000,0.000805,-3.000000,-2.300070,1.845988,-0.094988,-2.143729,0.128099,0.000000
81242.000000,1.000000,0.000000,116.776581,-1.500000,0.001303,-3.000000,-2.298825,1.845988,0.007094,-2.143729,0.139004,0.000000
81252.000000,1.000000,0.000000,116.970238,-1.500000,0.001217,-3.000000,-2.296555,1.845988,0.015914,-2.143729,0.092397,0.000000
81262.000000,1.000000,0.000000,116.891586,-1.500000,0.000738,-3.000000,-2.294878,1.845988,0.053765,-2.143729,0.034298,0.000000
81272.000000,1.000000,0.000000,116.580910,-1.500000,0.000702,-3.000000,-2.294627,1.845988,0.039519,-2.143729,0.002483,0.000000
81282.000000,1.000000,0.000000,116.476280,-1.500000,0.001074,-3.000000,-2.295555,1.845988,0.018920,-2.143729,0.041924,0.000000
81292.000000,1.000000,0.000000,116.386253,-1.500000,0.002245,-3.000000,-2.297154,1.845988,-0.025402,-2.143729,0.131382,0.000000
81302.000000,1.000000,0.000000,116.458496,-1.500000,0.003503,-3.000000,-2.298518,1.845988,-0.057555,-2.143729,0.189908,0.000000
81312.000000,1.000000,0.000000,116.666962,-1.500000,0.004651,-3.000000,-2.299122,1.845988,-0.035877,-2.143729,0.183124,0.000000
81322.000000,1.000000,0.000000,116.787331,-1.500000,0.004891,-3.000000,-2.299047,1.845988,-0.035877,-2.143729,0.166980,0.000000
81332.000000,1.000000,0.000000,116.728920,-1.500000,0.004926,-3.000000,-2.297930,1.845988,0.003060,-2.143729,0.124831,0.000000
81342.000000,1.000000,0.000000,116.348946,-1.500000,0.005046,-3.000000,-2.296619,1.845988,0.039743,-2.143729,0.074414,0.000000
81352.000000,1.000000,0.000000,116.576775,-1.500000,0.005306,-3.000000,-2.295867,1.845988,0.045899,-2.143729,0.061448,0.000000
81362.000000,1.000000,0.000000,116.677956,-1.500000,0.005877,-3.000000,-2.295654,1.845988,0.012029,-2.143729,0.040686,0.000000
81372.000000,1.000000,0.000000,116.714531,-1.500000,0.006824,-3.000000,-2.296070,1.845988,0.022800,-2.143729,0.067505,0.000000
81382.000000,1.000000,0.000000,116.537903,-1.500000,0.007744,-3.000000,-2.297043,1.845988,-0.022507,-2.143729,0.122792,0.000000
81392.000000,1.000000,0.000000,116.655426,-1.500000,0.008137,-3.000000,-2.298019,1.845988,-0.030888,-2.143729,0.128583,0.000000
81402.000000,1.000000,0.000000,116.745422,-1.500000,0.008005,-3.000000,-2.298743,1.845988,-0.044064,-2.143729,0.138952,0.000000
81412.000000,1.000000,0.000000,116.613449,-1.500000,0.007635,-3.000000,-2.298330,1.845988,-0.046438,-2.143729,0.132705,0.000000
81422.000000,1.000000,0.000000,116.406845,-1.500000,0.007397,-3.000000,-2.297565,1.845988,0.006250,-2.143729,0.086962,0.000000
81432.000000,1.000000,0.000000,116.487343,-1.500000,0.007637,-3.000000,-2.296615,1.845988,0.024182,-2.143729,0.043774,0.000000
81442.000000,1.000000,0.000000,116.546394,-1.500000,0.007826,-3.000000,-2.296160,1.845988,0.023134,-2.143729,0.021394,0.000000
81452.000000,1.000000,0.000000,116.747002,-1.500000,0.008348,-3.000000,-2.296278,1.845988,0.025087,-2.143729,0.078335,0.000000
81462.000000,1.000000,0.000000,117.066772,-1.500000,0.009108,-3.000000,-2.297130,1.845988,-0.011371,-2.143729,0.068439,0.000000
81472.000000,1.000000,0.000000,117.083893,-1.500000,0.010049,-3.000000,-2.298581,1.845988,-0.011177,-2.143729,0.110495,0.000000
81482.000000,1.000000,0.000000,117.054642,-1.500000,0.010594,-3.000000,-2.299584,1.845988,-0.012880,-2.143729,0.126331,0.000000
81492.000000,1.000000,0.000000,116.975075,-1.500000,0.010642,-3.000000,-2.300221,1.845988,-0.032046,-2.143729,0.116287,0.000000
81502.000000,1.000000,0.000000,116.858604,-1.500000,0.010702,-3.000000,-2.299878,1.845988,-0.028030,-2.143729,0.113241,0.000000
81512.000000,1.000000,0.000000,116.761261,-1.500000,0.010116,-3.000000,-2.299196,1.845988,-0.020574,-2.143729,0.072959,0.000000
81522.000000,1.000000,0.000000,116.681099,-1.500000,0.009771,-3.000000,-2.299022,1.845988,0.003766,-2.143729,0.004198,0.000000
81532.000000,1.000000,0.000000,116.813591,-1.500000,0.009612,-3.000000,-2.298344,1.845988,-0.024551,-2.143729,0.089532,0.000000
81542.000000,1.000000,0.000000,116.770844,-1.500000,0.009815,-3.000000,-2.298204,1.845988,0.026840,-2.143729,0.087086,0.000000
81552.000000,1.000000,0.000000,116.722893,-1.500000,0.010371,-3.000000,-2.298184,1.845988,0.011222,-2.143729,0.113403,0.000000
81562.000000,1.000000,0.000000,116.537239,-1.500000,0.011366,-3.000000,-2.298843,1.845988,0.040086,-2.143729,0.094108,0.000000
81572.000000,1.000000,0.000000,116.292145,-1.500000,0.012035,-3.000000,-2.299409,1.845988,-0.041865,-2.143729,0.120780,0.000000
81582.000000,1.000000,0.000000,116.340858,-1.500000,0.011897,-3.000000,-2.299202,1.845988,-0.049491,-2.143729,0.164370,0.000000
81592.000000,1.000000,0.000000,116.541107,-1.500000,0.011715,-3.000000,-2.298194,1.845988,-0.025145,-2.143729,0.122238,0.000000
81602.000000,1.000000,0.000000,116.651230,-1.500000,0.011534,-3.000000,-2.297196,1.845988,-0.012300,-2.143729,0.105734,0.000000
81612.000000,1.000000,0.000000,116.495834,-1.500000,0.011312,-3.000000,-2.296282,1.845988,0.035547,-2.143729,0.085182,0.000000
81622.000000,1.000000,0.000000,116.470146,-1.500000,0.011113,-3.000000,-2.296111,1.845988,-0.004414,-2.143729,0.097239,0.000000
81632.000000,1.000000,0.000000,116.693451,-1.500000,0.011520,-3.000000,-2.296276,1.845988,0.052765,-2.143729,0.106143,0.000000
81642.000000,1.000000,0.000000,116.928520,-1.500000,0.011707,-3.000000,-2.296698,1.845988,-0.029981,-2.143729,0.100618,0.000000
81652.000000,1.000000,0.000000,117.369980,-1.500000,0.012056,-3.000000,-2.297266,1.845988,-0.008540,-2.143729,0.138907,0.000000
81662.000000,1.000000,0.000000,117.636337,-1.500000,0.012758,-3.000000,-2.298026,1.845988,-0.013557,-2.143729,0.092429,0.000000
81672.000000,1.000000,0.000000,117.651901,-1.500000,0.012923,-3.000000,-2.298090,1.845988,-0.012071,-2.143729,0.135081,0.000000
81682.000000,1.000000,0.000000,117.417168,-1.500000,0.013066,-3.000000,-2.298102,1.845988,0.007955,-2.143729,0.099980,0.000000
81692.000000,1.000000,0.000000,117.268173,-1.500000,0.012986,-3.000000,-2.297759,1.845988,-0.015920,-2.143729,0.065109,0.000000
81702.000000,1.000000,0.000000,117.148613,-1.500000,0.013151,-3.000000,-2.297150,1.845988,0.023677,-2.143729,0.111182,0.000000
81712.000000,1.000000,0.000000,117.145439,-1.500000,0.013683,-3.000000,-2.297284,1.845988,0.017408,-2.143729,0.065470,0.000000
81722.000000,1.000000,0.000000,117.296837,-1.500000,0.014068,-3.000000,-2.297854,1.845988,0.011878,-2.143729,0.061900,0.000000
81732.000000,1.000000,0.000000,117.526215,-1.500000,0.014965,-3.000000,-2.298664,1.845988,0.020052,-2.143729,0.096148,0.000000
81742.000000,1.000000,0.000000,117.714493,-1.500000,0.015504,-3.000000,-2.299233,1.845988,-0.022259,-2.143729,0.119846,0.000000
81752.000000,1.000000,0.000000,117.715645,-1.500000,0.015545,-3.000000,-2.299611,1.845988,-0.023665,-2.143729,0.089417,0.000000
81762.000000,1.000000,0.000000,117.568573,-1.500000,0.015616,-3.000000,-2.299938,1.845988,0.009278,-2.143729,0.105577,0.000000
81772.000000,1.000000,0.000000,117.444153,-1.500000,0.015574,-3.000000,-2.300060,1.845988,-0.000830,-2.143729,0.057539,0.000000
81782.000000,1.000000,0.000000,117.344414,-1.500000,0.015808,-3.000000,-2.299735,1.845988,0.019941,-2.143729,0.105027,0.000000
81792.000000,1.000000,0.000000,117.110336,-1.500000,0.016030,-3.000000,-2.299348,1.845988,-0.022382,-2.143729,0.065901,0.000000
81802.000000,1.000000,0.000000,117.174355,-1.500000,0.016343,-3.000000,-2.299438,1.845988,-0.015677,-2.143729,0.130528,0.000000
81812.000000,1.000000,0.000000,117.714996,-1.500000,0.016886,-3.000000,-2.299697,1.845988,0.016389,-2.143729,0.117738,0.000000
81822.000000,1.000000,0.000000,118.111931,-1.500000,0.017090,-3.000000,-2.300025,1.845988,-0.012866,-2.143729,0.113458,0.000000
81832.000000,1.000000,0.000000,118.241531,-1.500000,0.016889,-3.000000,-2.300390,1.845988,-0.048173,-2.143729,0.088777,0.000000
81842.000000,1.000000,0.000000,118.093880,-1.500000,0.016827,-3.000000,-2.300825,1.845988,-0.016596,-2.143729,0.090079,0.000000
81852.000000,1.000000,0.000000,118.118713,-1.500000,0.016837,-3.000000,-2.300603,1.845988,0.026450,-2.143729,0.089419,0.000000
81862.000000,1.000000,0.000000,118.245361,-1.500000,0.017167,-3.000000,-2.300044,1.845988,0.003098,-2.143729,0.104191,0.000000
81872.000000,1.000000,0.000000,118.103226,-1.500000,0.017453,-3.000000,-2.300232,1.845988,0.015023,-2.143729,0.056515,0.000000
81882.000000,1.000000,0.000000,117.882912,-1.500000,0.017753,-3.000000,-2.300422,1.845988,-0.007768,-2.143729,0.063223,0.000000
81892.000000,1.000000,0.000000,117.497719,-1.500000,0.018155,-3.000000,-2.300608,1.845988,0.013864,-2.143729,0.093212,0.000000
81902.000000,1.000000,0.000000,117.132057,-1.500000,0.018153,-3.000000,-2.300724,1.845988,-0.012322,-2.143729,0.088405,0.000000
81912.000000,1.000000,0.000000,116.793228,-1.500000,0.018030,-3.000000,-2.301039,1.845988,-0.040228,-2.143729,0.107496,0.000000
81922.000000,1.000000,0.000000,116.702896,-1.500000,0.018046,-3.000000,-2.301168,1.845988,0.012860,-2.143729,0.086280,0.000000
81932.000000,1.000000,0.000000,116.382385,-1.500000,0.018421,-3.000000,-2.301604,1.845988,0.016297,-2.143729,0.087647,0.000000
81942.000000,1.000000,0.000000,116.214493,-1.500000,0.018555,-3.000000,-2.301512,1.845988,0.035780,-2.143729,0.108461,0.000000
81952.000000,1.000000,0.000000,116.179100,-1.500000,0.018616,-3.000000,-2.301463,1.845988,0.018725,-2.143729,0.103828,0.000000
81962.000000,1.000000,0.000000,116.347733,-1.500000,0.018483,-3.000000,-2.301368,1.845988,0.007395,-2.143729,0.089346,0.000000
81972.000000,1.000000,0.000000,116.387260,-1.500000,0.018325,-3.000000,-2.301587,1.845988,-0.000819,-2.143729,0.088402,0.000000
81982.000000,1.000000,0.000000,116.418350,-1.500000,0.018287,-3.000000,-2.301303,1.845988,-0.024620,-2.143729,0.130755,0.000000
81992.000000,1.000000,0.000000,116.380554,-1.500000,0.018410,-3.000000,-2.301373,1.845988,-0.011377,-2.143729,0.081502,0.000000
82002.000000,1.000000,0.000000,116.603134,-1.500000,0.018733,-3.000000,-2.301781,1.845988,0.016782,-2.143729,0.101116,0.000000
82012.000000,1.000000,0.000000,116.593658,-1.500000,0.018455,-3.000000,-2.302308,1.845988,-0.031554,-2.143729,0.094027,0.000000
82022.000000,1.000000,0.000000,116.786942,-1.500000,0.018840,-3.000000,-2.302731,1.845988,0.038757,-2.143729,0.104104,0.000000
82032.000000,1.000000,0.000000,117.043396,-1.500000,0.019290,-3.000000,-2.302604,1.845988,0.031878,-2.143729,0.108352,0.000000
82042.000000,1.000000,0.000000,117.412552,-1.500000,0.019642,-3.000000,-2.302480,1.845988,-0.007644,-2.143729,0.140796,0.000000
82052.000000,1.000000,0.000000,117.620186,-1.500000,0.019839,-3.000000,-2.302628,1.845988,0.000314,-2.143729,0.057325,0.000000
82062.000000,1.000000,0.000000,117.388901,-1.500000,0.020052,-3.000000,-2.303081,1.845988,0.039006,-2.143729,0.103893,0.000000
82072.000000,1.000000,0.000000,117.298248,-1.500000,0.020006,-3.000000,-2.303931,1.845988,-0.044618,-2.143729,0.107390,0.000000
82082.000000,1.000000,0.000000,117.227112,-1.500000,0.019670,-3.000000,-2.304625,1.845988,-0.041180,-2.143729,0.135304,0.000000
82092.000000,1.000000,0.000000,117.112396,-1.500000,0.019538,-3.000000,-2.305028,1.845988,-0.023759,-2.143729,0.088016,0.000000
82102.000000,1.000000,0.000000,116.867943,-1.500000,0.019296,-3.000000,-2.305367,1.845988,-0.015071,-2.143729,0.100961,0.000000
82112.000000,1.000000,0.000000,116.720390,-1.500000,0.019192,-3.000000,-2.305452,1.845988,0.008666,-2.143729,0.099510,0.000000
82122.000000,1.000000,0.000000,116.398827,-1.500000,0.019261,-3.000000,-2.305283,1.845988,0.022984,-2.143729,0.097469,0.000000
82132.000000,1.000000,0.000000,116.425453,-1.500000,0.018905,-3.000000,-2.304876,1.845988,-0.037920,-2.143729,0.091588,0.000000
82142.000000,1.000000,0.000000,116.497231,-1.500000,0.018322,-3.000000,-2.304195,1.845988,-0.024441,-2.143729,0.117058,0.000000
82152.000000,1.000000,0.000000,116.560127,-1.500000,0.017914,-3.000000,-2.303324,1.845988,0.025552,-2.143729,0.125500,0.000000
82162.000000,1.000000,0.000000,116.564796,-1.500000,0.017776,-3.000000,-2.303005,1.845988,-0.027383,-2.143729,0.099135,0.000000
82172.000000,1.000000,0.000000,116.519966,-1.500000,0.017805,-3.000000,-2.303289,1.845988,0.030948,-2.143729,0.051863,0.000000
82182.000000,1.000000,0.000000,116.633842,-1.500000,0.018217,-3.000000,-2.303756,1.845988,0.024696,-2.143729,0.099745,0.000000
82192.000000,1.000000,0.000000,116.479507,-1.500000,0.018272,-3.000000,-2.303710,1.845988,-0.034220,-2.143729,0.165016,0.000000
82202.000000,1.000000,0.000000,116.306412,-1.500000,0.018468,-3.000000,-2.303860,1.845988,-0.008071,-2.143729,0.073200,0.000000
82212.000000,1.000000,0.000000,116.318130,-1.500000,0.019037,-3.000000,-2.304240,1.845988,0.045111,-2.143729,0.070789,0.000000
82222.000000,1.000000,0.000000,116.120804,-1.500000,0.019552,-3.000000,-2.305342,1.845988,0.013338,-2.143729,0.075477,0.000000
82232.000000,1.000000,0.000000,116.159271,-1.500000,0.020507,-3.000000,-2.306658,1.845988,0.044747,-2.143729,0.081108,0.000000
82242.000000,1.000000,0.000000,116.341507,-1.500000,0.020914,-3.000000,-2.307348,1.845988,-0.019995,-2.143729,0.104219,0.000000
82252.000000,1.000000,0.000000,116.492012,-1.500000,0.021035,-3.000000,-2.307702,1.845988,-0.007685,-2.143729,0.068297,0.000000
82262.000000,1.000000,0.000000,116.713394,-1.500000,0.021510,-3.000000,-2.308199,1.845988,0.016108,-2.143729,0.070778,0.000000
82272.000000,1.000000,0.000000,116.895355,-1.500000,0.021715,-3.000000,-2.308058,1.845988,0.024930,-2.143729,0.110627,0.000000
82282.000000,1.000000,0.000000,117.147354,-1.500000,0.021696,-3.000000,-2.308177,1.845988,-0.016596,-2.143729,0.091629,0.000000
82292.000000,1.000000,0.000000,117.504410,-1.500000,0.021487,-3.000000,-2.308033,1.845988,-0.008820,-2.143729,0.096732,0.000000
82302.000000,1.000000,0.000000,117.650269,-1.500000,0.021493,-3.000000,-2.307910,1.845988,0.020107,-2.143729,0.088088,0.000000
82312.000000,1.000000,0.000000,117.769768,-1.500000,0.021464,-3.000000,-2.307088,1.845988,0.016191,-2.143729,0.109782,0.000000
82322.000000,1.000000,0.000000,117.462646,-1.500000,0.021643,-3.000000,-2.306896,1.845988,0.011914,-2.143729,0.087661,0.000000
82332.000000,1.000000,0.000000,117.413094,-1.500000,0.022029,-3.000000,-2.307048,1.845988,0.028640,-2.143729,0.094380,0.000000
82342.000000,1.000000,0.000000,117.272408,-1.500000,0.022448,-3.000000,-2.307272,1.845988,-0.001901,-2.143729,0.086135,0.000000
82352.000000,1.000000,0.000000,117.353004,-1.500000,0.022764,-3.000000,-2.307845,1.845988,0.015603,-2.143729,0.088563,0.000000
82362.000000,1.000000,0.000000,117.022392,-1.500000,0.022805,-3.000000,-2.308021,1.845988,-0.006963,-2.143729,0.113389,0.000000
82372.000000,1.000000,0.000000,116.900093,-1.500000,0.022662,-3.000000,-2.307981,1.845988,-0.033918,-2.143729,0.120826,0.000000
82382.000000,1.000000,0.000000,116.848251,-1.500000,0.022260,-3.000000,-2.307891,1.845988,-0.001970,-2.143729,0.125518,0.000000
82392.000000,1.000000,0.000000,116.856758,-1.500000,0.022197,-3.000000,-2.307778,1.845988,-0.031772,-2.143729,0.102434,0.000000
82402.000000,1.000000,0.000000,116.762589,-1.500000,0.021994,-3.000000,-2.307453,1.845988,-0.014494,-2.143729,0.114991,0.000000
82412.000000,1.000000,0.000000,116.734291,-1.500000,0.021840,-3.000000,-2.307315,1.845988,-0.023888,-2.143729,0.103311,0.000000
82422.000000,1.000000,0.000000,116.711166,-1.500000,0.021684,-3.000000,-2.307442,1.845988,-0.022354,-2.143729,0.086573,0.000000
82432.000000,1.000000,0.000000,116.742599,-1.500000,0.021550,-3.000000,-2.307477,1.845988,-0.025046,-2.143729,0.085058,0.000000
82442.000000,1.000000,0.000000,116.970810,-1.500000,0.021699,-3.000000,-2.307572,1.845988,0.030436,-2.143729,0.079384,0.000000
82452.000000,1.000000,0.000000,117.057014,-1.500000,0.021775,-3.000000,-2.307382,1.845988,0.006219,-2.143729,0.097824,0.000000
82462.000000,1.000000,0.000000,117.129227,-1.500000,0.021787,-3.000000,-2.306787,1.845988,-0.016491,-2.143729,0.108103,0.000000
82472.000000,1.000000,0.000000,116.939751,-1.500000,0.021792,-3.000000,-2.306097,1.845988,0.013021,-2.143729,0.121539,0.000000
82482.000000,1.000000,0.000000,116.834579,-1.500000,0.021738,-3.000000,-2.305861,1.845988,0.000668,-2.143729,0.113609,0.000000
82492.000000,1.000000,0.000000,116.697319,-1.500000,0.021797,-3.000000,-2.306270,1.845988,-0.012057,-2.143729,0.045699,0.000000
82502.000000,1.000000,0.000000,116.783440,-1.500000,0.021785,-3.000000,-2.306786,1.845988,-0.000723,-2.143729,0.114911,0.000000
82512.000000,1.000000,0.000000,116.803864,-1.500000,0.021890,-3.000000,-2.307205,1.845988,0.007957,-2.143729,0.133235,0.000000
82522.000000,1.000000,0.000000,116.870407,-1.500000,0.021430,-3.000000,-2.307618,1.845988,-0.041901,-2.143729,0.065695,0.000000
82532.000000,1.000000,0.000000,116.724724,-1.500000,0.021050,-3.000000,-2.307662,1.845988,0.015194,-2.143729,0.115793,0.000000
82542.000000,1.000000,0.000000,116.756439,-1.500000,0.020860,-3.000000,-2.307936,1.845988,-0.026521,-2.143729,0.084802,0.000000
82552.000000,1.000000,0.000000,116.932167,-1.500000,0.021065,-3.000000,-2.308192,1.845988,0.036891,-2.143729,0.120368,0.000000
82562.000000,1.000000,0.000000,117.177856,-1.500000,0.021520,-3.000000,-2.307976,1.845988,0.010951,-2.143729,0.109438,0.000000
82572.000000,1.000000,0.000000,117.334892,-1.500000,0.021499,-3.000000,-2.308002,1.845988,-0.006121,-2.143729,0.076971,0.000000
82582.000000,1.000000,0.000000,117.515182,-1.500000,0.021838,-3.000000,-2.307828,1.845988,0.004896,-2.143729,0.108888,0.000000
82592.000000,1.000000,0.000000,117.610138,-1.500000,0.021933,-3.000000,-2.308098,1.845988,0.011551,-2.143729,0.072880,0.000000
82602.000000,1.000000,0.000000,117.533325,-1.500000,0.021931,-3.000000,-2.308308,1.845988,-0.020001,-2.143729,0.133782,0.000000
82612.000000,1.000000,0.000000,117.420135,-1.500000,0.021939,-3.000000,-2.308657,1.845988,0.018093,-2.143729,0.109710,0.000000
82622.000000,1.000000,0.000000,117.276939,-1.500000,0.021882,-3.000000,-2.308732,1.845988,-0.012346,-2.143729,0.089409,0.000000
82632.000000,1.000000,0.000000,117.208679,-1.500000,0.021913,-3.000000,-2.308818,1.845988,-0.020464,-2.143729,0.064613,0.000000
82642.000000,1.000000,0.000000,117.052742,-1.500000,0.022226,-3.000000,-2.309102,1.845988,0.007298,-2.143729,0.127832,0.000000
82652.000000,1.000000,0.000000,116.972725,-1.500000,0.022627,-3.000000,-2.309561,1.845988,-0.007253,-2.143729,0.085290,0.000000
82662.000000,1.000000,0.000000,116.809196,-1.500000,0.022865,-3.000000,-2.309892,1.845988,-0.007935,-2.143729,0.100106,0.000000
82672.000000,1.000000,0.000000,116.870361,-1.500000,0.023538,-3.000000,-2.310098,1.845988,0.013399,-2.143729,0.094774,0.000000
82682.000000,1.000000,0.000000,116.872292,-1.500000,0.024047,-3.000000,-2.310239,1.845988,0.004002,-2.143729,0.087003,0.000000
82692.000000,1.000000,0.000000,116.868423,-1.500000,0.024332,-3.000000,-2.310237,1.845988,-0.024503,-2.143729,0.104614,0.000000
82702.000000,1.000000,0.000000,116.979973,-1.500000,0.024432,-3.000000,-2.310261,1.845988,0.018434,-2.143729,0.121890,0.000000
82712.000000,1.000000,0.000000,117.267761,-1.500000,0.024214,-3.000000,-2.310340,1.845988,-0.060375,-2.143729,0.073929,0.000000
82722.000000,1.000000,0.000000,117.453278,-1.500000,0.023606,-3.000000,-2.310325,1.845988,-0.013344,-2.143729,0.087247,0.000000
82732.000000,1.000000,0.000000,117.553505,-1.500000,0.023468,-3.000000,-2.309636,1.845988,0.032861,-2.143729,0.090726,0.000000
82742.000000,1.000000,0.000000,117.685898,-1.500000,0.023173,-3.000000,-2.309685,1.845988,-0.012021,-2.143729,0.084358,0.000000
82752.000000,1.000000,0.000000,117.643417,-1.500000,0.022705,-3.000000,-2.309654,1.845988,-0.024274,-2.143729,0.093841,0.000000
82762.000000,1.000000,0.000000,117.559326,-1.500000,0.022560,-3.000000,-2.309598,1.845988,0.003911,-2.143729,0.100965,0.000000
82772.000000,1.000000,0.000000,117.489616,-1.500000,0.022694,-3.000000,-2.309567,1.845988,0.021287,-2.143729,0.071042,0.000000
82782.000000,1.000000,0.000000,117.431923,-1.500000,0.023103,-3.000000,-2.309243,1.845988,0.022041,-2.143729,0.105590,0.000000
82792.000000,1.000000,0.000000,117.492043,-1.500000,0.023061,-3.000000,-2.308851,1.845988,-0.018662,-2.143729,0.084212,0.000000
82802.000000,1.000000,0.000000,117.557411,-1.500000,0.023311,-3.000000,-2.308927,1.845988,-0.012670,-2.143729,0.088549,0.000000
82812.000000,1.000000,0.000000,117.582268,-1.500000,0.023695,-3.000000,-2.309207,1.845988,0.016237,-2.143729,0.109793,0.000000
82822.000000,1.000000,0.000000,117.602371,-1.500000,0.023897,-3.000000,-2.309686,1.845988,0.008405,-2.143729,0.070575,0.000000
82832.000000,1.000000,0.000000,117.518181,-1.500000,0.024207,-3.000000,-2.310068,1.845988,0.002384,-2.143729,0.104968,0.000000
82842.000000,1.000000,0.000000,117.302429,-1.500000,0.024383,-3.000000,-2.310227,1.845988,0.023317,-2.143729,0.110291,0.000000
82852.000000,1.000000,0.000000,117.126610,-1.500000,0.024687,-3.000000,-2.310092,1.845988,0.015538,-2.143729,0.107933,0.000000
82862.000000,1.000000,0.000000,117.079689,-1.500000,0.025050,-3.000000,-2.310105,1.845988,0.017840,-2.143729,0.087562,0.000000
82872.000000,1.000000,0.000000,117.191612,-1.500000,0.025011,-3.000000,-2.309782,1.845988,0.001832,-2.143729,0.085358,0.000000
82882.000000,1.000000,0.000000,117.333336,-1.500000,0.024954,-3.000000,-2.310090,1.845988,0.020777,-2.143729,0.064245,0.000000
82892.000000,1.000000,0.000000,117.500175,-1.500000,0.024686,-3.000000,-2.310334,1.845988,-0.045022,-2.143729,0.078003,0.000000
82902.000000,1.000000,0.000000,117.335457,-1.500000,0.024275,-3.000000,-2.310429,1.845988,-0.002213,-2.143729,0.112409,0.000000
82912.000000,1.000000,0.000000,117.297935,-1.500000,0.024225,-3.000000,-2.310547,1.845988,-0.034278,-2.143729,0.088612,0.000000
82922.000000,1.000000,0.000000,117.321724,-1.500000,0.023997,-3.000000,-2.310869,1.845988,-0.026762,-2.143729,0.076233,0.000000
82932.000000,1.000000,0.000000,117.341309,-1.500000,0.024335,-3.000000,-2.311233,1.845988,0.033322,-2.143729,0.052511,0.000000
82942.000000,1.000000,0.000000,117.406273,-1.500000,0.024872,-3.000000,-2.311561,1.845988,0.019958,-2.143729,0.131941,0.000000
82952.000000,1.000000,0.000000,117.249306,-1.500000,0.025484,-3.000000,-2.312198,1.845988,0.010941,-2.143729,0.094123,0.000000
82962.000000,1.000000,0.000000,117.019455,-1.500000,0.026301,-3.000000,-2.313154,1.845988,0.043637,-2.143729,0.070969,0.000000
82972.000000,1.000000,0.000000,116.991631,-1.500000,0.027121,-3.000000,-2.313741,1.845988,0.010291,-2.143729,0.104725,0.000000
82982.000000,1.000000,0.000000,116.969742,-1.500000,0.027438,-3.000000,-2.314029,1.845988,-0.002325,-2.143729,0.108374,0.000000
82992.000000,1.000000,0.000000,116.999870,-1.500000,0.027550,-3.000000,-2.314067,1.845988,0.005288,-2.143729,0.111029,0.000000
83002.000000,1.000000,0.000000,117.170692,-1.500000,0.028527,-3.000000,-2.314370,1.845988,0.035480,-2.143729,0.092079,0.000000
83012.000000,1.000000,0.000000,117.308395,-1.500000,0.029020,-3.000000,-2.314553,1.845988,-0.002947,-2.143729,0.112217,0.000000
83022.000000,1.000000,0.000000,117.474174,-1.500000,0.029264,-3.000000,-2.314904,1.845988,0.003173,-2.143729,0.080536,0.000000
83032.000000,1.000000,0.000000,117.566856,-1.500000,0.029374,-3.000000,-2.314901,1.845988,0.009923,-2.143729,0.097973,0.000000
83042.000000,1.000000,0.000000,117.590927,-1.500000,0.028769,-3.000000,-2.314686,1.845988,-0.054030,-2.143729,0.105568,0.000000
83052.000000,1.000000,0.000000,117.560051,-1.500000,0.028057,-3.000000,-2.314651,1.845988,-0.064267,-2.143729,0.117033,0.000000
83062.000000,1.000000,0.000000,117.289848,-1.500000,0.027845,-3.000000,-2.315229,1.845988,0.017520,-2.143729,0.046362,0.000000
83072.000000,1.000000,0.000000,116.968513,-1.500000,0.027980,-3.000000,-2.315351,1.845988,0.000674,-2.143729,0.121749,0.000000
83082.000000,1.000000,0.000000,116.750320,-1.500000,0.027955,-3.000000,-2.315296,1.845988,-0.015109,-2.143729,0.095132,0.000000
83092.000000,1.000000,0.000000,116.671333,-1.500000,0.028206,-3.000000,-2.315626,1.845988,-0.006672,-2.143729,0.081300,0.000000
83102.000000,1.000000,0.000000,116.905556,-1.500000,0.028549,-3.000000,-2.315324,1.845988,0.023310,-2.143729,0.122769,0.000000
83112.000000,1.000000,0.000000,116.942390,-1.500000,0.028538,-3.000000,-2.315054,1.845988,-0.040150,-2.143729,0.114210,0.000000
83122.000000,1.000000,0.000000,116.875145,-1.500000,0.028411,-3.000000,-2.315066,1.845988,-0.001315,-2.143729,0.081367,0.000000
83132.000000,1.000000,0.000000,116.674660,-1.500000,0.028944,-3.000000,-2.314960,1.845988,0.042071,-2.143729,0.107037,0.000000
83142.000000,1.000000,0.000000,116.658890,-1.500000,0.029218,-3.000000,-2.314648,1.845988,0.014279,-2.143729,0.131213,0.000000
83152.000000,1.000000,0.000000,116.795761,-1.500000,0.029595,-3.000000,-2.314648,1.845988,0.014969,-2.143729,0.087612,0.000000
83162.000000,1.000000,0.000000,116.910240,-1.500000,0.029375,-3.000000,-2.314637,1.845988,-0.005450,-2.143729,0.085961,0.000000
83172.000000,1.000000,0.000000,116.801300,-1.500000,0.029389,-3.000000,-2.314491,1.845988,0.007825,-2.143729,0.115990,0.000000
83182.000000,1.000000,0.000000,116.506012,-1.500000,0.029522,-3.000000,-2.314390,1.845988,-0.023559,-2.143729,0.089647,0.000000
83192.000000,1.000000,0.000000,116.603874,-1.500000,0.029731,-3.000000,-2.314747,1.845988,-0.015841,-2.143729,0.072950,0.000000
83202.000000,1.000000,0.000000,116.631142,-1.500000,0.029773,-3.000000,-2.315362,1.845988,-0.001121,-2.143729,0.064141,0.000000
83212.000000,1.000000,0.000000,116.759079,-1.500000,0.029969,-3.000000,-2.315759,1.845988,0.009744,-2.143729,0.089388,0.000000
83222.000000,1.000000,0.000000,117.022545,-1.500000,0.030446,-3.000000,-2.316042,1.845988,0.023721,-2.143729,0.094784,0.000000
83232.000000,1.000000,0.000000,117.096657,-1.500000,0.030420,-3.000000,-2.316712,1.845988,-0.020286,-2.143729,0.046327,0.000000
83242.000000,1.000000,0.000000,117.158562,-1.500000,0.030450,-3.000000,-2.317033,1.845988,0.030262,-2.143729,0.100737,0.000000
83252.000000,1.000000,0.000000,117.408058,-1.500000,0.030746,-3.000000,-2.316983,1.845988,0.010974,-2.143729,0.059379,0.000000
83262.000000,1.000000,0.000000,117.363777,-1.500000,0.030772,-3.000000,-2.316949,1.845988,-0.010055,-2.143729,0.095138,0.000000
83272.000000,1.000000,0.000000,117.328896,-1.500000,0.030741,-3.000000,-2.316751,1.845988,-0.012218,-2.143729,0.108543,0.000000
83282.000000,1.000000,0.000000,117.146545,-1.500000,0.030852,-3.000000,-2.316760,1.845988,-0.030356,-2.143729,0.095194,0.000000
83292.000000,1.000000,0.000000,117.149216,-1.500000,0.030923,-3.000000,-2.316638,1.845988,-0.021425,-2.143729,0.106063,0.000000
83302.000000,1.000000,0.000000,117.050545,-1.500000,0.031308,-3.000000,-2.316749,1.845988,0.072180,-2.143729,0.087220,0.000000
83312.000000,1.000000,0.000000,117.069801,-1.500000,0.031321,-3.000000,-2.316587,1.845988,-0.009838,-2.143729,0.101755,0.000000
83322.000000,1.000000,0.000000,117.137047,-1.500000,0.030807,-3.000000,-2.316403,1.845988,-0.018700,-2.143729,0.127070,0.000000
83332.000000,1.000000,0.000000,117.241386,-1.500000,0.030489,-3.000000,-2.316095,1.845988,-0.024811,-2.143729,0.110283,0.000000
83342.000000,1.000000,0.000000,117.270615,-1.500000,0.030448,-3.000000,-2.316170,1.845988,0.012450,-2.143729,0.090974,0.000000
83352.000000,1.000000,0.000000,117.240318,-1.500000,0.030488,-3.000000,-2.316268,1.845988,0.011300,-2.143729,0.076857,0.000000
83362.000000,1.000000,0.000000,117.320740,-1.500000,0.030705,-3.000000,-2.315987,1.845988,0.009767,-2.143729,0.109506,0.000000
83372.000000,1.000000,0.000000,117.537178,-1.500000,0.030399,-3.000000,-2.315889,1.845988,-0.030390,-2.143729,0.120224,0.000000
83382.000000,1.000000,0.000000,117.665848,-1.500000,0.030218,-3.000000,-2.315736,1.845988,-0.002162,-2.143729,0.111143,0.000000
83392.000000,1.000000,0.000000,117.722748,-1.500000,0.030320,-3.000000,-2.315519,1.845988,0.031469,-2.143729,0.111243,0.000000
83402.000000,1.000000,0.000000,117.520752,-1.500000,0.030548,-3.000000,-2.315797,1.845988,0.000308,-2.143729,0.035684,0.000000
83412.000000,1.000000,0.000000,117.409523,-1.500000,0.030633,-3.000000,-2.315905,1.845988,-0.012256,-2.143729,0.102203,0.000000
83422.000000,1.000000,0.000000,117.464851,-1.500000,0.030498,-3.000000,-2.315810,1.845988,-0.007317,-2.143729,0.086614,0.000000
83432.000000,1.000000,0.000000,117.558716,-1.500000,0.030385,-3.000000,-2.315508,1.845988,0.004680,-2.143729,0.132547,0.000000
83442.000000,1.000000,0.000000,117.635910,-1.500000,0.030785,-3.000000,-2.315851,1.845988,0.029448,-2.143729,0.047696,0.000000
83452.000000,1.000000,0.000000,117.245743,-1.500000,0.030913,-3.000000,-2.315877,1.845988,-0.005016,-2.143729,0.127930,0.000000
83462.000000,1.000000,0.000000,117.077454,-1.500000,0.031230,-3.000000,-2.315928,1.845988,0.036679,-2.143729,0.095965,0.000000
83472.000000,1.000000,0.000000,117.235031,-1.500000,0.031341,-3.000000,-2.316075,1.845988,-0.011590,-2.143729,0.088591,0.000000
83482.000000,1.000000,0.000000,117.264191,-1.500000,0.031031,-3.000000,-2.316099,1.845988,-0.014368,-2.143729,0.092775,0.000000
83492.000000,1.000000,0.000000,117.087860,-1.500000,0.031150,-3.000000,-2.316494,1.845988,-0.027643,-2.143729,0.086794,0.000000
83502.000000,1.000000,0.000000,116.846657,-1.500000,0.031046,-3.000000,-2.316708,1.845988,0.008212,-2.143729,0.103474,0.000000
83512.000000,1.000000,0.000000,116.802338,-1.500000,0.030986,-3.000000,-2.317013,1.845988,0.000370,-2.143729,0.109981,0.000000
83522.000000,1.000000,0.000000,116.922539,-1.500000,0.031439,-3.000000,-2.317195,1.845988,0.014125,-2.143729,0.127037,0.000000
83532.000000,1.000000,0.000000,117.117020,-1.500000,0.031618,-3.000000,-2.317048,1.845988,-0.014036,-2.143729,0.128347,0.000000
83542.000000,1.000000,0.000000,117.272758,-1.500000,0.032022,-3.000000,-2.317117,1.845988,0.006496,-2.143729,0.100514,0.000000
83552.000000,1.000000,0.000000,117.251053,-1.500000,0.032182,-3.000000,-2.317054,1.845988,-0.027149,-2.143729,0.099518,0.000000
83562.000000,1.000000,0.000000,117.332314,-1.500000,0.032105,-3.000000,-2.316650,1.845988,0.015840,-2.143729,0.096135,0.000000
83572.000000,1.000000,0.000000,117.300690,-1.500000,0.032249,-3.000000,-2.316853,1.845988,0.010134,-2.143729,0.091093,0.000000
83582.000000,1.000000,0.000000,117.274612,-1.500000,0.032313,-3.000000,-2.316643,1.845988,-0.007393,-2.143729,0.102485,0.000000
83592.000000,1.000000,0.000000,117.302605,-1.500000,0.032494,-3.000000,-2.316521,1.845988,-0.013710,-2.143729,0.086058,0.000000
83602.000000,1.000000,0.000000,117.276337,-1.500000,0.032596,-3.000000,-2.316683,1.845988,0.001181,-2.143729,0.059103,0.000000
83612.000000,1.000000,0.000000,117.154419,-1.500000,0.033017,-3.000000,-2.317010,1.845988,0.060801,-2.143729,0.093908,0.000000
83622.000000,1.000000,0.000000,117.103340,-1.500000,0.033099,-3.000000,-2.317064,1.845988,-0.008957,-2.143729,0.085760,0.000000
83632.000000,1.000000,0.000000,117.359055,-1.500000,0.032918,-3.000000,-2.317162,1.845988,-0.018935,-2.143729,0.096454,0.000000
83642.000000,1.000000,0.000000,117.569618,-1.500000,0.033031,-3.000000,-2.316840,1.845988,0.025549,-2.143729,0.126014,0.000000
83652.000000,1.000000,0.000000,117.127174,-1.500000,0.033383,-3.000000,-2.316838,1.845988,0.014269,-2.143729,0.120048,0.000000
83662.000000,1.000000,0.000000,116.815666,-1.500000,0.033478,-3.000000,-2.316658,1.845988,-0.039398,-2.143729,0.123975,0.000000
83672.000000,1.000000,0.000000,116.875694,-1.500000,0.033390,-3.000000,-2.316685,1.845988,-0.015697,-2.143729,0.082266,0.000000
83682.000000,1.000000,0.000000,116.874329,-1.500000,0.033287,-3.000000,-2.316593,1.845988,0.003835,-2.143729,0.114281,0.000000
83692.000000,1.000000,0.000000,116.823357,-1.500000,0.033045,-3.000000,-2.316400,1.845988,-0.033260,-2.143729,0.116686,0.000000
83702.000000,1.000000,0.000000,117.092308,-1.500000,0.032822,-3.000000,-2.316479,1.845988,0.005774,-2.143729,0.082116,0.000000
83712.000000,1.000000,0.000000,117.412209,-1.500000,0.032661,-3.000000,-2.316285,1.845988,-0.024388,-2.143729,0.137367,0.000000
83722.000000,1.000000,0.000000,117.570244,-1.500000,0.032447,-3.000000,-2.316454,1.845988,-0.002368,-2.143729,0.084814,0.000000
83732.000000,1.000000,0.000000,117.545868,-1.500000,0.032412,-3.000000,-2.316522,1.845988,-0.011624,-2.143729,0.091351,0.000000
83742.000000,1.000000,0.000000,117.272476,-1.500000,0.032366,-3.000000,-2.316251,1.845988,-0.001330,-2.143729,0.116011,0.000000
83752.000000,1.000000,0.000000,117.097786,-1.500000,0.032593,-3.000000,-2.315976,1.845988,0.011301,-2.143729,0.108452,0.000000
83762.000000,1.000000,0.000000,116.902626,-1.500000,0.032870,-3.000000,-2.315879,1.845988,0.006753,-2.143729,0.103134,0.000000
83772.000000,1.000000,0.000000,116.845993,-1.500000,0.032920,-3.000000,-2.315824,1.845988,-0.031503,-2.143729,0.129344,0.000000
83782.000000,1.000000,0.000000,116.850006,-1.500000,0.032387,-3.000000,-2.315630,1.845988,-0.022630,-2.143729,0.119521,0.000000
83792.000000,1.000000,0.000000,116.903870,-1.500000,0.031992,-3.000000,-2.315252,1.845988,-0.021316,-2.143729,0.115305,0.000000
83802.000000,1.000000,0.000000,117.045471,-1.500000,0.031667,-3.000000,-2.315104,1.845988,0.004120,-2.143729,0.131927,0.000000
83812.000000,1.000000,0.000000,116.914841,-1.500000,0.031509,-3.000000,-2.315123,1.845988,-0.034621,-2.143729,0.109604,0.000000
83822.000000,1.000000,0.000000,116.708832,-1.500000,0.032020,-3.000000,-2.315380,1.845988,0.053800,-2.143729,0.094193,0.000000
83832.000000,1.000000,0.000000,116.589256,-1.500000,0.031917,-3.000000,-2.315376,1.845988,-0.054049,-2.143729,0.108220,0.000000
83842.000000,1.000000,0.000000,116.589264,-1.500000,0.031520,-3.000000,-2.315315,1.845988,-0.049970,-2.143729,0.090079,0.000000
83852.000000,1.000000,0.000000,116.788612,-1.500000,0.031446,-3.000000,-2.315151,1.845988,-0.027380,-2.143729,0.096668,0.000000
83862.000000,1.000000,0.000000,116.901421,-1.500000,0.031580,-3.000000,-2.315350,1.845988,-0.010157,-2.143729,0.050774,0.000000
83872.000000,1.000000,0.000000,116.699196,-1.500000,0.031753,-3.000000,-2.315393,1.845988,-0.009197,-2.143729,0.113813,0.000000
83882.000000,1.000000,0.000000,116.687263,-1.500000,0.031852,-3.000000,-2.315439,1.845988,-0.015269,-2.143729,0.088366,0.000000
83892.000000,1.000000,0.000000,116.776901,-1.500000,0.031698,-3.000000,-2.315733,1.845988,-0.006606,-2.143729,0.078494,0.000000
83902.000000,1.000000,0.000000,116.946548,-1.500000,0.031563,-3.000000,-2.315849,1.845988,-0.002413,-2.143729,0.151030,0.000000
83912.000000,1.000000,0.000000,116.985458,-1.500000,0.031749,-3.000000,-2.315557,1.845988,0.035236,-2.143729,0.107670,0.000000
83922.000000,1.000000,0.000000,117.017654,-1.500000,0.031765,-3.000000,-2.315735,1.845988,-0.009480,-2.143729,0.084430,0.000000
83932.000000,1.000000,0.000000,117.192940,-1.500000,0.031577,-3.000000,-2.315668,1.845988,0.015692,-2.143729,0.095357,0.000000
83942.000000,1.000000,0.000000,117.284767,-1.500000,0.031533,-3.000000,-2.315909,1.845988,-0.009164,-2.143729,0.072884,0.000000
83952.000000,1.000000,0.000000,117.361206,-1.500000,0.031305,-3.000000,-2.315619,1.845988,-0.027457,-2.143729,0.131457,0.000000
83962.000000,1.000000,0.000000,117.076057,-1.500000,0.031288,-3.000000,-2.315535,1.845988,-0.006539,-2.143729,0.123261,0.000000
83972.000000,1.000000,0.000000,116.844521,-1.500000,0.031629,-3.000000,-2.315893,1.845988,0.030246,-2.143729,0.099760,0.000000
83982.000000,1.000000,0.000000,116.646500,-1.500000,0.031573,-3.000000,-2.316216,1.845988,-0.011575,-2.143729,0.101633,0.000000
83992.000000,1.000000,0.000000,116.685211,-1.500000,0.031976,-3.000000,-2.316036,1.845988,0.015678,-2.143729,0.100986,0.000000
84002.000000,1.000000,0.000000,116.569939,-1.500000,0.031775,-3.000000,-2.315835,1.845988,-0.006815,-2.143729,0.115630,0.000000
84012.000000,1.000000,0.000000,116.427361,-1.500000,0.031435,-3.000000,-2.315201,1.845988,-0.020260,-2.143729,0.119277,0.000000
84022.000000,1.000000,0.000000,116.609550,-1.500000,0.030586,-3.000000,-2.314623,1.845988,-0.053616,-2.143729,0.091297,0.000000
84032.000000,1.000000,0.000000,116.608551,-1.500000,0.030298,-3.000000,-2.313986,1.845988,0.005487,-2.143729,0.121399,0.000000
84042.000000,1.000000,0.000000,116.709061,-1.500000,0.030398,-3.000000,-2.313341,1.845988,0.005751,-2.143729,0.118190,0.000000
84052.000000,1.000000,0.000000,116.643250,-1.500000,0.030288,-3.000000,-2.313382,1.845988,-0.013711,-2.143729,0.105217,0.000000
84062.000000,1.000000,0.000000,116.388741,-1.500000,0.030282,-3.000000,-2.313083,1.845988,-0.005555,-2.143729,0.114588,0.000000
84072.000000,1.000000,0.000000,116.228081,-1.500000,0.030537,-3.000000,-2.313125,1.845988,0.003976,-2.143729,0.116455,0.000000
84082.000000,1.000000,0.000000,116.235565,-1.500000,0.030494,-3.000000,-2.313185,1.845988,-0.020729,-2.143729,0.103640,0.000000
84092.000000,1.000000,0.000000,116.496155,-1.500000,0.030736,-3.000000,-2.313550,1.845988,0.041463,-2.143729,0.059383,0.000000
84102.000000,1.000000,0.000000,116.514488,-1.500000,0.031383,-3.000000,-2.313649,1.845988,0.024754,-2.143729,0.068413,0.000000
84112.000000,1.000000,0.000000,116.529991,-1.500000,0.031910,-3.000000,-2.313584,1.845988,-0.010694,-2.143729,0.111165,0.000000
84122.000000,1.000000,0.000000,116.695366,-1.500000,0.032333,-3.000000,-2.313337,1.845988,0.023714,-2.143729,0.124561,0.000000
84132.000000,1.000000,0.000000,116.936806,-1.500000,0.032652,-3.000000,-2.313318,1.845988,0.002431,-2.143729,0.057027,0.000000
84142.000000,1.000000,0.000000,117.085266,-1.500000,0.032837,-3.000000,-2.313751,1.845988,-0.005340,-2.143729,0.070664,0.000000
84152.000000,1.000000,0.000000,117.056152,-1.500000,0.033290,-3.000000,-2.314010,1.845988,0.059934,-2.143729,0.089712,0.000000
84162.000000,1.000000,0.000000,117.281174,-1.500000,0.033381,-3.000000,-2.313585,1.845988,-0.000922,-2.143729,0.097486,0.000000
84172.000000,1.000000,0.000000,117.359352,-1.500000,0.033474,-3.000000,-2.313199,1.845988,0.007903,-2.143729,0.097622,0.000000
84182.000000,1.000000,0.000000,117.421555,-1.500000,0.033669,-3.000000,-2.312595,1.845988,0.010447,-2.143729,0.120679,0.000000
84192.000000,1.000000,0.000000,117.627617,-1.500000,0.033537,-3.000000,-2.312438,1.845988,-0.006651,-2.143729,0.109281,0.000000
84202.000000,1.000000,0.000000,117.701096,-1.500000,0.033604,-3.000000,-2.312243,1.845988,0.017310,-2.143729,0.136020,0.000000
84212.000000,1.000000,0.000000,117.610352,-1.500000,0.033755,-3.000000,-2.312411,1.845988,0.001785,-2.143729,0.089101,0.000000
84222.000000,1.000000,0.000000,117.381332,-1.500000,0.034174,-3.000000,-2.312363,1.845988,0.012341,-2.143729,0.123195,0.000000
84232.000000,1.000000,0.000000,117.245247,-1.500000,0.034642,-3.000000,-2.313014,1.845988,-0.009796,-2.143729,0.089585,0.000000
84242.000000,1.000000,0.000000,117.078163,-1.500000,0.034917,-3.000000,-2.313459,1.845988,-0.007941,-2.143729,0.128165,0.000000
84252.000000,1.000000,0.000000,116.844543,-1.500000,0.034862,-3.000000,-2.314094,1.845988,0.009000,-2.143729,0.089178,0.000000
84262.000000,1.000000,0.000000,116.702316,-1.500000,0.034684,-3.000000,-2.314460,1.845988,-0.026206,-2.143729,0.109846,0.000000
84272.000000,1.000000,0.000000,116.437111,-1.500000,0.034270,-3.000000,-2.314500,1.845988,-0.007402,-2.143729,0.078607,0.000000
84282.000000,1.000000,0.000000,116.218628,-1.500000,0.034306,-3.000000,-2.314870,1.845988,0.008772,-2.143729,0.104933,0.000000
84292.000000,1.000000,0.000000,116.038940,-1.500000,0.034340,-3.000000,-2.314975,1.845988,0.018791,-2.143729,0.083437,0.000000
84302.000000,1.000000,0.000000,116.084999,-1.500000,0.034661,-3.000000,-2.315125,1.845988,0.026141,-2.143729,0.117014,0.000000
84312.000000,1.000000,0.000000,116.375473,-1.500000,0.035010,-3.000000,-2.314808,1.845988,0.035289,-2.143729,0.090871,0.000000
84322.000000,1.000000,0.000000,116.715462,-1.500000,0.034874,-3.000000,-2.314129,1.845988,0.015242,-2.143729,0.100568,0.000000
84332.000000,1.000000,0.000000,116.850121,-1.500000,0.034445,-3.000000,-2.313587,1.845988,-0.023057,-2.143729,0.103638,0.000000
84342.000000,1.000000,0.000000,116.960724,-1.500000,0.034419,-3.000000,-2.313216,1.845988,0.002170,-2.143729,0.113058,0.000000
84352.000000,1.000000,0.000000,117.051445,-1.500000,0.034347,-3.000000,-2.313253,1.845988,-0.014519,-2.143729,0.112451,0.000000
84362.000000,1.000000,0.000000,116.975685,-1.500000,0.034088,-3.000000,-2.313513,1.845988,-0.029764,-2.143729,0.093855,0.000000
84372.000000,1.000000,0.000000,117.155846,-1.500000,0.033704,-3.000000,-2.314010,1.845988,0.008268,-2.143729,0.096971,0.000000
84382.000000,1.000000,0.000000,117.060532,-1.500000,0.033583,-3.000000,-2.314039,1.845988,-0.012781,-2.143729,0.080967,0.000000
84392.000000,1.000000,0.000000,117.178612,-1.500000,0.033543,-3.000000,-2.313972,1.845988,0.010970,-2.143729,0.115738,0.000000
84402.000000,1.000000,0.000000,117.078072,-1.500000,0.033523,-3.000000,-2.314173,1.845988,-0.010579,-2.143729,0.107286,0.000000
84412.000000,1.000000,0.000000,117.192703,-1.500000,0.033826,-3.000000,-2.314646,1.845988,-0.023314,-2.143729,0.075457,0.000000
84422.000000,1.000000,0.000000,117.140877,-1.500000,0.033895,-3.000000,-2.314783,1.845988,0.006390,-2.143729,0.075477,0.000000
84432.000000,1.000000,0.000000,117.093445,-1.500000,0.033615,-3.000000,-2.314503,1.845988,-0.017351,-2.143729,0.103934,0.000000
84442.000000,1.000000,0.000000,117.005447,-1.500000,0.033296,-3.000000,-2.314313,1.845988,-0.027847,-2.143729,0.104682,0.000000
84452.000000,1.000000,0.000000,116.834618,-1.500000,0.032810,-3.000000,-2.314346,1.845988,-0.023172,-2.143729,0.119681,0.000000
84462.000000,1.000000,0.000000,116.645882,-1.500000,0.032754,-3.000000,-2.314609,1.845988,0.002492,-2.143729,0.095000,0.000000
84472.000000,1.000000,0.000000,116.536026,-1.500000,0.032958,-3.000000,-2.314858,1.845988,-0.000793,-2.143729,0.115329,0.000000
84482.000000,1.000000,0.000000,116.743607,-1.500000,0.032959,-3.000000,-2.314793,1.845988,0.018407,-2.143729,0.099858,0.000000
84492.000000,1.000000,0.000000,116.911789,-1.500000,0.033173,-3.000000,-2.315232,1.845988,-0.002550,-2.143729,0.085364,0.000000
84502.000000,1.000000,0.000000,117.003464,-1.500000,0.033340,-3.000000,-2.315231,1.845988,0.006737,-2.143729,0.072354,0.000000
84512.000000,1.000000,0.000000,117.078789,-1.500000,0.033587,-3.000000,-2.315537,1.845988,-0.007853,-2.143729,0.074069,0.000000
84522.000000,1.000000,0.000000,117.089973,-1.500000,0.033716,-3.000000,-2.315444,1.845988,0.010637,-2.143729,0.115992,0.000000
84532.000000,1.000000,0.000000,117.203697,-1.500000,0.033549,-3.000000,-2.315621,1.845988,0.010605,-2.143729,0.097246,0.000000
84542.000000,1.000000,0.000000,117.250099,-1.500000,0.033269,-3.000000,-2.315379,1.845988,-0.034143,-2.143729,0.132542,0.000000
84552.000000,1.000000,0.000000,117.189201,-1.500000,0.032784,-3.000000,-2.315184,1.845988,-0.059875,-2.143729,0.100321,0.000000
84562.000000,1.000000,0.000000,117.239494,-1.500000,0.032717,-3.000000,-2.314969,1.845988,-0.004032,-2.143729,0.085826,0.000000
84572.000000,1.000000,0.000000,117.078735,-1.500000,0.032902,-3.000000,-2.314797,1.845988,0.023689,-2.143729,0.085793,0.000000
84582.000000,1.000000,0.000000,116.992088,-1.500000,0.033314,-3.000000,-2.314849,1.845988,0.023037,-2.143729,0.076533,0.000000
84592.000000,1.000000,0.000000,116.920677,-1.500000,0.033459,-3.000000,-2.315173,1.845988,-0.022022,-2.143729,0.097128,0.000000
84602.000000,1.000000,0.000000,117.115585,-1.500000,0.033766,-3.000000,-2.315198,1.845988,0.008285,-2.143729,0.117169,0.000000
84612.000000,1.000000,0.000000,117.133514,-1.500000,0.033373,-3.000000,-2.315054,1.845988,-0.047056,-2.143729,0.090409,0.000000
84622.000000,1.000000,0.000000,116.994026,-1.500000,0.033486,-3.000000,-2.315027,1.845988,0.018953,-2.143729,0.104295,0.000000
84632.000000,1.000000,0.000000,116.878242,-1.500000,0.033667,-3.000000,-2.315102,1.845988,0.016423,-2.143729,0.108741,0.000000
84642.000000,1.000000,0.000000,116.928673,-1.500000,0.033572,-3.000000,-2.315401,1.845988,-0.008392,-2.143729,0.083158,0.000000
84652.000000,1.000000,0.000000,117.122841,-1.500000,0.033492,-3.000000,-2.316163,1.845988,0.014846,-2.143729,0.073668,0.000000
84662.000000,1.000000,0.000000,117.431602,-1.500000,0.033641,-3.000000,-2.316648,1.845988,-0.005892,-2.143729,0.101922,0.000000
84672.000000,1.000000,0.000000,117.336433,-1.500000,0.033656,-3.000000,-2.317247,1.845988,-0.008118,-2.143729,0.108496,0.000000
84682.000000,1.000000,0.000000,117.156647,-1.500000,0.033470,-3.000000,-2.317719,1.845988,-0.012828,-2.143729,0.065438,0.000000
84692.000000,1.000000,0.000000,116.908424,-1.500000,0.033483,-3.000000,-2.317870,1.845988,0.025301,-2.143729,0.081323,0.000000
84702.000000,1.000000,0.000000,116.605011,-1.500000,0.033653,-3.000000,-2.317863,1.845988,0.007873,-2.143729,0.086327,0.000000
84712.000000,1.000000,0.000000,116.653786,-1.500000,0.033605,-3.000000,-2.317514,1.845988,0.032058,-2.143729,0.093710,0.000000
84722.000000,1.000000,0.000000,116.742157,-1.500000,0.033509,-3.000000,-2.317277,1.845988,-0.010690,-2.143729,0.116072,0.000000
84732.000000,1.000000,0.000000,116.766121,-1.500000,0.033406,-3.000000,-2.316762,1.845988,0.054323,-2.143729,0.091425,0.000000
84742.000000,1.000000,0.000000,116.640495,-1.500000,0.033630,-3.000000,-2.316678,1.845988,0.071955,-2.143729,0.057731,0.000000
84752.000000,1.000000,0.000000,116.485306,-1.500000,0.033850,-3.000000,-2.316831,1.845988,0.027882,-2.143729,0.074179,0.000000
84762.000000,1.000000,0.000000,116.355492,-1.500000,0.033841,-3.000000,-2.317048,1.845988,0.015079,-2.143729,0.108406,0.000000
84772.000000,1.000000,0.000000,116.393860,-1.500000,0.034004,-3.000000,-2.317023,1.845988,0.005552,-2.143729,0.079006,0.000000
84782.000000,1.000000,0.000000,116.282982,-1.500000,0.033997,-3.000000,-2.317066,1.845988,-0.010322,-2.143729,0.112395,0.000000
84792.000000,1.000000,0.000000,116.287445,-1.500000,0.034067,-3.000000,-2.317451,1.845988,0.004032,-2.143729,0.097806,0.000000
84802.000000,1.000000,0.000000,116.242569,-1.500000,0.033732,-3.000000,-2.317328,1.845988,0.001446,-2.143729,0.141195,0.000000
84812.000000,1.000000,0.000000,116.206154,-1.500000,0.033839,-3.000000,-2.318155,1.845988,0.013390,-2.143729,0.058233,0.000000
84822.000000,1.000000,0.000000,116.181938,-1.500000,0.033611,-3.000000,-2.318980,1.845988,-0.004117,-2.143729,0.091359,0.000000
84832.000000,1.000000,0.000000,116.467934,-1.500000,0.033651,-3.000000,-2.319402,1.845988,0.006359,-2.143729,0.105328,0.000000
84842.000000,1.000000,0.000000,116.799126,-1.500000,0.033552,-3.000000,-2.319468,1.845988,-0.032536,-2.143729,0.096429,0.000000
84852.000000,1.000000,0.000000,116.923683,-1.500000,0.033657,-3.000000,-2.319280,1.845988,0.044553,-2.143729,0.129805,0.000000
84862.000000,1.000000,0.000000,116.974518,-1.500000,0.033814,-3.000000,-2.319498,1.845988,0.004596,-2.143729,0.109051,0.000000
84872.000000,1.000000,0.000000,116.964249,-1.500000,0.033812,-3.000000,-2.319398,1.845988,-0.016868,-2.143729,0.109753,0.000000
84882.000000,1.000000,0.000000,116.854546,-1.500000,0.033599,-3.000000,-2.319577,1.845988,-0.020235,-2.143729,0.088507,0.000000
84892.000000,1.000000,0.000000,116.814400,-1.500000,0.033507,-3.000000,-2.319635,1.845988,-0.013049,-2.143729,0.097582,0.000000
84902.000000,1.000000,0.000000,116.880608,-1.500000,0.033446,-3.000000,-2.319547,1.845988,0.007245,-2.143729,0.080286,0.000000
84912.000000,1.000000,0.000000,117.146492,-1.500000,0.033770,-3.000000,-2.319414,1.845988,0.001531,-2.143729,0.065168,0.000000
84922.000000,1.000000,0.000000,117.413033,-1.500000,0.034148,-3.000000,-2.319748,1.845988,-0.019901,-2.143729,0.097809,0.000000
84932.000000,1.000000,0.000000,117.373306,-1.500000,0.034344,-3.000000,-2.319836,1.845988,0.021012,-2.143729,0.124814,0.000000
84942.000000,1.000000,0.000000,117.340240,-1.500000,0.034505,-3.000000,-2.319595,1.845988,0.015714,-2.143729,0.088559,0.000000
84952.000000,1.000000,0.000000,117.321281,-1.500000,0.034474,-3.000000,-2.319220,1.845988,0.002261,-2.143729,0.135616,0.000000
84962.000000,1.000000,0.000000,117.151993,-1.500000,0.034550,-3.000000,-2.319227,1.845988,0.020022,-2.143729,0.078803,0.000000
84972.000000,1.000000,0.000000,117.509094,-1.500000,0.034714,-3.000000,-2.319448,1.845988,-0.009891,-2.143729,0.100958,0.000000
84982.000000,1.000000,0.000000,117.397339,-1.500000,0.034640,-3.000000,-2.319744,1.845988,0.010485,-2.143729,0.100018,0.000000
84992.000000,1.000000,0.000000,117.409653,-1.500000,0.034530,-3.000000,-2.319912,1.845988,-0.002024,-2.143729,0.112394,0.000000
85002.000000,1.000000,0.000000,117.370018,-1.500000,0.034428,-3.000000,-2.319607,1.845988,-0.020008,-2.143729,0.121929,0.000000
85012.000000,1.000000,0.000000,117.384750,-1.500000,0.034554,-3.000000,-2.319483,1.845988,0.032692,-2.143729,0.106180,0.000000
85022.000000,1.000000,0.000000,117.347710,-1.500000,0.034795,-3.000000,-2.319502,1.845988,0.008402,-2.143729,0.088401,0.000000
85032.000000,1.000000,0.000000,117.466225,-1.500000,0.035082,-3.000000,-2.319593,1.845988,0.002496,-2.143729,0.105694,0.000000
85042.000000,1.000000,0.000000,117.310486,-1.500000,0.035239,-3.000000,-2.319595,1.845988,0.026614,-2.143729,0.090467,0.000000
85052.000000,1.000000,0.000000,117.497383,-1.500000,0.035485,-3.000000,-2.319523,1.845988,0.015970,-2.143729,0.115161,0.000000
85062.000000,1.000000,0.000000,117.187141,-1.500000,0.035414,-3.000000,-2.319485,1.845988,0.013870,-2.143729,0.091424,0.000000
85072.000000,1.000000,0.000000,116.881950,-1.500000,0.035515,-3.000000,-2.318942,1.845988,0.015342,-2.143729,0.168967,0.000000
85082.000000,1.000000,0.000000,116.780174,-1.500000,0.035592,-3.000000,-2.318640,1.845988,0.007861,-2.143729,0.133649,0.000000
85092.000000,1.000000,0.000000,116.450142,-1.500000,0.035563,-3.000000,-2.318616,1.845988,0.014067,-2.143729,0.075979,0.000000
85102.000000,1.000000,0.000000,116.477760,-1.500000,0.035680,-3.000000,-2.318657,1.845988,0.037877,-2.143729,0.087903,0.000000
85112.000000,1.000000,0.000000,116.302963,-1.500000,0.035955,-3.000000,-2.318499,1.845988,0.011830,-2.143729,0.105925,0.000000
85122.000000,1.000000,0.000000,116.204880,-1.500000,0.035756,-3.000000,-2.318469,1.845988,-0.034769,-2.143729,0.109734,0.000000
85132.000000,1.000000,0.000000,116.129135,-1.500000,0.035941,-3.000000,-2.318907,1.845988,0.012941,-2.143729,0.073958,0.000000
85142.000000,1.000000,0.000000,116.066002,-1.500000,0.035836,-3.000000,-2.319244,1.845988,0.026076,-2.143729,0.079623,0.000000
85152.000000,1.000000,0.000000,116.114563,-1.500000,0.035896,-3.000000,-2.319546,1.845988,0.020658,-2.143729,0.076445,0.000000
85162.000000,1.000000,0.000000,116.155426,-1.500000,0.035844,-3.000000,-2.319497,1.845988,-0.005774,-2.143729,0.144370,0.000000
85172.000000,1.000000,0.000000,116.189301,-1.500000,0.036233,-3.000000,-2.319298,1.845988,0.045591,-2.143729,0.096212,0.000000
85182.000000,1.000000,0.000000,116.324760,-1.500000,0.036253,-3.000000,-2.319273,1.845988,-0.004343,-2.143729,0.075234,0.000000
85192.000000,1.000000,0.000000,116.329445,-1.500000,0.036312,-3.000000,-2.319295,1.845988,0.031902,-2.143729,0.093306,0.000000
85202.000000,1.000000,0.000000,116.433044,-1.500000,0.036753,-3.000000,-2.319355,1.845988,-0.010764,-2.143729,0.084890,0.000000
85212.000000,1.000000,0.000000,116.416489,-1.500000,0.036921,-3.000000,-2.319284,1.845988,0.009900,-2.143729,0.102790,0.000000
85222.000000,1.000000,0.000000,116.554787,-1.500000,0.036969,-3.000000,-2.319196,1.845988,-0.025333,-2.143729,0.125325,0.000000
85232.000000,1.000000,0.000000,116.816177,-1.500000,0.036952,-3.000000,-2.319319,1.845988,-0.013623,-2.143729,0.076654,0.000000
85242.000000,1.000000,0.000000,116.683716,-1.500000,0.037487,-3.000000,-2.319355,1.845988,0.042143,-2.143729,0.082819,0.000000
85252.000000,1.000000,0.000000,116.674736,-1.500000,0.037586,-3.000000,-2.319309,1.845988,-0.022709,-2.143729,0.084667,0.000000
85262.000000,1.000000,0.000000,116.720192,-1.500000,0.037378,-3.000000,-2.319229,1.845988,-0.001125,-2.143729,0.108974,0.000000
85272.000000,1.000000,0.000000,116.705635,-1.500000,0.037813,-3.000000,-2.319090,1.845988,0.015819,-2.143729,0.090031,0.000000
85282.000000,1.000000,0.000000,116.791786,-1.500000,0.038172,-3.000000,-2.319154,1.845988,0.025746,-2.143729,0.082242,0.000000
85292.000000,1.000000,0.000000,116.913704,-1.500000,0.038458,-3.000000,-2.319357,1.845988,-0.001855,-2.143729,0.084890,0.000000
85302.000000,1.000000,0.000000,117.117653,-1.500000,0.038649,-3.000000,-2.319546,1.845988,-0.000278,-2.143729,0.076855,0.000000
85312.000000,1.000000,0.000000,117.185303,-1.500000,0.039111,-3.000000,-2.319897,1.845988,0.034532,-2.143729,0.078824,0.000000
85322.000000,1.000000,0.000000,117.236336,-1.500000,0.038832,-3.000000,-2.319998,1.845988,-0.028007,-2.143729,0.074911,0.000000
85332.000000,1.000000,0.000000,117.279236,-1.500000,0.038306,-3.000000,-2.319290,1.845988,-0.015730,-2.143729,0.114329,0.000000
85342.000000,1.000000,0.000000,117.361053,-1.500000,0.038427,-3.000000,-2.318955,1.845988,0.013010,-2.143729,0.107221,0.000000
85352.000000,1.000000,0.000000,117.432251,-1.500000,0.038359,-3.000000,-2.318385,1.845988,-0.028491,-2.143729,0.118035,0.000000
85362.000000,1.000000,0.000000,117.336853,-1.500000,0.038209,-3.000000,-2.318244,1.845988,-0.002452,-2.143729,0.070069,0.000000
85372.000000,1.000000,0.000000,117.311928,-1.500000,0.038290,-3.000000,-2.317962,1.845988,0.008930,-2.143729,0.111135,0.000000
85382.000000,1.000000,0.000000,117.183418,-1.500000,0.038262,-3.000000,-2.317938,1.845988,0.006014,-2.143729,0.088355,0.000000
85392.000000,1.000000,0.000000,117.382080,-1.500000,0.038261,-3.000000,-2.317672,1.845988,0.003867,-2.143729,0.109611,0.000000
85402.000000,1.000000,0.000000,117.144096,-1.500000,0.037950,-3.000000,-2.317482,1.845988,-0.019549,-2.143729,0.118418,0.000000
85412.000000,1.000000,0.000000,117.152313,-1.500000,0.037659,-3.000000,-2.317701,1.845988,-0.047879,-2.143729,0.081481,0.000000
85422.000000,1.000000,0.000000,117.156326,-1.500000,0.037663,-3.000000,-2.317948,1.845988,0.015398,-2.143729,0.078543,0.000000
85432.000000,1.000000,0.000000,117.107475,-1.500000,0.037752,-3.000000,-2.317819,1.845988,-0.010567,-2.143729,0.114158,0.000000
85442.000000,1.000000,0.000000,117.067070,-1.500000,0.037567,-3.000000,-2.317778,1.845988,-0.021472,-2.143729,0.078280,0.000000
85452.000000,1.000000,0.000000,116.881775,-1.500000,0.037380,-3.000000,-2.317544,1.845988,0.019271,-2.143729,0.094337,0.000000
85462.000000,1.000000,0.000000,116.733391,-1.500000,0.037203,-3.000000,-2.317056,1.845988,0.010782,-2.143729,0.135680,0.000000
85472.000000,1.000000,0.000000,116.661156,-1.500000,0.036719,-3.000000,-2.316425,1.845988,0.006430,-2.143729,0.115958,0.000000
85482.000000,1.000000,0.000000,116.602341,-1.500000,0.036555,-3.000000,-2.316529,1.845988,0.022582,-2.143729,0.074716,0.000000
85492.000000,1.000000,0.000000,116.452507,-1.500000,0.036478,-3.000000,-2.316706,1.845988,-0.000795,-2.143729,0.102589,0.000000
85502.000000,1.000000,0.000000,116.424644,-1.500000,0.036544,-3.000000,-2.316744,1.845988,0.037956,-2.143729,0.099848,0.000000
85512.000000,1.000000,0.000000,116.605988,-1.500000,0.036711,-3.000000,-2.317017,1.845988,0.017484,-2.143729,0.088843,0.000000
85522.000000,1.000000,0.000000,116.659554,-1.500000,0.036140,-3.000000,-2.317401,1.845988,-0.035725,-2.143729,0.072407,0.000000
85532.000000,1.000000,0.000000,116.654320,-1.500000,0.035840,-3.000000,-2.317395,1.845988,-0.002125,-2.143729,0.110231,0.000000
85542.000000,1.000000,0.000000,116.347046,-1.500000,0.035920,-3.000000,-2.317649,1.845988,0.012976,-2.143729,0.105726,0.000000
85552.000000,1.000000,0.000000,116.145561,-1.500000,0.035804,-3.000000,-2.317775,1.845988,-0.042609,-2.143729,0.130661,0.000000
85562.000000,1.000000,0.000000,116.029442,-1.500000,0.035731,-3.000000,-2.317559,1.845988,0.017270,-2.143729,0.093358,0.000000
85572.000000,1.000000,0.000000,116.034286,-1.500000,0.035918,-3.000000,-2.317587,1.845988,0.023241,-2.143729,0.088972,0.000000
85582.000000,1.000000,0.000000,115.935410,-1.500000,0.036034,-3.000000,-2.317376,1.845988,0.015073,-2.143729,0.104417,0.000000
85592.000000,1.000000,0.000000,115.908371,-1.500000,0.036077,-3.000000,-2.317473,1.845988,0.002774,-2.143729,0.076355,0.000000
85602.000000,1.000000,0.000000,116.037178,-1.500000,0.035769,-3.000000,-2.317356,1.845988,-0.048475,-2.143729,0.077560,0.000000
85612.000000,1.000000,0.000000,116.046272,-1.500000,0.035418,-3.000000,-2.317144,1.845988,-0.018723,-2.143729,0.096085,0.000000
85622.000000,1.000000,0.000000,116.051765,-1.500000,0.035189,-3.000000,-2.316965,1.845988,-0.015812,-2.143729,0.117029,0.000000
85632.000000,1.000000,0.000000,115.906410,-1.500000,0.035185,-3.000000,-2.316663,1.845988,-0.003617,-2.143729,0.109691,0.000000
85642.000000,1.000000,0.000000,115.887711,-1.500000,0.035648,-3.000000,-2.316469,1.845988,0.029386,-2.143729,0.074443,0.000000
85652.000000,1.000000,0.000000,116.128586,-1.500000,0.035700,-3.000000,-2.316384,1.845988,-0.002922,-2.143729,0.098513,0.000000
85662.000000,1.000000,0.000000,116.376175,-1.500000,0.035521,-3.000000,-2.316341,1.845988,0.017144,-2.143729,0.090422,0.000000
85672.000000,1.000000,0.000000,116.674149,-1.500000,0.035215,-3.000000,-2.316256,1.845988,-0.015465,-2.143729,0.089562,0.000000
85682.000000,1.000000,0.000000,116.572075,-1.500000,0.035099,-3.000000,-2.316491,1.845988,0.014160,-2.143729,0.096218,0.000000
85692.000000,1.000000,0.000000,116.586754,-1.500000,0.035087,-3.000000,-2.316540,1.845988,-0.007238,-2.143729,0.058013,0.000000
85702.000000,1.000000,0.000000,116.486427,-1.500000,0.035040,-3.000000,-2.316652,1.845988,0.011384,-2.143729,0.117371,0.000000
85712.000000,1.000000,0.000000,116.508873,-1.500000,0.035159,-3.000000,-2.316095,1.845988,0.006135,-2.143729,0.110316,0.000000
85722.000000,1.000000,0.000000,116.435257,-1.500000,0.035074,-3.000000,-2.315808,1.845988,-0.034978,-2.143729,0.074949,0.000000
85732.000000,1.000000,0.000000,116.475319,-1.500000,0.034906,-3.000000,-2.315423,1.845988,-0.014647,-2.143729,0.147788,0.000000
85742.000000,1.000000,0.000000,116.558182,-1.500000,0.034749,-3.000000,-2.315210,1.845988,-0.012192,-2.143729,0.083011,0.000000
85752.000000,1.000000,0.000000,116.625626,-1.500000,0.034427,-3.000000,-2.315392,1.845988,-0.012866,-2.143729,0.087732,0.000000
85762.000000,1.000000,0.000000,116.930794,-1.500000,0.034322,-3.000000,-2.315657,1.845988,-0.002862,-2.143729,0.081294,0.000000
85772.000000,1.000000,0.000000,117.366638,-1.500000,0.034264,-3.000000,-2.315717,1.845988,-0.008237,-2.143729,0.110370,0.000000
85782.000000,1.000000,0.000000,117.437027,-1.500000,0.034261,-3.000000,-2.315646,1.845988,-0.030717,-2.143729,0.098675,0.000000
85792.000000,1.000000,0.000000,117.299438,-1.500000,0.034107,-3.000000,-2.316088,1.845988,0.022520,-2.143729,0.062676,0.000000
