I0,I1,I2,I3,I4,I5,I6,I7,I8,I9,I10,I11
-5.000000,76.000000,-31.582409,-93.782364,41.597637,41.597637,0.000000,0.000000,0.000000,-5.611657,0.795894,0.649000
-8.000000,79.000000,-51.975544,-99.193916,45.374950,45.374950,0.000000,0.000000,0.000000,-6.159368,0.924973,0.651000
-7.000000,76.000000,-41.000023,-36.612225,43.076725,43.076725,0.000000,0.000000,0.000000,-5.826125,0.799237,0.651000
-12.000000,71.000000,-29.936373,-142.425964,32.319675,32.319675,0.000000,0.000000,0.000000,-4.266353,-4.462992,0.653000
-8.000000,65.000000,-12.986103,-119.247978,22.546337,22.546337,0.000000,0.000000,0.000000,-2.849219,-4.775482,0.652000
-7.000000,68.000000,-17.664518,-17.687090,20.190334,20.190334,0.000000,0.000000,0.000000,-2.507598,-5.005295,0.652000
-4.000000,58.000000,-9.424278,-127.235359,14.200491,14.200491,0.000000,0.000000,0.000000,-1.639071,-5.005292,0.654000
-8.000000,56.000000,-46.880295,-180.269516,27.283978,27.283978,0.000000,0.000000,0.000000,-3.536176,-4.898738,0.653000
-2.000000,55.000000,-19.448009,-101.034477,22.848480,22.848480,0.000000,0.000000,0.000000,-2.893029,-4.568051,0.656000
-2.000000,56.000000,-26.942629,-201.638214,22.876104,22.876104,0.000000,0.000000,0.000000,-2.897035,-4.153020,0.656000
-2.000000,65.000000,-26.542395,59.212574,25.058849,25.058849,0.000000,0.000000,0.000000,-3.213533,-3.969630,0.658000
0.000000,67.000000,-12.522906,3.549833,19.449623,19.449623,0.000000,0.000000,0.000000,-2.400195,-3.797089,0.658000
-3.000000,64.000000,-31.384001,-70.168503,24.188576,24.188576,0.000000,0.000000,0.000000,-3.087343,-3.589455,0.659000
-9.000000,60.000000,-68.416687,-149.531647,42.745438,42.745438,0.000000,0.000000,0.000000,-5.778088,-3.356798,0.660000
0.000000,57.000000,-7.603528,-51.328339,26.469624,26.469624,0.000000,0.000000,0.000000,-3.418095,-3.243908,0.663000
-1.000000,62.000000,-8.927262,-105.658852,17.624632,17.624632,0.000000,0.000000,0.000000,-2.135571,-3.213880,0.665000
-4.000000,54.000000,-21.553791,-195.504837,17.633209,17.633209,0.000000,0.000000,0.000000,-2.136815,-3.213037,0.664000
-11.000000,59.000000,-63.974678,-201.150803,36.676514,36.676514,0.000000,0.000000,0.000000,-4.898094,-3.169245,0.665000
-1.000000,49.000000,-4.596199,-225.597366,20.209995,20.209995,0.000000,0.000000,0.000000,-2.510449,-2.872931,0.666000
-1.000000,57.000000,-8.035060,-93.132042,13.893087,13.893087,0.000000,0.000000,0.000000,-1.594498,-2.704415,0.668000
-2.000000,58.000000,-13.510312,-27.103407,13.476908,13.476908,0.000000,0.000000,0.000000,-1.534152,-2.704492,0.669000
-8.000000,61.000000,-49.094299,-157.925095,28.083408,28.083408,0.000000,0.000000,0.000000,-3.652094,-2.674711,0.668000
-4.000000,56.000000,-23.127615,-293.087646,23.215511,23.215511,0.000000,0.000000,0.000000,-2.946249,-2.562871,0.670000
0.000000,57.000000,4.735507,-76.320740,9.950667,9.950667,0.000000,0.000000,0.000000,-1.022847,-2.555054,0.670000
0.000000,57.000000,3.878308,-79.766701,3.009728,3.009728,0.000000,0.000000,0.000000,0.420000,-2.514441,0.671000
-2.000000,55.000000,-9.798260,-16.773634,5.913605,5.913605,0.000000,0.000000,0.000000,0.420000,-2.523478,0.671000
-3.000000,60.000000,-18.493818,-93.296394,10.735033,10.735033,0.000000,0.000000,0.000000,-1.136580,-2.449170,0.669000
0.000000,50.000000,0.098242,-70.552979,5.225082,5.225082,0.000000,0.000000,0.000000,0.420000,-2.353011,0.669000
0.000000,57.000000,-1.707260,7.909758,3.713250,3.713250,0.000000,0.000000,0.000000,0.420000,-2.265660,0.669000
0.000000,54.000000,-7.088087,-30.974876,4.953153,4.953153,0.000000,0.000000,0.000000,0.420000,-2.044564,0.669000
-1.000000,56.000000,-20.304211,-64.586044,11.279854,11.279854,0.000000,0.000000,0.000000,-1.215579,-1.672667,0.668000
0.000000,68.000000,-21.341116,-39.847363,15.448795,15.448795,0.000000,0.000000,0.000000,-1.820075,-1.269863,0.666000
1.000000,60.000000,-15.049010,-78.361313,14.563641,14.563641,0.000000,0.000000,0.000000,-1.691728,-0.937272,0.669000
2.000000,62.000000,-2.039603,18.048222,9.090258,9.090258,0.000000,0.000000,0.000000,-0.898087,-0.821046,0.667000
0.000000,47.000000,-10.078603,-54.178680,9.047405,9.047405,0.000000,0.000000,0.000000,-0.891874,-0.670261,0.668000
0.000000,49.000000,-10.141432,-41.791721,9.163591,9.163591,0.000000,0.000000,0.000000,-0.908721,-0.504860,0.667000
0.000000,49.000000,-10.824648,35.549465,10.231012,10.231012,0.000000,0.000000,0.000000,-1.063497,-0.334721,0.666000
0.000000,49.000000,-7.782956,77.289993,9.824997,9.824997,0.000000,0.000000,0.000000,-1.004625,-0.377014,0.663000
1.000000,46.000000,3.787508,72.556648,4.352379,4.352379,0.000000,0.000000,0.000000,0.420000,-0.459675,0.664000
0.000000,55.000000,-1.703440,-12.236137,3.050232,3.050232,0.000000,0.000000,0.000000,0.420000,-0.442121,0.665000
0.000000,60.000000,-4.558900,-7.161726,3.664677,3.664677,0.000000,0.000000,0.000000,0.420000,-0.312967,0.663000
0.000000,54.000000,-8.794249,-105.708420,5.021608,5.021608,0.000000,0.000000,0.000000,0.420000,-0.043850,0.663000
1.000000,67.000000,-2.907243,-98.991058,3.179224,3.179224,0.000000,0.000000,0.000000,0.420000,0.205498,0.662000
2.000000,62.000000,3.816483,3.265716,0.060548,0.060548,0.000000,0.000000,0.000000,0.420000,0.390925,0.661000
0.000000,64.000000,-10.284076,186.494171,6.339582,6.339582,0.000000,0.000000,0.000000,0.420000,0.510129,0.662000
-1.000000,62.000000,-15.477503,173.661255,12.014597,12.014597,0.000000,0.000000,0.000000,-1.322116,0.551256,0.661000
1.000000,40.000000,-1.233788,-34.358185,6.854010,6.854010,0.000000,0.000000,0.000000,0.420000,0.630926,0.660000
4.000000,46.000000,23.914211,-71.350952,-7.633848,-7.633848,0.000000,0.000000,0.000000,0.420000,0.591304,0.662000
0.000000,48.000000,3.050956,-113.604469,-6.593987,-6.593987,0.000000,0.000000,0.000000,0.420000,0.582620,0.661000
0.000000,48.000000,2.333985,-95.245872,-5.534199,-5.534199,0.000000,0.000000,0.000000,0.420000,0.659106,0.661000
0.000000,47.000000,0.171526,-110.256287,-4.113302,-4.113302,0.000000,0.000000,0.000000,0.420000,0.759612,0.663000
1.000000,52.000000,7.056798,95.907875,-4.574704,-4.574704,0.000000,0.000000,0.000000,0.420000,0.700196,0.661000
-1.000000,47.000000,-5.781404,11.954643,0.193136,0.193136,0.000000,0.000000,0.000000,0.420000,0.651900,0.662000
-2.000000,54.000000,-10.226901,-113.579666,3.686113,3.686113,0.000000,0.000000,0.000000,0.420000,0.651486,0.664000
0.000000,57.000000,5.217982,-12.155851,-0.430133,-0.430133,0.000000,0.000000,0.000000,0.420000,0.645899,0.663000
-3.000000,55.000000,-18.292397,-104.310020,7.056214,7.056214,0.000000,0.000000,0.000000,0.420000,0.737743,0.663000
2.000000,56.000000,10.380136,-118.677994,-1.858245,-1.858245,0.000000,0.000000,0.000000,0.420000,0.905225,0.666000
2.000000,45.000000,12.609694,-12.009130,-6.804480,-6.804480,0.000000,0.000000,0.000000,0.420000,0.906376,0.667000
0.000000,38.000000,3.799318,0.390125,-5.448646,-5.448646,0.000000,0.000000,0.000000,0.420000,0.795754,0.669000
-1.000000,39.000000,0.911270,10.725351,-3.310298,-3.310298,0.000000,0.000000,0.000000,0.420000,0.624503,0.668000
0.000000,38.000000,7.513361,92.817398,-4.366320,-4.366320,0.000000,0.000000,0.000000,0.420000,0.519331,0.667000
3.000000,40.000000,24.748243,25.588039,-13.307894,-13.307894,0.000000,0.000000,0.000000,2.349645,0.474102,0.666000
2.000000,37.000000,13.585122,15.514128,-13.293019,-13.293019,0.000000,0.000000,0.000000,2.347488,0.507369,0.668000
0.000000,43.000000,-0.530967,67.880875,-6.461298,-6.461298,0.000000,0.000000,0.000000,0.420000,0.462655,0.668000
1.000000,49.000000,5.713987,14.225022,-5.996983,-5.996983,0.000000,0.000000,0.000000,0.420000,0.462187,0.668000
2.000000,46.000000,8.495167,-76.475441,-7.809444,-7.809444,0.000000,0.000000,0.000000,0.420000,0.643061,0.667000
2.000000,46.000000,5.357359,-141.574722,-7.980178,-7.980178,0.000000,0.000000,0.000000,0.420000,0.899386,0.669000
3.000000,53.000000,14.165328,50.678585,-10.307388,-10.307388,0.000000,0.000000,0.000000,1.914571,0.963437,0.666000
1.000000,37.000000,1.908037,-10.699183,-6.623973,-6.623973,0.000000,0.000000,0.000000,0.420000,0.976025,0.668000
0.000000,34.000000,0.596905,146.526154,-3.920020,-3.920020,0.000000,0.000000,0.000000,0.420000,0.783469,0.666000
0.000000,38.000000,2.723795,-19.689926,-3.558928,-3.558928,0.000000,0.000000,0.000000,0.420000,0.683438,0.668000
2.000000,34.000000,19.318638,-30.244751,-4.028385,-4.028385,0.000000,0.000000,0.000000,0.420000,0.589145,0.668000
6.000000,33.000000,45.095608,13.506307,-3.717623,-3.717623,0.000000,0.000000,0.000000,0.420000,0.539603,0.668000
0.000000,39.000000,2.234634,-9.976922,-3.140070,-3.140070,0.000000,0.000000,0.000000,0.420000,0.536693,0.666000
3.000000,39.000000,21.908987,-29.657928,-11.853004,-11.853004,0.000000,0.000000,0.000000,2.138685,0.521637,0.665000
2.000000,44.000000,13.426563,77.186646,-11.866426,-11.866426,0.000000,0.000000,0.000000,2.140632,0.516128,0.664000
0.000000,52.000000,1.951768,122.848434,-6.299194,-6.299194,0.000000,0.000000,0.000000,0.420000,0.352975,0.665000
0.000000,47.000000,-0.325908,93.800652,-2.473692,-2.473692,0.000000,0.000000,0.000000,0.420000,0.323310,0.662000
1.000000,48.000000,1.542262,-28.785202,-2.313616,-2.313616,0.000000,0.000000,0.000000,0.420000,0.461843,0.663000
6.000000,38.000000,30.832994,-62.171883,-15.706883,-15.706883,0.000000,0.000000,0.000000,2.697498,0.698249,0.664000
8.000000,36.000000,40.950386,6.881609,-27.004524,-27.004524,0.000000,0.000000,0.000000,4.335656,0.881838,0.662000
1.000000,37.000000,-4.023828,-8.644440,-13.119567,-13.119567,0.000000,0.000000,0.000000,2.322337,1.013766,0.663000
2.000000,38.000000,3.660112,23.488768,-8.651413,-8.651413,0.000000,0.000000,0.000000,1.674455,1.165415,0.663000
6.000000,36.000000,29.070494,43.368797,-17.449680,-17.449680,0.000000,0.000000,0.000000,2.950204,1.304172,0.662000
7.000000,39.000000,32.280193,17.920517,-23.962128,-23.962128,0.000000,0.000000,0.000000,3.894509,1.563099,0.662000
2.000000,41.000000,-3.859128,98.619766,-10.554985,-10.554985,0.000000,0.000000,0.000000,1.950473,1.800874,0.661000
2.000000,51.000000,-4.544676,160.458771,-2.316010,-2.316010,0.000000,0.000000,0.000000,0.420000,1.973080,0.662000
11.000000,52.000000,57.803047,41.233002,-26.914080,-26.914080,0.000000,0.000000,0.000000,4.322541,2.051589,0.661000
1.000000,56.000000,-1.769458,14.149654,-13.879141,-13.879141,0.000000,0.000000,0.000000,2.432475,2.104236,0.662000
1.000000,51.000000,-0.500984,110.482246,-6.413745,-6.413745,0.000000,0.000000,0.000000,0.420000,2.170101,0.662000
0.000000,39.000000,-10.083549,135.801514,2.232250,2.232250,0.000000,0.000000,0.000000,0.420000,2.219523,0.662000
1.000000,40.000000,-3.647840,43.982292,3.265106,3.265106,0.000000,0.000000,0.000000,0.420000,2.253278,0.662000
2.000000,38.000000,9.134555,120.793327,-1.227601,-1.227601,0.000000,0.000000,0.000000,0.420000,2.127085,0.660000
0.000000,35.000000,3.321105,132.837677,-0.974139,-0.974139,0.000000,0.000000,0.000000,0.420000,1.857729,0.663000
3.000000,35.000000,25.850037,-102.670067,-13.092323,-13.092323,0.000000,0.000000,0.000000,2.318387,1.777528,0.660000
0.000000,45.000000,6.506196,-131.084854,-11.308329,-11.308329,0.000000,0.000000,0.000000,2.059708,1.756009,0.662000
0.000000,45.000000,9.547256,71.739853,-9.870188,-9.870188,0.000000,0.000000,0.000000,1.851177,1.577343,0.662000
0.000000,45.000000,11.043425,243.163681,-8.209671,-8.209671,0.000000,0.000000,0.000000,1.610402,1.165723,0.663000
2.000000,49.000000,22.438387,131.263412,-13.431223,-13.431223,0.000000,0.000000,0.000000,2.367527,0.933042,0.663000
0.000000,51.000000,6.483421,-52.177876,-10.774313,-10.774313,0.000000,0.000000,0.000000,1.982275,0.875798,0.662000
0.000000,53.000000,2.838696,-26.150032,-7.438636,-7.438636,0.000000,0.000000,0.000000,0.420000,0.919648,0.662000
1.000000,57.000000,8.203151,153.401611,-6.402053,-6.402053,0.000000,0.000000,0.000000,0.420000,0.799588,0.663000
0.000000,37.000000,1.644938,209.218689,-2.378383,-2.378383,0.000000,0.000000,0.000000,0.420000,0.591556,0.663000
-2.000000,37.000000,-11.618310,-64.896820,3.336057,3.336057,0.000000,0.000000,0.000000,0.420000,0.545497,0.662000
1.000000,32.000000,12.052575,-70.004639,2.041126,2.041126,0.000000,0.000000,0.000000,0.420000,0.426804,0.664000
-1.000000,38.000000,5.292181,-100.253143,-2.161141,-2.161141,0.000000,0.000000,0.000000,0.420000,0.276121,0.662000
-2.000000,42.000000,3.499804,81.255379,-2.032241,-2.032241,0.000000,0.000000,0.000000,0.420000,-0.035447,0.663000
0.000000,42.000000,17.142176,2.089762,-8.812904,-8.812904,0.000000,0.000000,0.000000,1.697871,-0.331675,0.664000
-7.000000,44.000000,-31.024462,88.570511,9.911045,9.911045,0.000000,0.000000,0.000000,-1.017102,-0.554509,0.665000
0.000000,47.000000,8.174063,-51.129372,1.312583,1.312583,0.000000,0.000000,0.000000,0.420000,-0.569609,0.664000
-1.000000,47.000000,-5.963193,7.689568,3.474564,3.474564,0.000000,0.000000,0.000000,0.420000,-0.463410,0.665000
1.000000,51.000000,2.428684,42.487759,1.200492,1.200492,0.000000,0.000000,0.000000,0.420000,-0.385693,0.663000
0.000000,47.000000,-6.293083,-123.031906,2.384871,2.384871,0.000000,0.000000,0.000000,0.420000,-0.215116,0.662000
0.000000,34.000000,-5.842432,-58.152351,1.316136,1.316136,0.000000,0.000000,0.000000,0.420000,-0.107708,0.663000
1.000000,36.000000,4.196431,-54.453491,-1.654600,-1.654600,0.000000,0.000000,0.000000,0.420000,-0.069619,0.662000
-1.000000,45.000000,-7.610134,40.828899,2.881990,2.881990,0.000000,0.000000,0.000000,0.420000,-0.053380,0.661000
0.000000,43.000000,-2.721065,66.895760,3.411636,3.411636,0.000000,0.000000,0.000000,0.420000,-0.054538,0.662000
1.000000,45.000000,3.332216,206.277969,2.233404,2.233404,0.000000,0.000000,0.000000,0.420000,-0.158562,0.663000
0.000000,46.000000,-2.285313,295.121124,4.912853,4.912853,0.000000,0.000000,0.000000,0.420000,-0.473990,0.663000
10.000000,52.000000,65.467110,140.162155,-25.496670,-25.496670,0.000000,0.000000,0.000000,4.117017,-0.760585,0.662000
4.000000,57.000000,27.241632,-143.010681,-27.569000,-27.569000,0.000000,0.000000,0.000000,4.417505,-0.692989,0.663000
1.000000,55.000000,2.633287,-105.176590,-17.294518,-17.294518,0.000000,0.000000,0.000000,2.927705,-0.365321,0.662000
1.000000,57.000000,-8.113460,-81.470901,-6.594166,-6.594166,0.000000,0.000000,0.000000,0.420000,0.106263,0.662000
2.000000,53.000000,-13.892929,-27.136366,2.380799,2.380799,0.000000,0.000000,0.000000,0.420000,0.663549,0.664000
5.000000,42.000000,1.267447,-34.842506,0.425506,0.425506,0.000000,0.000000,0.000000,0.420000,1.159556,0.663000
8.000000,43.000000,27.774324,37.344990,-11.928312,-11.928312,0.000000,0.000000,0.000000,2.149605,1.348890,0.663000
-1.000000,38.000000,-19.111082,66.212227,2.635325,2.635325,0.000000,0.000000,0.000000,0.420000,1.300826,0.664000
0.000000,41.000000,-2.463281,77.343468,3.253996,3.253996,0.000000,0.000000,0.000000,0.420000,1.132208,0.663000
0.000000,42.000000,2.283401,-19.215147,0.589231,0.589231,0.000000,0.000000,0.000000,0.420000,1.023922,0.663000
1.000000,47.000000,10.091572,-192.545151,-5.950036,-5.950036,0.000000,0.000000,0.000000,0.420000,1.041481,0.664000
-1.000000,51.000000,-1.353876,-181.172501,-4.293828,-4.293828,0.000000,0.000000,0.000000,0.420000,0.971998,0.665000
0.000000,49.000000,8.011960,109.035477,-4.985668,-4.985668,0.000000,0.000000,0.000000,0.420000,0.794820,0.666000
0.000000,48.000000,9.017621,209.639893,-4.913288,-4.913288,0.000000,0.000000,0.000000,0.420000,0.508485,0.664000
0.000000,50.000000,6.489669,189.973129,-3.912902,-3.912902,0.000000,0.000000,0.000000,0.420000,0.336939,0.668000
0.000000,52.000000,1.451675,67.666008,-2.196355,-2.196355,0.000000,0.000000,0.000000,0.420000,0.335922,0.669000
-1.000000,43.000000,-8.222838,56.888668,3.004280,3.004280,0.000000,0.000000,0.000000,0.420000,0.375622,0.668000
0.000000,35.000000,-7.295499,33.255138,5.234625,5.234625,0.000000,0.000000,0.000000,0.420000,0.544550,0.669000
-1.000000,45.000000,-15.666527,-47.936588,9.497552,9.497552,0.000000,0.000000,0.000000,-0.957145,0.699223,0.669000
0.000000,42.000000,-8.227006,-2.883474,8.899856,8.899856,0.000000,0.000000,0.000000,-0.870479,0.816434,0.671000
-3.000000,48.000000,-26.444473,-30.411560,16.521231,16.521231,0.000000,0.000000,0.000000,-1.975578,0.939493,0.670000
0.000000,44.000000,-5.961569,-49.805626,11.321133,11.321133,0.000000,0.000000,0.000000,-1.221564,1.040086,0.671000
-2.000000,48.000000,-17.390190,90.832550,14.869701,14.869701,0.000000,0.000000,0.000000,-1.736107,1.037171,0.672000
0.000000,57.000000,-0.416927,-108.096390,7.393085,7.393085,0.000000,0.000000,0.000000,0.420000,1.021566,0.673000
0.000000,51.000000,5.331859,-139.338013,0.412818,0.412818,0.000000,0.000000,0.000000,0.420000,0.965665,0.674000
0.000000,58.000000,8.399941,-78.792259,-4.262054,-4.262054,0.000000,0.000000,0.000000,0.420000,0.974674,0.672000
0.000000,53.000000,5.107163,-62.085308,-5.201121,-5.201121,0.000000,0.000000,0.000000,0.420000,1.040805,0.675000
4.000000,47.000000,25.358078,-55.193398,-14.768492,-14.768492,0.000000,0.000000,0.000000,2.561431,1.232832,0.674000
-3.000000,49.000000,-26.654785,-105.068878,2.926363,2.926363,0.000000,0.000000,0.000000,0.420000,1.485423,0.675000
3.000000,54.000000,9.267722,-216.279068,-4.507487,-4.507487,0.000000,0.000000,0.000000,0.420000,1.873138,0.677000
7.000000,50.000000,34.139694,-154.584839,-19.233244,-19.233244,0.000000,0.000000,0.000000,3.208820,2.316724,0.678000
8.000000,54.000000,40.572086,61.766972,-28.279819,-28.279819,0.000000,0.000000,0.000000,4.520574,2.510108,0.678000
4.000000,50.000000,14.524062,100.866043,-21.181934,-21.181934,0.000000,0.000000,0.000000,3.491380,2.585662,0.677000
-1.000000,61.000000,-20.758503,133.119308,-1.110664,-1.110664,0.000000,0.000000,0.000000,0.420000,2.718224,0.679000
-3.000000,58.000000,-40.387341,30.454773,17.837528,17.837528,0.000000,0.000000,0.000000,-2.166441,3.068024,0.681000
3.000000,58.000000,-4.260836,54.633743,12.219721,12.219721,0.000000,0.000000,0.000000,-1.351860,3.391144,0.682000
8.000000,60.000000,33.024071,26.355373,-7.902786,-7.902786,0.000000,0.000000,0.000000,0.420000,3.553341,0.682000
4.000000,64.000000,18.470097,15.345466,-12.519968,-12.519968,0.000000,0.000000,0.000000,2.235395,3.466225,0.682000
0.000000,54.000000,4.326154,50.984943,-8.373888,-8.373888,0.000000,0.000000,0.000000,1.634214,3.222382,0.684000
-1.000000,56.000000,2.715999,-32.725376,-6.122366,-6.122366,0.000000,0.000000,0.000000,0.420000,3.088346,0.683000
1.000000,51.000000,14.267789,-2.337459,-9.808844,-9.808844,0.000000,0.000000,0.000000,1.842282,3.058555,0.684000
0.000000,59.000000,4.149770,134.468353,-6.052045,-6.052045,0.000000,0.000000,0.000000,0.420000,2.898651,0.686000
2.000000,56.000000,16.480501,153.833618,-9.360348,-9.360348,0.000000,0.000000,0.000000,1.777250,2.775355,0.687000
1.000000,65.000000,9.944157,39.763039,-9.265194,-9.265194,0.000000,0.000000,0.000000,1.763453,2.647037,0.684000
1.000000,67.000000,9.420863,-30.415955,-9.608989,-9.608989,0.000000,0.000000,0.000000,1.813303,2.662593,0.685000
1.000000,76.000000,6.049948,103.708458,-7.074045,-7.074045,0.000000,0.000000,0.000000,0.420000,2.646657,0.687000
0.000000,76.000000,-1.357862,177.747131,-1.679963,-1.679963,0.000000,0.000000,0.000000,0.420000,2.524387,0.685000
2.000000,75.000000,10.726641,-91.917801,-6.578228,-6.578228,0.000000,0.000000,0.000000,0.420000,2.588222,0.686000
2.000000,72.000000,11.408475,-106.971046,-9.714579,-9.714579,0.000000,0.000000,0.000000,1.828614,2.695920,0.687000
0.000000,65.000000,-1.173754,-46.877590,-5.236727,-5.236727,0.000000,0.000000,0.000000,0.420000,2.785429,0.688000
1.000000,67.000000,5.397411,122.355995,-4.207831,-4.207831,0.000000,0.000000,0.000000,0.420000,2.725825,0.688000
0.000000,68.000000,2.243370,273.189301,-0.865120,-0.865120,0.000000,0.000000,0.000000,0.420000,2.401991,0.689000
-1.000000,69.000000,-3.129601,180.489426,2.556909,2.556909,0.000000,0.000000,0.000000,0.420000,2.205317,0.689000
2.000000,69.000000,16.582020,81.015076,-5.326473,-5.326473,0.000000,0.000000,0.000000,0.420000,2.069600,0.689000
6.000000,69.000000,43.170853,138.109146,-21.113461,-21.113461,0.000000,0.000000,0.000000,3.481452,1.932416,0.690000
0.000000,73.000000,0.897549,-0.706295,-12.022657,-12.022657,0.000000,0.000000,0.000000,2.163285,1.880118,0.690000
-1.000000,70.000000,-7.221902,20.781239,-3.175574,-3.175574,0.000000,0.000000,0.000000,0.420000,1.899355,0.693000
-3.000000,71.000000,-21.433796,61.118984,8.448712,8.448712,0.000000,0.000000,0.000000,-0.805063,1.878366,0.694000
-2.000000,74.000000,-17.772526,66.421448,13.242222,13.242222,0.000000,0.000000,0.000000,-1.500122,1.906986,0.693000
-2.000000,71.000000,-18.350477,22.827776,15.746387,15.746387,0.000000,0.000000,0.000000,-1.863226,1.887622,0.697000
-5.000000,64.000000,-29.733494,-35.400822,21.721977,21.721977,0.000000,0.000000,0.000000,-2.729686,1.667524,0.696000
-14.000000,64.000000,-81.454781,-45.502899,48.192215,48.192215,0.000000,0.000000,0.000000,-6.567871,1.367326,0.698000
0.000000,67.000000,25.213427,41.211063,15.530575,15.530575,0.000000,0.000000,0.000000,-1.831933,0.850100,0.696000
3.000000,60.000000,53.112213,-19.682888,-15.535826,-15.535826,0.000000,0.000000,0.000000,2.672695,0.280419,0.698000
-2.000000,63.000000,25.174459,-62.059376,-20.431746,-20.431746,0.000000,0.000000,0.000000,3.382603,-0.322796,0.701000
0.000000,61.000000,41.983582,0.607818,-30.124601,-30.124601,0.000000,0.000000,0.000000,4.788067,-0.861708,0.700000
-4.000000,56.000000,2.316455,-39.462048,-17.966095,-17.966095,0.000000,0.000000,0.000000,3.025084,-1.046339,0.698000
11.000000,62.000000,84.497925,-97.596100,-48.783783,-48.783783,0.000000,0.000000,0.000000,7.493649,-0.774608,0.697000
3.000000,66.000000,8.194389,33.829262,-30.214092,-30.214092,0.000000,0.000000,0.000000,4.801044,-0.353722,0.699000
2.000000,63.000000,-11.923073,-46.280941,-11.668898,-11.668898,0.000000,0.000000,0.000000,2.111990,0.186191,0.696000
-12.000000,60.000000,-117.487892,-122.147957,45.352325,45.352325,0.000000,0.000000,0.000000,-6.156087,0.872647,0.698000
0.000000,56.000000,-36.594112,75.248924,42.088371,42.088371,-5.830430,-0.008638,-1.100000,-5.432268,1.349693,0.700000
1.000000,53.000000,-22.370224,-60.720291,32.668724,32.668724,-4.788278,-0.015731,-2.800000,-4.417609,1.574348,0.699000
-2.000000,48.000000,-20.396042,-32.518948,26.853348,26.853348,-4.502702,-0.019337,-6.500000,-4.180039,1.334443,0.699000
-19.000000,54.000000,-106.436829,172.059799,64.214462,64.214462,-9.546453,-0.033480,-6.500000,-9.237932,0.435183,0.699000
-22.000000,55.000000,-103.956245,266.644287,84.498062,84.498062,-12.541239,-0.052060,-8.400001,-12.274098,-0.729878,0.698000
-19.000000,53.000000,-76.744514,41.063499,81.378532,81.378532,-12.120103,-0.070015,-8.400001,-11.870917,-1.694604,0.697000
-22.000000,58.000000,-94.585785,-242.431244,85.139915,85.139915,-12.600888,-0.088683,-8.200000,-12.367971,-2.457219,0.697000
-17.000000,56.000000,-54.554092,-242.690826,69.192078,69.192078,-10.447930,-0.104162,-8.200000,-10.230493,-3.197068,0.694000
-9.000000,54.000000,8.309550,-254.465088,32.026161,32.026161,-5.430532,-0.112207,-8.200000,-5.221139,-4.070674,0.691000
-21.000000,56.000000,-67.931534,-254.280823,45.895050,45.895050,-7.302832,-0.123026,-8.200000,-7.104258,-4.910681,0.688000
-7.000000,55.000000,14.874360,-148.488647,17.212420,17.212420,-3.228177,-0.127809,-6.700000,-3.016385,-5.375023,0.685000
-2.000000,39.000000,28.251255,9.655502,-3.159334,-3.159334,-0.288990,-0.128237,-5.300000,-0.060827,-5.687980,0.686000
1.000000,40.000000,27.109886,84.653145,-13.175204,-13.175204,1.400653,-0.126577,-2.800000,1.660476,-5.766115,0.684000
-2.000000,37.000000,-13.233053,-116.631981,-2.341176,-2.341176,-0.061941,-0.126668,-2.800000,0.197790,-5.455041,0.681000
-1.000000,41.000000,-23.641281,-149.529663,8.005162,8.005162,-1.269697,-0.128549,-1.400000,-0.995047,-4.816625,0.683000
-1.000000,42.000000,-41.562851,-183.165695,21.457630,21.457630,-3.085780,-0.133121,-1.400000,-2.815701,-3.926126,0.685000
-5.000000,45.000000,-82.850906,16.909748,49.236790,49.236790,-6.660467,-0.142988,-0.100000,-6.384655,-3.023013,0.688000
0.000000,52.000000,-48.796799,162.170532,50.498329,50.498329,0.000000,0.000000,0.000000,-6.902257,-2.485607,0.687000
1.000000,53.000000,-30.700350,14.367432,41.718548,41.718548,0.000000,0.000000,0.000000,-5.629189,-2.182556,0.690000
0.000000,59.000000,-17.165173,-180.027740,29.049278,29.049278,0.000000,0.000000,0.000000,-3.792145,-2.122216,0.691000
-1.000000,58.000000,-5.159957,-6.877494,18.237186,18.237186,0.000000,0.000000,0.000000,-2.224392,-2.286607,0.694000
-2.000000,59.000000,-1.740149,12.448296,10.925554,10.925554,0.000000,0.000000,0.000000,-1.164205,-2.574587,0.694000
-2.000000,50.000000,-2.353190,-47.849834,6.637342,6.637342,0.000000,0.000000,0.000000,0.420000,-2.669125,0.695000
-2.000000,55.000000,-7.927558,-133.171188,6.019398,6.019398,0.000000,0.000000,0.000000,0.420000,-2.560119,0.696000
1.000000,58.000000,7.766593,-53.040096,-0.661659,-0.661659,0.000000,0.000000,0.000000,0.420000,-2.424660,0.698000
0.000000,60.000000,-6.113280,-16.866730,2.235263,2.235263,0.000000,0.000000,0.000000,0.420000,-2.220141,0.698000
0.000000,63.000000,-13.055462,48.901016,7.544462,7.544462,0.000000,0.000000,0.000000,0.420000,-1.994082,0.698000
0.000000,63.000000,-18.832706,-79.347397,11.910046,11.910046,0.000000,0.000000,0.000000,-1.306957,-1.620942,0.698000
3.000000,68.000000,-2.049230,-110.426437,6.478841,6.478841,0.000000,0.000000,0.000000,0.420000,-1.164354,0.699000
9.000000,65.000000,40.422241,-44.720169,-15.029128,-15.029128,0.000000,0.000000,0.000000,2.599224,-0.837554,0.698000
2.000000,75.000000,-1.699561,-22.090538,-7.700033,-7.700033,0.000000,0.000000,0.000000,0.420000,-0.698042,0.698000
0.000000,72.000000,-9.023788,-0.153874,-0.175698,-0.175698,0.000000,0.000000,0.000000,0.420000,-0.595358,0.698000
1.000000,67.000000,-2.794659,14.059853,1.287501,1.287501,0.000000,0.000000,0.000000,0.420000,-0.433579,0.700000
0.000000,63.000000,-11.470293,-9.067677,5.788148,5.788148,0.000000,0.000000,0.000000,0.420000,-0.238045,0.700000
0.000000,64.000000,-12.671898,-74.160049,8.218395,8.218395,0.000000,0.000000,0.000000,-0.771667,-0.012411,0.700000
1.000000,65.000000,-3.100169,-28.313753,5.660370,5.660370,0.000000,0.000000,0.000000,0.420000,0.137997,0.697000
-1.000000,60.000000,-14.201180,9.531389,9.589517,9.589517,0.000000,0.000000,0.000000,-0.970480,0.192483,0.696000
-3.000000,63.000000,-26.334454,-1.877777,17.107838,17.107838,0.000000,0.000000,0.000000,-2.060636,0.271946,0.695000
-5.000000,59.000000,-39.918812,-39.383751,27.018322,27.018322,0.000000,0.000000,0.000000,-3.497657,0.397776,0.693000
-4.000000,57.000000,-32.077190,54.221779,29.782808,29.782808,0.000000,0.000000,0.000000,-3.898507,0.414157,0.692000
-2.000000,58.000000,-16.633188,-204.951126,22.020920,22.020920,0.000000,0.000000,0.000000,-2.773033,0.520834,0.689000
2.000000,62.000000,15.956335,-203.234390,3.102047,3.102047,0.000000,0.000000,0.000000,0.420000,0.637604,0.689000
13.000000,63.000000,98.151215,-75.871368,-43.144760,-43.144760,0.000000,0.000000,0.000000,6.675990,0.509532,0.687000
-3.000000,70.000000,-6.599640,123.880997,-19.644852,-19.644852,0.000000,0.000000,0.000000,3.268503,0.272768,0.685000
-5.000000,61.000000,-29.293695,84.584877,3.138758,3.138758,0.000000,0.000000,0.000000,0.420000,0.318253,0.684000
-1.000000,56.000000,-19.921980,-52.933670,10.214804,10.214804,0.000000,0.000000,0.000000,-1.061146,0.795119,0.682000
2.000000,52.000000,-16.438824,-89.532104,12.209824,12.209824,0.000000,0.000000,0.000000,-1.350424,1.523516,0.680000
4.000000,54.000000,-7.156184,-17.004246,9.782648,9.782648,0.000000,0.000000,0.000000,-0.998484,2.022142,0.682000
1.000000,53.000000,-17.381241,-44.345928,12.802901,12.802901,0.000000,0.000000,0.000000,-1.436421,2.227484,0.680000
1.000000,59.000000,-3.238127,-46.709572,8.078367,8.078367,0.000000,0.000000,0.000000,-0.751363,2.193041,0.680000
0.000000,67.000000,1.814679,43.996357,4.022464,4.022464,0.000000,0.000000,0.000000,0.420000,2.042457,0.679000
-5.000000,68.000000,-26.790237,204.045822,16.104374,16.104374,0.000000,0.000000,0.000000,-1.915134,1.752187,0.679000
-1.000000,67.000000,-3.690136,-63.728157,9.944414,9.944414,0.000000,0.000000,0.000000,-1.021940,1.759374,0.678000
2.000000,72.000000,16.705866,1.488239,-2.034818,-2.034818,0.000000,0.000000,0.000000,0.420000,1.694660,0.678000
0.000000,69.000000,6.946154,227.230133,-2.199848,-2.199848,0.000000,0.000000,0.000000,0.420000,1.459987,0.676000
0.000000,70.000000,6.361399,130.988480,-2.893649,-2.893649,0.000000,0.000000,0.000000,0.420000,1.324027,0.677000
0.000000,63.000000,1.048671,49.674908,-1.616335,-1.616335,0.000000,0.000000,0.000000,0.420000,1.304658,0.677000
-3.000000,62.000000,-23.863592,79.711342,10.567034,10.567034,0.000000,0.000000,0.000000,-1.112220,1.335356,0.677000
0.000000,63.000000,-7.153058,2.408380,9.052420,9.052420,0.000000,0.000000,0.000000,-0.892601,1.466521,0.680000
-1.000000,66.000000,-12.573949,2.990927,10.664026,10.664026,0.000000,0.000000,0.000000,-1.126284,1.503198,0.678000
-1.000000,69.000000,-10.724141,123.308777,11.800858,11.800858,0.000000,0.000000,0.000000,-1.291124,1.473244,0.680000
0.000000,73.000000,-2.481725,25.630411,7.837922,7.837922,0.000000,0.000000,0.000000,0.420000,1.417464,0.679000
1.000000,74.000000,6.642503,64.575897,1.902914,1.902914,0.000000,0.000000,0.000000,0.420000,1.329984,0.678000
-2.000000,79.000000,-12.545199,-148.036636,5.359612,5.359612,0.000000,0.000000,0.000000,0.420000,1.383132,0.679000
-1.000000,77.000000,-5.951484,3.359789,5.656193,5.656193,0.000000,0.000000,0.000000,0.420000,1.448692,0.681000
-1.000000,74.000000,-10.595538,179.753830,9.496683,9.496683,0.000000,0.000000,0.000000,-0.957019,1.476586,0.680000
0.000000,79.000000,-8.975568,95.381424,10.120614,10.120614,0.000000,0.000000,0.000000,-1.047489,1.540174,0.683000
0.000000,64.000000,-9.565944,18.479094,10.037325,10.037325,0.000000,0.000000,0.000000,-1.035412,1.607829,0.681000
-1.000000,67.000000,-13.256201,-80.920319,10.757536,10.757536,0.000000,0.000000,0.000000,-1.139843,1.691602,0.683000
-1.000000,62.000000,-8.194910,-70.174606,8.972783,8.972783,0.000000,0.000000,0.000000,-0.881054,1.739399,0.682000
-1.000000,61.000000,-7.867196,-3.385932,8.444796,8.444796,0.000000,0.000000,0.000000,-0.804495,1.766057,0.683000
0.000000,60.000000,-0.179033,51.467472,5.188410,5.188410,0.000000,0.000000,0.000000,0.420000,1.715065,0.684000
4.000000,65.000000,29.722139,-38.798508,-10.870523,-10.870523,0.000000,0.000000,0.000000,1.996226,1.671470,0.682000
3.000000,66.000000,22.977974,-37.993538,-16.660818,-16.660818,0.000000,0.000000,0.000000,2.835819,1.672078,0.684000
2.000000,68.000000,14.366181,38.399223,-15.282639,-15.282639,0.000000,0.000000,0.000000,2.635983,1.736829,0.683000
0.000000,70.000000,-4.246175,228.819199,-4.435300,-4.435300,0.000000,0.000000,0.000000,0.420000,1.787190,0.681000
-1.000000,73.000000,-20.189976,66.133713,7.241278,7.241278,0.000000,0.000000,0.000000,0.420000,2.027983,0.684000
2.000000,75.000000,-9.223402,-165.806061,6.640979,6.640979,0.000000,0.000000,0.000000,0.420000,2.560500,0.683000
-1.000000,60.000000,-26.633179,122.020462,16.735653,16.735653,0.000000,0.000000,0.000000,-2.006670,2.714357,0.681000
0.000000,64.000000,-13.029143,76.515518,15.756363,15.756363,0.000000,0.000000,0.000000,-1.864673,2.709696,0.684000
1.000000,62.000000,7.416709,112.354797,6.339674,6.339674,0.000000,0.000000,0.000000,0.420000,2.458201,0.682000
-2.000000,65.000000,-3.653224,98.055031,6.013267,6.013267,0.000000,0.000000,0.000000,0.420000,2.175325,0.681000
-4.000000,58.000000,-11.334307,-45.640553,7.996969,7.996969,0.000000,0.000000,0.000000,0.420000,1.896401,0.680000
0.000000,64.000000,15.127058,-69.037971,-3.030184,-3.030184,0.000000,0.000000,0.000000,0.420000,1.772611,0.680000
-1.000000,65.000000,8.778580,-72.649864,-6.270811,-6.270811,0.000000,0.000000,0.000000,0.420000,1.583946,0.678000
-2.000000,70.000000,-1.373850,8.662776,-2.752748,-2.752748,0.000000,0.000000,0.000000,0.420000,1.477308,0.679000
0.000000,75.000000,6.297909,69.227882,-3.725020,-3.725020,0.000000,0.000000,0.000000,0.420000,1.415206,0.679000
1.000000,73.000000,3.061058,30.948786,-3.147698,-3.147698,0.000000,0.000000,0.000000,0.420000,1.535976,0.678000
4.000000,69.000000,16.248890,-100.665405,-9.949223,-9.949223,0.000000,0.000000,0.000000,1.862637,1.829807,0.679000
-1.000000,63.000000,-18.783382,-67.533722,2.372645,2.372645,0.000000,0.000000,0.000000,0.420000,2.109285,0.678000
-4.000000,65.000000,-38.481087,80.380623,19.344868,19.344868,0.000000,0.000000,0.000000,-2.385006,2.283720,0.676000
-1.000000,68.000000,-17.989729,34.988556,19.049953,19.049953,0.000000,0.000000,0.000000,-2.342243,2.397455,0.673000
1.000000,60.000000,-2.057324,-65.230469,10.816196,10.816196,0.000000,0.000000,0.000000,-1.148348,2.496707,0.675000
0.000000,64.000000,1.128767,97.088081,6.314756,6.314756,0.000000,0.000000,0.000000,0.420000,2.260366,0.675000
-3.000000,65.000000,-10.943031,113.082069,9.415218,9.415218,0.000000,0.000000,0.000000,-0.945207,1.976430,0.673000
-8.000000,71.000000,-43.636650,2.038335,24.833208,24.833208,0.000000,0.000000,0.000000,-3.180815,1.776993,0.673000
-3.000000,77.000000,-10.995109,-139.649918,17.349215,17.349215,0.000000,0.000000,0.000000,-2.095636,1.761604,0.674000
-2.000000,79.000000,-2.226098,-103.043831,9.616417,9.616417,0.000000,0.000000,0.000000,-0.974380,1.670291,0.673000
-3.000000,80.000000,-7.501818,-206.377243,6.807452,6.807452,0.000000,0.000000,0.000000,0.420000,1.548352,0.671000
-1.000000,81.000000,3.672657,-195.932587,0.328010,0.328010,0.000000,0.000000,0.000000,0.420000,1.525917,0.672000
-3.000000,66.000000,-15.642424,-249.578400,4.973290,4.973290,0.000000,0.000000,0.000000,0.420000,1.814387,0.672000
-5.000000,61.000000,-36.212276,-44.120819,18.633747,18.633747,0.000000,0.000000,0.000000,-2.281893,2.036074,0.673000
0.000000,65.000000,-6.308076,270.020782,15.517383,15.517383,0.000000,0.000000,0.000000,-1.830021,2.187468,0.671000
-2.000000,64.000000,-21.950762,346.663971,21.532377,21.532377,0.000000,0.000000,0.000000,-2.702194,2.203832,0.671000
-1.000000,71.000000,-12.852279,20.088240,17.807127,17.807127,0.000000,0.000000,0.000000,-2.162033,2.097328,0.670000
-1.000000,76.000000,-5.727687,-119.734573,11.293768,11.293768,0.000000,0.000000,0.000000,-1.217596,2.069096,0.671000
-6.000000,74.000000,-29.882904,116.460480,20.707024,20.707024,0.000000,0.000000,0.000000,-2.582518,1.836484,0.671000
-4.000000,78.000000,-13.382795,-82.222771,16.671118,16.671118,0.000000,0.000000,0.000000,-1.997312,1.628466,0.672000
-4.000000,85.000000,-13.166296,-165.043457,13.608557,13.608557,0.000000,0.000000,0.000000,-1.553241,1.557730,0.671000
-9.000000,85.000000,-43.552502,140.663589,28.349304,28.349304,0.000000,0.000000,0.000000,-3.690649,1.216632,0.671000
-5.000000,79.000000,-15.572178,106.698074,23.559879,23.559879,0.000000,0.000000,0.000000,-2.996182,0.836698,0.672000
0.000000,79.000000,17.156454,-6.618815,5.177961,5.177961,0.000000,0.000000,0.000000,0.420000,0.601506,0.674000
-4.000000,81.000000,-11.449854,-173.235443,6.441194,6.441194,0.000000,0.000000,0.000000,0.420000,0.555843,0.674000
-5.000000,82.000000,-19.092236,-72.076759,11.485472,11.485472,0.000000,0.000000,0.000000,-1.245393,0.448167,0.673000
-2.000000,76.000000,-4.094375,-64.799782,7.576281,7.576281,0.000000,0.000000,0.000000,0.420000,0.431138,0.672000
-1.000000,88.000000,-1.749566,-54.279148,4.465747,4.465747,0.000000,0.000000,0.000000,0.420000,0.451656,0.673000
0.000000,89.000000,3.573982,-11.540886,0.744001,0.744001,0.000000,0.000000,0.000000,0.420000,0.444675,0.673000
13.000000,82.000000,85.557114,20.481365,-37.907166,-37.907166,0.000000,0.000000,0.000000,5.916539,0.552089,0.674000
6.000000,83.000000,36.017296,57.213032,-36.541805,-36.541805,0.000000,0.000000,0.000000,5.718562,0.622940,0.676000
3.000000,80.000000,9.081587,156.955017,-22.772112,-22.772112,0.000000,0.000000,0.000000,3.721956,0.800432,0.676000
1.000000,84.000000,-20.764376,59.871933,-2.641844,-2.641844,0.000000,0.000000,0.000000,0.420000,1.380531,0.675000
4.000000,77.000000,-15.319739,-135.302902,4.223142,4.223142,0.000000,0.000000,0.000000,0.420000,2.173370,0.677000
7.000000,80.000000,2.288317,-47.308334,0.867211,0.867211,0.000000,0.000000,0.000000,0.420000,2.908853,0.677000
6.000000,74.000000,1.536013,12.246678,-0.104020,-0.104020,0.000000,0.000000,0.000000,0.420000,3.379470,0.677000
1.000000,77.000000,-20.956255,-7.931402,9.301721,9.301721,0.000000,0.000000,0.000000,-0.928749,3.654042,0.676000
0.000000,81.000000,-18.340611,-12.535749,13.256399,13.256399,0.000000,0.000000,0.000000,-1.502178,3.818084,0.675000
0.000000,75.000000,-7.331067,202.067108,12.408603,12.408603,0.000000,0.000000,0.000000,-1.379247,3.625355,0.677000
-1.000000,81.000000,-0.794729,270.919800,9.620638,9.620638,0.000000,0.000000,0.000000,-0.974993,3.178872,0.677000
-3.000000,74.000000,-4.050882,74.442291,7.784228,7.784228,0.000000,0.000000,0.000000,0.420000,2.651123,0.674000
-5.000000,86.000000,-11.111135,110.425270,10.275165,10.275165,0.000000,0.000000,0.000000,-1.069899,2.176351,0.675000
-8.000000,85.000000,-35.172062,-48.139587,21.045513,21.045513,-3.151644,-0.004060,-2.300000,-2.763304,2.007819,0.675000
-7.000000,85.000000,-31.963461,4.819849,26.001968,26.001968,-4.225766,-0.008234,-5.300000,-3.877599,1.827527,0.674000
-1.000000,83.000000,4.901954,-74.145233,11.427897,11.427897,-3.041266,-0.009787,-11.100000,-2.764253,1.693425,0.673000
-1.000000,81.000000,4.754782,-75.272575,3.468239,3.468239,-2.128712,-0.012941,-12.300001,-1.869253,1.539649,0.674000
-8.000000,84.000000,-39.824169,-113.795502,18.804249,18.804249,-4.401574,-0.019462,-13.800001,-4.166635,1.404097,0.673000
-5.000000,75.000000,-18.156422,-126.027969,17.378473,17.378473,-4.209094,-0.025698,-13.800001,-3.980392,1.269123,0.673000
-5.000000,82.000000,-17.393482,-274.014648,14.919095,14.919095,-3.877078,-0.031441,-13.800001,-3.654119,1.216732,0.673000
-8.000000,70.000000,-32.129868,-122.554558,21.560951,21.560951,-4.773729,-0.038514,-13.800001,-4.557842,0.994625,0.669000
-5.000000,78.000000,-6.712487,30.558250,15.154166,15.154166,-3.908813,-0.044304,-13.800001,-3.698717,0.539347,0.669000
-4.000000,82.000000,-0.261999,-44.207123,8.054827,8.054827,-2.950402,-0.048675,-13.800001,-2.744677,0.169410,0.670000
-5.000000,89.000000,-10.951629,-43.207985,8.969516,8.969516,-3.073885,-0.053229,-13.800001,-2.872714,-0.100382,0.669000
-5.000000,82.000000,-14.818830,-44.761280,11.198855,11.198855,-3.401846,-0.058269,-14.000000,-3.208115,-0.292127,0.669000
-2.000000,81.000000,0.042806,-183.988953,4.484208,4.484208,-2.630368,-0.062166,-15.000000,-2.452534,-0.312755,0.670000
-1.000000,82.000000,3.626334,47.997181,1.266439,1.266439,-2.357970,-0.065659,-16.200001,-2.198029,-0.436885,0.671000
-1.000000,72.000000,-1.539414,79.302605,2.103001,2.103001,-2.713905,-0.069680,-18.000000,-2.579585,-0.413992,0.670000
0.000000,72.000000,-1.610597,-81.404793,1.148776,1.148776,-2.706585,-0.073689,-18.900000,-2.587074,-0.320067,0.671000
0.000000,70.000000,-4.108406,40.230003,2.842680,2.842680,-2.935262,-0.078038,-18.900000,-2.820100,-0.271220,0.670000
1.000000,72.000000,1.215501,-12.811957,0.901191,0.901191,-2.673161,-0.081998,-18.900000,-2.561959,-0.206270,0.671000
-2.000000,84.000000,-19.215523,-226.055054,7.108145,7.108145,-3.848600,-0.086560,-21.400000,-3.771959,0.043483,0.671000
-4.000000,85.000000,-29.387304,-209.041626,15.252392,15.252392,-5.204573,-0.094270,-23.300001,-5.158443,0.178726,0.673000
0.000000,86.000000,1.344218,-197.703003,6.004590,6.004590,-4.752620,-0.096657,-29.200001,-4.779676,0.284172,0.673000
-11.000000,80.000000,-65.397346,-78.194633,32.027580,32.027580,-8.427724,-0.109142,-30.400002,-8.481667,0.093580,0.674000
-3.000000,76.000000,-5.116210,-104.190086,18.979753,18.979753,-7.327767,-0.113573,-35.299999,-7.444941,-0.234852,0.673000
1.000000,75.000000,31.446310,-84.246735,-4.470194,-4.470194,-4.324024,-0.119979,-36.500000,-4.462004,-0.673553,0.675000
-13.000000,69.000000,-56.977623,-268.814392,20.761993,20.761993,-8.189369,-0.127116,-39.900002,-8.375285,-1.046113,0.677000
-3.000000,71.000000,14.382702,-118.614891,3.879347,3.879347,-6.180212,-0.136272,-41.900002,-6.399284,-1.515896,0.678000
-8.000000,85.000000,-14.859154,81.996529,9.558228,9.558228,-7.594861,-0.140960,-46.700001,-7.876221,-2.160566,0.679000
-7.000000,83.000000,-2.684984,222.379211,8.466681,8.466681,-7.717502,-0.152393,-48.700001,-8.034295,-3.036237,0.680000
-2.000000,76.000000,31.108442,-19.845604,-9.520735,-9.520735,-5.815701,-0.156812,-52.600002,-6.183713,-3.732011,0.682000
-1.000000,80.000000,33.436810,-117.671341,-21.342010,-21.342010,-4.219829,-0.163063,-52.600002,-4.594092,-4.169440,0.681000
-10.000000,72.000000,-32.749401,-117.072556,1.945471,1.945471,-7.093639,-0.173572,-50.600002,-7.454412,-4.541823,0.681000
-4.000000,78.000000,-0.832169,-91.827194,0.618040,0.618040,-7.089936,-0.184076,-51.900002,-7.476812,-4.708213,0.680000
6.000000,72.000000,55.103439,-223.718964,-26.470095,-26.470095,-3.622037,-0.189442,-53.299999,-4.031079,-4.648922,0.683000
14.000000,70.000000,100.113464,-256.934998,-61.922028,-61.922028,0.934474,-0.188058,-55.000000,0.506416,-4.398247,0.680000
1.000000,88.000000,7.735120,34.900543,-37.223816,-37.223816,-2.669785,-0.192013,-57.000000,-3.125798,-4.226218,0.684000
8.000000,88.000000,45.278503,134.005417,-39.642376,-39.642376,-2.532279,-0.195764,-58.400002,-3.008844,-4.088013,0.684000
7.000000,91.000000,27.186552,73.967369,-33.371548,-33.371548,-4.310342,-0.197615,-65.300003,-4.871557,-3.657251,0.686000
10.000000,95.000000,36.277512,-117.471558,-35.736473,-35.736473,-4.220576,-0.203868,-67.000000,-4.808444,-3.046694,0.686000
14.000000,90.000000,59.208004,-145.056351,-47.604168,-47.604168,-3.306937,-0.205789,-72.099998,-3.957926,-2.405908,0.686000
11.000000,87.000000,46.712318,-310.490723,-49.997253,-49.997253,-3.213371,-0.210550,-73.800003,-3.889521,-1.902681,0.688000
10.000000,83.000000,52.263451,-241.770294,-53.192978,-53.192978,-2.984448,-0.214971,-75.300003,-3.683020,-1.566186,0.686000
4.000000,93.000000,19.614908,-196.992325,-39.855778,-39.855778,-4.744470,-0.222000,-75.000000,-5.446470,-1.484111,0.686000
13.000000,93.000000,90.379875,124.191956,-61.473892,-61.473892,-1.826025,-0.224705,-75.000000,-2.530730,-1.644364,0.685000
7.000000,90.000000,52.554298,148.991547,-56.119148,-56.119148,-2.548915,-0.228481,-75.000000,-3.257397,-1.911802,0.686000
9.000000,91.000000,66.249046,29.585594,-60.411331,-60.411331,-1.969470,-0.231399,-75.000000,-2.680870,-1.986825,0.685000
10.000000,91.000000,68.959206,-27.856522,-64.508583,-64.508583,-1.389342,-0.233457,-74.800003,-2.100399,-1.946975,0.682000
6.000000,82.000000,40.812077,-38.060375,-54.187698,-54.187698,-2.782661,-0.237580,-74.800003,-3.497841,-1.901903,0.685000
8.000000,83.000000,55.317654,-37.204201,-55.031017,-55.031017,-2.668813,-0.241534,-74.800003,-3.387947,-1.868763,0.685000
10.000000,76.000000,67.026642,-226.655334,-62.468948,-62.468948,-1.624192,-0.243940,-74.500000,-2.342132,-1.712899,0.683000
9.000000,75.000000,62.530907,-82.550079,-63.239780,-63.239780,-1.358130,-0.245952,-73.300003,-2.063682,-1.609866,0.686000
5.000000,72.000000,33.323658,-111.513214,-50.781143,-50.781143,-2.878046,-0.250216,-72.099998,-3.573461,-1.460886,0.685000
12.000000,71.000000,77.823547,-62.391541,-63.511749,-63.511749,-1.159414,-0.251933,-72.099998,-1.856547,-1.341345,0.685000
8.000000,74.000000,52.054394,-39.686230,-58.713112,-58.713112,-1.780230,-0.254571,-71.900002,-2.477601,-1.215564,0.685000
7.000000,78.000000,46.022095,-50.190750,-53.453873,-53.453873,-2.490227,-0.258260,-71.900002,-3.191288,-1.147499,0.687000
5.000000,74.000000,30.792204,-223.093842,-45.263966,-45.263966,-3.555365,-0.263527,-71.599998,-4.258092,-0.920454,0.685000
4.000000,63.000000,22.554108,-250.723267,-37.301037,-37.301037,-4.630360,-0.270387,-71.599998,-5.339947,-0.599555,0.684000
9.000000,56.000000,58.610638,-130.048462,-48.060791,-48.060791,-3.177793,-0.275095,-71.599998,-3.892088,-0.406842,0.681000
4.000000,53.000000,30.479246,42.350140,-39.767944,-39.767944,-4.297328,-0.281461,-71.599998,-5.017989,-0.526360,0.683000
8.000000,49.000000,63.084938,23.332428,-50.050598,-50.050598,-2.652670,-0.285391,-69.700005,-3.354461,-0.795671,0.682000
6.000000,56.000000,54.433460,25.440073,-51.793926,-51.793926,-2.417321,-0.288793,-69.700005,-3.122514,-1.124068,0.683000
4.000000,50.000000,46.017277,-76.575676,-49.883614,-49.883614,-2.499712,-0.292682,-68.400002,-3.193194,-1.431959,0.683000
4.000000,47.000000,48.338428,-24.088989,-49.405083,-49.405083,-2.564314,-0.296291,-68.400002,-3.261405,-1.733141,0.683000
6.000000,59.000000,59.609978,-23.395294,-54.207844,-54.207844,-1.888942,-0.299229,-68.200005,-2.586571,-1.940164,0.684000
6.000000,55.000000,53.310932,-116.027115,-54.848476,-54.848476,-1.667456,-0.301699,-67.200005,-2.355556,-1.986119,0.683000
0.000000,51.000000,7.757107,-99.696182,-34.554626,-34.554626,-4.177626,-0.307889,-65.500000,-4.851514,-1.936660,0.684000
22.000000,48.000000,153.728958,-164.064133,-89.659653,-89.659653,3.261553,-0.303057,-65.500000,2.592497,-1.898445,0.686000
12.000000,44.000000,83.389542,-96.030991,-87.702385,-87.702385,2.997322,-0.298616,-65.500000,2.332706,-1.823845,0.687000
13.000000,45.000000,88.580666,115.179924,-87.060997,-87.060997,2.937734,-0.294481,-65.300003,2.279653,-1.821675,0.688000
8.000000,39.000000,45.771839,114.998001,-67.445900,-67.445900,0.289696,-0.294031,-65.300003,-0.367935,-1.662025,0.689000
18.000000,40.000000,103.532722,111.611290,-82.680466,-82.680466,2.346363,-0.290555,-65.300003,1.692208,-1.326312,0.692000
30.000000,48.000000,178.365189,154.377228,-124.349190,-124.349190,7.971641,-0.278745,-65.300003,7.329296,-0.998266,0.691000
18.000000,46.000000,90.318512,162.288925,-107.574783,-107.574783,5.680096,-0.270330,-65.500000,5.043766,-0.565593,0.689000
13.000000,51.000000,48.389225,71.409103,-80.298599,-80.298599,2.024811,-0.267480,-65.300003,1.393730,0.032856,0.692000
22.000000,49.000000,101.489403,71.819443,-89.188087,-89.188087,3.224891,-0.262703,-65.300003,2.598589,0.799671,0.691000
22.000000,51.000000,98.589783,143.466736,-92.127655,-92.127655,3.891733,-0.256937,-63.300003,3.295196,1.399452,0.690000
12.000000,51.000000,38.018978,109.819496,-66.790375,-66.790375,0.660200,-0.255910,-61.900002,0.081490,1.777642,0.693000
11.000000,57.000000,41.488964,-47.449631,-55.831787,-55.831787,0.341791,-0.255804,-53.299999,-0.133612,2.157466,0.691000
4.000000,36.000000,2.552912,-80.903656,-32.584427,-32.584427,-2.337603,-0.257841,-49.900002,-2.774244,2.462642,0.691000
0.000000,36.000000,-12.041364,14.684695,-12.370661,-12.370661,-3.851461,-0.259239,-40.900002,-4.181500,2.441370,0.695000
-7.000000,40.000000,-48.354687,58.064171,15.478323,15.478323,-6.949574,-0.263441,-36.000000,-7.225015,2.229084,0.694000
0.000000,45.000000,14.657259,-94.450592,1.067256,1.067256,-2.668580,-0.263898,-18.700001,-2.736878,1.812153,0.695000
4.000000,49.000000,62.559731,-58.751953,-28.093655,-28.093655,2.294143,-0.263091,-11.100000,2.317852,1.101807,0.697000
0.000000,42.000000,54.221123,51.550350,-39.387062,-39.387062,0.000000,0.000000,0.000000,6.131124,0.101714,0.696000
11.000000,50.000000,134.130402,32.816231,-81.726219,-81.726219,0.000000,0.000000,0.000000,12.270302,-0.693547,0.698000
9.000000,48.000000,103.151787,1.867626,-91.350914,-91.350914,0.000000,0.000000,0.000000,13.665882,-0.915096,0.698000
12.000000,46.000000,89.377892,63.988091,-89.887161,-89.887161,0.000000,0.000000,0.000000,13.453638,-0.466111,0.701000
1.000000,47.000000,-27.789057,132.578278,-35.739662,-35.739662,0.000000,0.000000,0.000000,5.602251,0.490576,0.703000
-2.000000,47.000000,-84.205490,96.620155,19.105236,19.105236,0.000000,0.000000,0.000000,-2.350259,1.873130,0.701000
0.000000,36.000000,-91.666710,63.566658,52.329994,52.329994,0.000000,0.000000,0.000000,-7.167849,3.322452,0.698000
0.000000,34.000000,-90.873718,95.643509,53.075203,53.075203,0.000000,0.000000,0.000000,-7.275904,4.364673,0.697000
1.000000,32.000000,-59.054470,22.325523,52.513672,52.513672,0.000000,0.000000,0.000000,-7.194482,4.777231,0.695000
-6.000000,40.000000,-64.724480,91.632607,58.833229,58.833229,0.000000,0.000000,0.000000,-8.110818,4.377176,0.698000
-7.000000,39.000000,-24.858915,85.447594,44.313816,44.313816,0.000000,0.000000,0.000000,-6.005503,3.398437,0.700000
0.000000,39.000000,60.501270,39.084675,-2.501209,-2.501209,0.000000,0.000000,0.000000,0.420000,2.085464,0.699000
0.000000,39.000000,84.821854,123.352806,-38.435322,-38.435322,0.000000,0.000000,0.000000,5.993122,0.625371,0.701000
-4.000000,41.000000,61.172859,270.244385,-46.235016,-46.235016,0.000000,0.000000,0.000000,7.124077,-0.736670,0.704000
-2.000000,50.000000,54.644466,194.363541,-48.269997,-48.269997,0.000000,0.000000,0.000000,7.419149,-1.542954,0.705000
0.000000,45.000000,32.318092,151.816025,-39.725296,-39.725296,0.000000,0.000000,0.000000,6.180168,-1.594952,0.705000
5.000000,43.000000,25.364040,93.262482,-32.423370,-32.423370,0.000000,0.000000,0.000000,5.121388,-0.981779,0.703000
3.000000,30.000000,-27.500061,-70.165054,-33.077461,-33.077461,0.000000,0.000000,0.000000,5.216232,0.194668,0.703000
-4.000000,32.000000,-99.618927,-25.665390,-32.934807,-32.934807,0.000000,0.000000,0.000000,5.195547,1.459111,0.704000
-4.000000,37.000000,-106.587479,63.634834,30.422935,30.422935,0.000000,0.000000,0.000000,-3.991325,2.562910,0.705000
5.000000,33.000000,-37.398239,118.845734,31.971760,31.971760,0.000000,0.000000,0.000000,-4.215905,3.387397,0.703000
-4.000000,34.000000,-85.385979,-16.293348,31.108854,31.108854,0.000000,0.000000,0.000000,-4.090784,3.953234,0.704000
4.000000,36.000000,-5.393337,-98.620956,18.649282,18.649282,0.000000,0.000000,0.000000,-2.284146,4.060535,0.704000
10.000000,42.000000,68.100235,83.822479,-19.633596,-19.633596,0.000000,0.000000,0.000000,3.266871,3.595705,0.701000
5.000000,46.000000,63.546871,-0.346648,-39.397690,-39.397690,0.000000,0.000000,0.000000,6.132665,2.795372,0.699000
8.000000,51.000000,101.809586,-53.343723,-67.963135,-67.963135,0.000000,0.000000,0.000000,10.274654,2.035362,0.701000
4.000000,49.000000,71.250183,24.058018,-69.225777,-69.225777,0.000000,0.000000,0.000000,10.457737,1.638444,0.702000
-10.000000,44.000000,-51.241440,54.083942,-14.528774,-14.528774,0.000000,0.000000,0.000000,2.526672,1.748464,0.701000
-6.000000,34.000000,-56.687569,73.028008,-12.979043,-12.979043,0.000000,0.000000,0.000000,2.301961,2.371678,0.701000
-4.000000,32.000000,-69.293877,-45.839149,-13.554024,-13.554024,2.207793,0.002336,2.800000,2.663730,3.253270,0.700000
1.000000,39.000000,-44.716610,92.663589,13.501734,13.501734,-0.202734,0.002271,12.000000,0.363537,3.971318,0.702000
-2.000000,37.000000,-61.375977,18.246269,35.209358,35.209358,-2.957763,-0.002111,13.300001,-2.380274,4.458414,0.700000
5.000000,38.000000,-0.676712,3.836339,19.704193,19.704193,-0.176066,-0.002213,18.400000,0.462521,4.752692,0.700000
8.000000,36.000000,38.823029,-55.829613,-7.135523,-7.135523,3.838796,0.001709,21.300001,4.516105,4.691847,0.700000
-2.000000,42.000000,-6.682576,-28.851263,-1.177040,-1.177040,3.506901,0.004678,24.800001,4.229178,4.305205,0.700000
-1.000000,43.000000,15.281153,-72.464905,-8.176074,-8.176074,4.640770,0.011553,26.200001,5.386724,3.907101,0.699000
-3.000000,51.000000,4.094310,164.697479,-4.857003,-4.857003,4.827196,0.014596,30.900002,5.632592,3.506807,0.699000
-3.000000,43.000000,-4.943926,342.299011,2.634106,2.634106,3.815896,0.020249,30.900002,4.626945,3.219921,0.700000
-1.000000,52.000000,-3.924319,184.942200,4.879182,4.879182,3.971811,0.023711,34.299999,4.827121,3.235023,0.700000
1.000000,41.000000,-0.444001,125.912056,4.016559,4.016559,4.115264,0.029807,34.500000,4.979072,3.459540,0.701000
0.000000,40.000000,-14.698865,42.698780,9.207886,9.207886,3.711436,0.034806,36.700001,4.606641,3.743184,0.702000
1.000000,40.000000,-14.124149,-77.300407,10.724501,10.724501,3.547193,0.040061,37.000000,4.451254,4.146825,0.703000
0.000000,41.000000,-24.966419,32.562225,17.426422,17.426422,2.898933,0.044356,38.900002,3.830089,4.526578,0.703000
-1.000000,34.000000,-28.935921,116.290184,19.164106,19.164106,2.664346,0.048303,38.900002,3.599449,4.654260,0.703000
4.000000,41.000000,11.675234,154.607132,6.677869,6.677869,4.390488,0.054807,39.200001,5.335695,4.754988,0.704000
-11.000000,46.000000,-84.734520,47.823986,42.233780,42.233780,-0.409560,0.054201,39.200001,0.535040,4.675522,0.702000
0.000000,48.000000,-3.406618,38.156429,25.104965,25.104965,2.294330,0.056545,42.100002,3.276075,4.686741,0.705000
0.000000,48.000000,-1.087565,138.259933,15.541474,15.541474,3.990402,0.060486,45.100002,5.012087,4.603176,0.705000
-12.000000,48.000000,-82.629021,-83.851959,44.976200,44.976200,0.772713,0.060895,50.700001,1.862008,4.579913,0.707000
-3.000000,47.000000,-18.747416,-51.747925,32.707520,32.707520,2.428985,0.064493,50.700001,3.521878,4.686944,0.706000
-21.000000,43.000000,-146.872086,53.663795,84.564552,84.564552,-4.436715,0.057920,51.700001,-3.338394,4.697196,0.707000
-4.000000,39.000000,-28.998131,83.066872,60.307266,60.307266,-1.161981,0.056199,51.700001,-0.065382,4.620924,0.709000
4.000000,37.000000,31.669443,104.078102,19.854450,19.854450,4.029150,0.062168,49.700001,5.107718,4.368506,0.708000
0.000000,41.000000,12.727106,37.031635,5.526035,5.526035,5.760985,0.070703,48.200001,6.830088,4.011681,0.709000
1.000000,44.000000,22.891380,91.295578,-6.440142,-6.440142,7.376420,0.081631,48.200001,8.456450,3.748819,0.708000
11.000000,44.000000,88.341629,168.507843,-41.779236,-41.779236,12.147197,0.099627,48.200001,13.245223,3.542198,0.709000
2.000000,44.000000,11.935236,159.235596,-26.916317,-26.916317,9.884203,0.114270,46.299999,10.974073,3.606264,0.709000
0.000000,43.000000,-21.593121,136.531250,-3.858290,-3.858290,6.771369,0.124301,46.299999,7.871271,4.060994,0.706000
-2.000000,41.000000,-58.871506,7.937924,24.441559,24.441559,3.180390,0.129013,48.000000,4.305403,4.969891,0.705000
-2.000000,47.000000,-78.665657,-44.622887,48.440796,48.440796,-0.059507,0.128925,48.000000,1.065418,6.099774,0.709000
-1.000000,41.000000,-73.926125,55.095360,60.405052,60.405052,-1.445182,0.126784,49.700001,-0.301998,6.916689,0.707000
0.000000,43.000000,-49.076862,93.430305,56.148243,56.148243,-0.668013,0.125794,51.200001,0.492182,7.199656,0.706000
-3.000000,32.000000,-40.461838,-44.443848,54.353584,54.353584,0.262766,0.125947,56.299999,1.484313,7.063428,0.705000
-2.000000,35.000000,-1.637564,240.173355,32.792938,32.792938,3.173453,0.130648,56.299999,4.399702,6.426774,0.706000
-3.000000,33.000000,11.896350,204.218567,35.805080,35.805080,2.969314,0.135047,57.799999,4.217961,5.575092,0.707000
-1.000000,35.000000,33.537582,94.909737,5.455069,5.455069,7.066566,0.145516,57.799999,8.325683,4.853728,0.706000
0.000000,40.000000,38.188236,48.757633,-13.745600,-13.745600,9.685657,0.159866,58.000000,10.961522,4.331692,0.705000
-1.000000,41.000000,23.362392,161.854980,-16.616461,-16.616461,10.073223,0.174789,58.000000,11.364012,3.971634,0.705000
0.000000,37.000000,14.545946,97.727463,-14.805182,-14.805182,10.125701,0.188426,60.200005,11.456527,4.033835,0.703000
5.000000,44.000000,25.660934,-21.159513,-19.880705,-19.880705,10.810897,0.204442,60.200005,12.157739,4.526251,0.701000
2.000000,44.000000,-18.666313,215.148926,-0.598206,-0.598206,7.951259,0.216222,58.300003,9.287081,5.131630,0.701000
7.000000,50.000000,-1.461988,240.281830,2.491418,2.491418,7.534160,0.227384,58.300003,8.881144,5.851243,0.703000
8.000000,52.000000,-4.906237,175.026215,5.153323,5.153323,6.445802,0.230920,52.900002,7.731522,6.588778,0.703000
4.000000,38.000000,-30.746798,154.596115,18.061752,18.061752,4.500664,0.237588,51.400002,5.775052,7.183239,0.702000
8.000000,41.000000,9.016400,254.547836,8.167515,8.167515,5.809386,0.246194,51.200001,7.089980,7.478848,0.702000
1.000000,43.000000,-24.886766,142.414902,16.972912,16.972912,4.620657,0.253040,51.200001,5.908097,7.627308,0.700000
0.000000,44.000000,-16.443851,117.631546,17.793518,17.793518,4.509875,0.259721,51.200001,5.803997,7.546123,0.701000
0.000000,43.000000,-3.127325,-60.177410,10.652134,10.652134,5.473962,0.267831,51.200001,6.776193,7.398748,0.702000
0.000000,43.000000,10.760795,34.044853,1.322720,1.322720,6.733433,0.277806,51.200001,8.045639,7.078155,0.700000
-5.000000,48.000000,-14.578755,83.859322,8.042670,8.042670,5.826240,0.286438,51.200001,7.147077,6.612781,0.700000
-4.000000,54.000000,-7.385149,105.020363,8.691969,8.691969,5.104084,0.289655,46.500000,6.371739,6.289571,0.700000
-2.000000,48.000000,-1.456529,78.295265,6.140678,6.140678,5.448509,0.297727,46.500000,6.724236,6.185208,0.701000
-4.000000,43.000000,-21.531792,192.449387,14.798723,14.798723,3.132173,0.298819,38.000000,4.306992,5.994026,0.702000
-7.000000,42.000000,-42.991169,354.028198,30.671576,30.671576,0.746337,0.299925,36.200001,1.900662,5.821717,0.701000
-3.000000,36.000000,-14.797600,240.142334,25.689568,25.689568,0.500909,0.300143,29.400002,1.573852,5.611816,0.701000
-4.000000,36.000000,-19.331503,19.606342,23.004894,23.004894,0.539339,0.300809,27.000000,1.584148,5.362837,0.701000
-9.000000,36.000000,-47.542316,62.572117,34.609882,34.609882,-1.526834,0.299586,23.300001,-0.527648,5.024307,0.701000
-9.000000,36.000000,-38.202110,-32.416561,35.934639,35.934639,-2.043176,0.297165,20.800001,-1.076411,4.542660,0.701000
-9.000000,31.000000,-27.848282,158.684662,38.087013,38.087013,-2.981747,0.295324,16.000000,-2.074423,3.844780,0.701000
-12.000000,37.000000,-40.961140,116.844803,40.431973,40.431973,-3.500816,0.290138,14.500000,-2.616678,2.991524,0.700000
-13.000000,36.000000,-42.700050,190.494431,43.167057,43.167057,-4.531553,0.287398,9.600000,-3.708955,2.067529,0.699000
-10.000000,40.000000,-19.928579,-2.084523,32.690983,32.690983,-3.387283,0.282379,7.600000,-2.593703,1.334064,0.700000
-10.000000,50.000000,-20.086037,-8.685980,26.940582,26.940582,0.000000,0.000000,0.000000,-3.486384,0.638843,0.700000
-15.000000,47.000000,-54.796810,-9.426530,39.391045,39.391045,0.000000,0.000000,0.000000,-5.291701,-0.025264,0.699000
-10.000000,48.000000,-22.753941,51.227543,32.365395,32.365395,0.000000,0.000000,0.000000,-4.272982,-0.704139,0.700000
-7.000000,39.000000,-4.466877,-46.146500,19.395742,19.395742,0.000000,0.000000,0.000000,-2.392382,-1.295501,0.700000
-10.000000,37.000000,-27.141315,-38.163372,22.537779,22.537779,0.000000,0.000000,0.000000,-2.847978,-1.798391,0.698000
-9.000000,39.000000,-24.614626,137.715179,24.711796,24.711796,0.000000,0.000000,0.000000,-3.163210,-2.335939,0.696000
-7.000000,44.000000,-16.241091,249.754333,23.147768,23.147768,0.000000,0.000000,0.000000,-2.936426,-2.928968,0.697000
-7.000000,45.000000,-24.378542,147.018906,25.024788,25.024788,0.000000,0.000000,0.000000,-3.208594,-3.340922,0.697000
-9.000000,49.000000,-46.380199,20.950424,34.823277,34.823277,0.000000,0.000000,0.000000,-4.629375,-3.518629,0.695000
-2.000000,54.000000,-3.989924,100.238571,21.850416,21.850416,0.000000,0.000000,0.000000,-2.748310,-3.644128,0.697000
-6.000000,50.000000,-37.395317,-2.715331,28.821184,28.821184,0.000000,0.000000,0.000000,-3.759071,-3.701795,0.697000
-7.000000,56.000000,-44.558102,-188.565918,34.205704,34.205704,0.000000,0.000000,0.000000,-4.539827,-3.711452,0.700000
-3.000000,55.000000,-13.970679,-20.103416,24.919012,24.919012,0.000000,0.000000,0.000000,-3.193257,-3.778656,0.701000
-9.000000,58.000000,-54.791470,-91.094803,37.541763,37.541763,0.000000,0.000000,0.000000,-5.023555,-3.848353,0.701000
-5.000000,51.000000,-26.332771,-81.715652,31.762276,31.762276,0.000000,0.000000,0.000000,-4.185530,-3.869714,0.702000
-1.000000,47.000000,3.009820,-19.070877,15.943194,15.943194,0.000000,0.000000,0.000000,-1.891763,-4.027732,0.702000
-9.000000,45.000000,-50.360786,-268.094025,29.018265,29.018265,0.000000,0.000000,0.000000,-3.787648,-4.114385,0.702000
-7.000000,46.000000,-35.439049,-235.305008,29.789873,29.789873,0.000000,0.000000,0.000000,-3.899531,-4.055306,0.705000
-4.000000,46.000000,-18.924219,-172.897430,23.344252,23.344252,0.000000,0.000000,0.000000,-2.964916,-3.858802,0.705000
-6.000000,50.000000,-39.821976,-90.383629,29.945774,29.945774,0.000000,0.000000,0.000000,-3.922137,-3.704985,0.706000
0.000000,52.000000,-1.803277,-8.337779,17.206612,17.206612,0.000000,0.000000,0.000000,-2.074959,-3.656303,0.706000
0.000000,53.000000,-2.757177,-85.186554,9.937687,9.937687,0.000000,0.000000,0.000000,-1.020965,-3.530400,0.707000
1.000000,58.000000,4.698823,-59.448795,2.816218,2.816218,0.000000,0.000000,0.000000,0.420000,-3.461285,0.707000
3.000000,54.000000,14.820462,-204.489410,-6.960692,-6.960692,0.000000,0.000000,0.000000,0.420000,-3.109428,0.709000
0.000000,57.000000,-12.134982,-85.128761,0.866202,0.866202,0.000000,0.000000,0.000000,0.420000,-2.726902,0.710000
0.000000,44.000000,-19.325914,-44.906586,8.768913,8.768913,0.000000,0.000000,0.000000,-0.851492,-2.308313,0.709000
1.000000,47.000000,-14.155643,-38.346939,10.847818,10.847818,0.000000,0.000000,0.000000,-1.152934,-1.986014,0.709000
1.000000,50.000000,-12.677826,-84.667252,10.909316,10.909316,0.000000,0.000000,0.000000,-1.161851,-1.684809,0.710000
-1.000000,53.000000,-21.736401,76.653656,16.471388,16.471388,0.000000,0.000000,0.000000,-1.968351,-1.592911,0.712000
0.000000,53.000000,-7.941967,154.607605,14.024616,14.024616,0.000000,0.000000,0.000000,-1.613569,-1.697711,0.710000
-1.000000,46.000000,-10.433249,46.054672,12.822992,12.822992,0.000000,0.000000,0.000000,-1.439334,-1.774447,0.712000
0.000000,50.000000,-1.810752,-55.819763,7.365107,7.365107,0.000000,0.000000,0.000000,0.420000,-1.723895,0.711000
-1.000000,50.000000,-5.083262,-98.966873,5.447575,5.447575,0.000000,0.000000,0.000000,0.420000,-1.746623,0.710000
-2.000000,59.000000,-6.197213,-256.885406,3.472943,3.472943,0.000000,0.000000,0.000000,0.420000,-1.700212,0.709000
3.000000,59.000000,32.674309,-142.822769,-14.078725,-14.078725,0.000000,0.000000,0.000000,2.461415,-1.732279,0.710000
0.000000,59.000000,7.331774,-77.782875,-11.742642,-11.742642,0.000000,0.000000,0.000000,2.122683,-1.607187,0.710000
-4.000000,51.000000,-29.651779,189.031021,8.586125,8.586125,0.000000,0.000000,0.000000,-0.824988,-1.523633,0.709000
3.000000,54.000000,6.604542,-19.297050,1.576652,1.576652,0.000000,0.000000,0.000000,0.420000,-1.243837,0.709000
-2.000000,52.000000,-33.602966,-139.349121,14.734350,14.734350,0.000000,0.000000,0.000000,-1.716481,-0.872124,0.709000
0.000000,56.000000,-14.895304,-34.817757,14.493420,14.493420,0.000000,0.000000,0.000000,-1.681546,-0.680169,0.710000
0.000000,53.000000,-7.180665,131.083893,12.382435,12.382435,0.000000,0.000000,0.000000,-1.375453,-0.778319,0.709000
-12.000000,57.000000,-83.487259,-23.010715,44.172508,44.172508,0.000000,0.000000,0.000000,-5.985013,-0.908204,0.708000
-5.000000,58.000000,-26.903408,61.446663,36.954433,36.954433,0.000000,0.000000,0.000000,-4.938393,-1.142229,0.708000
-3.000000,64.000000,-4.838820,-91.044853,21.683006,21.683006,0.000000,0.000000,0.000000,-2.724036,-1.493255,0.706000
-4.000000,67.000000,1.522705,-50.888481,10.782440,10.782440,0.000000,0.000000,0.000000,-1.143454,-2.058432,0.705000
-10.000000,73.000000,-25.010633,127.785576,18.335197,18.335197,0.000000,0.000000,0.000000,-2.238604,-2.908285,0.705000
-7.000000,77.000000,-2.654120,-27.341169,11.032642,11.032642,0.000000,0.000000,0.000000,-1.179733,-3.526983,0.706000
-5.000000,71.000000,4.113950,-84.507866,3.456105,3.456105,0.000000,0.000000,0.000000,0.420000,-3.896438,0.705000
-5.000000,61.000000,-5.485735,-186.447189,2.691414,2.691414,0.000000,0.000000,0.000000,0.420000,-4.010962,0.707000
-1.000000,69.000000,9.511577,-110.806290,-3.797189,-3.797189,0.000000,0.000000,0.000000,0.420000,-3.928806,0.708000
-1.000000,64.000000,-1.544572,-148.754974,-2.732191,-2.732191,0.000000,0.000000,0.000000,0.420000,-3.732255,0.707000
0.000000,71.000000,-1.514599,-85.094772,-1.586988,-1.586988,0.000000,0.000000,0.000000,0.420000,-3.543296,0.706000
0.000000,72.000000,-5.930061,-63.624012,1.223068,1.223068,0.000000,0.000000,0.000000,0.420000,-3.372075,0.707000
2.000000,68.000000,2.479939,-135.747635,-1.665014,-1.665014,0.000000,0.000000,0.000000,0.420000,-3.048331,0.709000
0.000000,70.000000,-19.297792,-58.262604,7.243885,7.243885,0.000000,0.000000,0.000000,0.420000,-2.583078,0.708000
1.000000,72.000000,-16.146479,74.209961,11.917942,11.917942,0.000000,0.000000,0.000000,-1.308102,-2.276363,0.709000
1.000000,70.000000,-16.506273,-107.342590,13.016607,13.016607,0.000000,0.000000,0.000000,-1.467408,-1.888823,0.709000
0.000000,71.000000,-18.580336,-83.909187,14.765102,14.765102,0.000000,0.000000,0.000000,-1.720940,-1.638133,0.709000
0.000000,62.000000,-10.188947,17.462250,12.862993,12.862993,0.000000,0.000000,0.000000,-1.445134,-1.598726,0.709000
0.000000,60.000000,-3.853394,119.380493,9.883098,9.883098,0.000000,0.000000,0.000000,-1.013049,-1.741102,0.710000
1.000000,65.000000,8.359960,-33.732090,1.370133,1.370133,0.000000,0.000000,0.000000,0.420000,-1.850767,0.711000
0.000000,65.000000,9.081202,23.645094,-3.120161,-3.120161,0.000000,0.000000,0.000000,0.420000,-2.090848,0.710000
2.000000,63.000000,26.198933,-129.740295,-14.673271,-14.673271,0.000000,0.000000,0.000000,2.547624,-2.193657,0.709000
-1.000000,68.000000,5.668007,-64.466080,-11.201097,-11.201097,0.000000,0.000000,0.000000,2.044159,-2.258698,0.713000
0.000000,63.000000,5.959103,-187.181610,-10.526834,-10.526834,0.000000,0.000000,0.000000,1.946391,-2.118719,0.711000
3.000000,68.000000,16.529537,-167.612503,-14.736564,-14.736564,0.000000,0.000000,0.000000,2.556802,-1.713293,0.712000
3.000000,69.000000,6.209400,-156.544113,-12.308237,-12.308237,0.000000,0.000000,0.000000,2.204694,-1.233480,0.714000
3.000000,64.000000,-0.448886,-61.755058,-7.123327,-7.123327,0.000000,0.000000,0.000000,0.420000,-0.855582,0.714000
3.000000,66.000000,1.942672,-22.819511,-4.997408,-4.997408,0.000000,0.000000,0.000000,0.420000,-0.612048,0.714000
3.000000,64.000000,6.540558,-267.046234,-8.095242,-8.095242,0.000000,0.000000,0.000000,1.593810,-0.322666,0.714000
0.000000,57.000000,-9.108444,-373.593262,-3.715922,-3.715922,0.000000,0.000000,0.000000,0.420000,0.075574,0.716000
1.000000,57.000000,3.250568,-179.349319,-5.120657,-5.120657,0.000000,0.000000,0.000000,0.420000,0.235590,0.716000
1.000000,55.000000,11.382586,-91.774818,-8.764498,-8.764498,0.000000,0.000000,0.000000,1.690852,0.160274,0.715000
0.000000,50.000000,10.252085,-30.096668,-9.704782,-9.704782,0.000000,0.000000,0.000000,1.827193,-0.020997,0.717000
0.000000,55.000000,12.759915,-79.038681,-11.790940,-11.790940,0.000000,0.000000,0.000000,2.129686,-0.117955,0.718000
0.000000,62.000000,10.133080,38.376175,-10.699518,-10.699518,0.000000,0.000000,0.000000,1.971430,-0.195964,0.720000
0.000000,58.000000,1.832862,-19.589825,-6.885831,-6.885831,0.000000,0.000000,0.000000,0.420000,-0.141078,0.719000
-3.000000,61.000000,-24.829630,-8.285948,7.311553,7.311553,0.000000,0.000000,0.000000,0.420000,-0.008087,0.718000
0.000000,60.000000,-8.209617,-82.574234,6.972514,6.972514,0.000000,0.000000,0.000000,0.420000,0.230073,0.718000
3.000000,59.000000,14.538507,92.099373,-1.878551,-1.878551,0.000000,0.000000,0.000000,0.420000,0.228832,0.717000
9.000000,56.000000,58.272224,73.190987,-26.596985,-26.596985,0.000000,0.000000,0.000000,4.276563,0.220394,0.717000
5.000000,51.000000,27.167940,56.262348,-26.347553,-26.347553,0.000000,0.000000,0.000000,4.240395,0.310612,0.717000
2.000000,44.000000,5.487872,-105.491943,-17.910124,-17.910124,0.000000,0.000000,0.000000,3.016968,0.503939,0.717000
1.000000,53.000000,-4.551901,-132.489670,-8.994620,-8.994620,0.000000,0.000000,0.000000,1.724220,0.879700,0.717000
2.000000,48.000000,-1.679325,128.903137,-3.031217,-3.031217,0.000000,0.000000,0.000000,0.420000,1.094567,0.716000
12.000000,52.000000,63.239143,-71.451576,-30.767849,-30.767849,0.000000,0.000000,0.000000,4.881338,1.452578,0.716000
5.000000,46.000000,12.286803,-68.221252,-23.065371,-23.065371,0.000000,0.000000,0.000000,3.764479,1.784505,0.719000
3.000000,55.000000,4.258640,-75.148010,-15.278674,-15.278674,0.000000,0.000000,0.000000,2.635408,1.975339,0.719000
8.000000,52.000000,46.089790,121.653008,-28.048800,-28.048800,0.000000,0.000000,0.000000,4.487076,2.016654,0.718000
3.000000,59.000000,11.253459,379.767609,-17.072987,-17.072987,0.000000,0.000000,0.000000,2.895583,1.905823,0.718000
1.000000,50.000000,-4.092663,136.440765,-6.320477,-6.320477,0.000000,0.000000,0.000000,0.420000,1.911606,0.717000
3.000000,53.000000,6.121005,-122.988731,-7.337614,-7.337614,0.000000,0.000000,0.000000,0.420000,2.204330,0.719000
0.000000,50.000000,-13.346210,-94.034073,1.123801,1.123801,0.000000,0.000000,0.000000,0.420000,2.353707,0.720000
3.000000,49.000000,20.049694,-29.351330,-8.668434,-8.668434,0.000000,0.000000,0.000000,1.676923,2.248354,0.720000
3.000000,49.000000,30.648926,-93.981033,-19.405487,-19.405487,0.000000,0.000000,0.000000,3.233796,2.059547,0.722000
-1.000000,47.000000,8.383541,-74.321823,-15.114508,-15.114508,0.000000,0.000000,0.000000,2.611604,1.902148,0.722000
-2.000000,48.000000,-0.337747,25.981033,-7.927164,-7.927164,0.000000,0.000000,0.000000,0.420000,1.789773,0.724000
0.000000,52.000000,9.350679,175.886261,-6.984770,-6.984770,0.000000,0.000000,0.000000,0.420000,1.609772,0.727000
1.000000,49.000000,14.509056,36.504601,-10.042156,-10.042156,0.000000,0.000000,0.000000,1.876113,1.427517,0.726000
0.000000,52.000000,13.203259,118.120552,-10.401567,-10.401567,0.000000,0.000000,0.000000,1.928227,1.057512,0.728000
2.000000,56.000000,30.304432,-130.209213,-20.529737,-20.529737,0.000000,0.000000,0.000000,3.396812,0.883787,0.731000
7.000000,56.000000,64.079704,-54.660500,-40.619167,-40.619167,0.000000,0.000000,0.000000,6.309779,0.892170,0.729000
0.000000,52.000000,8.143483,161.121735,-24.555014,-24.555014,0.000000,0.000000,0.000000,3.980477,0.806162,0.731000
-5.000000,51.000000,-35.417744,115.598907,3.473118,3.473118,0.000000,0.000000,0.000000,0.420000,0.739354,0.730000
-13.000000,53.000000,-104.009033,-45.384651,48.305820,48.305820,0.000000,0.000000,0.000000,-6.584344,1.038074,0.733000
0.000000,51.000000,-15.491480,125.022049,34.664566,34.664566,0.000000,0.000000,0.000000,-4.606362,1.173456,0.734000
0.000000,50.000000,-10.938960,52.173004,24.457602,24.457602,0.000000,0.000000,0.000000,-3.126352,1.100482,0.735000
0.000000,55.000000,4.235432,53.351471,12.025901,12.025901,0.000000,0.000000,0.000000,-1.323756,0.778860,0.736000
-2.000000,50.000000,9.794429,-62.520988,1.644064,1.644064,0.000000,0.000000,0.000000,0.420000,0.201969,0.735000
-1.000000,56.000000,30.117550,-173.971588,-14.214407,-14.214407,0.000000,0.000000,0.000000,2.481089,-0.207038,0.737000
1.000000,55.000000,46.166660,-14.880291,-28.726843,-28.726843,0.000000,0.000000,0.000000,4.585392,-0.626351,0.736000
2.000000,55.000000,43.209171,87.289162,-34.458290,-34.458290,0.000000,0.000000,0.000000,5.416452,-0.813709,0.736000
1.000000,53.000000,16.059017,-139.490707,-27.434034,-27.434034,0.000000,0.000000,0.000000,4.397935,-0.608820,0.738000
9.000000,55.000000,56.187950,-42.624401,-40.756916,-40.756916,0.000000,0.000000,0.000000,6.329753,-0.162609,0.736000
6.000000,54.000000,18.806999,-101.367073,-31.791756,-31.791756,0.000000,0.000000,0.000000,5.029805,0.413894,0.737000
9.000000,51.000000,30.595091,0.267377,-31.250851,-31.250851,0.000000,0.000000,0.000000,4.951373,1.038231,0.739000
7.000000,49.000000,10.499464,157.449661,-20.495680,-20.495680,0.000000,0.000000,0.000000,3.391874,1.503303,0.737000
12.000000,58.000000,48.523174,58.579567,-32.580833,-32.580833,0.000000,0.000000,0.000000,5.144221,1.875619,0.738000
8.000000,53.000000,23.617271,17.169195,-28.392708,-28.392708,0.000000,0.000000,0.000000,4.536942,2.295891,0.738000
7.000000,55.000000,21.076023,143.745148,-23.806492,-23.806492,0.000000,0.000000,0.000000,3.871941,2.520483,0.736000
4.000000,50.000000,2.467239,-25.181591,-14.430463,-14.430463,0.000000,0.000000,0.000000,2.512417,2.790865,0.737000
10.000000,55.000000,52.735733,-115.976639,-32.711628,-32.711628,0.000000,0.000000,0.000000,5.163186,3.049046,0.736000
3.000000,55.000000,9.342345,-109.227654,-23.178499,-23.178499,0.000000,0.000000,0.000000,3.780882,3.170283,0.737000
1.000000,51.000000,1.726316,87.586571,-12.736738,-12.736738,0.000000,0.000000,0.000000,2.266827,3.178186,0.736000
7.000000,57.000000,46.747608,79.267532,-27.328220,-27.328220,0.000000,0.000000,0.000000,4.382592,3.151845,0.736000
3.000000,49.000000,18.820953,21.468702,-23.306732,-23.306732,0.000000,0.000000,0.000000,3.799476,3.125071,0.737000
2.000000,47.000000,17.283669,77.296959,-19.900682,-19.900682,0.000000,0.000000,0.000000,3.305599,2.923139,0.736000
1.000000,48.000000,16.236780,107.118813,-17.287857,-17.287857,0.000000,0.000000,0.000000,2.926739,2.699064,0.735000
0.000000,51.000000,12.417534,35.575253,-14.776034,-14.776034,0.000000,0.000000,0.000000,2.562525,2.460493,0.738000
0.000000,48.000000,14.406651,40.722107,-14.243313,-14.243313,0.000000,0.000000,0.000000,2.485280,2.204990,0.737000
-3.000000,44.000000,-8.920008,42.882507,-3.433876,-3.433876,0.000000,0.000000,0.000000,0.420000,2.018106,0.739000
-6.000000,49.000000,-31.538408,38.653759,12.651537,12.651537,0.000000,0.000000,0.000000,-1.414473,1.805231,0.735000
0.000000,53.000000,15.249740,-50.078285,-0.354742,-0.354742,0.000000,0.000000,0.000000,0.420000,1.533260,0.736000
20.000000,61.000000,168.072052,24.660456,-75.605591,-75.605591,0.000000,0.000000,0.000000,11.382811,1.151717,0.736000
0.000000,63.000000,28.917360,163.005493,-53.128838,-53.128838,0.000000,0.000000,0.000000,8.123681,0.573341,0.738000
0.000000,57.000000,23.912855,131.432556,-38.798752,-38.798752,0.000000,0.000000,0.000000,6.045819,0.255189,0.735000
1.000000,58.000000,10.189838,134.360306,-24.715498,-24.715498,0.000000,0.000000,0.000000,4.003747,0.433742,0.734000
4.000000,50.000000,10.741417,195.450333,-16.668110,-16.668110,0.000000,0.000000,0.000000,2.836876,0.821541,0.735000
5.000000,47.000000,4.566415,57.992729,-10.700413,-10.700413,0.000000,0.000000,0.000000,1.971560,1.336288,0.734000
2.000000,46.000000,-20.442019,-92.909790,2.477491,2.477491,0.000000,0.000000,0.000000,0.420000,1.817116,0.733000
5.000000,43.000000,5.872953,-43.035797,-1.667531,-1.667531,0.000000,0.000000,0.000000,0.420000,2.136988,0.734000
5.000000,42.000000,18.657732,-16.198490,-9.458908,-9.458908,0.000000,0.000000,0.000000,1.791542,2.191095,0.734000
2.000000,42.000000,12.526138,-114.674377,-11.871231,-11.871231,0.000000,0.000000,0.000000,2.141329,2.050013,0.732000
0.000000,50.000000,8.651528,-14.635495,-10.554085,-10.554085,0.000000,0.000000,0.000000,1.950342,1.848008,0.731000
0.000000,51.000000,14.977294,102.131416,-11.625346,-11.625346,0.000000,0.000000,0.000000,2.105675,1.523101,0.732000
0.000000,50.000000,16.258335,213.703506,-11.786860,-11.786860,0.000000,0.000000,0.000000,2.129095,1.102196,0.732000
1.000000,46.000000,21.097580,74.731979,-15.304096,-15.304096,0.000000,0.000000,0.000000,2.639094,0.850802,0.732000
1.000000,50.000000,14.841568,-18.851309,-15.265620,-15.265620,0.000000,0.000000,0.000000,2.633515,0.839892,0.732000
4.000000,40.000000,30.169577,72.907890,-21.316229,-21.316229,0.000000,0.000000,0.000000,3.510853,0.827665,0.731000
7.000000,37.000000,48.322918,126.357567,-32.332024,-32.332024,0.000000,0.000000,0.000000,5.108143,0.781886,0.732000
1.000000,43.000000,1.755246,114.925995,-17.538139,-17.538139,0.000000,0.000000,0.000000,2.963030,0.768209,0.731000
1.000000,39.000000,-2.165701,-4.362803,-8.710676,-8.710676,0.000000,0.000000,0.000000,1.683048,0.937326,0.730000
3.000000,41.000000,7.566611,31.646132,-7.911032,-7.911032,0.000000,0.000000,0.000000,0.420000,1.185279,0.728000
9.000000,44.000000,52.743084,165.108307,-26.599480,-26.599480,0.000000,0.000000,0.000000,4.276925,1.123244,0.729000
3.000000,44.000000,16.369234,-0.929144,-22.004232,-22.004232,0.000000,0.000000,0.000000,3.610614,1.048931,0.730000
1.000000,44.000000,8.577209,-33.838936,-16.266623,-16.266623,0.000000,0.000000,0.000000,2.778660,0.996710,0.730000
0.000000,47.000000,4.160248,90.159027,-10.007322,-10.007322,0.000000,0.000000,0.000000,1.871062,0.893096,0.729000
0.000000,51.000000,2.794912,190.693558,-5.045496,-5.045496,0.000000,0.000000,0.000000,0.420000,0.689593,0.730000
2.000000,51.000000,18.006594,168.553986,-9.361004,-9.361004,0.000000,0.000000,0.000000,1.777346,0.425491,0.731000
0.000000,36.000000,6.466700,87.365791,-7.272275,-7.272275,0.000000,0.000000,0.000000,0.420000,0.203566,0.732000
0.000000,36.000000,7.813267,-106.554642,-8.474713,-8.474713,0.000000,0.000000,0.000000,1.648833,0.110992,0.730000
5.000000,35.000000,44.122803,-71.238876,-25.157505,-25.157505,0.000000,0.000000,0.000000,4.067838,0.057487,0.731000
2.000000,37.000000,23.622726,96.123833,-23.601742,-23.601742,0.000000,0.000000,0.000000,3.842252,-0.125200,0.732000
0.000000,38.000000,8.661020,33.016487,-16.581268,-16.581268,0.000000,0.000000,0.000000,2.824284,-0.285805,0.733000
1.000000,37.000000,14.234869,18.497421,-15.358912,-15.358912,0.000000,0.000000,0.000000,2.647042,-0.347298,0.732000
3.000000,40.000000,21.788845,65.657211,-17.661465,-17.661465,0.000000,0.000000,0.000000,2.980912,-0.286991,0.731000
0.000000,39.000000,-5.596202,212.707642,-5.281147,-5.281147,0.000000,0.000000,0.000000,0.420000,-0.344258,0.731000
1.000000,43.000000,0.415256,277.394989,-0.594941,-0.594941,0.000000,0.000000,0.000000,0.420000,-0.442468,0.733000
2.000000,44.000000,9.928799,55.346218,-4.297061,-4.297061,0.000000,0.000000,0.000000,0.420000,-0.583634,0.732000
1.000000,42.000000,10.357538,-61.309292,-7.576059,-7.576059,0.000000,0.000000,0.000000,0.420000,-0.665959,0.732000
0.000000,34.000000,5.952839,21.195141,-7.065808,-7.065808,0.000000,0.000000,0.000000,0.420000,-0.768450,0.732000
-1.000000,39.000000,2.691528,-63.850060,-5.672032,-5.672032,0.000000,0.000000,0.000000,0.420000,-0.933647,0.731000
0.000000,38.000000,14.781901,-82.009712,-10.509561,-10.509561,0.000000,0.000000,0.000000,1.943886,-1.096568,0.730000
-1.000000,37.000000,11.718111,67.893608,-10.442367,-10.442367,0.000000,0.000000,0.000000,1.934143,-1.415143,0.731000
0.000000,37.000000,18.033087,97.466751,-12.980990,-12.980990,0.000000,0.000000,0.000000,2.302243,-1.700442,0.730000
0.000000,42.000000,10.246956,38.750713,-11.401918,-11.401918,0.000000,0.000000,0.000000,2.073278,-1.774029,0.730000
0.000000,37.000000,1.268977,-79.344475,-7.556195,-7.556195,0.000000,0.000000,0.000000,0.420000,-1.632375,0.729000
4.000000,43.000000,19.075022,-134.326721,-13.948607,-13.948607,0.000000,0.000000,0.000000,2.442548,-1.300541,0.730000
7.000000,46.000000,34.887737,-49.896149,-23.820280,-23.820280,0.000000,0.000000,0.000000,3.873941,-1.013047,0.728000
3.000000,46.000000,5.665388,-76.138893,-16.335829,-16.335829,0.000000,0.000000,0.000000,2.788695,-0.739106,0.729000
1.000000,43.000000,-5.617075,-127.216751,-7.601973,-7.601973,0.000000,0.000000,0.000000,0.420000,-0.485456,0.729000
1.000000,44.000000,-4.388321,8.400459,-2.130736,-2.130736,0.000000,0.000000,0.000000,0.420000,-0.290082,0.729000
3.000000,36.000000,10.646931,-24.011621,-6.179129,-6.179129,0.000000,0.000000,0.000000,0.420000,-0.142122,0.729000
8.000000,29.000000,48.092007,-220.521057,-9.957895,-9.957895,0.000000,0.000000,0.000000,1.863895,0.094395,0.729000
0.000000,36.000000,-3.691206,-109.694687,-4.803052,-4.803052,0.000000,0.000000,0.000000,0.420000,0.143344,0.727000
0.000000,37.000000,3.186733,-110.815804,-5.073050,-5.073050,0.000000,0.000000,0.000000,0.420000,0.117289,0.727000
0.000000,31.000000,12.359253,22.370104,-4.587127,-4.587127,0.000000,0.000000,0.000000,0.420000,-0.117261,0.727000
0.000000,37.000000,16.643175,155.032120,-8.617060,-8.617060,0.000000,0.000000,0.000000,1.669474,-0.422624,0.729000
-2.000000,47.000000,-0.031427,34.501118,-4.414731,-4.414731,0.000000,0.000000,0.000000,0.420000,-0.654136,0.729000
0.000000,45.000000,10.111750,170.045319,-5.447981,-5.447981,0.000000,0.000000,0.000000,0.420000,-0.850488,0.728000
1.000000,43.000000,14.302325,93.402802,-8.591811,-8.591811,0.000000,0.000000,0.000000,1.665812,-1.042198,0.728000
-1.000000,39.000000,1.267949,-27.851709,-5.546739,-5.546739,0.000000,0.000000,0.000000,0.420000,-1.189902,0.726000
0.000000,49.000000,8.759266,-50.337559,-7.445414,-7.445414,0.000000,0.000000,0.000000,0.420000,-1.258181,0.728000
1.000000,31.000000,11.060195,-206.965729,-10.962272,-10.962272,0.000000,0.000000,0.000000,2.009529,-1.072278,0.729000
1.000000,37.000000,7.618196,-79.469101,-10.172659,-10.172659,0.000000,0.000000,0.000000,1.895036,-0.902292,0.730000
2.000000,38.000000,13.253735,53.150993,-11.080784,-11.080784,0.000000,0.000000,0.000000,2.026714,-0.887555,0.731000
0.000000,32.000000,1.944750,175.436813,-7.786625,-7.786625,0.000000,0.000000,0.000000,0.420000,-1.055980,0.726000
0.000000,43.000000,0.978923,14.008707,-4.597081,-4.597081,0.000000,0.000000,0.000000,0.420000,-1.033000,0.727000
0.000000,36.000000,-3.888226,-30.354721,-1.051885,-1.051885,0.000000,0.000000,0.000000,0.420000,-0.882966,0.729000
2.000000,41.000000,7.990649,42.852768,-3.788654,-3.788654,0.000000,0.000000,0.000000,0.420000,-0.809081,0.732000
1.000000,51.000000,2.799251,-24.903519,-3.567554,-3.567554,0.000000,0.000000,0.000000,0.420000,-0.804708,0.730000
0.000000,48.000000,0.665338,3.232968,-2.232461,-2.232461,0.000000,0.000000,0.000000,0.420000,-0.863110,0.729000
5.000000,51.000000,38.963242,-201.387695,-20.573801,-20.573801,0.000000,0.000000,0.000000,3.403201,-0.836645,0.729000
1.000000,48.000000,10.790374,-43.258057,-16.560581,-16.560581,0.000000,0.000000,0.000000,2.821284,-0.848318,0.731000
3.000000,43.000000,20.599607,-4.728056,-18.420696,-18.420696,0.000000,0.000000,0.000000,3.091001,-0.746920,0.728000
2.000000,40.000000,10.341084,7.990977,-14.712952,-14.712952,0.000000,0.000000,0.000000,2.553378,-0.651522,0.727000
1.000000,37.000000,0.401220,116.174004,-7.227107,-7.227107,0.000000,0.000000,0.000000,0.420000,-0.583770,0.729000
1.000000,36.000000,-4.809365,76.249832,-1.124446,-1.124446,0.000000,0.000000,0.000000,0.420000,-0.418465,0.729000
1.000000,40.000000,-9.411532,103.175926,4.545328,4.545328,0.000000,0.000000,0.000000,0.420000,-0.212718,0.728000
8.000000,42.000000,43.413067,148.441177,-15.699980,-15.699980,0.000000,0.000000,0.000000,2.696497,-0.213353,0.727000
5.000000,43.000000,26.927084,-270.045441,-23.182583,-23.182583,0.000000,0.000000,0.000000,3.781475,-0.064775,0.727000
1.000000,47.000000,2.877371,-211.632385,-15.949928,-15.949928,0.000000,0.000000,0.000000,2.732740,0.209532,0.728000
0.000000,40.000000,-3.329887,0.539692,-7.269155,-7.269155,0.000000,0.000000,0.000000,0.420000,0.341643,0.726000
0.000000,48.000000,-7.667624,73.026703,0.109636,0.109636,0.000000,0.000000,0.000000,0.420000,0.482897,0.726000
1.000000,47.000000,-0.678580,67.957336,0.977277,0.977277,0.000000,0.000000,0.000000,0.420000,0.516654,0.727000
1.000000,47.000000,-3.476321,-238.882034,-0.048092,-0.048092,0.000000,0.000000,0.000000,0.420000,0.777297,0.726000
1.000000,34.000000,-2.258368,-256.913147,-4.579174,-4.579174,0.000000,0.000000,0.000000,0.420000,0.940901,0.724000
0.000000,39.000000,-2.362207,80.870598,-0.727717,-0.727717,0.000000,0.000000,0.000000,0.420000,0.876018,0.725000
0.000000,37.000000,3.457057,-75.845490,-2.638529,-2.638529,0.000000,0.000000,0.000000,0.420000,0.760024,0.724000
0.000000,40.000000,8.323975,-7.590420,-5.265294,-5.265294,0.000000,0.000000,0.000000,0.420000,0.646445,0.727000
-1.000000,39.000000,1.228429,149.105698,-2.106754,-2.106754,0.000000,0.000000,0.000000,0.420000,0.412597,0.728000
0.000000,42.000000,7.209517,-70.214493,-5.034927,-5.034927,0.000000,0.000000,0.000000,0.420000,0.292813,0.727000
0.000000,44.000000,9.947460,-50.092575,-7.696401,-7.696401,0.000000,0.000000,0.000000,0.420000,0.156891,0.728000
-2.000000,41.000000,-3.188904,-64.325119,-3.376940,-3.376940,0.000000,0.000000,0.000000,0.420000,0.067432,0.726000
-1.000000,43.000000,-1.876242,-97.998627,-1.894995,-1.894995,0.000000,0.000000,0.000000,0.420000,0.189306,0.725000
1.000000,49.000000,5.629834,-102.356522,-4.496882,-4.496882,0.000000,0.000000,0.000000,0.420000,0.345967,0.727000
0.000000,48.000000,-2.782907,-236.915466,-3.353216,-3.353216,0.000000,0.000000,0.000000,0.420000,0.486678,0.725000
0.000000,37.000000,0.459427,-91.471664,-2.874256,-2.874256,0.000000,0.000000,0.000000,0.420000,0.545765,0.726000
-2.000000,37.000000,-13.686291,-23.238369,4.368845,4.368845,0.000000,0.000000,0.000000,0.420000,0.623016,0.727000
0.000000,39.000000,-3.408443,34.420319,4.246447,4.246447,0.000000,0.000000,0.000000,0.420000,0.677657,0.729000
1.000000,35.000000,1.790875,37.872208,1.870502,1.870502,0.000000,0.000000,0.000000,0.420000,0.747268,0.728000
-2.000000,41.000000,-16.403656,208.480835,10.286749,10.286749,0.000000,0.000000,0.000000,-1.071579,0.540325,0.729000
0.000000,38.000000,0.476532,188.699936,7.141572,7.141572,0.000000,0.000000,0.000000,0.420000,0.354678,0.727000
0.000000,41.000000,1.412465,-20.358719,3.109027,3.109027,0.000000,0.000000,0.000000,0.420000,0.272652,0.728000
-2.000000,45.000000,-14.534574,-96.879364,7.378609,7.378609,0.000000,0.000000,0.000000,0.420000,0.412017,0.727000
0.000000,42.000000,0.350614,-131.021103,2.721269,2.721269,0.000000,0.000000,0.000000,0.420000,0.470523,0.725000
0.000000,45.000000,-1.401513,-79.890755,1.408362,1.408362,0.000000,0.000000,0.000000,0.420000,0.650040,0.724000
-1.000000,46.000000,-10.575563,-4.034236,5.497294,5.497294,0.000000,0.000000,0.000000,0.420000,0.726685,0.724000
-2.000000,34.000000,-16.224861,28.014236,5.892514,5.892514,0.000000,0.000000,0.000000,0.420000,0.698477,0.725000
0.000000,35.000000,-0.347653,-27.030586,3.154051,3.154051,0.000000,0.000000,0.000000,0.420000,0.676579,0.727000
0.000000,32.000000,1.467409,-90.019394,1.509336,1.509336,0.000000,0.000000,0.000000,0.420000,0.695959,0.725000
13.000000,40.000000,94.951973,-122.019379,-42.996426,-42.996426,0.000000,0.000000,0.000000,6.654481,0.777037,0.721000
3.000000,42.000000,23.913668,-1.032018,-34.418472,-34.418472,0.000000,0.000000,0.000000,5.410678,0.766429,0.722000
0.000000,38.000000,-3.751931,-43.499939,-17.633291,-17.633291,0.000000,0.000000,0.000000,2.976827,0.997146,0.723000
0.000000,43.000000,-17.862291,-277.217224,-4.155235,-4.155235,0.000000,0.000000,0.000000,0.420000,1.379441,0.722000
3.000000,42.000000,-4.325298,-107.497574,-1.306474,-1.306474,0.000000,0.000000,0.000000,0.420000,1.822700,0.720000
2.000000,44.000000,-13.650568,31.637550,5.708933,5.708933,0.000000,0.000000,0.000000,0.420000,2.233069,0.718000
3.000000,40.000000,-3.092565,-45.392086,4.123039,4.123039,0.000000,0.000000,0.000000,0.420000,2.517624,0.719000
-1.000000,50.000000,-21.171417,-67.706345,11.185452,11.185452,0.000000,0.000000,0.000000,-1.201891,2.584536,0.719000
-2.000000,39.000000,-15.250942,-293.207275,10.376058,10.376058,0.000000,0.000000,0.000000,-1.084528,2.468430,0.718000
-4.000000,41.000000,-15.474461,60.955353,13.218937,13.218937,0.000000,0.000000,0.000000,-1.496746,2.176431,0.720000
-2.000000,37.000000,7.947017,5.518720,3.743926,3.743926,0.000000,0.000000,0.000000,0.420000,1.758938,0.720000
1.000000,40.000000,32.112686,-39.534832,-12.747363,-12.747363,0.000000,0.000000,0.000000,2.268368,1.412542,0.719000
-5.000000,41.000000,-9.194405,-81.229599,-3.604633,-3.604633,0.000000,0.000000,0.000000,0.420000,1.036630,0.718000
-30.000000,38.000000,-186.647812,-103.200127,81.080170,81.080170,0.000000,0.000000,0.000000,-11.336624,0.754678,0.718000
-4.000000,39.000000,-6.979214,-42.266438,47.354343,47.354343,0.000000,0.000000,0.000000,-6.446380,0.650701,0.718000
-5.000000,48.000000,-14.236969,56.473793,32.959789,32.959789,0.000000,0.000000,0.000000,-4.359169,0.223916,0.719000
-9.000000,43.000000,-30.311066,51.717010,32.233315,32.233315,0.000000,0.000000,0.000000,-4.253830,-0.493091,0.717000
-8.000000,45.000000,-8.247490,59.919598,21.978970,21.978970,0.000000,0.000000,0.000000,-2.766950,-1.418925,0.717000
-9.000000,51.000000,-8.911173,43.809586,16.492748,16.492748,0.000000,0.000000,0.000000,-1.971449,-2.263449,0.715000
-7.000000,43.000000,2.820552,185.259125,9.469095,9.469095,0.000000,0.000000,0.000000,-0.953019,-3.044570,0.717000
-8.000000,47.000000,-16.830032,47.810833,13.211815,13.211815,0.000000,0.000000,0.000000,-1.495713,-3.510772,0.716000
-1.000000,43.000000,21.696018,-11.699327,-2.602005,-2.602005,0.000000,0.000000,0.000000,0.420000,-3.731556,0.717000
-2.000000,43.000000,1.121303,-215.116531,-3.871738,-3.871738,0.000000,0.000000,0.000000,0.420000,-3.675750,0.716000
0.000000,44.000000,1.165360,-123.930908,-3.769246,-3.769246,0.000000,0.000000,0.000000,0.420000,-3.338310,0.715000
0.000000,48.000000,-11.891814,-55.784813,2.776168,2.776168,0.000000,0.000000,0.000000,0.420000,-2.956548,0.716000
2.000000,49.000000,-6.090909,-14.259031,4.139470,4.139470,0.000000,0.000000,0.000000,0.420000,-2.591526,0.716000
4.000000,54.000000,5.093812,-106.962082,-0.978165,-0.978165,0.000000,0.000000,0.000000,0.420000,-2.187092,0.717000
3.000000,61.000000,-4.050717,-99.411682,0.390127,0.390127,0.000000,0.000000,0.000000,0.420000,-1.756181,0.717000
0.000000,53.000000,-25.379763,-210.289093,9.742860,9.742860,0.000000,0.000000,0.000000,-0.992715,-1.384533,0.719000
1.000000,53.000000,-15.940136,-5.458461,12.482508,12.482508,0.000000,0.000000,0.000000,-1.389964,-1.064532,0.718000
2.000000,49.000000,-3.643052,233.782669,10.608796,10.608796,0.000000,0.000000,0.000000,-1.118275,-1.130041,0.716000
0.000000,50.000000,-10.672877,324.963745,13.562306,13.562306,0.000000,0.000000,0.000000,-1.546534,-1.393153,0.719000
0.000000,49.000000,-5.116411,374.319672,13.130531,13.130531,0.000000,0.000000,0.000000,-1.483927,-1.760656,0.718000
-1.000000,47.000000,-10.679012,153.848618,13.411985,13.411985,0.000000,0.000000,0.000000,-1.524738,-1.963925,0.719000
-2.000000,48.000000,-15.061278,123.581161,15.266397,15.266397,0.000000,0.000000,0.000000,-1.793628,-2.107980,0.720000
1.000000,49.000000,10.206420,130.494385,4.978079,4.978079,0.000000,0.000000,0.000000,0.420000,-2.301888,0.719000
1.000000,53.000000,6.517792,-87.792953,-0.985199,-0.985199,0.000000,0.000000,0.000000,0.420000,-2.214297,0.719000
0.000000,53.000000,-4.504326,-69.402191,0.860467,0.860467,0.000000,0.000000,0.000000,0.420000,-2.065367,0.717000
0.000000,61.000000,-6.560916,-152.025909,2.057436,2.057436,0.000000,0.000000,0.000000,0.420000,-1.796759,0.718000
0.000000,53.000000,-8.431484,-192.756378,3.190950,3.190950,0.000000,0.000000,0.000000,0.420000,-1.457335,0.718000
1.000000,55.000000,-5.310542,-262.627563,1.781119,1.781119,0.000000,0.000000,0.000000,0.420000,-1.051649,0.721000
0.000000,50.000000,-14.135372,-12.890789,7.224515,7.224515,0.000000,0.000000,0.000000,0.420000,-0.760870,0.719000
0.000000,45.000000,-11.577598,80.200195,9.905204,9.905204,0.000000,0.000000,0.000000,-1.016255,-0.657912,0.719000
0.000000,46.000000,-9.415396,1.008850,9.693870,9.693870,0.000000,0.000000,0.000000,-0.985611,-0.586814,0.719000
3.000000,46.000000,17.384438,174.292557,-0.922736,-0.922736,0.000000,0.000000,0.000000,0.420000,-0.651370,0.719000
6.000000,41.000000,40.044304,186.919754,-16.845161,-16.845161,0.000000,0.000000,0.000000,2.862548,-0.764535,0.718000
2.000000,48.000000,12.998651,121.447021,-14.021208,-14.021208,0.000000,0.000000,0.000000,2.453075,-0.869021,0.717000
0.000000,52.000000,-1.306518,138.925171,-5.873405,-5.873405,0.000000,0.000000,0.000000,0.420000,-0.893498,0.720000
1.000000,54.000000,-1.335530,4.139105,-2.592133,-2.592133,0.000000,0.000000,0.000000,0.420000,-0.694212,0.720000
0.000000,58.000000,-14.935231,-152.501373,3.922668,3.922668,0.000000,0.000000,0.000000,0.420000,-0.327196,0.720000
1.000000,60.000000,-10.860476,-18.106770,6.881721,6.881721,0.000000,0.000000,0.000000,0.420000,-0.001860,0.720000
0.000000,60.000000,-16.701385,-40.071232,10.939928,10.939928,0.000000,0.000000,0.000000,-1.166290,0.252358,0.721000
1.000000,52.000000,-7.604185,4.001205,9.474854,9.474854,0.000000,0.000000,0.000000,-0.953854,0.431276,0.722000
0.000000,51.000000,-10.297649,31.020912,10.124300,10.124300,0.000000,0.000000,0.000000,-1.048023,0.502982,0.723000
-2.000000,48.000000,-19.331333,207.612122,16.135975,16.135975,0.000000,0.000000,0.000000,-1.919716,0.415570,0.723000
-1.000000,50.000000,-7.563502,229.750687,14.346119,14.346119,0.000000,0.000000,0.000000,-1.660187,0.151394,0.723000
2.000000,52.000000,12.954302,62.842197,2.626510,2.626510,0.000000,0.000000,0.000000,0.420000,0.098524,0.723000
11.000000,53.000000,75.545197,-97.159973,-33.425198,-33.425198,0.000000,0.000000,0.000000,5.266654,0.165676,0.724000
-1.000000,49.000000,-8.343674,-223.386459,-16.639683,-16.639683,0.000000,0.000000,0.000000,2.832754,0.293139,0.725000
0.000000,56.000000,-8.687191,-242.527451,-7.425336,-7.425336,0.000000,0.000000,0.000000,0.420000,0.871677,0.724000
6.000000,61.000000,19.276377,16.936157,-12.605879,-12.605879,0.000000,0.000000,0.000000,2.247852,1.467982,0.724000
2.000000,61.000000,-21.979614,209.641876,4.844368,4.844368,0.000000,0.000000,0.000000,0.420000,1.958283,0.724000
8.000000,53.000000,20.779974,55.846764,-6.183966,-6.183966,0.000000,0.000000,0.000000,0.420000,2.309753,0.723000
3.000000,59.000000,-7.169450,129.120773,0.987158,0.987158,0.000000,0.000000,0.000000,0.420000,2.482020,0.725000
0.000000,55.000000,-20.271442,85.769829,10.437014,10.437014,0.000000,0.000000,0.000000,-1.093367,2.653743,0.725000
1.000000,51.000000,-7.769808,231.104218,11.316709,11.316709,0.000000,0.000000,0.000000,-1.220923,2.620141,0.726000
1.000000,52.000000,-2.156810,310.753937,9.991540,9.991540,0.000000,0.000000,0.000000,-1.028773,2.456222,0.728000
-1.000000,52.000000,-10.444667,-23.430820,9.984570,9.984570,0.000000,0.000000,0.000000,-1.027763,2.347953,0.730000
-1.000000,47.000000,-5.024587,-134.391205,6.543057,6.543057,0.000000,0.000000,0.000000,0.420000,2.387063,0.731000
-3.000000,55.000000,-16.471582,-48.362007,10.575636,10.575636,0.000000,0.000000,0.000000,-1.113467,2.353861,0.731000
-3.000000,60.000000,-13.518696,37.514778,12.237646,12.237646,0.000000,0.000000,0.000000,-1.354459,2.220677,0.731000
-1.000000,58.000000,-0.034427,-43.265808,6.356805,6.356805,0.000000,0.000000,0.000000,0.420000,2.131731,0.732000
-3.000000,56.000000,-15.780577,28.802143,10.856722,10.856722,0.000000,0.000000,0.000000,-1.154225,2.047055,0.733000
-10.000000,56.000000,-66.610840,176.018326,37.530243,37.530243,0.000000,0.000000,0.000000,-5.021885,1.938470,0.732000
-2.000000,55.000000,-6.984149,4.929699,23.828869,23.828869,0.000000,0.000000,0.000000,-3.035186,1.810554,0.732000
-2.000000,50.000000,-1.311735,23.702478,13.909481,13.909481,0.000000,0.000000,0.000000,-1.596875,1.498949,0.734000
-4.000000,55.000000,-9.121778,195.352432,13.513187,13.513187,0.000000,0.000000,0.000000,-1.539412,1.066770,0.735000
-8.000000,54.000000,-38.030518,77.701218,25.245298,25.245298,0.000000,0.000000,0.000000,-3.240568,0.718793,0.736000
-4.000000,50.000000,-12.596411,265.485199,21.942665,21.942665,0.000000,0.000000,0.000000,-2.761686,0.395373,0.737000
-4.000000,55.000000,-15.575129,57.380341,19.593695,19.593695,0.000000,0.000000,0.000000,-2.421086,0.118862,0.735000
-6.000000,54.000000,-30.028481,-23.020153,24.082169,24.082169,0.000000,0.000000,0.000000,-3.071914,-0.078094,0.736000
-3.000000,57.000000,-11.949613,-20.752789,18.435743,18.435743,0.000000,0.000000,0.000000,-2.253183,-0.111413,0.736000
-1.000000,65.000000,-1.724280,-97.208725,10.040707,10.040707,0.000000,0.000000,0.000000,-1.035903,-0.110995,0.734000
-4.000000,61.000000,-24.432793,126.571098,17.656284,17.656284,0.000000,0.000000,0.000000,-2.140161,-0.270388,0.735000
-7.000000,62.000000,-44.677605,-84.345726,29.056767,29.056767,0.000000,0.000000,0.000000,-3.793231,-0.402632,0.737000
-2.000000,62.000000,-8.927425,-239.892670,17.839531,17.839531,0.000000,0.000000,0.000000,-2.166732,-0.383842,0.736000
-3.000000,57.000000,-17.581451,-345.939819,14.609937,14.609937,0.000000,0.000000,0.000000,-1.698441,-0.365899,0.736000
-3.000000,54.000000,-15.634280,20.134104,15.252099,15.252099,0.000000,0.000000,0.000000,-1.791554,-0.440191,0.736000
-3.000000,56.000000,-9.382296,424.394348,16.430237,16.430237,0.000000,0.000000,0.000000,-1.962384,-0.896708,0.737000
-2.000000,56.000000,-1.737906,26.615082,10.058224,10.058224,0.000000,0.000000,0.000000,-1.038442,-1.162236,0.735000
-4.000000,61.000000,-22.333834,-330.713989,12.605822,12.605822,0.000000,0.000000,0.000000,-1.407844,-1.121707,0.734000
-5.000000,59.000000,-32.102623,271.997742,23.827362,23.827362,0.000000,0.000000,0.000000,-3.034967,-1.247777,0.733000
-1.000000,62.000000,-8.453169,227.812103,18.959284,18.959284,0.000000,0.000000,0.000000,-2.329096,-1.481383,0.735000
-2.000000,67.000000,-17.970518,-122.999962,17.407339,17.407339,0.000000,0.000000,0.000000,-2.104064,-1.440775,0.732000
-3.000000,59.000000,-24.989676,-276.171448,18.333847,18.333847,0.000000,0.000000,0.000000,-2.238408,-1.143395,0.732000
-4.000000,64.000000,-31.098831,116.750824,25.128845,25.128845,0.000000,0.000000,0.000000,-3.223682,-1.108227,0.734000
-4.000000,60.000000,-31.559669,-14.378962,27.893307,27.893307,0.000000,0.000000,0.000000,-3.624529,-1.147067,0.735000
-3.000000,62.000000,-22.454899,-104.414642,24.506290,24.506290,0.000000,0.000000,0.000000,-3.133412,-1.107300,0.734000
-4.000000,59.000000,-24.046829,178.325241,25.904461,25.904461,0.000000,0.000000,0.000000,-3.336147,-1.325355,0.733000
-5.000000,62.000000,-26.444126,49.454464,26.592402,26.592402,0.000000,0.000000,0.000000,-3.435898,-1.604544,0.730000
-5.000000,62.000000,-24.780443,54.860523,26.270765,26.270765,0.000000,0.000000,0.000000,-3.389261,-1.805408,0.730000
-4.000000,55.000000,-20.279297,-193.509109,21.833021,21.833021,0.000000,0.000000,0.000000,-2.745788,-1.782504,0.728000
-4.000000,58.000000,-18.762020,-119.079834,19.379353,19.379353,0.000000,0.000000,0.000000,-2.390006,-1.783520,0.731000
-7.000000,61.000000,-40.217079,35.499695,29.075829,29.075829,0.000000,0.000000,0.000000,-3.795995,-1.893736,0.731000
-5.000000,61.000000,-27.467615,124.939064,29.476583,29.476583,0.000000,0.000000,0.000000,-3.854105,-2.087131,0.732000
-2.000000,67.000000,-12.215348,16.779720,21.860046,21.860046,0.000000,0.000000,0.000000,-2.749707,-2.098590,0.733000
-3.000000,59.000000,-23.805887,53.819462,23.220051,23.220051,0.000000,0.000000,0.000000,-2.946907,-2.081243,0.732000
-3.000000,67.000000,-25.421070,-54.875725,23.716627,23.716627,0.000000,0.000000,0.000000,-3.018911,-1.997817,0.731000
-4.000000,55.000000,-33.495445,18.922318,28.287395,28.287395,0.000000,0.000000,0.000000,-3.681672,-1.933748,0.732000
-2.000000,52.000000,-21.703545,3.208195,25.353537,25.353537,0.000000,0.000000,0.000000,-3.256263,-1.769140,0.731000
-1.000000,56.000000,-19.740005,-199.091034,21.035629,21.035629,0.000000,0.000000,0.000000,-2.630166,-1.414221,0.730000
-2.000000,61.000000,-23.473717,-3.959731,22.097132,22.097132,0.000000,0.000000,0.000000,-2.784084,-1.278284,0.729000
-4.000000,62.000000,-31.743706,30.547739,26.713018,26.713018,0.000000,0.000000,0.000000,-3.453387,-1.344263,0.729000
-6.000000,64.000000,-42.261971,-44.553421,33.309067,33.309067,0.000000,0.000000,0.000000,-4.409814,-1.381486,0.728000
-3.000000,64.000000,-20.040653,-29.762625,27.070417,27.070417,0.000000,0.000000,0.000000,-3.505210,-1.350881,0.728000
-2.000000,66.000000,-11.525971,-63.218792,19.506447,19.506447,0.000000,0.000000,0.000000,-2.408435,-1.415753,0.728000
-5.000000,68.000000,-26.735092,145.052765,24.064812,24.064812,0.000000,0.000000,0.000000,-3.069397,-1.653478,0.730000
-7.000000,69.000000,-38.899925,-43.915955,30.345369,30.345369,0.000000,0.000000,0.000000,-3.980078,-1.813695,0.731000
-2.000000,67.000000,-4.084688,-127.231880,17.382977,17.382977,0.000000,0.000000,0.000000,-2.100531,-1.852563,0.732000
-1.000000,57.000000,0.933241,-243.460388,6.949535,6.949535,0.000000,0.000000,0.000000,0.420000,-1.742740,0.731000
-3.000000,58.000000,-15.145705,-134.782242,9.424772,9.424772,0.000000,0.000000,0.000000,-0.946592,-1.658537,0.730000
-8.000000,56.000000,-52.390785,-108.895996,27.779413,27.779413,0.000000,0.000000,0.000000,-3.608015,-1.622646,0.728000
-2.000000,58.000000,-12.840552,-29.497322,20.791451,20.791451,0.000000,0.000000,0.000000,-2.594760,-1.556210,0.730000
-3.000000,60.000000,-23.892822,107.389534,23.153572,23.153572,0.000000,0.000000,0.000000,-2.937268,-1.538196,0.728000
-5.000000,64.000000,-37.874332,21.271158,29.969355,29.969355,0.000000,0.000000,0.000000,-3.925556,-1.546055,0.729000
-6.000000,62.000000,-42.549141,-210.940536,33.731792,33.731792,0.000000,0.000000,0.000000,-4.471110,-1.546193,0.729000
-4.000000,61.000000,-19.939802,-180.755417,25.898600,25.898600,0.000000,0.000000,0.000000,-3.335297,-1.578545,0.730000
-5.000000,63.000000,-21.368780,-38.596809,23.512810,23.512810,0.000000,0.000000,0.000000,-2.989357,-1.778258,0.731000
-9.000000,66.000000,-47.871712,-24.862602,34.250549,34.250549,0.000000,0.000000,0.000000,-4.546329,-2.026174,0.728000
-2.000000,63.000000,3.402956,-49.744495,16.858772,16.858772,0.000000,0.000000,0.000000,-2.024522,-2.260602,0.730000
0.000000,62.000000,19.313803,40.468174,0.945327,0.945327,0.000000,0.000000,0.000000,0.420000,-2.544066,0.730000
-7.000000,54.000000,-30.397209,2.392571,14.220207,14.220207,0.000000,0.000000,0.000000,-1.641930,-2.824176,0.729000
-10.000000,52.000000,-58.357735,-62.154442,33.522705,33.522705,0.000000,0.000000,0.000000,-4.440792,-2.850206,0.732000
0.000000,56.000000,2.357159,-27.452391,17.129694,17.129694,0.000000,0.000000,0.000000,-2.063806,-2.666068,0.731000
0.000000,56.000000,-6.369718,-99.745453,11.389996,11.389996,0.000000,0.000000,0.000000,-1.231549,-2.480153,0.732000
-5.000000,58.000000,-41.946747,-223.672165,23.127483,23.127483,0.000000,0.000000,0.000000,-2.933485,-2.257721,0.733000
-7.000000,60.000000,-51.398510,-59.951302,35.309883,35.309883,0.000000,0.000000,0.000000,-4.699933,-2.183298,0.734000
0.000000,64.000000,1.549760,36.761009,19.053894,19.053894,0.000000,0.000000,0.000000,-2.342814,-2.190948,0.735000
-1.000000,72.000000,-2.046639,149.575699,12.746811,12.746811,0.000000,0.000000,0.000000,-1.428288,-2.424831,0.738000
15.000000,64.000000,121.420097,-21.458553,-47.821419,-47.821419,0.000000,0.000000,0.000000,7.354105,-2.702196,0.735000
14.000000,73.000000,115.241478,-77.717346,-78.859901,-78.859901,0.000000,0.000000,0.000000,11.854686,-2.810714,0.736000
-4.000000,66.000000,-27.197758,-132.917801,-32.330215,-32.330215,0.000000,0.000000,0.000000,5.107881,-2.536451,0.737000
-2.000000,57.000000,-38.133896,-15.449419,-0.760408,-0.760408,0.000000,0.000000,0.000000,0.420000,-1.748976,0.739000
1.000000,60.000000,-44.152706,53.934231,19.935900,19.935900,0.000000,0.000000,0.000000,-2.470705,-0.777145,0.739000
7.000000,60.000000,-15.263250,18.567129,18.000311,18.000311,0.000000,0.000000,0.000000,-2.190045,0.196875,0.739000
-2.000000,60.000000,-76.458778,168.453766,45.822708,45.822708,0.000000,0.000000,0.000000,-6.224292,0.708494,0.738000
0.000000,62.000000,-38.938911,84.583771,43.486252,43.486252,0.000000,0.000000,0.000000,-5.885506,0.832728,0.741000
3.000000,58.000000,10.421038,34.806812,19.541235,19.541235,0.000000,0.000000,0.000000,-2.413479,0.567142,0.739000
0.000000,56.000000,18.749702,-50.638721,1.854565,1.854565,0.000000,0.000000,0.000000,0.420000,-0.051804,0.737000
-3.000000,60.000000,19.786541,-47.385105,-8.310399,-8.310399,0.000000,0.000000,0.000000,1.625008,-0.796763,0.739000
-5.000000,61.000000,11.977610,-40.835007,-10.328159,-10.328159,0.000000,0.000000,0.000000,1.917583,-1.421320,0.737000
-5.000000,69.000000,2.021723,-91.306747,-7.412024,-7.412024,0.000000,0.000000,0.000000,0.420000,-1.730098,0.736000
-5.000000,65.000000,-14.071907,33.454605,2.556836,2.556836,0.000000,0.000000,0.000000,0.420000,-1.843924,0.736000
0.000000,64.000000,7.695496,101.100807,-1.146806,-1.146806,0.000000,0.000000,0.000000,0.420000,-1.843781,0.735000
0.000000,58.000000,-5.934248,0.654408,2.045558,2.045558,0.000000,0.000000,0.000000,0.420000,-1.665939,0.735000
0.000000,54.000000,-13.922721,-198.320099,5.605401,5.605401,0.000000,0.000000,0.000000,0.420000,-1.272725,0.734000
1.000000,61.000000,-10.139644,-128.787857,6.486720,6.486720,0.000000,0.000000,0.000000,0.420000,-0.839123,0.734000
0.000000,59.000000,-12.961583,127.573669,10.548571,10.548571,0.000000,0.000000,0.000000,-1.109543,-0.779988,0.736000
-3.000000,61.000000,-29.014465,-121.184509,17.767561,17.767561,0.000000,0.000000,0.000000,-2.156296,-0.723943,0.734000
0.000000,63.000000,-4.212367,-69.535500,11.041903,11.041903,0.000000,0.000000,0.000000,-1.181076,-0.620293,0.736000
-2.000000,63.000000,-15.184908,-165.290176,11.418644,11.418644,0.000000,0.000000,0.000000,-1.235703,-0.564615,0.734000
-1.000000,63.000000,-2.013968,14.029488,7.312806,7.312806,0.000000,0.000000,0.000000,0.420000,-0.689498,0.734000
-7.000000,62.000000,-43.989902,-57.813046,23.297182,23.297182,0.000000,0.000000,0.000000,-2.958091,-0.748897,0.731000
-5.000000,62.000000,-33.038372,30.149632,27.952065,27.952065,0.000000,0.000000,0.000000,-3.633049,-0.714278,0.732000
-2.000000,58.000000,-16.921854,145.306534,24.296228,24.296228,0.000000,0.000000,0.000000,-3.102953,-0.645739,0.731000
0.000000,55.000000,-0.544832,234.550552,15.719055,15.719055,0.000000,0.000000,0.000000,-1.859263,-0.905685,0.731000
-1.000000,60.000000,-5.221461,-37.549614,10.657192,10.657192,0.000000,0.000000,0.000000,-1.125293,-1.060194,0.733000
-2.000000,62.000000,-8.642838,-191.685562,8.025563,8.025563,0.000000,0.000000,0.000000,-0.743707,-1.007205,0.728000
-2.000000,58.000000,-10.357461,-225.937912,7.041476,7.041476,0.000000,0.000000,0.000000,0.420000,-0.785896,0.729000
-4.000000,68.000000,-29.622463,-46.126900,16.787779,16.787779,0.000000,0.000000,0.000000,-2.014228,-0.619483,0.728000
-1.000000,63.000000,-7.737658,127.706718,13.864585,13.864585,0.000000,0.000000,0.000000,-1.590365,-0.679423,0.727000
0.000000,63.000000,-3.231941,9.804195,9.168133,9.168133,0.000000,0.000000,0.000000,-0.909379,-0.658673,0.729000
-1.000000,66.000000,-10.130952,-29.254110,9.338115,9.338115,0.000000,0.000000,0.000000,-0.934027,-0.570249,0.728000
0.000000,71.000000,-3.721988,59.891056,7.349878,7.349878,0.000000,0.000000,0.000000,0.420000,-0.530843,0.728000
-2.000000,66.000000,-15.719941,128.209259,12.270288,12.270288,0.000000,0.000000,0.000000,-1.359192,-0.627553,0.726000
0.000000,67.000000,-1.388539,-31.043457,7.094110,7.094110,0.000000,0.000000,0.000000,0.420000,-0.541653,0.726000
0.000000,58.000000,-6.899182,-125.529732,5.876626,5.876626,0.000000,0.000000,0.000000,0.420000,-0.357426,0.728000
0.000000,60.000000,-8.985559,-76.231117,6.589566,6.589566,0.000000,0.000000,0.000000,0.420000,-0.145897,0.728000
-1.000000,61.000000,-13.038773,93.216209,10.330654,10.330654,0.000000,0.000000,0.000000,-1.077945,-0.212098,0.726000
0.000000,63.000000,-3.884519,95.248688,8.287132,8.287132,0.000000,0.000000,0.000000,-0.781634,-0.210433,0.728000
-1.000000,64.000000,-12.991381,8.883595,10.483996,10.483996,0.000000,0.000000,0.000000,-1.100179,-0.132603,0.729000
0.000000,70.000000,-6.315101,-15.841143,8.465424,8.465424,0.000000,0.000000,0.000000,-0.807486,-0.034185,0.728000
-2.000000,70.000000,-16.427610,-240.708817,9.882029,9.882029,0.000000,0.000000,0.000000,-1.012894,0.024889,0.730000
-1.000000,70.000000,-2.656707,-76.917137,5.938380,5.938380,0.000000,0.000000,0.000000,0.420000,-0.039002,0.730000
-7.000000,69.000000,-45.154610,89.839188,24.394234,24.394234,0.000000,0.000000,0.000000,-3.117164,-0.149841,0.730000
-3.000000,71.000000,-16.478436,92.133369,21.661324,21.661324,0.000000,0.000000,0.000000,-2.720892,-0.301687,0.730000
-1.000000,64.000000,-3.081257,164.846771,14.783915,14.783915,0.000000,0.000000,0.000000,-1.723668,-0.493089,0.730000
-2.000000,64.000000,-9.094027,-13.563744,12.101392,12.101392,0.000000,0.000000,0.000000,-1.334702,-0.619941,0.730000
-2.000000,62.000000,-7.483310,-180.585876,8.397982,8.397982,0.000000,0.000000,0.000000,-0.797707,-0.635371,0.731000
-3.000000,65.000000,-11.557391,-25.209389,9.592832,9.592832,0.000000,0.000000,0.000000,-0.970961,-0.685831,0.731000
-5.000000,63.000000,-28.860563,-111.515236,17.259674,17.259674,0.000000,0.000000,0.000000,-2.082653,-0.706996,0.732000
-2.000000,63.000000,-7.797571,-186.592697,11.322393,11.322393,0.000000,0.000000,0.000000,-1.221747,-0.593052,0.733000
-1.000000,63.000000,-1.069439,60.912380,7.256775,7.256775,0.000000,0.000000,0.000000,0.420000,-0.641109,0.733000
0.000000,70.000000,2.318714,-136.008041,1.723733,1.723733,0.000000,0.000000,0.000000,0.420000,-0.578066,0.733000
-1.000000,69.000000,-6.795760,-112.925056,2.989820,2.989820,0.000000,0.000000,0.000000,0.420000,-0.483372,0.736000
0.000000,67.000000,0.339634,-18.722124,1.323066,1.323066,0.000000,0.000000,0.000000,0.420000,-0.420141,0.733000
0.000000,71.000000,-2.782902,-41.075840,1.610310,1.610310,0.000000,0.000000,0.000000,0.420000,-0.315865,0.733000
0.000000,62.000000,-8.055099,98.587090,5.397749,5.397749,0.000000,0.000000,0.000000,0.420000,-0.212684,0.732000
0.000000,61.000000,-9.363855,130.694107,8.358744,8.358744,0.000000,0.000000,0.000000,-0.792018,-0.157651,0.730000
0.000000,57.000000,-8.424986,-28.991083,8.127632,8.127632,0.000000,0.000000,0.000000,-0.758507,-0.078617,0.729000
0.000000,60.000000,-7.161762,-92.438232,6.861047,6.861047,0.000000,0.000000,0.000000,0.420000,0.103254,0.730000
0.000000,56.000000,-6.787867,-232.358246,4.736892,4.736892,0.000000,0.000000,0.000000,0.420000,0.364176,0.731000
0.000000,63.000000,-3.101574,-54.195908,3.513236,3.513236,0.000000,0.000000,0.000000,0.420000,0.449753,0.730000
0.000000,67.000000,0.996714,-35.483051,1.164411,1.164411,0.000000,0.000000,0.000000,0.420000,0.397853,0.729000
0.000000,67.000000,3.417575,43.684822,-0.504319,-0.504319,0.000000,0.000000,0.000000,0.420000,0.304967,0.731000
-1.000000,69.000000,-3.855887,-131.301651,0.276059,0.276059,0.000000,0.000000,0.000000,0.420000,0.296121,0.730000
0.000000,70.000000,2.127592,45.615780,-0.395042,-0.395042,0.000000,0.000000,0.000000,0.420000,0.291275,0.730000
-1.000000,73.000000,-7.995406,-85.003777,2.615625,2.615625,0.000000,0.000000,0.000000,0.420000,0.334447,0.729000
-4.000000,58.000000,-29.345074,-35.132160,14.327687,14.327687,0.000000,0.000000,0.000000,-1.657515,0.369402,0.729000
-2.000000,57.000000,-15.884711,-202.694763,13.204096,13.204096,0.000000,0.000000,0.000000,-1.494594,0.481219,0.729000
-1.000000,57.000000,-7.672104,-9.429691,10.629833,10.629833,0.000000,0.000000,0.000000,-1.121326,0.500880,0.729000
0.000000,61.000000,1.179854,61.351673,5.867639,5.867639,0.000000,0.000000,0.000000,0.420000,0.406647,0.727000
-1.000000,61.000000,-3.791741,3.572244,4.965635,4.965635,0.000000,0.000000,0.000000,0.420000,0.293534,0.727000
-3.000000,62.000000,-12.318256,229.457199,10.339430,10.339430,0.000000,0.000000,0.000000,-1.079217,-0.095304,0.730000
-1.000000,62.000000,4.619257,192.889755,5.344028,5.344028,0.000000,0.000000,0.000000,0.420000,-0.431167,0.729000
-2.000000,58.000000,-7.532109,153.284088,7.708221,7.708221,0.000000,0.000000,0.000000,0.420000,-0.665607,0.727000
0.000000,58.000000,-1.207589,-141.224960,3.511912,3.511912,0.000000,0.000000,0.000000,0.420000,-0.516943,0.729000
3.000000,59.000000,16.375765,-284.787109,-8.000626,-8.000626,0.000000,0.000000,0.000000,1.580091,-0.126789,0.728000
0.000000,65.000000,-7.074455,-137.044006,-2.450236,-2.450236,0.000000,0.000000,0.000000,0.420000,0.187267,0.727000
3.000000,62.000000,13.449870,50.023083,-6.949863,-6.949863,0.000000,0.000000,0.000000,0.420000,0.352597,0.728000
4.000000,57.000000,20.821400,194.963104,-11.437387,-11.437387,0.000000,0.000000,0.000000,2.078421,0.311080,0.729000
1.000000,48.000000,-0.835513,79.613602,-5.198061,-5.198061,0.000000,0.000000,0.000000,0.420000,0.283536,0.731000
3.000000,54.000000,14.302588,13.344848,-9.174994,-9.174994,0.000000,0.000000,0.000000,1.750374,0.389195,0.729000
0.000000,57.000000,-8.157823,149.929031,-0.025865,-0.025865,0.000000,0.000000,0.000000,0.420000,0.427272,0.729000
1.000000,55.000000,-1.141434,119.201965,1.572237,1.572237,0.000000,0.000000,0.000000,0.420000,0.444471,0.728000
0.000000,64.000000,-9.424271,-20.297119,4.922978,4.922978,0.000000,0.000000,0.000000,0.420000,0.535882,0.728000
0.000000,58.000000,-7.002361,29.783773,6.126755,6.126755,0.000000,0.000000,0.000000,0.420000,0.590137,0.727000
-1.000000,62.000000,-11.804853,-20.748619,8.495161,8.495161,0.000000,0.000000,0.000000,-0.811798,0.605391,0.725000
-2.000000,60.000000,-16.678057,-94.801331,11.324252,11.324252,0.000000,0.000000,0.000000,-1.222017,0.660175,0.726000
-3.000000,63.000000,-22.353043,-29.892399,16.018175,16.018175,0.000000,0.000000,0.000000,-1.902635,0.684014,0.727000
0.000000,64.000000,3.854680,-25.731285,6.843808,6.843808,0.000000,0.000000,0.000000,0.420000,0.583842,0.728000
0.000000,53.000000,8.438252,-6.872510,-0.094972,-0.094972,0.000000,0.000000,0.000000,0.420000,0.445379,0.728000
-2.000000,55.000000,-1.486875,140.389923,1.880368,1.880368,0.000000,0.000000,0.000000,0.420000,0.069684,0.729000
1.000000,54.000000,19.330906,107.916641,-6.693455,-6.693455,0.000000,0.000000,0.000000,0.420000,-0.123693,0.727000
0.000000,56.000000,6.037386,88.527946,-5.601472,-5.601472,0.000000,0.000000,0.000000,0.420000,-0.239112,0.724000
-4.000000,50.000000,-28.666210,-129.764923,8.651101,8.651101,0.000000,0.000000,0.000000,-0.834410,-0.090602,0.724000
0.000000,58.000000,-7.415023,-160.084106,6.654109,6.654109,0.000000,0.000000,0.000000,0.420000,0.266839,0.728000
0.000000,60.000000,-10.904511,-191.931107,6.839410,6.839410,0.000000,0.000000,0.000000,0.420000,0.627131,0.725000
0.000000,61.000000,-11.618667,53.105690,9.468027,9.468027,0.000000,0.000000,0.000000,-0.952864,0.840865,0.723000
-1.000000,61.000000,-16.847691,51.660313,13.253818,13.253818,0.000000,0.000000,0.000000,-1.501804,0.863048,0.723000
2.000000,62.000000,6.476230,39.015369,4.726435,4.726435,0.000000,0.000000,0.000000,0.420000,0.897915,0.722000
-1.000000,58.000000,-9.957737,27.249868,7.325769,7.325769,0.000000,0.000000,0.000000,0.420000,0.811445,0.719000
-1.000000,55.000000,-9.045399,122.631279,9.203284,9.203284,0.000000,0.000000,0.000000,-0.914476,0.800495,0.721000
2.000000,61.000000,10.235461,14.308466,0.584625,0.584625,0.000000,0.000000,0.000000,0.420000,0.855207,0.720000
-3.000000,57.000000,-27.781969,75.775185,13.505406,13.505406,0.000000,0.000000,0.000000,-1.538284,0.912725,0.720000
-2.000000,59.000000,-19.976515,83.283714,17.166958,17.166958,0.000000,0.000000,0.000000,-2.069209,0.899575,0.718000
-1.000000,60.000000,-11.893723,155.648743,16.194839,16.194839,0.000000,0.000000,0.000000,-1.928252,0.816828,0.717000
0.000000,61.000000,-3.547832,122.779243,11.608700,11.608700,0.000000,0.000000,0.000000,-1.263261,0.675388,0.715000
-1.000000,64.000000,-7.262219,-126.688171,8.512589,8.512589,0.000000,0.000000,0.000000,-0.814325,0.640135,0.715000
0.000000,69.000000,1.196347,-64.043304,3.567179,3.567179,0.000000,0.000000,0.000000,0.420000,0.667481,0.715000
-3.000000,72.000000,-20.707743,-186.133072,9.605235,9.605235,0.000000,0.000000,0.000000,-0.972759,0.750832,0.712000
-1.000000,77.000000,-10.315311,-102.796242,8.999603,8.999603,0.000000,0.000000,0.000000,-0.884943,0.919023,0.710000
-3.000000,76.000000,-28.464291,-194.091705,16.011889,16.011889,0.000000,0.000000,0.000000,-1.901724,1.102894,0.711000
-1.000000,61.000000,-13.313871,-95.073997,13.942115,13.942115,0.000000,0.000000,0.000000,-1.601607,1.189428,0.708000
-3.000000,61.000000,-25.300381,-137.337143,17.817299,17.817299,0.000000,0.000000,0.000000,-2.163508,1.258909,0.707000
-2.000000,67.000000,-12.095661,-51.253769,14.781278,14.781278,0.000000,0.000000,0.000000,-1.723285,1.223503,0.706000
-5.000000,66.000000,-27.757492,124.719421,21.743048,21.743048,0.000000,0.000000,0.000000,-2.732742,0.954467,0.705000
-7.000000,57.000000,-38.951126,121.194618,30.577435,30.577435,0.000000,0.000000,0.000000,-4.013728,0.654699,0.705000
-5.000000,62.000000,-23.313805,-161.011932,25.859694,25.859694,0.000000,0.000000,0.000000,-3.329655,0.500828,0.705000
-5.000000,68.000000,-18.769669,12.085017,22.777948,22.777948,0.000000,0.000000,0.000000,-2.882802,0.254054,0.705000
-7.000000,65.000000,-30.476498,-101.557564,25.328278,25.328278,0.000000,0.000000,0.000000,-3.252600,-0.004472,0.705000
-3.000000,68.000000,-2.740044,-244.560852,12.962525,12.962525,0.000000,0.000000,0.000000,-1.459566,-0.058917,0.707000
-3.000000,70.000000,-1.568826,-5.900342,7.782258,7.782258,0.000000,0.000000,0.000000,0.420000,-0.308585,0.705000
-5.000000,71.000000,-12.478172,33.418621,10.196187,10.196187,0.000000,0.000000,0.000000,-1.058447,-0.660510,0.706000
-2.000000,57.000000,5.548287,-145.690674,1.799958,1.799958,0.000000,0.000000,0.000000,0.420000,-0.747044,0.706000
-4.000000,60.000000,-17.334084,-23.833168,8.575815,8.575815,0.000000,0.000000,0.000000,-0.823493,-0.694972,0.705000
0.000000,57.000000,2.443238,-103.523415,2.685531,2.685531,0.000000,0.000000,0.000000,0.420000,-0.628298,0.704000
0.000000,59.000000,-1.705018,-178.671509,0.636257,0.636257,0.000000,0.000000,0.000000,0.420000,-0.401950,0.707000
0.000000,61.000000,-2.444064,50.610336,1.905263,1.905263,0.000000,0.000000,0.000000,0.420000,-0.300164,0.706000
1.000000,58.000000,0.472142,-84.180222,0.077809,0.077809,0.000000,0.000000,0.000000,0.420000,-0.108216,0.707000
7.000000,64.000000,38.945156,48.890987,-17.042505,-17.042505,0.000000,0.000000,0.000000,2.891163,0.022946,0.707000
0.000000,67.000000,-8.934686,156.596817,-3.943398,-3.943398,0.000000,0.000000,0.000000,0.420000,0.043117,0.706000
2.000000,71.000000,6.749850,-33.910076,-5.511493,-5.511493,0.000000,0.000000,0.000000,0.420000,0.105566,0.709000
0.000000,71.000000,-6.634470,-1.525594,-0.059540,-0.059540,0.000000,0.000000,0.000000,0.420000,0.220647,0.707000
0.000000,65.000000,-9.278244,74.556816,4.813474,4.813474,0.000000,0.000000,0.000000,0.420000,0.375497,0.708000
3.000000,63.000000,10.326505,-8.182018,-2.073154,-2.073154,0.000000,0.000000,0.000000,0.420000,0.517862,0.709000
5.000000,59.000000,27.996168,-21.583729,-13.932763,-13.932763,0.000000,0.000000,0.000000,2.440251,0.541970,0.708000
0.000000,61.000000,-3.598554,-141.660507,-7.318614,-7.318614,0.000000,0.000000,0.000000,0.420000,0.648441,0.708000
0.000000,57.000000,-1.680865,19.756781,-3.091038,-3.091038,0.000000,0.000000,0.000000,0.420000,0.719794,0.708000
-1.000000,60.000000,-13.863750,-45.591354,4.128294,4.128294,0.000000,0.000000,0.000000,0.420000,0.947181,0.708000
-2.000000,65.000000,-23.951160,-132.385437,11.857117,11.857117,0.000000,0.000000,0.000000,-1.299282,1.176676,0.708000
-2.000000,67.000000,-19.686464,-19.091631,15.208498,15.208498,0.000000,0.000000,0.000000,-1.785232,1.264068,0.708000
0.000000,69.000000,-0.209217,-16.550999,8.309862,8.309862,0.000000,0.000000,0.000000,-0.784930,1.219216,0.706000
0.000000,70.000000,2.587302,23.143967,3.614434,3.614434,0.000000,0.000000,0.000000,0.420000,1.110154,0.706000
-8.000000,74.000000,-48.726204,91.657089,24.739645,24.739645,0.000000,0.000000,0.000000,-3.167248,0.852154,0.707000
-6.000000,69.000000,-31.104990,-126.984993,26.461185,26.461185,0.000000,0.000000,0.000000,-3.416872,0.722565,0.706000
-3.000000,60.000000,-6.802736,-15.228849,17.477823,17.477823,0.000000,0.000000,0.000000,-2.114284,0.554820,0.707000
-7.000000,58.000000,-30.761713,99.967865,24.355284,24.355284,0.000000,0.000000,0.000000,-3.111516,0.192844,0.705000
-6.000000,53.000000,-22.681398,-32.270416,23.311602,23.311602,0.000000,0.000000,0.000000,-2.960182,-0.124406,0.703000
-4.000000,58.000000,-8.414717,-122.858032,15.502281,15.502281,0.000000,0.000000,0.000000,-1.827831,-0.283144,0.702000
-9.000000,53.000000,-41.904182,-139.017487,26.131979,26.131979,0.000000,0.000000,0.000000,-3.369137,-0.442877,0.701000
-3.000000,60.000000,2.802263,39.625019,13.468195,13.468195,0.000000,0.000000,0.000000,-1.532888,-0.782556,0.701000
-4.000000,63.000000,-10.302821,-72.567070,11.390674,11.390674,0.000000,0.000000,0.000000,-1.231648,-0.853667,0.700000
-5.000000,61.000000,-24.561501,-230.675659,15.241465,15.241465,0.000000,0.000000,0.000000,-1.790012,-0.794741,0.699000
-1.000000,68.000000,1.756647,36.742573,7.922998,7.922998,0.000000,0.000000,0.000000,0.420000,-0.857322,0.700000
-1.000000,67.000000,2.629938,14.434454,3.304087,3.304087,0.000000,0.000000,0.000000,0.420000,-1.009329,0.699000
-3.000000,67.000000,-15.330480,-103.940979,7.780495,7.780495,0.000000,0.000000,0.000000,0.420000,-0.936425,0.700000
0.000000,54.000000,-4.088309,8.608824,6.196491,6.196491,0.000000,0.000000,0.000000,0.420000,-0.737201,0.698000
4.000000,53.000000,17.111881,-142.866455,-5.578073,-5.578073,0.000000,0.000000,0.000000,0.420000,-0.459145,0.700000
5.000000,54.000000,20.275667,-266.578339,-14.591194,-14.591194,0.000000,0.000000,0.000000,2.535723,-0.037180,0.702000
2.000000,56.000000,-0.897085,-54.880558,-8.115393,-8.115393,0.000000,0.000000,0.000000,1.596732,0.314324,0.702000
0.000000,58.000000,-16.429224,-3.214110,2.900757,2.900757,0.000000,0.000000,0.000000,0.420000,0.584871,0.703000
2.000000,58.000000,-5.130724,-6.263696,3.847869,3.847869,0.000000,0.000000,0.000000,0.420000,0.857029,0.701000
1.000000,61.000000,-9.375086,132.943695,7.531610,7.531610,0.000000,0.000000,0.000000,0.420000,0.978598,0.701000
0.000000,63.000000,-11.638582,239.191315,11.532469,11.532469,0.000000,0.000000,0.000000,-1.252208,0.919528,0.703000
7.000000,68.000000,41.033237,227.888916,-10.071098,-10.071098,0.000000,0.000000,0.000000,1.880309,0.797755,0.702000
1.000000,71.000000,0.664486,-25.686016,-6.069297,-6.069297,0.000000,0.000000,0.000000,0.420000,0.809486,0.704000
3.000000,72.000000,19.084986,29.243603,-11.663165,-11.663165,0.000000,0.000000,0.000000,2.111159,0.789302,0.704000
2.000000,59.000000,11.186955,-85.939499,-12.222326,-12.222326,0.000000,0.000000,0.000000,2.192237,0.922161,0.704000
1.000000,63.000000,2.439145,-178.692200,-9.428124,-9.428124,0.000000,0.000000,0.000000,1.787078,1.152238,0.704000
0.000000,58.000000,-5.548848,-8.321376,-2.763380,-2.763380,0.000000,0.000000,0.000000,0.420000,1.309618,0.704000
-4.000000,60.000000,-36.170269,-37.686817,14.417580,14.417580,0.000000,0.000000,0.000000,-1.670549,1.513148,0.705000
0.000000,60.000000,-9.673759,-80.049744,11.562412,11.562412,0.000000,0.000000,0.000000,-1.256550,1.686338,0.705000
0.000000,67.000000,-3.923462,-128.173401,6.971324,6.971324,0.000000,0.000000,0.000000,0.420000,1.748110,0.706000
1.000000,70.000000,10.386252,-151.549728,-2.203532,-2.203532,0.000000,0.000000,0.000000,0.420000,1.720212,0.704000
-2.000000,68.000000,-4.674670,-151.577011,-0.472534,-0.472534,0.000000,0.000000,0.000000,0.420000,1.654136,0.703000
-3.000000,75.000000,-7.004499,12.963043,3.008798,3.008798,0.000000,0.000000,0.000000,0.420000,1.444490,0.703000
0.000000,69.000000,14.296429,91.720673,-3.953068,-3.953068,0.000000,0.000000,0.000000,0.420000,1.199467,0.703000
-2.000000,70.000000,-0.609363,120.475502,-0.815695,-0.815695,0.000000,0.000000,0.000000,0.420000,0.902744,0.704000
-1.000000,61.000000,1.991620,-44.989956,-1.749771,-1.749771,0.000000,0.000000,0.000000,0.420000,0.813134,0.703000
-3.000000,64.000000,-14.513278,63.929859,6.143970,6.143970,0.000000,0.000000,0.000000,0.420000,0.736033,0.702000
0.000000,61.000000,5.869413,-56.228722,0.231889,0.231889,0.000000,0.000000,0.000000,0.420000,0.643606,0.703000
-1.000000,66.000000,-2.099840,-111.746994,0.066744,0.066744,0.000000,0.000000,0.000000,0.420000,0.662356,0.703000
0.000000,71.000000,2.040052,-26.071741,-1.115960,-1.115960,0.000000,0.000000,0.000000,0.420000,0.697511,0.704000
0.000000,66.000000,0.394727,14.876030,-0.657521,-0.657521,0.000000,0.000000,0.000000,0.420000,0.720393,0.704000
0.000000,69.000000,1.059509,152.625839,0.535217,0.535217,0.000000,0.000000,0.000000,0.420000,0.621862,0.703000
0.000000,69.000000,1.375091,74.369644,0.344905,0.344905,0.000000,0.000000,0.000000,0.420000,0.511586,0.703000
0.000000,79.000000,1.329192,33.750423,-0.104685,-0.104685,0.000000,0.000000,0.000000,0.420000,0.443891,0.702000
0.000000,72.000000,-1.346689,-56.933651,0.036031,0.036031,0.000000,0.000000,0.000000,0.420000,0.538776,0.701000
1.000000,73.000000,1.482836,-210.695267,-2.543716,-2.543716,0.000000,0.000000,0.000000,0.420000,0.839053,0.703000
0.000000,66.000000,-6.572267,-171.893677,0.011433,0.011433,0.000000,0.000000,0.000000,0.420000,1.110111,0.705000
2.000000,73.000000,7.612423,-72.922188,-4.075603,-4.075603,0.000000,0.000000,0.000000,0.420000,1.310544,0.705000
1.000000,69.000000,2.485016,42.549561,-2.976892,-2.976892,0.000000,0.000000,0.000000,0.420000,1.302412,0.704000
1.000000,66.000000,2.898767,-94.860611,-3.795481,-3.795481,0.000000,0.000000,0.000000,0.420000,1.406114,0.703000
0.000000,70.000000,-2.443345,-66.187836,-1.583700,-1.583700,0.000000,0.000000,0.000000,0.420000,1.482316,0.704000
2.000000,70.000000,11.167788,-149.351791,-7.240705,-7.240705,0.000000,0.000000,0.000000,0.420000,1.601334,0.702000
0.000000,70.000000,-3.582308,-158.291718,-3.794975,-3.794975,0.000000,0.000000,0.000000,0.420000,1.780016,0.702000
0.000000,74.000000,-2.301363,-54.277130,-1.540117,-1.540117,0.000000,0.000000,0.000000,0.420000,1.855135,0.702000
0.000000,79.000000,-0.882131,-36.003822,-0.774140,-0.774140,0.000000,0.000000,0.000000,0.420000,1.886301,0.703000
0.000000,76.000000,1.659290,-0.673337,-1.178517,-1.178517,0.000000,0.000000,0.000000,0.420000,1.835201,0.702000
0.000000,76.000000,1.633463,-139.405273,-2.637890,-2.637890,0.000000,0.000000,0.000000,0.420000,1.931934,0.704000
0.000000,63.000000,2.006710,-9.611626,-2.440364,-2.440364,0.000000,0.000000,0.000000,0.420000,1.947591,0.702000
0.000000,65.000000,3.159811,-21.688377,-2.959311,-2.959311,0.000000,0.000000,0.000000,0.420000,1.911948,0.702000
1.000000,68.000000,11.661694,-113.231300,-7.894464,-7.894464,0.000000,0.000000,0.000000,0.420000,1.891184,0.701000
1.000000,67.000000,13.693592,-122.706383,-11.608429,-11.608429,0.000000,0.000000,0.000000,2.103222,1.933752,0.702000
1.000000,69.000000,14.517604,-72.069214,-13.566180,-13.566180,0.000000,0.000000,0.000000,2.387096,1.915184,0.701000
2.000000,75.000000,18.423641,92.118263,-14.922974,-14.922974,0.000000,0.000000,0.000000,2.583831,1.887820,0.703000
3.000000,79.000000,18.620728,13.878270,-16.462059,-16.462059,0.000000,0.000000,0.000000,2.806998,1.963093,0.703000
3.000000,80.000000,13.603920,-131.746674,-16.361616,-16.361616,0.000000,0.000000,0.000000,2.792434,2.153296,0.704000
4.000000,89.000000,18.680647,-99.248985,-18.298422,-18.298422,0.000000,0.000000,0.000000,3.073271,2.401287,0.704000
2.000000,87.000000,-0.001171,12.328314,-9.952650,-9.952650,0.000000,0.000000,0.000000,1.863134,2.687512,0.700000
5.000000,88.000000,18.871836,354.010162,-10.780191,-10.780191,0.000000,0.000000,0.000000,1.983128,2.916149,0.701000
2.000000,81.000000,-2.876368,319.411896,-1.760033,-1.760033,0.000000,0.000000,0.000000,0.420000,3.037311,0.701000
1.000000,85.000000,-5.931802,149.627792,3.047943,3.047943,0.000000,0.000000,0.000000,0.420000,2.941139,0.700000
2.000000,81.000000,4.015218,15.443633,0.008513,0.008513,0.000000,0.000000,0.000000,0.420000,2.990968,0.701000
1.000000,88.000000,0.378731,-28.414358,-0.421476,-0.421476,0.000000,0.000000,0.000000,0.420000,3.050244,0.701000
0.000000,91.000000,-1.173636,-37.354649,-0.039867,-0.039867,0.000000,0.000000,0.000000,0.420000,3.016949,0.700000
0.000000,87.000000,5.277083,60.465473,-1.852425,-1.852425,0.000000,0.000000,0.000000,0.420000,2.831072,0.702000
7.000000,95.000000,58.011238,159.695801,-25.686630,-25.686630,0.000000,0.000000,0.000000,4.144561,2.530426,0.701000
0.000000,94.000000,8.627253,-47.308697,-18.435688,-18.435688,0.000000,0.000000,0.000000,3.093175,2.414628,0.702000
0.000000,87.000000,7.052372,-62.671638,-13.877241,-13.877241,0.000000,0.000000,0.000000,2.432200,2.400455,0.703000
1.000000,91.000000,9.907399,184.161667,-10.433357,-10.433357,0.000000,0.000000,0.000000,1.932837,2.306953,0.703000
2.000000,94.000000,10.813940,88.975540,-9.803840,-9.803840,0.000000,0.000000,0.000000,1.841557,2.287867,0.705000
1.000000,93.000000,-1.541736,-50.640945,-5.154099,-5.154099,0.000000,0.000000,0.000000,0.420000,2.486698,0.703000
2.000000,87.000000,5.207504,77.473297,-4.480872,-4.480872,0.000000,0.000000,0.000000,0.420000,2.553912,0.704000
2.000000,89.000000,5.479953,50.400951,-4.476850,-4.476850,0.000000,0.000000,0.000000,0.420000,2.585386,0.702000
0.000000,90.000000,-4.121868,90.126411,0.203711,0.203711,0.000000,0.000000,0.000000,0.420000,2.473589,0.705000
1.000000,93.000000,7.876151,26.489189,-3.193824,-3.193824,0.000000,0.000000,0.000000,0.420000,2.367547,0.708000
0.000000,87.000000,4.221297,99.025620,-2.764956,-2.764956,0.000000,0.000000,0.000000,0.420000,2.190858,0.708000
1.000000,93.000000,14.575415,112.474785,-7.067389,-7.067389,0.000000,0.000000,0.000000,0.420000,1.925107,0.708000
-1.000000,87.000000,2.933196,200.895462,-3.398943,-3.398943,0.000000,0.000000,0.000000,0.420000,1.586295,0.708000
1.000000,96.000000,16.804869,167.559097,-7.923578,-7.923578,0.000000,0.000000,0.000000,0.420000,1.269860,0.710000
1.000000,98.000000,13.657037,92.099937,-9.674735,-9.674735,0.000000,0.000000,0.000000,1.822837,1.126729,0.711000
1.000000,96.000000,11.905558,1.344965,-10.666501,-10.666501,0.000000,0.000000,0.000000,1.966643,1.014536,0.711000
2.000000,101.000000,17.469877,-117.145256,-14.782328,-14.782328,0.000000,0.000000,0.000000,2.563437,1.088350,0.711000
1.000000,90.000000,8.227263,-91.215324,-12.653486,-12.653486,0.000000,0.000000,0.000000,2.254755,1.194405,0.711000
0.000000,91.000000,-2.811043,-41.069004,-6.064070,-6.064070,0.000000,0.000000,0.000000,0.420000,1.331401,0.712000
4.000000,99.000000,22.626051,-51.336807,-13.978992,-13.978992,0.000000,0.000000,0.000000,2.446954,1.440859,0.711000
2.000000,92.000000,9.920130,-0.763522,-12.159376,-12.159376,0.000000,0.000000,0.000000,2.183110,1.481793,0.711000
2.000000,98.000000,11.328547,-40.096123,-12.146368,-12.146368,0.000000,0.000000,0.000000,2.181223,1.532186,0.712000
3.000000,96.000000,18.262526,-47.596806,-15.327009,-15.327009,0.000000,0.000000,0.000000,2.642416,1.636377,0.714000
3.000000,103.000000,17.555466,77.244301,-15.634616,-15.634616,0.000000,0.000000,0.000000,2.687019,1.657154,0.713000
2.000000,110.000000,10.937877,-28.979057,-13.781895,-13.781895,0.000000,0.000000,0.000000,2.418375,1.674601,0.713000
1.000000,114.000000,5.174117,4.080128,-9.871674,-9.871674,0.000000,0.000000,0.000000,1.851393,1.704123,0.715000
3.000000,111.000000,18.252096,59.776936,-13.104871,-13.104871,0.000000,0.000000,0.000000,2.320206,1.723603,0.715000
3.000000,109.000000,13.563972,18.898853,-13.141376,-13.141376,0.000000,0.000000,0.000000,2.325500,1.845432,0.713000
2.000000,105.000000,5.044092,-154.083557,-10.884351,-10.884351,0.000000,0.000000,0.000000,1.998231,2.076489,0.712000
2.000000,104.000000,9.085569,-143.650040,-11.367749,-11.367749,0.000000,0.000000,0.000000,2.068324,2.221081,0.712000
2.000000,101.000000,13.440540,-53.072670,-12.778159,-12.778159,0.000000,0.000000,0.000000,2.272833,2.277457,0.711000
2.000000,106.000000,13.898203,135.900528,-12.059074,-12.059074,0.000000,0.000000,0.000000,2.168566,2.192286,0.711000
2.000000,103.000000,12.060818,164.155243,-10.582462,-10.582462,0.000000,0.000000,0.000000,1.954457,2.136624,0.710000
1.000000,104.000000,7.625091,178.990158,-7.640734,-7.640734,0.000000,0.000000,0.000000,0.420000,1.985961,0.711000
0.000000,108.000000,3.807197,91.936958,-5.088210,-5.088210,0.000000,0.000000,0.000000,0.420000,1.852142,0.710000
1.000000,107.000000,11.339066,139.589905,-6.644786,-6.644786,0.000000,0.000000,0.000000,0.420000,1.704928,0.709000
3.000000,113.000000,23.377523,89.528336,-13.368763,-13.368763,0.000000,0.000000,0.000000,2.358471,1.623956,0.708000
0.000000,114.000000,3.079635,83.978462,-7.982849,-7.982849,0.000000,0.000000,0.000000,0.420000,1.465854,0.709000
0.000000,115.000000,4.075303,-17.006525,-6.377512,-6.377512,0.000000,0.000000,0.000000,0.420000,1.400570,0.707000
2.000000,105.000000,17.670811,-24.831036,-11.682976,-11.682976,0.000000,0.000000,0.000000,2.114032,1.347959,0.707000
1.000000,104.000000,10.362617,58.171696,-10.565269,-10.565269,0.000000,0.000000,0.000000,1.951964,1.270122,0.705000
1.000000,103.000000,8.407781,113.986160,-8.568523,-8.568523,0.000000,0.000000,0.000000,1.662436,1.149024,0.707000
1.000000,103.000000,6.803654,132.017380,-6.586176,-6.586176,0.000000,0.000000,0.000000,0.420000,1.093180,0.709000
1.000000,97.000000,3.742957,113.196289,-4.287961,-4.287961,0.000000,0.000000,0.000000,0.420000,1.118209,0.707000
2.000000,104.000000,8.555694,115.347031,-5.170318,-5.170318,0.000000,0.000000,0.000000,0.420000,1.160194,0.706000
3.000000,104.000000,13.127936,171.162704,-7.210782,-7.210782,0.000000,0.000000,0.000000,0.420000,1.258844,0.704000
3.000000,99.000000,12.840533,174.396729,-8.174600,-8.174600,0.000000,0.000000,0.000000,1.605317,1.273780,0.704000
2.000000,99.000000,5.077853,-5.383977,-6.829519,-6.829519,0.000000,0.000000,0.000000,0.420000,1.359841,0.703000
3.000000,106.000000,11.694484,149.610229,-7.672262,-7.672262,0.000000,0.000000,0.000000,0.420000,1.436532,0.703000
4.000000,96.000000,13.998421,84.196274,-9.761267,-9.761267,0.000000,0.000000,0.000000,1.835384,1.643568,0.705000
4.000000,104.000000,11.770468,104.903946,-9.721272,-9.721272,0.000000,0.000000,0.000000,1.829584,1.819408,0.705000
3.000000,93.000000,2.795125,-20.836506,-6.792034,-6.792034,0.000000,0.000000,0.000000,0.420000,2.103105,0.704000
2.000000,91.000000,-5.073514,-134.612228,-2.664048,-2.664048,0.000000,0.000000,0.000000,0.420000,2.480605,0.704000
3.000000,91.000000,4.309204,-18.395540,-3.569928,-3.569928,0.000000,0.000000,0.000000,0.420000,2.732664,0.706000
3.000000,96.000000,6.622460,90.958847,-4.124938,-4.124938,0.000000,0.000000,0.000000,0.420000,2.841486,0.707000
2.000000,85.000000,-1.155671,-55.105621,-2.244614,-2.244614,0.000000,0.000000,0.000000,0.420000,3.059210,0.706000
2.000000,95.000000,3.770959,43.948505,-2.535933,-2.535933,0.000000,0.000000,0.000000,0.420000,3.134800,0.706000
0.000000,91.000000,-4.262698,116.275368,1.569930,1.569930,0.000000,0.000000,0.000000,0.420000,3.042491,0.707000
1.000000,94.000000,8.255443,34.002464,-2.545465,-2.545465,0.000000,0.000000,0.000000,0.420000,2.931018,0.708000
-1.000000,92.000000,-4.154864,2.860636,0.495428,0.495428,0.000000,0.000000,0.000000,0.420000,2.867315,0.709000
-2.000000,89.000000,-9.439823,21.395168,4.712963,4.712963,0.000000,0.000000,0.000000,0.420000,2.778422,0.709000
0.000000,85.000000,5.950706,-104.493332,-1.026128,-1.026128,0.000000,0.000000,0.000000,0.420000,2.734394,0.711000
-1.000000,70.000000,3.001615,-111.048256,-2.914531,-2.914531,0.000000,0.000000,0.000000,0.420000,2.647840,0.711000
-5.000000,67.000000,-23.215857,-44.341888,8.445066,8.445066,0.000000,0.000000,0.000000,-0.804535,2.515350,0.713000
-2.000000,69.000000,-2.373528,16.226501,5.858912,5.858912,0.000000,0.000000,0.000000,0.420000,2.361928,0.715000
-3.000000,61.000000,-5.689161,-97.542763,4.904639,4.904639,0.000000,0.000000,0.000000,0.420000,2.113866,0.715000
-4.000000,61.000000,-5.582371,-61.133263,4.659419,4.659419,0.000000,0.000000,0.000000,0.420000,1.807091,0.714000
-5.000000,57.000000,-11.459356,-48.113052,7.286374,7.286374,0.000000,0.000000,0.000000,0.420000,1.545651,0.716000
-5.000000,57.000000,-12.846192,61.719273,10.343765,10.343765,0.000000,0.000000,0.000000,-1.079846,1.209607,0.718000
-5.000000,55.000000,-12.213988,163.492218,12.656796,12.656796,0.000000,0.000000,0.000000,-1.415235,0.755898,0.718000
-4.000000,61.000000,-4.126685,135.821167,10.040637,10.040637,0.000000,0.000000,0.000000,-1.035892,0.206765,0.719000
-6.000000,59.000000,-17.235844,84.034035,14.034786,14.034786,0.000000,0.000000,0.000000,-1.615044,-0.292872,0.719000
-6.000000,57.000000,-17.242853,107.868484,16.449232,16.449232,0.000000,0.000000,0.000000,-1.965139,-0.727235,0.718000
-5.000000,42.000000,-10.369297,-27.656675,13.464352,13.464352,0.000000,0.000000,0.000000,-1.532331,-1.124340,0.719000
-5.000000,40.000000,-11.681302,-233.299454,10.562284,10.562284,0.000000,0.000000,0.000000,-1.111531,-1.278677,0.719000
0.000000,39.000000,23.101429,-304.743591,-7.329077,-7.329077,0.000000,0.000000,0.000000,0.420000,-1.277637,0.720000
0.000000,41.000000,18.228613,-191.871185,-13.960709,-13.960709,0.000000,0.000000,0.000000,2.444303,-1.260569,0.721000
1.000000,39.000000,22.811300,-48.199711,-18.377274,-18.377274,0.000000,0.000000,0.000000,3.084705,-1.421098,0.722000
-3.000000,45.000000,-10.004811,88.654236,-4.807447,-4.807447,0.000000,0.000000,0.000000,0.420000,-1.530599,0.723000
0.000000,41.000000,5.065254,81.139130,-4.193208,-4.193208,0.000000,0.000000,0.000000,0.420000,-1.538375,0.723000
0.000000,43.000000,-3.757562,49.015167,-0.174225,-0.174225,0.000000,0.000000,0.000000,0.420000,-1.405952,0.723000
-19.000000,48.000000,-143.227661,69.788544,64.984718,64.984718,0.000000,0.000000,0.000000,-9.002784,-1.388414,0.724000
-9.000000,48.000000,-68.035362,33.746490,66.661224,66.661224,0.000000,0.000000,0.000000,-9.245877,-1.474975,0.725000
-2.000000,43.000000,-10.405227,-81.804771,40.609787,40.609787,0.000000,0.000000,0.000000,-5.468419,-1.722228,0.726000
-1.000000,38.000000,14.862587,-402.061523,12.028666,12.028666,0.000000,0.000000,0.000000,-1.324157,-2.294535,0.727000
-4.000000,29.000000,15.969728,-215.990112,8.002085,8.002085,0.000000,0.000000,0.000000,-0.740302,-2.993324,0.727000
-7.000000,35.000000,10.281087,-242.596970,-2.408715,-2.408715,0.000000,0.000000,0.000000,0.420000,-3.789533,0.727000
-3.000000,37.000000,38.605812,-88.405830,-19.493061,-19.493061,0.000000,0.000000,0.000000,3.246494,-4.385494,0.726000
0.000000,34.000000,43.621151,-178.350830,-22.288296,-22.288296,0.000000,0.000000,0.000000,3.651803,-4.586305,0.728000
0.000000,37.000000,14.379193,-191.963150,-20.456867,-20.456867,0.000000,0.000000,0.000000,3.386246,-4.315302,0.729000
5.000000,39.000000,19.238346,-107.093346,-20.872374,-20.872374,0.000000,0.000000,0.000000,3.446494,-3.639945,0.731000
11.000000,41.000000,40.874580,-266.930237,-32.275738,-32.275738,0.000000,0.000000,0.000000,5.099982,-2.660779,0.731000
9.000000,47.000000,13.490648,-226.171738,-25.857992,-25.857992,0.000000,0.000000,0.000000,4.169409,-1.525939,0.732000
12.000000,42.000000,30.484047,126.877937,-26.797815,-26.797815,0.000000,0.000000,0.000000,4.305683,-0.744486,0.731000
11.000000,48.000000,24.046759,74.156853,-24.892427,-24.892427,0.000000,0.000000,0.000000,4.029402,-0.101321,0.731000
6.000000,36.000000,-6.722996,-81.891396,-11.402510,-11.402510,0.000000,0.000000,0.000000,2.073364,0.458463,0.730000
9.000000,34.000000,26.915146,-45.471958,-11.999390,-11.999390,0.000000,0.000000,0.000000,2.159911,0.827405,0.728000
6.000000,36.000000,17.197998,-60.272823,-14.881218,-14.881218,0.000000,0.000000,0.000000,2.577777,1.094641,0.728000
11.000000,36.000000,63.779362,-55.650364,-37.386238,-37.386238,0.000000,0.000000,0.000000,5.841004,1.228887,0.727000
5.000000,32.000000,26.478317,-288.872375,-41.808994,-41.808994,0.000000,0.000000,0.000000,6.482304,1.576624,0.727000
1.000000,41.000000,4.963090,22.396908,-25.026766,-25.026766,0.000000,0.000000,0.000000,4.048881,1.589199,0.729000
3.000000,41.000000,20.921095,-68.457214,-23.795328,-23.795328,0.000000,0.000000,0.000000,3.870322,1.649683,0.729000
8.000000,36.000000,51.505817,-69.659019,-36.891979,-36.891979,0.000000,0.000000,0.000000,5.769337,1.858712,0.731000
2.000000,45.000000,6.343471,-36.059383,-23.469685,-23.469685,0.000000,0.000000,0.000000,3.823104,2.019766,0.731000
1.000000,50.000000,0.275329,-1.962462,-13.049888,-13.049888,0.000000,0.000000,0.000000,2.312234,2.095438,0.729000
0.000000,41.000000,-3.502329,-72.474480,-6.253660,-6.253660,0.000000,0.000000,0.000000,0.420000,2.155207,0.728000
-1.000000,52.000000,-9.357582,-253.968475,-1.514317,-1.514317,0.000000,0.000000,0.000000,0.420000,2.230807,0.729000
-3.000000,39.000000,-18.106777,-75.495651,6.635715,6.635715,0.000000,0.000000,0.000000,0.420000,2.251296,0.731000
0.000000,32.000000,13.753355,-110.985985,4.558480,4.558480,0.000000,0.000000,0.000000,0.420000,2.021443,0.732000
-5.000000,35.000000,-14.243290,-219.337524,6.942606,6.942606,0.000000,0.000000,0.000000,0.420000,1.838339,0.732000
19.000000,44.000000,168.972000,-108.767494,-73.197868,-73.197868,0.000000,0.000000,0.000000,11.033690,1.454602,0.731000
2.000000,44.000000,50.167210,24.887749,-62.610085,-62.610085,0.000000,0.000000,0.000000,9.498462,0.951446,0.732000
1.000000,42.000000,38.441109,179.906693,-50.114887,-50.114887,0.000000,0.000000,0.000000,7.686658,0.557100,0.734000
3.000000,41.000000,36.326698,285.676758,-41.339111,-41.339111,0.000000,0.000000,0.000000,6.414171,0.340742,0.734000
3.000000,44.000000,12.415475,123.225342,-27.214447,-27.214447,0.000000,0.000000,0.000000,4.366095,0.579379,0.734000
-4.000000,42.000000,-60.127808,1.061054,12.099113,12.099113,0.000000,0.000000,0.000000,-1.334371,1.153541,0.736000
-1.000000,42.000000,-45.695156,18.237217,27.381468,27.381468,0.000000,0.000000,0.000000,-3.550313,1.666715,0.734000
3.000000,45.000000,-9.488594,-38.176796,18.986084,18.986084,0.000000,0.000000,0.000000,-2.332982,1.917890,0.735000
2.000000,41.000000,4.674252,41.737156,8.714568,8.714568,0.000000,0.000000,0.000000,-0.843612,1.673836,0.733000
-2.000000,33.000000,2.631226,-136.279129,6.153742,6.153742,0.000000,0.000000,0.000000,0.420000,1.172297,0.734000
-4.000000,39.000000,12.747725,9.856476,-2.263210,-2.263210,0.000000,0.000000,0.000000,0.420000,0.357722,0.736000
-1.000000,34.000000,45.899658,-131.468719,-4.541580,-4.541580,0.000000,0.000000,0.000000,0.420000,-0.380936,0.737000
-2.000000,37.000000,37.015251,-114.378532,-20.184137,-20.184137,0.000000,0.000000,0.000000,3.346700,-0.889237,0.738000
1.000000,46.000000,48.835667,74.519493,-32.406651,-32.406651,0.000000,0.000000,0.000000,5.118964,-1.327464,0.738000
2.000000,47.000000,44.073425,118.285370,-36.592129,-36.592129,0.000000,0.000000,0.000000,5.725859,-1.688101,0.740000
-1.000000,44.000000,5.637342,-8.948118,-22.743008,-22.743008,0.000000,0.000000,0.000000,3.717736,-1.635699,0.738000
4.000000,50.000000,18.283861,-163.258698,-22.205721,-22.205721,0.000000,0.000000,0.000000,3.639829,-1.104552,0.736000
-1.000000,42.000000,-38.514107,-236.977493,2.985405,2.985405,0.000000,0.000000,0.000000,0.420000,-0.424109,0.737000
-1.000000,45.000000,-45.427021,1.054214,22.093620,22.093620,0.000000,0.000000,0.000000,-2.783575,0.131943,0.737000
1.000000,38.000000,-28.385756,144.630630,26.226755,26.226755,0.000000,0.000000,0.000000,-3.382879,0.511834,0.738000
4.000000,36.000000,4.844291,244.683029,14.446931,14.446931,0.000000,0.000000,0.000000,-1.674805,0.545986,0.737000
-3.000000,35.000000,-26.999071,343.432068,23.186283,23.186283,0.000000,0.000000,0.000000,-2.942011,0.008172,0.738000
-9.000000,35.000000,-48.867344,201.606384,36.557217,36.557217,0.000000,0.000000,0.000000,-4.880796,-0.756176,0.736000
-5.000000,36.000000,-3.605380,68.770836,22.347828,22.347828,0.000000,0.000000,0.000000,-2.820435,-1.486084,0.735000
1.000000,40.000000,47.738548,77.535477,-8.493221,-8.493221,0.000000,0.000000,0.000000,1.651517,-2.187437,0.736000
0.000000,34.000000,43.919434,116.691742,-6.281901,-6.281901,0.000000,0.000000,0.000000,0.420000,-2.901860,0.734000
2.000000,40.000000,53.102505,92.085419,-26.522404,-26.522404,0.000000,0.000000,0.000000,4.265749,-3.398723,0.734000
0.000000,48.000000,23.810690,69.098206,-24.680248,-24.680248,0.000000,0.000000,0.000000,3.998636,-3.550623,0.732000
-7.000000,43.000000,-47.717319,-66.723404,7.298147,7.298147,0.000000,0.000000,0.000000,0.420000,-3.290469,0.730000
1.000000,55.000000,-11.923064,-93.345078,8.539254,8.539254,0.000000,0.000000,0.000000,-0.818192,-2.614260,0.731000
4.000000,38.000000,-9.100229,88.838959,9.591244,9.591244,0.000000,0.000000,0.000000,-0.970730,-1.936277,0.731000
1.000000,40.000000,-33.308769,308.050140,23.036581,23.036581,0.000000,0.000000,0.000000,-2.920304,-1.628956,0.729000
-3.000000,38.000000,-55.367996,55.894733,38.088772,38.088772,0.000000,0.000000,0.000000,-5.102872,-1.435656,0.727000
2.000000,34.000000,-8.363647,-287.096313,32.338799,32.338799,0.000000,0.000000,0.000000,-4.269125,-1.165849,0.727000
2.000000,33.000000,5.191659,-322.754974,26.063303,26.063303,0.000000,0.000000,0.000000,-3.359179,-1.080806,0.726000
4.000000,34.000000,37.468292,43.776535,26.366381,26.366381,0.000000,0.000000,0.000000,-3.403125,-1.352319,0.727000
15.000000,39.000000,132.682205,161.064850,-43.755898,-43.755898,0.000000,0.000000,0.000000,6.764605,-1.998534,0.727000
2.000000,43.000000,45.307652,47.001411,-44.031174,-44.031174,0.000000,0.000000,0.000000,6.804520,-2.516407,0.728000
1.000000,44.000000,31.851891,228.681213,-36.492367,-36.492367,0.000000,0.000000,0.000000,5.711393,-2.761759,0.729000
0.000000,44.000000,-3.539880,-44.341736,-18.876932,-18.876932,0.000000,0.000000,0.000000,3.157155,-2.353768,0.726000
7.000000,43.000000,18.448404,-154.417404,-20.073851,-20.073851,0.000000,0.000000,0.000000,3.330708,-1.464468,0.726000
18.000000,32.000000,76.814201,-231.539261,-23.796873,-23.796873,0.000000,0.000000,0.000000,3.870547,-0.282436,0.724000
14.000000,29.000000,39.712257,14.263260,-23.116926,-23.116926,0.000000,0.000000,0.000000,3.771954,0.664523,0.724000
15.000000,28.000000,47.669037,141.518448,-20.204435,-20.204435,0.000000,0.000000,0.000000,3.349643,1.429886,0.723000
8.000000,30.000000,-0.307530,81.436615,-18.404213,-18.404213,0.000000,0.000000,0.000000,3.088611,2.015897,0.724000
10.000000,42.000000,24.923830,-92.297340,-22.168716,-22.168716,0.000000,0.000000,0.000000,3.634464,2.522655,0.722000
-2.000000,36.000000,-47.862392,136.720917,10.575771,10.575771,0.000000,0.000000,0.000000,-1.113487,2.758268,0.721000
-5.000000,38.000000,-56.513382,408.503571,34.924225,34.924225,0.000000,0.000000,0.000000,-4.644012,2.560279,0.722000
-10.000000,40.000000,-85.278046,279.551819,60.099411,60.099411,0.000000,0.000000,0.000000,-8.294415,2.386206,0.720000
2.000000,46.000000,12.927586,162.656342,28.701172,28.701172,0.000000,0.000000,0.000000,-3.741670,2.053041,0.722000
0.000000,39.000000,19.157164,-2.126249,7.145786,7.145786,0.000000,0.000000,0.000000,0.420000,1.442212,0.721000
-3.000000,46.000000,20.443951,109.321884,-4.285698,-4.285698,0.000000,0.000000,0.000000,0.420000,0.527507,0.718000
-1.000000,43.000000,48.890678,174.563782,-22.786865,-22.786865,0.000000,0.000000,0.000000,3.724095,-0.481707,0.719000
0.000000,33.000000,50.415016,114.846886,-20.350803,-20.350803,0.000000,0.000000,0.000000,3.370867,-1.149064,0.719000
1.000000,31.000000,40.706547,129.293869,-17.703745,-17.703745,0.000000,0.000000,0.000000,2.987043,-1.452640,0.716000
2.000000,38.000000,26.067616,154.545990,-20.076574,-20.076574,0.000000,0.000000,0.000000,3.331103,-1.507876,0.716000
0.000000,35.000000,-7.013162,19.274918,-7.712719,-7.712719,0.000000,0.000000,0.000000,0.420000,-1.272309,0.714000
0.000000,40.000000,-23.188229,-87.279930,5.407187,5.407187,0.000000,0.000000,0.000000,0.420000,-0.711462,0.715000
-2.000000,37.000000,-46.499733,-86.171524,23.123291,23.123291,0.000000,0.000000,0.000000,-2.932877,-0.083462,0.714000
0.000000,43.000000,-31.837528,36.920509,27.376984,27.376984,0.000000,0.000000,0.000000,-3.549662,0.304265,0.715000
1.000000,40.000000,-13.396099,12.736864,21.200218,21.200218,0.000000,0.000000,0.000000,-2.654032,0.356494,0.712000
-2.000000,49.000000,-19.996353,-0.689198,20.652275,20.652275,0.000000,0.000000,0.000000,-2.574580,0.261604,0.713000
-6.000000,41.000000,-33.851303,28.292542,26.846470,26.846470,0.000000,0.000000,0.000000,-3.472738,-0.072985,0.711000
4.000000,47.000000,46.592438,24.963356,-5.976364,-5.976364,0.000000,0.000000,0.000000,0.420000,-0.448391,0.709000
4.000000,35.000000,54.667862,173.234344,-26.328428,-26.328428,0.000000,0.000000,0.000000,4.237622,-1.078708,0.706000
9.000000,29.000000,94.287964,64.192352,-24.722164,-24.722164,0.000000,0.000000,0.000000,4.004714,-1.648019,0.707000
4.000000,35.000000,51.432182,117.528015,-35.683922,-35.683922,0.000000,0.000000,0.000000,5.594169,-1.892119,0.706000
10.000000,36.000000,75.111237,177.102005,-51.832291,-51.832291,0.000000,0.000000,0.000000,7.935682,-1.776510,0.706000
6.000000,40.000000,28.089893,70.888084,-40.510220,-40.510220,0.000000,0.000000,0.000000,6.293982,-1.478291,0.713000
-3.000000,37.000000,-52.159084,-155.413361,-0.207756,-0.207756,0.000000,0.000000,0.000000,0.420000,-0.756693,0.709000
-1.000000,42.000000,-53.667606,-36.334652,23.709145,23.709145,0.000000,0.000000,0.000000,-3.017826,0.139580,0.713000
0.000000,40.000000,-53.696472,58.235565,37.727562,37.727562,0.000000,0.000000,0.000000,-5.050496,0.798572,0.717000
-2.000000,49.000000,-52.812935,-62.040989,43.957611,43.957611,0.000000,0.000000,0.000000,-5.953853,1.045995,0.715000
0.000000,49.000000,-10.621587,42.985878,29.343273,29.343273,0.000000,0.000000,0.000000,-3.834774,0.810478,0.715000
0.000000,53.000000,19.425556,13.698217,7.520584,7.520584,0.000000,0.000000,0.000000,0.420000,0.134909,0.714000
-1.000000,38.000000,34.213867,-131.858231,-12.446642,-12.446642,0.000000,0.000000,0.000000,2.224763,-0.614683,0.713000
2.000000,40.000000,65.493431,-168.851639,-37.837364,-37.837364,0.000000,0.000000,0.000000,5.906418,-1.296682,0.708000
0.000000,50.000000,45.551430,-149.501160,-42.654202,-42.654202,0.000000,0.000000,0.000000,6.604859,-1.585987,0.705000
1.000000,46.000000,32.730492,3.633117,-38.155830,-38.155830,0.000000,0.000000,0.000000,5.952595,-1.590535,0.706000
0.000000,44.000000,-4.341587,84.055870,-18.275490,-18.275490,0.000000,0.000000,0.000000,3.069946,-1.142275,0.704000
0.000000,55.000000,-29.163719,224.703949,5.094490,5.094490,0.000000,0.000000,0.000000,0.420000,-0.625522,0.702000
-2.000000,56.000000,-58.651840,6.429859,29.253166,29.253166,0.000000,0.000000,0.000000,-3.821709,0.091514,0.705000
7.000000,71.000000,1.171293,83.564369,16.314240,16.314240,0.000000,0.000000,0.000000,-1.945565,0.772975,0.707000
15.000000,69.000000,65.049324,90.775459,-19.482384,-19.482384,3.035122,0.003305,3.000000,3.494427,1.155025,0.706000
10.000000,70.000000,48.958370,190.592346,-31.031246,-31.031246,5.161219,0.006591,7.200000,5.674210,1.082863,0.701000
10.000000,75.000000,66.971550,173.872299,-45.639530,-45.639530,9.266336,0.008507,23.000000,9.970843,0.787190,0.696000
4.000000,71.000000,29.869976,-37.169147,-38.877750,-38.877750,9.149998,0.013102,28.900002,9.929899,0.813596,0.696000
13.000000,72.000000,80.573532,33.924980,-57.335526,-57.335526,13.558797,0.015655,43.100002,14.511653,1.202600,0.696000
16.000000,78.000000,78.018646,113.722794,-65.619423,-65.619423,15.338623,0.025881,48.000000,16.360504,1.941529,0.696000
18.000000,85.000000,70.295395,222.111008,-65.724609,-65.724609,16.837824,0.029974,59.000000,17.995798,2.790251,0.695000
20.000000,84.000000,65.849373,34.216000,-65.472809,-65.472809,17.195330,0.049344,61.900002,18.407473,4.054939,0.701000
21.000000,79.000000,55.420261,-13.327646,-61.069111,-61.069111,17.721333,0.055670,70.200005,19.039402,5.638984,0.702000
23.000000,86.000000,57.530666,-26.390230,-59.714321,-59.714321,17.902933,0.073401,72.900002,19.271133,7.257572,0.704000
23.000000,80.000000,51.150112,76.862015,-55.168671,-55.168671,18.450272,0.080409,81.500000,19.928682,8.909914,0.701000
22.000000,86.000000,42.683704,139.827972,-48.291985,-48.291985,17.818920,0.102068,83.700005,19.345388,10.418120,0.705000
20.000000,77.000000,30.751503,243.060760,-38.211220,-38.211220,17.281517,0.110462,89.800003,18.889580,11.782851,0.704000
23.000000,74.000000,65.782082,358.881622,-47.388176,-47.388176,18.776905,0.138280,91.700005,20.420000,12.784446,0.705000
14.000000,67.000000,18.074923,200.738144,-32.390568,-32.390568,17.022228,0.164759,93.700005,18.731386,13.617444,0.705000
12.000000,66.000000,19.281023,317.224243,-23.636255,-23.636255,15.840396,0.187053,93.700005,17.571848,14.188819,0.704000
10.000000,56.000000,17.550676,426.537262,-17.058908,-17.058908,14.992953,0.210375,94.000000,16.751328,14.426933,0.709000
4.000000,61.000000,-11.474855,370.883850,-0.880762,-0.880762,12.768404,0.228345,93.700005,14.541149,14.442190,0.711000
1.000000,53.000000,-19.447542,305.978638,11.020782,11.020782,11.161695,0.244881,93.700005,12.950976,14.482496,0.715000
0.000000,56.000000,-14.369981,411.579712,16.232140,16.232140,10.458162,0.260375,93.700005,12.262938,14.254608,0.721000
-3.000000,56.000000,-20.953928,511.792969,22.963081,22.963081,9.549485,0.274522,93.700005,11.368407,13.594999,0.719000
-1.000000,54.000000,7.547409,240.655029,11.399256,11.399256,11.110601,0.290982,93.700005,12.945984,12.857332,0.723000
-7.000000,58.000000,-20.421619,-19.451822,15.284253,15.284253,10.586126,0.307450,93.700005,12.437976,12.268267,0.723000
-8.000000,59.000000,-16.872057,50.552437,16.453737,16.453737,10.428246,0.322126,93.700005,12.294773,11.648423,0.716000
-11.000000,62.000000,-35.433708,195.135376,26.750942,26.750942,9.038124,0.335516,93.700005,10.918040,10.963889,0.710000
-10.000000,63.000000,-32.778778,322.809906,32.368755,32.368755,8.279719,0.347782,93.700005,10.171902,10.312952,0.709000
-11.000000,68.000000,-44.223228,327.681427,40.652401,40.652401,6.999426,0.358152,92.500000,8.887578,9.727111,0.707000
-13.000000,73.000000,-62.405003,199.505692,52.236622,52.236622,5.435556,0.366205,92.500000,7.331761,9.259829,0.710000
-14.000000,78.000000,-68.560913,299.861267,62.281303,62.281303,4.079524,0.372248,92.500000,5.981772,8.621596,0.708000
-15.000000,83.000000,-74.714439,96.060410,68.740761,68.740761,3.234498,0.377040,92.700005,5.143938,8.115066,0.707000
-13.000000,84.000000,-61.177605,25.969780,65.571068,65.571068,3.662407,0.382466,92.700005,5.577273,7.676422,0.711000
-15.000000,89.000000,-71.416687,34.643764,68.513390,68.513390,3.265193,0.387303,92.700005,5.184896,7.109525,0.709000
-17.000000,86.000000,-80.334267,60.542149,74.377663,74.377663,2.446516,0.390928,92.500000,4.367444,6.525146,0.708000
-17.000000,86.000000,-79.335579,226.011505,78.642830,78.642830,1.870718,0.393699,92.500000,3.794417,5.851448,0.707000
-22.000000,90.000000,-117.477631,124.053055,97.234970,97.234970,-0.639221,0.392752,92.500000,1.283531,5.296140,0.706000
-16.000000,91.000000,-81.051460,-6.427519,89.894547,89.894547,0.351736,0.393273,92.500000,2.275010,4.880215,0.704000
-19.000000,86.000000,-100.518394,-36.406879,94.347618,94.347618,-0.222428,0.392944,92.700005,1.702916,4.395456,0.707000
-20.000000,80.000000,-103.506645,51.531975,98.932968,98.932968,-0.841450,0.391697,92.700005,1.082647,3.802442,0.707000
-18.000000,77.000000,-86.473503,131.353256,94.508392,94.508392,-0.244132,0.391335,92.700005,1.679603,3.076895,0.706000
-18.000000,75.000000,-81.801865,250.696960,91.046722,91.046722,0.223193,0.391666,92.700005,2.147259,2.251076,0.709000
-18.000000,73.000000,-76.887161,306.541534,87.433792,87.433792,0.710939,0.392719,92.700005,2.636058,1.346871,0.706000
-18.000000,60.000000,-78.932411,74.298637,84.276855,84.276855,1.137125,0.394404,92.700005,3.063929,0.605629,0.704000
-25.000000,64.000000,-134.263412,-178.601608,105.163391,105.163391,-1.682557,0.391911,92.700005,0.241754,0.236953,0.703000
-15.000000,53.000000,-70.134827,-34.355019,89.091339,89.091339,0.487170,0.392633,92.700005,2.412203,-0.099553,0.702000
-14.000000,54.000000,-64.296417,-39.700260,77.576324,77.576324,2.041697,0.395658,92.700005,3.969755,-0.558304,0.704000
-15.000000,62.000000,-73.615730,-71.522827,75.150352,75.150352,2.180203,0.398888,91.300003,4.094691,-0.883836,0.703000
-13.000000,61.000000,-63.653492,89.464485,70.781952,70.781952,2.202936,0.400442,87.099998,4.068578,-1.253990,0.703000
-12.000000,55.000000,-62.430202,89.291016,67.827286,67.827286,2.142817,0.402309,83.700005,3.969526,-1.558946,0.704000
-4.000000,48.000000,-15.364556,-31.054821,43.939568,43.939568,3.086159,0.402850,66.800003,4.710609,-1.658334,0.704000
-7.000000,47.000000,-45.009144,-139.417160,43.166122,43.166122,2.043074,0.403562,58.300003,3.566236,-1.567899,0.705000
-9.000000,44.000000,-63.494949,-82.686096,51.569923,51.569923,-2.992939,0.403256,29.400002,-1.816884,-1.449528,0.704000
1.000000,46.000000,7.169683,74.095337,25.803961,25.803961,-0.500035,0.403053,22.100000,0.588218,-1.471810,0.706000
11.000000,44.000000,78.313309,-87.445686,-21.835817,-21.835817,4.270836,0.404081,9.800000,5.212517,-1.501571,0.706000
7.000000,47.000000,54.768299,-124.129578,-37.772598,-37.772598,6.192801,0.413256,8.100000,7.123257,-1.594503,0.707000
0.000000,43.000000,9.742706,40.428825,-24.795288,-24.795288,4.184364,0.419455,6.200000,5.098219,-1.721983,0.708000
-9.000000,46.000000,-59.735825,85.771561,14.015656,14.015656,0.000000,0.000000,0.000000,-1.612270,-1.683437,0.707000
0.000000,48.000000,-8.057572,82.026581,12.072758,12.072758,0.000000,0.000000,0.000000,-1.330550,-1.502461,0.708000
7.000000,45.000000,33.872490,-136.225311,-9.828630,-9.828630,0.000000,0.000000,0.000000,1.845151,-1.189499,0.709000
4.000000,44.000000,15.018603,-126.699860,-13.304417,-13.304417,0.000000,0.000000,0.000000,2.349140,-0.980794,0.711000
5.000000,36.000000,30.386990,24.072180,-20.774923,-20.774923,0.000000,0.000000,0.000000,3.432364,-1.008952,0.711000
3.000000,38.000000,26.178467,111.673843,-22.201454,-22.201454,0.000000,0.000000,0.000000,3.639211,-1.256830,0.712000
15.000000,34.000000,114.342651,-26.679743,-22.272459,-22.272459,0.000000,0.000000,0.000000,3.649507,-1.410656,0.712000
3.000000,34.000000,28.342146,-46.121090,-22.685131,-22.685131,0.000000,0.000000,0.000000,3.709344,-1.434981,0.713000
2.000000,34.000000,11.727449,-158.546188,-25.073553,-25.073553,0.000000,0.000000,0.000000,4.055665,-1.163082,0.710000
1.000000,41.000000,-3.445430,-82.599899,-12.983410,-12.983410,0.000000,0.000000,0.000000,2.302594,-0.857246,0.712000
-1.000000,40.000000,-23.375511,-189.625305,1.671477,1.671477,0.000000,0.000000,0.000000,0.420000,-0.414249,0.711000
0.000000,45.000000,-18.029203,-16.147079,8.887131,8.887131,0.000000,0.000000,0.000000,-0.868634,-0.059482,0.712000
0.000000,42.000000,-17.429592,37.004223,13.064277,13.064277,0.000000,0.000000,0.000000,-1.474320,0.113512,0.709000
-2.000000,43.000000,-24.921753,-71.709732,17.754753,17.754753,0.000000,0.000000,0.000000,-2.154439,0.159987,0.709000
3.000000,46.000000,22.846466,-103.310081,-1.445587,-1.445587,0.000000,0.000000,0.000000,0.420000,0.043925,0.710000
-3.000000,38.000000,-3.950156,211.824463,2.888917,2.888917,0.000000,0.000000,0.000000,0.420000,-0.456750,0.708000
-1.000000,33.000000,16.447508,213.091812,6.595857,6.595857,0.000000,0.000000,0.000000,0.420000,-0.956082,0.708000
12.000000,36.000000,107.479515,12.558496,-44.625031,-44.625031,0.000000,0.000000,0.000000,6.890629,-1.339152,0.705000
21.000000,37.000000,167.064346,-147.280334,-101.048241,-101.048241,0.000000,0.000000,0.000000,15.071995,-1.476356,0.706000
1.000000,41.000000,15.834143,-85.895508,-63.474957,-63.474957,0.000000,0.000000,0.000000,9.623869,-1.300200,0.703000
0.000000,47.000000,-14.294292,39.590431,-28.122482,-28.122482,0.000000,0.000000,0.000000,4.497760,-0.667556,0.702000
5.000000,45.000000,-12.379169,63.316101,-9.326897,-9.326897,0.000000,0.000000,0.000000,1.772400,0.361519,0.703000
0.000000,50.000000,-66.818718,91.853653,25.765308,25.765308,0.000000,0.000000,0.000000,-3.315969,1.405384,0.701000
-20.000000,60.000000,-204.646942,164.219498,107.740021,107.740021,0.000000,0.000000,0.000000,-15.202303,2.121093,0.700000
-19.000000,77.000000,-178.967606,65.776520,140.384430,140.384430,0.000000,0.000000,0.000000,-19.580000,2.316170,0.701000
-22.000000,83.000000,-159.477280,-12.829212,148.860733,148.860733,0.000000,0.000000,0.000000,-19.580000,1.714527,0.700000
-31.000000,96.000000,-162.210434,114.262993,155.896469,155.896469,0.000000,0.000000,0.000000,-19.580000,0.066449,0.696000
-38.000000,97.000000,-148.299683,13.935387,152.603333,152.603333,0.000000,0.000000,0.000000,-19.580000,-2.354297,0.689000
-46.000000,94.000000,-153.790955,102.715691,154.062210,154.062210,0.000000,0.000000,0.000000,-19.580000,-5.332416,0.687000
-50.000000,106.000000,-151.240509,394.379425,156.341858,156.341858,0.000000,0.000000,0.000000,-19.580000,-8.400576,0.678000
-49.000000,102.000000,-141.244553,18.573795,149.715240,149.715240,0.000000,0.000000,0.000000,-19.580000,-11.135778,0.676000
-46.000000,97.000000,-138.284103,-532.415405,139.779480,139.779480,0.000000,0.000000,0.000000,-19.580000,-13.131330,0.670000
-56.000000,86.000000,-222.890930,-519.068848,172.508011,172.508011,0.000000,0.000000,0.000000,-19.580000,-14.967666,0.667000
-38.000000,61.000000,-125.459221,-422.973236,147.529297,147.529297,0.000000,0.000000,0.000000,-19.580000,-16.445507,0.666000
-28.000000,54.000000,-85.741814,-306.460876,116.966789,116.966789,0.000000,0.000000,0.000000,-16.540184,-17.207737,0.667000
-23.000000,46.000000,-82.733391,-351.087799,98.401970,98.401970,0.000000,0.000000,0.000000,-13.848285,-17.453178,0.669000
-22.000000,39.000000,-95.815590,-161.587921,95.783813,95.783813,0.000000,0.000000,0.000000,-13.468653,-17.741133,0.671000
-14.000000,33.000000,-62.886150,-66.995018,92.877914,92.877914,0.000000,0.000000,0.000000,-13.047297,-17.833067,0.674000
-14.000000,37.000000,-87.175179,-265.882874,87.918739,87.918739,0.000000,0.000000,0.000000,-12.328217,-17.403236,0.676000
-6.000000,36.000000,-61.013096,-418.811371,72.041893,72.041893,0.000000,0.000000,0.000000,-10.026074,-16.546051,0.683000
-2.000000,35.000000,-52.204365,-333.940765,60.109539,60.109539,0.000000,0.000000,0.000000,-8.295883,-15.540981,0.692000
-1.000000,44.000000,-57.667435,-321.318634,56.118725,56.118725,0.000000,0.000000,0.000000,-7.717215,-14.432470,0.699000
-1.000000,49.000000,-67.936401,-407.263916,57.771305,57.771305,0.000000,0.000000,0.000000,-7.956839,-13.166456,0.707000
2.000000,50.000000,-53.485661,-380.845673,52.415154,52.415154,0.000000,0.000000,0.000000,-7.180197,-12.050524,0.715000
2.000000,48.000000,-56.554775,-349.483459,51.132629,51.132629,0.000000,0.000000,0.000000,-6.994231,-10.914616,0.721000
0.000000,42.000000,-69.449272,-132.937073,58.178684,58.178684,0.000000,0.000000,0.000000,-8.015909,-9.753594,0.728000
0.000000,41.000000,-60.885303,-255.651810,57.095795,57.095795,0.000000,0.000000,0.000000,-7.858890,-8.787558,0.734000
1.000000,44.000000,-42.055588,-321.014038,47.438576,47.438576,0.000000,0.000000,0.000000,-6.458593,-7.961137,0.740000
0.000000,43.000000,-35.000698,-124.387192,40.722046,40.722046,0.000000,0.000000,0.000000,-5.484696,-7.604515,0.744000
-2.000000,47.000000,-35.743778,148.668610,39.819843,39.819843,0.000000,0.000000,0.000000,-5.353877,-7.453910,0.746000
-5.000000,47.000000,-47.569908,41.816021,43.683716,43.683716,0.000000,0.000000,0.000000,-5.914138,-7.424236,0.748000
-3.000000,48.000000,-27.065777,-48.345688,35.770531,35.770531,0.000000,0.000000,0.000000,-4.766726,-7.365499,0.750000
-9.000000,50.000000,-70.425369,2.019550,51.383385,51.383385,0.000000,0.000000,0.000000,-7.030591,-7.273581,0.750000
-1.000000,57.000000,-12.643227,-12.899074,33.834221,33.834221,0.000000,0.000000,0.000000,-4.485962,-7.159419,0.751000
-2.000000,59.000000,-26.071402,-84.903610,29.576820,29.576820,0.000000,0.000000,0.000000,-3.868639,-6.867930,0.751000
-3.000000,56.000000,-38.554783,-91.162666,32.796440,32.796440,0.000000,0.000000,0.000000,-4.335484,-6.526412,0.748000
-2.000000,44.000000,-34.954277,-93.016716,32.930317,32.930317,0.000000,0.000000,0.000000,-4.354896,-6.128600,0.746000
-1.000000,52.000000,-31.314234,-137.485306,30.965712,30.965712,0.000000,0.000000,0.000000,-4.070028,-5.634577,0.743000
0.000000,47.000000,-28.799158,-115.764214,28.948885,28.948885,0.000000,0.000000,0.000000,-3.777588,-5.030467,0.741000
3.000000,54.000000,-9.931125,14.964017,20.525570,20.525570,0.000000,0.000000,0.000000,-2.556207,-4.559765,0.741000
2.000000,55.000000,-13.979226,74.730598,18.252291,18.252291,0.000000,0.000000,0.000000,-2.226582,-4.288132,0.737000
-2.000000,52.000000,-39.479111,-116.859627,26.752625,26.752625,0.000000,0.000000,0.000000,-3.459130,-3.955312,0.735000
-3.000000,51.000000,-43.177540,-350.103149,30.992908,30.992908,0.000000,0.000000,0.000000,-4.073972,-3.465251,0.733000
0.000000,57.000000,-21.228886,-339.035522,23.547779,23.547779,0.000000,0.000000,0.000000,-2.994428,-2.758019,0.729000
1.000000,64.000000,-12.575979,-199.000214,16.819468,16.819468,0.000000,0.000000,0.000000,-2.018823,-2.319272,0.727000
-1.000000,60.000000,-18.913673,114.002769,18.787886,18.787886,0.000000,0.000000,0.000000,-2.304243,-2.315210,0.722000
-4.000000,63.000000,-34.368973,201.482269,27.612717,27.612717,0.000000,0.000000,0.000000,-3.583844,-2.479970,0.719000
-3.000000,52.000000,-25.405407,-43.819611,26.225050,26.225050,0.000000,0.000000,0.000000,-3.382632,-2.488505,0.718000
-2.000000,57.000000,-16.135874,-26.441465,21.446947,21.446947,0.000000,0.000000,0.000000,-2.689807,-2.483794,0.717000
-4.000000,56.000000,-28.322796,-26.186028,24.305407,24.305407,0.000000,0.000000,0.000000,-3.104284,-2.455677,0.715000
-5.000000,53.000000,-37.530491,-194.232788,28.508598,28.508598,0.000000,0.000000,0.000000,-3.713747,-2.260214,0.713000
-3.000000,66.000000,-26.229965,-292.643982,24.849419,24.849419,0.000000,0.000000,0.000000,-3.183166,-2.114733,0.710000
0.000000,66.000000,-2.743834,-134.936432,13.687478,13.687478,0.000000,0.000000,0.000000,-1.564684,-2.083487,0.709000
-2.000000,65.000000,-18.345900,-185.522308,14.114067,14.114067,0.000000,0.000000,0.000000,-1.626540,-1.881830,0.709000
-3.000000,71.000000,-31.035509,-270.809357,19.291431,19.291431,0.000000,0.000000,0.000000,-2.377257,-1.592418,0.707000
-1.000000,61.000000,-24.114695,-54.907646,20.967731,20.967731,0.000000,0.000000,0.000000,-2.620321,-1.251274,0.706000
0.000000,70.000000,-23.212461,-144.659225,20.675928,20.675928,0.000000,0.000000,0.000000,-2.578009,-0.840228,0.705000
0.000000,68.000000,-23.910240,-211.819611,20.224993,20.224993,0.000000,0.000000,0.000000,-2.512624,-0.348646,0.707000
1.000000,69.000000,-17.309315,-298.934448,16.222527,16.222527,0.000000,0.000000,0.000000,-1.932266,0.301367,0.706000
-1.000000,62.000000,-28.959625,-273.794922,19.490067,19.490067,0.000000,0.000000,0.000000,-2.406060,0.861042,0.708000
0.000000,59.000000,-16.403059,-185.244446,16.433712,16.433712,0.000000,0.000000,0.000000,-1.962888,1.193648,0.707000
-1.000000,62.000000,-16.363441,-150.958603,15.043463,15.043463,0.000000,0.000000,0.000000,-1.761302,1.328358,0.709000
-1.000000,53.000000,-7.890358,113.462860,12.845731,12.845731,0.000000,0.000000,0.000000,-1.442631,1.211651,0.711000
-2.000000,69.000000,-10.831473,94.125572,12.786445,12.786445,0.000000,0.000000,0.000000,-1.434034,0.994388,0.713000
-2.000000,71.000000,-9.067854,12.367893,11.224390,11.224390,0.000000,0.000000,0.000000,-1.207537,0.858584,0.712000
-4.000000,64.000000,-22.522736,103.622910,17.241251,17.241251,0.000000,0.000000,0.000000,-2.079981,0.703593,0.714000
-8.000000,68.000000,-51.917141,4.224442,32.883419,32.883419,0.000000,0.000000,0.000000,-4.348095,0.602494,0.715000
-2.000000,60.000000,-12.162208,-220.869843,21.571045,21.571045,0.000000,0.000000,0.000000,-2.707801,0.683771,0.717000
-1.000000,58.000000,-4.444849,-166.412567,12.366544,12.366544,0.000000,0.000000,0.000000,-1.373149,0.732483,0.719000
-6.000000,54.000000,-36.656796,-107.213951,22.332230,22.332230,0.000000,0.000000,0.000000,-2.818173,0.740543,0.720000
-5.000000,57.000000,-27.806545,-70.272881,24.163214,24.163214,0.000000,0.000000,0.000000,-3.083666,0.659306,0.722000
-3.000000,66.000000,-10.607176,-113.845863,17.038383,17.038383,0.000000,0.000000,0.000000,-2.050565,0.581417,0.721000
-2.000000,60.000000,0.136508,71.594437,9.954032,9.954032,0.000000,0.000000,0.000000,-1.023335,0.326981,0.723000
-7.000000,64.000000,-36.591927,-23.931614,21.725700,21.725700,0.000000,0.000000,0.000000,-2.730226,0.162447,0.724000
-5.000000,58.000000,-26.551823,-92.432724,23.065561,23.065561,0.000000,0.000000,0.000000,-2.924506,0.161982,0.723000
-1.000000,67.000000,-0.001530,-41.126751,12.316607,12.316607,0.000000,0.000000,0.000000,-1.365908,0.133473,0.725000
-1.000000,73.000000,-0.445452,39.849648,7.333234,7.333234,0.000000,0.000000,0.000000,0.420000,0.004499,0.723000
-7.000000,69.000000,-46.064495,-56.410168,24.254608,24.254608,0.000000,0.000000,0.000000,-3.096918,0.071451,0.724000
-5.000000,70.000000,-39.849873,-132.059845,30.083939,30.083939,0.000000,0.000000,0.000000,-3.942171,0.346338,0.724000
-1.000000,71.000000,-15.590307,0.565403,23.566895,23.566895,0.000000,0.000000,0.000000,-2.997200,0.505685,0.724000
0.000000,68.000000,-6.371349,-20.267975,15.646488,15.646488,0.000000,0.000000,0.000000,-1.848741,0.556692,0.722000
-1.000000,65.000000,-5.389389,51.357010,11.493007,11.493007,0.000000,0.000000,0.000000,-1.246486,0.392269,0.724000
-2.000000,68.000000,-8.235443,20.564453,10.212184,10.212184,0.000000,0.000000,0.000000,-1.060767,0.281807,0.723000
-3.000000,61.000000,-17.760050,-97.248352,12.733489,12.733489,0.000000,0.000000,0.000000,-1.426356,0.336612,0.723000
-7.000000,62.000000,-49.226997,-93.484421,28.314205,28.314205,0.000000,0.000000,0.000000,-3.685560,0.467005,0.721000
-1.000000,71.000000,-7.093320,-3.181214,18.736176,18.736176,0.000000,0.000000,0.000000,-2.296745,0.513271,0.720000
-2.000000,68.000000,-12.946294,88.210159,16.924622,16.924622,0.000000,0.000000,0.000000,-2.034070,0.440711,0.719000
-3.000000,69.000000,-17.248844,143.379883,18.360939,18.360939,0.000000,0.000000,0.000000,-2.242336,0.179353,0.721000
-5.000000,70.000000,-29.573011,-33.767769,23.102461,23.102461,0.000000,0.000000,0.000000,-2.929857,0.056203,0.722000
-3.000000,68.000000,-12.407305,54.176685,18.777231,18.777231,0.000000,0.000000,0.000000,-2.302698,-0.106490,0.719000
-4.000000,70.000000,-20.638050,166.521393,21.113293,21.113293,0.000000,0.000000,0.000000,-2.641427,-0.346240,0.718000
-5.000000,70.000000,-29.682478,136.417496,26.197184,26.197184,0.000000,0.000000,0.000000,-3.378592,-0.553553,0.717000
-4.000000,63.000000,-23.275244,56.142612,25.387594,25.387594,0.000000,0.000000,0.000000,-3.261201,-0.708244,0.716000
-3.000000,64.000000,-18.994915,64.479370,23.091202,23.091202,0.000000,0.000000,0.000000,-2.928224,-0.749364,0.718000
0.000000,60.000000,-2.901273,153.907089,15.390898,15.390898,0.000000,0.000000,0.000000,-1.811680,-0.739438,0.718000
-2.000000,64.000000,-19.832989,-18.309771,17.225050,17.225050,0.000000,0.000000,0.000000,-2.077632,-0.705482,0.717000
-1.000000,62.000000,-12.900627,14.960299,15.413702,15.413702,0.000000,0.000000,0.000000,-1.814987,-0.555513,0.718000
0.000000,65.000000,-9.616240,70.695541,13.441103,13.441103,0.000000,0.000000,0.000000,-1.528960,-0.434968,0.720000
0.000000,66.000000,-17.551411,-78.109558,14.587755,14.587755,0.000000,0.000000,0.000000,-1.695224,-0.053156,0.719000
0.000000,66.000000,-20.207197,-248.951996,14.875937,14.875937,0.000000,0.000000,0.000000,-1.737011,0.430668,0.719000
0.000000,66.000000,-17.889551,-194.248413,14.483828,14.483828,0.000000,0.000000,0.000000,-1.680155,0.843980,0.721000
0.000000,68.000000,-13.257276,-108.409752,12.956192,12.956192,0.000000,0.000000,0.000000,-1.458648,1.154619,0.722000
-3.000000,68.000000,-31.138901,24.234346,21.356522,21.356522,0.000000,0.000000,0.000000,-2.676696,1.238608,0.722000
-5.000000,53.000000,-42.263172,-2.690706,30.740299,30.740299,0.000000,0.000000,0.000000,-4.037343,1.266192,0.721000
-2.000000,53.000000,-14.978843,149.927094,24.996988,24.996988,0.000000,0.000000,0.000000,-3.204563,1.116536,0.721000
0.000000,57.000000,3.937191,78.289040,12.681210,12.681210,0.000000,0.000000,0.000000,-1.418775,0.853168,0.723000
-2.000000,53.000000,-6.627129,135.685715,11.178045,11.178045,0.000000,0.000000,0.000000,-1.200817,0.583221,0.726000
-4.000000,61.000000,-19.731030,-76.090034,14.342077,14.342077,0.000000,0.000000,0.000000,-1.659601,0.459214,0.728000
-3.000000,64.000000,-11.978688,15.966021,13.422247,13.422247,0.000000,0.000000,0.000000,-1.526226,0.370329,0.727000
-11.000000,64.000000,-73.280060,133.090149,41.556072,41.556072,0.000000,0.000000,0.000000,-5.605630,0.217790,0.727000
-2.000000,58.000000,-14.613068,29.912838,29.700935,29.700935,0.000000,0.000000,0.000000,-3.886635,0.195789,0.726000
0.000000,59.000000,-0.155679,58.297535,16.930248,16.930248,0.000000,0.000000,0.000000,-2.034886,0.096706,0.726000
-2.000000,62.000000,-10.953317,-204.494263,12.400181,12.400181,0.000000,0.000000,0.000000,-1.378026,0.097675,0.729000
-2.000000,60.000000,-7.816598,-42.267185,9.957164,9.957164,0.000000,0.000000,0.000000,-1.023789,0.082941,0.728000
-2.000000,60.000000,-8.056546,-86.078636,8.327178,8.327178,0.000000,0.000000,0.000000,-0.787441,0.101705,0.731000
-3.000000,65.000000,-16.443943,-61.000916,11.430714,11.430714,0.000000,0.000000,0.000000,-1.237453,0.101779,0.732000
-1.000000,61.000000,-4.680632,-41.890709,8.016161,8.016161,0.000000,0.000000,0.000000,-0.742343,0.180039,0.729000
-1.000000,62.000000,-10.040339,65.225098,9.514066,9.514066,0.000000,0.000000,0.000000,-0.959540,0.273226,0.731000
-1.000000,60.000000,-14.157155,-78.069214,10.900833,10.900833,0.000000,0.000000,0.000000,-1.160621,0.438311,0.731000
0.000000,62.000000,-6.764808,-43.682816,8.646477,8.646477,0.000000,0.000000,0.000000,-0.833739,0.535017,0.729000
-3.000000,67.000000,-26.021349,-94.383614,15.615715,15.615715,0.000000,0.000000,0.000000,-1.844279,0.625898,0.731000
-2.000000,70.000000,-19.128994,-172.621704,15.643095,15.643095,0.000000,0.000000,0.000000,-1.848249,0.835429,0.733000
0.000000,70.000000,-3.775630,-47.016075,9.879591,9.879591,0.000000,0.000000,0.000000,-1.012541,0.947293,0.732000
-2.000000,70.000000,-13.801675,-136.106476,10.419571,10.419571,0.000000,0.000000,0.000000,-1.090838,0.922267,0.731000
-3.000000,72.000000,-15.251488,-98.163887,11.710459,11.710459,0.000000,0.000000,0.000000,-1.278017,0.877733,0.731000
-1.000000,68.000000,2.955482,-121.477943,4.017484,4.017484,0.000000,0.000000,0.000000,0.420000,0.846982,0.731000
-2.000000,65.000000,-2.513548,-44.958065,2.936090,2.936090,0.000000,0.000000,0.000000,0.420000,0.758915,0.731000
-5.000000,66.000000,-22.761906,-23.277847,11.648207,11.648207,0.000000,0.000000,0.000000,-1.268990,0.580508,0.731000
-5.000000,73.000000,-24.416851,-54.839619,16.900539,16.900539,0.000000,0.000000,0.000000,-2.030578,0.499292,0.734000
-2.000000,65.000000,-5.047836,3.703824,11.600157,11.600157,0.000000,0.000000,0.000000,-1.262023,0.410959,0.734000
-1.000000,69.000000,-0.876565,-82.601486,6.031127,6.031127,0.000000,0.000000,0.000000,0.420000,0.389082,0.733000
-2.000000,76.000000,-9.648427,-97.721657,6.779417,6.779417,0.000000,0.000000,0.000000,0.420000,0.420331,0.732000
-3.000000,75.000000,-17.391796,-36.387325,11.227501,11.227501,0.000000,0.000000,0.000000,-1.207988,0.425089,0.733000
-4.000000,75.000000,-26.612919,-21.213638,17.960014,17.960014,0.000000,0.000000,0.000000,-2.184202,0.442038,0.731000
-2.000000,75.000000,-17.102764,2.664404,17.598230,17.598230,0.000000,0.000000,0.000000,-2.131743,0.551184,0.733000
0.000000,80.000000,-9.187898,7.236857,13.878713,13.878713,0.000000,0.000000,0.000000,-1.592413,0.769744,0.731000
0.000000,69.000000,-9.380143,77.560226,12.552399,12.552399,0.000000,0.000000,0.000000,-1.400098,0.801468,0.732000
0.000000,68.000000,-4.318467,11.055931,8.946632,8.946632,0.000000,0.000000,0.000000,-0.877262,0.734260,0.731000
-4.000000,74.000000,-29.069942,-53.412289,17.521410,17.521410,0.000000,0.000000,0.000000,-2.120604,0.698282,0.731000
0.000000,71.000000,1.532940,-142.249268,7.666709,7.666709,0.000000,0.000000,0.000000,0.420000,0.790739,0.733000
-1.000000,68.000000,-4.498617,-186.300568,4.564363,4.564363,0.000000,0.000000,0.000000,0.420000,0.832732,0.730000
0.000000,76.000000,2.381725,-197.364899,-0.337661,-0.337661,0.000000,0.000000,0.000000,0.420000,1.018848,0.732000
-1.000000,74.000000,-5.191660,-141.402481,0.877911,0.877911,0.000000,0.000000,0.000000,0.420000,1.143056,0.728000
-1.000000,81.000000,-8.461335,83.350716,5.040608,5.040608,0.000000,0.000000,0.000000,0.420000,1.179245,0.727000
-7.000000,83.000000,-52.342190,108.493530,27.302759,27.302759,0.000000,0.000000,0.000000,-3.538900,1.068184,0.730000
-4.000000,85.000000,-32.108116,-65.890633,28.872154,28.872154,0.000000,0.000000,0.000000,-3.766462,1.148179,0.729000
-1.000000,82.000000,-10.067567,-21.184311,20.219431,20.219431,0.000000,0.000000,0.000000,-2.511817,1.186463,0.730000
-1.000000,77.000000,-6.093311,-73.297333,13.203001,13.203001,0.000000,0.000000,0.000000,-1.494435,1.126959,0.728000
-2.000000,77.000000,-4.087779,-151.171280,7.740609,7.740609,0.000000,0.000000,0.000000,0.420000,0.980704,0.729000
-5.000000,73.000000,-16.665430,-273.214661,9.297847,9.297847,0.000000,0.000000,0.000000,-0.928188,0.869846,0.729000
-4.000000,75.000000,-7.524687,-41.991032,8.122005,8.122005,0.000000,0.000000,0.000000,-0.757691,0.676804,0.729000
-2.000000,78.000000,3.003668,8.181742,3.189088,3.189088,0.000000,0.000000,0.000000,0.420000,0.486332,0.730000
-5.000000,79.000000,-21.446991,-20.979616,11.216328,11.216328,0.000000,0.000000,0.000000,-1.206367,0.322922,0.728000
-3.000000,78.000000,-12.992237,-84.928551,11.251130,11.251130,0.000000,0.000000,0.000000,-1.211414,0.381091,0.730000
-1.000000,84.000000,-5.688112,-93.624763,7.905149,7.905149,0.000000,0.000000,0.000000,0.420000,0.517601,0.730000
-1.000000,82.000000,-7.744578,-121.839516,6.736337,6.736337,0.000000,0.000000,0.000000,0.420000,0.596298,0.730000
0.000000,85.000000,0.685716,44.853252,3.800092,3.800092,0.000000,0.000000,0.000000,0.420000,0.540506,0.730000
0.000000,88.000000,-0.129051,7.211786,2.213030,2.213030,0.000000,0.000000,0.000000,0.420000,0.558532,0.732000
0.000000,67.000000,-3.141944,-76.179718,1.945424,1.945424,0.000000,0.000000,0.000000,0.420000,0.674645,0.730000
0.000000,74.000000,-3.607392,-9.469349,2.608085,2.608085,0.000000,0.000000,0.000000,0.420000,0.694073,0.729000
0.000000,76.000000,-0.236871,21.229347,1.732103,1.732103,0.000000,0.000000,0.000000,0.420000,0.648759,0.730000
0.000000,75.000000,-0.136195,-106.715431,0.053506,0.053506,0.000000,0.000000,0.000000,0.420000,0.707751,0.729000
1.000000,74.000000,6.604695,-22.407175,-3.144350,-3.144350,0.000000,0.000000,0.000000,0.420000,0.774230,0.728000
1.000000,74.000000,8.824217,2.681036,-5.676160,-5.676160,0.000000,0.000000,0.000000,0.420000,0.692034,0.730000
0.000000,74.000000,8.597700,-58.900314,-7.520956,-7.520956,0.000000,0.000000,0.000000,0.420000,0.508205,0.732000
-2.000000,83.000000,-0.178289,22.242222,-3.856116,-3.856116,0.000000,0.000000,0.000000,0.420000,0.258416,0.732000
-1.000000,77.000000,6.341249,-88.250450,-5.768680,-5.768680,0.000000,0.000000,0.000000,0.420000,0.137620,0.732000
0.000000,78.000000,10.919803,-90.268463,-8.899101,-8.899101,0.000000,0.000000,0.000000,1.710370,0.128349,0.730000
0.000000,75.000000,9.729641,-38.335297,-9.617861,-9.617861,0.000000,0.000000,0.000000,1.814590,0.046027,0.732000
0.000000,63.000000,10.488268,-44.769302,-10.412468,-10.412468,0.000000,0.000000,0.000000,1.929808,-0.084572,0.732000
3.000000,66.000000,29.346275,-53.037090,-19.410015,-19.410015,0.000000,0.000000,0.000000,3.234452,-0.090187,0.732000
1.000000,64.000000,7.341272,37.841221,-13.638510,-13.638510,0.000000,0.000000,0.000000,2.397584,0.019472,0.730000
5.000000,67.000000,28.244377,1.659948,-20.196209,-20.196209,0.000000,0.000000,0.000000,3.348450,0.200571,0.732000
1.000000,63.000000,-7.606091,-8.367416,-7.760481,-7.760481,0.000000,0.000000,0.000000,0.420000,0.481603,0.731000
4.000000,72.000000,10.457673,-54.397831,-9.463798,-9.463798,0.000000,0.000000,0.000000,1.792251,0.811947,0.730000
7.000000,75.000000,30.972609,-47.276352,-19.568251,-19.568251,0.000000,0.000000,0.000000,3.257396,1.166101,0.730000
4.000000,73.000000,8.855577,-34.974529,-15.062319,-15.062319,0.000000,0.000000,0.000000,2.604036,1.460812,0.731000
4.000000,79.000000,13.527374,-11.562998,-14.475661,-14.475661,0.000000,0.000000,0.000000,2.518971,1.621433,0.730000
8.000000,73.000000,47.442234,14.272654,-29.182167,-29.182167,0.000000,0.000000,0.000000,4.651414,1.710009,0.731000
3.000000,72.000000,12.228579,-42.068695,-21.931671,-21.931671,0.000000,0.000000,0.000000,3.600092,1.884094,0.730000
0.000000,66.000000,-9.568745,68.487877,-7.140095,-7.140095,0.000000,0.000000,0.000000,0.420000,1.992292,0.731000
5.000000,66.000000,26.241112,-24.922899,-15.959857,-15.959857,0.000000,0.000000,0.000000,2.734179,2.116550,0.729000
8.000000,69.000000,48.538635,147.222183,-29.295307,-29.295307,0.000000,0.000000,0.000000,4.667819,2.121855,0.730000
2.000000,76.000000,9.889850,107.996353,-19.590885,-19.590885,0.000000,0.000000,0.000000,3.260678,2.035998,0.731000
1.000000,68.000000,5.057591,63.962238,-12.475243,-12.475243,0.000000,0.000000,0.000000,2.228910,2.008132,0.732000
2.000000,71.000000,11.131764,63.813576,-11.296354,-11.296354,0.000000,0.000000,0.000000,2.057971,2.009623,0.732000
8.000000,71.000000,52.595215,49.280903,-29.437313,-29.437313,0.000000,0.000000,0.000000,4.688410,2.021204,0.733000
3.000000,71.000000,18.803230,-74.535294,-25.322792,-25.322792,0.000000,0.000000,0.000000,4.091805,2.038070,0.733000
0.000000,79.000000,-0.664768,-109.238609,-14.611538,-14.611538,0.000000,0.000000,0.000000,2.538673,2.105264,0.734000
2.000000,78.000000,14.115551,-44.812611,-14.791657,-14.791657,0.000000,0.000000,0.000000,2.564790,2.194911,0.733000
3.000000,81.000000,16.663157,14.642624,-15.502048,-15.502048,0.000000,0.000000,0.000000,2.667797,2.316531,0.734000
2.000000,78.000000,9.275956,63.802322,-12.126085,-12.126085,0.000000,0.000000,0.000000,2.178282,2.323586,0.737000
5.000000,69.000000,33.939507,-19.371729,-22.116470,-22.116470,0.000000,0.000000,0.000000,3.626888,2.311772,0.736000
2.000000,76.000000,16.539129,-110.912865,-20.604881,-20.604881,0.000000,0.000000,0.000000,3.407708,2.289601,0.737000
2.000000,73.000000,15.236097,-96.603027,-19.058357,-19.058357,0.000000,0.000000,0.000000,3.183462,2.400098,0.737000
0.000000,73.000000,1.353523,33.521591,-10.789488,-10.789488,0.000000,0.000000,0.000000,1.984476,2.369893,0.739000
1.000000,78.000000,9.053787,119.140228,-8.936160,-8.936160,0.000000,0.000000,0.000000,1.715743,2.263859,0.739000
5.000000,79.000000,35.546528,17.645475,-20.752014,-20.752014,0.000000,0.000000,0.000000,3.429042,2.284494,0.740000
5.000000,82.000000,34.026150,72.749077,-26.070633,-26.070633,0.000000,0.000000,0.000000,4.200242,2.249558,0.739000
2.000000,82.000000,12.225175,4.252366,-19.801907,-19.801907,0.000000,0.000000,0.000000,3.291276,2.251506,0.740000
1.000000,80.000000,4.700680,-34.751015,-13.319115,-13.319115,0.000000,0.000000,0.000000,2.351272,2.352801,0.740000
4.000000,86.000000,20.787109,-68.359810,-17.294950,-17.294950,0.000000,0.000000,0.000000,2.927768,2.638928,0.741000
6.000000,72.000000,29.960224,-43.067692,-23.381931,-23.381931,0.000000,0.000000,0.000000,3.810380,2.936167,0.743000
4.000000,78.000000,14.568101,61.018261,-18.866543,-18.866543,0.000000,0.000000,0.000000,3.155649,3.082103,0.743000
3.000000,74.000000,12.335394,109.844383,-14.938927,-14.938927,0.000000,0.000000,0.000000,2.586144,3.064536,0.743000
5.000000,77.000000,29.013290,154.769882,-19.879461,-19.879461,0.000000,0.000000,0.000000,3.302522,3.001202,0.743000
4.000000,74.000000,22.138987,246.398254,-18.678665,-18.678665,0.000000,0.000000,0.000000,3.128407,2.899396,0.743000
2.000000,74.000000,7.521053,347.765625,-10.527849,-10.527849,0.000000,0.000000,0.000000,1.946538,2.725730,0.741000
0.000000,78.000000,-7.155273,-10.330274,-2.663417,-2.663417,0.000000,0.000000,0.000000,0.420000,2.731992,0.742000
0.000000,77.000000,-2.167460,30.377190,-0.216128,-0.216128,0.000000,0.000000,0.000000,0.420000,2.678067,0.742000
3.000000,79.000000,23.354462,49.297916,-10.184696,-10.184696,0.000000,0.000000,0.000000,1.896781,2.564773,0.741000
5.000000,78.000000,38.835114,27.519712,-22.829704,-22.829704,0.000000,0.000000,0.000000,3.730307,2.482754,0.744000
0.000000,77.000000,6.183098,-1.158055,-15.349154,-15.349154,0.000000,0.000000,0.000000,2.645627,2.307489,0.744000
0.000000,79.000000,9.603085,6.778788,-12.702414,-12.702414,0.000000,0.000000,0.000000,2.261850,2.174875,0.745000
0.000000,68.000000,7.215330,91.092438,-9.413394,-9.413394,0.000000,0.000000,0.000000,1.784942,2.060317,0.747000
5.000000,74.000000,39.135883,80.217140,-22.066559,-22.066559,0.000000,0.000000,0.000000,3.619651,2.022782,0.746000
0.000000,67.000000,-0.429933,92.525093,-11.110413,-11.110413,0.000000,0.000000,0.000000,2.031010,1.937112,0.745000
-1.000000,71.000000,-8.319005,14.714835,-2.234742,-2.234742,0.000000,0.000000,0.000000,0.420000,1.911038,0.747000
-2.000000,75.000000,-16.852703,26.470516,6.592843,6.592843,0.000000,0.000000,0.000000,0.420000,1.932783,0.747000
0.000000,80.000000,-4.826416,53.011372,6.275053,6.275053,0.000000,0.000000,0.000000,0.420000,1.993064,0.747000
7.000000,77.000000,46.110466,70.212219,-16.666519,-16.666519,0.000000,0.000000,0.000000,2.836645,1.998192,0.746000
0.000000,86.000000,-2.701139,15.178808,-7.814464,-7.814464,0.000000,0.000000,0.000000,0.420000,1.940237,0.749000
3.000000,85.000000,22.894258,-3.774556,-14.634342,-14.634342,0.000000,0.000000,0.000000,2.541980,1.907234,0.748000
1.000000,86.000000,7.847646,-22.204235,-11.780167,-11.780167,0.000000,0.000000,0.000000,2.128124,1.932213,0.748000
0.000000,77.000000,-3.221333,106.630287,-4.069819,-4.069819,0.000000,0.000000,0.000000,0.420000,1.990399,0.747000
0.000000,75.000000,-8.821807,74.453438,2.401493,2.401493,0.000000,0.000000,0.000000,0.420000,2.058825,0.747000
10.000000,76.000000,64.517181,25.774618,-27.479939,-27.479939,0.000000,0.000000,0.000000,4.404591,2.133950,0.749000
5.000000,78.000000,32.891415,-50.762775,-30.371967,-30.371967,0.000000,0.000000,0.000000,4.823935,2.141317,0.749000
0.000000,75.000000,-0.806588,48.682415,-15.903477,-15.903477,0.000000,0.000000,0.000000,2.726004,2.167286,0.748000
1.000000,85.000000,0.608702,98.930542,-8.130453,-8.130453,0.000000,0.000000,0.000000,1.598916,2.256148,0.749000
2.000000,83.000000,-1.213744,59.292744,-3.391930,-3.391930,0.000000,0.000000,0.000000,0.420000,2.487588,0.750000
8.000000,87.000000,44.461422,-3.526040,-21.904934,-21.904934,0.000000,0.000000,0.000000,3.596215,2.599677,0.750000
2.000000,92.000000,7.281134,-9.070951,-15.405863,-15.405863,0.000000,0.000000,0.000000,2.653850,2.612720,0.751000
0.000000,85.000000,-1.324814,-72.137352,-8.526295,-8.526295,0.000000,0.000000,0.000000,1.656313,2.600581,0.750000
2.000000,89.000000,16.980385,-143.694519,-13.623886,-13.623886,0.000000,0.000000,0.000000,2.395463,2.668633,0.751000
0.000000,77.000000,4.144331,44.096130,-8.961221,-8.961221,0.000000,0.000000,0.000000,1.719377,2.566937,0.750000
0.000000,76.000000,9.035338,172.779602,-7.439557,-7.439557,0.000000,0.000000,0.000000,0.420000,2.291484,0.751000
0.000000,75.000000,10.031436,166.880630,-7.103977,-7.103977,0.000000,0.000000,0.000000,0.420000,2.068056,0.752000
-1.000000,85.000000,0.967404,174.249588,-2.774273,-2.774273,0.000000,0.000000,0.000000,0.420000,1.898975,0.753000
0.000000,75.000000,9.021935,105.892120,-4.632692,-4.632692,0.000000,0.000000,0.000000,0.420000,1.683629,0.753000
0.000000,80.000000,7.898597,-22.967247,-6.309054,-6.309054,0.000000,0.000000,0.000000,0.420000,1.589611,0.754000
-1.000000,82.000000,0.042436,47.059341,-3.065542,-3.065542,0.000000,0.000000,0.000000,0.420000,1.479717,0.754000
0.000000,85.000000,6.962903,100.230431,-3.917281,-3.917281,0.000000,0.000000,0.000000,0.420000,1.298621,0.753000
2.000000,83.000000,19.543217,113.572014,-9.926804,-9.926804,0.000000,0.000000,0.000000,1.859386,1.184939,0.753000
0.000000,84.000000,-0.319609,65.335213,-4.727901,-4.727901,0.000000,0.000000,0.000000,0.420000,1.197040,0.753000
0.000000,85.000000,0.142798,14.221174,-2.536614,-2.536614,0.000000,0.000000,0.000000,0.420000,1.160949,0.756000
0.000000,75.000000,1.340319,-71.651131,-2.643142,-2.643142,0.000000,0.000000,0.000000,0.420000,1.190747,0.753000
0.000000,78.000000,2.192888,-29.911673,-2.709733,-2.709733,0.000000,0.000000,0.000000,0.420000,1.200227,0.755000
0.000000,73.000000,2.387859,-9.438109,-2.649832,-2.649832,0.000000,0.000000,0.000000,0.420000,1.162549,0.754000
0.000000,80.000000,6.999802,105.018318,-3.662153,-3.662153,0.000000,0.000000,0.000000,0.420000,0.940076,0.753000
1.000000,73.000000,17.119438,37.544270,-9.380033,-9.380033,0.000000,0.000000,0.000000,1.780105,0.725385,0.753000
-1.000000,76.000000,3.196052,4.197425,-6.559465,-6.559465,0.000000,0.000000,0.000000,0.420000,0.573837,0.753000
-1.000000,75.000000,1.471325,-85.574219,-5.039969,-5.039969,0.000000,0.000000,0.000000,0.420000,0.529013,0.757000
-1.000000,71.000000,0.561158,-61.881687,-3.581440,-3.581440,0.000000,0.000000,0.000000,0.420000,0.539796,0.758000
0.000000,74.000000,7.471181,26.200579,-5.096019,-5.096019,0.000000,0.000000,0.000000,0.420000,0.450747,0.754000
0.000000,74.000000,6.129477,14.928146,-5.426722,-5.426722,0.000000,0.000000,0.000000,0.420000,0.366902,0.755000
1.000000,76.000000,10.570247,16.456636,-7.593199,-7.593199,0.000000,0.000000,0.000000,0.420000,0.338538,0.755000
0.000000,70.000000,4.638444,32.222839,-5.973554,-5.973554,0.000000,0.000000,0.000000,0.420000,0.202133,0.755000
0.000000,66.000000,9.023395,-9.415354,-7.430720,-7.430720,0.000000,0.000000,0.000000,0.420000,0.046388,0.756000
-1.000000,70.000000,2.966316,-50.501556,-5.876252,-5.876252,0.000000,0.000000,0.000000,0.420000,-0.053346,0.755000
0.000000,68.000000,9.156083,-219.830032,-9.330647,-9.330647,0.000000,0.000000,0.000000,1.772944,-0.106239,0.755000
0.000000,69.000000,7.665484,-132.803101,-9.776551,-9.776551,0.000000,0.000000,0.000000,1.837600,-0.156974,0.756000
0.000000,66.000000,5.716260,-45.952888,-8.362996,-8.362996,0.000000,0.000000,0.000000,1.632634,-0.136782,0.754000
2.000000,67.000000,16.466642,39.107433,-11.657669,-11.657669,0.000000,0.000000,0.000000,2.110362,-0.110502,0.754000
3.000000,65.000000,17.762318,1.105015,-14.394815,-14.394815,0.000000,0.000000,0.000000,2.507248,0.062874,0.756000
1.000000,68.000000,-4.846028,-183.292755,-7.386071,-7.386071,0.000000,0.000000,0.000000,0.420000,0.412478,0.755000
3.000000,75.000000,6.808343,-208.024841,-8.998318,-8.998318,0.000000,0.000000,0.000000,1.724756,0.891513,0.754000
6.000000,76.000000,29.221020,-13.849581,-18.223179,-18.223179,0.000000,0.000000,0.000000,3.062361,1.133016,0.754000
4.000000,71.000000,17.474279,112.255234,-16.875877,-16.875877,0.000000,0.000000,0.000000,2.867002,1.152392,0.755000
2.000000,63.000000,4.980914,135.385986,-10.304670,-10.304670,0.000000,0.000000,0.000000,1.914177,1.199249,0.753000
1.000000,65.000000,-4.303243,49.507244,-3.285544,-3.285544,0.000000,0.000000,0.000000,0.420000,1.346717,0.750000
4.000000,68.000000,17.488232,22.922215,-9.470453,-9.470453,0.000000,0.000000,0.000000,1.793216,1.477539,0.752000
7.000000,66.000000,42.867130,-35.887287,-24.821941,-24.821941,0.000000,0.000000,0.000000,4.019181,1.576012,0.754000
2.000000,72.000000,7.640026,-60.438980,-17.634029,-17.634029,0.000000,0.000000,0.000000,2.976934,1.673190,0.753000
1.000000,76.000000,1.894495,40.692913,-10.185003,-10.185003,0.000000,0.000000,0.000000,1.896825,1.723795,0.751000
1.000000,79.000000,2.854387,7.199715,-6.821429,-6.821429,0.000000,0.000000,0.000000,0.420000,1.730249,0.751000
2.000000,74.000000,11.621381,218.674652,-7.013335,-7.013335,0.000000,0.000000,0.000000,0.420000,1.690496,0.750000
0.000000,79.000000,-2.227236,93.638840,-2.012329,-2.012329,0.000000,0.000000,0.000000,0.420000,1.672433,0.748000
0.000000,77.000000,2.335293,71.656273,-1.512756,-1.512756,0.000000,0.000000,0.000000,0.420000,1.507235,0.748000
1.000000,69.000000,14.778778,-63.845074,-8.057072,-8.057072,0.000000,0.000000,0.000000,1.588275,1.359702,0.750000
-1.000000,63.000000,8.083810,-72.664673,-8.723086,-8.723086,0.000000,0.000000,0.000000,1.684847,1.091046,0.749000
-2.000000,68.000000,5.089425,87.165176,-6.303452,-6.303452,0.000000,0.000000,0.000000,0.420000,0.809776,0.746000
0.000000,64.000000,16.718351,121.178192,-9.899553,-9.899553,0.000000,0.000000,0.000000,1.855435,0.596276,0.747000
0.000000,66.000000,15.840605,-57.460419,-13.090170,-13.090170,0.000000,0.000000,0.000000,2.318075,0.394705,0.747000
-1.000000,65.000000,7.036241,-17.576735,-10.524093,-10.524093,0.000000,0.000000,0.000000,1.945993,0.287581,0.746000
-1.000000,70.000000,-0.867568,66.151184,-4.802485,-4.802485,0.000000,0.000000,0.000000,0.420000,0.250230,0.744000
0.000000,69.000000,0.602991,-38.454170,-3.258800,-3.258800,0.000000,0.000000,0.000000,0.420000,0.276805,0.747000
2.000000,71.000000,14.169634,-51.317986,-8.630536,-8.630536,0.000000,0.000000,0.000000,1.671428,0.355239,0.747000
2.000000,69.000000,18.082869,-10.721744,-12.980581,-12.980581,0.000000,0.000000,0.000000,2.302184,0.289648,0.746000
-2.000000,69.000000,-9.624136,8.550277,-2.731506,-2.731506,0.000000,0.000000,0.000000,0.420000,0.223716,0.748000
0.000000,62.000000,4.499276,-23.211908,-3.735910,-3.735910,0.000000,0.000000,0.000000,0.420000,0.197299,0.749000
3.000000,59.000000,27.583626,-20.336454,-14.650410,-14.650410,0.000000,0.000000,0.000000,2.544309,0.068744,0.750000
0.000000,58.000000,10.829563,-75.316429,-13.608876,-13.608876,0.000000,0.000000,0.000000,2.393287,-0.108649,0.748000
3.000000,59.000000,33.984600,-19.416124,-22.952696,-22.952696,0.000000,0.000000,0.000000,3.748141,-0.190323,0.750000
2.000000,62.000000,20.546753,-139.679703,-23.127140,-23.127140,0.000000,0.000000,0.000000,3.773435,-0.119240,0.749000
2.000000,66.000000,14.221963,-162.619629,-20.583385,-20.583385,0.000000,0.000000,0.000000,3.404591,0.102240,0.749000
0.000000,71.000000,-5.415370,-143.126282,-10.172082,-10.172082,0.000000,0.000000,0.000000,1.894952,0.366346,0.750000
2.000000,70.000000,4.953056,-109.334526,-8.807531,-8.807531,0.000000,0.000000,0.000000,1.697092,0.610795,0.749000
2.000000,69.000000,4.805181,84.593567,-6.245131,-6.245131,0.000000,0.000000,0.000000,0.420000,0.716549,0.751000
5.000000,75.000000,26.698849,50.377640,-14.995906,-14.995906,0.000000,0.000000,0.000000,2.594406,0.786447,0.751000
4.000000,64.000000,22.589144,-63.242813,-18.982048,-18.982048,0.000000,0.000000,0.000000,3.172397,0.822063,0.749000
3.000000,69.000000,23.319704,33.065994,-20.636400,-20.636400,0.000000,0.000000,0.000000,3.412278,0.735647,0.749000
0.000000,65.000000,4.168198,61.973873,-12.667944,-12.667944,0.000000,0.000000,0.000000,2.256852,0.623120,0.747000
1.000000,60.000000,9.360159,-34.981834,-11.494277,-11.494277,0.000000,0.000000,0.000000,2.086670,0.667548,0.746000
1.000000,64.000000,6.216382,-101.456757,-10.032335,-10.032335,0.000000,0.000000,0.000000,1.874689,0.820376,0.748000
0.000000,66.000000,-3.219410,136.601791,-2.839634,-2.839634,0.000000,0.000000,0.000000,0.420000,0.808692,0.749000
5.000000,74.000000,32.427513,225.734024,-14.122572,-14.122572,0.000000,0.000000,0.000000,2.467773,0.790348,0.748000
5.000000,74.000000,28.391113,155.260834,-19.146069,-19.146069,0.000000,0.000000,0.000000,3.196180,0.917981,0.748000
3.000000,76.000000,14.388646,41.216370,-16.634281,-16.634281,0.000000,0.000000,0.000000,2.831971,0.940093,0.747000
1.000000,77.000000,3.619256,154.885910,-9.383547,-9.383547,0.000000,0.000000,0.000000,1.780614,0.914585,0.746000
9.000000,75.000000,60.253628,17.441769,-32.118111,-32.118111,0.000000,0.000000,0.000000,5.077126,1.000232,0.747000
3.000000,67.000000,9.918177,-101.674278,-23.043209,-23.043209,0.000000,0.000000,0.000000,3.761265,1.295253,0.746000
5.000000,72.000000,23.958200,52.479420,-22.982639,-22.982639,0.000000,0.000000,0.000000,3.752483,1.483218,0.745000
3.000000,71.000000,7.953204,127.965248,-15.067706,-15.067706,0.000000,0.000000,0.000000,2.604817,1.632526,0.745000
8.000000,74.000000,44.509552,57.383945,-27.800081,-27.800081,0.000000,0.000000,0.000000,4.451012,1.774052,0.743000
3.000000,73.000000,8.746886,-147.706100,-20.555500,-20.555500,0.000000,0.000000,0.000000,3.400548,1.995348,0.744000
3.000000,74.000000,12.568748,5.851804,-16.908794,-16.908794,0.000000,0.000000,0.000000,2.871775,2.105375,0.743000
2.000000,80.000000,9.410438,59.333481,-13.000532,-13.000532,0.000000,0.000000,0.000000,2.305077,2.108531,0.741000
5.000000,81.000000,35.481216,4.510015,-23.076250,-23.076250,0.000000,0.000000,0.000000,3.766056,2.054170,0.739000
2.000000,82.000000,18.254324,77.000595,-20.213379,-20.213379,0.000000,0.000000,0.000000,3.350940,1.885484,0.741000
2.000000,80.000000,23.266373,34.586464,-21.275949,-21.275949,0.000000,0.000000,0.000000,3.505013,1.699726,0.741000
1.000000,77.000000,14.128643,64.615791,-17.478119,-17.478119,0.000000,0.000000,0.000000,2.954327,1.569089,0.740000
0.000000,64.000000,0.568199,59.330490,-9.334682,-9.334682,0.000000,0.000000,0.000000,1.773529,1.655449,0.740000
1.000000,64.000000,1.879592,-135.076904,-7.195583,-7.195583,0.000000,0.000000,0.000000,0.420000,1.753332,0.739000
7.000000,67.000000,50.457062,-1.754155,-26.679035,-26.679035,0.000000,0.000000,0.000000,4.288460,1.718247,0.738000
4.000000,67.000000,34.744064,-2.503624,-30.330830,-30.330830,0.000000,0.000000,0.000000,4.817970,1.579620,0.739000
0.000000,68.000000,10.074471,-41.799728,-21.591667,-21.591667,0.000000,0.000000,0.000000,3.550792,1.377921,0.740000
1.000000,70.000000,18.060699,71.636894,-19.358000,-19.358000,0.000000,0.000000,0.000000,3.226910,1.262587,0.740000
0.000000,73.000000,7.755209,118.625809,-13.069112,-13.069112,0.000000,0.000000,0.000000,2.315021,1.086835,0.739000
1.000000,69.000000,10.260368,33.424412,-11.504357,-11.504357,0.000000,0.000000,0.000000,2.088132,1.030858,0.741000
0.000000,75.000000,1.021908,-37.335567,-7.123275,-7.123275,0.000000,0.000000,0.000000,0.420000,1.035393,0.741000
-2.000000,76.000000,-13.910283,-75.717567,1.660367,1.660367,0.000000,0.000000,0.000000,0.420000,1.059863,0.741000
2.000000,74.000000,19.736538,-168.664520,-9.486219,-9.486219,0.000000,0.000000,0.000000,1.795502,0.997174,0.741000
-1.000000,63.000000,9.726601,-119.412315,-10.669102,-10.669102,0.000000,0.000000,0.000000,1.967020,0.772342,0.743000
5.000000,58.000000,62.172691,-64.815628,-34.429058,-34.429058,0.000000,0.000000,0.000000,5.412213,0.446905,0.741000
-1.000000,63.000000,20.081837,87.853737,-27.182125,-27.182125,0.000000,0.000000,0.000000,4.361408,0.088785,0.743000
0.000000,64.000000,19.822016,78.180405,-23.166452,-23.166452,0.000000,0.000000,0.000000,3.779135,-0.144014,0.742000
0.000000,61.000000,9.541616,118.687180,-15.967093,-15.967093,0.000000,0.000000,0.000000,2.735229,-0.229369,0.741000
3.000000,63.000000,22.579475,-59.414581,-19.477396,-19.477396,0.000000,0.000000,0.000000,3.244222,-0.140755,0.740000
6.000000,62.000000,39.057796,-168.366394,-29.803873,-29.803873,0.000000,0.000000,0.000000,4.741561,0.111817,0.741000
5.000000,68.000000,24.422060,-191.013077,-29.101175,-29.101175,0.000000,0.000000,0.000000,4.639670,0.591248,0.737000
4.000000,72.000000,11.399260,-45.087246,-21.541100,-21.541100,0.000000,0.000000,0.000000,3.543459,0.931620,0.737000
5.000000,67.000000,17.890173,-29.538210,-20.164026,-20.164026,0.000000,0.000000,0.000000,3.343784,1.202824,0.736000
5.000000,61.000000,19.863440,97.460335,-19.151619,-19.151619,0.000000,0.000000,0.000000,3.196985,1.367655,0.734000
4.000000,53.000000,15.528653,36.187233,-17.195599,-17.195599,0.000000,0.000000,0.000000,2.913362,1.454573,0.735000
3.000000,51.000000,10.293022,-63.452148,-14.660509,-14.660509,0.000000,0.000000,0.000000,2.545774,1.599440,0.733000
2.000000,51.000000,8.181483,-36.771000,-12.075886,-12.075886,0.000000,0.000000,0.000000,2.171003,1.624401,0.732000
2.000000,52.000000,13.085839,6.856639,-12.468656,-12.468656,0.000000,0.000000,0.000000,2.227955,1.616124,0.731000
2.000000,53.000000,17.643843,30.927525,-14.519142,-14.519142,0.000000,0.000000,0.000000,2.525276,1.510917,0.731000
2.000000,57.000000,23.001545,182.199219,-16.696430,-16.696430,0.000000,0.000000,0.000000,2.840982,1.192247,0.732000
0.000000,57.000000,13.911803,6.217727,-15.387388,-15.387388,0.000000,0.000000,0.000000,2.651171,0.895061,0.729000
1.000000,56.000000,22.300806,70.690956,-17.862207,-17.862207,0.000000,0.000000,0.000000,3.010020,0.677383,0.727000
1.000000,64.000000,19.219393,141.866028,-17.196146,-17.196146,0.000000,0.000000,0.000000,2.913441,0.450971,0.728000
1.000000,63.000000,15.493377,2.950900,-16.403341,-16.403341,0.000000,0.000000,0.000000,2.798485,0.304728,0.728000
0.000000,60.000000,6.002471,93.962662,-10.877287,-10.877287,0.000000,0.000000,0.000000,1.997207,0.228221,0.727000
2.000000,51.000000,16.544567,152.570587,-12.054427,-12.054427,0.000000,0.000000,0.000000,2.167892,0.131761,0.724000
4.000000,48.000000,29.803297,216.121033,-18.096329,-18.096329,0.000000,0.000000,0.000000,3.043968,-0.029157,0.725000
4.000000,46.000000,28.825304,-69.511040,-23.549965,-23.549965,0.000000,0.000000,0.000000,3.834745,-0.051968,0.726000
3.000000,50.000000,25.418436,87.528671,-23.603018,-23.603018,0.000000,0.000000,0.000000,3.842438,-0.197424,0.723000
2.000000,46.000000,19.080400,-27.847672,-21.818470,-21.818470,0.000000,0.000000,0.000000,3.583678,-0.267660,0.723000
2.000000,50.000000,14.926444,-52.647007,-19.190882,-19.190882,0.000000,0.000000,0.000000,3.202678,-0.214032,0.720000
6.000000,57.000000,38.330070,228.855911,-25.743813,-25.743813,0.000000,0.000000,0.000000,4.152853,-0.068453,0.722000
5.000000,53.000000,29.310379,156.122131,-25.943668,-25.943668,0.000000,0.000000,0.000000,4.181832,-0.025860,0.721000
2.000000,55.000000,9.914729,146.247665,-17.414417,-17.414417,0.000000,0.000000,0.000000,2.945091,-0.091020,0.721000
3.000000,58.000000,14.136940,17.264072,-15.784176,-15.784176,0.000000,0.000000,0.000000,2.708705,0.058984,0.722000
8.000000,53.000000,45.176918,176.799286,-27.419716,-27.419716,0.000000,0.000000,0.000000,4.395859,0.182124,0.722000
3.000000,41.000000,6.968353,45.430813,-17.807726,-17.807726,0.000000,0.000000,0.000000,3.002120,0.270685,0.721000
2.000000,40.000000,1.980497,-62.267262,-11.245879,-11.245879,0.000000,0.000000,0.000000,2.050653,0.415259,0.719000
2.000000,44.000000,2.583796,-121.669998,-8.442972,-8.442972,0.000000,0.000000,0.000000,1.644231,0.730541,0.718000
7.000000,40.000000,38.347061,98.220879,-21.015823,-21.015823,0.000000,0.000000,0.000000,3.467294,0.826679,0.719000
4.000000,42.000000,20.072920,-38.865433,-20.941305,-20.941305,0.000000,0.000000,0.000000,3.456489,0.858790,0.719000
0.000000,45.000000,-2.541211,-39.422886,-10.728979,-10.728979,0.000000,0.000000,0.000000,1.975702,0.857261,0.717000
1.000000,52.000000,6.880324,-22.838240,-9.202629,-9.202629,0.000000,0.000000,0.000000,1.754381,0.895403,0.718000
0.000000,52.000000,1.269095,-135.380753,-6.850965,-6.850965,0.000000,0.000000,0.000000,0.420000,0.903159,0.717000
4.000000,51.000000,36.570747,-77.072495,-20.918522,-20.918522,0.000000,0.000000,0.000000,3.453186,0.788209,0.717000
7.000000,57.000000,64.443298,58.071548,-39.982029,-39.982029,0.000000,0.000000,0.000000,6.217394,0.493420,0.715000
1.000000,52.000000,22.493380,176.024551,-30.527916,-30.527916,0.000000,0.000000,0.000000,4.846548,0.179582,0.717000
0.000000,38.000000,8.894023,18.211475,-20.628761,-20.628761,0.000000,0.000000,0.000000,3.411170,0.127720,0.714000
3.000000,35.000000,21.852264,147.412338,-19.852627,-19.852627,0.000000,0.000000,0.000000,3.298631,0.122928,0.713000
0.000000,38.000000,-5.891261,43.338699,-7.877830,-7.877830,0.000000,0.000000,0.000000,0.420000,0.243052,0.713000
4.000000,42.000000,15.409567,-27.228765,-11.512171,-11.512171,0.000000,0.000000,0.000000,2.089265,0.545936,0.711000
11.000000,40.000000,63.824833,-18.850975,-35.222527,-35.222527,0.000000,0.000000,0.000000,5.527267,0.723855,0.710000
1.000000,46.000000,2.000427,60.207272,-19.730717,-19.730717,0.000000,0.000000,0.000000,3.280954,0.635846,0.711000
0.000000,53.000000,3.987823,-46.028690,-13.060673,-13.060673,0.000000,0.000000,0.000000,2.313797,0.488052,0.712000
0.000000,50.000000,9.431287,47.227016,-11.002407,-11.002407,0.000000,0.000000,0.000000,2.015349,0.296577,0.710000
0.000000,51.000000,8.429159,9.772001,-9.756497,-9.756497,0.000000,0.000000,0.000000,1.834692,0.198112,0.709000
1.000000,53.000000,12.466555,-8.330156,-11.050995,-11.050995,0.000000,0.000000,0.000000,2.022394,0.090740,0.712000
0.000000,50.000000,7.901639,-218.590820,-11.601103,-11.601103,0.000000,0.000000,0.000000,2.102160,0.070556,0.711000
0.000000,35.000000,13.253906,9.973764,-12.255100,-12.255100,0.000000,0.000000,0.000000,2.196990,-0.074688,0.710000
0.000000,33.000000,13.250107,64.574913,-10.895408,-10.895408,0.000000,0.000000,0.000000,1.999834,-0.254214,0.708000
0.000000,34.000000,7.803904,-146.194839,-13.278167,-13.278167,0.000000,0.000000,0.000000,2.345334,-0.201743,0.707000
0.000000,40.000000,3.918299,-197.334122,-10.842234,-10.842234,0.000000,0.000000,0.000000,1.992124,0.024573,0.709000
0.000000,43.000000,0.927939,-128.628540,-7.538458,-7.538458,0.000000,0.000000,0.000000,0.420000,0.203326,0.707000
-1.000000,46.000000,-8.161634,5.501011,-0.423907,-0.423907,0.000000,0.000000,0.000000,0.420000,0.293204,0.703000
-2.000000,44.000000,-14.935893,55.154469,6.984393,6.984393,0.000000,0.000000,0.000000,0.420000,0.211481,0.702000
2.000000,47.000000,16.056992,120.631134,-2.298550,-2.298550,0.000000,0.000000,0.000000,0.420000,0.074286,0.703000
0.000000,55.000000,8.901129,115.067352,-4.234104,-4.234104,0.000000,0.000000,0.000000,0.420000,-0.253268,0.702000
10.000000,51.000000,85.877014,-73.340874,-41.633480,-41.633480,0.000000,0.000000,0.000000,6.456854,-0.546550,0.703000
2.000000,50.000000,32.197701,-86.133629,-38.162579,-38.162579,0.000000,0.000000,0.000000,5.953574,-0.716353,0.702000
0.000000,36.000000,15.497472,-174.132721,-29.530476,-29.530476,0.000000,0.000000,0.000000,4.701919,-0.725392,0.701000
1.000000,38.000000,12.134534,-91.757713,-22.528122,-22.528122,0.000000,0.000000,0.000000,3.686578,-0.524188,0.701000
3.000000,39.000000,13.482470,123.787514,-17.343493,-17.343493,0.000000,0.000000,0.000000,2.934806,-0.343692,0.700000
9.000000,34.000000,46.686020,167.690247,-14.073254,-14.073254,0.000000,0.000000,0.000000,2.460622,-0.101133,0.697000
5.000000,43.000000,17.342510,200.729843,-13.737850,-13.737850,0.000000,0.000000,0.000000,2.411988,0.015427,0.696000
5.000000,40.000000,21.398613,281.140900,-14.654925,-14.654925,0.000000,0.000000,0.000000,2.544964,-0.123238,0.696000
7.000000,42.000000,41.789391,131.795334,-25.679277,-25.679277,0.000000,0.000000,0.000000,4.143495,-0.240603,0.696000
2.000000,50.000000,11.774696,12.810453,-19.306923,-19.306923,0.000000,0.000000,0.000000,3.219504,-0.293151,0.695000
4.000000,53.000000,25.514517,-54.704056,-22.592676,-22.592676,0.000000,0.000000,0.000000,3.695938,-0.188034,0.692000
8.000000,52.000000,52.985836,-171.072998,-37.809254,-37.809254,0.000000,0.000000,0.000000,5.902342,-0.010766,0.693000
4.000000,50.000000,26.860519,-110.697548,-33.878601,-33.878601,0.000000,0.000000,0.000000,5.332397,0.144656,0.691000
0.000000,40.000000,-2.063497,-139.832169,-18.963146,-18.963146,0.000000,0.000000,0.000000,3.169656,0.288908,0.691000
1.000000,29.000000,-0.300567,-56.137291,-19.612070,-19.612070,0.000000,0.000000,0.000000,3.263750,0.497665,0.691000
2.000000,39.000000,4.367389,79.616562,-12.035414,-12.035414,0.000000,0.000000,0.000000,2.165135,0.601970,0.691000
11.000000,40.000000,67.801865,-98.191376,-38.014038,-38.014038,0.000000,0.000000,0.000000,5.932035,0.710403,0.690000
2.000000,34.000000,9.605993,72.619339,-36.048782,-36.048782,0.000000,0.000000,0.000000,5.647073,0.707338,0.691000
0.000000,40.000000,-3.051067,60.775551,-17.906870,-17.906870,0.000000,0.000000,0.000000,3.016496,0.730376,0.692000
1.000000,44.000000,2.231177,23.165136,-10.644321,-10.644321,0.000000,0.000000,0.000000,1.963426,0.831196,0.690000
-4.000000,46.000000,-34.613693,18.568024,9.888897,9.888897,0.000000,0.000000,0.000000,-1.013890,0.965945,0.690000
-3.000000,48.000000,-30.572329,39.532722,19.552235,19.552235,0.000000,0.000000,0.000000,-2.415074,1.118821,0.691000
0.000000,51.000000,-9.558925,56.890213,15.567257,15.567257,0.000000,0.000000,0.000000,-1.837252,1.118614,0.691000
-1.000000,49.000000,-8.129638,-36.296329,11.893661,11.893661,0.000000,0.000000,0.000000,-1.304581,0.989116,0.694000
-3.000000,39.000000,-6.708203,165.130051,11.046375,11.046375,0.000000,0.000000,0.000000,-1.181724,0.471074,0.693000
0.000000,41.000000,25.615391,69.894432,-4.822370,-4.822370,0.000000,0.000000,0.000000,0.420000,-0.081882,0.695000
-7.000000,34.000000,-21.884949,34.831966,-4.121131,-4.121131,0.000000,0.000000,0.000000,0.420000,-0.459882,0.694000
-1.000000,35.000000,13.042824,-203.897781,-9.970973,-9.970973,0.000000,0.000000,0.000000,1.865791,-0.545092,0.693000
0.000000,40.000000,10.012743,-241.648087,-12.164602,-12.164602,0.000000,0.000000,0.000000,2.183867,-0.415866,0.695000
1.000000,43.000000,7.707156,-116.943832,-11.211246,-11.211246,0.000000,0.000000,0.000000,2.045631,-0.147996,0.697000
0.000000,42.000000,-8.980032,142.048386,-0.846736,-0.846736,0.000000,0.000000,0.000000,0.420000,0.073240,0.695000
0.000000,49.000000,-14.650395,243.662445,8.319934,8.319934,0.000000,0.000000,0.000000,-0.786390,0.069902,0.696000
-1.000000,51.000000,-20.714298,74.626244,14.569034,14.569034,0.000000,0.000000,0.000000,-1.692510,0.131291,0.699000
-4.000000,47.000000,-35.345772,-32.081299,23.629833,23.629833,0.000000,0.000000,0.000000,-3.006326,0.159609,0.696000
0.000000,45.000000,-2.999330,-7.990728,14.274191,14.274191,0.000000,0.000000,0.000000,-1.649758,0.152509,0.695000
-1.000000,40.000000,-3.890444,-4.150752,9.564148,9.564148,0.000000,0.000000,0.000000,-0.966801,0.018550,0.699000
0.000000,39.000000,11.750101,47.729523,0.402302,0.402302,0.000000,0.000000,0.000000,0.420000,-0.302524,0.698000
-1.000000,37.000000,11.139496,-158.834915,-6.221021,-6.221021,0.000000,0.000000,0.000000,0.420000,-0.508878,0.698000
-2.000000,36.000000,2.741723,-174.954987,-6.229932,-6.229932,0.000000,0.000000,0.000000,0.420000,-0.505435,0.701000
-2.000000,39.000000,-3.676285,-166.807510,-3.273402,-3.273402,0.000000,0.000000,0.000000,0.420000,-0.446310,0.699000
0.000000,42.000000,3.092409,-9.183194,-3.274604,-3.274604,0.000000,0.000000,0.000000,0.420000,-0.365741,0.701000
2.000000,49.000000,12.778412,228.161469,-5.497865,-5.497865,0.000000,0.000000,0.000000,0.420000,-0.477062,0.702000
0.000000,50.000000,-5.355429,-4.016382,-0.650031,-0.650031,0.000000,0.000000,0.000000,0.420000,-0.433531,0.701000
0.000000,50.000000,-6.723608,80.843872,3.395701,3.395701,0.000000,0.000000,0.000000,0.420000,-0.335682,0.701000
0.000000,49.000000,-8.089267,49.252937,5.951082,5.951082,0.000000,0.000000,0.000000,0.420000,-0.242594,0.701000
0.000000,50.000000,-9.114100,156.856430,8.786148,8.786148,0.000000,0.000000,0.000000,-0.853992,-0.263279,0.701000
2.000000,36.000000,4.479664,71.463470,3.459704,3.459704,0.000000,0.000000,0.000000,0.420000,-0.229369,0.699000
3.000000,33.000000,12.967484,92.737465,5.033319,5.033319,0.000000,0.000000,0.000000,0.420000,-0.237373,0.699000
2.000000,40.000000,6.228880,56.556126,0.474335,0.474335,0.000000,0.000000,0.000000,0.420000,-0.170191,0.701000
1.000000,41.000000,0.782087,-29.691277,-0.358276,-0.358276,0.000000,0.000000,0.000000,0.420000,-0.096649,0.701000
1.000000,45.000000,-0.943692,7.356577,0.293819,0.293819,0.000000,0.000000,0.000000,0.420000,0.051538,0.700000
0.000000,47.000000,-9.765610,35.389660,4.874631,4.874631,0.000000,0.000000,0.000000,0.420000,0.207165,0.699000
-4.000000,50.000000,-39.867428,-67.808640,20.011112,20.011112,0.000000,0.000000,0.000000,-2.481611,0.447974,0.698000
2.000000,56.000000,2.341008,-66.321541,9.355763,9.355763,0.000000,0.000000,0.000000,-0.936586,0.646883,0.698000
1.000000,60.000000,-0.058436,-137.792358,3.931835,3.931835,0.000000,0.000000,0.000000,0.420000,0.759556,0.699000
0.000000,59.000000,2.717650,52.541481,1.412440,1.412440,0.000000,0.000000,0.000000,0.420000,0.627415,0.703000
0.000000,60.000000,8.318125,306.561279,-0.207263,-0.207263,0.000000,0.000000,0.000000,0.420000,0.430027,0.702000
4.000000,49.000000,35.423996,104.821465,-15.111402,-15.111402,0.000000,0.000000,0.000000,2.611153,0.246790,0.700000
3.000000,49.000000,25.552628,-146.412781,-21.127668,-21.127668,0.000000,0.000000,0.000000,3.483512,0.295807,0.697000
-4.000000,48.000000,-24.998070,148.044998,0.961319,0.961319,0.000000,0.000000,0.000000,0.420000,0.272207,0.698000
-1.000000,51.000000,-9.383165,420.507568,8.535717,8.535717,0.000000,0.000000,0.000000,-0.817679,0.202514,0.697000
5.000000,52.000000,22.652031,381.531799,-2.064982,-2.064982,0.000000,0.000000,0.000000,0.420000,0.082748,0.695000
14.000000,63.000000,81.606514,175.723541,-36.277157,-36.277157,0.000000,0.000000,0.000000,5.680188,0.057341,0.696000
4.000000,64.000000,15.180048,-110.986206,-27.782333,-27.782333,0.000000,0.000000,0.000000,4.448438,0.188014,0.694000
8.000000,63.000000,43.120441,-59.613815,-35.221004,-35.221004,0.000000,0.000000,0.000000,5.527046,0.505077,0.699000
6.000000,73.000000,21.297525,-34.806942,-29.268702,-29.268702,0.000000,0.000000,0.000000,4.663962,0.984881,0.695000
8.000000,67.000000,24.162432,98.478157,-26.084578,-26.084578,0.000000,0.000000,0.000000,4.202264,1.524562,0.693000
12.000000,63.000000,44.797783,19.940765,-34.326050,-34.326050,0.000000,0.000000,0.000000,5.397277,2.101515,0.692000
10.000000,56.000000,27.578985,13.105507,-31.171921,-31.171921,0.000000,0.000000,0.000000,4.939929,2.744241,0.698000
12.000000,59.000000,37.523006,-9.016962,-34.111061,-34.111061,0.000000,0.000000,0.000000,5.366104,3.460117,0.693000
6.000000,62.000000,-2.125803,177.630493,-16.205797,-16.205797,0.000000,0.000000,0.000000,2.769841,3.935677,0.698000
11.000000,61.000000,37.652283,306.863708,-23.094942,-23.094942,0.000000,0.000000,0.000000,3.768767,4.257458,0.700000
10.000000,72.000000,35.018211,62.254826,-27.900120,-27.900120,0.000000,0.000000,0.000000,4.465518,4.623344,0.702000
6.000000,76.000000,11.367947,150.284912,-19.108078,-19.108078,0.000000,0.000000,0.000000,3.190671,4.930163,0.699000
9.000000,79.000000,37.564156,286.299866,-24.836613,-24.836613,0.000000,0.000000,0.000000,4.021309,4.975498,0.698000
6.000000,77.000000,21.192354,43.259033,-22.807365,-22.807365,0.000000,0.000000,0.000000,3.727068,5.097561,0.699000
4.000000,85.000000,11.913869,143.718689,-16.611824,-16.611824,0.000000,0.000000,0.000000,2.828715,5.196103,0.697000
7.000000,84.000000,34.370270,116.378883,-23.555716,-23.555716,0.000000,0.000000,0.000000,3.835579,5.226095,0.699000
2.000000,80.000000,1.243722,141.825043,-12.238894,-12.238894,0.000000,0.000000,0.000000,2.194640,5.270195,0.700000
1.000000,80.000000,-1.919655,266.329041,-3.470586,-3.470586,0.000000,0.000000,0.000000,0.420000,5.228298,0.699000
2.000000,87.000000,8.243081,173.989990,-4.052299,-4.052299,0.000000,0.000000,0.000000,0.420000,5.057418,0.698000
1.000000,88.000000,3.861071,86.831711,-3.184761,-3.184761,0.000000,0.000000,0.000000,0.420000,4.953422,0.696000
-1.000000,84.000000,-3.352971,123.030487,0.864492,0.864492,0.000000,0.000000,0.000000,0.420000,4.751173,0.695000
-4.000000,94.000000,-17.824503,106.444626,9.454498,9.454498,0.000000,0.000000,0.000000,-0.950902,4.515360,0.695000
-1.000000,90.000000,5.813386,148.521881,3.920647,3.920647,0.000000,0.000000,0.000000,0.420000,4.225327,0.693000
-4.000000,91.000000,-13.081874,140.610474,9.308694,9.308694,0.000000,0.000000,0.000000,-0.929761,3.851552,0.690000
-6.000000,103.000000,-26.858578,-21.663294,17.011173,17.011173,0.000000,0.000000,0.000000,-2.046620,3.633263,0.684000
-5.000000,98.000000,-19.028124,-219.895020,15.939746,15.939746,0.000000,0.000000,0.000000,-1.891263,3.518450,0.686000
-4.000000,96.000000,-13.117772,34.232121,14.977947,14.977947,0.000000,0.000000,0.000000,-1.751802,3.398963,0.685000
-6.000000,100.000000,-26.533651,174.058945,21.744543,21.744543,0.000000,0.000000,0.000000,-2.732959,3.035857,0.684000
-5.000000,97.000000,-16.600863,1.251446,19.441149,19.441149,0.000000,0.000000,0.000000,-2.398966,2.648207,0.689000
-7.000000,101.000000,-28.176603,-105.514374,22.422474,22.422474,0.000000,0.000000,0.000000,-2.831259,2.414109,0.685000
-9.000000,98.000000,-39.910839,5.086835,30.338020,30.338020,0.000000,0.000000,0.000000,-3.979013,2.120640,0.684000
-8.000000,97.000000,-33.660446,-64.585838,31.251839,31.251839,0.000000,0.000000,0.000000,-4.111516,1.862638,0.687000
-10.000000,97.000000,-47.004536,-107.703140,37.371223,37.371223,0.000000,0.000000,0.000000,-4.998827,1.589606,0.687000
-10.000000,108.000000,-41.763386,-154.789886,37.954586,37.954586,0.000000,0.000000,0.000000,-5.083415,1.266249,0.686000
-11.000000,107.000000,-43.354683,67.219803,40.989609,40.989609,0.000000,0.000000,0.000000,-5.523493,0.742499,0.686000
-11.000000,104.000000,-40.852497,-14.595284,40.796551,40.796551,0.000000,0.000000,0.000000,-5.495500,0.230111,0.686000
-12.000000,111.000000,-48.956032,-94.179443,43.620705,43.620705,0.000000,0.000000,0.000000,-5.905002,-0.187357,0.687000
-13.000000,111.000000,-53.139370,-107.831711,46.933617,46.933617,0.000000,0.000000,0.000000,-6.385374,-0.763098,0.693000
-12.000000,112.000000,-44.348812,-156.568741,44.361336,44.361336,0.000000,0.000000,0.000000,-6.012393,-1.303973,0.692000
-7.000000,105.000000,-9.689853,-6.713425,28.698748,28.698748,0.000000,0.000000,0.000000,-3.741318,-1.795284,0.694000
-10.000000,106.000000,-33.570473,-48.315376,30.456186,30.456186,0.000000,0.000000,0.000000,-3.996147,-2.241869,0.695000
-9.000000,101.000000,-29.342838,-233.592422,27.852848,27.852848,0.000000,0.000000,0.000000,-3.618663,-2.537743,0.698000
-9.000000,100.000000,-33.157707,-279.285187,27.726467,27.726467,0.000000,0.000000,0.000000,-3.600338,-2.574116,0.697000
-8.000000,107.000000,-33.700737,-1.997713,30.396908,30.396908,0.000000,0.000000,0.000000,-3.987551,-2.602040,0.696000
-8.000000,113.000000,-41.055843,-18.720739,35.024944,35.024944,0.000000,0.000000,0.000000,-4.658617,-2.745181,0.696000
-6.000000,107.000000,-30.528433,-60.610973,32.456017,32.456017,0.000000,0.000000,0.000000,-4.286122,-2.852118,0.698000
-6.000000,108.000000,-30.952856,97.365128,32.655884,32.655884,0.000000,0.000000,0.000000,-4.315103,-3.026103,0.699000
-7.000000,116.000000,-38.907047,56.404263,35.976547,35.976547,0.000000,0.000000,0.000000,-4.796599,-3.214454,0.699000
-4.000000,117.000000,-20.665836,90.044350,29.897127,29.897127,0.000000,0.000000,0.000000,-3.915083,-3.395569,0.699000
-7.000000,105.000000,-41.702919,-140.207626,33.947868,33.947868,0.000000,0.000000,0.000000,-4.502441,-3.473300,0.700000
-4.000000,103.000000,-21.423422,-301.888428,25.594872,25.594872,0.000000,0.000000,0.000000,-3.291256,-3.407463,0.701000
-4.000000,106.000000,-21.801403,-205.760437,22.035967,22.035967,0.000000,0.000000,0.000000,-2.775215,-3.227114,0.701000
-5.000000,104.000000,-30.907022,-83.600891,25.275536,25.275536,0.000000,0.000000,0.000000,-3.244952,-3.143715,0.701000
-4.000000,105.000000,-23.378897,145.652939,25.732924,25.732924,0.000000,0.000000,0.000000,-3.311274,-3.325610,0.702000
-3.000000,104.000000,-17.805801,74.309219,22.834501,22.834501,0.000000,0.000000,0.000000,-2.891002,-3.429613,0.703000
-3.000000,107.000000,-20.434643,133.143188,22.952854,22.952854,0.000000,0.000000,0.000000,-2.908164,-3.450078,0.702000
-4.000000,107.000000,-34.308178,-116.701546,27.012436,27.012436,0.000000,0.000000,0.000000,-3.496803,-3.257063,0.704000
-2.000000,102.000000,-23.264160,-216.555450,23.376713,23.376713,0.000000,0.000000,0.000000,-2.969623,-3.010286,0.702000
-1.000000,96.000000,-18.242489,-209.776703,19.178322,19.178322,0.000000,0.000000,0.000000,-2.360857,-2.664422,0.702000
-1.000000,98.000000,-20.727509,-29.609221,19.608973,19.608973,0.000000,0.000000,0.000000,-2.423301,-2.331055,0.701000
0.000000,98.000000,-14.247571,-37.570694,16.858206,16.858206,0.000000,0.000000,0.000000,-2.024440,-2.151567,0.703000
-1.000000,93.000000,-18.877628,-208.923660,15.886633,15.886633,0.000000,0.000000,0.000000,-1.883562,-1.905076,0.704000
-2.000000,91.000000,-22.515934,57.851578,19.390484,19.390484,0.000000,0.000000,0.000000,-2.391620,-1.798839,0.704000
-1.000000,92.000000,-16.291563,-110.134430,17.004761,17.004761,0.000000,0.000000,0.000000,-2.045690,-1.624789,0.702000
-3.000000,99.000000,-27.874720,-70.070541,21.265608,21.265608,0.000000,0.000000,0.000000,-2.663513,-1.479352,0.705000
-1.000000,93.000000,-10.842428,-226.698593,14.534889,14.534889,0.000000,0.000000,0.000000,-1.687559,-1.286585,0.704000
-1.000000,90.000000,-9.994624,-223.178467,10.483164,10.483164,0.000000,0.000000,0.000000,-1.100059,-0.979389,0.705000
-1.000000,98.000000,-9.444169,-145.215790,8.708674,8.708674,0.000000,0.000000,0.000000,-0.842758,-0.763926,0.707000
-1.000000,89.000000,-8.478547,118.725586,9.673647,9.673647,0.000000,0.000000,0.000000,-0.982679,-0.787617,0.706000
0.000000,87.000000,2.462473,119.915428,5.291632,5.291632,0.000000,0.000000,0.000000,0.420000,-1.022499,0.706000
-1.000000,89.000000,-4.896332,197.537537,6.891584,6.891584,0.000000,0.000000,0.000000,0.420000,-1.191254,0.709000
0.000000,93.000000,-4.468002,30.983963,6.079828,6.079828,0.000000,0.000000,0.000000,0.420000,-1.128301,0.709000
1.000000,91.000000,-2.674156,-28.375383,4.291897,4.291897,0.000000,0.000000,0.000000,0.420000,-0.903958,0.708000
1.000000,88.000000,-4.759594,33.213425,4.801281,4.801281,0.000000,0.000000,0.000000,0.420000,-0.714082,0.710000
1.000000,91.000000,-6.143229,-87.266266,4.619761,4.619761,0.000000,0.000000,0.000000,0.420000,-0.445949,0.710000
2.000000,92.000000,-2.292547,-89.279823,2.768996,2.768996,0.000000,0.000000,0.000000,0.420000,-0.068161,0.713000
1.000000,94.000000,-11.553947,-33.042015,6.424847,6.424847,0.000000,0.000000,0.000000,0.420000,0.231779,0.714000
2.000000,96.000000,0.167357,61.146572,4.008674,4.008674,0.000000,0.000000,0.000000,0.420000,0.289903,0.712000
2.000000,91.000000,5.781367,-69.917450,-1.026102,-1.026102,0.000000,0.000000,0.000000,0.420000,0.358787,0.714000
0.000000,94.000000,-5.270418,34.430637,2.117208,2.117208,0.000000,0.000000,0.000000,0.420000,0.401877,0.715000
1.000000,96.000000,2.092689,10.340558,0.315819,0.315819,0.000000,0.000000,0.000000,0.420000,0.477666,0.717000
0.000000,97.000000,-4.313426,15.288758,2.252341,2.252341,0.000000,0.000000,0.000000,0.420000,0.483213,0.718000
0.000000,92.000000,-3.706221,20.005688,3.086638,3.086638,0.000000,0.000000,0.000000,0.420000,0.549088,0.717000
0.000000,94.000000,-5.861506,-45.559319,3.925294,3.925294,0.000000,0.000000,0.000000,0.420000,0.714678,0.716000
3.000000,94.000000,11.651947,91.387650,-2.261975,-2.261975,0.000000,0.000000,0.000000,0.420000,0.858921,0.719000
3.000000,90.000000,6.619635,31.034357,-3.943613,-3.943613,0.000000,0.000000,0.000000,0.420000,1.101121,0.719000
3.000000,91.000000,5.689560,35.610783,-4.408792,-4.408792,0.000000,0.000000,0.000000,0.420000,1.246739,0.719000
0.000000,85.000000,-11.138962,74.708450,3.260073,3.260073,0.000000,0.000000,0.000000,0.420000,1.297260,0.719000
0.000000,91.000000,-9.087235,25.438482,6.111242,6.111242,0.000000,0.000000,0.000000,0.420000,1.332119,0.719000
1.000000,90.000000,-1.937292,111.685516,5.238134,5.238134,0.000000,0.000000,0.000000,0.420000,1.354729,0.719000
1.000000,90.000000,-3.016494,-84.820572,3.475011,3.475011,0.000000,0.000000,0.000000,0.420000,1.508516,0.718000
0.000000,92.000000,-5.016365,163.908752,5.643799,5.643799,0.000000,0.000000,0.000000,0.420000,1.456180,0.719000
0.000000,94.000000,-3.361325,81.285355,5.348254,5.348254,0.000000,0.000000,0.000000,0.420000,1.367601,0.719000
0.000000,92.000000,-3.034610,-9.749344,4.219370,4.219370,0.000000,0.000000,0.000000,0.420000,1.364443,0.720000
0.000000,91.000000,-3.480961,-114.707787,2.854716,2.854716,0.000000,0.000000,0.000000,0.420000,1.558711,0.721000
0.000000,90.000000,-3.056184,39.493690,3.300820,3.300820,0.000000,0.000000,0.000000,0.420000,1.565751,0.721000
0.000000,91.000000,-2.534667,-32.056862,2.667539,2.667539,0.000000,0.000000,0.000000,0.420000,1.598850,0.720000
0.000000,88.000000,-0.701557,112.853043,2.798524,2.798524,0.000000,0.000000,0.000000,0.420000,1.535582,0.720000
-1.000000,89.000000,-8.575792,68.314651,6.013127,6.013127,0.000000,0.000000,0.000000,0.420000,1.534370,0.721000
-1.000000,86.000000,-7.432173,204.484680,8.492060,8.492060,0.000000,0.000000,0.000000,-0.811349,1.371535,0.721000
-1.000000,88.000000,-8.824708,-15.684576,8.500590,8.500590,0.000000,0.000000,0.000000,-0.812586,1.362457,0.722000
-1.000000,88.000000,-8.356812,-49.648609,7.989052,7.989052,0.000000,0.000000,0.000000,0.420000,1.393426,0.722000
-2.000000,93.000000,-13.773404,-81.783981,9.855955,9.855955,0.000000,0.000000,0.000000,-1.009114,1.419744,0.723000
-1.000000,92.000000,-6.667010,-55.851543,7.918266,7.918266,0.000000,0.000000,0.000000,0.420000,1.515436,0.723000
-1.000000,100.000000,-4.993379,106.422958,7.559874,7.559874,0.000000,0.000000,0.000000,0.420000,1.398783,0.724000
-1.000000,90.000000,-4.640622,70.169273,6.877733,6.877733,0.000000,0.000000,0.000000,0.420000,1.242861,0.725000
-2.000000,87.000000,-9.864730,104.855499,9.165581,9.165581,0.000000,0.000000,0.000000,-0.909009,1.069218,0.725000
-1.000000,90.000000,-6.006474,-124.015930,6.627839,6.627839,0.000000,0.000000,0.000000,0.420000,1.159958,0.725000
-1.000000,87.000000,-6.148838,-47.172314,5.987738,5.987738,0.000000,0.000000,0.000000,0.420000,1.183918,0.723000
-4.000000,88.000000,-26.722130,-38.527279,14.971469,14.971469,0.000000,0.000000,0.000000,-1.750863,1.196150,0.725000
-2.000000,86.000000,-13.651344,117.821037,15.437802,15.437802,0.000000,0.000000,0.000000,-1.818481,1.201928,0.727000
-1.000000,86.000000,-11.470831,65.182213,14.239305,14.239305,0.000000,0.000000,0.000000,-1.644699,1.206806,0.727000
-1.000000,85.000000,-10.570086,118.875763,13.658039,13.658039,0.000000,0.000000,0.000000,-1.560416,1.105170,0.727000
-3.000000,90.000000,-21.603647,141.829163,18.510023,18.510023,0.000000,0.000000,0.000000,-2.263953,0.904547,0.725000
-1.000000,92.000000,-5.196500,291.804657,15.145179,15.145179,0.000000,0.000000,0.000000,-1.776051,0.595902,0.725000
-1.000000,86.000000,-8.682587,142.330353,13.517985,13.517985,0.000000,0.000000,0.000000,-1.540108,0.423242,0.725000
-1.000000,84.000000,-11.078946,-64.274818,11.841945,11.841945,0.000000,0.000000,0.000000,-1.297082,0.488476,0.723000
-3.000000,84.000000,-25.194212,-159.191025,16.417744,16.417744,0.000000,0.000000,0.000000,-1.960573,0.639340,0.723000
-2.000000,86.000000,-20.495247,-119.781059,17.174591,17.174591,0.000000,0.000000,0.000000,-2.070316,0.896888,0.722000
-1.000000,80.000000,-14.921401,90.112061,16.971663,16.971663,0.000000,0.000000,0.000000,-2.040891,1.020226,0.723000
-2.000000,87.000000,-18.953320,119.090538,18.935223,18.935223,0.000000,0.000000,0.000000,-2.325607,0.947096,0.725000
-2.000000,81.000000,-15.619534,55.047771,17.938593,17.938593,0.000000,0.000000,0.000000,-2.181096,0.880009,0.724000
-3.000000,89.000000,-20.449444,68.282410,19.683018,19.683018,0.000000,0.000000,0.000000,-2.434037,0.773159,0.721000
-2.000000,88.000000,-10.869896,98.307907,16.601885,16.601885,0.000000,0.000000,0.000000,-1.987273,0.594636,0.721000
-3.000000,93.000000,-16.082991,64.866524,16.952183,16.952183,0.000000,0.000000,0.000000,-2.038066,0.404666,0.722000
-5.000000,81.000000,-30.130238,29.903383,23.151438,23.151438,0.000000,0.000000,0.000000,-2.936958,0.291829,0.725000
-4.000000,88.000000,-21.789715,98.792610,23.427797,23.427797,0.000000,0.000000,0.000000,-2.977031,0.099531,0.722000
-2.000000,86.000000,-5.968668,60.572464,16.116341,16.116341,0.000000,0.000000,0.000000,-1.916869,-0.037824,0.722000
-3.000000,88.000000,-13.145844,-34.567833,14.468507,14.468507,0.000000,0.000000,0.000000,-1.677934,-0.156784,0.724000
-4.000000,86.000000,-19.558746,42.396683,17.140684,17.140684,0.000000,0.000000,0.000000,-2.065399,-0.312611,0.724000
-5.000000,86.000000,-27.616791,-29.560703,21.588886,21.588886,0.000000,0.000000,0.000000,-2.710388,-0.423120,0.725000
-4.000000,85.000000,-19.266603,52.168461,21.013374,21.013374,0.000000,0.000000,0.000000,-2.626939,-0.586909,0.727000
-3.000000,85.000000,-12.052568,3.553037,17.012989,17.012989,0.000000,0.000000,0.000000,-2.046883,-0.766270,0.724000
-6.000000,86.000000,-35.521202,-24.134436,25.124474,25.124474,0.000000,0.000000,0.000000,-3.223048,-0.837709,0.725000
-4.000000,85.000000,-21.118837,-71.958427,22.674311,22.674311,0.000000,0.000000,0.000000,-2.867775,-0.915803,0.725000
-4.000000,87.000000,-20.719450,-185.791656,20.122498,20.122498,0.000000,0.000000,0.000000,-2.497762,-0.892669,0.726000
-4.000000,81.000000,-21.032688,-103.538559,19.600237,19.600237,0.000000,0.000000,0.000000,-2.422034,-0.850012,0.727000
-5.000000,92.000000,-29.780254,-94.884430,23.327286,23.327286,0.000000,0.000000,0.000000,-2.962456,-0.801837,0.727000
-2.000000,76.000000,-7.756682,-83.695145,15.567258,15.567258,0.000000,0.000000,0.000000,-1.837252,-0.778620,0.728000
-4.000000,81.000000,-21.019878,20.496172,18.205402,18.205402,0.000000,0.000000,0.000000,-2.219783,-0.897305,0.729000
-3.000000,86.000000,-17.544577,147.138214,19.232273,19.232273,0.000000,0.000000,0.000000,-2.368680,-0.964767,0.729000
-4.000000,80.000000,-32.187641,0.230825,25.064266,25.064266,0.000000,0.000000,0.000000,-3.214319,-0.911211,0.728000
-2.000000,84.000000,-21.672306,-121.323578,22.445972,22.445972,0.000000,0.000000,0.000000,-2.834666,-0.697720,0.730000
-2.000000,83.000000,-20.746937,-99.064331,20.789827,20.789827,0.000000,0.000000,0.000000,-2.594525,-0.551277,0.730000
-2.000000,78.000000,-17.374287,-82.464767,18.510651,18.510651,0.000000,0.000000,0.000000,-2.264044,-0.504300,0.729000
-3.000000,84.000000,-19.720991,104.967384,20.000011,20.000011,0.000000,0.000000,0.000000,-2.480001,-0.673975,0.730000
-5.000000,83.000000,-30.970959,-107.420723,23.970150,23.970150,0.000000,0.000000,0.000000,-3.055672,-0.703042,0.728000
-3.000000,83.000000,-15.467736,-52.753960,19.669279,19.669279,0.000000,0.000000,0.000000,-2.432045,-0.733766,0.729000
-3.000000,88.000000,-13.376874,7.704695,16.907040,16.907040,0.000000,0.000000,0.000000,-2.031521,-0.855141,0.731000
-3.000000,77.000000,-11.693975,37.057178,14.894676,14.894676,0.000000,0.000000,0.000000,-1.739728,-1.055308,0.732000
-2.000000,73.000000,-4.619564,-38.056938,9.928364,9.928364,0.000000,0.000000,0.000000,-1.019613,-1.159459,0.732000
-4.000000,79.000000,-22.100195,-66.697868,14.805407,14.805407,0.000000,0.000000,0.000000,-1.726784,-1.168854,0.729000
-5.000000,75.000000,-28.793213,-82.715515,20.355480,20.355480,0.000000,0.000000,0.000000,-2.531544,-1.177436,0.733000
-2.000000,76.000000,-8.896905,-114.183975,14.171465,14.171465,0.000000,0.000000,0.000000,-1.634862,-1.097938,0.733000
-1.000000,79.000000,-4.658669,28.456856,10.146820,10.146820,0.000000,0.000000,0.000000,-1.051289,-1.073267,0.733000
-1.000000,85.000000,-7.468916,84.408295,9.701438,9.701438,0.000000,0.000000,0.000000,-0.986709,-1.108304,0.730000
-1.000000,84.000000,-9.197195,161.912918,10.931745,10.931745,0.000000,0.000000,0.000000,-1.165103,-1.163736,0.731000
-1.000000,82.000000,-13.772668,50.271965,12.662607,12.662607,0.000000,0.000000,0.000000,-1.416078,-1.071157,0.732000
-1.000000,82.000000,-20.363726,46.040424,16.542475,16.542475,0.000000,0.000000,0.000000,-1.978659,-0.854228,0.733000
0.000000,80.000000,-16.047279,-122.335495,15.218617,15.218617,0.000000,0.000000,0.000000,-1.786699,-0.557483,0.733000
0.000000,70.000000,-13.740599,-135.643906,13.332714,13.332714,0.000000,0.000000,0.000000,-1.513244,-0.235910,0.731000
0.000000,72.000000,-8.236677,-80.721664,10.313003,10.313003,0.000000,0.000000,0.000000,-1.075385,-0.084946,0.732000
-1.000000,72.000000,-10.825222,-123.402031,9.432883,9.432883,0.000000,0.000000,0.000000,-0.947768,0.022712,0.735000
-2.000000,71.000000,-13.731536,-61.413620,10.814554,10.814554,0.000000,0.000000,0.000000,-1.148110,0.052064,0.736000
-2.000000,71.000000,-9.530134,228.525970,12.293299,12.293299,0.000000,0.000000,0.000000,-1.362528,-0.188539,0.737000
-1.000000,68.000000,-1.877710,69.608360,8.232759,8.232759,0.000000,0.000000,0.000000,-0.773750,-0.437365,0.734000
-1.000000,71.000000,-1.871556,24.656174,5.592124,5.592124,0.000000,0.000000,0.000000,0.420000,-0.535652,0.736000
-1.000000,76.000000,-3.144857,-74.011086,3.824754,3.824754,0.000000,0.000000,0.000000,0.420000,-0.497222,0.739000
-2.000000,73.000000,-14.061739,-62.634697,7.867685,7.867685,0.000000,0.000000,0.000000,0.420000,-0.413823,0.738000
0.000000,75.000000,-2.510331,-124.041222,4.340505,4.340505,0.000000,0.000000,0.000000,0.420000,-0.265719,0.739000
0.000000,71.000000,-0.757462,54.874798,3.222009,3.222009,0.000000,0.000000,0.000000,0.420000,-0.303073,0.738000
-1.000000,71.000000,-9.924526,119.919456,7.317417,7.317417,0.000000,0.000000,0.000000,0.420000,-0.308828,0.736000
-1.000000,68.000000,-16.792698,-14.485904,11.450920,11.450920,0.000000,0.000000,0.000000,-1.240383,-0.128167,0.739000
0.000000,71.000000,-14.742273,-139.878738,11.673120,11.673120,0.000000,0.000000,0.000000,-1.272602,0.215238,0.737000
2.000000,71.000000,0.863020,-3.287809,6.002267,6.002267,0.000000,0.000000,0.000000,0.420000,0.406832,0.738000
2.000000,65.000000,3.669139,47.241295,2.075306,2.075306,0.000000,0.000000,0.000000,0.420000,0.494222,0.738000
0.000000,66.000000,-7.371431,81.644379,5.193362,5.193362,0.000000,0.000000,0.000000,0.420000,0.450515,0.740000
-1.000000,69.000000,-10.589019,127.128181,8.765560,8.765560,0.000000,0.000000,0.000000,-0.851006,0.341219,0.740000
0.000000,74.000000,-3.932451,83.962082,7.346320,7.346320,0.000000,0.000000,0.000000,0.420000,0.330254,0.738000
0.000000,72.000000,-4.630271,81.747528,6.859826,6.859826,0.000000,0.000000,0.000000,0.420000,0.274726,0.739000
0.000000,73.000000,-5.582041,-98.624672,5.397201,5.397201,0.000000,0.000000,0.000000,0.420000,0.410776,0.740000
0.000000,75.000000,-3.885276,-45.088394,4.311039,4.311039,0.000000,0.000000,0.000000,0.420000,0.488427,0.739000
0.000000,71.000000,-3.962800,-196.756805,2.383520,2.383520,0.000000,0.000000,0.000000,0.420000,0.724471,0.740000
-1.000000,65.000000,-14.347061,-171.094345,6.227265,6.227265,0.000000,0.000000,0.000000,0.420000,1.080002,0.739000
0.000000,64.000000,-7.937567,-133.045822,5.799489,5.799489,0.000000,0.000000,0.000000,0.420000,1.305464,0.739000
-1.000000,72.000000,-11.504801,-213.821625,6.442484,6.442484,0.000000,0.000000,0.000000,0.420000,1.429000,0.739000
-2.000000,64.000000,-14.332888,2.196430,10.012934,10.012934,0.000000,0.000000,0.000000,-1.031875,1.471497,0.739000
0.000000,73.000000,3.271652,237.816315,6.175217,6.175217,0.000000,0.000000,0.000000,0.420000,1.210302,0.739000
-1.000000,65.000000,-4.643101,32.236553,5.775894,5.775894,0.000000,0.000000,0.000000,0.420000,1.008331,0.742000
-1.000000,73.000000,0.389938,104.066666,3.937870,3.937870,0.000000,0.000000,0.000000,0.420000,0.776633,0.742000
-2.000000,74.000000,-5.707999,86.883545,5.516379,5.516379,0.000000,0.000000,0.000000,0.420000,0.533756,0.744000
-4.000000,73.000000,-19.585133,38.924770,12.197641,12.197641,0.000000,0.000000,0.000000,-1.348658,0.339726,0.745000
-4.000000,78.000000,-24.313894,-52.188129,17.180262,17.180262,0.000000,0.000000,0.000000,-2.071138,0.390785,0.743000
-1.000000,70.000000,-6.166566,-99.885239,11.325132,11.325132,0.000000,0.000000,0.000000,-1.222144,0.444714,0.744000
-1.000000,67.000000,-4.627499,-102.723358,7.386687,7.386687,0.000000,0.000000,0.000000,0.420000,0.449289,0.744000
-1.000000,70.000000,-1.201888,33.418087,4.904290,4.904290,0.000000,0.000000,0.000000,0.420000,0.362178,0.744000
-1.000000,72.000000,-1.548487,99.104797,4.286122,4.286122,0.000000,0.000000,0.000000,0.420000,0.265879,0.744000
-1.000000,75.000000,-7.032238,168.854843,7.041568,7.041568,0.000000,0.000000,0.000000,0.420000,0.224124,0.743000
0.000000,73.000000,-4.502902,169.059021,7.420700,7.420700,0.000000,0.000000,0.000000,0.420000,0.206229,0.744000
0.000000,78.000000,-9.608138,100.860428,9.312791,9.312791,0.000000,0.000000,0.000000,-0.930355,0.361492,0.744000
1.000000,76.000000,-7.732724,-90.786331,7.784684,7.784684,0.000000,0.000000,0.000000,0.420000,0.653024,0.740000
0.000000,80.000000,-17.451618,-96.427780,11.266954,11.266954,0.000000,0.000000,0.000000,-1.213708,0.941851,0.741000
0.000000,75.000000,-14.223245,118.419281,13.663059,13.663059,0.000000,0.000000,0.000000,-1.561144,1.016551,0.743000
1.000000,73.000000,-3.973334,139.690201,10.559896,10.559896,0.000000,0.000000,0.000000,-1.111185,1.013764,0.741000
0.000000,69.000000,-9.294627,136.548737,11.219464,11.219464,0.000000,0.000000,0.000000,-1.206822,0.966658,0.742000
0.000000,71.000000,-7.652248,-255.499771,7.314719,7.314719,0.000000,0.000000,0.000000,0.420000,1.144756,0.745000
0.000000,73.000000,-4.122454,-172.843216,4.322611,4.322611,0.000000,0.000000,0.000000,0.420000,1.321516,0.742000
-2.000000,75.000000,-16.018202,-64.500038,9.005127,9.005127,0.000000,0.000000,0.000000,-0.885743,1.425178,0.743000
-1.000000,72.000000,-11.647862,-71.956818,9.546746,9.546746,0.000000,0.000000,0.000000,-0.964278,1.609468,0.746000
-1.000000,75.000000,-10.929417,-40.024017,9.808731,9.808731,0.000000,0.000000,0.000000,-1.002266,1.641772,0.745000
-2.000000,80.000000,-15.151639,-82.056282,11.474533,11.474533,0.000000,0.000000,0.000000,-1.243807,1.694698,0.745000
-1.000000,82.000000,-4.966572,72.564079,9.199028,9.199028,0.000000,0.000000,0.000000,-0.913859,1.626140,0.747000
-2.000000,85.000000,-10.419165,66.057449,10.342607,10.342607,0.000000,0.000000,0.000000,-1.079678,1.462007,0.749000
-1.000000,78.000000,-0.075142,70.772552,6.359200,6.359200,0.000000,0.000000,0.000000,0.420000,1.252557,0.750000
-1.000000,79.000000,4.337023,-47.709213,1.116517,1.116517,0.000000,0.000000,0.000000,0.420000,1.079071,0.749000
-2.000000,75.000000,-7.413895,-47.002426,3.527315,3.527315,0.000000,0.000000,0.000000,0.420000,1.090592,0.750000
-3.000000,78.000000,-19.616205,70.145378,11.398624,11.398624,0.000000,0.000000,0.000000,-1.232800,1.081082,0.748000
0.000000,73.000000,0.640792,200.729950,7.787457,7.787457,0.000000,0.000000,0.000000,0.420000,0.892255,0.749000
-2.000000,78.000000,-16.581421,-15.615866,11.604198,11.604198,0.000000,0.000000,0.000000,-1.262609,0.833569,0.750000
0.000000,75.000000,-4.353892,86.478745,9.119868,9.119868,0.000000,0.000000,0.000000,-0.902381,0.894108,0.749000
-2.000000,80.000000,-24.536325,51.320107,16.519154,16.519154,0.000000,0.000000,0.000000,-1.975277,1.021538,0.748000
-2.000000,76.000000,-20.720592,91.975708,19.237583,19.237583,0.000000,0.000000,0.000000,-2.369449,0.983227,0.751000
-2.000000,84.000000,-14.525455,113.004852,18.134171,18.134171,0.000000,0.000000,0.000000,-2.209455,0.812688,0.751000
-2.000000,85.000000,-10.969977,143.308487,16.200060,16.200060,0.000000,0.000000,0.000000,-1.929009,0.634507,0.751000
-3.000000,79.000000,-15.447974,146.194763,17.177374,17.177374,0.000000,0.000000,0.000000,-2.070719,0.410059,0.750000
-3.000000,80.000000,-12.349257,-15.492651,14.865288,14.865288,0.000000,0.000000,0.000000,-1.735467,0.213859,0.749000
-2.000000,88.000000,-3.442065,30.522940,9.999544,9.999544,0.000000,0.000000,0.000000,-1.029934,0.008195,0.751000
-3.000000,81.000000,-10.536836,-80.996513,9.512357,9.512357,0.000000,0.000000,0.000000,-0.959292,-0.113402,0.752000
-2.000000,81.000000,-4.986487,39.099155,7.827608,7.827608,0.000000,0.000000,0.000000,0.420000,-0.223448,0.751000
-6.000000,86.000000,-38.977303,-111.633881,20.840263,20.840263,0.000000,0.000000,0.000000,-2.601838,-0.191678,0.752000
-1.000000,96.000000,-4.819047,20.953609,13.819300,13.819300,0.000000,0.000000,0.000000,-1.583799,-0.163509,0.751000
-2.000000,85.000000,-16.932211,-75.806633,14.537850,14.537850,0.000000,0.000000,0.000000,-1.687988,-0.037943,0.751000
0.000000,94.000000,-7.550837,-224.830643,9.370219,9.370219,0.000000,0.000000,0.000000,-0.938682,0.303016,0.751000
-1.000000,88.000000,-15.340781,-276.224243,9.570954,9.570954,0.000000,0.000000,0.000000,-0.967788,0.615790,0.748000
-3.000000,96.000000,-25.085739,-261.931610,14.195223,14.195223,0.000000,0.000000,0.000000,-1.638307,0.847987,0.750000
-2.000000,92.000000,-13.195409,8.401854,13.820924,13.820924,0.000000,0.000000,0.000000,-1.584034,0.889887,0.751000
-1.000000,85.000000,-5.604866,137.009293,11.356781,11.356781,0.000000,0.000000,0.000000,-1.226733,0.779286,0.750000
-2.000000,86.000000,-11.395653,69.011971,11.995381,11.995381,0.000000,0.000000,0.000000,-1.319330,0.564992,0.750000
-5.000000,82.000000,-30.599356,-32.881557,20.071236,20.071236,0.000000,0.000000,0.000000,-2.490329,0.445398,0.750000
-5.000000,86.000000,-29.502254,-42.636696,23.931463,23.931463,0.000000,0.000000,0.000000,-3.050062,0.365470,0.749000
-3.000000,86.000000,-16.459352,68.122139,21.182112,21.182112,0.000000,0.000000,0.000000,-2.651406,0.312927,0.748000
-3.000000,80.000000,-14.541687,300.722229,20.900421,20.900421,0.000000,0.000000,0.000000,-2.610561,-0.108042,0.747000
-5.000000,87.000000,-26.916849,130.148804,24.779152,24.779152,0.000000,0.000000,0.000000,-3.172977,-0.486175,0.747000
-6.000000,81.000000,-33.231075,98.334648,29.467529,29.467529,0.000000,0.000000,0.000000,-3.852792,-0.692310,0.745000
-3.000000,81.000000,-10.221109,71.084190,21.446398,21.446398,0.000000,0.000000,0.000000,-2.689728,-0.940709,0.744000
-4.000000,76.000000,-15.284255,85.130592,19.439610,19.439610,0.000000,0.000000,0.000000,-2.398743,-1.245639,0.742000
-5.000000,81.000000,-23.770271,-101.236099,20.477282,20.477282,0.000000,0.000000,0.000000,-2.549206,-1.368249,0.744000
-4.000000,67.000000,-21.343708,-69.048660,20.245735,20.245735,0.000000,0.000000,0.000000,-2.515631,-1.275368,0.742000
-2.000000,74.000000,-9.376059,111.603279,16.358810,16.358810,0.000000,0.000000,0.000000,-1.952027,-1.352917,0.741000
-1.000000,73.000000,-5.901039,195.547134,13.412737,13.412737,0.000000,0.000000,0.000000,-1.524847,-1.540695,0.741000
-1.000000,75.000000,-9.495611,-106.504898,10.691486,10.691486,0.000000,0.000000,0.000000,-1.130265,-1.479853,0.743000
0.000000,75.000000,-4.708560,-107.321877,7.033273,7.033273,0.000000,0.000000,0.000000,0.420000,-1.309044,0.741000
-1.000000,81.000000,-16.976898,159.257950,12.941225,12.941225,0.000000,0.000000,0.000000,-1.456478,-1.094110,0.741000
0.000000,74.000000,-13.501975,164.698608,14.675850,14.675850,0.000000,0.000000,0.000000,-1.707998,-0.908610,0.742000
0.000000,79.000000,-15.767256,-53.437855,14.686042,14.686042,0.000000,0.000000,0.000000,-1.709476,-0.673275,0.741000
0.000000,80.000000,-16.306751,-16.782707,15.264317,15.264317,0.000000,0.000000,0.000000,-1.793326,-0.429012,0.740000
0.000000,79.000000,-15.612015,-293.579041,12.778570,12.778570,0.000000,0.000000,0.000000,-1.432893,-0.158518,0.740000
-2.000000,80.000000,-24.511549,-286.532532,15.479617,15.479617,0.000000,0.000000,0.000000,-1.824545,0.072178,0.740000
-3.000000,71.000000,-22.546183,-241.758224,16.483747,16.483747,0.000000,0.000000,0.000000,-1.970143,0.201020,0.741000
-4.000000,68.000000,-24.014715,-203.855972,18.037979,18.037979,0.000000,0.000000,0.000000,-2.195507,0.158397,0.740000
-4.000000,73.000000,-19.870461,117.379936,19.919016,19.919016,0.000000,0.000000,0.000000,-2.468257,-0.052420,0.739000
-2.000000,71.000000,-2.048021,97.902924,12.758196,12.758196,0.000000,0.000000,0.000000,-1.429938,-0.398019,0.739000
-6.000000,77.000000,-29.239788,2.017087,20.193066,20.193066,0.000000,0.000000,0.000000,-2.507994,-0.671760,0.740000
-4.000000,70.000000,-13.006721,-31.635370,16.674492,16.674492,0.000000,0.000000,0.000000,-1.997801,-0.844903,0.741000
-4.000000,70.000000,-16.753696,110.332809,17.703129,17.703129,0.000000,0.000000,0.000000,-2.146954,-1.037138,0.743000
-1.000000,71.000000,2.571635,174.070023,10.146115,10.146115,0.000000,0.000000,0.000000,-1.051187,-1.303075,0.739000
-2.000000,75.000000,-5.282141,-37.848904,7.616687,7.616687,0.000000,0.000000,0.000000,0.420000,-1.498220,0.738000
-7.000000,76.000000,-42.167236,-201.678848,21.349323,21.349323,0.000000,0.000000,0.000000,-2.675652,-1.506502,0.742000
-1.000000,77.000000,-1.086268,25.551817,12.460915,12.460915,0.000000,0.000000,0.000000,-1.386833,-1.462046,0.739000
-2.000000,67.000000,-17.396105,-40.747196,14.315025,14.315025,0.000000,0.000000,0.000000,-1.655679,-1.309422,0.742000
0.000000,67.000000,-6.310667,-46.837440,10.291527,10.291527,0.000000,0.000000,0.000000,-1.072271,-1.130928,0.739000
-1.000000,65.000000,-13.962693,-60.738861,11.396902,11.396902,0.000000,0.000000,0.000000,-1.232551,-0.951827,0.738000
0.000000,67.000000,-9.344865,-27.698198,10.224201,10.224201,0.000000,0.000000,0.000000,-1.062509,-0.736515,0.738000
2.000000,73.000000,2.455042,-27.022747,4.275337,4.275337,0.000000,0.000000,0.000000,0.420000,-0.549015,0.741000
1.000000,68.000000,-4.619964,-40.186298,4.068742,4.068742,0.000000,0.000000,0.000000,0.420000,-0.317286,0.742000
2.000000,69.000000,0.628198,22.137781,2.154359,2.154359,0.000000,0.000000,0.000000,0.420000,-0.088175,0.740000
1.000000,75.000000,-10.212003,110.234749,6.772412,6.772412,0.000000,0.000000,0.000000,0.420000,0.097867,0.742000
1.000000,71.000000,-10.030864,-49.944351,7.789216,7.789216,0.000000,0.000000,0.000000,0.420000,0.285349,0.743000
0.000000,79.000000,-15.969290,-98.046425,10.587831,10.587831,0.000000,0.000000,0.000000,-1.115236,0.559527,0.741000
1.000000,72.000000,-8.969800,-69.346642,9.235599,9.235599,0.000000,0.000000,0.000000,-0.919162,0.860421,0.740000
0.000000,73.000000,-16.416519,-44.265736,12.068622,12.068622,0.000000,0.000000,0.000000,-1.329950,1.105259,0.736000
-1.000000,74.000000,-17.769447,78.340675,15.339059,15.339059,0.000000,0.000000,0.000000,-1.804164,1.095735,0.738000
-1.000000,70.000000,-10.684525,51.002853,13.703544,13.703544,0.000000,0.000000,0.000000,-1.567014,0.995235,0.737000
-2.000000,70.000000,-12.130887,-13.944592,12.870346,12.870346,0.000000,0.000000,0.000000,-1.446200,0.869573,0.737000
-6.000000,70.000000,-36.253704,-120.705658,22.306507,22.306507,0.000000,0.000000,0.000000,-2.814443,0.782293,0.736000
-3.000000,69.000000,-8.068223,-8.778577,15.820272,15.820272,0.000000,0.000000,0.000000,-1.873939,0.582054,0.736000
-1.000000,80.000000,10.728307,-9.295729,3.789751,3.789751,0.000000,0.000000,0.000000,0.420000,0.279117,0.736000
-8.000000,73.000000,-40.775772,-315.451050,17.594402,17.594402,0.000000,0.000000,0.000000,-2.131188,0.167772,0.736000
-4.000000,78.000000,-14.121503,-204.886124,14.187623,14.187623,0.000000,0.000000,0.000000,-1.637205,0.155063,0.734000
-6.000000,72.000000,-32.009499,-16.280281,22.060944,22.060944,0.000000,0.000000,0.000000,-2.778837,0.086216,0.732000
0.000000,70.000000,7.006583,100.064270,9.881135,9.881135,0.000000,0.000000,0.000000,-1.012765,-0.036600,0.732000
0.000000,69.000000,2.505002,-16.669712,4.157346,4.157346,0.000000,0.000000,0.000000,0.420000,-0.052295,0.731000
-1.000000,73.000000,-9.681067,-2.439561,6.621064,6.621064,0.000000,0.000000,0.000000,0.420000,0.018089,0.732000
0.000000,71.000000,-7.064077,-50.849892,6.362772,6.362772,0.000000,0.000000,0.000000,0.420000,0.256823,0.730000
-1.000000,64.000000,-18.511286,4.906639,11.873763,11.873763,0.000000,0.000000,0.000000,-1.301696,0.488223,0.730000
4.000000,71.000000,15.270109,25.591602,-0.110655,-0.110655,0.000000,0.000000,0.000000,0.420000,0.671242,0.730000
1.000000,69.000000,-7.636420,130.149719,4.546876,4.546876,0.000000,0.000000,0.000000,0.420000,0.805679,0.730000
1.000000,72.000000,-9.033348,-0.130719,6.564612,6.564612,0.000000,0.000000,0.000000,0.420000,1.001590,0.732000
0.000000,78.000000,-13.320066,-47.561096,9.176517,9.176517,0.000000,0.000000,0.000000,-0.910595,1.112300,0.728000
0.000000,73.000000,-6.257266,27.983326,8.114704,8.114704,0.000000,0.000000,0.000000,-0.756632,1.105006,0.728000
0.000000,73.000000,-1.914174,-63.670326,4.751433,4.751433,0.000000,0.000000,0.000000,0.420000,1.095259,0.727000
0.000000,74.000000,-0.255661,-167.645294,1.219528,1.219528,0.000000,0.000000,0.000000,0.420000,1.083372,0.727000
-1.000000,65.000000,-3.282537,-145.460358,0.838739,0.838739,0.000000,0.000000,0.000000,0.420000,0.984916,0.726000
-2.000000,62.000000,-6.633855,-101.023773,2.537327,2.537327,0.000000,0.000000,0.000000,0.420000,0.976889,0.725000
-4.000000,69.000000,-22.975952,10.583286,11.829958,11.829958,0.000000,0.000000,0.000000,-1.295344,0.974636,0.726000
-1.000000,58.000000,-7.768480,5.594081,10.052640,10.052640,0.000000,0.000000,0.000000,-1.037633,1.089091,0.724000
-1.000000,60.000000,-12.196805,23.192787,11.226250,11.226250,0.000000,0.000000,0.000000,-1.207806,1.175781,0.725000
-1.000000,67.000000,-10.718889,-1.068109,10.988324,10.988324,0.000000,0.000000,0.000000,-1.173307,1.179937,0.724000
-5.000000,67.000000,-35.483757,-14.223203,21.883259,21.883259,0.000000,0.000000,0.000000,-2.753072,1.144326,0.721000
0.000000,71.000000,5.414449,38.963417,9.949961,9.949961,0.000000,0.000000,0.000000,-1.022744,0.946482,0.722000
-1.000000,73.000000,0.800876,-241.334946,2.940070,2.940070,0.000000,0.000000,0.000000,0.420000,0.926841,0.723000
-7.000000,74.000000,-39.060463,-287.242432,16.609064,16.609064,0.000000,0.000000,0.000000,-1.988314,0.918173,0.721000
-5.000000,75.000000,-20.545269,-11.319062,18.278484,18.278484,0.000000,0.000000,0.000000,-2.230380,0.745538,0.722000
-2.000000,66.000000,-0.532156,8.411571,10.368341,10.368341,0.000000,0.000000,0.000000,-1.083410,0.549446,0.723000
0.000000,63.000000,14.576361,29.750158,-0.589023,-0.589023,0.000000,0.000000,0.000000,0.420000,0.315308,0.722000
-3.000000,62.000000,-9.109211,-126.411819,2.637476,2.637476,0.000000,0.000000,0.000000,0.420000,0.197226,0.723000
-5.000000,63.000000,-20.916080,-42.129368,10.483683,10.483683,0.000000,0.000000,0.000000,-1.100134,-0.008127,0.722000
-3.000000,63.000000,-8.827940,-118.893021,8.668561,8.668561,0.000000,0.000000,0.000000,-0.836941,-0.078513,0.721000
-1.000000,72.000000,0.993523,-75.429581,3.641757,3.641757,0.000000,0.000000,0.000000,0.420000,-0.014532,0.722000
0.000000,78.000000,1.697077,48.476864,1.675574,1.675574,0.000000,0.000000,0.000000,0.420000,0.026877,0.720000
0.000000,73.000000,-2.470870,-107.624481,1.064837,1.064837,0.000000,0.000000,0.000000,0.420000,0.175205,0.718000
0.000000,79.000000,-6.405069,-78.927040,2.757598,2.757598,0.000000,0.000000,0.000000,0.420000,0.396315,0.718000
1.000000,76.000000,-6.165393,-34.541348,3.980234,3.980234,0.000000,0.000000,0.000000,0.420000,0.748029,0.717000
6.000000,78.000000,23.836245,13.527043,-8.415438,-8.415438,0.000000,0.000000,0.000000,1.640238,1.036711,0.719000
-1.000000,65.000000,-24.501762,-25.795792,6.165139,6.165139,0.000000,0.000000,0.000000,0.420000,1.240814,0.718000
-11.000000,69.000000,-92.129173,-76.165855,44.163460,44.163460,0.000000,0.000000,0.000000,-5.983701,1.463146,0.715000
-1.000000,70.000000,-21.094572,-10.336755,33.689430,33.689430,0.000000,0.000000,0.000000,-4.464967,1.648988,0.716000
1.000000,70.000000,-1.727521,71.137741,19.946812,19.946812,0.000000,0.000000,0.000000,-2.472287,1.591466,0.716000
1.000000,70.000000,9.816686,-118.146271,5.489922,5.489922,0.000000,0.000000,0.000000,0.420000,1.421470,0.715000
-3.000000,79.000000,-1.746864,20.235893,3.987669,3.987669,0.000000,0.000000,0.000000,0.420000,0.978570,0.713000
-4.000000,78.000000,-1.385218,1.679387,2.831681,2.831681,0.000000,0.000000,0.000000,0.420000,0.556507,0.713000
-5.000000,79.000000,-12.816216,-89.685432,6.517553,6.517553,0.000000,0.000000,0.000000,0.420000,0.409457,0.714000
0.000000,78.000000,13.308530,-180.410522,-4.027879,-4.027879,0.000000,0.000000,0.000000,0.420000,0.434877,0.712000
-2.000000,82.000000,-7.644860,148.973068,2.565611,2.565611,0.000000,0.000000,0.000000,0.420000,0.365597,0.714000
-2.000000,82.000000,-13.952045,283.048950,10.236946,10.236946,0.000000,0.000000,0.000000,-1.064357,0.352107,0.711000
0.000000,67.000000,-8.932701,19.756058,9.827841,9.827841,0.000000,0.000000,0.000000,-1.005037,0.484523,0.713000
0.000000,73.000000,-10.469300,-188.855286,8.416800,8.416800,0.000000,0.000000,0.000000,-0.800436,0.729969,0.712000
0.000000,74.000000,-4.349144,-290.026001,3.976120,3.976120,0.000000,0.000000,0.000000,0.420000,0.913584,0.710000
-1.000000,74.000000,-4.030564,-174.542603,2.429737,2.429737,0.000000,0.000000,0.000000,0.420000,0.987203,0.711000
0.000000,74.000000,3.157817,-76.351440,-0.771825,-0.771825,0.000000,0.000000,0.000000,0.420000,1.017429,0.710000
0.000000,78.000000,-1.192414,-76.313530,-0.574739,-0.574739,0.000000,0.000000,0.000000,0.420000,1.159462,0.709000
2.000000,81.000000,6.848167,-49.822117,-3.846181,-3.846181,0.000000,0.000000,0.000000,0.420000,1.402809,0.709000
5.000000,83.000000,24.042419,14.309755,-12.805700,-12.805700,0.000000,0.000000,0.000000,2.276827,1.636768,0.708000
5.000000,76.000000,20.629656,98.392792,-15.440946,-15.440946,0.000000,0.000000,0.000000,2.658937,1.813394,0.707000
0.000000,79.000000,-14.744663,217.713135,0.101996,0.101996,0.000000,0.000000,0.000000,0.420000,1.932502,0.708000
0.000000,75.000000,-17.007124,244.634552,9.911015,9.911015,0.000000,0.000000,0.000000,-1.017097,2.173204,0.708000
5.000000,69.000000,18.039726,170.231064,-1.134739,-1.134739,0.000000,0.000000,0.000000,0.420000,2.367825,0.707000
4.000000,67.000000,15.115614,2.948311,-7.399598,-7.399598,0.000000,0.000000,0.000000,0.420000,2.421564,0.708000
1.000000,70.000000,2.314685,-107.311890,-6.077194,-6.077194,0.000000,0.000000,0.000000,0.420000,2.495165,0.709000
0.000000,69.000000,0.029004,66.510910,-2.756911,-2.756911,0.000000,0.000000,0.000000,0.420000,2.465425,0.707000
1.000000,73.000000,7.783065,39.624313,-4.662062,-4.662062,0.000000,0.000000,0.000000,0.420000,2.357295,0.706000
-1.000000,71.000000,-1.220540,11.344800,-1.912788,-1.912788,0.000000,0.000000,0.000000,0.420000,2.190235,0.707000
-2.000000,79.000000,-4.648101,55.024490,1.534832,1.534832,0.000000,0.000000,0.000000,0.420000,1.971973,0.708000
-2.000000,80.000000,-2.826229,74.165833,2.783453,2.783453,0.000000,0.000000,0.000000,0.420000,1.758618,0.706000
0.000000,87.000000,10.136123,147.812424,-1.700044,-1.700044,0.000000,0.000000,0.000000,0.420000,1.538685,0.705000
-1.000000,80.000000,-0.358426,-102.277023,-1.694226,-1.694226,0.000000,0.000000,0.000000,0.420000,1.494053,0.704000
-2.000000,89.000000,-6.636030,-114.256981,1.026077,1.026077,0.000000,0.000000,0.000000,0.420000,1.436875,0.706000
-3.000000,77.000000,-13.416015,244.415833,8.801291,8.801291,0.000000,0.000000,0.000000,-0.856187,1.363033,0.704000
-1.000000,77.000000,-2.688568,267.652161,8.459435,8.459435,0.000000,0.000000,0.000000,-0.806618,1.281852,0.705000
-3.000000,73.000000,-14.838772,101.007042,12.239201,12.239201,0.000000,0.000000,0.000000,-1.354684,1.101041,0.704000
-4.000000,82.000000,-21.627810,-1.439980,16.451115,16.451115,0.000000,0.000000,0.000000,-1.965412,0.997962,0.703000
-1.000000,82.000000,-2.472440,-82.707825,9.416341,9.416341,0.000000,0.000000,0.000000,-0.945369,0.987889,0.702000
-1.000000,86.000000,-3.032868,-54.169838,6.056250,6.056250,0.000000,0.000000,0.000000,0.420000,0.943975,0.701000
-1.000000,87.000000,-0.338227,28.304667,3.737881,3.737881,0.000000,0.000000,0.000000,0.420000,0.827698,0.700000
-1.000000,92.000000,-2.822260,-10.153152,3.234473,3.234473,0.000000,0.000000,0.000000,0.420000,0.801218,0.700000
-1.000000,86.000000,-5.451651,28.253845,4.486488,4.486488,0.000000,0.000000,0.000000,0.420000,0.772626,0.698000
0.000000,90.000000,-1.362581,-118.343445,2.015639,2.015639,0.000000,0.000000,0.000000,0.420000,0.870696,0.701000
0.000000,83.000000,-4.336876,-32.544422,2.767296,2.767296,0.000000,0.000000,0.000000,0.420000,1.025334,0.700000
1.000000,79.000000,0.886316,19.422983,1.297977,1.297977,0.000000,0.000000,0.000000,0.420000,1.125152,0.698000
1.000000,76.000000,1.965503,133.921707,1.034706,1.034706,0.000000,0.000000,0.000000,0.420000,1.068729,0.698000
3.000000,80.000000,20.516447,335.666779,-5.642311,-5.642311,0.000000,0.000000,0.000000,0.420000,0.837949,0.699000
0.000000,77.000000,-2.348828,114.849503,-1.012653,-1.012653,0.000000,0.000000,0.000000,0.420000,0.735908,0.701000
0.000000,80.000000,-5.983951,-123.141983,1.027541,1.027541,0.000000,0.000000,0.000000,0.420000,0.910090,0.700000
2.000000,85.000000,10.309122,-214.150879,-6.001315,-6.001315,0.000000,0.000000,0.000000,0.420000,1.051401,0.698000
0.000000,89.000000,0.725752,-18.235268,-3.791430,-3.791430,0.000000,0.000000,0.000000,0.420000,1.095882,0.699000
3.000000,94.000000,21.746986,-25.670641,-12.102467,-12.102467,0.000000,0.000000,0.000000,2.174858,1.113388,0.698000
2.000000,95.000000,13.016727,-162.281021,-13.974413,-13.974413,0.000000,0.000000,0.000000,2.446290,1.172881,0.697000
0.000000,92.000000,2.783329,-71.600990,-9.582834,-9.582834,0.000000,0.000000,0.000000,1.809511,1.086995,0.698000
0.000000,99.000000,2.297629,-123.692574,-7.417725,-7.417725,0.000000,0.000000,0.000000,0.420000,1.143570,0.698000
2.000000,88.000000,13.202728,-82.616470,-10.764524,-10.764524,0.000000,0.000000,0.000000,1.980856,1.265468,0.698000
1.000000,83.000000,5.913165,19.273125,-8.407954,-8.407954,0.000000,0.000000,0.000000,1.639153,1.285373,0.699000
0.000000,84.000000,1.676526,108.417816,-4.403051,-4.403051,0.000000,0.000000,0.000000,0.420000,1.109084,0.702000
0.000000,87.000000,3.415005,282.804810,-1.413188,-1.413188,0.000000,0.000000,0.000000,0.420000,1.006884,0.704000
1.000000,85.000000,7.595743,384.335388,-0.736319,-0.736319,0.000000,0.000000,0.000000,0.420000,0.976706,0.704000
1.000000,96.000000,4.342906,190.018433,-0.649117,-0.649117,0.000000,0.000000,0.000000,0.420000,0.927692,0.703000
0.000000,102.000000,-0.825767,78.878777,0.724489,0.724489,0.000000,0.000000,0.000000,0.420000,0.836358,0.705000
0.000000,108.000000,-3.246497,-119.698875,0.782103,0.782103,0.000000,0.000000,0.000000,0.420000,0.957512,0.705000
0.000000,114.000000,-6.212239,-112.386551,2.214185,2.214185,0.000000,0.000000,0.000000,0.420000,1.243261,0.704000
3.000000,111.000000,14.078318,110.519402,-4.122767,-4.122767,0.000000,0.000000,0.000000,0.420000,1.337877,0.702000
3.000000,114.000000,12.604836,69.180191,-7.317076,-7.317076,0.000000,0.000000,0.000000,0.420000,1.422321,0.705000
1.000000,110.000000,-0.643392,-112.441498,-4.746839,-4.746839,0.000000,0.000000,0.000000,0.420000,1.530945,0.706000
1.000000,115.000000,1.862625,-1.246619,-3.460162,-3.460162,0.000000,0.000000,0.000000,0.420000,1.625014,0.705000
2.000000,114.000000,10.536768,250.388809,-4.391135,-4.391135,0.000000,0.000000,0.000000,0.420000,1.583426,0.706000
2.000000,114.000000,9.988013,339.283569,-3.856178,-3.856178,0.000000,0.000000,0.000000,0.420000,1.495823,0.703000
1.000000,116.000000,6.636578,357.992035,-1.885430,-1.885430,0.000000,0.000000,0.000000,0.420000,1.336379,0.704000
0.000000,114.000000,-0.130800,71.314888,-0.336292,-0.336292,0.000000,0.000000,0.000000,0.420000,1.316058,0.704000
1.000000,116.000000,6.069528,-53.235081,-3.395363,-3.395363,0.000000,0.000000,0.000000,0.420000,1.326062,0.704000
1.000000,117.000000,6.882805,-171.415527,-6.507451,-6.507451,0.000000,0.000000,0.000000,0.420000,1.453383,0.703000
0.000000,108.000000,2.810549,-191.713608,-6.569268,-6.569268,0.000000,0.000000,0.000000,0.420000,1.555331,0.705000
0.000000,114.000000,4.596531,-98.569183,-6.568659,-6.568659,0.000000,0.000000,0.000000,0.420000,1.622230,0.702000
0.000000,110.000000,5.707675,-70.520195,-6.815898,-6.815898,0.000000,0.000000,0.000000,0.420000,1.579430,0.702000
0.000000,119.000000,9.461839,-266.176147,-10.402157,-10.402157,0.000000,0.000000,0.000000,1.928313,1.547853,0.704000
-3.000000,117.000000,-8.298052,-82.437141,-2.728997,-2.728997,0.000000,0.000000,0.000000,0.420000,1.435426,0.703000
0.000000,112.000000,10.733667,86.469452,-5.552874,-5.552874,0.000000,0.000000,0.000000,0.420000,1.319714,0.702000
0.000000,116.000000,6.970828,179.234741,-4.577840,-4.577840,0.000000,0.000000,0.000000,0.420000,1.283985,0.701000
0.000000,114.000000,5.919791,39.571747,-4.825572,-4.825572,0.000000,0.000000,0.000000,0.420000,1.187932,0.703000
1.000000,107.000000,9.446918,-96.747261,-7.775903,-7.775903,0.000000,0.000000,0.000000,0.420000,1.250150,0.705000
0.000000,107.000000,0.836077,-189.955307,-6.362579,-6.362579,0.000000,0.000000,0.000000,0.420000,1.287880,0.705000
0.000000,105.000000,3.658032,-188.455856,-6.841636,-6.841636,0.000000,0.000000,0.000000,0.420000,1.390108,0.705000
1.000000,112.000000,12.802654,-170.425613,-11.057924,-11.057924,0.000000,0.000000,0.000000,2.023399,1.482891,0.709000
0.000000,114.000000,7.680345,-20.602047,-9.723433,-9.723433,0.000000,0.000000,0.000000,1.829898,1.422769,0.708000
-1.000000,107.000000,0.549275,19.698502,-5.417775,-5.417775,0.000000,0.000000,0.000000,0.420000,1.350861,0.708000
0.000000,108.000000,5.097804,28.689873,-5.015579,-5.015579,0.000000,0.000000,0.000000,0.420000,1.305179,0.709000
1.000000,112.000000,11.490138,157.504532,-6.511590,-6.511590,0.000000,0.000000,0.000000,0.420000,1.171461,0.711000
0.000000,104.000000,6.119943,200.089386,-4.534544,-4.534544,0.000000,0.000000,0.000000,0.420000,0.974451,0.710000
0.000000,94.000000,7.986324,-43.615589,-6.480386,-6.480386,0.000000,0.000000,0.000000,0.420000,0.841192,0.711000
-1.000000,98.000000,-0.197274,-75.831604,-4.157923,-4.157923,0.000000,0.000000,0.000000,0.420000,0.838145,0.712000
0.000000,105.000000,7.989788,16.741840,-5.731586,-5.731586,0.000000,0.000000,0.000000,0.420000,0.711975,0.712000
0.000000,99.000000,9.156005,8.028567,-7.200317,-7.200317,0.000000,0.000000,0.000000,0.420000,0.556885,0.713000
-2.000000,99.000000,-6.194768,-95.798035,-2.034711,-2.034711,0.000000,0.000000,0.000000,0.420000,0.517710,0.714000
0.000000,91.000000,5.625137,77.675316,-2.951325,-2.951325,0.000000,0.000000,0.000000,0.420000,0.460880,0.714000
0.000000,87.000000,5.342783,153.637161,-2.644747,-2.644747,0.000000,0.000000,0.000000,0.420000,0.354514,0.713000
0.000000,83.000000,3.245981,-44.695942,-3.317566,-3.317566,0.000000,0.000000,0.000000,0.420000,0.341791,0.715000
0.000000,74.000000,-1.525102,61.367081,-0.586062,-0.586062,0.000000,0.000000,0.000000,0.420000,0.412177,0.713000
2.000000,73.000000,8.743017,91.732422,-3.431100,-3.431100,0.000000,0.000000,0.000000,0.420000,0.441764,0.712000
3.000000,67.000000,14.191000,61.816383,-7.716708,-7.716708,0.000000,0.000000,0.000000,0.420000,0.485878,0.713000
2.000000,78.000000,7.431462,31.266691,-7.306947,-7.306947,0.000000,0.000000,0.000000,0.420000,0.506515,0.713000
1.000000,79.000000,0.938190,69.770424,-3.813073,-3.813073,0.000000,0.000000,0.000000,0.420000,0.548868,0.712000
2.000000,78.000000,9.222571,193.707245,-4.503982,-4.503982,0.000000,0.000000,0.000000,0.420000,0.435450,0.712000
3.000000,82.000000,17.992167,101.573578,-9.659502,-9.659502,0.000000,0.000000,0.000000,1.820628,0.332673,0.713000
2.000000,79.000000,12.146330,129.955292,-9.608977,-9.608977,0.000000,0.000000,0.000000,1.813302,0.311294,0.711000
2.000000,75.000000,7.327624,-49.500778,-9.027875,-9.027875,0.000000,0.000000,0.000000,1.729042,0.500751,0.712000
3.000000,73.000000,9.781842,44.113098,-8.970142,-8.970142,0.000000,0.000000,0.000000,1.720671,0.701559,0.712000
3.000000,81.000000,11.096956,73.346687,-9.267088,-9.267088,0.000000,0.000000,0.000000,1.763728,0.740332,0.711000
2.000000,78.000000,4.831817,30.090050,-7.000406,-7.000406,0.000000,0.000000,0.000000,0.420000,0.846737,0.714000
3.000000,81.000000,11.859561,251.952438,-6.919454,-6.919454,0.000000,0.000000,0.000000,0.420000,0.828126,0.716000
4.000000,78.000000,18.766949,177.737061,-10.651193,-10.651193,0.000000,0.000000,0.000000,1.964423,0.820758,0.715000
2.000000,81.000000,8.788003,28.285879,-9.558185,-9.558185,0.000000,0.000000,0.000000,1.805937,0.778456,0.717000
1.000000,84.000000,3.941633,68.479897,-6.414418,-6.414418,0.000000,0.000000,0.000000,0.420000,0.792801,0.719000
3.000000,76.000000,16.860033,224.376450,-9.095556,-9.095556,0.000000,0.000000,0.000000,1.738856,0.715610,0.717000
2.000000,73.000000,8.369284,239.038757,-6.617385,-6.617385,0.000000,0.000000,0.000000,0.420000,0.500285,0.719000
0.000000,72.000000,-3.407137,204.523743,-0.265637,-0.265637,0.000000,0.000000,0.000000,0.420000,0.338768,0.721000
3.000000,82.000000,18.621271,215.161530,-6.589219,-6.589219,0.000000,0.000000,0.000000,0.420000,0.135549,0.722000
3.000000,80.000000,19.332886,11.482230,-12.220528,-12.220528,0.000000,0.000000,0.000000,2.191977,0.086347,0.722000
1.000000,79.000000,6.473576,151.112823,-8.274384,-8.274384,0.000000,0.000000,0.000000,1.619786,-0.029086,0.724000
1.000000,84.000000,5.299412,51.874180,-6.468779,-6.468779,0.000000,0.000000,0.000000,0.420000,-0.013918,0.725000
2.000000,88.000000,5.533643,40.845280,-5.680360,-5.680360,0.000000,0.000000,0.000000,0.420000,0.197314,0.726000
4.000000,78.000000,15.973780,70.023811,-9.682184,-9.682184,0.000000,0.000000,0.000000,1.823917,0.353514,0.727000
2.000000,78.000000,-1.579174,21.329329,-4.422609,-4.422609,0.000000,0.000000,0.000000,0.420000,0.608045,0.728000
3.000000,76.000000,3.534222,190.513245,-2.308216,-2.308216,0.000000,0.000000,0.000000,0.420000,0.714238,0.727000
4.000000,78.000000,13.838224,198.562531,-5.709657,-5.709657,0.000000,0.000000,0.000000,0.420000,0.701686,0.726000
3.000000,85.000000,9.931489,-11.862024,-7.716239,-7.716239,0.000000,0.000000,0.000000,0.420000,0.778606,0.727000
1.000000,79.000000,0.997797,-1.001767,-4.701956,-4.701956,0.000000,0.000000,0.000000,0.420000,0.833042,0.727000
1.000000,88.000000,4.812031,228.601486,-2.694077,-2.694077,0.000000,0.000000,0.000000,0.420000,0.844000,0.729000
1.000000,82.000000,6.790486,142.908432,-3.251285,-3.251285,0.000000,0.000000,0.000000,0.420000,0.785195,0.729000
0.000000,76.000000,2.369953,-13.291092,-2.974306,-2.974306,0.000000,0.000000,0.000000,0.420000,0.721460,0.728000
0.000000,83.000000,2.469369,-8.739580,-2.825740,-2.825740,0.000000,0.000000,0.000000,0.420000,0.700699,0.726000
0.000000,85.000000,4.498958,246.392517,-1.361156,-1.361156,0.000000,0.000000,0.000000,0.420000,0.508383,0.726000
-2.000000,79.000000,-9.485914,120.343437,4.603117,4.603117,0.000000,0.000000,0.000000,0.420000,0.416611,0.726000
-1.000000,78.000000,-3.506480,45.759090,4.521462,4.521462,0.000000,0.000000,0.000000,0.420000,0.326424,0.725000
-2.000000,82.000000,-8.358714,-88.709000,5.449844,5.449844,0.000000,0.000000,0.000000,0.420000,0.219194,0.725000
-2.000000,76.000000,-5.627809,-87.389191,4.743425,4.743425,0.000000,0.000000,0.000000,0.420000,0.089685,0.724000
-3.000000,77.000000,-7.945410,95.058006,7.039841,7.039841,0.000000,0.000000,0.000000,0.420000,-0.169688,0.727000
-4.000000,80.000000,-13.688934,128.073929,11.184597,11.184597,0.000000,0.000000,0.000000,-1.201767,-0.506955,0.726000
-2.000000,77.000000,0.517797,67.152328,6.522891,6.522891,0.000000,0.000000,0.000000,0.420000,-0.811170,0.724000
-3.000000,72.000000,-8.841258,16.219519,7.712132,7.712132,0.000000,0.000000,0.000000,0.420000,-0.979511,0.727000
-3.000000,70.000000,-12.085791,-184.171234,8.022738,8.022738,0.000000,0.000000,0.000000,-0.743297,-0.945835,0.728000
-1.000000,78.000000,-3.780663,-187.475327,4.426526,4.426526,0.000000,0.000000,0.000000,0.420000,-0.760639,0.728000
-1.000000,81.000000,-6.055428,-22.266918,4.959129,4.959129,0.000000,0.000000,0.000000,0.420000,-0.698062,0.726000
-1.000000,76.000000,-6.715810,-142.578400,4.466430,4.466430,0.000000,0.000000,0.000000,0.420000,-0.660106,0.726000
0.000000,74.000000,-0.752660,-174.683182,1.223085,1.223085,0.000000,0.000000,0.000000,0.420000,-0.523700,0.727000
0.000000,75.000000,2.069777,205.968216,1.595011,1.595011,0.000000,0.000000,0.000000,0.420000,-0.636834,0.726000
0.000000,74.000000,2.855697,176.805542,1.183442,1.183442,0.000000,0.000000,0.000000,0.420000,-0.891319,0.728000
0.000000,71.000000,5.377740,166.975647,-0.266309,-0.266309,0.000000,0.000000,0.000000,0.420000,-1.184181,0.726000
-3.000000,66.000000,-15.815775,19.923136,7.149937,7.149937,0.000000,0.000000,0.000000,0.420000,-1.327588,0.726000
-2.000000,76.000000,-10.081041,-121.450768,7.375877,7.375877,0.000000,0.000000,0.000000,0.420000,-1.298830,0.728000
-1.000000,66.000000,-2.895803,57.327343,5.875790,5.875790,0.000000,0.000000,0.000000,0.420000,-1.380588,0.729000
-3.000000,73.000000,-16.538130,136.328323,11.900797,11.900797,0.000000,0.000000,0.000000,-1.305616,-1.580127,0.729000
-1.000000,67.000000,-2.124793,1.399820,7.514194,7.514194,0.000000,0.000000,0.000000,0.420000,-1.700352,0.730000
-2.000000,68.000000,-4.870481,80.144356,7.045822,7.045822,0.000000,0.000000,0.000000,0.420000,-1.965491,0.730000
-3.000000,64.000000,-7.381641,128.396423,8.352509,8.352509,0.000000,0.000000,0.000000,-0.791114,-2.290236,0.730000
-5.000000,67.000000,-21.365927,149.668945,15.555567,15.555567,0.000000,0.000000,0.000000,-1.835557,-2.631026,0.730000
-2.000000,66.000000,-0.720658,22.846611,9.085478,9.085478,0.000000,0.000000,0.000000,-0.897394,-2.846072,0.731000
-2.000000,66.000000,-1.545274,-62.377918,5.130985,5.130985,0.000000,0.000000,0.000000,0.420000,-2.989977,0.730000
-4.000000,66.000000,-17.451679,-2.208906,10.655417,10.655417,0.000000,0.000000,0.000000,-1.125036,-3.088046,0.732000
-3.000000,61.000000,-13.113029,96.383240,12.628792,12.628792,0.000000,0.000000,0.000000,-1.411175,-3.206979,0.734000
-1.000000,66.000000,-4.538450,-190.123535,7.277026,7.277026,0.000000,0.000000,0.000000,0.420000,-3.122189,0.734000
0.000000,69.000000,0.085474,-117.527527,2.906153,2.906153,0.000000,0.000000,0.000000,0.420000,-2.991852,0.737000
-1.000000,67.000000,-7.001927,-61.723633,4.193739,4.193739,0.000000,0.000000,0.000000,0.420000,-2.915497,0.736000
0.000000,63.000000,-3.883794,-123.203468,2.945432,2.945432,0.000000,0.000000,0.000000,0.420000,-2.680096,0.738000
0.000000,66.000000,-9.509707,-29.292986,5.635719,5.635719,0.000000,0.000000,0.000000,0.420000,-2.451023,0.736000
0.000000,69.000000,-8.661443,-83.320839,6.247407,6.247407,0.000000,0.000000,0.000000,0.420000,-2.325424,0.736000
0.000000,69.000000,-3.242979,93.323090,5.735322,5.735322,0.000000,0.000000,0.000000,0.420000,-2.338196,0.736000
-1.000000,69.000000,-10.879267,64.384697,8.629560,8.629560,0.000000,0.000000,0.000000,-0.831286,-2.326162,0.738000
0.000000,66.000000,-4.718482,54.033150,7.355873,7.355873,0.000000,0.000000,0.000000,0.420000,-2.319426,0.738000
-1.000000,70.000000,-11.887205,-174.039764,7.828615,7.828615,0.000000,0.000000,0.000000,0.420000,-2.152540,0.737000
0.000000,69.000000,-2.405126,-221.514038,3.394419,3.394419,0.000000,0.000000,0.000000,0.420000,-1.923560,0.736000
-1.000000,73.000000,-10.479145,-241.540512,4.408681,4.408681,0.000000,0.000000,0.000000,0.420000,-1.608824,0.735000
-2.000000,67.000000,-16.627083,-248.569565,7.669836,7.669836,0.000000,0.000000,0.000000,0.420000,-1.409379,0.737000
-1.000000,64.000000,-5.726388,-161.510925,5.341686,5.341686,0.000000,0.000000,0.000000,0.420000,-1.312739,0.737000
-1.000000,65.000000,-2.071363,-142.006271,2.591984,2.591984,0.000000,0.000000,0.000000,0.420000,-1.266976,0.735000
-4.000000,66.000000,-21.279549,-151.127914,9.641237,9.641237,0.000000,0.000000,0.000000,-0.977979,-1.230440,0.735000
-2.000000,66.000000,-3.804692,120.350693,8.097948,8.097948,0.000000,0.000000,0.000000,-0.754202,-1.377447,0.737000
-3.000000,65.000000,-12.384709,206.205444,11.882839,11.882839,0.000000,0.000000,0.000000,-1.303012,-1.673480,0.738000
-2.000000,63.000000,-6.658518,117.255020,10.587190,10.587190,0.000000,0.000000,0.000000,-1.115142,-1.901606,0.736000
-2.000000,66.000000,-7.260209,-124.263199,7.971680,7.971680,0.000000,0.000000,0.000000,0.420000,-1.947827,0.737000
-3.000000,62.000000,-13.023517,-236.411743,8.117300,8.117300,0.000000,0.000000,0.000000,-0.757009,-1.969920,0.737000
-2.000000,67.000000,-3.419206,-163.453445,4.532077,4.532077,0.000000,0.000000,0.000000,0.420000,-1.967155,0.737000
-2.000000,63.000000,-2.852762,-163.446198,2.305370,2.305370,0.000000,0.000000,0.000000,0.420000,-1.948022,0.738000
-1.000000,58.000000,4.697661,-61.901642,-1.403109,-1.403109,0.000000,0.000000,0.000000,0.420000,-1.968197,0.737000
-1.000000,55.000000,1.913015,-63.924328,-2.207886,-2.207886,0.000000,0.000000,0.000000,0.420000,-2.003132,0.741000
0.000000,52.000000,8.166147,33.370987,-4.588765,-4.588765,0.000000,0.000000,0.000000,0.420000,-2.075402,0.742000
-1.000000,49.000000,-0.099140,93.077370,-1.641511,-1.641511,0.000000,0.000000,0.000000,0.420000,-2.212223,0.741000
-2.000000,53.000000,-9.020688,-6.405551,3.098828,3.098828,0.000000,0.000000,0.000000,0.420000,-2.305570,0.741000
0.000000,55.000000,3.878923,-104.151268,-0.978521,-0.978521,0.000000,0.000000,0.000000,0.420000,-2.259952,0.743000
0.000000,51.000000,5.924619,-19.042114,-3.375644,-3.375644,0.000000,0.000000,0.000000,0.420000,-2.322932,0.742000
0.000000,53.000000,4.889977,35.885578,-3.734124,-3.734124,0.000000,0.000000,0.000000,0.420000,-2.340333,0.742000
1.000000,54.000000,4.319798,-28.485376,-4.254045,-4.254045,0.000000,0.000000,0.000000,0.420000,-2.191680,0.740000
1.000000,57.000000,1.781918,123.059372,-2.034054,-2.034054,0.000000,0.000000,0.000000,0.420000,-2.145422,0.742000
1.000000,62.000000,-0.327556,-34.121799,-1.278426,-1.278426,0.000000,0.000000,0.000000,0.420000,-2.017303,0.741000
3.000000,59.000000,12.054869,-159.142761,-7.560110,-7.560110,0.000000,0.000000,0.000000,0.420000,-1.736690,0.741000
1.000000,48.000000,-7.731217,-217.196136,-2.633777,-2.633777,0.000000,0.000000,0.000000,0.420000,-1.399893,0.741000
3.000000,47.000000,8.970198,-92.083939,-6.313922,-6.313922,0.000000,0.000000,0.000000,0.420000,-1.200841,0.742000
0.000000,53.000000,-7.728459,-101.413696,-0.907574,-0.907574,0.000000,0.000000,0.000000,0.420000,-1.070912,0.742000
0.000000,48.000000,-4.723862,-102.217392,0.706615,0.706615,0.000000,0.000000,0.000000,0.420000,-0.928788,0.742000
0.000000,48.000000,-2.600148,53.485157,2.040071,2.040071,0.000000,0.000000,0.000000,0.420000,-0.963687,0.744000
0.000000,50.000000,0.956325,-71.883331,0.044743,0.044743,0.000000,0.000000,0.000000,0.420000,-1.027013,0.743000
0.000000,58.000000,4.541813,-97.068230,-2.892821,-2.892821,0.000000,0.000000,0.000000,0.420000,-1.019523,0.742000
0.000000,57.000000,5.796380,22.623568,-3.995811,-3.995811,0.000000,0.000000,0.000000,0.420000,-1.121591,0.741000
0.000000,51.000000,6.663253,122.202080,-4.096342,-4.096342,0.000000,0.000000,0.000000,0.420000,-1.331438,0.739000
0.000000,61.000000,5.962390,-21.961239,-5.133715,-5.133715,0.000000,0.000000,0.000000,0.420000,-1.441419,0.740000
-1.000000,51.000000,-2.783335,-16.350681,-1.718198,-1.718198,0.000000,0.000000,0.000000,0.420000,-1.469007,0.741000
-1.000000,48.000000,-3.743171,-91.650688,-0.085438,-0.085438,0.000000,0.000000,0.000000,0.420000,-1.449351,0.739000
-3.000000,47.000000,-16.387209,97.823578,8.207665,8.207665,0.000000,0.000000,0.000000,-0.770111,-1.554578,0.738000
1.000000,45.000000,11.751219,95.910339,0.089360,0.089360,0.000000,0.000000,0.000000,0.420000,-1.618317,0.739000
0.000000,39.000000,-0.707350,89.845253,1.176063,1.176063,0.000000,0.000000,0.000000,0.420000,-1.673526,0.740000
0.000000,36.000000,-4.853044,-164.086609,1.353925,1.353925,0.000000,0.000000,0.000000,0.420000,-1.513309,0.740000
1.000000,48.000000,0.967905,82.011017,1.047200,1.047200,0.000000,0.000000,0.000000,0.420000,-1.411200,0.738000
3.000000,40.000000,13.936960,156.363068,-4.288404,-4.288404,0.000000,0.000000,0.000000,0.420000,-1.395685,0.738000
2.000000,45.000000,3.793559,-1.080928,-4.075452,-4.075452,0.000000,0.000000,0.000000,0.420000,-1.276622,0.737000
1.000000,44.000000,-4.755487,-95.231567,-0.958614,-0.958614,0.000000,0.000000,0.000000,0.420000,-1.042505,0.737000
2.000000,49.000000,5.394061,-65.808205,-3.546839,-3.546839,0.000000,0.000000,0.000000,0.420000,-0.956081,0.736000
2.000000,48.000000,9.442968,-89.887466,-7.009084,-7.009084,0.000000,0.000000,0.000000,0.420000,-0.850991,0.737000
0.000000,37.000000,-2.785553,-41.452194,-2.974567,-2.974567,0.000000,0.000000,0.000000,0.420000,-0.789239,0.736000
-3.000000,41.000000,-21.983347,-127.984581,7.104632,7.104632,-0.824125,-0.001221,1.000000,-0.393346,-0.732960,0.737000
-2.000000,41.000000,-12.775474,-127.480438,8.509188,8.509188,-0.770740,-0.002363,2.800000,-0.319503,-0.657166,0.736000
0.000000,38.000000,4.710178,-121.850929,1.463815,1.463815,0.504385,-0.001740,5.200000,0.985045,-0.642631,0.735000
-1.000000,40.000000,-0.263610,-184.342529,-0.735360,-0.735360,0.801274,-0.000553,5.200000,1.283121,-0.655980,0.735000
-2.000000,48.000000,-4.297570,-99.432297,0.634567,0.634567,1.277834,0.000220,10.100000,1.819253,-0.708103,0.734000
0.000000,45.000000,10.813308,169.886246,-2.988000,-2.988000,1.766880,0.002837,10.100000,2.310917,-0.902029,0.734000
0.000000,42.000000,6.867854,151.782104,-3.367895,-3.367895,2.020666,0.005831,11.600000,2.585697,-1.147230,0.733000
-2.000000,46.000000,-15.391676,-146.531235,3.755131,3.755131,1.086058,0.007440,11.800001,1.655097,-0.999621,0.734000
0.000000,47.000000,-8.113744,56.487694,6.224896,6.224896,0.955139,0.008855,13.300001,1.543594,-0.773267,0.733000
1.000000,39.000000,-8.696957,56.889816,7.849331,7.849331,0.735840,0.009945,13.300001,1.325385,-0.493836,0.735000
0.000000,31.000000,-20.944069,-77.666588,6.338005,6.338005,0.966869,0.011377,13.500000,1.560247,-0.124898,0.734000
2.000000,33.000000,-5.480202,-18.497723,5.897621,5.897621,1.188321,0.013138,14.700001,1.797859,0.164149,0.732000
0.000000,37.000000,-18.017008,-67.765266,10.741457,10.741457,0.574903,0.013990,15.000000,1.188893,0.427160,0.732000
2.000000,34.000000,-0.052350,-52.735020,9.617865,9.617865,0.726588,0.015066,15.000000,1.341654,0.646363,0.731000
-2.000000,38.000000,-22.997667,82.840958,16.384344,16.384344,-0.186886,0.014789,15.000000,0.427903,0.633725,0.731000
0.000000,35.000000,-2.237884,13.578169,10.140640,10.140640,0.885514,0.016101,16.700001,1.522015,0.559358,0.730000
-1.000000,38.000000,-4.768044,-86.825394,6.941544,6.941544,1.317392,0.018053,16.700001,1.955844,0.537981,0.730000
3.000000,41.000000,25.750914,-179.574188,-9.386229,-9.386229,3.521641,0.023270,16.700001,4.165311,0.656498,0.730000
-3.000000,45.000000,-16.580067,-103.382828,1.368158,1.368158,2.069799,0.026336,16.700001,2.716535,0.723950,0.729000
-7.000000,40.000000,-47.607292,-157.770233,20.755836,20.755836,-0.547538,0.025525,16.700001,0.098387,0.844027,0.728000
0.000000,41.000000,-1.047863,55.965012,12.390934,12.390934,0.608724,0.026427,16.900000,1.257951,0.940543,0.729000
-1.000000,37.000000,-12.437569,-14.051526,12.285456,12.285456,0.622963,0.027350,16.900000,1.273113,1.012605,0.729000
0.000000,32.000000,-5.973183,-114.146904,10.050766,10.050766,0.924647,0.028720,16.900000,1.576166,1.099149,0.728000
-2.000000,33.000000,-17.338369,-233.290070,5.754615,5.754615,1.504627,0.030949,16.900000,2.158376,1.193305,0.727000
0.000000,37.000000,-0.436239,-41.738914,2.985696,2.985696,1.918931,0.033792,17.200001,2.579123,1.301462,0.729000
-1.000000,38.000000,-8.486414,87.455132,6.248115,6.248115,1.478505,0.035982,17.200001,2.140887,1.270450,0.729000
1.000000,35.000000,8.323116,37.450138,0.028112,0.028112,2.318205,0.039416,17.200001,2.984021,1.140456,0.729000
3.000000,45.000000,22.895437,-45.782696,-10.699530,-10.699530,3.536937,0.044656,15.500000,4.187593,1.146483,0.727000
3.000000,50.000000,21.278008,37.148064,-15.125513,-15.125513,3.567445,0.047173,11.300001,4.170218,1.156552,0.726000
9.000000,58.000000,64.070107,43.811939,-36.756271,-36.756271,6.258097,0.056444,9.600000,6.849741,1.132490,0.728000
6.000000,60.000000,40.320866,-0.740785,-38.367004,-38.367004,5.314546,0.058275,1.000000,5.804821,1.201176,0.727000
3.000000,63.000000,14.040071,77.899078,-26.718792,-26.718792,3.742037,0.063819,1.000000,4.237856,1.325683,0.724000
3.000000,57.000000,5.696820,131.137650,-16.078667,-16.078667,0.000000,0.000000,0.000000,2.751407,1.568475,0.724000
4.000000,62.000000,4.646835,77.750999,-10.234583,-10.234583,0.000000,0.000000,0.000000,1.904014,1.914430,0.727000
5.000000,63.000000,8.266447,-59.911049,-9.888122,-9.888122,0.000000,0.000000,0.000000,1.853778,2.303029,0.723000
7.000000,77.000000,26.628149,16.868568,-17.269318,-17.269318,0.000000,0.000000,0.000000,2.924051,2.524723,0.722000
0.000000,80.000000,-13.314240,224.731049,-1.484138,-1.484138,0.000000,0.000000,0.000000,0.420000,2.443100,0.721000
2.000000,81.000000,7.374300,232.685913,-2.040538,-2.040538,0.000000,0.000000,0.000000,0.420000,2.201845,0.717000
3.000000,96.000000,19.340382,8.358571,-9.750240,-9.750240,0.000000,0.000000,0.000000,1.833785,2.090706,0.717000
1.000000,110.000000,10.397044,95.365791,-9.183010,-9.183010,0.000000,0.000000,0.000000,1.751536,1.915083,0.713000
0.000000,112.000000,4.791566,36.572914,-6.877704,-6.877704,0.000000,0.000000,0.000000,0.420000,1.812550,0.712000
2.000000,110.000000,16.002930,51.537338,-10.520220,-10.520220,0.000000,0.000000,0.000000,1.945432,1.796950,0.713000
2.000000,107.000000,15.373072,207.642654,-10.835219,-10.835219,0.000000,0.000000,0.000000,1.991107,1.673716,0.710000
1.000000,108.000000,7.599499,114.380928,-8.349717,-8.349717,0.000000,0.000000,0.000000,1.630709,1.636774,0.708000
0.000000,106.000000,-0.023938,-99.130257,-5.473744,-5.473744,0.000000,0.000000,0.000000,0.420000,1.680125,0.707000
1.000000,106.000000,4.301116,-173.999588,-6.512058,-6.512058,0.000000,0.000000,0.000000,0.420000,1.942518,0.707000
2.000000,99.000000,13.349640,-126.985840,-10.731842,-10.731842,0.000000,0.000000,0.000000,1.976117,2.047747,0.708000
0.000000,100.000000,4.222866,209.551590,-5.916838,-5.916838,0.000000,0.000000,0.000000,0.420000,1.907222,0.710000
0.000000,94.000000,5.692452,65.721931,-5.224367,-5.224367,0.000000,0.000000,0.000000,0.420000,1.779513,0.709000
1.000000,89.000000,14.954199,101.120766,-8.692704,-8.692704,0.000000,0.000000,0.000000,1.680442,1.603180,0.710000
1.000000,81.000000,16.391146,1.133085,-12.146805,-12.146805,0.000000,0.000000,0.000000,2.181287,1.421382,0.710000
0.000000,81.000000,10.483856,-5.214070,-11.445405,-11.445405,0.000000,0.000000,0.000000,2.079584,1.271881,0.711000
0.000000,82.000000,9.488503,-121.584419,-11.659060,-11.659060,0.000000,0.000000,0.000000,2.110564,1.244269,0.711000
0.000000,79.000000,6.126174,-93.554031,-10.011248,-10.011248,0.000000,0.000000,0.000000,1.871631,1.325084,0.712000
0.000000,84.000000,4.729897,52.761532,-7.159786,-7.159786,0.000000,0.000000,0.000000,0.420000,1.251787,0.714000
1.000000,82.000000,11.765295,-123.251335,-10.341526,-10.341526,0.000000,0.000000,0.000000,1.919521,1.218312,0.715000
0.000000,84.000000,6.243710,-74.994720,-9.172462,-9.172462,0.000000,0.000000,0.000000,1.750007,1.205785,0.717000
0.000000,88.000000,8.166530,104.182854,-7.782146,-7.782146,0.000000,0.000000,0.000000,0.420000,1.048080,0.718000
1.000000,93.000000,13.357151,-39.241066,-10.644068,-10.644068,0.000000,0.000000,0.000000,1.963390,0.963777,0.718000
1.000000,89.000000,13.252515,11.516262,-11.714222,-11.714222,0.000000,0.000000,0.000000,2.118562,0.902338,0.721000
1.000000,90.000000,10.358073,95.876862,-10.241064,-10.241064,0.000000,0.000000,0.000000,1.904954,0.870344,0.720000
2.000000,96.000000,12.349543,102.032166,-10.271589,-10.271589,0.000000,0.000000,0.000000,1.909380,0.841349,0.720000
3.000000,99.000000,15.629262,36.621368,-12.352949,-12.352949,0.000000,0.000000,0.000000,2.211178,0.899994,0.721000
3.000000,94.000000,12.371502,109.525681,-11.375566,-11.375566,0.000000,0.000000,0.000000,2.069457,0.997824,0.721000
3.000000,99.000000,10.036101,-64.813461,-11.356129,-11.356129,0.000000,0.000000,0.000000,2.066639,1.197585,0.722000
4.000000,105.000000,18.095816,-16.475418,-14.537266,-14.537266,0.000000,0.000000,0.000000,2.527904,1.346416,0.720000
3.000000,97.000000,13.013601,-5.119148,-13.897689,-13.897689,0.000000,0.000000,0.000000,2.435165,1.444204,0.719000
1.000000,110.000000,2.712517,57.163269,-8.349893,-8.349893,0.000000,0.000000,0.000000,1.630734,1.435144,0.718000
2.000000,110.000000,12.814506,95.734192,-9.497360,-9.497360,0.000000,0.000000,0.000000,1.797117,1.301353,0.719000
1.000000,110.000000,5.476559,-18.846197,-7.857615,-7.857615,0.000000,0.000000,0.000000,0.420000,1.319040,0.717000
2.000000,105.000000,13.578282,-70.585533,-11.067185,-11.067185,0.000000,0.000000,0.000000,2.024742,1.350275,0.718000
2.000000,111.000000,17.484383,25.763763,-13.723050,-13.723050,0.000000,0.000000,0.000000,2.409842,1.273549,0.719000
1.000000,107.000000,13.841417,0.126281,-13.775179,-13.775179,0.000000,0.000000,0.000000,2.417401,1.108358,0.719000
0.000000,112.000000,4.815908,-94.406136,-10.593163,-10.593163,0.000000,0.000000,0.000000,1.956008,1.163808,0.718000
0.000000,106.000000,3.146807,-75.068489,-7.917919,-7.917919,0.000000,0.000000,0.000000,0.420000,1.194458,0.720000
0.000000,107.000000,4.811853,187.000641,-4.837184,-4.837184,0.000000,0.000000,0.000000,0.420000,0.984581,0.718000
0.000000,109.000000,5.691411,288.999146,-2.620594,-2.620594,0.000000,0.000000,0.000000,0.420000,0.703098,0.720000
0.000000,104.000000,6.216554,71.473656,-3.595513,-3.595513,0.000000,0.000000,0.000000,0.420000,0.423077,0.720000
-3.000000,102.000000,-11.003819,-11.241419,2.873014,2.873014,0.000000,0.000000,0.000000,0.420000,0.247822,0.719000
-2.000000,105.000000,0.605971,153.323059,2.687378,2.687378,0.000000,0.000000,0.000000,0.420000,-0.087016,0.718000
-2.000000,106.000000,-2.836583,164.562988,4.235587,4.235587,0.000000,0.000000,0.000000,0.420000,-0.294917,0.719000
0.000000,102.000000,5.390060,-147.266998,-1.421357,-1.421357,0.000000,0.000000,0.000000,0.420000,-0.289110,0.719000
-1.000000,100.000000,-6.717737,-210.518784,0.346566,0.346566,0.000000,0.000000,0.000000,0.420000,-0.130464,0.720000
0.000000,106.000000,-1.975780,-59.723782,0.542199,0.542199,0.000000,0.000000,0.000000,0.420000,0.026860,0.720000
0.000000,108.000000,-5.689982,-51.812553,2.392388,2.392388,0.000000,0.000000,0.000000,0.420000,0.197428,0.720000
2.000000,102.000000,8.615611,23.462440,-2.350050,-2.350050,0.000000,0.000000,0.000000,0.420000,0.270998,0.722000
0.000000,109.000000,-1.616931,-25.466623,-0.794108,-0.794108,0.000000,0.000000,0.000000,0.420000,0.227117,0.723000
0.000000,104.000000,3.004437,-81.899590,-2.525853,-2.525853,0.000000,0.000000,0.000000,0.420000,0.192106,0.722000
-2.000000,110.000000,-8.163464,-4.830959,2.240861,2.240861,0.000000,0.000000,0.000000,0.420000,0.126199,0.724000
-3.000000,108.000000,-14.389438,131.429932,8.890589,8.890589,0.000000,0.000000,0.000000,-0.869135,-0.083891,0.725000
-1.000000,105.000000,1.047247,72.130104,5.067734,5.067734,0.000000,0.000000,0.000000,0.420000,-0.345001,0.723000
0.000000,110.000000,9.979532,-23.491047,-1.914955,-1.914955,0.000000,0.000000,0.000000,0.420000,-0.523982,0.723000
-3.000000,107.000000,-10.501120,-45.804459,3.260038,3.260038,0.000000,0.000000,0.000000,0.420000,-0.626064,0.727000
-2.000000,106.000000,-3.767449,25.435051,3.717289,3.717289,0.000000,0.000000,0.000000,0.420000,-0.765190,0.727000
0.000000,103.000000,5.410423,45.302853,0.017544,0.017544,0.000000,0.000000,0.000000,0.420000,-0.783580,0.729000
0.000000,104.000000,1.437471,73.314781,0.022620,0.022620,0.000000,0.000000,0.000000,0.420000,-0.813202,0.726000
-1.000000,99.000000,-10.339619,-22.860750,4.459523,4.459523,0.000000,0.000000,0.000000,0.420000,-0.717979,0.728000
2.000000,102.000000,7.865435,32.841335,-0.791136,-0.791136,0.000000,0.000000,0.000000,0.420000,-0.644365,0.730000
2.000000,105.000000,4.890991,-47.576397,-3.064259,-3.064259,0.000000,0.000000,0.000000,0.420000,-0.477567,0.728000
1.000000,106.000000,-0.833371,-163.763733,-2.784199,-2.784199,0.000000,0.000000,0.000000,0.420000,-0.258451,0.729000
0.000000,104.000000,-2.095628,-67.233772,-1.193381,-1.193381,0.000000,0.000000,0.000000,0.420000,-0.182734,0.727000
0.000000,103.000000,-1.383778,-101.906670,-0.950819,-0.950819,0.000000,0.000000,0.000000,0.420000,-0.083700,0.730000
-1.000000,101.000000,-7.058909,-26.729000,2.412997,2.412997,0.000000,0.000000,0.000000,0.420000,-0.080608,0.731000
0.000000,101.000000,3.559134,-96.538422,-1.143307,-1.143307,0.000000,0.000000,0.000000,0.420000,-0.092112,0.732000
-1.000000,102.000000,-0.094036,12.991972,-0.469575,-0.469575,0.000000,0.000000,0.000000,0.420000,-0.223300,0.732000
-1.000000,104.000000,2.303992,2.339557,-1.274007,-1.274007,0.000000,0.000000,0.000000,0.420000,-0.381081,0.733000
-2.000000,105.000000,-3.983561,4.674050,1.133965,1.133965,0.000000,0.000000,0.000000,0.420000,-0.544282,0.730000
-1.000000,103.000000,-0.944916,-14.325371,0.919965,0.919965,0.000000,0.000000,0.000000,0.420000,-0.548471,0.732000
0.000000,106.000000,3.648124,39.496559,-0.780206,-0.780206,0.000000,0.000000,0.000000,0.420000,-0.608856,0.729000
0.000000,103.000000,0.826764,-17.086182,-0.954933,-0.954933,0.000000,0.000000,0.000000,0.420000,-0.593253,0.732000
0.000000,110.000000,-2.206629,-41.235317,0.096652,0.096652,0.000000,0.000000,0.000000,0.420000,-0.491096,0.731000
0.000000,104.000000,-5.403666,-199.667648,0.687799,0.687799,0.000000,0.000000,0.000000,0.420000,-0.227953,0.730000
0.000000,104.000000,-4.260007,-61.902451,1.738171,1.738171,0.000000,0.000000,0.000000,0.420000,-0.070394,0.729000
1.000000,104.000000,4.021110,-16.956057,-1.006110,-1.006110,0.000000,0.000000,0.000000,0.420000,-0.020136,0.731000
0.000000,103.000000,-1.460861,-103.369202,-0.826296,-0.826296,0.000000,0.000000,0.000000,0.420000,0.023297,0.730000
0.000000,105.000000,2.913706,-103.907509,-2.700798,-2.700798,0.000000,0.000000,0.000000,0.420000,0.020816,0.728000
-1.000000,105.000000,0.272338,99.725433,-0.710462,-0.710462,0.000000,0.000000,0.000000,0.420000,-0.180837,0.730000
0.000000,103.000000,7.143774,-70.932281,-4.243843,-4.243843,0.000000,0.000000,0.000000,0.420000,-0.238022,0.730000
0.000000,100.000000,6.986075,-145.997025,-6.791821,-6.791821,0.000000,0.000000,0.000000,0.420000,-0.199710,0.729000
0.000000,105.000000,9.202759,57.858658,-7.356015,-7.356015,0.000000,0.000000,0.000000,0.420000,-0.323986,0.729000
0.000000,107.000000,10.223073,130.892014,-7.468163,-7.468163,0.000000,0.000000,0.000000,0.420000,-0.576257,0.730000
0.000000,102.000000,10.227688,91.631462,-7.885266,-7.885266,0.000000,0.000000,0.000000,0.420000,-0.805395,0.727000
-1.000000,100.000000,1.973817,-43.152100,-5.613483,-5.613483,0.000000,0.000000,0.000000,0.420000,-0.934584,0.729000
-1.000000,106.000000,2.056041,-0.958196,-4.021258,-4.021258,0.000000,0.000000,0.000000,0.420000,-1.019069,0.728000
1.000000,99.000000,12.366933,8.893898,-7.696766,-7.696766,0.000000,0.000000,0.000000,0.420000,-1.049465,0.729000
1.000000,98.000000,6.346092,-162.623169,-8.552570,-8.552570,0.000000,0.000000,0.000000,1.660123,-0.855004,0.729000
1.000000,99.000000,2.174206,-81.903328,-6.419436,-6.419436,0.000000,0.000000,0.000000,0.420000,-0.689672,0.729000
2.000000,99.000000,6.609579,5.907614,-6.451832,-6.451832,0.000000,0.000000,0.000000,0.420000,-0.539968,0.729000
2.000000,95.000000,7.501595,-70.641266,-7.559997,-7.559997,0.000000,0.000000,0.000000,0.420000,-0.425938,0.728000
2.000000,94.000000,9.004053,-97.456879,-9.086934,-9.086934,0.000000,0.000000,0.000000,1.737605,-0.284604,0.731000
2.000000,97.000000,11.768223,-15.371254,-10.431855,-10.431855,0.000000,0.000000,0.000000,1.932619,-0.277863,0.731000
1.000000,108.000000,6.983314,-27.076975,-9.123704,-9.123704,0.000000,0.000000,0.000000,1.742937,-0.280662,0.731000
1.000000,94.000000,8.560544,-17.488237,-9.027676,-9.027676,0.000000,0.000000,0.000000,1.729013,-0.276444,0.733000
4.000000,95.000000,29.009926,-73.783920,-18.683744,-18.683744,0.000000,0.000000,0.000000,3.129143,-0.180686,0.732000
2.000000,103.000000,12.369648,45.156361,-15.435993,-15.435993,0.000000,0.000000,0.000000,2.658219,-0.171676,0.731000
1.000000,96.000000,6.432004,-16.760061,-11.535039,-11.535039,0.000000,0.000000,0.000000,2.092581,-0.178576,0.732000
1.000000,100.000000,5.008781,-58.881821,-9.128160,-9.128160,0.000000,0.000000,0.000000,1.743583,-0.107389,0.734000
2.000000,100.000000,12.113848,-12.926822,-10.588060,-10.588060,0.000000,0.000000,0.000000,1.955269,-0.018452,0.732000
3.000000,93.000000,21.008106,-47.785130,-15.707147,-15.707147,0.000000,0.000000,0.000000,2.697536,0.011435,0.733000
4.000000,98.000000,26.877344,-90.266907,-21.546139,-21.546139,0.000000,0.000000,0.000000,3.544190,0.116759,0.735000
4.000000,89.000000,23.506174,23.729197,-22.214592,-22.214592,0.000000,0.000000,0.000000,3.641116,0.241787,0.735000
3.000000,94.000000,11.233032,136.982956,-16.040043,-16.040043,0.000000,0.000000,0.000000,2.745806,0.351772,0.734000
4.000000,89.000000,14.428440,2.868563,-15.289004,-15.289004,0.000000,0.000000,0.000000,2.636906,0.583991,0.733000
5.000000,96.000000,19.105295,-35.316513,-17.324184,-17.324184,0.000000,0.000000,0.000000,2.932007,0.855951,0.732000
4.000000,91.000000,12.085628,9.240442,-14.883670,-14.883670,0.000000,0.000000,0.000000,2.578132,1.075299,0.730000
2.000000,89.000000,4.400301,87.884438,-9.375195,-9.375195,0.000000,0.000000,0.000000,1.779403,1.016720,0.732000
4.000000,89.000000,22.886992,120.834091,-14.367996,-14.367996,0.000000,0.000000,0.000000,2.503360,0.977683,0.731000
5.000000,94.000000,31.652781,-16.621059,-22.295738,-22.295738,0.000000,0.000000,0.000000,3.652882,0.946889,0.730000
2.000000,92.000000,13.640629,-101.466255,-19.314135,-19.314135,0.000000,0.000000,0.000000,3.220550,1.002332,0.731000
1.000000,94.000000,10.289293,107.482689,-14.285612,-14.285612,0.000000,0.000000,0.000000,2.491414,0.887103,0.733000
2.000000,87.000000,16.829889,145.132156,-14.124348,-14.124348,0.000000,0.000000,0.000000,2.468030,0.723589,0.732000
0.000000,94.000000,-0.236762,42.327751,-7.280899,-7.280899,0.000000,0.000000,0.000000,0.420000,0.650145,0.735000
2.000000,92.000000,16.671667,9.105891,-11.424791,-11.424791,0.000000,0.000000,0.000000,2.076595,0.597022,0.734000
3.000000,91.000000,25.313583,-7.529315,-17.742512,-17.742512,0.000000,0.000000,0.000000,2.992664,0.547278,0.735000
3.000000,83.000000,29.558533,16.849339,-22.908077,-22.908077,0.000000,0.000000,0.000000,3.741671,0.377863,0.734000
1.000000,87.000000,16.834921,-13.788507,-20.299253,-20.299253,0.000000,0.000000,0.000000,3.363392,0.256341,0.733000
3.000000,87.000000,28.607983,60.905327,-23.490032,-23.490032,0.000000,0.000000,0.000000,3.826055,0.199753,0.732000
3.000000,84.000000,17.318668,37.940849,-20.371450,-20.371450,0.000000,0.000000,0.000000,3.373860,0.377615,0.733000
3.000000,81.000000,7.191686,-132.378677,-15.631964,-15.631964,0.000000,0.000000,0.000000,2.686635,0.745650,0.733000
6.000000,81.000000,23.892048,-179.999146,-20.968994,-20.968994,0.000000,0.000000,0.000000,3.460504,1.196982,0.732000
4.000000,87.000000,8.282399,184.594040,-13.598680,-13.598680,0.000000,0.000000,0.000000,2.391809,1.437299,0.732000
6.000000,80.000000,20.772871,146.888092,-15.505074,-15.505074,0.000000,0.000000,0.000000,2.668236,1.562383,0.734000
5.000000,72.000000,17.666357,6.172385,-16.422098,-16.422098,0.000000,0.000000,0.000000,2.801204,1.636145,0.733000
3.000000,82.000000,9.631855,1.950896,-13.348930,-13.348930,0.000000,0.000000,0.000000,2.355595,1.718179,0.733000
3.000000,81.000000,15.711303,13.503799,-14.290463,-14.290463,0.000000,0.000000,0.000000,2.492117,1.742210,0.732000
1.000000,76.000000,4.679861,-18.313221,-10.130512,-10.130512,0.000000,0.000000,0.000000,1.888924,1.748124,0.733000
1.000000,72.000000,9.858735,-38.996998,-10.359186,-10.359186,0.000000,0.000000,0.000000,1.922082,1.692693,0.733000
0.000000,74.000000,6.052619,66.791740,-7.820105,-7.820105,0.000000,0.000000,0.000000,0.420000,1.556480,0.732000
0.000000,74.000000,6.874278,-36.393490,-7.722024,-7.722024,0.000000,0.000000,0.000000,0.420000,1.436124,0.732000
0.000000,79.000000,7.314593,-112.438400,-8.550626,-8.550626,0.000000,0.000000,0.000000,1.659841,1.371333,0.731000
0.000000,71.000000,13.534776,-3.325172,-10.823420,-10.823420,0.000000,0.000000,0.000000,1.989396,1.135680,0.730000
1.000000,80.000000,24.021475,-90.703461,-17.578875,-17.578875,0.000000,0.000000,0.000000,2.968937,0.961055,0.730000
0.000000,77.000000,21.610733,-96.623001,-20.262819,-20.262819,0.000000,0.000000,0.000000,3.358109,0.676989,0.731000
-1.000000,79.000000,14.206921,5.010422,-17.492571,-17.492571,0.000000,0.000000,0.000000,2.956423,0.451512,0.732000
-1.000000,73.000000,5.961921,129.729416,-11.136213,-11.136213,0.000000,0.000000,0.000000,2.034751,0.353413,0.731000
2.000000,77.000000,20.593218,67.394150,-14.785318,-14.785318,0.000000,0.000000,0.000000,2.563871,0.283466,0.730000
1.000000,78.000000,7.504020,-36.527264,-11.837479,-11.837479,0.000000,0.000000,0.000000,2.136434,0.319111,0.731000
1.000000,71.000000,4.412080,83.712570,-7.742637,-7.742637,0.000000,0.000000,0.000000,0.420000,0.342913,0.732000
4.000000,67.000000,20.120808,20.793463,-13.125672,-13.125672,1.947466,0.002885,1.300000,2.385951,0.526566,0.731000
6.000000,76.000000,31.309074,-143.151215,-22.596565,-22.596565,3.388036,0.007904,2.500000,3.845941,0.767406,0.731000
2.000000,72.000000,5.433550,-176.011292,-16.457310,-16.457310,2.599737,0.011756,2.800000,3.065093,1.039792,0.731000
1.000000,70.000000,-0.233126,-61.560852,-9.500662,-9.500662,1.660589,0.014216,2.800000,2.128406,1.233100,0.730000
3.000000,69.000000,14.671691,71.533722,-11.183822,-11.183822,2.076816,0.017293,4.200000,2.564509,1.318969,0.730000
2.000000,69.000000,7.109565,199.275665,-7.556925,-7.556925,1.587185,0.019644,4.200000,2.077229,1.253507,0.731000
3.000000,69.000000,16.939884,32.723396,-11.484747,-11.484747,2.157941,0.022841,4.500000,2.654782,1.182235,0.730000
2.000000,65.000000,13.359075,-53.153751,-12.806578,-12.806578,2.336388,0.026302,4.500000,2.836690,1.193838,0.729000
1.000000,60.000000,8.364385,-16.988867,-10.960490,-10.960490,2.316666,0.029735,6.200000,2.840801,1.190781,0.729000
2.000000,66.000000,14.106122,-19.614191,-12.552552,-12.552552,2.531595,0.033485,6.200000,3.059480,1.216984,0.731000
1.000000,70.000000,6.020515,-36.187710,-9.938825,-9.938825,2.367742,0.036993,7.600000,2.915935,1.226004,0.730000
0.000000,71.000000,1.605208,75.377548,-5.510299,-5.510299,1.769891,0.039615,7.600000,2.320705,1.151150,0.730000
2.000000,70.000000,16.478827,67.931366,-9.834753,-9.834753,2.556192,0.043402,9.100000,3.128794,1.085852,0.728000
0.000000,70.000000,1.545719,102.627808,-5.181038,-5.181038,2.157440,0.046598,10.800001,2.753639,1.053650,0.727000
0.000000,66.000000,-1.333323,0.764564,-2.242695,-2.242695,2.125264,0.048930,13.500000,2.756194,1.073135,0.728000
2.000000,69.000000,12.221236,214.004196,-4.807001,-4.807001,2.471445,0.052592,13.500000,3.106037,0.976453,0.729000
4.000000,61.000000,20.887756,47.126816,-11.619199,-11.619199,3.620592,0.057956,15.200001,4.280947,1.112903,0.731000
4.000000,68.000000,15.791595,7.317019,-13.430924,-13.430924,3.865175,0.063682,15.200001,4.531257,1.351198,0.729000
3.000000,66.000000,6.438550,-123.493813,-11.395800,-11.395800,3.630933,0.069061,15.500000,4.305994,1.632749,0.729000
2.000000,65.000000,-0.742865,4.828919,-5.889940,-5.889940,3.049642,0.073579,16.700001,3.743621,1.887760,0.729000
6.000000,69.000000,25.651062,-57.872749,-15.303299,-15.303299,4.320446,0.079980,16.700001,5.020825,2.145842,0.727000
5.000000,71.000000,20.873987,-145.235992,-19.117233,-19.117233,4.862327,0.087183,16.900000,5.572310,2.405833,0.727000
0.000000,73.000000,-12.716694,5.373539,-4.743605,-4.743605,2.921887,0.091512,16.900000,3.636199,2.609084,0.728000
1.000000,83.000000,-5.063127,111.406555,0.672083,0.672083,2.231269,0.094817,17.200001,2.952486,2.733188,0.729000
0.000000,81.000000,-14.075342,61.764595,7.259431,7.259431,1.706477,0.096690,19.900000,2.461967,2.850343,0.729000
2.000000,85.000000,3.559699,154.619080,3.782394,3.782394,2.175877,0.099914,19.900000,2.934591,2.881599,0.729000
2.000000,71.000000,10.058272,165.812698,-0.953592,-0.953592,3.274235,0.102767,23.300001,4.076602,2.732579,0.729000
1.000000,80.000000,7.190065,-84.334534,-4.519015,-4.519015,3.755567,0.108331,23.300001,4.563498,2.660812,0.730000
0.000000,78.000000,6.454950,-77.015236,-6.083323,-6.083323,3.966749,0.114207,23.300001,4.780557,2.568916,0.731000
-1.000000,78.000000,-1.126561,-8.590901,-2.916193,-2.916193,3.539186,0.119451,23.300001,4.358237,2.525738,0.729000
-2.000000,75.000000,-15.714148,122.164764,6.566942,6.566942,2.285963,0.122837,23.500000,3.110800,2.669112,0.728000
5.000000,77.000000,26.229446,-22.785631,-8.396503,-8.396503,4.346528,0.129276,23.800001,5.181405,2.893140,0.729000
3.000000,85.000000,7.938675,142.387390,-6.908994,-6.908994,4.307714,0.135658,25.000000,5.163373,3.050693,0.731000
2.000000,83.000000,-2.620427,50.707329,-2.164389,-2.164389,3.667193,0.141091,25.000000,4.528284,3.220926,0.728000
2.000000,84.000000,-3.629265,-64.997574,-0.142223,-0.142223,3.421200,0.146160,25.200001,4.289760,3.511436,0.727000
0.000000,92.000000,-17.043900,-80.690758,6.865316,6.865316,2.475183,0.149827,25.200001,3.347409,3.768122,0.728000
0.000000,87.000000,-10.111623,113.607254,9.348619,9.348619,2.139936,0.152997,25.200001,3.015333,3.785502,0.726000
0.000000,84.000000,-6.453559,61.948101,8.603375,8.603375,2.240545,0.156316,25.200001,3.119261,3.814933,0.729000
-1.000000,80.000000,-10.805691,-61.092789,9.044582,9.044582,2.221482,0.159607,25.500000,3.107089,3.823196,0.728000
-2.000000,82.000000,-13.652394,5.498861,11.167587,11.167587,1.934876,0.162474,25.500000,2.823350,3.754551,0.730000
-3.000000,85.000000,-13.900524,223.033142,14.404707,14.404707,1.524865,0.164733,25.700001,2.417998,3.594704,0.729000
-3.000000,83.000000,-9.991116,212.968216,14.335304,14.335304,1.534234,0.167006,25.700001,2.429640,3.279476,0.729000
-4.000000,93.000000,-12.377486,-59.196266,12.921520,12.921520,1.765595,0.169621,26.000000,2.667216,2.961487,0.728000
-8.000000,92.000000,-38.796581,-20.089859,24.384491,24.384491,0.218094,0.169944,26.000000,1.120038,2.692355,0.728000
-4.000000,94.000000,-13.670431,-99.828056,18.664711,18.664711,0.990264,0.171412,26.000000,1.893676,2.613626,0.729000
-2.000000,96.000000,-5.221821,-93.099121,11.777519,11.777519,1.920035,0.174256,26.000000,2.826291,2.601333,0.728000
-10.000000,93.000000,-61.827805,-21.498148,34.106667,34.106667,-1.094400,0.172635,26.000000,-0.189765,2.451569,0.731000
-3.000000,108.000000,-11.095805,111.084099,24.751537,24.751537,0.195543,0.172924,26.200001,1.102867,2.281629,0.727000
-3.000000,104.000000,-11.509053,187.472626,20.479673,20.479673,0.745244,0.174028,26.000000,1.651273,2.033703,0.728000
-5.000000,101.000000,-26.489380,200.400452,24.987644,24.987644,0.136668,0.174231,26.000000,1.042899,1.760004,0.729000
-4.000000,98.000000,-20.004103,-30.590919,22.469732,22.469732,0.476586,0.174937,26.000000,1.383523,1.576900,0.727000
-5.000000,100.000000,-24.015846,-106.507721,22.206913,22.206913,0.512067,0.175696,26.000000,1.419762,1.490117,0.727000
-5.000000,91.000000,-25.017426,-188.086548,21.778866,21.778866,0.569853,0.176540,26.000000,1.478393,1.447301,0.727000
-6.000000,101.000000,-32.554630,-0.448154,26.623926,26.623926,-0.084230,0.176415,26.000000,0.824185,1.413877,0.728000
-4.000000,104.000000,-17.252094,140.856003,23.674305,23.674305,0.313969,0.176880,26.000000,1.222849,1.174435,0.728000
-6.000000,102.000000,-35.773979,-32.092651,28.830324,28.830324,-0.382094,0.176314,26.000000,0.526220,1.106368,0.727000
-5.000000,100.000000,-31.054344,-140.597504,28.565754,28.565754,-0.346377,0.175801,26.000000,0.561424,1.202816,0.729000
-2.000000,103.000000,-13.169071,-140.125595,20.376116,20.376116,0.759224,0.176926,26.000000,1.668150,1.424909,0.730000
-2.000000,95.000000,-18.495825,-25.493967,19.300539,19.300539,0.904427,0.178266,26.000000,1.814693,1.541394,0.730000
-4.000000,96.000000,-32.306698,-51.204826,24.692467,24.692467,0.176517,0.178527,26.000000,1.087044,1.555808,0.731000
-5.000000,90.000000,-37.583504,-49.649319,30.046589,30.046589,-0.546290,0.177718,26.000000,0.363428,1.589681,0.731000
-4.000000,91.000000,-31.758278,-220.480591,28.832523,28.832523,-0.382391,0.177180,26.000000,0.526789,1.802282,0.733000
-3.000000,103.000000,-22.385519,-161.835297,24.474855,24.474855,0.205895,0.177500,26.000000,1.115394,1.914078,0.733000
-5.000000,98.000000,-33.820198,-82.637985,27.936520,27.936520,-0.261430,0.177113,26.000000,0.647682,1.952158,0.734000
-6.000000,100.000000,-38.961533,84.204811,33.655617,33.655617,-1.006508,0.175622,26.200001,-0.096487,1.803647,0.735000
-4.000000,98.000000,-21.240292,-163.313248,26.598900,26.598900,0.148649,0.175842,27.700001,1.076890,1.734288,0.733000
-7.000000,95.000000,-38.350220,-15.863119,31.744226,31.744226,-0.586470,0.174973,27.400002,0.337303,1.629849,0.735000
-6.000000,99.000000,-27.060068,211.696594,31.541622,31.541622,-0.559119,0.174145,27.400002,0.363826,1.263857,0.737000
-8.000000,97.000000,-40.187119,276.935089,37.924511,37.924511,-1.380309,0.172100,27.700001,-0.455809,0.772938,0.738000
-5.000000,106.000000,-21.756544,112.947784,31.665455,31.665455,-0.535336,0.171307,27.700001,0.388370,0.399108,0.740000
-5.000000,102.000000,-25.000645,-59.032436,28.134998,28.134998,-0.058725,0.171220,27.700001,0.864895,0.295523,0.738000
-7.000000,101.000000,-42.227226,-42.689846,34.092293,34.092293,-0.862959,0.169941,27.700001,0.059382,0.309334,0.739000
-3.000000,105.000000,-18.853432,19.984482,27.414665,27.414665,0.038520,0.169998,27.700001,0.960919,0.376700,0.739000
0.000000,105.000000,-4.252291,-32.752541,16.696823,16.696823,1.485429,0.172199,27.700001,2.410028,0.510850,0.742000
-3.000000,104.000000,-30.255863,55.140366,23.294655,23.294655,0.594722,0.173080,27.700001,1.520202,0.625003,0.741000
-3.000000,107.000000,-31.095245,-50.411911,26.351212,26.351212,0.182087,0.173350,27.700001,1.107836,0.754556,0.743000
-3.000000,107.000000,-30.855375,-99.991974,27.478159,27.478159,-0.010551,0.173334,27.400002,0.911583,0.975476,0.745000
-4.000000,108.000000,-35.957890,-33.502655,30.992514,30.992514,-0.484989,0.172616,27.400002,0.436426,1.084052,0.743000
-2.000000,109.000000,-17.949543,16.209785,25.269064,25.269064,0.287677,0.173020,27.400002,1.209497,1.071774,0.746000
-2.000000,112.000000,-14.608052,62.458206,21.033733,21.033733,0.859446,0.174294,27.400002,1.782540,0.979934,0.746000
-5.000000,101.000000,-36.294739,-75.329422,27.223221,27.223221,0.023865,0.174331,27.400002,0.946996,0.958586,0.746000
-6.000000,110.000000,-42.328655,-100.963203,33.111996,33.111996,-0.771119,0.173246,27.400002,0.150926,1.010364,0.745000
-4.000000,104.000000,-24.082506,70.926224,29.687063,29.687063,-0.335753,0.172723,27.200001,0.583370,0.888812,0.745000
-4.000000,106.000000,-21.095028,238.509796,27.967236,27.967236,-0.103577,0.172577,27.200001,0.815401,0.604698,0.749000
-3.000000,110.000000,-17.396759,102.205307,24.130369,24.130369,0.414400,0.173191,27.200001,1.333992,0.488302,0.748000
-5.000000,107.000000,-38.181072,122.771790,31.558132,31.558132,-0.588348,0.172320,27.200001,0.330372,0.447391,0.748000
-2.000000,115.000000,-20.997677,-6.717381,26.745472,26.745472,0.061361,0.172411,27.200001,0.980172,0.541728,0.748000
-2.000000,111.000000,-23.682358,-256.146606,23.061750,23.061750,0.531664,0.173198,27.000000,1.448862,0.774911,0.749000
-3.000000,109.000000,-30.321295,-270.596283,23.893181,23.893181,0.419421,0.173820,27.000000,1.337240,1.106234,0.747000
-2.000000,108.000000,-22.056103,-176.303299,21.479767,21.479767,0.745232,0.174924,27.000000,1.664155,1.401088,0.749000
-4.000000,109.000000,-34.639374,83.640877,28.154358,28.154358,-0.155838,0.174693,27.000000,0.762854,1.416116,0.748000
-3.000000,111.000000,-26.343647,-132.197922,26.149757,26.149757,0.114783,0.174863,27.000000,1.033646,1.521718,0.749000
-2.000000,109.000000,-16.212948,-105.102821,20.732269,20.732269,0.846144,0.176116,27.000000,1.766260,1.580399,0.746000
-7.000000,112.000000,-45.856495,93.769485,32.882095,32.882095,-0.794083,0.174940,27.000000,0.124857,1.439267,0.748000
-6.000000,109.000000,-36.436142,179.644882,36.098221,36.098221,-1.228260,0.173120,27.000000,-0.311139,1.138943,0.746000
-4.000000,109.000000,-22.918966,88.595284,30.964914,30.964914,-0.535263,0.172327,27.000000,0.381064,0.894921,0.749000
-5.000000,112.000000,-26.424662,75.001427,29.596813,29.596813,-0.350570,0.171808,27.000000,0.565238,0.661549,0.748000
-5.000000,108.000000,-23.410721,7.347806,26.879200,26.879200,0.016308,0.171832,27.000000,0.932140,0.460567,0.747000
-4.000000,109.000000,-19.474625,29.195436,23.809900,23.809900,0.430663,0.172470,27.000000,1.347134,0.360950,0.749000
-2.000000,110.000000,-13.227655,-128.568802,17.890770,17.890770,1.229746,0.174292,27.000000,2.148038,0.457508,0.748000
-3.000000,115.000000,-26.747295,-219.196198,19.903440,19.903440,0.958036,0.175711,27.000000,1.877747,0.681598,0.748000
-2.000000,113.000000,-23.384165,-168.120651,19.956680,19.956680,0.950848,0.177120,27.000000,1.871968,1.038415,0.750000
-2.000000,108.000000,-24.832100,3.660986,22.183567,22.183567,0.650218,0.178083,27.000000,1.572302,1.228060,0.747000
-3.000000,112.000000,-32.369102,245.819794,28.979435,28.979435,-0.267224,0.177687,27.000000,0.654464,1.185793,0.749000
-2.000000,113.000000,-24.574249,22.944908,27.203606,27.203606,-0.000487,0.177687,27.200001,0.923600,1.189629,0.746000
-2.000000,113.000000,-21.531660,-118.867523,23.581425,23.581425,0.488508,0.178410,27.200001,1.413318,1.305669,0.750000
-2.000000,119.000000,-14.176674,14.629844,19.480957,19.480957,1.042071,0.179954,27.200001,1.968425,1.275060,0.750000
-5.000000,113.000000,-34.442108,48.792557,26.652609,26.652609,0.073898,0.180064,27.200001,1.000362,1.186690,0.748000
-4.000000,114.000000,-27.798485,-55.756660,26.666443,26.666443,0.099030,0.180210,27.400002,1.028041,1.186796,0.747000
-5.000000,115.000000,-31.259304,-80.753349,28.006451,28.006451,-0.081871,0.180089,27.400002,0.847018,1.135637,0.747000
-5.000000,113.000000,-27.759657,-62.876450,27.329506,27.329506,0.050017,0.180163,27.700001,0.982580,1.008487,0.747000
-6.000000,110.000000,-33.324142,-62.659355,29.463158,29.463158,-0.238026,0.179811,27.700001,0.694184,0.862055,0.750000
-4.000000,106.000000,-17.348198,20.444054,24.195423,24.195423,0.473118,0.180512,27.700001,1.406030,0.695753,0.752000
-5.000000,108.000000,-24.546837,49.683712,24.800711,24.800711,0.391404,0.181091,27.700001,1.324896,0.484963,0.750000
-5.000000,107.000000,-24.415047,106.948471,25.589699,25.589699,0.311891,0.181553,27.900002,1.248244,0.213752,0.750000
-3.000000,111.000000,-9.130675,-13.654740,18.060246,18.060246,1.328367,0.183521,27.900002,2.266689,0.007111,0.751000
-2.000000,104.000000,-6.066315,65.311455,13.250780,13.250780,1.977645,0.186451,27.900002,2.918896,-0.053153,0.748000
-3.000000,106.000000,-22.275311,-5.099554,17.265923,17.265923,1.435601,0.188578,27.900002,2.378979,0.067178,0.749000
0.000000,111.000000,-8.063444,-54.784622,12.631746,12.631746,2.061214,0.191632,27.900002,3.007646,0.305312,0.750000
0.000000,106.000000,-14.020388,-3.874785,13.221762,13.221762,1.981562,0.194567,27.900002,2.930930,0.584670,0.749000
0.000000,105.000000,-19.995893,-26.200016,16.034321,16.034321,1.642367,0.197000,28.200001,2.597767,0.912975,0.747000
2.000000,107.000000,-10.352982,-37.588783,13.139420,13.139420,2.033179,0.200013,28.200001,2.991591,1.339934,0.749000
1.000000,107.000000,-17.253088,-150.283279,13.638021,13.638021,1.965867,0.202925,28.200001,2.927193,1.739349,0.747000
0.000000,109.000000,-18.510262,-166.284302,14.333970,14.333970,1.871914,0.205698,28.200001,2.836012,2.099656,0.747000
0.000000,110.000000,-13.503711,-68.385727,13.344882,13.344882,2.005441,0.208669,28.200001,2.972510,2.352801,0.746000
-2.000000,107.000000,-25.138041,1.224388,18.662823,18.662823,1.287519,0.210577,28.200001,2.256496,2.441224,0.744000
-5.000000,107.000000,-40.858013,-209.327209,26.766712,26.766712,0.382494,0.211143,29.600002,1.368837,2.490021,0.745000
-4.000000,112.000000,-24.909138,-88.223679,25.136791,25.136791,0.602534,0.212036,29.600002,1.589769,2.537331,0.743000
-2.000000,104.000000,-6.692857,123.008972,17.944101,17.944101,1.573547,0.214367,29.600002,2.563114,2.308575,0.743000
-4.000000,111.000000,-18.654919,135.947189,19.487494,19.487494,1.365189,0.216390,29.600002,2.356778,2.036848,0.743000
-5.000000,105.000000,-21.395788,64.684944,20.928391,20.928391,1.211168,0.218184,29.900002,2.208152,1.751778,0.744000
-5.000000,110.000000,-23.059958,-19.648830,21.710756,21.710756,1.105548,0.219822,29.900002,2.104170,1.642830,0.742000
-2.000000,111.000000,-6.274650,-133.297165,13.564834,13.564834,2.205248,0.223089,29.900002,3.207137,1.665446,0.744000
-3.000000,102.000000,-14.990149,-2.529673,14.183459,14.183459,2.121733,0.226232,29.900002,3.126765,1.603450,0.745000
-4.000000,98.000000,-23.909073,-19.425919,18.385151,18.385151,1.757005,0.228835,31.400002,2.782640,1.575709,0.745000
-4.000000,106.000000,-26.310057,-141.938446,20.673912,20.673912,1.448022,0.230980,31.400002,2.475803,1.631480,0.746000
-2.000000,103.000000,-11.182017,42.663910,16.786535,16.786535,1.972818,0.233903,31.400002,3.003521,1.590712,0.745000
-2.000000,106.000000,-11.594835,110.581161,15.445500,15.445500,2.153858,0.237094,31.400002,3.187752,1.454847,0.742000
-1.000000,104.000000,-7.258176,127.220749,12.906192,12.906192,2.496664,0.240793,31.400002,3.534257,1.338412,0.742000
-2.000000,102.000000,-14.696959,-127.224457,12.567018,12.567018,2.542453,0.244559,31.400002,3.583812,1.374313,0.741000
-2.000000,105.000000,-16.392616,-60.156525,13.747128,13.747128,2.410138,0.248130,31.600002,3.457468,1.580832,0.740000
-1.000000,106.000000,-14.261426,-5.011111,13.933462,13.933462,2.384983,0.251663,31.600002,3.435846,1.713970,0.741000
0.000000,103.000000,-9.117079,-62.021206,11.207898,11.207898,2.752934,0.255742,31.600002,3.807876,1.895872,0.740000
0.000000,109.000000,-9.962715,26.914299,10.889795,10.889795,2.795878,0.259884,31.600002,3.854962,2.079321,0.740000
1.000000,105.000000,-5.023677,-27.493797,8.002598,8.002598,3.212649,0.264643,31.799999,4.278893,2.268565,0.739000
0.000000,109.000000,-12.694600,14.203427,10.241829,10.241829,2.910353,0.268955,31.799999,3.980908,2.427327,0.738000
1.000000,102.000000,-3.466194,45.022644,7.597997,7.597997,3.469771,0.274095,33.299999,4.563466,2.496725,0.738000
0.000000,101.000000,-9.532866,87.209229,9.253571,9.253571,3.286768,0.278964,33.600002,4.388933,2.548902,0.736000
0.000000,102.000000,-6.371416,131.460266,9.139744,9.139744,3.302135,0.283857,33.600002,4.409192,2.517225,0.736000
0.000000,104.000000,-5.533012,83.750305,8.270467,8.270467,3.608487,0.289202,35.000000,4.737690,2.506474,0.735000
-1.000000,99.000000,-12.811836,164.260452,11.792427,11.792427,3.133023,0.293844,35.000000,4.266867,2.526876,0.735000
-3.000000,109.000000,-28.289553,-169.370209,17.691799,17.691799,2.336607,0.297306,35.000000,3.473913,2.615497,0.734000
-4.000000,103.000000,-32.097179,-179.525146,22.558495,22.558495,1.841603,0.300034,36.200001,2.996037,2.710177,0.734000
-1.000000,108.000000,-8.717206,-18.259588,16.165577,16.165577,2.704647,0.304041,36.200001,3.863088,2.767432,0.736000
0.000000,98.000000,1.774312,207.327728,9.958576,9.958576,3.542593,0.309289,36.200001,4.706282,2.601296,0.737000
-2.000000,98.000000,-10.037257,60.158752,10.535412,10.535412,3.464720,0.314422,36.200001,4.633542,2.463396,0.735000
-2.000000,93.000000,-7.129020,62.518593,9.565203,9.565203,3.568698,0.319709,36.000000,4.740407,2.315610,0.735000
-3.000000,93.000000,-14.271006,34.373550,11.992176,11.992176,3.241056,0.324510,36.000000,4.417567,2.182829,0.734000
-1.000000,101.000000,-3.037127,28.184813,8.216067,8.216067,3.750831,0.330067,36.000000,4.932899,2.140267,0.734000
-1.000000,102.000000,-6.853228,23.555269,7.814787,7.814787,3.805004,0.335704,36.000000,4.992708,2.161773,0.736000
0.000000,98.000000,-2.903182,6.729849,5.665133,5.665133,4.095207,0.341771,36.000000,5.288979,2.217994,0.734000
0.000000,98.000000,-5.808310,81.558838,6.463593,6.463593,3.987415,0.347679,36.000000,5.187094,2.283367,0.737000
0.000000,102.000000,-7.216136,51.094978,7.262092,7.262092,3.879618,0.353426,36.000000,5.085044,2.361199,0.737000
0.000000,93.000000,-4.706151,230.387054,8.185402,8.185402,3.754971,0.358989,36.000000,4.965960,2.212717,0.738000
0.000000,93.000000,-5.777131,94.929596,7.956046,7.956046,3.785934,0.364598,36.000000,5.002532,2.114110,0.737000
-1.000000,92.000000,-10.388697,6.197301,9.106515,9.106515,3.630621,0.369977,36.000000,4.852598,2.097830,0.736000
0.000000,94.000000,-3.434491,-53.838837,6.069555,6.069555,4.040610,0.375963,36.000000,5.268573,2.166519,0.736000
-1.000000,89.000000,-9.583221,79.501244,8.366217,8.366217,3.730561,0.381489,36.000000,4.964051,2.130915,0.738000
0.000000,88.000000,-2.495575,-13.786717,5.600348,5.600348,4.130953,0.387609,36.200001,5.372963,2.186967,0.735000
-1.000000,85.000000,-9.300034,-4.798114,7.222023,7.222023,3.912027,0.393405,36.200001,5.159832,2.200647,0.735000
-2.000000,80.000000,-17.694239,-100.386749,11.031039,11.031039,3.397810,0.398439,36.200001,4.650649,2.344666,0.735000
0.000000,86.000000,-1.577432,157.250336,8.192169,8.192169,3.781057,0.404040,36.200001,5.039498,2.264689,0.735000
-2.000000,87.000000,-14.821087,83.788399,11.929277,11.929277,3.519548,0.409254,38.000000,4.804802,2.169262,0.735000
0.000000,84.000000,0.222191,1.928408,6.478472,6.478472,4.255406,0.415559,38.000000,5.546965,2.176251,0.735000
-1.000000,85.000000,-9.871034,-26.027643,7.770876,7.770876,4.080932,0.421605,38.000000,5.378537,2.277544,0.733000
-2.000000,83.000000,-16.045431,50.261047,11.946775,11.946775,3.746686,0.427155,39.700001,5.070240,2.226447,0.734000
-1.000000,84.000000,-8.317060,157.842926,11.733990,11.733990,3.734912,0.432688,39.400002,5.060400,2.206112,0.732000
-1.000000,80.000000,-13.273104,126.006920,13.560653,13.560653,3.528812,0.437916,39.700001,4.863128,2.282496,0.732000
-1.000000,85.000000,-14.466503,28.696949,14.226558,14.226558,3.438915,0.443011,39.700001,4.778326,2.324912,0.731000
0.000000,87.000000,-7.715191,-134.263443,10.088072,10.088072,3.997611,0.448933,39.700001,5.342944,2.502983,0.731000
-2.000000,82.000000,-19.695961,-0.788307,14.404528,14.404528,3.644389,0.454332,41.400002,5.015522,2.582938,0.731000
-2.000000,82.000000,-19.281305,-27.828827,16.348618,16.348618,3.381937,0.459343,41.400002,4.758080,2.652249,0.730000
-3.000000,88.000000,-25.097397,-32.084770,19.996807,19.996807,2.889431,0.463623,41.400002,4.269855,2.695772,0.728000
-1.000000,86.000000,-7.834112,140.381592,15.787029,15.787029,3.457751,0.468746,41.400002,4.843297,2.605061,0.729000
-1.000000,82.000000,-7.380763,54.619690,12.495787,12.495787,3.902069,0.474527,41.400002,5.293396,2.567032,0.726000
-1.000000,84.000000,-5.260744,-13.303410,9.120287,9.120287,4.357762,0.480983,41.400002,5.755545,2.479407,0.725000
-4.000000,79.000000,-25.008816,86.867905,17.051937,17.051937,3.286989,0.485852,41.400002,4.689641,2.382816,0.724000
-2.000000,82.000000,-14.791811,-93.914795,15.189648,15.189648,3.538398,0.491094,41.400002,4.946292,2.474847,0.724000
-3.000000,83.000000,-25.624393,-62.345818,19.324169,19.324169,2.980237,0.495510,41.400002,4.392547,2.634087,0.724000
-3.000000,79.000000,-27.214930,9.922977,22.964317,22.964317,2.488817,0.499197,41.400002,3.904814,2.746281,0.723000
-2.000000,81.000000,-21.516737,-15.789954,22.170795,22.170795,2.595943,0.503043,41.400002,4.015786,2.876493,0.721000
-1.000000,84.000000,-11.423981,128.575806,18.491911,18.491911,3.092592,0.507624,41.400002,4.517016,2.780515,0.720000
-2.000000,79.000000,-15.601855,166.901718,18.693501,18.693501,3.065378,0.512166,41.400002,4.494343,2.765420,0.719000
-3.000000,78.000000,-24.894033,-63.612808,20.911224,20.911224,2.765985,0.516263,41.400002,4.199048,2.863467,0.718000
-5.000000,82.000000,-38.390182,77.249290,29.472000,29.472000,1.637280,0.518689,41.600002,3.075169,2.848032,0.716000
-4.000000,81.000000,-27.091438,322.778137,31.305750,31.305750,1.389724,0.520748,41.600002,2.829672,2.518209,0.717000
-2.000000,80.000000,-15.853871,94.222366,25.200405,25.200405,2.213946,0.524028,41.600002,3.657173,2.424516,0.717000
-2.000000,73.000000,-17.387033,108.577370,22.661585,22.661585,2.556686,0.527815,41.600002,4.003702,2.381043,0.716000
-5.000000,84.000000,-37.639782,100.524902,30.306499,30.306499,1.565123,0.530134,41.900002,3.018057,2.300426,0.714000
-5.000000,79.000000,-34.828312,75.177345,33.017910,33.017910,1.199082,0.531910,41.900002,2.653793,2.199661,0.715000
-3.000000,80.000000,-21.798466,119.965996,29.048853,29.048853,1.734905,0.534481,41.900002,3.192186,2.180272,0.714000
-1.000000,77.000000,-9.782969,146.283813,21.695761,21.695761,2.754573,0.538562,42.100002,4.218334,2.101253,0.712000
-6.000000,75.000000,-43.231167,79.358673,32.100922,32.100922,1.349876,0.540561,42.100002,2.815637,2.020378,0.712000
-8.000000,70.000000,-54.304852,240.985001,44.261555,44.261555,-0.291810,0.540129,42.100002,1.173519,1.802086,0.712000
-1.000000,67.000000,-3.595845,-6.498989,25.903496,25.903496,2.186528,0.543368,42.100002,3.655097,1.674792,0.713000
-2.000000,68.000000,-12.623304,-109.731079,18.939829,18.939829,3.126624,0.548000,42.100002,4.599824,1.744650,0.712000
-7.000000,72.000000,-46.892063,66.652390,32.118206,32.118206,1.347543,0.549997,42.100002,2.822739,1.687624,0.713000
-4.000000,70.000000,-24.480824,-10.961024,28.582733,28.582733,1.824831,0.552700,42.100002,3.302732,1.625667,0.713000
-2.000000,70.000000,-13.599129,-143.853851,20.545427,20.545427,2.882868,0.556971,41.900002,4.362638,1.753017,0.712000
-2.000000,65.000000,-15.443833,3.258431,18.279036,18.279036,3.188831,0.561695,41.900002,4.673326,1.834870,0.710000
-5.000000,62.000000,-40.287151,-63.793747,27.608543,27.608543,1.726847,0.564254,40.400002,3.195901,1.975863,0.710000
-6.000000,63.000000,-49.710777,-112.232872,36.544453,36.544453,0.520499,0.565025,40.400002,1.990324,2.183743,0.711000
-1.000000,62.000000,-14.030716,116.256088,27.459576,27.459576,1.746958,0.567613,40.400002,3.219370,2.260404,0.711000
-1.000000,60.000000,-16.448032,-37.626446,22.165743,22.165743,2.259125,0.570960,38.900002,3.716885,2.401046,0.712000
-7.000000,60.000000,-55.503178,-93.076302,36.329899,36.329899,0.090464,0.571094,37.000000,1.525557,2.478130,0.711000
-7.000000,57.000000,-50.511341,66.207932,43.307419,43.307419,-0.851502,0.569832,37.000000,0.582330,2.454113,0.713000
-1.000000,55.000000,-6.604800,21.736883,26.986874,26.986874,1.054772,0.571253,34.799999,2.463625,2.386657,0.715000
-4.000000,53.000000,-25.749170,-245.409637,24.221220,24.221220,1.198636,0.573028,33.100002,2.588864,2.455763,0.713000
-7.000000,52.000000,-42.325745,-200.255798,30.565952,30.565952,0.139597,0.573235,31.600002,1.512032,2.466728,0.713000
-6.000000,51.000000,-33.960678,-82.888916,31.347578,31.347578,0.034077,0.573286,31.600002,1.406563,2.479872,0.714000
-4.000000,57.000000,-21.338875,42.589668,27.226969,27.226969,0.590360,0.574160,31.600002,1.963720,2.355766,0.714000
-5.000000,65.000000,-30.113369,20.738138,28.712492,28.712492,0.389814,0.574738,31.600002,1.763752,2.266101,0.716000
-3.000000,61.000000,-15.835293,54.188118,23.405445,23.405445,1.106265,0.576377,31.600002,2.481842,2.171213,0.715000
-3.000000,75.000000,-16.749289,-7.072970,20.346519,20.346519,1.492220,0.578587,31.400002,2.867608,2.121238,0.715000
-9.000000,69.000000,-63.715721,11.918279,39.969925,39.969925,-1.359440,0.576573,29.900002,-0.004066,2.186752,0.714000
-4.000000,73.000000,-32.328121,144.409775,37.830803,37.830803,-1.070658,0.574987,29.900002,0.283129,2.172010,0.716000
-1.000000,80.000000,-13.198588,59.005676,27.277359,27.277359,0.313557,0.575452,29.600002,1.664209,2.167193,0.715000
0.000000,78.000000,-7.421669,-77.802658,17.642075,17.642075,1.614320,0.577843,29.600002,2.967364,2.320489,0.714000
0.000000,71.000000,-4.768589,-83.587502,11.096718,11.096718,2.497943,0.581544,29.600002,3.854687,2.437857,0.717000
0.000000,62.000000,-1.137503,79.319145,7.328943,7.328943,3.006593,0.585998,29.600002,4.367791,2.398548,0.715000
1.000000,66.000000,3.719943,41.390907,2.729463,2.729463,3.398023,0.591032,27.900002,4.743855,2.433233,0.715000
0.000000,65.000000,-10.126259,44.818031,6.461383,6.461383,2.934713,0.595380,28.200001,4.288494,2.605820,0.713000
0.000000,64.000000,-17.698755,-13.498932,11.396709,11.396709,2.268444,0.598741,28.200001,3.625585,2.972203,0.715000
2.000000,63.000000,-11.255999,26.103157,11.568317,11.568317,2.245277,0.602067,28.200001,3.605744,3.407734,0.716000
6.000000,70.000000,16.031090,19.316723,-0.677565,-0.677565,3.898472,0.607843,28.200001,5.264714,3.719031,0.714000
7.000000,64.000000,25.262733,-21.246996,-11.932114,-11.932114,5.377336,0.615809,27.900002,6.747945,4.041262,0.714000
1.000000,69.000000,-11.881137,-54.786434,-1.709229,-1.709229,3.997246,0.621731,27.900002,5.373777,4.307720,0.711000
-4.000000,72.000000,-46.190037,121.402931,20.938065,20.938065,0.939862,0.623123,27.900002,2.317785,4.498360,0.713000
0.000000,75.000000,-17.051056,87.198639,19.973698,19.973698,1.070051,0.624708,27.900002,2.449559,4.590993,0.714000
3.000000,72.000000,7.276556,85.481956,8.480421,8.480421,2.459643,0.628352,26.700001,3.828396,4.695494,0.714000
5.000000,58.000000,26.153044,61.485577,-6.551267,-6.551267,4.461921,0.634963,26.500000,5.834884,4.693304,0.713000
-3.000000,62.000000,-25.729475,-51.329983,7.513097,7.513097,2.563232,0.638760,26.500000,3.939992,4.727564,0.710000
-3.000000,64.000000,-20.020979,164.916245,14.625891,14.625891,1.603005,0.641135,26.500000,2.982140,4.586623,0.708000
0.000000,64.000000,-1.330324,169.930603,10.172260,10.172260,2.204245,0.644400,26.500000,3.586645,4.559488,0.707000
-2.000000,65.000000,-20.955078,209.460358,16.909670,16.909670,1.254195,0.646258,26.200001,2.634853,4.601282,0.709000
0.000000,65.000000,-9.852862,35.091579,14.049931,14.049931,1.451260,0.648408,24.800001,2.817268,4.695626,0.708000
3.000000,71.000000,11.436096,63.041168,3.148590,3.148590,2.882441,0.652679,24.500000,4.249119,4.772791,0.708000
-4.000000,76.000000,-36.310829,159.263718,19.504971,19.504971,0.674329,0.653678,24.500000,2.042007,4.738034,0.707000
-6.000000,80.000000,-51.353951,-86.002205,33.062992,33.062992,-1.183004,0.651925,24.300001,0.180521,4.870504,0.706000
0.000000,79.000000,-9.155642,-137.497131,21.067209,21.067209,0.436427,0.652572,24.300001,1.800599,5.103284,0.706000
4.000000,75.000000,22.600317,3.124715,1.444946,1.444946,2.882932,0.656843,22.800001,4.233375,5.181748,0.705000
0.000000,61.000000,-1.459720,-12.137827,1.342354,1.342354,2.896782,0.661134,22.800001,4.251517,5.173800,0.705000
-14.000000,71.000000,-93.693459,13.850277,43.025002,43.025002,-2.932875,0.656789,21.300001,-1.600486,5.034147,0.706000
-3.000000,66.000000,-15.650868,16.108765,30.851620,30.851620,-1.289469,0.654879,21.300001,0.041010,4.960742,0.704000
0.000000,74.000000,4.142929,38.625126,15.451699,15.451699,0.600521,0.655768,19.900000,1.915089,4.876231,0.705000
0.000000,69.000000,7.255377,120.912659,6.321730,6.321730,1.630566,0.658184,18.400000,2.929551,4.595014,0.703000
0.000000,76.000000,13.719972,38.821087,-2.347646,-2.347646,2.409432,0.660646,15.500000,3.676078,4.255806,0.703000
0.000000,68.000000,17.336807,117.841537,-8.032195,-8.032195,2.812346,0.663732,12.800001,4.049678,3.928482,0.703000
3.000000,77.000000,32.044205,137.649353,-17.598755,-17.598755,3.077832,0.664932,5.200000,4.225164,3.805019,0.703000
0.000000,79.000000,0.704944,-43.504753,-10.388083,-10.388083,1.780391,0.667130,2.800000,2.901121,3.921764,0.704000
-3.000000,65.000000,-27.380449,-8.518172,6.531092,6.531092,0.000000,0.000000,0.000000,0.420000,4.175261,0.705000
3.000000,71.000000,7.016644,53.816856,0.918962,0.918962,0.000000,0.000000,0.000000,0.420000,4.421409,0.701000
1.000000,62.000000,-9.357509,83.041885,5.463685,5.463685,0.000000,0.000000,0.000000,0.420000,4.581878,0.703000
3.000000,58.000000,12.130050,66.290977,-1.856876,-1.856876,0.000000,0.000000,0.000000,0.420000,4.505597,0.704000
1.000000,63.000000,9.327326,-103.214546,-6.147510,-6.147510,0.000000,0.000000,0.000000,0.420000,4.370819,0.705000
-4.000000,68.000000,-17.600664,-26.650488,4.299314,4.299314,0.000000,0.000000,0.000000,0.420000,4.116361,0.706000
0.000000,62.000000,17.805885,98.015846,-4.765883,-4.765883,0.000000,0.000000,0.000000,0.420000,3.721019,0.705000
0.000000,66.000000,19.858191,-74.416786,-12.227173,-12.227173,0.000000,0.000000,0.000000,2.192940,3.467624,0.705000
4.000000,73.000000,47.351112,-95.317657,-28.890804,-28.890804,0.000000,0.000000,0.000000,4.609167,3.278458,0.704000
0.000000,77.000000,15.338484,55.718311,-22.290794,-22.290794,0.000000,0.000000,0.000000,3.652165,3.110837,0.704000
-3.000000,71.000000,-12.243921,233.405075,-4.649527,-4.649527,0.000000,0.000000,0.000000,0.420000,2.909261,0.705000
0.000000,65.000000,-4.306777,-45.378136,-1.027593,-1.027593,0.000000,0.000000,0.000000,0.420000,3.121198,0.706000
0.000000,66.000000,-13.156882,-170.593704,3.820077,3.820077,0.000000,0.000000,0.000000,0.420000,3.480711,0.704000
0.000000,56.000000,-12.776731,-184.527145,6.189827,6.189827,0.000000,0.000000,0.000000,0.420000,3.701343,0.704000
8.000000,57.000000,46.984924,-330.586823,-20.714092,-20.714092,0.000000,0.000000,0.000000,3.423543,4.063944,0.704000
1.000000,55.000000,5.710215,-282.424225,-16.504166,-16.504166,0.000000,0.000000,0.000000,2.813104,4.300205,0.704000
-12.000000,56.000000,-75.675400,-28.039715,24.724277,24.724277,0.000000,0.000000,0.000000,-3.165020,4.205138,0.704000
-12.000000,54.000000,-71.918503,107.469597,46.928905,46.928905,0.000000,0.000000,0.000000,-6.384691,3.896139,0.704000
-16.000000,50.000000,-98.169312,-72.993607,69.330139,69.330139,0.000000,0.000000,0.000000,-9.632870,3.672091,0.704000
-16.000000,61.000000,-88.528999,32.148964,78.258972,78.258972,0.000000,0.000000,0.000000,-10.927550,3.194377,0.702000
-17.000000,60.000000,-79.406990,86.032730,79.549881,79.549881,0.000000,0.000000,0.000000,-11.114733,2.284488,0.703000
-17.000000,59.000000,-57.065945,63.780807,70.006142,70.006142,0.000000,0.000000,0.000000,-9.730890,1.060292,0.703000
-23.000000,61.000000,-78.538231,-128.696686,72.687309,72.687309,0.000000,0.000000,0.000000,-10.119659,-0.260278,0.703000
-32.000000,54.000000,-128.368027,-99.147018,96.851303,96.851303,0.000000,0.000000,0.000000,-13.623439,-1.653664,0.702000
-20.000000,46.000000,-44.756718,-201.004089,71.599701,71.599701,0.000000,0.000000,0.000000,-9.961956,-2.774082,0.702000
-19.000000,39.000000,-43.198875,-264.211609,56.441425,56.441425,0.000000,0.000000,0.000000,-7.764007,-3.774028,0.701000
-17.000000,41.000000,-35.267246,-246.420792,44.695259,44.695259,0.000000,0.000000,0.000000,-6.060812,-4.567546,0.700000
-12.000000,43.000000,-9.632032,17.651196,29.075668,29.075668,0.000000,0.000000,0.000000,-3.795972,-5.405464,0.700000
-23.000000,49.000000,-100.194321,160.853088,62.526745,62.526745,0.000000,0.000000,0.000000,-8.646378,-6.173956,0.701000
2.000000,52.000000,50.363205,22.309526,11.927055,11.927055,0.000000,0.000000,0.000000,-1.309423,-6.393652,0.700000
0.000000,60.000000,13.670930,46.051590,0.822427,0.822427,-0.597028,-0.000491,-3.600000,-0.220719,-6.356046,0.699000
-7.000000,61.000000,-53.973030,69.833069,25.368694,25.368694,-4.207774,-0.006158,-5.800000,-3.863532,-6.094584,0.700000
-2.000000,60.000000,-39.730412,-56.497177,31.322992,31.322992,-5.538104,-0.010366,-9.700000,-5.244870,-5.430187,0.699000
0.000000,60.000000,-45.458874,-193.286133,35.944565,35.944565,-6.418516,-0.019875,-11.600000,-6.157591,-4.530188,0.699000
1.000000,54.000000,-45.970184,-311.793152,37.649956,37.649956,-6.648744,-0.029725,-11.600000,-6.397669,-3.560559,0.699000
1.000000,52.000000,-37.677391,-90.814445,36.844975,36.844975,-6.540072,-0.039414,-11.600000,-6.298686,-2.914138,0.697000
-2.000000,50.000000,-44.862858,-36.062218,40.128464,40.128464,-6.983343,-0.049759,-11.600000,-6.752302,-2.609315,0.694000
-19.000000,58.000000,-146.419708,-21.300756,87.767822,87.767822,-13.414657,-0.069633,-11.600000,-13.203490,-2.553015,0.695000
-10.000000,51.000000,-70.121208,-99.882004,78.927910,78.927910,-11.964767,-0.087359,-9.700000,-11.748526,-2.632539,0.691000
-7.000000,56.000000,-37.094574,-170.981445,58.564075,58.564075,-9.215651,-0.101011,-9.700000,-9.013062,-2.843698,0.692000
-11.000000,56.000000,-50.122910,-305.054077,52.020065,52.020065,-7.832709,-0.107284,-6.000000,-7.591993,-3.085542,0.687000
-13.000000,57.000000,-54.518097,-233.018250,51.047012,51.047012,-7.701347,-0.118693,-6.000000,-7.472040,-3.371366,0.686000
-14.000000,55.000000,-56.970871,-151.563828,52.348671,52.348671,-7.418071,-0.125158,-2.600000,-7.154428,-3.907902,0.688000
-12.000000,57.000000,-44.163277,-148.026260,47.333008,47.333008,-6.740956,-0.135144,-2.600000,-6.487300,-4.311570,0.684000
-9.000000,59.000000,-30.708555,-204.394485,38.012455,38.012455,0.000000,0.000000,0.000000,-5.091806,-4.519443,0.686000
-7.000000,59.000000,-25.897747,-240.776169,30.393850,30.393850,0.000000,0.000000,0.000000,-3.987108,-4.492421,0.685000
-6.000000,50.000000,-27.099955,-155.730820,27.510019,27.510019,0.000000,0.000000,0.000000,-3.568953,-4.395507,0.686000
-5.000000,51.000000,-26.991554,-93.414993,26.435976,26.435976,0.000000,0.000000,0.000000,-3.413216,-4.283187,0.686000
-3.000000,53.000000,-21.677240,153.714127,25.677973,25.677973,0.000000,0.000000,0.000000,-3.303306,-4.239191,0.684000
-2.000000,49.000000,-23.237164,196.472397,26.347858,26.347858,0.000000,0.000000,0.000000,-3.400439,-4.121355,0.682000
0.000000,49.000000,-22.894077,2.590797,24.816975,24.816975,0.000000,0.000000,0.000000,-3.178461,-3.676876,0.681000
0.000000,50.000000,-31.559542,-162.526428,26.388391,26.388391,0.000000,0.000000,0.000000,-3.406317,-3.036723,0.681000
2.000000,55.000000,-16.793819,92.851959,22.906502,22.906502,0.000000,0.000000,0.000000,-2.901443,-2.643443,0.680000
2.000000,60.000000,-16.254360,-27.236496,19.667912,19.667912,0.000000,0.000000,0.000000,-2.431847,-2.226598,0.678000
0.000000,58.000000,-29.147181,12.907994,24.049753,24.049753,0.000000,0.000000,0.000000,-3.067214,-1.812525,0.679000
-2.000000,58.000000,-41.956303,-98.494591,31.221249,31.221249,0.000000,0.000000,0.000000,-4.107081,-1.359419,0.676000
-4.000000,59.000000,-52.069031,-84.515236,39.842113,39.842113,0.000000,0.000000,0.000000,-5.357106,-0.964436,0.676000
3.000000,55.000000,-0.247250,-129.438736,20.859476,20.859476,0.000000,0.000000,0.000000,-2.604624,-0.603520,0.678000
-1.000000,55.000000,-19.910433,-168.883362,18.912457,18.912457,0.000000,0.000000,0.000000,-2.322306,-0.443537,0.676000
-3.000000,53.000000,-26.204964,-68.509262,21.577501,21.577501,0.000000,0.000000,0.000000,-2.708738,-0.327748,0.679000
0.000000,57.000000,-1.748418,-128.178467,11.500808,11.500808,0.000000,0.000000,0.000000,-1.247617,-0.304962,0.680000
5.000000,47.000000,33.384064,-25.227711,-8.924434,-8.924434,0.000000,0.000000,0.000000,1.714043,-0.272273,0.678000
0.000000,51.000000,-3.920897,-105.697235,-4.095310,-4.095310,0.000000,0.000000,0.000000,0.420000,-0.081455,0.677000
-3.000000,52.000000,-26.953783,-65.115189,9.290746,9.290746,0.000000,0.000000,0.000000,-0.927158,0.152560,0.679000
-3.000000,62.000000,-34.766525,-268.299957,18.340145,18.340145,0.000000,0.000000,0.000000,-2.239321,0.670632,0.679000
0.000000,59.000000,-20.121378,-156.952438,17.729128,17.729128,0.000000,0.000000,0.000000,-2.150723,1.156598,0.677000
0.000000,58.000000,-18.261742,-170.173965,16.437239,16.437239,0.000000,0.000000,0.000000,-1.963400,1.502241,0.681000
3.000000,52.000000,8.824574,18.787727,5.238513,5.238513,0.000000,0.000000,0.000000,0.420000,1.553288,0.680000
-1.000000,49.000000,-11.490853,-213.881271,6.127135,6.127135,0.000000,0.000000,0.000000,0.420000,1.658723,0.679000
-5.000000,47.000000,-30.188393,-230.420090,14.880919,14.880919,0.000000,0.000000,0.000000,-1.737733,1.717945,0.678000
-7.000000,41.000000,-38.443192,-43.338318,25.093897,25.093897,0.000000,0.000000,0.000000,-3.218615,1.662139,0.684000
-1.000000,50.000000,1.854066,129.995132,14.137270,14.137270,0.000000,0.000000,0.000000,-1.629904,1.439507,0.680000
0.000000,49.000000,11.544745,17.600636,2.738770,2.738770,0.000000,0.000000,0.000000,0.420000,1.134353,0.682000
1.000000,50.000000,23.356571,-1.123405,-9.014244,-9.014244,0.000000,0.000000,0.000000,1.727065,0.822106,0.683000
-3.000000,57.000000,-5.796329,-65.812798,-2.941801,-2.941801,0.000000,0.000000,0.000000,0.420000,0.743767,0.685000
2.000000,56.000000,22.237316,21.127350,-11.434636,-11.434636,0.000000,0.000000,0.000000,2.078022,0.727019,0.686000
1.000000,50.000000,5.588558,128.047043,-7.651478,-7.651478,0.000000,0.000000,0.000000,0.420000,0.792196,0.686000
2.000000,61.000000,3.550163,123.046638,-4.698466,-4.698466,0.000000,0.000000,0.000000,0.420000,0.907408,0.685000
-5.000000,57.000000,-52.218681,-15.871531,20.771404,20.771404,0.000000,0.000000,0.000000,-2.591853,1.281625,0.686000
-4.000000,47.000000,-50.217533,64.619980,34.603745,34.603745,0.000000,0.000000,0.000000,-4.597543,1.608099,0.687000
2.000000,41.000000,-6.028117,33.425766,22.045544,22.045544,0.000000,0.000000,0.000000,-2.776604,1.712224,0.686000
0.000000,48.000000,-9.167996,28.083454,16.503399,16.503399,0.000000,0.000000,0.000000,-1.972993,1.655691,0.686000
4.000000,47.000000,29.993122,-134.994537,-5.634985,-5.634985,0.000000,0.000000,0.000000,0.420000,1.572049,0.689000
3.000000,48.000000,32.732342,-153.248199,-19.208027,-19.208027,0.000000,0.000000,0.000000,3.205164,1.390290,0.688000
-5.000000,51.000000,-15.756495,-64.400658,-4.053597,-4.053597,0.000000,0.000000,0.000000,0.420000,1.113218,0.689000
1.000000,47.000000,20.902037,83.712227,-10.881986,-10.881986,0.000000,0.000000,0.000000,1.997888,1.011533,0.692000
3.000000,53.000000,24.879032,19.639542,-17.003899,-17.003899,0.000000,0.000000,0.000000,2.885565,1.042340,0.690000
-2.000000,56.000000,-16.280779,86.653023,-1.245916,-1.245916,0.000000,0.000000,0.000000,0.420000,1.112754,0.689000
0.000000,56.000000,-7.381577,90.624596,3.452077,3.452077,0.000000,0.000000,0.000000,0.420000,1.202991,0.689000
-4.000000,58.000000,-41.414745,-87.972160,19.743526,19.743526,0.000000,0.000000,0.000000,-2.442811,1.492798,0.689000
-1.000000,47.000000,-21.053263,-10.206099,20.241053,20.241053,0.000000,0.000000,0.000000,-2.514952,1.685648,0.690000
1.000000,48.000000,-0.687294,-80.052055,10.721393,10.721393,0.000000,0.000000,0.000000,-1.134602,1.720962,0.693000
0.000000,46.000000,1.372760,-42.523163,4.896316,4.896316,0.000000,0.000000,0.000000,0.420000,1.644618,0.692000
0.000000,47.000000,10.172782,-27.020790,-2.127965,-2.127965,0.000000,0.000000,0.000000,0.420000,1.412733,0.695000
0.000000,51.000000,16.699883,-27.120480,-8.929412,-8.929412,0.000000,0.000000,0.000000,1.714765,1.155869,0.696000
3.000000,53.000000,33.491817,88.100235,-19.189592,-19.189592,0.000000,0.000000,0.000000,3.202491,1.045016,0.698000
0.000000,50.000000,5.459510,-43.349766,-13.401203,-13.401203,0.000000,0.000000,0.000000,2.363174,1.070931,0.698000
2.000000,51.000000,10.465880,-84.994255,-12.845257,-12.845257,0.000000,0.000000,0.000000,2.282562,1.299033,0.698000
3.000000,53.000000,7.340851,23.572243,-10.156124,-10.156124,0.000000,0.000000,0.000000,1.892638,1.647273,0.698000
4.000000,51.000000,7.119131,66.413261,-8.191758,-8.191758,0.000000,0.000000,0.000000,1.607805,1.943312,0.699000
7.000000,59.000000,23.983561,51.847336,-14.831442,-14.831442,0.000000,0.000000,0.000000,2.570559,2.250598,0.703000
7.000000,54.000000,27.377220,-14.389215,-20.606544,-20.606544,0.000000,0.000000,0.000000,3.407949,2.502189,0.705000
3.000000,47.000000,5.296817,-80.118599,-14.438234,-14.438234,0.000000,0.000000,0.000000,2.513544,2.726729,0.704000
9.000000,51.000000,50.942940,-29.198999,-31.128143,-31.128143,0.000000,0.000000,0.000000,4.933581,2.909550,0.706000
3.000000,49.000000,10.664908,-26.555014,-22.158684,-22.158684,0.000000,0.000000,0.000000,3.633009,3.068562,0.707000
6.000000,50.000000,33.892204,19.660036,-27.261827,-27.261827,0.000000,0.000000,0.000000,4.372965,3.168610,0.708000
18.000000,53.000000,118.681404,-9.589791,-68.486946,-68.486946,0.000000,0.000000,0.000000,10.350607,3.280848,0.710000
3.000000,57.000000,13.853194,-19.298353,-44.075443,-44.075443,0.000000,0.000000,0.000000,6.810939,3.406524,0.710000
5.000000,58.000000,26.706934,50.684391,-35.803455,-35.803455,0.000000,0.000000,0.000000,5.611501,3.540154,0.711000
2.000000,56.000000,-3.520534,-54.707066,-18.600025,-18.600025,0.000000,0.000000,0.000000,3.117004,3.957629,0.712000
9.000000,56.000000,39.468876,34.979401,-27.676193,-27.676193,0.000000,0.000000,0.000000,4.433048,4.377583,0.715000
7.000000,61.000000,25.282061,267.121796,-24.194736,-24.194736,0.000000,0.000000,0.000000,3.928237,4.517010,0.715000
3.000000,49.000000,1.974094,271.049622,-11.756001,-11.756001,0.000000,0.000000,0.000000,2.124620,4.430761,0.716000
11.000000,57.000000,64.115334,170.669769,-33.781673,-33.781673,0.000000,0.000000,0.000000,5.318343,4.402383,0.716000
3.000000,54.000000,12.078184,169.402420,-22.490482,-22.490482,0.000000,0.000000,0.000000,3.681120,4.301574,0.717000
0.000000,56.000000,-3.500800,120.311905,-9.711597,-9.711597,0.000000,0.000000,0.000000,1.828182,4.193191,0.717000
0.000000,47.000000,-2.070766,84.344971,-3.650430,-3.650430,0.000000,0.000000,0.000000,0.420000,4.159273,0.721000
0.000000,60.000000,-1.482704,192.005844,0.387533,0.387533,0.000000,0.000000,0.000000,0.420000,4.051053,0.723000
-4.000000,60.000000,-24.610474,229.487061,13.353239,13.353239,0.000000,0.000000,0.000000,-1.516220,3.695395,0.724000
8.000000,56.000000,69.917938,102.259514,-23.198454,-23.198454,0.000000,0.000000,0.000000,3.783776,3.250249,0.727000
4.000000,61.000000,48.462601,23.105045,-34.359375,-34.359375,0.000000,0.000000,0.000000,5.402109,2.871923,0.728000
0.000000,63.000000,23.312845,7.424486,-29.321615,-29.321615,0.000000,0.000000,0.000000,4.671634,2.554254,0.726000
3.000000,62.000000,44.503113,114.031738,-35.127007,-35.127007,0.000000,0.000000,0.000000,5.513416,2.247726,0.727000
3.000000,57.000000,32.637573,156.424606,-32.598938,-32.598938,0.000000,0.000000,0.000000,5.146846,2.127659,0.731000
7.000000,55.000000,49.859592,137.503723,-39.128700,-39.128700,0.000000,0.000000,0.000000,6.093661,2.142347,0.732000
7.000000,60.000000,36.015553,92.773918,-36.892818,-36.892818,0.000000,0.000000,0.000000,5.769459,2.445653,0.734000
5.000000,61.000000,11.453981,118.121315,-24.382252,-24.382252,0.000000,0.000000,0.000000,3.955426,2.875607,0.733000
7.000000,68.000000,18.889421,-4.195046,-21.948235,-21.948235,0.000000,0.000000,0.000000,3.602494,3.353674,0.734000
8.000000,69.000000,22.744429,-53.102100,-22.784441,-22.784441,0.000000,0.000000,0.000000,3.723744,3.915147,0.732000
8.000000,68.000000,24.712954,32.835648,-23.356750,-23.356750,0.000000,0.000000,0.000000,3.806729,4.329134,0.735000
1.000000,65.000000,-18.202343,-49.411514,-5.099861,-5.099861,0.000000,0.000000,0.000000,0.420000,4.589961,0.734000
8.000000,68.000000,42.563797,225.245987,-19.931419,-19.931419,0.000000,0.000000,0.000000,3.310056,4.576831,0.735000
4.000000,64.000000,24.908562,295.294952,-19.513479,-19.513479,0.000000,0.000000,0.000000,3.249454,4.180528,0.737000
3.000000,66.000000,25.056356,257.694916,-19.688520,-19.688520,0.000000,0.000000,0.000000,3.274835,3.917178,0.737000
1.000000,64.000000,17.501045,104.966064,-17.759462,-17.759462,0.000000,0.000000,0.000000,2.995122,3.652726,0.737000
0.000000,52.000000,8.914274,-101.368034,-14.691441,-14.691441,0.000000,0.000000,0.000000,2.550259,3.609520,0.737000
0.000000,57.000000,5.705784,-73.870354,-11.312729,-11.312729,0.000000,0.000000,0.000000,2.060346,3.658978,0.739000
0.000000,53.000000,4.314530,280.151184,-5.642179,-5.642179,0.000000,0.000000,0.000000,0.420000,3.479092,0.737000
0.000000,62.000000,6.441054,174.826874,-4.428231,-4.428231,0.000000,0.000000,0.000000,0.420000,3.125291,0.738000
6.000000,63.000000,51.006508,72.426926,-24.736614,-24.736614,0.000000,0.000000,0.000000,4.006809,2.889691,0.738000
4.000000,63.000000,41.846893,49.202652,-31.993416,-31.993416,0.000000,0.000000,0.000000,5.059045,2.610435,0.738000
0.000000,66.000000,14.563990,31.396214,-23.867607,-23.867607,0.000000,0.000000,0.000000,3.880803,2.433362,0.740000
0.000000,64.000000,9.379743,-70.948532,-17.986605,-17.986605,0.000000,0.000000,0.000000,3.028058,2.414233,0.739000
2.000000,66.000000,18.049683,-70.501717,-18.649504,-18.649504,0.000000,0.000000,0.000000,3.124178,2.532097,0.740000
2.000000,66.000000,10.893169,105.357338,-14.210938,-14.210938,0.000000,0.000000,0.000000,2.480586,2.626312,0.736000
2.000000,64.000000,5.154773,122.856392,-9.029956,-9.029956,0.000000,0.000000,0.000000,1.729344,2.716910,0.740000
2.000000,60.000000,1.268274,111.678772,-4.532090,-4.532090,0.000000,0.000000,0.000000,0.420000,2.870840,0.741000
0.000000,56.000000,-13.507065,104.103928,4.522466,4.522466,0.000000,0.000000,0.000000,0.420000,2.950287,0.740000
4.000000,54.000000,16.701866,76.078079,-4.343781,-4.343781,0.000000,0.000000,0.000000,0.420000,3.024154,0.739000
5.000000,54.000000,27.410179,121.602608,-13.629236,-13.629236,0.000000,0.000000,0.000000,2.396239,3.053483,0.740000
0.000000,54.000000,-2.934644,337.315796,-3.139648,-3.139648,0.000000,0.000000,0.000000,0.420000,2.921587,0.738000
-1.000000,55.000000,-5.521256,179.275055,2.371234,2.371234,0.000000,0.000000,0.000000,0.420000,2.776221,0.741000
-1.000000,56.000000,-3.330523,309.085724,5.584686,5.584686,0.000000,0.000000,0.000000,0.420000,2.572765,0.740000
-1.000000,60.000000,-2.569783,191.100128,5.947881,5.947881,0.000000,0.000000,0.000000,0.420000,2.328142,0.740000
0.000000,63.000000,6.012956,-95.442329,-0.293477,-0.293477,0.000000,0.000000,0.000000,0.420000,2.222962,0.741000
-2.000000,65.000000,-5.166375,-81.274918,1.431982,1.431982,0.000000,0.000000,0.000000,0.420000,2.201159,0.740000
0.000000,58.000000,8.544781,-2.397870,-3.079142,-3.079142,0.000000,0.000000,0.000000,0.420000,2.069756,0.739000
-1.000000,49.000000,-0.744385,-146.705414,-2.678903,-2.678903,0.000000,0.000000,0.000000,0.420000,2.084219,0.739000
0.000000,55.000000,5.375825,-73.579849,-4.554737,-4.554737,0.000000,0.000000,0.000000,0.420000,2.074134,0.741000
0.000000,55.000000,4.217730,-19.004444,-4.574123,-4.574123,0.000000,0.000000,0.000000,0.420000,2.121981,0.743000
0.000000,55.000000,1.872735,162.059738,-1.899961,-1.899961,0.000000,0.000000,0.000000,0.420000,2.021776,0.742000
0.000000,60.000000,-0.215835,78.470154,-0.241621,-0.241621,0.000000,0.000000,0.000000,0.420000,1.930777,0.742000
-2.000000,56.000000,-14.680839,193.908340,8.218660,8.218660,0.000000,0.000000,0.000000,-0.771706,1.779155,0.741000
-5.000000,57.000000,-38.037079,-84.786728,20.873867,20.873867,0.000000,0.000000,0.000000,-2.606711,1.759022,0.744000
-4.000000,52.000000,-25.887278,-65.295578,22.542240,22.542240,0.000000,0.000000,0.000000,-2.848625,1.683702,0.742000
-4.000000,63.000000,-20.624962,-28.995510,21.418505,21.418505,0.000000,0.000000,0.000000,-2.685683,1.501978,0.743000
-1.000000,63.000000,8.427594,211.356964,9.889973,9.889973,0.000000,0.000000,0.000000,-1.014046,1.163243,0.745000
0.000000,64.000000,24.654079,125.967422,-4.521144,-4.521144,0.000000,0.000000,0.000000,0.420000,0.658397,0.746000
-4.000000,48.000000,0.160941,28.519707,-2.302375,-2.302375,0.000000,0.000000,0.000000,0.420000,0.163095,0.745000
-10.000000,52.000000,-47.009701,72.940674,20.544525,20.544525,0.000000,0.000000,0.000000,-2.558956,-0.132716,0.747000
-3.000000,57.000000,-4.020666,137.023865,14.342003,14.342003,0.000000,0.000000,0.000000,-1.659590,-0.343246,0.747000
-1.000000,54.000000,0.640216,75.406738,8.278666,8.278666,0.000000,0.000000,0.000000,-0.780406,-0.403135,0.746000
-1.000000,61.000000,-8.562471,-157.351608,6.990214,6.990214,0.000000,0.000000,0.000000,0.420000,-0.211927,0.746000
0.000000,60.000000,-6.151546,-118.587128,5.545529,5.545529,0.000000,0.000000,0.000000,0.420000,0.039114,0.747000
0.000000,57.000000,-10.017378,-177.054688,5.964369,5.964369,0.000000,0.000000,0.000000,0.420000,0.446887,0.746000
0.000000,63.000000,-17.686411,-313.095917,8.421425,8.421425,0.000000,0.000000,0.000000,-0.801107,1.069907,0.748000
0.000000,62.000000,-21.314598,-21.922388,14.026051,14.026051,0.000000,0.000000,0.000000,-1.613777,1.526033,0.747000
1.000000,64.000000,-12.303005,71.644501,13.895481,13.895481,0.000000,0.000000,0.000000,-1.594845,1.711057,0.747000
0.000000,65.000000,-13.716720,91.709846,14.640427,14.640427,0.000000,0.000000,0.000000,-1.702862,1.773652,0.748000
0.000000,53.000000,-8.108775,102.031258,12.619464,12.619464,0.000000,0.000000,0.000000,-1.409822,1.709250,0.748000
0.000000,52.000000,-0.375287,26.637543,7.349322,7.349322,0.000000,0.000000,0.000000,0.420000,1.545962,0.747000
-1.000000,48.000000,0.012555,-71.657341,3.391561,3.391561,0.000000,0.000000,0.000000,0.420000,1.366121,0.749000
-9.000000,50.000000,-56.956543,-48.449604,27.059755,27.059755,0.000000,0.000000,0.000000,-3.503664,1.278659,0.752000
-5.000000,55.000000,-29.848400,31.642748,28.599430,28.599430,0.000000,0.000000,0.000000,-3.726917,1.207575,0.750000
-1.000000,55.000000,-2.535662,119.697479,17.948011,17.948011,0.000000,0.000000,0.000000,-2.182462,1.064185,0.750000
-1.000000,55.000000,3.057144,410.245880,12.187904,12.187904,0.000000,0.000000,0.000000,-1.347246,0.657389,0.751000
-5.000000,67.000000,-23.491201,66.573074,17.873545,17.873545,0.000000,0.000000,0.000000,-2.171664,0.331627,0.750000
-7.000000,60.000000,-38.734066,-86.967072,26.478077,26.478077,0.000000,0.000000,0.000000,-3.419321,0.198821,0.750000
-2.000000,60.000000,-2.136595,-24.821524,15.301016,15.301016,0.000000,0.000000,0.000000,-1.798647,0.122134,0.749000
-2.000000,58.000000,-1.494614,114.009178,10.114218,10.114218,0.000000,0.000000,0.000000,-1.046562,-0.135198,0.749000
-4.000000,50.000000,-14.272505,168.339752,13.500504,13.500504,0.000000,0.000000,0.000000,-1.537573,-0.509692,0.749000
-7.000000,50.000000,-37.035057,121.117767,25.181112,25.181112,0.000000,0.000000,0.000000,-3.231261,-0.770737,0.747000
-3.000000,50.000000,-12.999290,-43.734901,19.305677,19.305677,0.000000,0.000000,0.000000,-2.379323,-0.771607,0.750000
-1.000000,42.000000,-0.846105,53.075329,11.476548,11.476548,0.000000,0.000000,0.000000,-1.244099,-0.859860,0.748000
-3.000000,43.000000,-16.289818,82.098999,14.381411,14.381411,0.000000,0.000000,0.000000,-1.665305,-0.996606,0.748000
-8.000000,50.000000,-57.162643,-27.319639,33.387093,33.387093,0.000000,0.000000,0.000000,-4.421128,-1.034551,0.747000
-1.000000,50.000000,-9.117955,45.121246,22.872070,22.872070,0.000000,0.000000,0.000000,-2.896450,-0.956465,0.747000
-1.000000,48.000000,-13.665241,145.663330,20.039967,20.039967,0.000000,0.000000,0.000000,-2.485795,-0.887124,0.748000
-1.000000,55.000000,-12.070816,197.510239,18.231441,18.231441,0.000000,0.000000,0.000000,-2.223559,-1.005574,0.749000
0.000000,59.000000,-2.162767,57.215748,11.515480,11.515480,0.000000,0.000000,0.000000,-1.249745,-1.104550,0.748000
0.000000,56.000000,-0.719762,4.858796,6.701137,6.701137,0.000000,0.000000,0.000000,0.420000,-1.112790,0.746000
0.000000,42.000000,-6.872459,-188.153854,5.084847,5.084847,0.000000,0.000000,0.000000,0.420000,-0.788099,0.745000
-1.000000,43.000000,-17.098589,-252.817566,8.215672,8.215672,0.000000,0.000000,0.000000,-0.771273,-0.423236,0.748000
-1.000000,46.000000,-17.791754,-109.400276,11.540306,11.540306,0.000000,0.000000,0.000000,-1.253344,-0.079787,0.746000
0.000000,48.000000,-15.812352,-12.177751,13.353127,13.353127,0.000000,0.000000,0.000000,-1.516204,0.244898,0.745000
2.000000,46.000000,-4.200993,-14.733840,9.102062,9.102062,0.000000,0.000000,0.000000,-0.899799,0.489468,0.744000
0.000000,47.000000,-15.807552,34.142185,12.426813,12.426813,0.000000,0.000000,0.000000,-1.381888,0.622867,0.746000
0.000000,47.000000,-8.283518,189.918854,12.271600,12.271600,0.000000,0.000000,0.000000,-1.359382,0.492457,0.745000
2.000000,51.000000,12.898931,268.624176,3.362478,3.362478,0.000000,0.000000,0.000000,0.420000,0.193709,0.745000
-1.000000,54.000000,-6.568010,110.795181,5.802124,5.802124,0.000000,0.000000,0.000000,0.420000,-0.049246,0.744000
1.000000,53.000000,9.638144,76.491493,-0.457573,-0.457573,0.000000,0.000000,0.000000,0.420000,-0.135240,0.745000
0.000000,59.000000,0.573843,-1.976490,-0.527683,-0.527683,0.000000,0.000000,0.000000,0.420000,-0.110493,0.745000
-1.000000,47.000000,-11.282330,-77.643097,4.088035,4.088035,0.000000,0.000000,0.000000,0.420000,0.096132,0.745000
-1.000000,49.000000,-18.639984,-48.094177,10.203565,10.203565,0.000000,0.000000,0.000000,-1.059517,0.408860,0.742000
-2.000000,45.000000,-33.523148,114.965508,21.732067,21.732067,0.000000,0.000000,0.000000,-2.731150,0.683079,0.742000
3.000000,42.000000,-1.711981,187.824432,14.413448,14.413448,0.000000,0.000000,0.000000,-1.669950,0.940812,0.741000
0.000000,45.000000,-22.466934,73.600220,18.699919,18.699919,0.000000,0.000000,0.000000,-2.291488,1.060100,0.744000
2.000000,46.000000,1.315432,-56.631123,9.183331,9.183331,0.000000,0.000000,0.000000,-0.911583,1.104311,0.744000
-3.000000,49.000000,-23.403055,-32.570595,15.289072,15.289072,0.000000,0.000000,0.000000,-1.796915,1.057932,0.744000
-9.000000,55.000000,-58.883339,-39.092850,34.554653,34.554653,0.000000,0.000000,0.000000,-4.590425,0.936239,0.743000
-7.000000,57.000000,-41.138313,34.279179,37.825813,37.825813,0.000000,0.000000,0.000000,-5.064743,0.760649,0.740000
-3.000000,50.000000,-7.372341,7.505936,24.189304,24.189304,0.000000,0.000000,0.000000,-3.087449,0.453554,0.740000
-8.000000,59.000000,-36.538582,80.677849,30.472580,30.472580,0.000000,0.000000,0.000000,-3.998524,0.007767,0.739000
-5.000000,59.000000,-10.886754,-109.042992,20.677570,20.677570,0.000000,0.000000,0.000000,-2.578248,-0.348729,0.741000
-5.000000,48.000000,-10.861576,-267.032043,13.857084,13.857084,0.000000,0.000000,0.000000,-1.589277,-0.507436,0.739000
-8.000000,47.000000,-30.427158,-51.887852,20.846626,20.846626,0.000000,0.000000,0.000000,-2.602761,-0.793549,0.739000
-5.000000,39.000000,-10.892521,-27.258957,16.121948,16.121948,0.000000,0.000000,0.000000,-1.917683,-1.084503,0.742000
-5.000000,47.000000,-14.011677,99.523140,16.068035,16.068035,0.000000,0.000000,0.000000,-1.909865,-1.375123,0.742000
-3.000000,47.000000,-7.095040,171.406036,13.572841,13.572841,0.000000,0.000000,0.000000,-1.548062,-1.610190,0.741000
-3.000000,54.000000,-19.030573,74.245171,16.697027,16.697027,0.000000,0.000000,0.000000,-2.001069,-1.657178,0.740000
0.000000,52.000000,-5.179952,-168.816895,9.994991,9.994991,0.000000,0.000000,0.000000,-1.029274,-1.417621,0.740000
-2.000000,53.000000,-24.149227,-145.486115,15.055021,15.055021,0.000000,0.000000,0.000000,-1.762978,-1.118319,0.740000
0.000000,51.000000,-10.565000,79.944557,13.754012,13.754012,0.000000,0.000000,0.000000,-1.574332,-0.921662,0.742000
0.000000,49.000000,-12.210119,14.341918,13.188337,13.188337,0.000000,0.000000,0.000000,-1.492309,-0.784423,0.741000
-3.000000,50.000000,-31.144508,71.483124,21.911963,21.911963,0.000000,0.000000,0.000000,-2.757234,-0.741411,0.742000
-5.000000,42.000000,-41.178585,101.081635,31.491678,31.491678,0.000000,0.000000,0.000000,-4.146293,-0.866790,0.742000
-1.000000,43.000000,-8.379106,-170.473724,19.556757,19.556757,0.000000,0.000000,0.000000,-2.415730,-0.875173,0.741000
-1.000000,43.000000,-3.779457,-76.801666,11.765757,11.765757,0.000000,0.000000,0.000000,-1.286035,-0.959019,0.740000
-1.000000,46.000000,3.702465,-95.053947,3.949572,3.949572,0.000000,0.000000,0.000000,0.420000,-1.169203,0.738000
0.000000,55.000000,17.238255,-66.847755,-6.186580,-6.186580,0.000000,0.000000,0.000000,0.420000,-1.399658,0.739000
1.000000,51.000000,24.682388,44.012959,-14.113577,-14.113577,0.000000,0.000000,0.000000,2.466469,-1.589270,0.739000
-1.000000,59.000000,1.260936,-18.571751,-8.497034,-8.497034,0.000000,0.000000,0.000000,1.652070,-1.558894,0.737000
1.000000,55.000000,6.557630,-96.682709,-8.494446,-8.494446,0.000000,0.000000,0.000000,1.651695,-1.371290,0.739000
-1.000000,55.000000,-19.405848,-82.400742,3.319079,3.319079,0.000000,0.000000,0.000000,0.420000,-0.984229,0.736000
0.000000,55.000000,-23.125216,-133.938019,11.026398,11.026398,0.000000,0.000000,0.000000,-1.178828,-0.500235,0.738000
2.000000,60.000000,-14.099085,-50.984798,11.950243,11.950243,0.000000,0.000000,0.000000,-1.312785,-0.016326,0.738000
0.000000,49.000000,-28.593449,-59.056843,18.908175,18.908175,0.000000,0.000000,0.000000,-2.321685,0.351811,0.736000
3.000000,53.000000,0.636700,-156.872025,8.701133,8.701133,0.000000,0.000000,0.000000,-0.841664,0.640275,0.738000
0.000000,47.000000,-10.905237,-176.068787,8.108361,8.108361,0.000000,0.000000,0.000000,-0.755712,0.827476,0.736000
-5.000000,49.000000,-34.659492,75.154243,20.732758,20.732758,0.000000,0.000000,0.000000,-2.586250,0.621760,0.735000
-3.000000,52.000000,-11.088649,-160.212036,14.951000,14.951000,0.000000,0.000000,0.000000,-1.747895,0.456495,0.734000
-5.000000,58.000000,-19.273632,-392.325989,13.365251,13.365251,0.000000,0.000000,0.000000,-1.517961,0.537065,0.734000
-8.000000,53.000000,-35.407345,-17.525627,23.126461,23.126461,0.000000,0.000000,0.000000,-2.933337,0.318779,0.734000
-10.000000,61.000000,-47.655499,139.951599,35.424095,35.424095,0.000000,0.000000,0.000000,-4.716494,-0.188011,0.735000
-8.000000,65.000000,-31.571978,236.012756,35.814754,35.814754,0.000000,0.000000,0.000000,-4.773139,-0.766369,0.735000
-9.000000,61.000000,-38.253231,-37.197079,36.577293,36.577293,0.000000,0.000000,0.000000,-4.883708,-1.229090,0.733000
-10.000000,62.000000,-41.085388,70.099419,39.236828,39.236828,0.000000,0.000000,0.000000,-5.269340,-1.734584,0.732000
-5.000000,52.000000,-2.586743,87.944984,23.535793,23.535793,0.000000,0.000000,0.000000,-2.992690,-2.291861,0.733000
-10.000000,57.000000,-36.861958,-51.186577,29.071888,29.071888,0.000000,0.000000,0.000000,-3.795424,-2.815925,0.731000
-8.000000,53.000000,-21.914808,-183.510834,24.199606,24.199606,0.000000,0.000000,0.000000,-3.088943,-3.182818,0.731000
-8.000000,51.000000,-25.331730,-96.019302,23.844889,23.844889,0.000000,0.000000,0.000000,-3.037509,-3.381266,0.728000
-2.000000,57.000000,7.882758,19.438812,9.742397,9.742397,0.000000,0.000000,0.000000,-0.992648,-3.566124,0.729000
-5.000000,55.000000,-21.250610,-109.165009,13.938608,13.938608,0.000000,0.000000,0.000000,-1.601098,-3.641376,0.729000
-7.000000,54.000000,-42.548233,-227.814301,24.762609,24.762609,0.000000,0.000000,0.000000,-3.170578,-3.559432,0.731000
-2.000000,59.000000,-13.413106,7.262850,19.720699,19.720699,0.000000,0.000000,0.000000,-2.439501,-3.415855,0.734000
0.000000,59.000000,-8.355544,4.696709,14.648649,14.648649,0.000000,0.000000,0.000000,-1.704054,-3.221682,0.731000
2.000000,60.000000,5.725314,44.503693,5.880899,5.880899,-0.847921,-0.001256,-0.400000,-0.433978,-3.186581,0.731000
0.000000,64.000000,-5.355790,99.986847,6.544482,6.544482,-1.558505,-0.002260,-5.000000,-1.200765,-3.231843,0.734000
0.000000,54.000000,-3.719819,117.810104,6.333675,6.333675,-4.432546,-0.002871,-26.500000,-4.333417,-3.234282,0.734000
0.000000,52.000000,-5.242128,-18.664318,5.674500,5.674500,-5.599058,-0.004838,-35.799999,-5.613495,-3.204997,0.736000
22.000000,57.000000,156.204941,-45.370747,-67.579590,-67.579590,1.293245,-0.004665,-58.000000,1.012580,-3.128284,0.736000
7.000000,52.000000,48.638409,-257.946686,-61.377583,-61.377583,-0.327027,-0.004816,-63.800003,-0.677443,-2.975584,0.735000
-3.000000,55.000000,-18.380310,-127.034996,-26.629845,-26.629845,-8.041972,-0.005880,-86.200005,-8.662251,-2.898490,0.739000
2.000000,60.000000,16.907970,-141.146881,-23.525322,-23.525322,-9.419582,-0.009810,-93.300003,-10.128993,-2.712543,0.739000
2.000000,56.000000,13.794475,-76.561401,-19.835493,-19.835493,-9.958208,-0.024563,-93.599998,-10.685972,-2.621885,0.738000
-1.000000,61.000000,-1.876701,20.529448,-9.880240,-9.880240,-11.302168,-0.041307,-93.599998,-12.046675,-2.824240,0.739000
-4.000000,59.000000,-6.846149,77.106712,-1.659405,-1.659405,-12.438981,-0.059735,-93.800003,-13.204316,-3.413804,0.741000
-3.000000,58.000000,17.025484,85.475220,-7.804864,-7.804864,-11.609344,-0.076934,-93.800003,-12.391879,-4.255300,0.740000
-4.000000,61.000000,23.974468,-64.335358,-15.660204,-15.660204,-10.575873,-0.092602,-94.000000,-11.376476,-5.102886,0.740000
-4.000000,48.000000,32.020184,-250.585098,-25.277460,-25.277460,-9.277543,-0.106347,-94.000000,-10.091890,-5.791603,0.739000
-7.000000,47.000000,15.083029,-213.975113,-22.615742,-22.615742,-9.636876,-0.121338,-94.000000,-10.466214,-6.524765,0.738000
-7.000000,47.000000,9.926436,-315.328796,-19.743515,-19.743515,-10.024626,-0.135446,-94.000000,-10.868073,-7.038298,0.736000
-9.000000,47.000000,-16.466047,-291.278931,-6.070723,-6.070723,-11.870453,-0.153032,-94.000000,-12.731485,-7.299572,0.736000
-2.000000,48.000000,24.918007,-96.494766,-15.420453,-15.420453,-10.608239,-0.169534,-94.000000,-11.485773,-7.690026,0.735000
5.000000,48.000000,71.790245,3.834839,-40.752346,-40.752346,-7.188434,-0.179651,-94.000000,-8.076084,-8.133039,0.738000
6.000000,47.000000,76.075844,-112.452370,-57.659992,-57.659992,-4.905901,-0.186919,-94.000000,-5.800820,-8.455254,0.736000
3.000000,48.000000,48.677956,-74.316772,-54.286926,-54.286926,-5.361265,-0.194862,-94.000000,-6.264127,-8.642829,0.736000
1.000000,50.000000,21.360178,-108.710640,-40.448288,-40.448288,-7.229481,-0.205572,-94.000000,-8.143053,-8.577695,0.737000
0.000000,56.000000,0.260696,-289.622559,-24.970474,-24.970474,-9.318986,-0.219378,-94.000000,-10.246364,-8.185859,0.737000
0.000000,53.000000,-10.725879,-173.904755,-10.472259,-10.472259,-11.276245,-0.236083,-94.000000,-12.220328,-7.659492,0.736000
6.000000,52.000000,25.619360,-285.002991,-19.853481,-19.853481,-10.009780,-0.250913,-94.000000,-10.968693,-7.171019,0.737000
16.000000,48.000000,101.913582,-255.742126,-59.082203,-59.082203,-4.713903,-0.257896,-94.000000,-5.679799,-6.877762,0.738000
6.000000,52.000000,38.703365,-207.474289,-51.778996,-51.778996,-5.699836,-0.266340,-94.000000,-6.674176,-6.757545,0.737000
9.000000,54.000000,74.527145,-14.486249,-62.146042,-62.146042,-4.300284,-0.272711,-94.000000,-5.280995,-6.929144,0.737000
3.000000,52.000000,32.709877,-37.661629,-49.238720,-49.238720,-6.042773,-0.281664,-94.000000,-7.032436,-7.036309,0.738000
8.000000,63.000000,65.585182,-95.293076,-57.452267,-57.452267,-4.933944,-0.288973,-94.000000,-5.930917,-7.029119,0.738000
9.000000,62.000000,63.695198,-118.421425,-61.327377,-61.327377,-4.410804,-0.295508,-94.000000,-5.414311,-6.898746,0.738000
10.000000,66.000000,64.291092,152.301392,-61.290337,-61.290337,-4.415805,-0.302050,-94.000000,-5.425855,-6.807539,0.738000
12.000000,74.000000,74.092468,107.953720,-66.079712,-66.079712,-3.769239,-0.307634,-94.000000,-4.784872,-6.701327,0.734000
13.000000,71.000000,79.308769,-68.281067,-72.647316,-72.647316,-2.882612,-0.311904,-94.000000,-3.902516,-6.437153,0.738000
13.000000,66.000000,77.005569,32.011436,-74.320435,-74.320435,-2.656741,-0.315840,-94.000000,-3.680581,-6.154419,0.737000
9.000000,64.000000,42.826756,-26.444016,-60.386276,-60.386276,-4.537853,-0.322563,-94.000000,-5.568416,-5.802867,0.731000
13.000000,67.000000,68.562721,151.940872,-62.698208,-62.698208,-4.225742,-0.328823,-94.000000,-5.262566,-5.436038,0.731000
15.000000,67.000000,81.945328,50.147774,-70.908081,-70.908081,-3.117409,-0.333441,-94.000000,-4.158851,-5.114792,0.730000
15.000000,64.000000,81.259308,-105.563721,-76.516205,-76.516205,-2.360312,-0.336938,-94.000000,-3.405251,-4.632784,0.732000
13.000000,57.000000,66.845139,-103.476517,-73.095512,-73.095512,-2.822106,-0.341119,-94.000000,-3.871225,-4.224934,0.730000
12.000000,60.000000,64.401474,-2.819167,-69.208572,-69.208572,-3.346843,-0.346077,-94.000000,-4.400920,-3.972105,0.729000
17.000000,72.000000,104.302551,77.049561,-84.307411,-84.307411,-1.308500,-0.348016,-94.000000,-2.364516,-3.845001,0.725000
16.000000,76.000000,98.583176,-116.832603,-91.782997,-91.782997,-0.299295,-0.348459,-94.000000,-1.355755,-3.590715,0.725000
16.000000,77.000000,100.626625,-51.270046,-96.224060,-96.224060,0.300248,-0.348015,-94.000000,-0.755767,-3.302505,0.726000
16.000000,74.000000,100.647057,-21.479282,-98.407722,-98.407722,0.595043,-0.347133,-94.000000,-0.460090,-3.099931,0.726000
16.000000,80.000000,100.778053,-114.717155,-100.506828,-100.506828,0.878422,-0.345832,-94.000000,-0.175410,-2.841856,0.728000
16.000000,87.000000,98.242035,-87.606827,-100.276138,-100.276138,1.076778,-0.344236,-92.300003,0.044942,-2.501525,0.728000
11.000000,86.000000,57.508564,-123.392952,-82.141266,-82.141266,-1.141929,-0.345928,-90.599998,-2.155057,-2.071983,0.725000
17.000000,84.000000,101.007629,-134.671494,-91.843170,-91.843170,0.815828,-0.345425,-85.800003,-0.139197,-1.640108,0.726000
17.000000,89.000000,103.651772,146.980347,-95.834213,-95.834213,1.624618,-0.343018,-83.800003,0.696001,-1.470967,0.726000
16.000000,81.000000,99.737152,130.351608,-96.417366,-96.417366,1.730345,-0.340454,-83.599998,0.806690,-1.502188,0.726000
17.000000,74.000000,111.321129,88.869720,-102.324226,-102.324226,2.527771,-0.336709,-83.599998,1.607861,-1.464552,0.723000
16.000000,75.000000,105.961464,207.502380,-102.093468,-102.093468,2.537118,-0.332951,-83.300003,1.624567,-1.392840,0.723000
16.000000,70.000000,101.908852,148.086105,-100.677612,-100.677612,2.305478,-0.329535,-83.599998,1.392743,-1.244151,0.724000
16.000000,64.000000,96.774948,6.016433,-98.867264,-98.867264,2.236580,-0.326222,-82.300003,1.342759,-1.018176,0.722000
17.000000,66.000000,100.152565,-190.395279,-101.159203,-101.159203,2.545992,-0.322450,-82.300003,1.655942,-0.575863,0.724000
18.000000,64.000000,102.641968,-86.952347,-102.609024,-102.609024,3.200718,-0.319661,-78.900002,2.354258,-0.090667,0.723000
18.000000,61.000000,96.588905,68.115990,-99.286926,-99.286926,2.941235,-0.315303,-77.500000,2.115932,0.422069,0.725000
12.000000,50.000000,50.139839,98.902794,-76.280609,-76.280609,0.240382,-0.315066,-74.500000,-0.548684,0.838631,0.722000
26.000000,49.000000,151.810638,59.150002,-109.736771,-109.736771,5.215964,-0.310520,-71.099998,4.472244,1.193674,0.720000
14.000000,47.000000,69.214699,13.877026,-91.376938,-91.376938,3.817387,-0.309106,-63.099998,3.171081,1.577777,0.722000
15.000000,45.000000,77.034470,114.150459,-83.895470,-83.895470,3.401388,-0.306816,-58.700005,2.810172,1.969032,0.721000
16.000000,52.000000,84.122002,273.322357,-81.537506,-81.537506,5.553563,-0.305917,-40.400002,5.182847,2.255679,0.722000
0.000000,40.000000,-30.001862,82.802902,-30.599564,-30.599564,-0.270059,-0.306019,-32.600002,-0.547279,2.561931,0.723000
-2.000000,40.000000,-45.058640,53.006096,3.923679,3.923679,-1.866197,-0.306263,-9.900001,-1.871260,2.993032,0.723000
0.000000,49.000000,-29.962900,181.205276,17.272175,17.272175,-2.912244,-0.307804,-4.300000,-2.851647,3.245420,0.722000
4.000000,44.000000,9.090030,146.834442,6.730694,6.730694,0.000000,0.000000,0.000000,0.420000,3.184388,0.723000
-2.000000,45.000000,-18.059856,-34.130512,11.521643,11.521643,0.000000,0.000000,0.000000,-1.250638,2.989544,0.723000
1.000000,44.000000,16.860279,-7.816647,-1.320572,-1.320572,0.000000,0.000000,0.000000,0.420000,2.708120,0.723000
0.000000,37.000000,19.100702,103.982933,-8.385784,-8.385784,0.000000,0.000000,0.000000,1.635939,2.248798,0.722000
2.000000,33.000000,36.408115,-37.433342,-8.895164,-8.895164,0.000000,0.000000,0.000000,1.709799,1.941386,0.722000
-2.000000,37.000000,0.010350,-96.127953,-5.762149,-5.762149,0.000000,0.000000,0.000000,0.420000,1.958947,0.725000
1.000000,36.000000,9.334420,20.918211,-7.181407,-7.181407,0.000000,0.000000,0.000000,0.420000,2.112022,0.724000
3.000000,34.000000,13.594103,8.372349,-6.904454,-6.904454,0.000000,0.000000,0.000000,0.420000,2.286573,0.724000
-2.000000,35.000000,-26.809311,-192.017380,6.538583,6.538583,0.000000,0.000000,0.000000,0.420000,2.602808,0.723000
0.000000,40.000000,-12.679465,-40.778793,8.934971,8.934971,0.000000,0.000000,0.000000,-0.875571,2.827143,0.722000
2.000000,42.000000,6.298026,-36.542866,1.751237,1.751237,0.000000,0.000000,0.000000,0.420000,2.850571,0.720000
-2.000000,44.000000,-12.814157,-188.678513,5.031444,5.031444,0.000000,0.000000,0.000000,0.420000,2.895006,0.721000
0.000000,40.000000,7.651366,-173.193802,-2.234565,-2.234565,0.000000,0.000000,0.000000,0.420000,2.920187,0.723000
-2.000000,42.000000,-2.851696,-23.824877,-0.160172,-0.160172,0.000000,0.000000,0.000000,0.420000,2.793887,0.723000
0.000000,32.000000,15.249441,-167.189240,-3.106507,-3.106507,0.000000,0.000000,0.000000,0.420000,2.645941,0.720000
5.000000,34.000000,52.333878,-185.603683,-6.324638,-6.324638,0.000000,0.000000,0.000000,0.420000,2.613334,0.721000
11.000000,32.000000,94.427803,-67.581276,-7.402928,-7.402928,0.000000,0.000000,0.000000,0.420000,2.517753,0.721000
3.000000,40.000000,38.147865,-212.429764,-23.150017,-23.150017,0.000000,0.000000,0.000000,3.776752,2.442845,0.723000
-1.000000,39.000000,9.407656,-129.547211,-18.131880,-18.131880,0.000000,0.000000,0.000000,3.049123,2.405920,0.721000
-1.000000,43.000000,7.394371,30.156254,-13.028595,-13.028595,0.000000,0.000000,0.000000,2.309146,2.286684,0.720000
-6.000000,48.000000,-33.074699,-3.116413,7.689838,7.689838,0.000000,0.000000,0.000000,0.420000,2.213047,0.722000
1.000000,54.000000,10.807711,-72.264717,-1.284440,-1.284440,0.000000,0.000000,0.000000,0.420000,2.303674,0.718000
1.000000,57.000000,5.391649,63.525928,-2.560951,-2.560951,0.000000,0.000000,0.000000,0.420000,2.402119,0.717000
0.000000,60.000000,-4.634734,45.998501,1.091094,1.091094,0.000000,0.000000,0.000000,0.420000,2.409753,0.718000
0.000000,62.000000,-1.579178,-31.503115,1.027204,1.027204,0.000000,0.000000,0.000000,0.420000,2.412437,0.716000
3.000000,51.000000,20.028595,96.531097,-7.579125,-7.579125,0.000000,0.000000,0.000000,0.420000,2.409251,0.715000
-3.000000,53.000000,-23.010006,148.517273,7.522639,7.522639,0.000000,0.000000,0.000000,0.420000,2.300354,0.716000
-3.000000,54.000000,-23.854990,-26.398378,14.634611,14.634611,0.000000,0.000000,0.000000,-1.702019,2.316372,0.714000
3.000000,55.000000,21.091413,3.732442,-1.408506,-1.408506,0.000000,0.000000,0.000000,0.420000,2.283405,0.711000
0.000000,61.000000,5.804445,207.191132,-1.521959,-1.521959,0.000000,0.000000,0.000000,0.420000,1.987418,0.712000
-8.000000,62.000000,-47.145115,286.087036,22.953007,22.953007,0.000000,0.000000,0.000000,-2.908186,1.773872,0.712000
4.000000,68.000000,38.712059,167.829086,-3.285812,-3.285812,0.000000,0.000000,0.000000,0.420000,1.525473,0.711000
10.000000,71.000000,83.581940,2.029245,-39.400806,-39.400806,0.000000,0.000000,0.000000,6.133117,1.260506,0.710000
10.000000,71.000000,84.383461,-116.763077,-60.693871,-60.693871,0.000000,0.000000,0.000000,9.220611,1.134356,0.711000
9.000000,66.000000,70.867096,-103.043320,-66.199211,-66.199211,0.000000,0.000000,0.000000,10.018886,1.243425,0.711000
11.000000,66.000000,69.769821,-31.188503,-68.086685,-68.086685,0.000000,0.000000,0.000000,10.292569,1.641834,0.712000
15.000000,69.000000,77.667274,57.001091,-71.884941,-71.884941,0.000000,0.000000,0.000000,10.843316,2.309988,0.709000
23.000000,70.000000,112.735680,204.077637,-88.431076,-88.431076,0.000000,0.000000,0.000000,13.242506,3.113817,0.711000
19.000000,68.000000,66.093620,168.445480,-76.863213,-76.863213,0.000000,0.000000,0.000000,11.565166,4.079983,0.710000
19.000000,63.000000,54.237850,98.422638,-65.795998,-65.795998,0.000000,0.000000,0.000000,9.960420,5.213553,0.710000
22.000000,64.000000,70.021667,240.403595,-65.533920,-65.533920,0.000000,0.000000,0.000000,9.922419,6.242000,0.711000
24.000000,55.000000,84.033936,151.246017,-72.497711,-72.497711,0.000000,0.000000,0.000000,10.932168,7.195209,0.709000
23.000000,60.000000,85.507355,86.668602,-77.572037,-77.572037,0.000000,0.000000,0.000000,11.667945,7.968756,0.710000
18.000000,58.000000,67.314911,253.964783,-70.670647,-70.670647,0.000000,0.000000,0.000000,10.667244,8.378456,0.711000
14.000000,54.000000,55.247456,208.169540,-61.856686,-61.856686,0.000000,0.000000,0.000000,9.389219,8.556978,0.713000
15.000000,54.000000,75.904083,141.983292,-66.900169,-66.900169,0.000000,0.000000,0.000000,10.120524,8.699020,0.714000
11.000000,50.000000,60.088558,236.577118,-61.705750,-61.705750,0.000000,0.000000,0.000000,9.367333,8.742215,0.716000
7.000000,51.000000,39.179272,264.599182,-49.187439,-49.187439,0.000000,0.000000,0.000000,7.552178,8.634265,0.717000
10.000000,54.000000,62.419605,227.121796,-53.097816,-53.097816,0.000000,0.000000,0.000000,8.119183,8.471986,0.719000
4.000000,48.000000,22.967743,312.416626,-36.727535,-36.727535,0.000000,0.000000,0.000000,5.745492,8.218052,0.721000
8.000000,48.000000,58.965469,347.750061,-43.604858,-43.604858,0.000000,0.000000,0.000000,6.742704,7.692119,0.722000
4.000000,44.000000,35.630135,302.240662,-37.296066,-37.296066,0.000000,0.000000,0.000000,5.827929,7.264287,0.722000
2.000000,50.000000,24.183834,53.840691,-30.910995,-30.910995,0.000000,0.000000,0.000000,4.902094,7.014524,0.724000
0.000000,50.000000,13.967018,67.029495,-22.682940,-22.682940,0.000000,0.000000,0.000000,3.709026,6.685637,0.723000
3.000000,45.000000,42.474453,-9.846531,-31.677740,-31.677740,0.000000,0.000000,0.000000,5.013272,6.273386,0.725000
0.000000,49.000000,26.471153,30.101370,-29.063864,-29.063864,0.000000,0.000000,0.000000,4.634260,5.844590,0.723000
1.000000,51.000000,36.154125,15.155943,-32.118080,-32.118080,0.000000,0.000000,0.000000,5.077122,5.405996,0.725000
0.000000,45.000000,30.845114,45.430115,-31.136375,-31.136375,0.000000,0.000000,0.000000,4.934774,4.906572,0.723000
0.000000,47.000000,30.946568,-9.164915,-31.133448,-31.133448,0.000000,0.000000,0.000000,4.934350,4.470247,0.724000
-3.000000,51.000000,7.441340,-27.843853,-20.722595,-20.722595,0.000000,0.000000,0.000000,3.424776,4.135180,0.724000
-1.000000,53.000000,18.739017,40.751553,-19.463223,-19.463223,0.000000,0.000000,0.000000,3.242167,3.780331,0.722000
1.000000,55.000000,31.686445,131.963318,-23.776001,-23.776001,0.000000,0.000000,0.000000,3.867520,3.381840,0.722000
-1.000000,55.000000,12.045273,113.657600,-17.474255,-17.474255,0.000000,0.000000,0.000000,2.953767,3.038326,0.722000
0.000000,48.000000,17.101042,53.159958,-16.827869,-16.827869,0.000000,0.000000,0.000000,2.860041,2.744255,0.721000
-1.000000,44.000000,12.985253,165.414200,-13.609964,-13.609964,0.000000,0.000000,0.000000,2.393445,2.374360,0.722000
-1.000000,43.000000,12.321903,122.299538,-11.929642,-11.929642,0.000000,0.000000,0.000000,2.149798,2.072859,0.721000
-3.000000,43.000000,-6.259256,0.015253,-3.744500,-3.744500,0.000000,0.000000,0.000000,0.420000,1.885970,0.721000
-2.000000,39.000000,0.003625,87.275520,-1.275627,-1.275627,0.000000,0.000000,0.000000,0.420000,1.613231,0.719000
-1.000000,44.000000,7.166873,87.853981,-3.136002,-3.136002,0.000000,0.000000,0.000000,0.420000,1.318057,0.719000
0.000000,41.000000,13.695368,-11.548127,-7.991650,-7.991650,0.000000,0.000000,0.000000,0.420000,1.134043,0.718000
-1.000000,43.000000,4.263268,-95.406082,-7.172532,-7.172532,0.000000,0.000000,0.000000,0.420000,1.012959,0.717000
0.000000,39.000000,12.920067,-51.727177,-10.224467,-10.224467,0.000000,0.000000,0.000000,1.902548,0.808678,0.716000
-1.000000,47.000000,7.377555,-124.064758,-10.059940,-10.059940,0.000000,0.000000,0.000000,1.878691,0.684927,0.714000
-2.000000,48.000000,0.971489,54.975555,-5.475358,-5.475358,0.000000,0.000000,0.000000,0.420000,0.504969,0.714000
-1.000000,52.000000,4.581040,308.507263,-2.296350,-2.296350,0.000000,0.000000,0.000000,0.420000,0.242929,0.715000
0.000000,52.000000,7.126643,234.956039,-2.355377,-2.355377,0.000000,0.000000,0.000000,0.420000,-0.044111,0.715000
-1.000000,43.000000,0.518234,146.285645,-0.212092,-0.212092,0.000000,0.000000,0.000000,0.420000,-0.257727,0.714000
0.000000,44.000000,8.618098,123.759216,-2.880962,-2.880962,0.000000,0.000000,0.000000,0.420000,-0.482843,0.713000
-1.000000,45.000000,-1.371205,-225.208130,-2.994360,-2.994360,0.000000,0.000000,0.000000,0.420000,-0.434321,0.711000
0.000000,46.000000,4.858594,-73.946434,-4.498783,-4.498783,0.000000,0.000000,0.000000,0.420000,-0.392607,0.713000
0.000000,45.000000,4.779622,106.829010,-3.663699,-3.663699,0.000000,0.000000,0.000000,0.420000,-0.522798,0.714000
0.000000,51.000000,4.507049,57.597191,-3.524832,-3.524832,0.000000,0.000000,0.000000,0.420000,-0.653129,0.714000
0.000000,52.000000,4.137111,-53.496620,-4.281827,-4.281827,0.000000,0.000000,0.000000,0.420000,-0.681084,0.712000
0.000000,54.000000,6.967431,69.176666,-4.867759,-4.867759,0.000000,0.000000,0.000000,0.420000,-0.850000,0.713000
1.000000,51.000000,13.931358,-31.387695,-9.228868,-9.228868,0.000000,0.000000,0.000000,1.758186,-0.916948,0.713000
0.000000,49.000000,3.216344,-143.226883,-7.812274,-7.812274,0.000000,0.000000,0.000000,0.420000,-0.814448,0.715000
0.000000,54.000000,1.118072,-189.300217,-6.503585,-6.503585,0.000000,0.000000,0.000000,0.420000,-0.604337,0.714000
2.000000,47.000000,15.471440,-100.696541,-11.445389,-11.445389,0.000000,0.000000,0.000000,2.079581,-0.488785,0.715000
-1.000000,45.000000,-9.131966,2.037386,-2.167244,-2.167244,0.000000,0.000000,0.000000,0.420000,-0.381583,0.717000
0.000000,43.000000,-4.964781,97.286545,1.917746,1.917746,0.000000,0.000000,0.000000,0.420000,-0.346216,0.717000
0.000000,47.000000,-6.373075,-59.191338,3.389922,3.389922,0.000000,0.000000,0.000000,0.420000,-0.231854,0.716000
-2.000000,42.000000,-19.587357,-130.513031,9.504151,9.504151,0.000000,0.000000,0.000000,-0.958102,-0.057633,0.715000
0.000000,48.000000,-4.627975,-148.493286,5.973433,5.973433,0.000000,0.000000,0.000000,0.420000,0.166370,0.718000
1.000000,50.000000,3.688833,-124.785942,0.502340,0.502340,0.000000,0.000000,0.000000,0.420000,0.316564,0.717000
0.000000,54.000000,3.216573,86.159103,-0.395739,-0.395739,0.000000,0.000000,0.000000,0.420000,0.186532,0.717000
0.000000,53.000000,7.432520,112.842110,-2.546711,-2.546711,0.000000,0.000000,0.000000,0.420000,-0.088058,0.714000
-1.000000,52.000000,2.982655,85.474426,-1.973616,-1.973616,0.000000,0.000000,0.000000,0.420000,-0.349086,0.714000
0.000000,53.000000,7.615529,-142.007004,-5.790540,-5.790540,0.000000,0.000000,0.000000,0.420000,-0.290012,0.715000
-1.000000,41.000000,-3.041208,-26.588440,-2.055549,-2.055549,0.000000,0.000000,0.000000,0.420000,-0.227568,0.718000
-2.000000,46.000000,-12.134769,-23.933315,4.114695,4.114695,0.000000,0.000000,0.000000,0.420000,-0.231657,0.717000
0.000000,44.000000,1.404955,-137.250214,0.395600,0.395600,0.000000,0.000000,0.000000,0.420000,-0.208605,0.717000
-6.000000,49.000000,-42.727013,-129.668961,18.277718,18.277718,0.000000,0.000000,0.000000,-2.230269,-0.057691,0.716000
-3.000000,45.000000,-20.697826,144.708099,20.669140,20.669140,0.000000,0.000000,0.000000,-2.577025,-0.116022,0.713000
-1.000000,52.000000,-6.163228,128.633743,15.299183,15.299183,0.000000,0.000000,0.000000,-1.798381,-0.260139,0.715000
-1.000000,49.000000,-1.807238,-4.856072,9.184103,9.184103,0.000000,0.000000,0.000000,-0.911695,-0.435510,0.714000
0.000000,58.000000,10.448379,-74.182915,-0.318159,-0.318159,0.000000,0.000000,0.000000,0.420000,-0.585886,0.715000
-7.000000,56.000000,-38.933559,-76.618927,16.655542,16.655542,0.000000,0.000000,0.000000,-1.995054,-0.647725,0.715000
-7.000000,54.000000,-40.084827,122.268356,28.299137,28.299137,0.000000,0.000000,0.000000,-3.683375,-0.779525,0.714000
-1.000000,52.000000,-0.713704,278.742035,18.394371,18.394371,0.000000,0.000000,0.000000,-2.247184,-0.930562,0.712000
0.000000,47.000000,4.633539,246.611938,10.251320,10.251320,0.000000,0.000000,0.000000,-1.066441,-1.123803,0.711000
0.000000,43.000000,4.434643,55.495384,4.142095,4.142095,0.000000,0.000000,0.000000,0.420000,-1.260414,0.711000
-3.000000,40.000000,-14.327492,-142.489197,7.443121,7.443121,0.000000,0.000000,0.000000,0.420000,-1.302352,0.711000
-2.000000,50.000000,-7.488678,-187.187485,5.778934,5.778934,0.000000,0.000000,0.000000,0.420000,-1.210375,0.711000
-1.000000,50.000000,-3.807126,-7.566718,4.823521,4.823521,0.000000,0.000000,0.000000,0.420000,-1.148507,0.712000
0.000000,52.000000,-3.429609,65.135933,4.782484,4.782484,0.000000,0.000000,0.000000,0.420000,-1.068686,0.710000
0.000000,56.000000,-9.026307,-84.633125,5.930506,5.930506,0.000000,0.000000,0.000000,0.420000,-0.878806,0.710000
0.000000,57.000000,-9.213601,-27.697140,7.158625,7.158625,0.000000,0.000000,0.000000,0.420000,-0.705561,0.712000
0.000000,63.000000,-9.520754,115.791504,9.263706,9.263706,0.000000,0.000000,0.000000,-0.923237,-0.621167,0.711000
1.000000,64.000000,-4.017170,256.304138,9.209502,9.209502,0.000000,0.000000,0.000000,-0.915378,-0.514847,0.713000
0.000000,60.000000,-8.350720,222.673721,10.827114,10.827114,0.000000,0.000000,0.000000,-1.149932,-0.644286,0.713000
0.000000,47.000000,-3.838167,145.719482,8.993563,8.993563,0.000000,0.000000,0.000000,-0.884067,-0.818157,0.713000
2.000000,51.000000,13.614864,37.654854,-0.841335,-0.841335,0.000000,0.000000,0.000000,0.420000,-0.921544,0.714000
0.000000,46.000000,1.460955,-53.413567,-1.600886,-1.600886,0.000000,0.000000,0.000000,0.420000,-0.962378,0.712000
0.000000,50.000000,3.907938,194.194748,-0.891307,-0.891307,0.000000,0.000000,0.000000,0.420000,-1.084440,0.714000
-5.000000,47.000000,-32.188511,271.597809,16.438992,16.438992,0.000000,0.000000,0.000000,-1.963654,-1.328473,0.717000
-1.000000,54.000000,-6.268396,33.441338,12.163197,12.163197,0.000000,0.000000,0.000000,-1.343663,-1.410253,0.717000
0.000000,53.000000,0.020802,-18.992807,6.509462,6.509462,0.000000,0.000000,0.000000,0.420000,-1.407450,0.718000
0.000000,56.000000,0.183227,-110.398048,2.504169,2.504169,0.000000,0.000000,0.000000,0.420000,-1.320421,0.716000
0.000000,56.000000,-1.535196,-97.629738,1.189464,1.189464,0.000000,0.000000,0.000000,0.420000,-1.143212,0.719000
-2.000000,61.000000,-18.292683,-81.547829,8.151981,8.151981,0.000000,0.000000,0.000000,-0.762037,-1.016103,0.720000
-1.000000,57.000000,-15.528404,-224.389023,9.451870,9.451870,0.000000,0.000000,0.000000,-0.950521,-0.690280,0.724000
0.000000,59.000000,-12.640749,-9.775982,10.798882,10.798882,0.000000,0.000000,0.000000,-1.145838,-0.426876,0.723000
0.000000,51.000000,-11.853999,179.510681,12.889281,12.889281,0.000000,0.000000,0.000000,-1.448946,-0.413368,0.723000
0.000000,53.000000,-6.825434,145.309692,11.468337,11.468337,0.000000,0.000000,0.000000,-1.242909,-0.603518,0.721000
-1.000000,50.000000,-10.789701,-69.002342,10.541929,10.541929,0.000000,0.000000,0.000000,-1.108580,-0.554954,0.723000
-2.000000,49.000000,-15.536965,-91.021408,11.970503,11.970503,0.000000,0.000000,0.000000,-1.315723,-0.515368,0.725000
-3.000000,53.000000,-19.472773,-85.022896,14.581318,14.581318,0.000000,0.000000,0.000000,-1.694291,-0.491378,0.724000
-3.000000,56.000000,-16.710651,-10.310950,15.446719,15.446719,0.000000,0.000000,0.000000,-1.819774,-0.569247,0.724000
-3.000000,55.000000,-14.557343,32.439217,15.338452,15.338452,0.000000,0.000000,0.000000,-1.804076,-0.711465,0.724000
-1.000000,59.000000,-0.263961,135.316681,9.772782,9.772782,0.000000,0.000000,0.000000,-0.997053,-0.902369,0.723000
-3.000000,59.000000,-13.704020,72.515388,12.194477,12.194477,0.000000,0.000000,0.000000,-1.348199,-1.137439,0.725000
-9.000000,58.000000,-55.551182,-16.766428,31.554096,31.554096,0.000000,0.000000,0.000000,-4.155344,-1.270106,0.727000
-2.000000,56.000000,-4.041265,-9.616812,19.086769,19.086769,0.000000,0.000000,0.000000,-2.347581,-1.395659,0.727000
-1.000000,52.000000,2.803594,53.457848,9.717226,9.717226,0.000000,0.000000,0.000000,-0.988998,-1.562127,0.728000
-2.000000,47.000000,0.800173,109.475487,5.969676,5.969676,0.000000,0.000000,0.000000,0.420000,-1.942214,0.728000
-4.000000,52.000000,-9.586979,91.233345,8.418562,8.418562,0.000000,0.000000,0.000000,-0.800691,-2.312909,0.727000
-6.000000,52.000000,-26.578045,-100.342033,15.687252,15.687252,0.000000,0.000000,0.000000,-1.854652,-2.425882,0.725000
0.000000,49.000000,8.224674,-36.757336,4.596069,4.596069,0.000000,0.000000,0.000000,0.420000,-2.353745,0.729000
0.000000,51.000000,1.463252,34.668617,2.181392,2.181392,0.000000,0.000000,0.000000,0.420000,-2.344638,0.729000
-1.000000,48.000000,-7.050775,20.346960,4.555737,4.555737,0.000000,0.000000,0.000000,0.420000,-2.380084,0.728000
0.000000,52.000000,-5.892465,-129.336548,3.993236,3.993236,0.000000,0.000000,0.000000,0.420000,-2.137862,0.726000
0.000000,60.000000,-13.852119,-250.084045,6.178977,6.178977,0.000000,0.000000,0.000000,0.420000,-1.823138,0.727000
0.000000,54.000000,-16.931559,61.070168,11.567270,11.567270,0.000000,0.000000,0.000000,-1.257254,-1.556602,0.728000
4.000000,52.000000,13.992750,297.983856,2.747116,2.747116,0.000000,0.000000,0.000000,0.420000,-1.602610,0.726000
6.000000,46.000000,32.433212,17.224176,-12.929014,-12.929014,0.000000,0.000000,0.000000,2.294707,-1.550275,0.729000
2.000000,51.000000,5.078129,-47.234985,-9.821231,-9.821231,0.000000,0.000000,0.000000,1.844078,-1.413087,0.730000
4.000000,47.000000,18.322927,-111.445236,-14.650002,-14.650002,0.000000,0.000000,0.000000,2.544250,-1.143810,0.730000
0.000000,47.000000,-10.186967,-208.763718,-5.352240,-5.352240,0.000000,0.000000,0.000000,0.420000,-0.813322,0.729000
-1.000000,50.000000,-16.534025,-104.398338,3.556994,3.556994,0.000000,0.000000,0.000000,0.420000,-0.517977,0.731000
3.000000,50.000000,9.064786,13.863452,-1.998035,-1.998035,0.000000,0.000000,0.000000,0.420000,-0.246407,0.733000
1.000000,47.000000,-2.962820,148.392029,1.569878,1.569878,0.000000,0.000000,0.000000,0.420000,-0.264204,0.729000
0.000000,53.000000,-3.966661,78.021652,3.350625,3.350625,0.000000,0.000000,0.000000,0.420000,-0.385009,0.731000
0.000000,52.000000,1.794406,54.864098,1.529138,1.529138,0.000000,0.000000,0.000000,0.420000,-0.547010,0.731000
-1.000000,54.000000,-4.532260,-41.014206,2.511415,2.511415,0.000000,0.000000,0.000000,0.420000,-0.581979,0.730000
-2.000000,56.000000,-9.174767,18.041344,5.672296,5.672296,0.000000,0.000000,0.000000,0.420000,-0.686594,0.732000
-1.000000,57.000000,-1.735576,8.240539,3.974936,3.974936,0.000000,0.000000,0.000000,0.420000,-0.760207,0.733000
0.000000,45.000000,5.364587,74.795280,0.445308,0.445308,0.000000,0.000000,0.000000,0.420000,-0.899828,0.732000
-1.000000,48.000000,-1.780328,-65.181259,0.459436,0.459436,0.000000,0.000000,0.000000,0.420000,-0.965901,0.733000
-1.000000,50.000000,-0.005030,15.098419,0.390839,0.390839,0.000000,0.000000,0.000000,0.420000,-1.052345,0.737000
-2.000000,49.000000,-7.269012,-34.092945,3.179180,3.179180,0.000000,0.000000,0.000000,0.420000,-1.127368,0.735000
-1.000000,46.000000,0.407227,-28.371098,1.309957,1.309957,0.000000,0.000000,0.000000,0.420000,-1.217457,0.734000
-2.000000,51.000000,-7.015317,-97.447266,3.000343,3.000343,0.000000,0.000000,0.000000,0.420000,-1.222648,0.734000
0.000000,57.000000,5.555547,112.039597,0.158549,0.158549,0.000000,0.000000,0.000000,0.420000,-1.286416,0.734000
0.000000,54.000000,0.233523,63.395226,0.552674,0.552674,0.000000,0.000000,0.000000,0.420000,-1.309686,0.732000
0.000000,51.000000,-2.226393,58.031822,1.828134,1.828134,0.000000,0.000000,0.000000,0.420000,-1.304476,0.733000
1.000000,56.000000,1.435783,-92.060059,-0.469169,-0.469169,0.000000,0.000000,0.000000,0.420000,-1.133655,0.734000
2.000000,56.000000,4.388924,-190.140503,-3.944323,-3.944323,0.000000,0.000000,0.000000,0.420000,-0.852598,0.735000
1.000000,42.000000,-3.437456,-114.526421,-1.653260,-1.653260,0.000000,0.000000,0.000000,0.420000,-0.570658,0.734000
1.000000,54.000000,0.825926,44.235924,-0.882836,-0.882836,0.000000,0.000000,0.000000,0.420000,-0.519045,0.735000
0.000000,53.000000,-0.486767,248.754105,1.972272,1.972272,0.000000,0.000000,0.000000,0.420000,-0.675000,0.735000
0.000000,51.000000,0.822050,271.634705,3.159539,3.159539,0.000000,0.000000,0.000000,0.420000,-0.960386,0.732000
0.000000,55.000000,0.528931,64.149025,2.077069,2.077069,0.000000,0.000000,0.000000,0.420000,-1.066738,0.733000
-1.000000,52.000000,-8.900736,-100.556114,4.242714,4.242714,0.000000,0.000000,0.000000,0.420000,-0.977797,0.734000
-1.000000,59.000000,-8.286461,-98.962135,5.171741,5.171741,0.000000,0.000000,0.000000,0.420000,-0.851923,0.734000
-1.000000,58.000000,-8.271576,-64.015373,5.990529,5.990529,0.000000,0.000000,0.000000,0.420000,-0.755211,0.734000
-2.000000,61.000000,-15.871109,-66.001823,9.842773,9.842773,0.000000,0.000000,0.000000,-1.007202,-0.703504,0.734000
-2.000000,58.000000,-12.526933,-110.899048,10.052554,10.052554,0.000000,0.000000,0.000000,-1.037620,-0.718420,0.735000
-1.000000,55.000000,-1.346001,-100.829941,5.227136,5.227136,0.000000,0.000000,0.000000,0.420000,-0.722318,0.735000
0.000000,54.000000,11.001609,12.046751,-1.967378,-1.967378,0.000000,0.000000,0.000000,0.420000,-0.914094,0.734000
-3.000000,57.000000,-10.633052,-44.927105,3.298471,3.298471,0.000000,0.000000,0.000000,0.420000,-1.021312,0.733000
-4.000000,55.000000,-18.168758,18.997194,10.161074,10.161074,0.000000,0.000000,0.000000,-1.053356,-1.181388,0.736000
-4.000000,57.000000,-20.312740,-251.351608,12.467159,12.467159,0.000000,0.000000,0.000000,-1.387738,-1.192784,0.734000
-1.000000,53.000000,-3.728226,-298.345459,5.849530,5.849530,0.000000,0.000000,0.000000,0.420000,-1.176232,0.735000
0.000000,61.000000,1.834777,-78.845947,1.681978,1.681978,0.000000,0.000000,0.000000,0.420000,-1.118872,0.735000
0.000000,58.000000,1.704086,96.733536,1.028851,1.028851,0.000000,0.000000,0.000000,0.420000,-1.171197,0.735000
-1.000000,64.000000,-7.309373,41.937096,4.232520,4.232520,0.000000,0.000000,0.000000,0.420000,-1.231292,0.737000
-1.000000,62.000000,-10.331156,-2.490793,6.954489,6.954489,0.000000,0.000000,0.000000,0.420000,-1.154186,0.737000
0.000000,62.000000,-5.843131,-97.148506,5.580042,5.580042,0.000000,0.000000,0.000000,0.420000,-1.016425,0.737000
0.000000,63.000000,-8.101007,-252.772583,4.439523,4.439523,0.000000,0.000000,0.000000,0.420000,-0.779414,0.736000
-1.000000,60.000000,-10.944038,-93.915794,6.521313,6.521313,0.000000,0.000000,0.000000,0.420000,-0.662505,0.738000
0.000000,63.000000,-2.494209,-52.917694,4.232857,4.232857,0.000000,0.000000,0.000000,0.420000,-0.565395,0.735000
0.000000,62.000000,-1.432901,74.307060,3.641640,3.641640,0.000000,0.000000,0.000000,0.420000,-0.599028,0.737000
0.000000,63.000000,1.383034,52.612404,1.854048,1.854048,0.000000,0.000000,0.000000,0.420000,-0.708751,0.736000
0.000000,63.000000,5.114054,190.941971,0.436880,0.436880,0.000000,0.000000,0.000000,0.420000,-0.967659,0.737000
-1.000000,68.000000,-3.040537,93.788208,2.452620,2.452620,0.000000,0.000000,0.000000,0.420000,-1.160700,0.739000
0.000000,66.000000,1.470792,-9.597695,0.600705,0.600705,0.000000,0.000000,0.000000,0.420000,-1.182603,0.737000
0.000000,71.000000,-1.381801,-144.312607,-0.346615,-0.346615,0.000000,0.000000,0.000000,0.420000,-1.029091,0.736000
0.000000,68.000000,-3.663346,-85.831055,0.685388,0.685388,0.000000,0.000000,0.000000,0.420000,-0.827719,0.738000
1.000000,66.000000,2.722393,-187.465240,-2.535301,-2.535301,0.000000,0.000000,0.000000,0.420000,-0.604942,0.737000
0.000000,67.000000,-1.982019,-68.293282,-1.117146,-1.117146,0.000000,0.000000,0.000000,0.420000,-0.498275,0.735000
-2.000000,72.000000,-13.642841,118.860977,6.594597,6.594597,0.000000,0.000000,0.000000,0.420000,-0.600207,0.738000
-1.000000,62.000000,-6.190684,104.463181,7.353005,7.353005,0.000000,0.000000,0.000000,0.420000,-0.724600,0.737000
0.000000,65.000000,3.125905,68.142845,3.250782,3.250782,0.000000,0.000000,0.000000,0.420000,-0.862532,0.738000
-2.000000,65.000000,-13.091557,-86.525681,6.900399,6.900399,0.000000,0.000000,0.000000,0.420000,-0.815327,0.737000
-1.000000,62.000000,-7.902047,-170.089874,5.820332,5.820332,0.000000,0.000000,0.000000,0.420000,-0.626631,0.737000
-1.000000,64.000000,-8.083817,-55.585388,6.338632,6.338632,0.000000,0.000000,0.000000,0.420000,-0.514331,0.738000
-1.000000,65.000000,-6.509050,51.371159,6.877660,6.877660,0.000000,0.000000,0.000000,0.420000,-0.578816,0.736000
-3.000000,62.000000,-21.589739,-92.189896,12.668386,12.668386,0.000000,0.000000,0.000000,-1.416916,-0.543731,0.735000
0.000000,70.000000,-1.957713,-128.438400,6.692638,6.692638,0.000000,0.000000,0.000000,0.420000,-0.362793,0.738000
0.000000,70.000000,-4.175640,-102.044609,4.641587,4.641587,0.000000,0.000000,0.000000,0.420000,-0.210611,0.739000
0.000000,74.000000,-3.635114,-57.543648,3.670782,3.670782,0.000000,0.000000,0.000000,0.420000,-0.165896,0.736000
0.000000,74.000000,0.077624,-38.857334,1.634283,1.634283,0.000000,0.000000,0.000000,0.420000,-0.190027,0.735000
-1.000000,66.000000,-7.225581,-164.553436,2.669386,2.669386,0.000000,0.000000,0.000000,0.420000,-0.048261,0.736000
-1.000000,64.000000,-7.750400,-49.700874,4.508534,4.508534,0.000000,0.000000,0.000000,0.420000,0.098787,0.733000
-1.000000,61.000000,-7.997074,-74.347549,5.409249,5.409249,0.000000,0.000000,0.000000,0.420000,0.139467,0.735000
-1.000000,65.000000,-2.850098,34.885197,4.571598,4.571598,0.000000,0.000000,0.000000,0.420000,0.020214,0.736000
-2.000000,65.000000,-7.027909,48.569866,6.114067,6.114067,0.000000,0.000000,0.000000,0.420000,-0.143158,0.733000
0.000000,67.000000,8.229408,-12.160639,-0.449943,-0.449943,0.000000,0.000000,0.000000,0.420000,-0.273468,0.733000
0.000000,62.000000,8.508120,-2.889866,-4.102131,-4.102131,0.000000,0.000000,0.000000,0.420000,-0.381813,0.733000
0.000000,66.000000,6.292510,-109.334831,-6.071815,-6.071815,0.000000,0.000000,0.000000,0.420000,-0.447661,0.734000
-5.000000,72.000000,-28.710356,-56.779812,9.069144,9.069144,0.000000,0.000000,0.000000,-0.895026,-0.549185,0.736000
-5.000000,71.000000,-29.297007,-108.674110,17.193615,17.193615,0.000000,0.000000,0.000000,-2.073074,-0.569059,0.732000
-1.000000,75.000000,-0.697711,-155.883942,8.367503,8.367503,0.000000,0.000000,0.000000,-0.793288,-0.528006,0.733000
-1.000000,62.000000,1.166808,-49.894478,3.628013,3.628013,0.000000,0.000000,0.000000,0.420000,-0.590135,0.736000
-2.000000,61.000000,0.174322,3.439760,1.947920,1.947920,0.000000,0.000000,0.000000,0.420000,-0.861414,0.734000
-1.000000,64.000000,9.029019,-156.403610,-4.399335,-4.399335,0.000000,0.000000,0.000000,0.420000,-1.002198,0.732000
0.000000,68.000000,15.843134,-128.738037,-10.707687,-10.707687,0.000000,0.000000,0.000000,1.972615,-1.011948,0.733000
-2.000000,67.000000,-3.159520,34.561287,-4.156393,-4.156393,0.000000,0.000000,0.000000,0.420000,-1.121420,0.734000
0.000000,65.000000,7.767246,37.194454,-5.446526,-5.446526,0.000000,0.000000,0.000000,0.420000,-1.180645,0.732000
1.000000,66.000000,9.075706,189.092010,-5.377829,-5.377829,0.000000,0.000000,0.000000,0.420000,-1.282719,0.734000
0.000000,69.000000,-3.149805,13.676409,-1.417306,-1.417306,0.000000,0.000000,0.000000,0.420000,-1.200042,0.735000
2.000000,69.000000,5.960709,-101.577454,-4.376034,-4.376034,0.000000,0.000000,0.000000,0.420000,-0.961156,0.736000
4.000000,73.000000,17.850422,-56.972782,-10.952265,-10.952265,0.000000,0.000000,0.000000,2.008078,-0.672908,0.735000
2.000000,69.000000,1.825658,-19.336058,-7.019316,-7.019316,0.000000,0.000000,0.000000,0.420000,-0.505636,0.734000
1.000000,67.000000,-4.654326,-121.575729,-2.860359,-2.860359,0.000000,0.000000,0.000000,0.420000,-0.245124,0.735000
2.000000,62.000000,3.106743,-89.949081,-3.780773,-3.780773,0.000000,0.000000,0.000000,0.420000,-0.008797,0.735000
1.000000,63.000000,-5.048201,-135.391205,-1.026255,-1.026255,0.000000,0.000000,0.000000,0.420000,0.261821,0.734000
0.000000,64.000000,-8.824735,-96.551437,2.537727,2.537727,0.000000,0.000000,0.000000,0.420000,0.415662,0.735000
0.000000,61.000000,-2.398181,61.418274,3.027696,3.027696,0.000000,0.000000,0.000000,0.420000,0.363459,0.734000
0.000000,61.000000,3.062235,194.105362,2.034175,2.034175,0.000000,0.000000,0.000000,0.420000,0.104080,0.734000
0.000000,62.000000,3.775268,186.056519,1.094435,1.094435,0.000000,0.000000,0.000000,0.420000,-0.103174,0.733000
1.000000,67.000000,11.703068,59.475407,-4.129162,-4.129162,0.000000,0.000000,0.000000,0.420000,-0.249075,0.732000
0.000000,74.000000,4.576565,10.926014,-4.232159,-4.232159,0.000000,0.000000,0.000000,0.420000,-0.338241,0.735000
0.000000,76.000000,3.243258,-112.569931,-4.800283,-4.800283,0.000000,0.000000,0.000000,0.420000,-0.359941,0.735000
0.000000,72.000000,3.312853,-78.277130,-4.835433,-4.835433,0.000000,0.000000,0.000000,0.420000,-0.361788,0.733000
0.000000,77.000000,2.677656,-1.754826,-3.880227,-3.880227,0.000000,0.000000,0.000000,0.420000,-0.360119,0.736000
0.000000,63.000000,2.158421,103.975456,-2.169635,-2.169635,0.000000,0.000000,0.000000,0.420000,-0.423403,0.734000
0.000000,65.000000,2.491857,396.424133,1.253182,1.253182,0.000000,0.000000,0.000000,0.420000,-0.692797,0.733000
0.000000,63.000000,5.154311,238.874435,0.519680,0.519680,0.000000,0.000000,0.000000,0.420000,-1.094923,0.736000
0.000000,65.000000,1.127578,-95.996735,-1.085557,-1.085557,0.000000,0.000000,0.000000,0.420000,-1.042877,0.733000
1.000000,70.000000,3.123515,130.824677,-0.825216,-0.825216,0.000000,0.000000,0.000000,0.420000,-0.951594,0.732000
1.000000,68.000000,-0.608510,59.903690,0.359094,0.359094,0.000000,0.000000,0.000000,0.420000,-0.873079,0.732000
2.000000,73.000000,2.362728,-135.085892,-2.081499,-2.081499,0.000000,0.000000,0.000000,0.420000,-0.632343,0.733000
3.000000,71.000000,6.156963,8.823578,-3.836046,-3.836046,0.000000,0.000000,0.000000,0.420000,-0.331357,0.733000
3.000000,78.000000,4.010525,143.291168,-2.624941,-2.624941,0.000000,0.000000,0.000000,0.420000,-0.145049,0.733000
-1.000000,77.000000,-21.567440,10.858313,8.359355,8.359355,0.000000,0.000000,0.000000,-0.792107,-0.069248,0.732000
-1.000000,71.000000,-17.068037,154.307816,13.667032,13.667032,0.000000,0.000000,0.000000,-1.561720,-0.035445,0.730000
-1.000000,69.000000,-11.592728,235.645676,14.854406,14.854406,0.000000,0.000000,0.000000,-1.733889,-0.093713,0.731000
1.000000,71.000000,6.017040,7.401421,5.528869,5.528869,0.000000,0.000000,0.000000,0.420000,-0.162199,0.732000
0.000000,73.000000,2.491382,82.645554,2.663566,2.663566,0.000000,0.000000,0.000000,0.420000,-0.287086,0.732000
0.000000,71.000000,8.033434,173.940887,-0.584616,-0.584616,0.000000,0.000000,0.000000,0.420000,-0.540951,0.731000
0.000000,77.000000,7.396200,-48.236813,-4.083960,-4.083960,0.000000,0.000000,0.000000,0.420000,-0.646262,0.732000
2.000000,75.000000,17.577049,5.173378,-10.109289,-10.109289,0.000000,0.000000,0.000000,1.885847,-0.619809,0.729000
5.000000,73.000000,34.211971,66.613075,-20.355978,-20.355978,0.000000,0.000000,0.000000,3.371617,-0.578322,0.731000
1.000000,75.000000,1.884882,-81.647522,-12.778812,-12.778812,0.000000,0.000000,0.000000,2.272928,-0.459409,0.729000
2.000000,79.000000,3.229724,-95.083626,-9.337476,-9.337476,0.000000,0.000000,0.000000,1.773934,-0.161716,0.730000
3.000000,80.000000,7.852397,74.786095,-7.996116,-7.996116,0.000000,0.000000,0.000000,0.420000,0.028650,0.730000
2.000000,82.000000,-2.071165,84.129539,-2.708674,-2.708674,0.000000,0.000000,0.000000,0.420000,0.260215,0.729000
4.000000,78.000000,11.613354,-35.889618,-7.038786,-7.038786,0.000000,0.000000,0.000000,0.420000,0.479730,0.727000
4.000000,78.000000,14.134879,215.685410,-8.290859,-8.290859,0.000000,0.000000,0.000000,1.622175,0.559869,0.729000
2.000000,76.000000,6.054719,309.869476,-4.495771,-4.495771,0.000000,0.000000,0.000000,0.420000,0.377556,0.729000
3.000000,82.000000,16.756035,103.920624,-9.077604,-9.077604,0.000000,0.000000,0.000000,1.736253,0.265941,0.728000
4.000000,79.000000,19.566900,159.867035,-12.358984,-12.358984,0.000000,0.000000,0.000000,2.212053,0.263784,0.729000
5.000000,83.000000,26.289181,133.516983,-17.425919,-17.425919,0.000000,0.000000,0.000000,2.946758,0.242372,0.729000
3.000000,82.000000,11.288656,97.678940,-13.785040,-13.785040,0.000000,0.000000,0.000000,2.418831,0.322940,0.729000
4.000000,86.000000,14.204158,183.592636,-12.321309,-12.321309,0.000000,0.000000,0.000000,2.206590,0.506956,0.728000
6.000000,87.000000,22.403400,46.234646,-16.442139,-16.442139,0.000000,0.000000,0.000000,2.804110,0.875816,0.728000
5.000000,91.000000,11.964252,149.675385,-13.080011,-13.080011,0.000000,0.000000,0.000000,2.316602,1.134721,0.728000
3.000000,96.000000,-2.877832,63.184231,-5.330324,-5.330324,0.000000,0.000000,0.000000,0.420000,1.363545,0.726000
4.000000,85.000000,5.587103,-42.424698,-5.827697,-5.827697,0.000000,0.000000,0.000000,0.420000,1.663382,0.726000
5.000000,87.000000,17.858612,0.849546,-11.233963,-11.233963,0.000000,0.000000,0.000000,2.048925,1.826998,0.726000
2.000000,83.000000,5.488441,173.997101,-7.082504,-7.082504,0.000000,0.000000,0.000000,0.420000,1.737544,0.724000
1.000000,88.000000,4.731565,11.211201,-5.923681,-5.923681,0.000000,0.000000,0.000000,0.420000,1.654485,0.724000
0.000000,92.000000,-1.471512,-172.818680,-4.151212,-4.151212,0.000000,0.000000,0.000000,0.420000,1.758474,0.723000
-1.000000,92.000000,-4.762944,-66.520264,-0.738524,-0.738524,0.000000,0.000000,0.000000,0.420000,1.784555,0.723000
0.000000,91.000000,5.404018,96.739555,-1.967341,-1.967341,0.000000,0.000000,0.000000,0.420000,1.649173,0.723000
0.000000,87.000000,3.816550,175.186005,-1.222811,-1.222811,0.000000,0.000000,0.000000,0.420000,1.542452,0.725000
-1.000000,92.000000,-5.309712,199.215775,3.509766,3.509766,0.000000,0.000000,0.000000,0.420000,1.309364,0.724000
-2.000000,93.000000,-11.217903,-61.578575,6.424220,6.424220,0.000000,0.000000,0.000000,0.420000,1.183254,0.722000
-1.000000,93.000000,-4.610453,-81.631004,4.873346,4.873346,0.000000,0.000000,0.000000,0.420000,1.234170,0.723000
-1.000000,95.000000,-4.104523,34.328705,4.836333,4.836333,0.000000,0.000000,0.000000,0.420000,1.191225,0.723000
0.000000,89.000000,0.032964,63.951550,3.220714,3.220714,0.000000,0.000000,0.000000,0.420000,1.190552,0.722000
-2.000000,88.000000,-10.977249,242.875076,8.897030,8.897030,0.000000,0.000000,0.000000,-0.870069,0.931640,0.722000
-3.000000,86.000000,-14.394987,52.363304,11.842381,11.842381,0.000000,0.000000,0.000000,-1.297145,0.755238,0.723000
-2.000000,90.000000,-6.152615,134.789001,10.495087,10.495087,0.000000,0.000000,0.000000,-1.101788,0.503576,0.721000
-1.000000,88.000000,1.846669,198.236115,6.725421,6.725421,0.000000,0.000000,0.000000,0.420000,0.212871,0.721000
-3.000000,89.000000,-10.483513,323.959473,11.332197,11.332197,0.000000,0.000000,0.000000,-1.223169,-0.205273,0.719000
-6.000000,88.000000,-31.974712,262.730469,22.985903,22.985903,-3.116597,-0.004617,-0.100000,-2.702414,-0.584797,0.718000
-3.000000,91.000000,-12.471871,-114.079010,17.227879,17.227879,-3.203264,-0.006100,-6.500000,-2.867364,-0.703125,0.719000
-2.000000,95.000000,-7.157392,-151.925537,11.328830,11.328830,-2.663392,-0.010046,-8.400001,-2.354238,-0.661089,0.719000
0.000000,89.000000,5.407291,-173.252823,2.238300,2.238300,-1.638671,-0.012474,-9.900001,-1.349944,-0.549019,0.717000
-2.000000,88.000000,-11.818405,-156.845108,5.137742,5.137742,-2.030095,-0.015481,-9.900001,-1.744377,-0.366298,0.718000
0.000000,80.000000,4.031969,69.572105,1.637521,1.637521,-1.557565,-0.017789,-9.900001,-1.274154,-0.439517,0.718000
-2.000000,81.000000,-5.193095,311.054810,6.037023,6.037023,-2.151498,-0.020976,-9.900001,-1.871274,-0.706108,0.718000
-4.000000,71.000000,-20.436867,70.549294,13.151896,13.151896,-3.112006,-0.025586,-9.900001,-2.836392,-0.847541,0.719000
-1.000000,72.000000,-1.134867,123.852608,8.858906,8.858906,-2.532453,-0.029338,-9.900001,-2.260591,-1.024584,0.716000
-2.000000,74.000000,-6.995032,22.095503,8.219022,8.219022,-2.905068,-0.031870,-13.300001,-2.676538,-1.215038,0.718000
-2.000000,70.000000,-3.752630,20.604107,6.394582,6.394582,-2.658769,-0.035809,-13.300001,-2.434178,-1.420606,0.716000
-3.000000,74.000000,-7.893437,28.127472,7.322214,7.322214,-3.310499,-0.038324,-17.200001,-3.135223,-1.647361,0.716000
-2.000000,66.000000,-0.113825,-148.833969,2.738934,2.738934,-2.921256,-0.042652,-18.900000,-2.770708,-1.760836,0.718000
-2.000000,72.000000,0.172732,11.815565,1.535024,1.535024,-3.690229,-0.044236,-25.800001,-3.624065,-1.897035,0.717000
-3.000000,77.000000,-10.802537,101.602570,6.619828,6.619828,-4.673677,-0.050531,-28.000000,-4.640208,-2.106734,0.718000
-3.000000,74.000000,-13.127761,155.092133,10.944227,10.944227,-5.675971,-0.055956,-31.100002,-5.685127,-2.342745,0.718000
-2.000000,68.000000,-4.353409,59.897247,8.517434,8.517434,-5.645354,-0.063559,-33.299999,-5.688513,-2.564491,0.719000
-3.000000,64.000000,-8.163416,3.037434,8.385464,8.385464,-5.627538,-0.071896,-33.299999,-5.679034,-2.790354,0.717000
-10.000000,64.000000,-55.635281,-76.304932,28.961138,28.961138,-8.405254,-0.084348,-33.299999,-8.469203,-2.917998,0.718000
-2.000000,65.000000,2.913394,-143.681076,13.324469,13.324469,-6.658804,-0.091656,-36.000000,-6.762460,-3.095511,0.716000
-7.000000,63.000000,-28.410381,-292.829407,17.477665,17.477665,-7.219485,-0.102351,-36.000000,-7.333837,-3.185395,0.717000
-6.000000,64.000000,-14.259936,-209.675446,14.142609,14.142609,-6.998753,-0.112720,-37.700001,-7.143872,-3.461778,0.718000
-6.000000,68.000000,-8.225034,-193.871628,9.734856,9.734856,-6.403706,-0.122207,-37.700001,-6.558313,-3.954342,0.718000
-6.000000,69.000000,-3.808918,-121.174866,5.977611,5.977611,-6.125978,-0.131282,-39.400002,-6.310061,-4.386064,0.717000
-6.000000,68.000000,-3.541666,369.727417,8.208982,8.208982,-6.427213,-0.140804,-39.400002,-6.620817,-4.990519,0.717000
-5.000000,68.000000,-0.729243,364.737427,8.125736,8.125736,-6.456475,-0.150369,-39.700001,-6.663244,-5.714020,0.717000
-5.000000,68.000000,-11.249224,-121.047203,8.441881,8.441881,-6.499155,-0.159998,-39.700001,-6.715552,-5.958356,0.718000
-1.000000,66.000000,8.511820,-69.404999,0.188071,0.188071,-5.411890,-0.168015,-39.900002,-5.638705,-5.978864,0.719000
-1.000000,62.000000,2.856665,28.100258,-0.929157,-0.929157,-5.261064,-0.175809,-39.900002,-5.495673,-6.065364,0.719000
-1.000000,60.000000,-1.204797,-130.702728,-1.145202,-1.145202,-5.231898,-0.183560,-39.900002,-5.474258,-6.045118,0.717000
-1.000000,60.000000,-2.644900,-225.609970,-1.470146,-1.470146,-5.188031,-0.191246,-39.900002,-5.438077,-5.847485,0.720000
0.000000,59.000000,3.815110,-51.958820,-2.993009,-2.993009,-4.982444,-0.198628,-39.900002,-5.239872,-5.776320,0.720000
0.000000,56.000000,2.633958,-117.507942,-3.889007,-3.889007,-4.861485,-0.205830,-39.900002,-5.126114,-5.669101,0.720000
0.000000,58.000000,-0.532612,-361.391418,-5.151801,-5.151801,-4.691007,-0.212780,-39.900002,-4.962586,-5.339715,0.720000
0.000000,57.000000,-1.552914,-417.527771,-5.892429,-5.892429,-4.388523,-0.219281,-38.400002,-4.648604,-4.937986,0.722000
0.000000,57.000000,1.031610,-316.388031,-6.552553,-6.552553,-4.299406,-0.225651,-38.400002,-4.565856,-4.722681,0.725000
-2.000000,53.000000,-8.715832,-29.516033,0.052576,0.052576,-5.191098,-0.233341,-38.400002,-5.465239,-4.777290,0.725000
-3.000000,56.000000,-14.581092,25.588886,6.820708,6.820708,-5.915796,-0.242105,-37.000000,-6.181901,-4.853069,0.727000
-1.000000,51.000000,-1.928752,20.747940,4.806059,4.806059,-5.643818,-0.250466,-37.000000,-5.918284,-4.943896,0.728000
1.000000,49.000000,7.608995,-102.134491,-1.699925,-1.699925,-4.360510,-0.254773,-34.000000,-4.603283,-4.845799,0.726000
-1.000000,51.000000,-9.164704,-290.075745,0.578477,0.578477,-4.668095,-0.261689,-34.000000,-4.917783,-4.633318,0.728000
0.000000,55.000000,-0.790163,-229.392624,-1.390798,-1.390798,-3.943243,-0.265125,-30.600002,-4.155568,-4.454432,0.727000
1.000000,61.000000,5.242105,-38.646469,-3.471704,-3.471704,-3.662320,-0.270551,-30.600002,-3.880071,-4.336915,0.728000
1.000000,60.000000,6.478232,188.185379,-3.130974,-3.130974,-3.222319,-0.273203,-27.000000,-3.399521,-4.377335,0.729000
0.000000,59.000000,0.289282,-40.583485,-2.217464,-2.217464,-3.183643,-0.277919,-25.800001,-3.351162,-4.371584,0.729000
1.000000,60.000000,6.420681,174.370178,-2.539580,-2.539580,-2.343657,-0.279096,-19.900000,-2.441553,-4.368477,0.729000
2.000000,58.000000,10.495095,91.831032,-5.293082,-5.293082,-1.674934,-0.281352,-17.700001,-1.748686,-4.300065,0.732000
2.000000,63.000000,6.927232,-87.401932,-6.815067,-6.815067,-0.186966,-0.281411,-8.200000,-0.146776,-4.173795,0.733000
2.000000,60.000000,3.511419,-235.466217,-7.447621,-7.447621,0.424929,-0.281088,-4.300000,0.512241,-3.808574,0.732000
3.000000,43.000000,4.462975,-43.342182,-6.494610,-6.494610,0.000000,0.000000,0.000000,0.420000,-3.392395,0.731000
7.000000,41.000000,28.576220,-36.630196,-16.761007,-16.761007,0.000000,0.000000,0.000000,2.850346,-3.023703,0.731000
5.000000,40.000000,11.084754,-297.464966,-16.883877,-16.883877,0.000000,0.000000,0.000000,2.868162,-2.438117,0.729000
4.000000,40.000000,-2.755684,-237.908646,-10.187252,-10.187252,0.000000,0.000000,0.000000,1.897151,-1.631675,0.729000
-4.000000,41.000000,-67.339760,-98.976189,23.809120,23.809120,0.000000,0.000000,0.000000,-3.032322,-0.899574,0.730000
1.000000,36.000000,-33.412903,-129.288193,26.967230,26.967230,0.000000,0.000000,0.000000,-3.490248,-0.241397,0.732000
3.000000,38.000000,-17.635559,-158.605179,21.340532,21.340532,0.000000,0.000000,0.000000,-2.674377,0.338089,0.730000
-2.000000,36.000000,-42.471226,-76.616470,30.159794,30.159794,0.000000,0.000000,0.000000,-3.953170,0.638865,0.730000
-4.000000,41.000000,-41.154842,-74.752029,34.434799,34.434799,0.000000,0.000000,0.000000,-4.573046,0.610810,0.732000
-1.000000,47.000000,0.084041,-26.442379,18.663342,18.663342,0.000000,0.000000,0.000000,-2.286184,0.325128,0.732000
2.000000,45.000000,40.749969,-143.302826,-9.362373,-9.362373,0.000000,0.000000,0.000000,1.777544,-0.153964,0.733000
0.000000,30.000000,42.425079,-64.888351,-10.338481,-10.338481,0.000000,0.000000,0.000000,1.919080,-0.759186,0.735000
0.000000,34.000000,43.398983,64.949158,-9.006685,-9.006685,0.000000,0.000000,0.000000,1.725969,-1.274050,0.735000
-1.000000,30.000000,24.983347,161.526306,-5.995241,-5.995241,0.000000,0.000000,0.000000,0.420000,-1.577323,0.740000
-2.000000,33.000000,1.903724,-31.821268,-6.448654,-6.448654,0.000000,0.000000,0.000000,0.420000,-1.602665,0.738000
0.000000,34.000000,1.262828,-154.833557,-9.063843,-9.063843,0.000000,0.000000,0.000000,1.734257,-1.391166,0.740000
-2.000000,36.000000,-25.371090,-235.172882,4.315321,4.315321,0.000000,0.000000,0.000000,0.420000,-0.954340,0.740000
-6.000000,44.000000,-59.392494,-51.187412,28.639362,28.639362,0.000000,0.000000,0.000000,-3.732708,-0.543287,0.740000
8.000000,41.000000,40.955006,-39.484020,-3.033459,-3.033459,0.000000,0.000000,0.000000,0.420000,-0.232268,0.740000
9.000000,44.000000,47.679852,-28.289532,-23.378941,-23.378941,0.000000,0.000000,0.000000,3.809946,0.009807,0.741000
10.000000,49.000000,60.765999,106.744461,-39.242416,-39.242416,0.000000,0.000000,0.000000,6.110150,0.089965,0.742000
8.000000,51.000000,45.280636,101.583870,-41.045361,-41.045361,0.000000,0.000000,0.000000,6.371577,0.214279,0.741000
1.000000,43.000000,-9.077729,99.751259,-17.592209,-17.592209,0.000000,0.000000,0.000000,2.970870,0.470807,0.743000
16.000000,46.000000,93.586197,154.943497,-50.395012,-50.395012,0.000000,0.000000,0.000000,7.727277,0.872668,0.742000
18.000000,45.000000,99.337364,52.157784,-71.949654,-71.949654,0.000000,0.000000,0.000000,10.852699,1.368721,0.741000
15.000000,42.000000,70.514725,-37.386913,-71.640427,-71.640427,0.000000,0.000000,0.000000,10.807861,2.011720,0.742000
16.000000,49.000000,72.555725,75.017784,-71.377151,-71.377151,0.000000,0.000000,0.000000,10.769687,2.633654,0.738000
15.000000,46.000000,59.396046,36.346397,-65.658531,-65.658531,0.000000,0.000000,0.000000,9.940487,3.374942,0.740000
12.000000,39.000000,30.221289,-141.947891,-50.989304,-50.989304,0.000000,0.000000,0.000000,7.813449,4.305128,0.739000
14.000000,45.000000,42.893391,-47.544971,-47.774048,-47.774048,0.000000,0.000000,0.000000,7.347237,5.190819,0.738000
13.000000,44.000000,38.327877,-27.251644,-43.768536,-43.768536,0.000000,0.000000,0.000000,6.766438,5.930695,0.736000
13.000000,51.000000,47.944313,157.673370,-44.228573,-44.228573,0.000000,0.000000,0.000000,6.833143,6.347171,0.738000
9.000000,45.000000,31.882725,219.282547,-36.699398,-36.699398,0.000000,0.000000,0.000000,5.741413,6.524453,0.737000
5.000000,33.000000,18.647682,197.133438,-32.561378,-32.561378,0.000000,0.000000,0.000000,5.141400,6.543312,0.738000
5.000000,34.000000,32.556149,73.706192,-30.675098,-30.675098,0.000000,0.000000,0.000000,4.867889,6.356672,0.736000
1.000000,38.000000,15.125529,226.447739,-21.639763,-21.639763,0.000000,0.000000,0.000000,3.557766,5.972910,0.738000
-3.000000,34.000000,-4.891333,318.235535,-15.636574,-15.636574,0.000000,0.000000,0.000000,2.687303,5.308582,0.738000
0.000000,37.000000,24.483738,92.301407,-18.787085,-18.787085,0.000000,0.000000,0.000000,3.144127,4.748901,0.739000
0.000000,43.000000,28.989449,-1.269883,-23.389578,-23.389578,0.000000,0.000000,0.000000,3.811489,4.291925,0.740000
0.000000,50.000000,31.259676,-28.674429,-27.189190,-27.189190,0.000000,0.000000,0.000000,4.362432,3.896603,0.740000
0.000000,47.000000,33.615986,-31.402061,-30.363867,-30.363867,0.000000,0.000000,0.000000,4.822761,3.477040,0.742000
0.000000,44.000000,31.313784,-94.261177,-31.639679,-31.639679,0.000000,0.000000,0.000000,5.007753,3.161950,0.742000
2.000000,45.000000,37.480156,-154.553146,-35.658875,-35.658875,0.000000,0.000000,0.000000,5.590537,3.181084,0.740000
-4.000000,52.000000,-14.582996,182.435852,-11.408112,-11.408112,0.000000,0.000000,0.000000,2.074176,2.987050,0.739000
-2.000000,54.000000,-9.987048,165.282730,-0.292746,-0.292746,0.000000,0.000000,0.000000,0.420000,2.998793,0.738000
0.000000,36.000000,-1.395230,133.870850,1.671681,1.671681,0.000000,0.000000,0.000000,0.420000,2.916922,0.739000
-2.000000,37.000000,-14.682706,-33.512661,7.225028,7.225028,0.000000,0.000000,0.000000,0.420000,2.828809,0.740000
5.000000,44.000000,42.517738,-98.696274,-16.047482,-16.047482,0.000000,0.000000,0.000000,2.746885,2.749644,0.740000
3.000000,45.000000,34.158737,-77.730598,-24.897121,-24.897121,0.000000,0.000000,0.000000,4.030082,2.603487,0.740000
0.000000,49.000000,18.326040,41.727821,-21.564583,-21.564583,0.000000,0.000000,0.000000,3.546865,2.280917,0.738000
-1.000000,42.000000,7.682490,83.529510,-14.565876,-14.565876,0.000000,0.000000,0.000000,2.532052,2.130796,0.739000
-1.000000,52.000000,1.980835,301.870209,-6.185777,-6.185777,0.000000,0.000000,0.000000,0.420000,1.851884,0.735000
0.000000,56.000000,3.271043,178.349396,-3.269002,-3.269002,0.000000,0.000000,0.000000,0.420000,1.632013,0.732000
-4.000000,53.000000,-30.357933,75.354202,12.541306,12.541306,0.000000,0.000000,0.000000,-1.398489,1.585945,0.731000
6.000000,57.000000,40.709202,52.266426,-10.951025,-10.951025,0.000000,0.000000,0.000000,2.007899,1.553705,0.731000
3.000000,58.000000,21.357615,56.702560,-15.123667,-15.123667,0.000000,0.000000,0.000000,2.612932,1.464845,0.729000
0.000000,49.000000,1.621194,31.907438,-8.760387,-8.760387,0.000000,0.000000,0.000000,1.690256,1.380398,0.731000
4.000000,50.000000,27.801987,-121.525558,-18.422836,-18.422836,0.000000,0.000000,0.000000,3.091311,1.493210,0.728000
1.000000,47.000000,-0.450268,-146.712982,-11.250357,-11.250357,0.000000,0.000000,0.000000,2.051302,1.756444,0.726000
2.000000,48.000000,2.725461,46.168083,-6.998641,-6.998641,0.000000,0.000000,0.000000,0.420000,1.973129,0.725000
4.000000,49.000000,16.214897,26.956009,-10.903353,-10.903353,0.000000,0.000000,0.000000,2.000986,2.097536,0.723000
1.000000,54.000000,-4.163481,-110.949455,-5.121823,-5.121823,0.000000,0.000000,0.000000,0.420000,2.313196,0.722000
2.000000,56.000000,4.360227,-50.362602,-5.232368,-5.232368,0.000000,0.000000,0.000000,0.420000,2.482047,0.721000
0.000000,60.000000,-5.268841,-70.761330,-1.143676,-1.143676,0.000000,0.000000,0.000000,0.420000,2.553341,0.719000
2.000000,57.000000,13.695280,-32.104004,-7.080834,-7.080834,0.000000,0.000000,0.000000,0.420000,2.545804,0.716000
0.000000,60.000000,3.163738,-161.558197,-6.772164,-6.772164,0.000000,0.000000,0.000000,0.420000,2.593570,0.719000
-2.000000,60.000000,-8.561567,-5.576679,0.077825,0.077825,0.000000,0.000000,0.000000,0.420000,2.523240,0.718000
-1.000000,50.000000,2.370148,158.632339,0.403928,0.403928,0.000000,0.000000,0.000000,0.420000,2.185426,0.717000
-2.000000,52.000000,-1.849115,34.136040,1.361487,1.361487,0.000000,0.000000,0.000000,0.420000,1.927566,0.717000
0.000000,55.000000,10.204552,-19.352180,-4.017400,-4.017400,0.000000,0.000000,0.000000,0.420000,1.844258,0.715000
0.000000,50.000000,5.710659,142.328430,-3.498411,-3.498411,0.000000,0.000000,0.000000,0.420000,1.802774,0.713000
0.000000,59.000000,-1.099077,79.625229,-0.712914,-0.712914,0.000000,0.000000,0.000000,0.420000,1.821871,0.713000
0.000000,52.000000,-6.129151,-138.307693,1.121246,1.121246,0.000000,0.000000,0.000000,0.420000,1.955803,0.711000
1.000000,54.000000,-0.704055,-91.319069,0.111638,0.111638,0.000000,0.000000,0.000000,0.420000,2.133641,0.711000
1.000000,54.000000,0.438486,56.556931,0.373095,0.373095,0.000000,0.000000,0.000000,0.420000,2.198911,0.712000
0.000000,60.000000,-2.666923,186.335953,3.082341,3.082341,0.000000,0.000000,0.000000,0.420000,2.052417,0.712000
1.000000,57.000000,7.127996,-49.503178,-1.957840,-1.957840,0.000000,0.000000,0.000000,0.420000,2.012229,0.710000
-3.000000,60.000000,-20.137941,-57.919697,7.463984,7.463984,0.000000,0.000000,0.000000,0.420000,2.008050,0.708000
0.000000,50.000000,1.471030,88.703682,4.241561,4.241561,0.000000,0.000000,0.000000,0.420000,1.990535,0.709000
0.000000,50.000000,1.490729,185.395004,3.330586,3.330586,0.000000,0.000000,0.000000,0.420000,1.870523,0.709000
-1.000000,52.000000,-5.757030,58.224289,4.946505,4.946505,0.000000,0.000000,0.000000,0.420000,1.728020,0.708000
0.000000,55.000000,2.481912,-21.779953,1.407698,1.407698,0.000000,0.000000,0.000000,0.420000,1.664869,0.707000
-3.000000,51.000000,-15.807070,157.506790,9.304976,9.304976,0.000000,0.000000,0.000000,-0.929222,1.533255,0.708000
-2.000000,53.000000,-9.764814,83.628723,10.264561,10.264561,0.000000,0.000000,0.000000,-1.068361,1.453459,0.708000
0.000000,58.000000,1.354888,-62.235218,4.475692,4.475692,0.000000,0.000000,0.000000,0.420000,1.453304,0.709000
-1.000000,64.000000,-4.759521,-44.978928,4.198605,4.198605,0.000000,0.000000,0.000000,0.420000,1.425722,0.710000
0.000000,68.000000,2.879776,-43.924278,0.618015,0.618015,0.000000,0.000000,0.000000,0.420000,1.442073,0.707000
0.000000,62.000000,0.739742,20.555428,0.192023,0.192023,0.000000,0.000000,0.000000,0.420000,1.470585,0.707000
-3.000000,61.000000,-24.341240,-80.804527,10.331930,10.331930,0.000000,0.000000,0.000000,-1.078130,1.585748,0.707000
-2.000000,54.000000,-18.259924,70.249550,14.531773,14.531773,-1.921289,-0.002846,0.300000,-1.500536,1.635836,0.708000
0.000000,55.000000,-2.341515,21.602337,9.240578,9.240578,0.777522,-0.002690,15.000000,1.374832,1.613273,0.709000
-4.000000,50.000000,-28.959265,-42.266308,17.733589,17.733589,0.481466,-0.002463,21.300001,1.154602,1.597745,0.712000
0.000000,51.000000,2.892221,-108.189217,7.478271,7.478271,4.417434,-0.001771,40.200001,5.318063,1.572659,0.709000
-3.000000,53.000000,-15.399098,-70.499390,10.408148,10.408148,4.737400,0.000878,45.500000,5.704278,1.595756,0.708000
-3.000000,54.000000,-17.105228,187.477509,15.109131,15.109131,6.775768,0.001892,65.300003,7.981259,1.477376,0.708000
-3.000000,52.000000,-27.967722,220.942642,22.883980,22.883980,6.522664,0.005167,71.200005,7.802231,1.583976,0.709000
2.000000,56.000000,-6.536350,-63.200218,14.958745,14.958745,9.442070,0.007209,84.900002,10.888080,2.027165,0.711000
3.000000,59.000000,-10.298717,57.293594,13.377375,13.377375,10.182055,0.014945,88.800003,11.682601,2.608392,0.712000
4.000000,56.000000,-13.276608,194.938889,15.086480,15.086480,10.653326,0.021015,94.000000,12.222342,3.188062,0.713000
5.000000,59.000000,-17.193708,149.253815,17.378017,17.378017,10.343967,0.036340,94.000000,11.928308,3.939482,0.712000
3.000000,51.000000,-42.685459,119.624687,29.842987,29.842987,8.661197,0.049171,94.000000,10.258368,4.868703,0.713000
6.000000,44.000000,-28.110630,-124.668625,27.941408,27.941408,8.917911,0.062383,94.000000,10.528294,5.945808,0.715000
7.000000,50.000000,-20.190849,-173.313766,22.893833,22.893833,9.599334,0.076604,94.000000,11.223938,7.069864,0.714000
4.000000,50.000000,-35.719925,-41.638119,28.290833,28.290833,8.870738,0.089746,94.000000,10.508484,7.973884,0.714000
3.000000,49.000000,-32.970772,109.982697,31.386650,31.386650,8.452803,0.102269,94.000000,10.103071,8.507508,0.716000
-1.000000,45.000000,-45.859673,17.255651,38.054813,38.054813,7.552600,0.113458,94.000000,9.214058,8.782770,0.715000
-1.000000,50.000000,-29.808716,177.168732,35.938591,35.938591,7.838291,0.125070,94.000000,9.511361,8.800085,0.720000
-3.000000,53.000000,-33.588074,47.580185,35.309082,35.309082,7.923274,0.136808,94.000000,9.608083,8.773021,0.719000
-5.000000,53.000000,-40.798004,13.386550,37.899574,37.899574,7.573558,0.148028,94.000000,9.269587,8.700698,0.719000
-3.000000,58.000000,-16.108027,199.566666,29.889477,29.889477,8.654921,0.160850,94.000000,10.363771,8.312963,0.720000
-4.000000,58.000000,-20.145155,176.809677,27.095818,27.095818,9.032065,0.174231,94.000000,10.754297,8.040159,0.719000
-10.000000,49.000000,-60.859554,291.562622,44.913559,44.913559,6.626670,0.184048,94.000000,8.358719,7.584125,0.723000
-10.000000,48.000000,-63.139450,63.658253,53.688133,53.688133,5.442102,0.192111,94.000000,7.182214,7.407588,0.722000
-9.000000,51.000000,-57.917709,48.014717,56.023571,56.023571,5.126818,0.199706,94.000000,6.874524,7.264081,0.722000
-8.000000,48.000000,-53.685219,49.625286,55.417938,55.417938,5.208579,0.207423,94.000000,6.964002,7.203197,0.725000
-8.000000,54.000000,-53.911598,117.215851,55.795029,55.795029,5.157671,0.215064,94.000000,6.920735,7.123074,0.724000
-5.000000,55.000000,-30.220526,132.900711,45.482609,45.482609,6.549848,0.224767,94.000000,8.322616,6.869038,0.725000
-10.000000,60.000000,-60.628075,-22.834805,52.092556,52.092556,5.657505,0.233149,94.000000,7.438654,6.592532,0.727000
-13.000000,68.000000,-79.319450,-1.864344,64.327881,64.327881,4.005736,0.239083,94.000000,5.792819,6.385525,0.728000
-11.000000,73.000000,-66.370773,-36.425903,64.919350,64.919350,3.925888,0.244899,94.000000,5.718787,6.224706,0.727000
-11.000000,74.000000,-65.840881,-38.486828,64.987656,64.987656,3.916667,0.250702,94.000000,5.715368,6.032179,0.724000
-13.000000,80.000000,-74.698395,62.503296,69.920021,69.920021,3.250797,0.255518,94.000000,5.054315,5.684991,0.726000
-15.000000,88.000000,-85.485382,172.181931,78.474075,78.474075,2.096000,0.258623,94.000000,3.902623,5.137810,0.727000
-9.000000,88.000000,-39.747818,108.621635,62.024857,62.024857,4.316645,0.265018,94.000000,6.129663,4.628023,0.730000
-15.000000,88.000000,-79.850067,126.853165,71.187881,71.187881,3.079636,0.269580,94.000000,4.897216,4.083383,0.727000
-22.000000,90.000000,-128.340424,67.178810,97.511139,97.511139,-0.474004,0.268878,94.000000,1.342874,3.600909,0.724000
-14.000000,98.000000,-72.883408,110.279572,87.421173,87.421173,0.888142,0.270194,94.000000,2.706336,3.182481,0.721000
-12.000000,88.000000,-61.831528,263.189545,78.274536,78.274536,2.122938,0.273339,94.000000,3.944277,2.713494,0.722000
-12.000000,87.000000,-66.328568,-61.040241,72.349487,72.349487,2.922819,0.277669,94.000000,4.748488,2.454593,0.722000
-13.000000,86.000000,-74.909096,-84.575417,72.740135,72.740135,2.870082,0.281921,94.000000,4.700003,2.301918,0.723000
-14.000000,90.000000,-86.016670,29.627028,78.981216,78.981216,2.027536,0.284925,94.000000,3.860461,2.164613,0.722000
-18.000000,100.000000,-117.922714,-37.309135,96.169106,96.169106,-0.292829,0.284491,94.000000,1.539662,2.058565,0.721000
-10.000000,103.000000,-64.940216,-109.150330,81.133751,81.133751,1.736944,0.287064,94.000000,3.572008,2.110134,0.722000
-12.000000,107.000000,-81.525711,1.141763,81.320412,81.320412,1.711745,0.289600,94.000000,3.549345,2.024949,0.723000
-13.000000,100.000000,-85.280952,-32.229458,82.812592,82.812592,1.375300,0.291637,93.000000,3.202938,1.877163,0.723000
-14.000000,102.000000,-89.014542,-164.004837,84.127419,84.127419,1.157299,0.293352,92.700005,2.983051,1.765798,0.723000
-14.000000,104.000000,-89.078369,-157.432739,84.938446,84.938446,0.129810,0.293409,85.900002,1.874019,1.706189,0.721000
-16.000000,109.000000,-103.723717,-186.390289,91.714302,91.714302,-1.243931,0.292325,82.500000,0.458394,1.713946,0.719000
-15.000000,101.000000,-91.970863,67.267532,92.435165,92.435165,-2.529247,0.291473,73.700005,-0.933374,1.424206,0.722000
-21.000000,103.000000,-126.497505,338.762451,110.812080,110.812080,-5.280130,0.283651,71.700005,-3.716080,0.916267,0.724000
-16.000000,105.000000,-83.802017,276.671631,101.147591,101.147591,-4.771924,0.281254,65.800003,-3.281070,0.397677,0.724000
-15.000000,97.000000,-74.298370,-57.163822,88.550964,88.550964,-3.530380,0.278177,62.400002,-2.083402,-0.174360,0.726000
-18.000000,100.000000,-90.452454,-186.503601,87.728104,87.728104,-10.479795,0.277584,10.100000,-9.661011,-0.688132,0.728000
-21.000000,98.000000,-106.529510,-74.663460,95.516762,95.516762,-12.854263,0.273697,0.300000,-12.156966,-1.318340,0.729000
-22.000000,89.000000,-108.937096,86.339394,102.332970,102.332970,0.000000,0.000000,0.000000,-14.418280,-2.105283,0.727000
-21.000000,78.000000,-90.576691,33.072189,97.340294,97.340294,0.000000,0.000000,0.000000,-13.694342,-3.174322,0.725000
-22.000000,73.000000,-80.924835,-76.750435,89.262581,89.262581,0.000000,0.000000,0.000000,-12.523074,-4.488881,0.726000
-32.000000,66.000000,-134.920380,-158.742981,108.379906,108.379906,0.000000,0.000000,0.000000,-15.295086,-5.967261,0.726000
-22.000000,59.000000,-52.769428,-245.076218,81.149506,81.149506,0.000000,0.000000,0.000000,-11.346678,-7.282812,0.725000
-22.000000,45.000000,-52.724503,58.235432,68.882378,68.882378,0.000000,0.000000,0.000000,-9.567945,-8.722901,0.727000
-18.000000,50.000000,-24.906069,94.642868,49.944824,49.944824,0.000000,0.000000,0.000000,-6.821999,-10.206439,0.724000
-16.000000,54.000000,-21.743958,107.086723,38.218216,38.218216,0.000000,0.000000,0.000000,-5.121641,-11.361374,0.725000
-15.000000,60.000000,-38.966934,-66.204399,37.959297,37.959297,0.000000,0.000000,0.000000,-5.084098,-11.963618,0.726000
-8.000000,66.000000,-14.479557,-53.814667,26.909082,26.909082,0.000000,0.000000,0.000000,-3.481817,-12.181267,0.724000
-10.000000,64.000000,-60.554592,-413.074646,38.331886,38.331886,0.000000,0.000000,0.000000,-5.138124,-11.790717,0.726000
0.000000,64.000000,-12.880720,-94.454422,26.028770,26.028770,0.000000,0.000000,0.000000,-3.354172,-11.250426,0.726000
-3.000000,56.000000,-50.957634,52.020245,37.714943,37.714943,0.000000,0.000000,0.000000,-5.048666,-10.725280,0.729000
-2.000000,55.000000,-54.993050,-73.703979,44.826756,44.826756,0.000000,0.000000,0.000000,-6.079879,-10.028144,0.730000
1.000000,57.000000,-42.670349,-236.380264,41.728951,41.728951,0.000000,0.000000,0.000000,-5.630698,-9.082420,0.730000
0.000000,54.000000,-46.884705,-205.945511,42.195530,42.195530,0.000000,0.000000,0.000000,-5.698351,-8.345284,0.731000
0.000000,56.000000,-37.691326,-286.938507,37.586193,37.586193,0.000000,0.000000,0.000000,-5.029998,-7.688705,0.733000
-1.000000,58.000000,-36.783081,-276.144104,34.739494,34.739494,0.000000,0.000000,0.000000,-4.617227,-7.147952,0.734000
0.000000,58.000000,-21.826141,-198.878204,27.138582,27.138582,0.000000,0.000000,0.000000,-3.515094,-6.918981,0.735000
0.000000,58.000000,-14.292547,-216.182617,19.412222,19.412222,0.000000,0.000000,0.000000,-2.394772,-6.660032,0.735000
-2.000000,58.000000,-23.991472,-177.627747,19.874235,19.874235,0.000000,0.000000,0.000000,-2.461764,-6.407628,0.735000
-6.000000,66.000000,-50.400299,-148.268097,32.276550,32.276550,0.000000,0.000000,0.000000,-4.260099,-6.148228,0.736000
-4.000000,60.000000,-38.566364,-132.766327,33.912071,33.912071,0.000000,0.000000,0.000000,-4.497250,-5.830354,0.735000
0.000000,49.000000,-13.974792,-184.556259,23.279289,23.279289,0.000000,0.000000,0.000000,-2.955497,-5.457479,0.736000
-1.000000,50.000000,-20.328516,-241.430573,19.778566,19.778566,0.000000,0.000000,0.000000,-2.447892,-5.216591,0.738000
-1.000000,50.000000,-13.120058,-260.571350,14.437096,14.437096,0.000000,0.000000,0.000000,-1.673379,-5.000683,0.735000
-2.000000,46.000000,-15.652624,-122.380470,13.882660,13.882660,0.000000,0.000000,0.000000,-1.592986,-4.840078,0.737000
-1.000000,47.000000,-8.542351,-36.356178,11.152315,11.152315,0.000000,0.000000,0.000000,-1.197086,-4.745092,0.737000
0.000000,53.000000,-3.818768,-69.340393,7.228156,7.228156,0.000000,0.000000,0.000000,0.420000,-4.606541,0.735000
0.000000,49.000000,-8.311137,-72.325752,7.064566,7.064566,0.000000,0.000000,0.000000,0.420000,-4.375468,0.735000
1.000000,51.000000,-7.789386,-184.307816,5.731965,5.731965,0.000000,0.000000,0.000000,0.420000,-3.908242,0.735000
4.000000,58.000000,6.563657,-49.329430,-0.245029,-0.245029,0.000000,0.000000,0.000000,0.420000,-3.390025,0.735000
5.000000,61.000000,5.137419,38.868954,-2.096784,-2.096784,0.000000,0.000000,0.000000,0.420000,-2.924055,0.733000
4.000000,61.000000,-6.797596,-82.159958,1.166247,1.166247,0.000000,0.000000,0.000000,0.420000,-2.357035,0.731000
8.000000,58.000000,24.878618,-68.802231,-11.173162,-11.173162,0.000000,0.000000,0.000000,2.040108,-1.885320,0.733000
4.000000,53.000000,0.559467,-107.453857,-7.364084,-7.364084,0.000000,0.000000,0.000000,0.420000,-1.456420,0.731000
2.000000,53.000000,-8.379843,-71.166229,-0.919813,-0.919813,0.000000,0.000000,0.000000,0.420000,-1.157181,0.731000
5.000000,51.000000,18.606977,-110.265282,-9.871425,-9.871425,0.000000,0.000000,0.000000,1.851357,-0.881577,0.731000
5.000000,57.000000,24.637619,64.431656,-15.936329,-15.936329,0.000000,0.000000,0.000000,2.730768,-0.822844,0.728000
1.000000,59.000000,-0.122334,85.764061,-7.938054,-7.938054,0.000000,0.000000,0.000000,0.420000,-0.816419,0.730000
2.000000,55.000000,10.417611,39.957512,-8.694237,-8.694237,0.000000,0.000000,0.000000,1.680664,-0.846522,0.729000
1.000000,64.000000,1.261164,-200.787018,-7.156437,-7.156437,0.000000,0.000000,0.000000,0.420000,-0.608305,0.728000
0.000000,66.000000,-4.648385,-129.413925,-3.008993,-3.008993,0.000000,0.000000,0.000000,0.420000,-0.480382,0.728000
2.000000,64.000000,12.009111,-77.879807,-7.759964,-7.759964,0.000000,0.000000,0.000000,0.420000,-0.395175,0.727000
7.000000,68.000000,48.778801,-55.554756,-26.718433,-26.718433,0.000000,0.000000,0.000000,4.294173,-0.319710,0.727000
3.000000,68.000000,18.996820,-95.879189,-24.106619,-24.106619,0.000000,0.000000,0.000000,3.915460,-0.190611,0.727000
2.000000,53.000000,14.085547,131.892868,-18.410101,-18.410101,0.000000,0.000000,0.000000,3.089465,-0.165566,0.729000
4.000000,59.000000,23.310789,319.958466,-17.735785,-17.735785,0.000000,0.000000,0.000000,2.991689,-0.293632,0.728000
10.000000,64.000000,57.657177,116.311279,-34.653610,-34.653610,0.000000,0.000000,0.000000,5.444773,-0.180632,0.728000
6.000000,61.000000,23.336529,-148.445679,-30.896935,-30.896935,0.000000,0.000000,0.000000,4.900055,0.217732,0.731000
8.000000,68.000000,37.112740,-24.666407,-33.916046,-33.916046,0.000000,0.000000,0.000000,5.337827,0.559595,0.728000
5.000000,72.000000,13.776064,-2.672999,-24.877110,-24.877110,0.000000,0.000000,0.000000,4.027181,0.900248,0.728000
9.000000,71.000000,43.171608,27.295885,-32.863972,-32.863972,0.000000,0.000000,0.000000,5.185276,1.185549,0.730000
4.000000,71.000000,10.317354,127.181900,-21.573357,-21.573357,0.000000,0.000000,0.000000,3.548137,1.324847,0.730000
10.000000,80.000000,56.975811,28.875195,-37.244583,-37.244583,0.000000,0.000000,0.000000,5.820465,1.474447,0.730000
4.000000,74.000000,16.176220,-84.790550,-28.526936,-28.526936,0.000000,0.000000,0.000000,4.556406,1.654888,0.730000
4.000000,78.000000,17.500805,-100.333603,-24.468180,-24.468180,0.000000,0.000000,0.000000,3.967886,1.906778,0.732000
10.000000,78.000000,58.955257,5.748097,-39.935631,-39.935631,0.000000,0.000000,0.000000,6.210666,2.169451,0.731000
3.000000,76.000000,7.310163,159.243423,-23.820980,-23.820980,0.000000,0.000000,0.000000,3.874042,2.285824,0.732000
9.000000,74.000000,51.332569,81.336609,-35.469166,-35.469166,0.000000,0.000000,0.000000,5.563029,2.391415,0.733000
5.000000,71.000000,21.368736,83.244377,-28.374775,-28.374775,0.000000,0.000000,0.000000,4.534342,2.527377,0.734000
9.000000,70.000000,50.529099,41.140610,-37.973953,-37.973953,0.000000,0.000000,0.000000,5.926223,2.681260,0.734000
6.000000,77.000000,30.300814,-35.266056,-34.838436,-34.838436,0.000000,0.000000,0.000000,5.471573,2.821576,0.731000
5.000000,75.000000,27.792286,-38.061626,-32.010223,-32.010223,0.000000,0.000000,0.000000,5.061482,2.924412,0.732000
7.000000,84.000000,45.790337,-84.935608,-38.975693,-38.975693,0.000000,0.000000,0.000000,6.071476,3.029296,0.733000
2.000000,78.000000,10.538109,3.789376,-26.144676,-26.144676,0.000000,0.000000,0.000000,4.210978,3.107943,0.733000
7.000000,77.000000,48.871864,93.686951,-35.528728,-35.528728,0.000000,0.000000,0.000000,5.571666,3.042981,0.734000
5.000000,77.000000,36.101566,61.549435,-35.232559,-35.232559,0.000000,0.000000,0.000000,5.528721,2.951305,0.734000
3.000000,73.000000,25.334553,44.741283,-30.375786,-30.375786,0.000000,0.000000,0.000000,4.824489,2.834478,0.737000
3.000000,68.000000,24.659214,-2.939651,-27.829784,-27.829784,0.000000,0.000000,0.000000,4.455319,2.815049,0.734000
9.000000,82.000000,64.209396,16.220644,-44.054623,-44.054623,0.000000,0.000000,0.000000,6.807920,2.894736,0.735000
3.000000,82.000000,18.859835,-29.178026,-32.979568,-32.979568,0.000000,0.000000,0.000000,5.202037,2.942391,0.735000
9.000000,82.000000,62.686367,-30.390160,-46.621140,-46.621140,0.000000,0.000000,0.000000,7.180065,3.032966,0.736000
6.000000,84.000000,38.675613,85.416389,-42.276905,-42.276905,0.000000,0.000000,0.000000,6.550151,3.095363,0.736000
2.000000,82.000000,6.461432,35.087219,-25.844158,-25.844158,0.000000,0.000000,0.000000,4.167403,3.166179,0.738000
10.000000,89.000000,63.041496,150.863953,-41.225185,-41.225185,0.000000,0.000000,0.000000,6.397652,3.239748,0.737000
6.000000,79.000000,34.354164,-2.290714,-38.153843,-38.153843,0.000000,0.000000,0.000000,5.952307,3.298306,0.737000
7.000000,92.000000,45.722565,-178.504898,-43.166309,-43.166309,0.000000,0.000000,0.000000,6.679115,3.401304,0.736000
5.000000,91.000000,33.708645,-112.822395,-39.925762,-39.925762,0.000000,0.000000,0.000000,6.209235,3.547273,0.736000
5.000000,89.000000,37.101563,-15.264372,-38.792252,-38.792252,0.000000,0.000000,0.000000,6.044877,3.516202,0.736000
6.000000,91.000000,48.209538,61.266037,-42.478638,-42.478638,0.000000,0.000000,0.000000,6.579402,3.362142,0.736000
5.000000,88.000000,43.015488,124.002922,-41.604195,-41.604195,0.000000,0.000000,0.000000,6.452608,3.198812,0.736000
4.000000,85.000000,30.823940,3.681214,-36.719948,-36.719948,0.000000,0.000000,0.000000,5.744392,3.204891,0.735000
5.000000,87.000000,34.045376,-66.971848,-36.119137,-36.119137,0.000000,0.000000,0.000000,5.657275,3.359425,0.735000
6.000000,90.000000,41.612686,69.215775,-37.968292,-37.968292,0.000000,0.000000,0.000000,5.925402,3.343554,0.735000
4.000000,95.000000,26.832352,52.203442,-32.487289,-32.487289,0.000000,0.000000,0.000000,5.130657,3.335622,0.734000
5.000000,90.000000,34.618378,56.874546,-32.934410,-32.934410,0.000000,0.000000,0.000000,5.195489,3.291886,0.734000
6.000000,93.000000,41.095482,25.904522,-36.373753,-36.373753,0.000000,0.000000,0.000000,5.694194,3.269670,0.737000
4.000000,91.000000,30.805317,-155.564087,-35.268032,-35.268032,0.000000,0.000000,0.000000,5.533864,3.234112,0.734000
1.000000,95.000000,14.717561,-30.948288,-26.298855,-26.298855,0.000000,0.000000,0.000000,4.233334,3.141899,0.734000
0.000000,90.000000,10.135403,60.162727,-18.483837,-18.483837,0.000000,0.000000,0.000000,3.100156,2.950501,0.734000
6.000000,89.000000,56.528324,190.725464,-33.887329,-33.887329,0.000000,0.000000,0.000000,5.333663,2.650154,0.735000
6.000000,96.000000,57.384800,42.093857,-44.082344,-44.082344,0.000000,0.000000,0.000000,6.811940,2.395587,0.736000
2.000000,96.000000,29.809210,31.921568,-37.372139,-37.372139,0.000000,0.000000,0.000000,5.838960,2.140216,0.735000
1.000000,94.000000,17.292995,11.345409,-28.234415,-28.234415,0.000000,0.000000,0.000000,4.513990,2.128798,0.735000
6.000000,92.000000,43.778210,0.242411,-35.226940,-35.226940,0.000000,0.000000,0.000000,5.527906,2.262503,0.734000
7.000000,87.000000,44.473232,-48.419830,-39.823547,-39.823547,0.000000,0.000000,0.000000,6.194414,2.428228,0.733000
5.000000,90.000000,29.309797,87.871941,-34.301514,-34.301514,0.000000,0.000000,0.000000,5.393719,2.488168,0.732000
6.000000,91.000000,34.688549,139.477570,-33.220383,-33.220383,0.000000,0.000000,0.000000,5.236956,2.539361,0.731000
5.000000,86.000000,25.656418,45.791912,-29.404470,-29.404470,0.000000,0.000000,0.000000,4.683648,2.655930,0.733000
6.000000,86.000000,35.053883,62.897152,-31.380630,-31.380630,0.000000,0.000000,0.000000,4.970191,2.702735,0.734000
8.000000,86.000000,52.313507,-12.860188,-40.916164,-40.916164,0.000000,0.000000,0.000000,6.352844,2.717869,0.734000
4.000000,83.000000,27.752525,0.283524,-34.989979,-34.989979,0.000000,0.000000,0.000000,5.493547,2.722154,0.735000
3.000000,86.000000,25.650003,218.387833,-28.821499,-28.821499,0.000000,0.000000,0.000000,4.599117,2.489997,0.735000
6.000000,79.000000,44.983913,190.679535,-34.378471,-34.378471,0.000000,0.000000,0.000000,5.404878,2.300162,0.732000
6.000000,76.000000,38.966267,55.801105,-35.940769,-35.940769,0.000000,0.000000,0.000000,5.631412,2.351756,0.734000
4.000000,84.000000,20.646563,35.012016,-28.743269,-28.743269,0.000000,0.000000,0.000000,4.587774,2.476569,0.734000
4.000000,82.000000,19.828459,66.746979,-24.130880,-24.130880,0.000000,0.000000,0.000000,3.918978,2.581758,0.736000
8.000000,73.000000,45.856041,-113.879852,-34.932121,-34.932121,0.000000,0.000000,0.000000,5.485157,2.860730,0.735000
3.000000,76.000000,11.595325,31.384270,-24.148106,-24.148106,0.000000,0.000000,0.000000,3.921475,2.988916,0.735000
5.000000,80.000000,32.076984,38.678902,-27.367990,-27.367990,0.000000,0.000000,0.000000,4.388359,2.905899,0.735000
5.000000,69.000000,38.666759,122.308327,-31.351662,-31.351662,0.000000,0.000000,0.000000,4.965991,2.744005,0.739000
2.000000,76.000000,17.854006,8.598190,-25.200333,-25.200333,0.000000,0.000000,0.000000,4.074048,2.673713,0.739000
2.000000,75.000000,18.361309,35.939400,-21.799316,-21.799316,0.000000,0.000000,0.000000,3.580901,2.577661,0.738000
0.000000,75.000000,6.924470,178.815750,-13.496294,-13.496294,0.000000,0.000000,0.000000,2.376963,2.336359,0.742000
3.000000,71.000000,28.940014,61.519058,-19.892296,-19.892296,0.000000,0.000000,0.000000,3.304383,2.158416,0.741000
7.000000,67.000000,58.819157,134.780029,-36.196365,-36.196365,0.000000,0.000000,0.000000,5.668473,2.001021,0.742000
3.000000,71.000000,27.798882,58.913155,-31.887280,-31.887280,0.000000,0.000000,0.000000,5.043655,1.883839,0.742000
2.000000,77.000000,15.403910,-121.917160,-25.567017,-25.567017,0.000000,0.000000,0.000000,4.127217,2.030557,0.743000
1.000000,68.000000,4.588391,50.647018,-15.670813,-15.670813,0.000000,0.000000,0.000000,2.692268,2.115283,0.743000
6.000000,74.000000,38.368149,40.980434,-25.515789,-25.515789,0.000000,0.000000,0.000000,4.119789,2.195337,0.743000
6.000000,71.000000,37.683151,-74.881378,-31.665031,-31.665031,0.000000,0.000000,0.000000,5.011429,2.313237,0.743000
0.000000,70.000000,-3.461793,-186.767624,-17.538870,-17.538870,0.000000,0.000000,0.000000,2.963136,2.449103,0.742000
2.000000,70.000000,12.758764,-106.537384,-16.346659,-16.346659,0.000000,0.000000,0.000000,2.790266,2.623568,0.742000
1.000000,64.000000,8.503602,76.232819,-12.131187,-12.131187,0.000000,0.000000,0.000000,2.179022,2.519539,0.741000
4.000000,66.000000,34.684570,-11.279072,-22.381720,-22.381720,0.000000,0.000000,0.000000,3.665349,2.397553,0.745000
7.000000,74.000000,59.268707,68.478394,-38.364555,-38.364555,0.000000,0.000000,0.000000,5.982861,2.247952,0.745000
1.000000,71.000000,13.674895,100.884293,-26.346251,-26.346251,0.000000,0.000000,0.000000,4.240206,2.106539,0.748000
2.000000,63.000000,18.044849,173.201523,-21.051807,-21.051807,0.000000,0.000000,0.000000,3.472512,1.973627,0.749000
1.000000,69.000000,6.106034,98.974724,-13.435438,-13.435438,0.000000,0.000000,0.000000,2.368139,1.963057,0.748000
2.000000,62.000000,8.893049,136.596848,-10.161991,-10.161991,0.000000,0.000000,0.000000,1.893489,1.990915,0.748000
1.000000,65.000000,-1.632811,38.811363,-4.505028,-4.505028,0.000000,0.000000,0.000000,0.420000,2.076739,0.747000
5.000000,59.000000,33.019131,73.737289,-16.672739,-16.672739,0.000000,0.000000,0.000000,2.837547,1.968091,0.749000
2.000000,60.000000,18.327341,59.992107,-16.877382,-16.877382,0.000000,0.000000,0.000000,2.867220,1.771074,0.748000
-1.000000,73.000000,1.547351,129.430511,-8.813994,-8.813994,0.000000,0.000000,0.000000,1.698029,1.507333,0.752000
0.000000,69.000000,13.284290,239.570419,-8.669495,-8.669495,0.000000,0.000000,0.000000,1.677077,1.091051,0.751000
0.000000,66.000000,12.438150,153.339081,-8.985338,-8.985338,0.000000,0.000000,0.000000,1.722874,0.767201,0.752000
2.000000,55.000000,23.769840,-34.812912,-15.951681,-15.951681,0.000000,0.000000,0.000000,2.732994,0.678622,0.751000
3.000000,60.000000,25.206289,-249.781967,-22.364292,-22.364292,0.000000,0.000000,0.000000,3.662822,0.790755,0.752000
0.000000,61.000000,0.129148,-41.146862,-12.728800,-12.728800,0.000000,0.000000,0.000000,2.265676,0.877435,0.752000
1.000000,58.000000,3.697764,-34.831238,-8.978314,-8.978314,0.000000,0.000000,0.000000,1.721856,1.026682,0.751000
1.000000,51.000000,1.154690,121.149994,-4.367334,-4.367334,0.000000,0.000000,0.000000,0.420000,1.080645,0.753000
6.000000,61.000000,37.408604,50.563423,-18.780834,-18.780834,0.000000,0.000000,0.000000,3.143221,1.111962,0.754000
7.000000,60.000000,48.430698,44.747742,-31.720541,-31.720541,0.000000,0.000000,0.000000,5.019478,1.064036,0.754000
0.000000,59.000000,0.963841,114.897232,-16.845951,-16.845951,0.000000,0.000000,0.000000,2.862663,0.925722,0.753000
0.000000,58.000000,-0.750853,-9.346566,-9.011509,-9.011509,0.000000,0.000000,0.000000,1.726669,0.964485,0.753000
1.000000,50.000000,1.093958,-44.134296,-5.845819,-5.845819,0.000000,0.000000,0.000000,0.420000,1.160420,0.753000
4.000000,50.000000,22.163572,119.083153,-12.117060,-12.117060,0.000000,0.000000,0.000000,2.176974,1.185641,0.755000
3.000000,48.000000,15.552971,70.030273,-13.032947,-13.032947,0.000000,0.000000,0.000000,2.309777,1.160008,0.753000
2.000000,44.000000,9.179241,-107.239807,-12.263937,-12.263937,0.000000,0.000000,0.000000,2.198271,1.282468,0.756000
4.000000,52.000000,23.399118,-170.580902,-18.809996,-18.809996,0.000000,0.000000,0.000000,3.147449,1.528548,0.756000
2.000000,50.000000,8.858077,-73.749580,-14.995378,-14.995378,0.000000,0.000000,0.000000,2.594330,1.694620,0.756000
0.000000,49.000000,-4.219999,-35.745991,-6.670172,-6.670172,0.000000,0.000000,0.000000,0.420000,1.794347,0.757000
0.000000,56.000000,-4.246985,-151.864777,-3.124234,-3.124234,0.000000,0.000000,0.000000,0.420000,1.982587,0.757000
1.000000,53.000000,5.260735,-37.173889,-4.420224,-4.420224,0.000000,0.000000,0.000000,0.420000,2.042045,0.757000
0.000000,46.000000,3.561259,-3.636975,-4.066422,-4.066422,0.000000,0.000000,0.000000,0.420000,1.941099,0.759000
0.000000,44.000000,8.184520,8.106468,-5.846608,-5.846608,0.000000,0.000000,0.000000,0.420000,1.778291,0.759000
0.000000,48.000000,11.709719,192.787247,-6.749923,-6.749923,0.000000,0.000000,0.000000,0.420000,1.488139,0.759000
-1.000000,56.000000,2.830024,59.744144,-4.448271,-4.448271,0.000000,0.000000,0.000000,0.420000,1.288282,0.760000
0.000000,51.000000,8.144182,-93.154251,-6.949819,-6.949819,0.000000,0.000000,0.000000,0.420000,1.240388,0.761000
-1.000000,54.000000,1.119742,143.661011,-3.033336,-3.033336,0.000000,0.000000,0.000000,0.420000,1.063986,0.761000
-3.000000,52.000000,-15.771105,76.450218,6.116714,6.116714,0.000000,0.000000,0.000000,0.420000,0.913687,0.760000
-1.000000,49.000000,-3.593061,15.757801,5.122891,5.122891,0.000000,0.000000,0.000000,0.420000,0.859132,0.762000
4.000000,51.000000,33.555557,-247.592453,-14.510744,-14.510744,0.000000,0.000000,0.000000,2.524058,0.978424,0.763000
0.000000,50.000000,5.646674,-140.996445,-11.790881,-11.790881,0.000000,0.000000,0.000000,2.129678,1.038490,0.765000
0.000000,46.000000,3.580568,-24.337170,-8.315275,-8.315275,0.000000,0.000000,0.000000,1.625715,1.071519,0.764000
1.000000,53.000000,9.355471,26.910618,-8.541168,-8.541168,0.000000,0.000000,0.000000,1.658469,1.107339,0.764000
1.000000,57.000000,3.372541,42.349373,-5.834142,-5.834142,0.000000,0.000000,0.000000,0.420000,1.172221,0.765000
-2.000000,51.000000,-20.676365,-90.686371,5.279408,5.279408,0.000000,0.000000,0.000000,0.420000,1.290205,0.766000
-2.000000,45.000000,-23.920282,-427.315277,9.821964,9.821964,0.000000,0.000000,0.000000,-1.004185,1.483543,0.765000
-8.000000,45.000000,-68.728317,-254.842911,34.036236,34.036236,0.000000,0.000000,0.000000,-4.515254,1.664826,0.765000
0.000000,48.000000,-7.662269,57.932037,22.689341,22.689341,0.000000,0.000000,0.000000,-2.869954,1.771611,0.767000
0.000000,45.000000,-0.582815,173.994675,14.307356,14.307356,0.000000,0.000000,0.000000,-1.654567,1.523345,0.766000
-2.000000,45.000000,-0.797461,317.202515,11.082726,11.082726,0.000000,0.000000,0.000000,-1.186995,1.120625,0.767000
-5.000000,42.000000,-14.975998,135.688583,14.055895,14.055895,0.000000,0.000000,0.000000,-1.618105,0.687485,0.765000
0.000000,55.000000,28.631227,10.898844,-5.055222,-5.055222,0.000000,0.000000,0.000000,0.420000,0.266160,0.764000
-4.000000,49.000000,-6.211024,76.381935,0.702026,0.702026,0.000000,0.000000,0.000000,0.420000,-0.033355,0.764000
-2.000000,49.000000,9.564320,54.175072,-3.430254,-3.430254,0.000000,0.000000,0.000000,0.420000,-0.370405,0.765000
0.000000,51.000000,17.491070,75.569344,-9.077497,-9.077497,0.000000,0.000000,0.000000,1.736237,-0.548549,0.766000
0.000000,53.000000,8.129683,221.181992,-6.660343,-6.660343,0.000000,0.000000,0.000000,0.420000,-0.620952,0.765000
0.000000,48.000000,-6.002241,124.271980,0.156267,0.156267,0.000000,0.000000,0.000000,0.420000,-0.512047,0.768000
3.000000,45.000000,6.784100,82.393784,-2.225354,-2.225354,0.000000,0.000000,0.000000,0.420000,-0.287666,0.767000
3.000000,43.000000,3.062813,96.633118,-1.732512,-1.732512,0.000000,0.000000,0.000000,0.420000,-0.070818,0.769000
3.000000,57.000000,1.905566,109.557846,-0.824366,-0.824366,0.000000,0.000000,0.000000,0.420000,0.105786,0.769000
2.000000,54.000000,-6.565516,-192.694839,0.766827,0.766827,0.000000,0.000000,0.000000,0.420000,0.499149,0.771000
5.000000,45.000000,19.047752,-242.251846,-10.330000,-10.330000,0.000000,0.000000,0.000000,1.917850,0.866601,0.774000
2.000000,54.000000,-0.316596,-84.183823,-6.296686,-6.296686,0.000000,0.000000,0.000000,0.420000,1.144837,0.775000
1.000000,49.000000,-1.963362,25.767069,-2.347761,-2.347761,0.000000,0.000000,0.000000,0.420000,1.191446,0.774000
0.000000,49.000000,-2.837257,-145.548706,-1.324441,-1.324441,0.000000,0.000000,0.000000,0.420000,1.253124,0.772000
0.000000,45.000000,-2.024349,-274.572815,-2.288640,-2.288640,0.000000,0.000000,0.000000,0.420000,1.542333,0.773000
0.000000,44.000000,-0.309900,-115.371643,-2.157642,-2.157642,0.000000,0.000000,0.000000,0.420000,1.660424,0.773000
-3.000000,47.000000,-20.124315,-127.375809,6.722856,6.722856,0.000000,0.000000,0.000000,0.420000,1.702504,0.772000
0.000000,44.000000,5.077497,54.333157,1.901696,1.901696,0.000000,0.000000,0.000000,0.420000,1.662746,0.773000
1.000000,57.000000,9.435029,82.372940,-2.458474,-2.458474,0.000000,0.000000,0.000000,0.420000,1.636956,0.774000
0.000000,63.000000,-0.662102,52.903465,-0.578084,-0.578084,0.000000,0.000000,0.000000,0.420000,1.559912,0.774000
-1.000000,60.000000,-8.053871,31.913557,3.593518,3.593518,0.000000,0.000000,0.000000,0.420000,1.529205,0.771000
-1.000000,62.000000,-6.190125,170.400604,6.295596,6.295596,0.000000,0.000000,0.000000,0.420000,1.351916,0.772000
0.000000,57.000000,1.646311,269.650482,5.148592,5.148592,0.000000,0.000000,0.000000,0.420000,1.121626,0.776000
1.000000,57.000000,7.493386,-70.647903,-1.176129,-1.176129,0.000000,0.000000,0.000000,0.420000,1.087270,0.774000
0.000000,56.000000,-3.314327,-288.847717,-1.755053,-1.755053,0.000000,0.000000,0.000000,0.420000,1.408668,0.774000
-3.000000,55.000000,-21.743055,47.029366,9.242361,9.242361,0.000000,0.000000,0.000000,-0.920142,1.389958,0.774000
0.000000,63.000000,5.277681,-19.243946,2.535147,2.535147,0.000000,0.000000,0.000000,0.420000,1.270073,0.773000
-1.000000,61.000000,-2.246092,-40.650433,2.039219,2.039219,0.000000,0.000000,0.000000,0.420000,1.216107,0.774000
-3.000000,62.000000,-13.645877,-21.371836,7.069868,7.069868,0.000000,0.000000,0.000000,0.420000,1.142840,0.774000
-1.000000,62.000000,2.069883,0.152756,2.958355,2.958355,0.000000,0.000000,0.000000,0.420000,1.032865,0.774000
-1.000000,57.000000,-1.287272,-138.388474,0.960872,0.960872,0.000000,0.000000,0.000000,0.420000,1.096772,0.775000
0.000000,63.000000,1.522558,-52.141872,-0.625948,-0.625948,0.000000,0.000000,0.000000,0.420000,1.236754,0.778000
0.000000,57.000000,-2.165655,75.910599,1.313469,1.313469,0.000000,0.000000,0.000000,0.420000,1.269348,0.779000
0.000000,48.000000,1.122137,78.828957,0.926907,0.926907,0.000000,0.000000,0.000000,0.420000,1.195831,0.779000
0.000000,54.000000,1.012569,38.463287,0.400312,0.400312,0.000000,0.000000,0.000000,0.420000,1.198922,0.778000
0.000000,50.000000,-0.655864,24.580667,0.736537,0.736537,0.000000,0.000000,0.000000,0.420000,1.245664,0.775000
-1.000000,50.000000,-7.197290,-143.330963,2.353897,2.353897,0.000000,0.000000,0.000000,0.420000,1.254163,0.778000
-3.000000,58.000000,-20.081839,-52.888374,9.855474,9.855474,0.000000,0.000000,0.000000,-1.009044,1.275588,0.779000
0.000000,52.000000,6.080411,67.042389,3.287708,3.287708,0.000000,0.000000,0.000000,0.420000,1.121474,0.779000
0.000000,63.000000,6.479281,-157.956314,-2.529044,-2.529044,0.000000,0.000000,0.000000,0.420000,1.067369,0.780000
-2.000000,57.000000,-6.860872,112.983368,2.713268,2.713268,0.000000,0.000000,0.000000,0.420000,0.945068,0.780000
-1.000000,59.000000,-0.640293,19.911016,1.959629,1.959629,0.000000,0.000000,0.000000,0.420000,0.857812,0.782000
0.000000,58.000000,6.292783,78.851555,-1.044293,-1.044293,0.000000,0.000000,0.000000,0.420000,0.791095,0.783000
0.000000,60.000000,6.633450,10.889650,-3.461406,-3.461406,0.000000,0.000000,0.000000,0.420000,0.669354,0.782000
-1.000000,53.000000,-2.732952,48.855141,-0.234249,-0.234249,0.000000,0.000000,0.000000,0.420000,0.610752,0.782000
-1.000000,55.000000,-4.812315,67.579643,2.644922,2.644922,0.000000,0.000000,0.000000,0.420000,0.573341,0.783000
-4.000000,60.000000,-30.444210,-176.639755,13.564842,13.564842,0.000000,0.000000,0.000000,-1.546902,0.619090,0.784000
-6.000000,55.000000,-45.876633,-61.122692,27.555042,27.555042,0.000000,0.000000,0.000000,-3.575481,0.651798,0.783000
-2.000000,58.000000,-10.990084,189.116974,21.802864,21.802864,0.000000,0.000000,0.000000,-2.741415,0.436534,0.785000
-1.000000,61.000000,4.575288,373.544769,13.294599,13.294599,0.000000,0.000000,0.000000,-1.507717,-0.104468,0.785000
-1.000000,56.000000,9.239731,133.603149,4.356579,4.356579,0.000000,0.000000,0.000000,0.420000,-0.545714,0.783000
-2.000000,64.000000,5.402077,-79.663185,-0.751785,-0.751785,0.000000,0.000000,0.000000,0.420000,-0.845017,0.787000
-2.000000,70.000000,7.036229,-46.153664,-3.995167,-3.995167,0.000000,0.000000,0.000000,0.420000,-1.081969,0.788000
-4.000000,67.000000,-16.781635,-18.542383,5.187512,5.187512,0.000000,0.000000,0.000000,0.420000,-1.110990,0.787000
-2.000000,59.000000,-10.733524,54.714405,8.175647,8.175647,0.000000,0.000000,0.000000,-0.765469,-1.120067,0.789000
0.000000,56.000000,-1.205241,251.613434,7.303485,7.303485,0.000000,0.000000,0.000000,0.420000,-1.217551,0.788000
1.000000,65.000000,0.130341,202.312195,5.779073,5.779073,0.000000,0.000000,0.000000,0.420000,-1.215783,0.788000
4.000000,63.000000,18.583347,241.216614,-3.013066,-3.013066,0.000000,0.000000,0.000000,0.420000,-1.101081,0.787000
0.000000,54.000000,-15.107581,156.924515,6.553545,6.553545,0.000000,0.000000,0.000000,0.420000,-0.992601,0.788000
5.000000,55.000000,19.846575,-0.817102,-5.333862,-5.333862,0.000000,0.000000,0.000000,0.420000,-0.726863,0.788000
9.000000,49.000000,50.263931,-312.028564,-28.360649,-28.360649,0.000000,0.000000,0.000000,4.532294,-0.289944,0.787000
1.000000,55.000000,-15.454859,-313.996796,-11.469645,-11.469645,0.000000,0.000000,0.000000,2.083098,0.324936,0.787000
4.000000,60.000000,8.395808,-235.752899,-12.208194,-12.208194,0.000000,0.000000,0.000000,2.190188,0.752098,0.788000
8.000000,51.000000,37.799908,-158.739059,-25.153118,-25.153118,0.000000,0.000000,0.000000,4.067202,1.118009,0.787000
3.000000,54.000000,-2.984104,-103.520676,-13.423055,-13.423055,0.000000,0.000000,0.000000,2.366343,1.608401,0.787000
1.000000,47.000000,-19.185753,196.510147,3.019500,3.019500,0.000000,0.000000,0.000000,0.420000,1.857003,0.787000
0.000000,53.000000,-26.748716,185.877960,15.370548,15.370548,0.000000,0.000000,0.000000,-1.808730,1.992842,0.786000
4.000000,49.000000,10.235283,168.411255,5.363626,5.363626,0.000000,0.000000,0.000000,0.420000,1.995440,0.788000
4.000000,48.000000,20.085819,72.772781,-5.433669,-5.433669,0.000000,0.000000,0.000000,0.420000,1.885381,0.786000
-1.000000,56.000000,-6.555214,113.435829,0.982251,0.982251,0.000000,0.000000,0.000000,0.420000,1.711154,0.785000
-2.000000,52.000000,-6.096635,68.438583,3.899671,3.899671,0.000000,0.000000,0.000000,0.420000,1.495331,0.786000
-1.000000,54.000000,4.561490,-65.982765,-0.501696,-0.501696,0.000000,0.000000,0.000000,0.420000,1.369343,0.787000
0.000000,57.000000,7.810410,-175.625931,-5.371251,-5.371251,0.000000,0.000000,0.000000,0.420000,1.461662,0.782000
-2.000000,59.000000,-11.707698,-117.416283,1.257529,1.257529,0.000000,0.000000,0.000000,0.420000,1.576723,0.782000
0.000000,63.000000,-3.918293,7.745004,2.524578,2.524578,0.000000,0.000000,0.000000,0.420000,1.744129,0.781000
-5.000000,64.000000,-45.690666,74.243401,22.617508,22.617508,0.000000,0.000000,0.000000,-2.859539,1.798406,0.780000
-1.000000,54.000000,-14.392991,283.378052,21.466877,21.466877,0.000000,0.000000,0.000000,-2.692697,1.692782,0.782000
0.000000,51.000000,-3.267198,190.763550,14.993895,14.993895,0.000000,0.000000,0.000000,-1.754115,1.669485,0.782000
-2.000000,59.000000,-12.253777,268.137421,16.174078,16.174078,0.000000,0.000000,0.000000,-1.925241,1.497510,0.782000
-3.000000,43.000000,-13.238108,161.517014,16.306543,16.306543,0.000000,0.000000,0.000000,-1.944449,1.235341,0.778000
-3.000000,54.000000,-7.922987,35.410854,12.852641,12.852641,0.000000,0.000000,0.000000,-1.443633,0.887915,0.778000
-3.000000,54.000000,-5.994359,116.497017,10.814887,10.814887,0.000000,0.000000,0.000000,-1.148159,0.590559,0.780000
-5.000000,56.000000,-24.489740,30.154404,17.239960,17.239960,0.000000,0.000000,0.000000,-2.079794,0.415407,0.777000
-3.000000,55.000000,-15.401156,-238.688538,14.264301,14.264301,0.000000,0.000000,0.000000,-1.648324,0.501452,0.778000
-1.000000,59.000000,-3.736721,-43.608337,9.134416,9.134416,0.000000,0.000000,0.000000,-0.904490,0.579756,0.778000
0.000000,62.000000,-0.605301,66.649559,5.896160,5.896160,0.000000,0.000000,0.000000,0.420000,0.629908,0.777000
0.000000,62.000000,-4.958875,175.072983,7.050039,7.050039,0.000000,0.000000,0.000000,0.420000,0.625926,0.775000
0.000000,65.000000,-11.695670,7.606940,9.209036,9.209036,0.000000,0.000000,0.000000,-0.915310,0.821110,0.774000
-1.000000,57.000000,-27.969301,-36.634739,17.321442,17.321442,0.000000,0.000000,0.000000,-2.091609,1.229582,0.774000
2.000000,52.000000,-9.519011,187.665894,15.499342,15.499342,0.000000,0.000000,0.000000,-1.827405,1.477435,0.774000
7.000000,54.000000,26.458618,100.579857,-2.476522,-2.476522,0.000000,0.000000,0.000000,0.420000,1.732538,0.771000
0.000000,53.000000,-27.620331,13.053819,11.184546,11.184546,0.000000,0.000000,0.000000,-1.201759,2.036408,0.771000
-1.000000,56.000000,-30.411959,-143.059113,18.549349,18.549349,0.000000,0.000000,0.000000,-2.269655,2.331895,0.771000
0.000000,59.000000,-18.125696,-138.784225,17.109648,17.109648,0.000000,0.000000,0.000000,-2.060899,2.547935,0.770000
2.000000,53.000000,1.894741,70.080399,9.188396,9.188396,0.000000,0.000000,0.000000,-0.912318,2.675130,0.769000
-2.000000,60.000000,-23.224058,247.983887,17.736298,17.736298,0.000000,0.000000,0.000000,-2.151763,2.520688,0.767000
-1.000000,65.000000,-9.168685,164.729553,15.363438,15.363438,0.000000,0.000000,0.000000,-1.807698,2.358184,0.765000
-3.000000,63.000000,-22.972866,39.908478,19.146858,19.146858,0.000000,0.000000,0.000000,-2.356294,2.265462,0.767000
-1.000000,61.000000,-5.280289,-66.475090,12.308626,12.308626,0.000000,0.000000,0.000000,-1.364751,2.277466,0.766000
-2.000000,61.000000,-9.910258,17.809931,11.389650,11.389650,0.000000,0.000000,0.000000,-1.231499,2.167026,0.769000
-5.000000,58.000000,-30.175617,87.850075,20.633987,20.633987,0.000000,0.000000,0.000000,-2.571928,1.964864,0.764000
-4.000000,62.000000,-23.103260,90.844208,22.562757,22.562757,0.000000,0.000000,0.000000,-2.851600,1.797310,0.763000
-5.000000,62.000000,-31.076632,294.693146,29.046238,29.046238,0.000000,0.000000,0.000000,-3.791704,1.590115,0.764000
-2.000000,66.000000,-6.613360,109.403847,19.936077,19.936077,0.000000,0.000000,0.000000,-2.470731,1.516139,0.763000
-3.000000,64.000000,-19.193754,95.475273,20.461309,20.461309,0.000000,0.000000,0.000000,-2.546890,1.417697,0.760000
-5.000000,68.000000,-35.359112,-48.642029,26.727543,26.727543,0.000000,0.000000,0.000000,-3.455493,1.446132,0.759000
-5.000000,75.000000,-37.455639,-79.238182,30.842043,30.842043,0.000000,0.000000,0.000000,-4.052096,1.443450,0.759000
-2.000000,67.000000,-13.991415,111.444244,24.262257,24.262257,0.000000,0.000000,0.000000,-3.098027,1.402888,0.759000
-2.000000,67.000000,-14.430645,169.397491,21.362608,21.362608,0.000000,0.000000,0.000000,-2.677578,1.213998,0.762000
-6.000000,69.000000,-42.354454,129.396881,31.973511,31.973511,0.000000,0.000000,0.000000,-4.216159,0.940232,0.758000
-5.000000,65.000000,-32.322262,-117.157982,31.076027,31.076027,0.000000,0.000000,0.000000,-4.086024,0.910326,0.757000
-3.000000,65.000000,-13.995366,1.916478,23.406979,23.406979,0.000000,0.000000,0.000000,-2.974012,0.800156,0.756000
-7.000000,70.000000,-43.165409,-46.783180,31.877224,31.877224,0.000000,0.000000,0.000000,-4.202197,0.675453,0.756000
-8.000000,66.000000,-48.501228,36.645157,39.687836,39.687836,0.000000,0.000000,0.000000,-5.334736,0.486468,0.755000
-7.000000,64.000000,-38.474541,-140.444901,37.877850,37.877850,0.000000,0.000000,0.000000,-5.072288,0.356499,0.753000
-7.000000,68.000000,-34.799889,-28.181385,36.239132,36.239132,0.000000,0.000000,0.000000,-4.834674,0.143349,0.753000
-7.000000,68.000000,-30.413279,267.249359,36.022743,36.022743,0.000000,0.000000,0.000000,-4.803298,-0.330324,0.751000
-6.000000,68.000000,-22.758566,103.398590,30.984451,30.984451,0.000000,0.000000,0.000000,-4.072745,-0.762689,0.750000
-7.000000,69.000000,-29.594872,-86.729446,29.578575,29.578575,0.000000,0.000000,0.000000,-3.868893,-1.054530,0.751000
-7.000000,65.000000,-32.514217,-165.825729,29.407181,29.407181,0.000000,0.000000,0.000000,-3.844041,-1.163962,0.753000
-3.000000,68.000000,-11.760144,-255.938507,19.162567,19.162567,0.000000,0.000000,0.000000,-2.358572,-1.001441,0.753000
-3.000000,63.000000,-20.167477,-166.122818,18.119671,18.119671,0.000000,0.000000,0.000000,-2.207352,-0.762651,0.755000
-5.000000,60.000000,-41.587425,80.888596,29.408157,29.408157,0.000000,0.000000,0.000000,-3.844182,-0.658828,0.754000
-2.000000,62.000000,-25.141884,-34.840858,27.174767,27.174767,0.000000,0.000000,0.000000,-3.520341,-0.475836,0.757000
-4.000000,64.000000,-43.683960,-108.197762,33.630123,33.630123,0.000000,0.000000,0.000000,-4.456367,-0.207300,0.756000
-1.000000,59.000000,-18.708298,47.573959,27.343468,27.343468,0.000000,0.000000,0.000000,-3.544803,-0.105908,0.756000
-1.000000,61.000000,-11.019344,310.000244,22.787615,22.787615,0.000000,0.000000,0.000000,-2.884204,-0.307515,0.756000
-2.000000,59.000000,-15.758435,89.535301,20.430302,20.430302,0.000000,0.000000,0.000000,-2.542394,-0.429325,0.757000
-6.000000,68.000000,-44.621452,-133.959030,30.110687,30.110687,0.000000,0.000000,0.000000,-3.946049,-0.372343,0.759000
-5.000000,59.000000,-35.612534,29.971973,32.856266,32.856266,0.000000,0.000000,0.000000,-4.344158,-0.344805,0.758000
-2.000000,61.000000,-13.151680,57.117882,24.503263,24.503263,0.000000,0.000000,0.000000,-3.132973,-0.455794,0.760000
-5.000000,70.000000,-36.850239,31.388954,30.341904,30.341904,0.000000,0.000000,0.000000,-3.979576,-0.481890,0.763000
-5.000000,62.000000,-36.823875,-86.948051,32.476257,32.476257,0.000000,0.000000,0.000000,-4.289057,-0.493173,0.766000
-4.000000,58.000000,-27.306438,-79.679085,29.432728,29.432728,0.000000,0.000000,0.000000,-3.847745,-0.482537,0.765000
-4.000000,58.000000,-27.213705,-110.734703,27.437555,27.437555,0.000000,0.000000,0.000000,-3.558445,-0.481599,0.768000
-7.000000,57.000000,-47.253098,-86.356186,35.577347,35.577347,0.000000,0.000000,0.000000,-4.738715,-0.524333,0.766000
-4.000000,67.000000,-26.647932,3.863735,31.593884,31.593884,0.000000,0.000000,0.000000,-4.161113,-0.531151,0.767000
-2.000000,65.000000,-10.899041,148.372482,23.616556,23.616556,0.000000,0.000000,0.000000,-3.004400,-0.672143,0.767000
-7.000000,67.000000,-47.903347,-39.987164,34.185730,34.185730,0.000000,0.000000,0.000000,-4.536931,-0.774099,0.767000
-4.000000,71.000000,-26.833555,-97.557961,29.999229,29.999229,0.000000,0.000000,0.000000,-3.929888,-0.741212,0.767000
-2.000000,72.000000,-13.299463,-65.697006,21.893063,21.893063,0.000000,0.000000,0.000000,-2.754494,-0.764080,0.766000
-4.000000,66.000000,-27.779808,-102.623322,23.618488,23.618488,0.000000,0.000000,0.000000,-3.004681,-0.788220,0.765000
-4.000000,67.000000,-25.135201,-15.363324,24.162739,24.162739,0.000000,0.000000,0.000000,-3.083597,-0.846086,0.766000
-4.000000,61.000000,-26.056549,83.290154,25.764566,25.764566,0.000000,0.000000,0.000000,-3.315862,-0.884878,0.768000
-3.000000,62.000000,-22.491341,-19.518078,24.115953,24.115953,0.000000,0.000000,0.000000,-3.076813,-0.868994,0.769000
0.000000,62.000000,-0.895768,-232.590500,11.573557,11.573557,0.000000,0.000000,0.000000,-1.258166,-0.756156,0.768000
0.000000,65.000000,-0.775925,-76.226990,6.028580,6.028580,0.000000,0.000000,0.000000,0.420000,-0.682675,0.767000
0.000000,68.000000,-0.193360,-28.926746,3.142390,3.142390,0.000000,0.000000,0.000000,0.420000,-0.689970,0.768000
4.000000,64.000000,31.472906,2.235537,-12.414373,-12.414373,0.000000,0.000000,0.000000,2.220084,-0.681763,0.768000
0.000000,67.000000,-3.987933,112.852142,-4.017667,-4.017667,0.000000,0.000000,0.000000,0.420000,-0.596383,0.769000
1.000000,70.000000,-5.031404,116.071251,1.099056,1.099056,0.000000,0.000000,0.000000,0.420000,-0.309545,0.768000
3.000000,72.000000,2.277694,181.081009,1.209248,1.209248,0.000000,0.000000,0.000000,0.420000,-0.003708,0.770000
0.000000,65.000000,-27.807888,109.559937,14.164676,14.164676,0.000000,0.000000,0.000000,-1.633878,0.333007,0.769000
1.000000,68.000000,-25.193247,-34.310890,18.818735,18.818735,0.000000,0.000000,0.000000,-2.308717,0.815574,0.769000
1.000000,58.000000,-24.828014,119.541183,22.598782,22.598782,0.000000,0.000000,0.000000,-2.856823,1.117855,0.768000
3.000000,52.000000,-2.978580,176.929077,15.362053,15.362053,0.000000,0.000000,0.000000,-1.807498,1.185951,0.767000
6.000000,54.000000,30.318731,26.923738,-4.951986,-4.951986,0.000000,0.000000,0.000000,0.420000,1.196699,0.768000
1.000000,59.000000,3.116766,81.531036,-3.392358,-3.392358,0.000000,0.000000,0.000000,0.420000,1.112940,0.768000
-2.000000,55.000000,-14.636532,181.378403,6.353048,6.353048,0.000000,0.000000,0.000000,0.420000,0.907360,0.768000
1.000000,58.000000,11.894415,185.593063,-0.187973,-0.187973,0.000000,0.000000,0.000000,0.420000,0.727935,0.768000
4.000000,57.000000,31.944693,24.526083,-14.257761,-14.257761,0.000000,0.000000,0.000000,2.487375,0.697682,0.766000
1.000000,65.000000,1.483723,-141.731720,-9.785029,-9.785029,0.000000,0.000000,0.000000,1.838829,0.913851,0.765000
2.000000,65.000000,1.817007,-91.632660,-7.024114,-7.024114,0.000000,0.000000,0.000000,0.420000,1.188808,0.767000
9.000000,66.000000,53.102947,205.473770,-25.910324,-25.910324,0.000000,0.000000,0.000000,4.176997,1.335063,0.767000
7.000000,60.000000,36.614067,234.205429,-28.619160,-28.619160,0.000000,0.000000,0.000000,4.569778,1.299467,0.766000
0.000000,52.000000,-19.002699,19.983957,-7.009468,-7.009468,0.000000,0.000000,0.000000,0.420000,1.491216,0.766000
-6.000000,55.000000,-67.651794,1.010557,26.597195,26.597195,0.000000,0.000000,0.000000,-3.436593,1.834018,0.766000
-8.000000,50.000000,-86.835190,-90.138245,52.893051,52.893051,0.000000,0.000000,0.000000,-7.249492,2.244801,0.766000
0.000000,49.000000,-22.773520,-154.804428,37.946022,37.946022,0.000000,0.000000,0.000000,-5.082173,2.551622,0.767000
-3.000000,52.000000,-29.922194,12.829103,34.450760,34.450760,0.000000,0.000000,0.000000,-4.575360,2.446516,0.768000
-12.000000,51.000000,-78.132263,-41.881699,53.730499,53.730499,0.000000,0.000000,0.000000,-7.370922,2.023436,0.765000
-7.000000,53.000000,-22.486378,-71.125717,39.030510,39.030510,0.000000,0.000000,0.000000,-5.239424,1.453798,0.765000
-13.000000,50.000000,-53.150726,-5.000239,45.339603,45.339603,0.000000,0.000000,0.000000,-6.154242,0.693646,0.762000
-11.000000,51.000000,-28.275198,-211.908691,35.753441,35.753441,0.000000,0.000000,0.000000,-4.764249,-0.075623,0.763000
-17.000000,53.000000,-71.325668,-135.926285,50.537605,50.537605,0.000000,0.000000,0.000000,-6.907952,-0.748313,0.762000
-15.000000,54.000000,-57.479614,-1.473018,53.648254,53.648254,0.000000,0.000000,0.000000,-7.358996,-1.403889,0.758000
-7.000000,44.000000,-0.536672,40.307796,30.110813,30.110813,0.000000,0.000000,0.000000,-3.946068,-2.094274,0.757000
-11.000000,43.000000,-36.964058,-218.519958,31.228094,31.228094,0.000000,0.000000,0.000000,-4.108073,-2.484175,0.756000
-10.000000,43.000000,-37.082039,-122.719101,32.757896,32.757896,0.000000,0.000000,0.000000,-4.329895,-2.765881,0.756000
-9.000000,44.000000,-35.171528,186.444473,35.522030,35.522030,0.000000,0.000000,0.000000,-4.730694,-3.171493,0.754000
-5.000000,48.000000,-18.163189,-45.998657,27.296564,27.296564,0.000000,0.000000,0.000000,-3.538002,-3.301389,0.753000
-11.000000,48.000000,-72.842102,-121.169533,46.701530,46.701530,0.000000,0.000000,0.000000,-6.351722,-3.225395,0.751000
-5.000000,47.000000,-36.598915,-236.510910,40.026756,40.026756,0.000000,0.000000,0.000000,-5.383879,-2.982297,0.750000
-7.000000,51.000000,-57.614708,-314.415894,45.111591,45.111591,0.000000,0.000000,0.000000,-6.121181,-2.730833,0.750000
-7.000000,50.000000,-53.253193,-222.309875,46.774525,46.774525,0.000000,0.000000,0.000000,-6.362306,-2.592010,0.748000
-8.000000,54.000000,-54.049801,-217.532974,48.090599,48.090599,0.000000,0.000000,0.000000,-6.553136,-2.529641,0.749000
-3.000000,44.000000,-11.997324,-226.728912,29.808065,29.808065,0.000000,0.000000,0.000000,-3.902169,-2.563323,0.747000
-11.000000,51.000000,-66.048637,-46.737946,45.695679,45.695679,0.000000,0.000000,0.000000,-6.205873,-2.772882,0.749000
-4.000000,41.000000,-10.066738,57.930962,30.184034,30.184034,0.000000,0.000000,0.000000,-3.956685,-3.088359,0.748000
-4.000000,44.000000,-14.337021,42.608566,23.436356,23.436356,0.000000,0.000000,0.000000,-2.978271,-3.235404,0.747000
-10.000000,38.000000,-67.107109,-64.108856,42.511215,42.511215,0.000000,0.000000,0.000000,-5.744126,-3.230939,0.746000
-2.000000,38.000000,-16.211254,-115.926262,29.632896,29.632896,0.000000,0.000000,0.000000,-3.876770,-3.060617,0.747000
0.000000,44.000000,-10.527651,-122.298775,19.934845,19.934845,0.000000,0.000000,0.000000,-2.470552,-2.820990,0.749000
1.000000,44.000000,-7.398517,-5.355801,14.245296,14.245296,0.000000,0.000000,0.000000,-1.645568,-2.575000,0.747000
0.000000,43.000000,-17.469965,-93.629654,14.853729,14.853729,0.000000,0.000000,0.000000,-1.733791,-2.262518,0.750000
-1.000000,47.000000,-26.432487,17.127272,20.218315,20.218315,0.000000,0.000000,0.000000,-2.511656,-1.993558,0.750000
2.000000,49.000000,-5.173162,-53.058189,12.970473,12.970473,0.000000,0.000000,0.000000,-1.460719,-1.673580,0.751000
5.000000,52.000000,14.223955,-112.057487,-0.275537,-0.275537,0.000000,0.000000,0.000000,0.420000,-1.330423,0.753000
-3.000000,51.000000,-44.790138,84.008217,20.760090,20.760090,0.000000,0.000000,0.000000,-2.590213,-1.056027,0.752000
1.000000,38.000000,-14.231533,75.695091,18.503494,18.503494,0.000000,0.000000,0.000000,-2.263006,-0.845097,0.753000
15.000000,41.000000,93.118866,21.435116,-31.533653,-31.533653,0.000000,0.000000,0.000000,4.992380,-0.631483,0.753000
-1.000000,42.000000,-24.131182,-161.600876,-7.938887,-7.938887,0.000000,0.000000,0.000000,0.420000,-0.376403,0.753000
0.000000,45.000000,-12.968361,-109.616486,0.482826,0.482826,0.000000,0.000000,0.000000,0.420000,-0.088154,0.756000
-3.000000,41.000000,-39.188385,28.783745,18.159380,18.159380,0.000000,0.000000,0.000000,-2.213110,0.205517,0.756000
2.000000,42.000000,-6.013057,-13.014618,12.576404,12.576404,0.000000,0.000000,0.000000,-1.403579,0.503115,0.758000
1.000000,49.000000,-14.521749,-79.580048,12.735589,12.735589,0.000000,0.000000,0.000000,-1.426660,0.844433,0.758000
0.000000,48.000000,-19.764774,7.290977,15.964341,15.964341,0.000000,0.000000,0.000000,-1.894829,1.068332,0.757000
0.000000,52.000000,-16.584440,92.814583,17.078718,17.078718,0.000000,0.000000,0.000000,-2.056414,1.200534,0.755000
-4.000000,54.000000,-39.588135,-17.344774,27.051853,27.051853,0.000000,0.000000,0.000000,-3.502518,1.203089,0.756000
-10.000000,51.000000,-78.509293,-128.463867,49.051525,49.051525,0.000000,0.000000,0.000000,-6.692471,1.303962,0.756000
-3.000000,43.000000,-20.531382,-48.328167,35.782505,35.782505,0.000000,0.000000,0.000000,-4.768463,1.301313,0.757000
-3.000000,39.000000,-11.348688,47.819252,25.217661,25.217661,0.000000,0.000000,0.000000,-3.236561,0.966818,0.754000
-2.000000,44.000000,6.554835,-26.103277,10.685108,10.685108,0.000000,0.000000,0.000000,-1.129341,0.595554,0.753000
0.000000,34.000000,30.033169,-29.467552,9.972969,9.972969,0.000000,0.000000,0.000000,-1.026080,0.154684,0.755000
-1.000000,42.000000,21.447649,0.333495,-4.163307,-4.163307,0.000000,0.000000,0.000000,0.420000,-0.166043,0.755000
-8.000000,44.000000,-38.077129,9.271176,14.928328,14.928328,0.000000,0.000000,0.000000,-1.744608,-0.352538,0.755000
0.000000,44.000000,8.996619,-19.204781,3.989259,3.989259,0.000000,0.000000,0.000000,0.420000,-0.283188,0.754000
0.000000,52.000000,-2.246014,21.657576,3.399717,3.399717,0.000000,0.000000,0.000000,0.420000,-0.140909,0.752000
0.000000,59.000000,-11.554808,-191.505981,5.345954,5.345954,0.000000,0.000000,0.000000,0.420000,0.248852,0.753000
-1.000000,54.000000,-26.804642,-256.925293,12.690036,12.690036,0.000000,0.000000,0.000000,-1.420055,0.780511,0.752000
1.000000,60.000000,-11.798697,-73.486504,11.627554,11.627554,0.000000,0.000000,0.000000,-1.265995,1.153253,0.750000
3.000000,39.000000,7.419212,158.555481,4.483508,4.483508,0.000000,0.000000,0.000000,0.420000,1.168528,0.750000
0.000000,41.000000,-10.572167,-89.498741,6.417916,6.417916,0.000000,0.000000,0.000000,0.420000,1.300947,0.750000
-2.000000,47.000000,-28.961346,-277.267181,14.067055,14.067055,0.000000,0.000000,0.000000,-1.619723,1.703994,0.752000
2.000000,41.000000,2.717106,19.911699,6.693388,6.693388,0.000000,0.000000,0.000000,0.420000,1.864399,0.750000
2.000000,38.000000,4.795041,183.807297,3.177861,3.177861,0.000000,0.000000,0.000000,0.420000,1.870776,0.748000
-1.000000,43.000000,-19.773369,-40.730625,10.279263,10.279263,0.000000,0.000000,0.000000,-1.070493,2.065014,0.746000
-1.000000,49.000000,-18.846426,27.868382,14.385302,14.385302,0.000000,0.000000,0.000000,-1.665869,2.158597,0.745000
0.000000,51.000000,-8.672365,160.913345,13.262701,13.262701,0.000000,0.000000,0.000000,-1.503092,2.165732,0.746000
0.000000,56.000000,-5.774563,117.560104,10.951080,10.951080,0.000000,0.000000,0.000000,-1.167907,2.000249,0.747000
-3.000000,58.000000,-22.870865,-19.980303,16.135160,16.135160,0.000000,0.000000,0.000000,-1.919598,1.907746,0.746000
0.000000,52.000000,1.824372,-152.110825,6.684374,6.684374,0.000000,0.000000,0.000000,0.420000,1.986336,0.746000
0.000000,42.000000,4.064798,-255.789841,-0.454862,-0.454862,0.000000,0.000000,0.000000,0.420000,2.123173,0.748000
-2.000000,50.000000,-6.843445,-128.613754,1.671853,1.671853,0.000000,0.000000,0.000000,0.420000,2.191138,0.744000
-3.000000,50.000000,-15.962036,179.500870,9.717943,9.717943,0.000000,0.000000,0.000000,-0.989102,2.077333,0.746000
3.000000,46.000000,25.008526,262.550018,-3.546018,-3.546018,0.000000,0.000000,0.000000,0.420000,1.983184,0.744000
0.000000,43.000000,-0.167137,-28.394258,-2.130647,-2.130647,0.000000,0.000000,0.000000,0.420000,1.948523,0.744000
-4.000000,50.000000,-30.460878,-100.994522,11.626589,11.626589,0.000000,0.000000,0.000000,-1.265855,2.047810,0.745000
0.000000,47.000000,-4.285056,-208.297226,6.448224,6.448224,0.000000,0.000000,0.000000,0.420000,2.312263,0.744000
0.000000,57.000000,-3.217460,-38.019524,4.652205,4.652205,0.000000,0.000000,0.000000,0.420000,2.372610,0.741000
-1.000000,58.000000,-8.537172,-99.363525,5.506168,5.506168,0.000000,0.000000,0.000000,0.420000,2.398945,0.744000
0.000000,58.000000,-1.021295,-75.179665,2.811358,2.811358,0.000000,0.000000,0.000000,0.420000,2.508925,0.742000
0.000000,57.000000,-2.375488,-51.772686,2.149263,2.149263,0.000000,0.000000,0.000000,0.420000,2.619488,0.742000
0.000000,47.000000,-1.102107,180.121460,3.299136,3.299136,0.000000,0.000000,0.000000,0.420000,2.533965,0.743000
2.000000,48.000000,14.925141,-90.884613,-5.719750,-5.719750,0.000000,0.000000,0.000000,0.420000,2.505369,0.744000
-1.000000,50.000000,-5.927662,-231.935226,-2.565831,-2.565831,0.000000,0.000000,0.000000,0.420000,2.606459,0.743000
0.000000,53.000000,4.381549,16.579527,-3.233689,-3.233689,0.000000,0.000000,0.000000,0.420000,2.599076,0.742000
0.000000,42.000000,4.656009,59.951298,-3.334171,-3.334171,0.000000,0.000000,0.000000,0.420000,2.506089,0.742000
0.000000,55.000000,5.789118,162.646622,-2.975078,-2.975078,0.000000,0.000000,0.000000,0.420000,2.266115,0.743000
0.000000,53.000000,5.315085,125.439636,-2.899124,-2.899124,0.000000,0.000000,0.000000,0.420000,2.042929,0.741000
1.000000,62.000000,9.943858,132.949097,-4.872712,-4.872712,0.000000,0.000000,0.000000,0.420000,1.896558,0.741000
1.000000,60.000000,4.902658,279.419556,-2.371412,-2.371412,0.000000,0.000000,0.000000,0.420000,1.837254,0.743000
1.000000,66.000000,-0.585862,125.619186,0.089934,0.089934,0.000000,0.000000,0.000000,0.420000,1.920277,0.742000
2.000000,63.000000,5.593861,7.875482,-2.396894,-2.396894,0.000000,0.000000,0.000000,0.420000,2.046013,0.741000
1.000000,61.000000,-4.239928,-115.638168,-0.451068,-0.451068,0.000000,0.000000,0.000000,0.420000,2.312199,0.743000
0.000000,56.000000,-11.296049,-52.095112,4.366279,4.366279,0.000000,0.000000,0.000000,0.420000,2.514262,0.743000
1.000000,55.000000,-0.505634,-3.654165,2.596101,2.596101,0.000000,0.000000,0.000000,0.420000,2.581602,0.742000
-2.000000,54.000000,-19.394375,59.681160,10.692454,10.692454,0.000000,0.000000,0.000000,-1.130406,2.555581,0.742000
0.000000,58.000000,-0.898736,77.828316,6.985736,6.985736,0.000000,0.000000,0.000000,0.420000,2.437348,0.742000
4.000000,55.000000,31.066391,62.779652,-9.572703,-9.572703,0.000000,0.000000,0.000000,1.808042,2.331805,0.740000
-1.000000,54.000000,-3.518501,17.573296,-3.523502,-3.523502,0.000000,0.000000,0.000000,0.420000,2.236446,0.741000
-5.000000,61.000000,-30.860332,116.086678,12.994001,12.994001,0.000000,0.000000,0.000000,-1.464130,2.071092,0.739000
-1.000000,67.000000,-3.247404,91.261108,9.429382,9.429382,0.000000,0.000000,0.000000,-0.947260,1.965572,0.737000
3.000000,64.000000,25.797249,122.084755,-5.323838,-5.323838,0.000000,0.000000,0.000000,0.420000,1.852873,0.737000
-3.000000,64.000000,-16.796894,-9.348840,4.546350,4.546350,0.000000,0.000000,0.000000,0.420000,1.718309,0.738000
-3.000000,67.000000,-12.207932,-0.306421,7.991304,7.991304,0.000000,0.000000,0.000000,0.420000,1.541277,0.738000
0.000000,57.000000,10.927417,-76.931595,-1.214503,-1.214503,0.000000,0.000000,0.000000,0.420000,1.490491,0.735000
-1.000000,64.000000,-1.126503,-51.275452,-0.622529,-0.622529,0.000000,0.000000,0.000000,0.420000,1.499850,0.734000
-10.000000,52.000000,-69.024406,-92.955139,29.881994,29.881994,0.000000,0.000000,0.000000,-3.912889,1.511935,0.733000
-3.000000,54.000000,-20.340534,-57.538960,25.070486,25.070486,0.000000,0.000000,0.000000,-3.215220,1.569215,0.734000
0.000000,60.000000,2.370835,52.270638,13.192327,13.192327,0.000000,0.000000,0.000000,-1.492887,1.486829,0.730000
-1.000000,63.000000,-3.779753,166.506302,10.455225,10.455225,0.000000,0.000000,0.000000,-1.096008,1.262962,0.730000
-5.000000,62.000000,-29.868832,-98.009087,18.309267,18.309267,0.000000,0.000000,0.000000,-2.234843,1.127848,0.730000
-7.000000,63.000000,-40.967201,-194.436707,26.755405,26.755405,0.000000,0.000000,0.000000,-3.459534,1.091228,0.730000
-2.000000,62.000000,-0.298278,-88.524910,14.052974,14.052974,0.000000,0.000000,0.000000,-1.617681,0.999617,0.730000
-1.000000,65.000000,6.727144,-79.771484,3.983977,3.983977,0.000000,0.000000,0.000000,0.420000,0.915761,0.728000
-3.000000,66.000000,-6.126347,-16.984810,4.795180,4.795180,0.000000,0.000000,0.000000,0.420000,0.662445,0.727000
-2.000000,58.000000,3.453808,0.056835,1.083647,1.083647,0.000000,0.000000,0.000000,0.420000,0.421689,0.726000
-2.000000,64.000000,2.210556,48.742859,0.039942,0.039942,0.000000,0.000000,0.000000,0.420000,0.231747,0.725000
0.000000,56.000000,9.935978,93.190086,-3.610511,-3.610511,0.000000,0.000000,0.000000,0.420000,0.115860,0.724000
-1.000000,61.000000,-2.322006,430.396362,2.932689,2.932689,0.000000,0.000000,0.000000,0.420000,0.051624,0.725000
-1.000000,60.000000,-6.414509,343.556732,7.591518,7.591518,0.000000,0.000000,0.000000,0.420000,0.072164,0.725000
0.000000,66.000000,-3.377780,130.330933,6.868315,6.868315,0.000000,0.000000,0.000000,0.420000,0.036598,0.725000
1.000000,74.000000,-0.472093,203.752899,5.823791,5.823791,0.000000,0.000000,0.000000,0.420000,0.097988,0.726000
1.000000,75.000000,-5.154986,147.565689,6.850920,6.850920,0.000000,0.000000,0.000000,0.420000,0.236684,0.721000
1.000000,75.000000,-7.448533,2.768188,7.144759,7.144759,0.000000,0.000000,0.000000,0.420000,0.437051,0.723000
1.000000,77.000000,-7.993457,26.057358,7.761189,7.761189,0.000000,0.000000,0.000000,0.420000,0.621199,0.720000
1.000000,78.000000,-6.867710,-81.294434,6.627473,6.627473,0.000000,0.000000,0.000000,0.420000,0.822509,0.719000
2.000000,68.000000,3.999595,115.877838,2.888193,2.888193,0.000000,0.000000,0.000000,0.420000,0.848903,0.720000
0.000000,60.000000,-5.222486,148.339508,5.273681,5.273681,0.000000,0.000000,0.000000,0.420000,0.713476,0.719000
0.000000,67.000000,-3.776994,113.072479,5.617824,5.617824,0.000000,0.000000,0.000000,0.420000,0.671319,0.720000
1.000000,72.000000,1.773396,46.388512,2.709272,2.709272,0.000000,0.000000,0.000000,0.420000,0.679760,0.718000
1.000000,70.000000,1.585104,-11.673300,0.671743,0.671743,0.000000,0.000000,0.000000,0.420000,0.754471,0.717000
0.000000,74.000000,-1.855977,145.856644,2.517358,2.517358,0.000000,0.000000,0.000000,0.420000,0.650851,0.717000
0.000000,76.000000,-2.885163,40.567059,3.047974,3.047974,0.000000,0.000000,0.000000,0.420000,0.615214,0.717000
0.000000,80.000000,-3.401455,24.746992,3.429764,3.429764,0.000000,0.000000,0.000000,0.420000,0.662422,0.717000
1.000000,74.000000,4.396625,270.671631,2.343934,2.343934,0.000000,0.000000,0.000000,0.420000,0.461555,0.716000
0.000000,78.000000,-7.697680,-10.376127,4.659734,4.659734,0.000000,0.000000,0.000000,0.420000,0.510816,0.715000
0.000000,79.000000,-6.750106,-29.589071,5.334100,5.334100,0.000000,0.000000,0.000000,0.420000,0.597909,0.714000
