I0,I1,I2,I3,I4,I5,I6,I7,I8
0.000000,0.000000,107.000000,-0.124254,-0.040141,-0.000925,0.166709,-0.010409,0.002943
0.000000,0.000000,113.000000,0.000710,0.174054,-0.009962,0.173676,0.000059,-0.012759
0.000000,0.000000,125.000000,0.082771,0.175588,-0.038094,0.041371,0.006934,-0.012871
0.000000,0.000000,123.000000,-0.082805,-0.051820,-0.018761,0.084207,-0.006937,0.003799
0.000000,0.000000,127.000000,-0.012387,0.108671,0.022325,0.125080,-0.001038,-0.007966
0.000000,0.000000,111.000000,0.024249,0.225427,-0.039774,0.082452,0.002031,-0.016525
0.000000,0.000000,116.000000,-0.026996,-0.011298,-0.016309,0.074163,-0.002262,0.000828
0.000000,0.000000,122.000000,-0.047346,0.066859,0.000061,0.110015,-0.003966,-0.004901
0.000000,0.000000,126.000000,0.043738,0.183839,-0.033569,0.086715,0.003664,-0.013476
0.000000,0.000000,116.000000,0.003460,0.062142,-0.009768,0.092461,0.000290,-0.004555
0.000000,0.000000,112.000000,-0.020065,0.077564,0.009719,0.087032,-0.001681,-0.005686
0.000000,0.000000,118.000000,0.031854,0.169273,-0.011282,0.102984,0.002669,-0.012408
0.000000,0.000000,127.000000,0.009037,0.078250,0.018343,0.110922,0.000757,-0.005736
0.000000,0.000000,123.000000,0.015038,0.042965,0.021491,0.115194,0.001260,-0.003149
0.000000,0.000000,119.000000,0.000891,0.128411,-0.015816,0.095124,0.000075,-0.009413
0.000000,0.000000,115.000000,-0.020263,0.125899,-0.018599,0.104708,-0.001698,-0.009229
0.000000,0.000000,122.000000,0.000968,0.058937,-0.009022,0.111991,0.000081,-0.004320
0.000000,0.000000,127.000000,0.055920,0.100137,-0.007741,0.085089,0.004685,-0.007340
0.000000,0.000000,124.000000,-0.022325,0.131781,0.009624,0.089918,-0.001870,-0.009660
0.000000,0.000000,117.000000,-0.042498,0.051586,0.013834,0.115548,-0.003560,-0.003781
0.000000,0.000000,118.000000,-0.036369,0.112796,-0.018992,0.096333,-0.003047,-0.008268
0.000000,0.000000,123.000000,-0.020309,0.119568,-0.002850,0.072225,-0.001701,-0.008765
0.000000,0.000000,124.000000,0.022993,0.045568,-0.022587,0.079489,0.001926,-0.003340
0.000000,0.000000,124.000000,-0.025745,0.070925,-0.008396,0.074043,-0.002157,-0.005199
0.000000,0.000000,106.000000,-0.021136,0.074285,-0.024306,0.051379,-0.001771,-0.005445
0.000000,0.000000,120.000000,-0.056361,0.141442,-0.023028,0.102475,-0.004722,-0.010368
0.000000,0.000000,124.000000,-0.052292,0.111135,-0.033818,0.095220,-0.004381,-0.008147
0.000000,0.000000,123.000000,0.001269,0.085544,-0.002927,0.090865,0.000106,-0.006271
0.000000,0.000000,120.000000,-0.067194,0.063112,-0.031444,0.088642,-0.005629,-0.004626
0.000000,0.000000,116.000000,-0.030704,0.092701,-0.010979,0.089233,-0.002572,-0.006795
0.000000,0.000000,118.000000,0.007366,0.082707,-0.030241,0.084933,0.000617,-0.006063
0.000000,0.000000,122.000000,-0.024964,0.094375,-0.018196,0.104263,-0.002091,-0.006918
0.000000,0.000000,123.000000,-0.020108,0.141646,-0.016597,0.105928,-0.001685,-0.010383
0.000000,0.000000,119.000000,0.036727,0.100559,-0.011674,0.118539,0.003077,-0.007371
0.000000,0.000000,110.000000,-0.043559,0.094457,-0.003671,0.072392,-0.003649,-0.006924
0.000000,0.000000,116.000000,-0.044764,0.087045,-0.013355,0.082751,-0.003750,-0.006381
0.000000,0.000000,121.000000,-0.042207,0.104708,-0.005256,0.084116,-0.003536,-0.007675
0.000000,0.000000,126.000000,-0.014382,0.080037,-0.023505,0.075929,-0.001205,-0.005867
0.000000,0.000000,119.000000,-0.021577,0.115034,0.007105,0.096556,-0.001808,-0.008432
0.000000,0.000000,119.000000,-0.008020,0.110959,-0.000841,0.121951,-0.000672,-0.008134
0.000000,0.000000,121.000000,0.016420,0.092482,-0.030838,0.079102,0.001376,-0.006779
0.000000,0.000000,126.000000,-0.012498,0.105297,-0.000271,0.094544,-0.001047,-0.007719
0.000000,0.000000,120.000000,0.017049,0.125578,-0.030440,0.115700,0.001428,-0.009205
0.000000,0.000000,119.000000,-0.014335,0.051476,-0.029213,0.123492,-0.001201,-0.003773
0.000000,0.000000,115.000000,-0.022086,0.095120,0.001097,0.079791,-0.001850,-0.006973
0.000000,0.000000,120.000000,0.028438,0.071053,-0.001135,0.099462,0.002382,-0.005208
0.000000,0.000000,118.000000,-0.030160,0.084450,-0.005268,0.087561,-0.002527,-0.006190
0.000000,0.000000,124.000000,-0.034100,0.085627,-0.022174,0.076619,-0.002857,-0.006277
0.000000,0.000000,112.000000,-0.016882,0.100579,-0.013455,0.090987,-0.001414,-0.007373
0.000000,0.000000,121.000000,0.012426,0.088041,-0.015880,0.081170,0.001041,-0.006454
0.000000,0.000000,124.000000,0.030430,0.049310,0.004156,0.081731,0.002549,-0.003615
0.000000,0.000000,121.000000,0.017353,0.063579,0.013656,0.078250,0.001454,-0.004661
0.000000,0.000000,121.000000,-0.030106,0.075422,-0.012657,0.085889,-0.002522,-0.005529
0.000000,0.000000,118.000000,0.001810,0.112936,0.016192,0.088498,0.000152,-0.008279
0.000000,0.000000,126.000000,-0.046377,0.084273,-0.013350,0.087763,-0.003885,-0.006178
0.000000,0.000000,123.000000,0.021470,0.107519,-0.006178,0.080773,0.001799,-0.007882
0.000000,0.000000,123.000000,-0.018883,0.091027,0.005622,0.109543,-0.001582,-0.006673
0.000000,0.000000,124.000000,-0.052769,0.077200,-0.019506,0.084806,-0.004421,-0.005659
0.000000,0.000000,111.000000,-0.035419,0.095561,-0.002352,0.087398,-0.002967,-0.007005
0.000000,0.000000,123.000000,-0.006130,0.095280,0.003595,0.108460,-0.000514,-0.006984
0.000000,0.000000,119.000000,-0.041475,0.071579,-0.000123,0.090101,-0.003475,-0.005247
0.000000,0.000000,123.000000,-0.022373,0.118386,-0.005400,0.076996,-0.001874,-0.008678
0.000000,0.000000,117.000000,0.006507,0.101640,-0.003215,0.094501,0.000545,-0.007451
0.000000,0.000000,116.000000,-0.022459,0.127762,-0.016586,0.094798,-0.001882,-0.009365
0.000000,0.000000,124.000000,-0.004838,0.132393,-0.009106,0.109777,-0.000405,-0.009705
0.000000,0.000000,123.000000,0.032450,0.092389,-0.005981,0.105172,0.002718,-0.006772
0.000000,0.000000,123.000000,-0.029251,0.099613,-0.012689,0.098715,-0.002451,-0.007302
0.000000,0.000000,112.000000,0.011975,0.093732,-0.024926,0.072732,0.001003,-0.006871
0.000000,0.000000,117.000000,-0.022413,0.109915,0.002702,0.093311,-0.001878,-0.008057
0.000000,0.000000,121.000000,-0.050155,0.097007,-0.022997,0.090640,-0.004202,-0.007111
0.000000,0.000000,126.000000,-0.034979,0.115819,-0.017389,0.105936,-0.002930,-0.008490
0.000000,0.000000,121.000000,0.018411,0.070365,-0.016573,0.077597,0.001542,-0.005158
0.000000,0.000000,114.000000,-0.017840,0.099324,-0.008298,0.095344,-0.001495,-0.007281
0.000000,0.000000,118.000000,-0.041275,0.073155,-0.028519,0.079509,-0.003458,-0.005363
0.000000,0.000000,124.000000,-0.030301,0.083276,-0.026523,0.099235,-0.002538,-0.006104
0.000000,0.000000,120.000000,-0.010589,0.069828,0.002487,0.087290,-0.000887,-0.005119
0.000000,0.000000,119.000000,-0.032909,0.104530,0.014183,0.073257,-0.002757,-0.007662
0.000000,0.000000,117.000000,0.003616,0.094836,-0.015260,0.092066,0.000303,-0.006952
0.000000,0.000000,124.000000,0.009349,0.051614,0.011004,0.076041,0.000783,-0.003784
0.000000,0.000000,127.000000,-0.022319,0.068746,-0.006730,0.095790,-0.001870,-0.005039
0.000000,0.000000,124.000000,-0.034445,0.117983,-0.016727,0.101393,-0.002886,-0.008649
0.000000,0.000000,121.000000,-0.016642,0.071926,-0.004081,0.096103,-0.001394,-0.005272
0.000000,0.000000,119.000000,-0.054500,0.086024,-0.024290,0.084013,-0.004566,-0.006306
0.000000,0.000000,122.000000,-0.029274,0.085084,0.009880,0.082564,-0.002452,-0.006237
0.000000,0.000000,125.000000,-0.004179,0.032913,0.002013,0.068447,-0.000350,-0.002413
0.000000,0.000000,123.000000,0.018924,0.091795,0.004181,0.077791,0.001585,-0.006729
0.000000,0.000000,118.000000,0.020772,0.129589,-0.003441,0.106807,0.001740,-0.009499
0.000000,0.000000,119.000000,0.012879,0.103374,0.003031,0.102806,0.001079,-0.007578
0.000000,0.000000,119.000000,-0.016618,0.085622,0.010404,0.102045,-0.001392,-0.006276
0.000000,0.000000,127.000000,0.023183,0.084017,0.009282,0.086618,0.001942,-0.006159
0.000000,0.000000,122.000000,-0.034820,0.097644,-0.027923,0.102007,-0.002917,-0.007158
0.000000,0.000000,113.000000,0.008361,0.102694,-0.005778,0.100615,0.000700,-0.007528
0.000000,0.000000,124.000000,-0.033168,0.087819,-0.021937,0.084887,-0.002779,-0.006437
0.000000,0.000000,124.000000,-0.019348,0.108502,-0.019944,0.097247,-0.001621,-0.007954
0.000000,0.000000,127.000000,-0.065444,0.106488,-0.020438,0.110964,-0.005483,-0.007806
0.000000,0.000000,123.000000,-0.053253,0.058831,-0.001137,0.107601,-0.004461,-0.004313
0.000000,0.000000,115.000000,0.027078,0.101335,-0.016106,0.082305,0.002268,-0.007428
0.000000,0.000000,124.000000,-0.026444,0.089466,-0.025623,0.108943,-0.002215,-0.006558
0.000000,0.000000,122.000000,0.019069,0.084052,-0.017775,0.075874,0.001598,-0.006161
0.000000,0.000000,127.000000,0.037774,0.105924,0.003782,0.087165,0.003165,-0.007765
0.000000,0.000000,115.000000,-0.006275,0.107308,0.014822,0.093085,-0.000526,-0.007866
0.000000,0.000000,110.000000,-0.005581,0.104226,-0.004755,0.101149,-0.000468,-0.007640
0.000000,0.000000,126.000000,-0.047129,0.102607,-0.028305,0.104578,-0.003948,-0.007521
0.000000,0.000000,122.000000,-0.015081,0.106510,-0.002594,0.087001,-0.001263,-0.007808
0.000000,0.000000,119.000000,0.016213,0.090781,-0.004355,0.116013,0.001358,-0.006655
0.000000,0.000000,113.000000,-0.008589,0.089882,-0.000455,0.107190,-0.000720,-0.006589
0.000000,0.000000,118.000000,-0.046121,0.072208,-0.030938,0.095554,-0.003864,-0.005293
0.000000,0.000000,124.000000,-0.011711,0.098432,-0.027915,0.108553,-0.000981,-0.007215
0.000000,0.000000,125.000000,0.024459,0.106311,-0.006020,0.081300,0.002049,-0.007793
0.000000,0.000000,124.000000,-0.022075,0.087043,-0.018628,0.065182,-0.001849,-0.006381
0.000000,0.000000,110.000000,0.012636,0.071179,-0.014583,0.065353,0.001059,-0.005218
0.000000,0.000000,117.000000,0.005697,0.082126,-0.015458,0.099691,0.000477,-0.006020
0.000000,0.000000,121.000000,0.006056,0.067838,0.008681,0.081201,0.000507,-0.004973
0.000000,0.000000,123.000000,0.001141,0.091566,-0.008547,0.087736,0.000096,-0.006712
0.000000,0.000000,127.000000,-0.008471,0.054474,-0.019646,0.078375,-0.000710,-0.003993
0.000000,0.000000,112.000000,0.002383,0.095678,0.006802,0.088166,0.000200,-0.007014
0.000000,0.000000,125.000000,0.057845,0.068422,0.009734,0.082116,0.004846,-0.005016
0.000000,0.000000,126.000000,0.004762,0.077885,-0.006482,0.099367,0.000399,-0.005709
0.000000,0.000000,128.000000,-0.045701,0.087223,-0.035541,0.116702,-0.003829,-0.006394
0.000000,0.000000,117.000000,-0.024387,0.102421,-0.004953,0.093121,-0.002043,-0.007508
0.000000,0.000000,115.000000,0.001029,0.085233,-0.009788,0.089851,0.000086,-0.006248
0.000000,0.000000,128.000000,0.005696,0.136782,-0.020090,0.105634,0.000477,-0.010027
0.000000,0.000000,128.000000,-0.005251,0.064911,-0.007242,0.089235,-0.000440,-0.004758
0.000000,0.000000,125.000000,-0.009582,0.118931,-0.027520,0.119400,-0.000803,-0.008718
0.000000,0.000000,113.000000,-0.037751,0.080265,-0.016364,0.098875,-0.003163,-0.005884
0.000000,0.000000,116.000000,-0.023321,0.070198,-0.013315,0.097947,-0.001954,-0.005146
0.000000,0.000000,126.000000,-0.005866,0.081714,-0.016065,0.103994,-0.000491,-0.005990
0.000000,0.000000,125.000000,-0.012995,0.073033,-0.017955,0.099186,-0.001089,-0.005354
0.000000,0.000000,121.000000,-0.004260,0.113384,0.005504,0.087888,-0.000357,-0.008312
0.000000,0.000000,115.000000,0.000651,0.121752,-0.011486,0.106911,0.000055,-0.008925
0.000000,0.000000,117.000000,-0.022561,0.102744,0.005566,0.107310,-0.001890,-0.007532
0.000000,0.000000,122.000000,0.048103,0.088647,0.002581,0.118977,0.004030,-0.006498
0.000000,0.000000,131.000000,0.026412,0.086488,0.013628,0.091011,0.002213,-0.006340
0.000000,0.000000,119.000000,0.007522,0.081417,-0.010007,0.086277,0.000630,-0.005968
0.000000,0.000000,113.000000,-0.015571,0.117143,-0.010500,0.118862,-0.001304,-0.008587
0.000000,0.000000,123.000000,0.006098,0.108624,-0.012354,0.114273,0.000511,-0.007963
0.000000,0.000000,126.000000,-0.001409,0.126752,0.012834,0.100290,-0.000118,-0.009291
0.000000,0.000000,126.000000,-0.009425,0.097957,-0.018557,0.095291,-0.000790,-0.007181
0.000000,0.000000,117.000000,-0.017590,0.115861,-0.003759,0.097652,-0.001474,-0.008493
0.000000,0.000000,115.000000,0.018669,0.096419,-0.014984,0.105699,0.001564,-0.007068
0.000000,0.000000,123.000000,-0.017195,0.098037,0.001638,0.081183,-0.001441,-0.007187
0.000000,0.000000,125.000000,-0.011338,0.109412,-0.020260,0.103068,-0.000950,-0.008020
0.000000,0.000000,121.000000,-0.046946,0.090922,-0.000983,0.094366,-0.003933,-0.006665
0.000000,0.000000,108.000000,-0.028887,0.109848,-0.020444,0.092313,-0.002420,-0.008052
0.000000,0.000000,114.000000,-0.018759,0.071789,0.003119,0.099057,-0.001572,-0.005262
0.000000,0.000000,126.000000,-0.047105,0.122895,-0.030632,0.107516,-0.003946,-0.009009
0.000000,0.000000,120.000000,0.021325,0.113747,-0.008650,0.098404,0.001787,-0.008338
0.000000,0.000000,124.000000,-0.021870,0.109709,0.007410,0.074272,-0.001832,-0.008042
0.000000,0.000000,110.000000,-0.000640,0.100464,-0.008837,0.095373,-0.000054,-0.007364
0.000000,0.000000,125.000000,-0.001336,0.065173,-0.011020,0.098694,-0.000112,-0.004777
0.000000,0.000000,128.000000,-0.004215,0.076331,-0.026306,0.101557,-0.000353,-0.005595
0.000000,0.000000,123.000000,-0.021997,0.093738,-0.022697,0.087097,-0.001843,-0.006871
0.000000,0.000000,127.000000,-0.017905,0.131460,-0.016711,0.113761,-0.001500,-0.009637
0.000000,0.000000,110.000000,-0.018145,0.125205,-0.011380,0.118498,-0.001520,-0.009178
0.000000,0.000000,122.000000,-0.007766,0.110404,-0.021599,0.110705,-0.000651,-0.008093
0.000000,0.000000,125.000000,-0.020091,0.059294,-0.000400,0.073614,-0.001683,-0.004346
0.000000,0.000000,121.000000,0.020595,0.048437,-0.009111,0.083615,0.001725,-0.003551
0.000000,0.000000,115.000000,0.037895,0.098566,-0.007523,0.094962,0.003175,-0.007225
0.000000,0.000000,109.000000,0.041910,0.058909,0.031349,0.085444,0.003511,-0.004318
0.000000,0.000000,125.000000,0.006638,0.058085,-0.016765,0.094625,0.000556,-0.004258
0.000000,0.000000,123.000000,-0.021623,0.070104,-0.006221,0.104082,-0.001811,-0.005139
0.000000,0.000000,123.000000,-0.026834,0.083721,-0.006842,0.083142,-0.002248,-0.006137
0.000000,0.000000,112.000000,-0.018271,0.107732,-0.010298,0.097944,-0.001531,-0.007897
0.000000,0.000000,117.000000,-0.022694,0.097368,-0.025572,0.096714,-0.001901,-0.007137
0.000000,0.000000,125.000000,-0.035509,0.088005,-0.029994,0.091745,-0.002975,-0.006451
0.000000,0.000000,123.000000,0.032189,0.104460,-0.010925,0.071214,0.002697,-0.007657
0.000000,0.000000,118.000000,0.025784,0.096789,-0.007643,0.089834,0.002160,-0.007095
0.000000,0.000000,119.000000,0.015749,0.100162,0.014449,0.094578,0.001319,-0.007342
0.000000,0.000000,119.000000,-0.005155,0.102633,0.001688,0.083517,-0.000432,-0.007523
0.000000,0.000000,125.000000,0.039813,0.101895,0.006304,0.104830,0.003335,-0.007469
0.000000,0.000000,122.000000,0.002520,0.078492,0.015657,0.110241,0.000211,-0.005754
0.000000,0.000000,120.000000,-0.014749,0.085310,-0.013583,0.078479,-0.001236,-0.006254
0.000000,0.000000,111.000000,0.018079,0.097876,0.018441,0.103053,0.001515,-0.007175
0.000000,0.000000,119.000000,0.009095,0.077109,-0.018427,0.105647,0.000762,-0.005652
0.000000,0.000000,123.000000,-0.018787,0.114423,-0.021069,0.086713,-0.001574,-0.008388
0.000000,0.000000,124.000000,0.009570,0.051653,-0.001841,0.118943,0.000802,-0.003786
0.000000,0.000000,111.000000,-0.025312,0.090744,-0.003789,0.073585,-0.002121,-0.006652
0.000000,0.000000,111.000000,-0.006178,0.123501,-0.014930,0.074339,-0.000518,-0.009053
0.000000,0.000000,125.000000,-0.007111,0.085907,-0.025676,0.079198,-0.000596,-0.006297
0.000000,0.000000,125.000000,-0.048172,0.087191,-0.009259,0.082274,-0.004036,-0.006391
0.000000,0.000000,121.000000,0.021535,0.099198,-0.007441,0.090467,0.001804,-0.007272
0.000000,0.000000,114.000000,0.025038,0.079926,-0.000361,0.092852,0.002098,-0.005859
0.000000,0.000000,113.000000,0.034873,0.121930,0.005992,0.089785,0.002922,-0.008938
0.000000,0.000000,120.000000,-0.022042,0.105928,-0.023099,0.090097,-0.001847,-0.007765
0.000000,0.000000,127.000000,-0.030337,0.079574,-0.001484,0.079874,-0.002541,-0.005833
0.000000,0.000000,126.000000,0.004778,0.058176,-0.038919,0.084997,0.000400,-0.004265
0.000000,0.000000,114.000000,-0.067658,0.098401,-0.006758,0.072098,-0.005668,-0.007213
0.000000,0.000000,108.000000,0.013579,0.085353,-0.023346,0.085386,0.001138,-0.006257
0.000000,0.000000,121.000000,0.024177,0.090624,0.011322,0.089932,0.002025,-0.006643
0.000000,0.000000,120.000000,0.015201,0.078805,-0.012386,0.099081,0.001273,-0.005777
0.000000,0.000000,124.000000,0.026210,0.071341,0.012496,0.074259,0.002196,-0.005230
0.000000,0.000000,107.000000,-0.037165,0.087033,-0.006267,0.092589,-0.003114,-0.006380
0.000000,0.000000,107.000000,0.003691,0.090656,0.002643,0.097370,0.000309,-0.006645
0.000000,0.000000,124.000000,-0.027733,0.111572,0.009981,0.094454,-0.002323,-0.008179
0.000000,0.000000,128.000000,-0.009985,0.081404,0.004378,0.112438,-0.000837,-0.005967
0.000000,0.000000,125.000000,-0.005497,0.113985,-0.037281,0.084722,-0.000461,-0.008356
0.000000,0.000000,113.000000,-0.005880,0.035804,-0.005335,0.092775,-0.000493,-0.002625
0.000000,0.000000,107.000000,0.006820,0.152867,0.004306,0.128901,0.000571,-0.011206
0.000000,0.000000,127.000000,0.006654,0.085699,-0.002435,0.065354,0.000557,-0.006282
0.000000,0.000000,129.000000,0.014954,0.061756,0.008367,0.081920,0.001253,-0.004527
0.000000,0.000000,120.000000,-0.030773,0.105562,0.024187,0.110414,-0.002578,-0.007738
0.000000,0.000000,108.000000,0.036856,0.099966,-0.001478,0.107326,0.003088,-0.007328
0.000000,0.000000,107.000000,-0.033402,0.049253,-0.003992,0.094518,-0.002798,-0.003610
0.000000,0.000000,129.000000,-0.008121,0.048517,-0.030788,0.073901,-0.000680,-0.003556
0.000000,0.000000,124.000000,-0.051038,0.100887,-0.026714,0.073285,-0.004276,-0.007395
0.000000,0.000000,122.000000,-0.006048,0.087959,-0.019821,0.076895,-0.000507,-0.006448
0.000000,0.000000,114.000000,0.013197,0.050376,0.004923,0.081110,0.001106,-0.003693
0.000000,0.000000,122.000000,0.042101,0.096621,-0.001904,0.084417,0.003527,-0.007083
0.000000,0.000000,129.000000,0.103168,0.180865,-0.003728,0.125452,0.008643,-0.013258
0.000000,0.000000,122.000000,-0.127828,-0.084605,0.060988,0.209162,-0.010709,0.006202
0.000000,0.000000,116.000000,0.002919,0.101365,-0.059742,0.007911,0.000245,-0.007430
0.000000,0.000000,107.000000,-0.062423,0.036969,-0.081530,-0.013976,-0.005230,-0.002710
0.000000,0.000000,122.000000,-0.094688,0.035986,-0.042427,0.086849,-0.007933,-0.002638
0.000000,-1.000000,123.000000,0.077136,0.221486,-0.023295,0.105160,0.006462,-0.016236
0.000000,0.000000,129.000000,0.023002,0.161907,0.010405,0.122286,0.001927,-0.011868
0.000000,0.000000,113.000000,-0.020929,0.089138,0.001018,0.136283,-0.001753,-0.006534
0.000000,0.000000,110.000000,-0.044433,0.077443,-0.018112,0.126993,-0.003722,-0.005677
0.000000,0.000000,126.000000,-0.002320,0.161423,-0.048091,0.068197,-0.000194,-0.011833
0.000000,0.000000,125.000000,-0.069770,0.035769,-0.078385,0.023971,-0.005845,-0.002622
0.000000,0.000000,122.000000,-0.018299,0.144051,-0.028838,0.073780,-0.001533,-0.010559
0.000000,0.000000,116.000000,0.090894,0.246188,0.038563,0.153322,0.007615,-0.018047
0.000000,0.000000,111.000000,0.132567,0.278291,0.153832,0.289516,0.011106,-0.020400
0.000000,0.000000,123.000000,0.054223,0.233327,0.079550,0.274461,0.004543,-0.017104
0.000000,0.000000,130.000000,0.082234,0.204073,0.078263,0.219185,0.006889,-0.014959
0.000000,0.000000,119.000000,-0.011691,0.008714,0.039750,0.076928,-0.000979,-0.000639
-1.000000,0.000000,117.000000,-0.092536,-0.030635,-0.026379,0.037180,-0.007752,0.002246
0.000000,-1.000000,115.000000,-0.077170,-0.003098,-0.099541,-0.040497,-0.006465,0.000227
0.000000,0.000000,123.000000,-0.068845,0.052630,-0.132695,-0.001258,-0.005768,-0.003858
0.000000,0.000000,127.000000,0.096741,0.246658,0.148759,0.289785,0.008105,-0.018081
0.000000,-1.000000,121.000000,0.084929,0.377561,0.148924,0.365486,0.007115,-0.027677
-1.000000,-1.000000,112.000000,0.106227,0.273361,-0.097735,0.086790,0.008899,-0.020038
0.000000,0.000000,106.000000,0.173114,0.306604,0.314409,0.535014,0.014503,-0.022475
0.000000,0.000000,126.000000,0.205768,0.413483,0.151232,0.283663,0.017238,-0.030310
0.000000,0.000000,119.000000,-0.111562,-0.122307,-0.026651,0.059365,-0.009346,0.008966
0.000000,0.000000,115.000000,-0.356304,-0.406546,-0.242008,-0.224419,-0.029850,0.029801
0.000000,0.000000,115.000000,-0.316547,-0.358906,-0.303462,-0.388614,-0.026519,0.026309
0.000000,0.000000,106.000000,-0.131412,-0.102039,-0.334098,-0.391448,-0.011009,0.007480
0.000000,0.000000,124.000000,0.200042,0.372522,0.183483,0.414467,0.016759,-0.027307
0.000000,0.000000,122.000000,0.318633,0.478529,0.174725,0.320341,0.026694,-0.035078
0.000000,0.000000,105.000000,0.057406,0.075331,0.165022,0.318696,0.004809,-0.005522
0.000000,0.000000,116.000000,-0.010357,0.095393,0.036120,0.184440,-0.000868,-0.006993
0.000000,0.000000,114.000000,-0.100300,-0.058705,-0.091093,-0.007522,-0.008403,0.004303
0.000000,0.000000,127.000000,-0.175426,-0.146899,-0.129664,-0.101261,-0.014696,0.010768
0.000000,0.000000,126.000000,-0.001490,0.118161,-0.078727,0.001504,-0.000125,-0.008662
0.000000,-1.000000,114.000000,0.101278,0.300699,0.033886,0.164563,0.008485,-0.022042
0.000000,0.000000,114.000000,0.073568,0.251784,0.105735,0.257302,0.006163,-0.018457
0.000000,0.000000,107.000000,0.035436,0.096841,0.062250,0.163444,0.002969,-0.007099
0.000000,0.000000,127.000000,-0.058942,0.012310,-0.027391,0.054023,-0.004938,-0.000902
0.000000,0.000000,124.000000,-0.096489,-0.000781,-0.077106,0.003852,-0.008083,0.000057
0.000000,0.000000,111.000000,-0.062372,-0.000275,-0.070232,-0.019432,-0.005225,0.000020
0.000000,0.000000,108.000000,0.005850,0.169535,-0.012731,0.093686,0.000490,-0.012428
0.000000,0.000000,103.000000,0.114344,0.226176,0.041874,0.207089,0.009579,-0.016580
0.000000,0.000000,124.000000,0.065544,0.160513,0.082311,0.208927,0.005491,-0.011766
0.000000,0.000000,125.000000,-0.009441,0.084362,0.021135,0.125795,-0.000791,-0.006184
0.000000,0.000000,111.000000,-0.068429,0.015774,-0.034036,0.035338,-0.005733,-0.001156
0.000000,0.000000,110.000000,-0.077996,-0.017720,-0.061953,0.009752,-0.006534,0.001299
0.000000,0.000000,132.000000,-0.030943,0.097167,-0.034966,0.052789,-0.002592,-0.007123
0.000000,0.000000,128.000000,0.051263,0.182964,0.004155,0.134864,0.004295,-0.013412
0.000000,0.000000,128.000000,0.059827,0.169397,0.033582,0.171897,0.005012,-0.012417
0.000000,0.000000,113.000000,-0.010877,0.142385,0.039216,0.129364,-0.000911,-0.010437
0.000000,0.000000,112.000000,-0.045352,0.084311,0.013792,0.104306,-0.003799,-0.006180
0.000000,0.000000,109.000000,-0.071444,0.022376,-0.038740,0.072751,-0.005985,-0.001640
0.000000,0.000000,132.000000,0.010468,0.080016,-0.050237,0.038619,0.000877,-0.005866
0.000000,0.000000,118.000000,0.005099,0.120748,-0.007169,0.088324,0.000427,-0.008851
0.000000,0.000000,118.000000,0.041237,0.134889,0.010469,0.102688,0.003455,-0.009888
0.000000,0.000000,110.000000,-0.023752,0.125218,0.025709,0.144639,-0.001990,-0.009179
0.000000,0.000000,129.000000,-0.011498,0.126467,0.002762,0.113818,-0.000963,-0.009271
0.000000,0.000000,131.000000,-0.010134,0.042537,-0.006680,0.067747,-0.000849,-0.003118
0.000000,0.000000,121.000000,-0.036955,0.055428,-0.023335,0.057269,-0.003096,-0.004063
0.000000,0.000000,114.000000,-0.034348,0.066929,-0.049572,0.049336,-0.002878,-0.004906
0.000000,0.000000,107.000000,0.006761,0.070933,0.000078,0.077376,0.000566,-0.005200
0.000000,0.000000,128.000000,0.000950,0.110570,0.014384,0.097455,0.000080,-0.008105
0.000000,0.000000,128.000000,-0.005321,0.115715,-0.007603,0.129557,-0.000446,-0.008482
0.000000,0.000000,118.000000,-0.064923,0.090142,-0.015901,0.096463,-0.005439,-0.006608
0.000000,0.000000,114.000000,-0.018831,0.044743,-0.013288,0.095239,-0.001578,-0.003280
0.000000,0.000000,113.000000,-0.038547,0.083834,-0.014448,0.049510,-0.003229,-0.006145
0.000000,0.000000,130.000000,0.002185,0.130175,-0.020984,0.086422,0.000183,-0.009542
0.000000,0.000000,125.000000,-0.000422,0.096114,0.002218,0.108324,-0.000035,-0.007046
0.000000,0.000000,117.000000,-0.122006,-0.069004,-0.001501,0.082290,-0.010221,0.005058
0.000000,0.000000,113.000000,0.063113,0.206125,0.014721,0.123063,0.005287,-0.015110
0.000000,0.000000,110.000000,-0.057297,0.191486,-0.080183,0.036407,-0.004800,-0.014037
0.000000,0.000000,124.000000,-0.012774,0.023509,-0.015696,0.092143,-0.001070,-0.001723
0.000000,0.000000,123.000000,0.037526,0.255456,-0.006994,0.120621,0.003144,-0.018726
0.000000,0.000000,111.000000,-0.007714,0.100273,-0.012696,0.135454,-0.000646,-0.007350
0.000000,0.000000,109.000000,-0.056948,0.031788,0.016294,0.126590,-0.004771,-0.002330
0.000000,0.000000,108.000000,0.007949,0.135175,-0.019526,0.059138,0.000666,-0.009909
0.000000,0.000000,127.000000,0.011195,0.074708,-0.028557,0.060534,0.000938,-0.005476
0.000000,0.000000,118.000000,0.004045,0.104327,0.011359,0.124539,0.000339,-0.007648
0.000000,0.000000,108.000000,0.024668,0.126295,-0.012785,0.078450,0.002067,-0.009258
0.000000,0.000000,111.000000,0.037379,0.174086,0.050620,0.187705,0.003131,-0.012761
0.000000,0.000000,106.000000,-0.019067,-0.023312,-0.050528,0.073013,-0.001597,0.001709
0.000000,0.000000,130.000000,-0.056828,-0.019841,-0.059814,-0.004120,-0.004761,0.001454
0.000000,0.000000,123.000000,-0.063392,0.040083,-0.064080,0.002627,-0.005311,-0.002938
0.000000,0.000000,109.000000,-0.029068,0.189292,-0.009397,0.130516,-0.002435,-0.013876
0.000000,0.000000,111.000000,0.028842,0.144687,0.006973,0.161907,0.002416,-0.010606
0.000000,0.000000,118.000000,-0.011945,0.086862,0.012991,0.126311,-0.001001,-0.006367
0.000000,0.000000,130.000000,-0.000420,0.043349,-0.003781,0.090388,-0.000035,-0.003178
0.000000,0.000000,120.000000,-0.039323,0.082185,-0.016687,0.062565,-0.003294,-0.006025
0.000000,0.000000,116.000000,-0.006999,0.025463,-0.063113,0.061155,-0.000586,-0.001867
0.000000,0.000000,114.000000,0.003679,0.039042,-0.008498,0.061196,0.000308,-0.002862
0.000000,0.000000,112.000000,0.041091,0.165958,0.004624,0.116223,0.003442,-0.012165
0.000000,0.000000,130.000000,0.051878,0.129771,0.033687,0.129249,0.004346,-0.009513
0.000000,0.000000,121.000000,-0.011092,0.093121,0.002595,0.087156,-0.000929,-0.006826
0.000000,0.000000,116.000000,-0.021315,0.059156,-0.004753,0.084522,-0.001786,-0.004336
0.000000,0.000000,112.000000,-0.039571,0.045426,-0.042079,0.041307,-0.003315,-0.003330
0.000000,0.000000,127.000000,-0.037160,0.059191,-0.031874,0.044639,-0.003113,-0.004339
0.000000,0.000000,126.000000,0.147701,0.276162,0.029855,0.125014,0.012374,-0.020244
0.000000,0.000000,113.000000,-0.235651,-0.161794,-0.078113,0.015639,-0.019742,0.011860
0.000000,0.000000,113.000000,-0.000719,-0.032936,0.059324,0.181668,-0.000060,0.002414
0.000000,0.000000,110.000000,0.098703,0.237532,-0.098696,-0.109942,0.008269,-0.017412
0.000000,0.000000,125.000000,-0.104398,-0.056266,0.028151,0.181579,-0.008746,0.004124
0.000000,0.000000,125.000000,0.025793,0.129850,0.044815,0.188522,0.002161,-0.009519
0.000000,0.000000,118.000000,0.077398,0.208408,-0.051210,-0.006382,0.006484,-0.015277
0.000000,0.000000,111.000000,-0.100809,-0.110769,-0.016256,0.055116,-0.008445,0.008120
0.000000,0.000000,106.000000,-0.018810,0.113873,-0.001804,0.109652,-0.001576,-0.008347
0.000000,0.000000,126.000000,-0.023541,0.044250,-0.089451,-0.040819,-0.001972,-0.003244
0.000000,0.000000,123.000000,-0.131046,-0.096034,-0.052422,0.050743,-0.010979,0.007040
0.000000,0.000000,117.000000,0.013436,0.223979,0.001072,0.110982,0.001126,-0.016419
0.000000,0.000000,110.000000,0.128710,0.284246,0.019080,0.144934,0.010783,-0.020836
0.000000,0.000000,108.000000,0.002613,0.072352,0.084380,0.193299,0.000219,-0.005304
0.000000,0.000000,128.000000,-0.020468,0.081733,0.035261,0.188647,-0.001715,-0.005991
0.000000,0.000000,119.000000,0.004396,0.090065,-0.055380,-0.008596,0.000368,-0.006602
0.000000,0.000000,117.000000,-0.136986,-0.095902,-0.078561,-0.018350,-0.011476,0.007030
0.000000,0.000000,108.000000,-0.064712,0.053907,-0.019872,0.086393,-0.005421,-0.003952
0.000000,0.000000,115.000000,0.059116,0.222761,-0.040410,0.074310,0.004953,-0.016329
0.000000,0.000000,126.000000,0.030026,0.119085,0.016278,0.117803,0.002515,-0.008729
0.000000,0.000000,116.000000,0.000772,0.133931,0.039938,0.173143,0.000065,-0.009818
0.000000,0.000000,108.000000,-0.006812,-0.024626,0.000003,0.075324,-0.000571,0.001805
0.000000,0.000000,110.000000,-0.081154,-0.000183,-0.064520,0.013417,-0.006799,0.000013
0.000000,0.000000,105.000000,-0.118457,-0.031232,-0.080912,-0.044859,-0.009924,0.002289
0.000000,0.000000,124.000000,0.003650,0.110641,-0.020287,0.051690,0.000306,-0.008110
-1.000000,0.000000,113.000000,0.102224,0.209732,0.009044,0.133791,0.008564,-0.015374
0.000000,0.000000,108.000000,0.066686,0.145322,0.074540,0.166201,0.005587,-0.010653
0.000000,0.000000,106.000000,-0.013357,-0.014980,0.035257,0.139290,-0.001119,0.001098
0.000000,0.000000,107.000000,0.008027,0.103866,-0.032107,0.038333,0.000672,-0.007614
0.000000,0.000000,126.000000,-0.042674,0.098529,-0.058513,0.051394,-0.003575,-0.007223
0.000000,0.000000,115.000000,0.047091,0.113713,-0.001155,0.077308,0.003945,-0.008336
0.000000,0.000000,110.000000,0.085262,0.189889,0.039976,0.163250,0.007143,-0.013920
0.000000,0.000000,107.000000,0.041740,0.194709,0.069160,0.239743,0.003497,-0.014273
0.000000,0.000000,127.000000,-0.043953,-0.020768,-0.070403,0.045974,-0.003682,0.001522
0.000000,0.000000,121.000000,-0.342277,-0.298174,-0.234168,-0.227590,-0.028675,0.021857
0.000000,0.000000,115.000000,0.315399,0.600802,0.183419,0.337694,0.026423,-0.044041
0.000000,0.000000,110.000000,0.310733,0.661983,0.129035,0.306707,0.026032,-0.048526
0.000000,0.000000,106.000000,-0.028667,0.037432,0.230915,0.482074,-0.002402,-0.002744
0.000000,0.000000,131.000000,-0.041724,0.025381,0.018559,0.144385,-0.003495,-0.001861
0.000000,0.000000,122.000000,-0.179782,-0.141112,-0.179784,-0.236123,-0.015061,0.010344
0.000000,0.000000,112.000000,-0.180265,-0.143037,-0.155977,-0.101947,-0.015102,0.010485
0.000000,0.000000,111.000000,0.050134,0.206930,-0.046311,0.084530,0.004200,-0.015169
0.000000,0.000000,108.000000,0.144927,0.332704,0.081451,0.210246,0.012141,-0.024388
0.000000,0.000000,128.000000,0.054636,0.230713,0.150702,0.328606,0.004577,-0.016912
0.000000,0.000000,123.000000,0.019424,0.096441,0.100385,0.258546,0.001627,-0.007069
0.000000,0.000000,112.000000,-0.102386,-0.028534,-0.081051,-0.019427,-0.008577,0.002092
0.000000,0.000000,114.000000,-0.192467,-0.118496,-0.147507,-0.098934,-0.016124,0.008686
0.000000,0.000000,114.000000,-0.006142,0.047772,-0.087974,-0.007431,-0.000515,-0.003502
0.000000,0.000000,126.000000,0.091280,0.213965,0.014253,0.129950,0.007647,-0.015684
0.000000,0.000000,121.000000,0.072735,0.189535,0.095538,0.235567,0.006093,-0.013894
0.000000,0.000000,111.000000,0.075002,0.167600,0.075068,0.225920,0.006283,-0.012286
0.000000,0.000000,106.000000,-0.042982,0.021794,-0.001531,0.100184,-0.003601,-0.001598
0.000000,0.000000,109.000000,-0.107725,-0.100427,-0.099297,-0.037997,-0.009025,0.007362
0.000000,0.000000,127.000000,-0.044519,-0.021687,-0.075430,-0.042169,-0.003730,0.001590
0.000000,0.000000,116.000000,0.078345,0.206395,-0.024069,0.087540,0.006563,-0.015130
0.000000,0.000000,114.000000,0.058522,0.190917,0.056268,0.178834,0.004903,-0.013995
0.000000,0.000000,112.000000,0.070031,0.188818,0.078992,0.200433,0.005867,-0.013841
0.000000,0.000000,110.000000,0.038475,0.097384,0.017697,0.126351,0.003223,-0.007139
0.000000,0.000000,125.000000,-0.053507,-0.001707,-0.017717,0.026438,-0.004483,0.000125
0.000000,0.000000,116.000000,-0.087318,-0.030153,-0.049983,-0.002470,-0.007315,0.002210
0.000000,0.000000,113.000000,0.016232,0.142822,-0.039001,0.055741,0.001360,-0.010469
0.000000,0.000000,109.000000,0.058342,0.131558,0.019860,0.136885,0.004888,-0.009644
0.000000,0.000000,114.000000,0.020018,0.176340,0.041098,0.178749,0.001677,-0.012926
0.000000,0.000000,123.000000,-0.001997,0.141355,-0.003310,0.152258,-0.000167,-0.010362
0.000000,0.000000,114.000000,-0.051892,0.054280,-0.032292,0.069620,-0.004347,-0.003979
0.000000,0.000000,111.000000,-0.046513,0.021810,-0.054353,0.029151,-0.003897,-0.001599
0.000000,0.000000,108.000000,-0.027144,0.045461,-0.029585,0.040395,-0.002274,-0.003332
0.000000,0.000000,111.000000,0.003159,0.151509,-0.014692,0.105496,0.000265,-0.011106
0.000000,0.000000,121.000000,0.058550,0.175924,0.030805,0.166802,0.004905,-0.012896
0.000000,0.000000,111.000000,0.013329,0.161084,0.008729,0.128301,0.001117,-0.011808
0.000000,0.000000,109.000000,-0.087194,0.009263,-0.031280,0.113014,-0.007305,-0.000679
0.000000,0.000000,113.000000,-0.043760,0.064437,-0.057755,0.025270,-0.003666,-0.004723
0.000000,0.000000,125.000000,-0.058479,0.077890,-0.051929,0.012335,-0.004899,-0.005710
0.000000,0.000000,120.000000,-0.047977,0.075249,0.012383,0.117166,-0.004019,-0.005516
0.000000,0.000000,117.000000,0.056247,0.197226,0.010737,0.175051,0.004712,-0.014457
0.000000,-1.000000,109.000000,0.015997,0.164269,0.032626,0.158063,0.001340,-0.012042
0.000000,0.000000,115.000000,-0.071939,0.081007,-0.000077,0.124826,-0.006027,-0.005938
0.000000,0.000000,125.000000,-0.013273,0.061669,-0.026203,0.073689,-0.001112,-0.004521
0.000000,0.000000,114.000000,-0.053352,0.053068,-0.055787,0.030013,-0.004470,-0.003890
0.000000,0.000000,112.000000,-0.064668,0.058745,-0.059252,0.075839,-0.005418,-0.004306
0.000000,0.000000,111.000000,0.018223,0.141163,-0.012963,0.131192,0.001527,-0.010348
0.000000,0.000000,110.000000,0.014937,0.152174,0.001447,0.138943,0.001251,-0.011155
0.000000,0.000000,124.000000,-0.005190,0.037331,0.112076,0.240718,-0.000435,-0.002737
0.000000,0.000000,111.000000,-0.259806,-0.281406,-0.105837,-0.014526,-0.021765,0.020628
0.000000,0.000000,111.000000,-0.175750,-0.137413,-0.288710,-0.308669,-0.014724,0.010073
0.000000,0.000000,111.000000,-0.120473,0.001124,-0.185908,-0.180374,-0.010093,-0.000082
0.000000,0.000000,112.000000,0.235023,0.389051,0.114659,0.270236,0.019689,-0.028519
0.000000,0.000000,120.000000,0.370001,0.633489,0.286076,0.513016,0.030997,-0.046437
0.000000,0.000000,117.000000,0.110013,0.236207,0.238879,0.446576,0.009216,-0.017315
0.000000,0.000000,107.000000,-0.137902,-0.075915,0.043717,0.166864,-0.011553,0.005565
0.000000,0.000000,107.000000,-0.229673,-0.170548,-0.181310,-0.143824,-0.019241,0.012502
0.000000,0.000000,111.000000,-0.183174,-0.202211,-0.261709,-0.299304,-0.015346,0.014823
0.000000,0.000000,125.000000,-0.049047,0.064895,-0.091609,-0.034926,-0.004109,-0.004757
0.000000,0.000000,113.000000,0.161077,0.359480,0.091095,0.257782,0.013494,-0.026351
0.000000,0.000000,112.000000,0.164418,0.290002,0.136530,0.348349,0.013774,-0.021258
0.000000,0.000000,107.000000,0.024627,0.065904,0.095401,0.217321,0.002063,-0.004831
0.000000,0.000000,113.000000,-0.144993,-0.065287,-0.085482,-0.031596,-0.012147,0.004786
0.000000,0.000000,125.000000,-0.156342,-0.169974,-0.166050,-0.144811,-0.013098,0.012460
0.000000,0.000000,111.000000,-0.108716,-0.133810,-0.157176,-0.136823,-0.009108,0.009809
0.000000,0.000000,112.000000,0.120610,0.332675,-0.002139,0.098625,0.010104,-0.024386
0.000000,0.000000,112.000000,0.182313,0.342038,0.140890,0.312034,0.015273,-0.025073
0.000000,0.000000,117.000000,0.124350,0.319368,0.140657,0.344359,0.010418,-0.023411
0.000000,0.000000,119.000000,0.057136,0.206299,0.145573,0.294498,0.004787,-0.015123
0.000000,0.000000,113.000000,-0.033161,0.046077,-0.002899,0.078566,-0.002778,-0.003378
0.000000,0.000000,103.000000,-0.254217,-0.227958,-0.164062,-0.105231,-0.021297,0.016710
0.000000,0.000000,107.000000,-0.199329,-0.243808,-0.200712,-0.201787,-0.016699,0.017872
0.000000,0.000000,120.000000,0.125830,0.216727,-0.077695,-0.014724,0.010542,-0.015887
0.000000,0.000000,122.000000,0.165144,0.355472,0.140205,0.302005,0.013835,-0.026057
0.000000,0.000000,107.000000,0.152338,0.299124,0.234278,0.452283,0.012762,-0.021927
0.000000,0.000000,106.000000,0.055350,0.155885,0.041384,0.115225,0.004637,-0.011427
0.000000,0.000000,112.000000,-0.324294,-0.359275,-0.168959,-0.152694,-0.027168,0.026336
0.000000,0.000000,119.000000,-0.224635,-0.227196,-0.231566,-0.193074,-0.018819,0.016654
0.000000,0.000000,119.000000,-0.026897,0.064833,-0.156069,-0.115707,-0.002253,-0.004753
0.000000,0.000000,107.000000,0.082390,0.254836,0.021478,0.169383,0.006902,-0.018680
0.000000,0.000000,114.000000,0.172511,0.423712,0.201387,0.393968,0.014452,-0.031060
0.000000,0.000000,112.000000,0.110761,0.284648,0.150708,0.306560,0.009279,-0.020866
0.000000,0.000000,126.000000,-0.130509,-0.051076,-0.020438,0.100289,-0.010933,0.003744
0.000000,0.000000,115.000000,-0.182641,-0.171907,-0.146309,-0.097088,-0.015301,0.012601
0.000000,0.000000,113.000000,-0.145707,-0.097562,-0.161185,-0.163538,-0.012207,0.007152
0.000000,0.000000,110.000000,0.008817,0.149231,-0.092866,0.005147,0.000739,-0.010939
0.000000,0.000000,108.000000,0.058304,0.190297,0.085410,0.221326,0.004884,-0.013949
0.000000,0.000000,125.000000,0.133655,0.327338,0.102880,0.287518,0.011197,-0.023995
0.000000,0.000000,116.000000,-0.014909,0.117073,0.066389,0.179891,-0.001249,-0.008582
0.000000,0.000000,105.000000,-0.148814,-0.083322,-0.019707,0.064005,-0.012467,0.006108
0.000000,0.000000,102.000000,-0.162765,-0.059218,-0.128816,-0.075303,-0.013636,0.004341
0.000000,0.000000,108.000000,0.024196,0.076690,-0.077853,-0.070151,0.002027,-0.005622
0.000000,0.000000,125.000000,-0.177964,-0.086271,0.012920,0.143119,-0.014909,0.006324
0.000000,0.000000,116.000000,0.026188,0.161817,-0.031599,0.060180,0.002194,-0.011862
0.000000,0.000000,112.000000,0.032128,0.159160,-0.046090,0.019296,0.002692,-0.011667
0.000000,0.000000,106.000000,0.090771,0.194331,0.089582,0.240244,0.007604,-0.014245
0.000000,0.000000,115.000000,0.099832,0.275048,0.152202,0.305049,0.008364,-0.020162
0.000000,0.000000,126.000000,0.002693,0.144931,0.074524,0.201239,0.000226,-0.010624
0.000000,0.000000,111.000000,-0.093039,-0.146072,0.018591,0.087603,-0.007794,0.010708
0.000000,0.000000,108.000000,-0.139299,-0.009043,-0.214372,-0.213420,-0.011670,0.000663
0.000000,0.000000,109.000000,-0.139673,-0.122151,-0.202722,-0.179100,-0.011701,0.008954
0.000000,0.000000,112.000000,-0.041883,0.061848,0.007612,0.168976,-0.003509,-0.004534
0.000000,0.000000,111.000000,-0.048615,-0.013437,-0.162741,-0.152617,-0.004073,0.000985
0.000000,0.000000,110.000000,-0.117267,-0.268787,-0.022482,-0.031568,-0.009824,0.019703
0.000000,0.000000,111.000000,0.528126,0.971118,0.239803,0.125602,0.044244,-0.071187
0.000000,0.000000,104.000000,0.389760,0.607108,0.531420,1.025624,0.032652,-0.044503
0.000000,0.000000,112.000000,0.066430,0.201889,0.277294,0.544372,0.005565,-0.014799
0.000000,0.000000,116.000000,-0.166263,-0.355876,-0.073654,-0.126151,-0.013929,0.026087
0.000000,0.000000,106.000000,-0.452710,-0.508756,-0.475286,-0.575756,-0.037926,0.037294
0.000000,0.000000,103.000000,-0.162638,-0.142373,-0.246555,-0.172338,-0.013625,0.010436
0.000000,0.000000,106.000000,0.263913,0.442386,0.062226,0.142183,0.022110,-0.032429
0.000000,0.000000,116.000000,0.219699,0.498391,0.228143,0.413852,0.018405,-0.036534
0.000000,0.000000,116.000000,0.017579,0.186887,0.165130,0.377476,0.001473,-0.013700
0.000000,0.000000,98.000000,-0.107323,-0.137755,-0.062591,0.000714,-0.008991,0.010098
0.000000,0.000000,106.000000,-0.205570,-0.255104,-0.234417,-0.257229,-0.017222,0.018700
0.000000,0.000000,103.000000,-0.102302,0.009507,-0.128620,-0.046165,-0.008570,-0.000697
0.000000,0.000000,116.000000,0.149396,0.281572,0.067035,0.206622,0.012516,-0.020640
0.000000,0.000000,105.000000,0.144135,0.320942,0.136036,0.294853,0.012075,-0.023526
0.000000,0.000000,97.000000,-0.031817,0.100280,0.068213,0.248923,-0.002665,-0.007351
0.000000,0.000000,98.000000,-0.177020,-0.052109,-0.076208,-0.013133,-0.014830,0.003820
0.000000,0.000000,109.000000,-0.078763,-0.090578,-0.145813,-0.117700,-0.006598,0.006640
0.000000,0.000000,111.000000,-0.008434,0.084035,-0.050958,-0.028287,-0.000707,-0.006160
0.000000,0.000000,110.000000,0.119042,0.257914,0.075237,0.213536,0.009973,-0.018906
0.000000,0.000000,105.000000,0.102201,0.206726,0.100387,0.218520,0.008562,-0.015154
0.000000,0.000000,104.000000,-0.088962,0.033967,-0.028638,0.092830,-0.007453,-0.002490
0.000000,0.000000,110.000000,-0.120203,-0.036371,-0.091950,0.009723,-0.010070,0.002666
0.000000,0.000000,122.000000,-0.094461,0.037736,-0.090329,0.002145,-0.007914,-0.002766
0.000000,0.000000,119.000000,0.018317,0.130923,-0.018334,0.087833,0.001535,-0.009597
0.000000,0.000000,109.000000,0.079114,0.207947,0.067169,0.188316,0.006628,-0.015243
0.000000,0.000000,106.000000,0.015815,0.146052,0.044814,0.202769,0.001325,-0.010706
0.000000,0.000000,117.000000,-0.096575,0.012365,-0.024016,0.062332,-0.008091,-0.000906
0.000000,0.000000,120.000000,-0.088773,-0.030311,-0.078166,-0.015433,-0.007437,0.002222
0.000000,0.000000,114.000000,-0.000762,0.079815,-0.056353,0.034412,-0.000064,-0.005851
0.000000,0.000000,107.000000,0.040145,0.142005,0.020096,0.117291,0.003363,-0.010410
0.000000,0.000000,108.000000,0.056440,0.154030,0.042336,0.145944,0.004728,-0.011291
0.000000,0.000000,110.000000,-0.001878,0.066368,0.022174,0.109690,-0.000157,-0.004865
0.000000,0.000000,120.000000,-0.088569,0.037659,-0.047977,0.065307,-0.007420,-0.002761
0.000000,0.000000,109.000000,-0.026864,0.034797,-0.059992,-0.002719,-0.002251,-0.002551
0.000000,0.000000,107.000000,-0.012743,0.128042,-0.020468,0.079338,-0.001068,-0.009386
0.000000,0.000000,107.000000,0.041484,0.159880,0.017952,0.147840,0.003475,-0.011720
0.000000,0.000000,116.000000,0.020571,0.069412,0.029316,0.131069,0.001723,-0.005088
0.000000,0.000000,126.000000,-0.034058,0.067950,-0.019638,0.063762,-0.002853,-0.004981
0.000000,0.000000,115.000000,-0.042059,0.055794,-0.036676,0.031197,-0.003524,-0.004090
0.000000,0.000000,111.000000,-0.063405,0.013275,-0.043951,0.040834,-0.005312,-0.000973
0.000000,0.000000,111.000000,-0.029698,0.164446,-0.019686,0.098180,-0.002488,-0.012054
0.000000,0.000000,120.000000,0.070168,0.175253,-0.000462,0.123832,0.005878,-0.012847
0.000000,0.000000,114.000000,-0.009125,0.090912,0.050878,0.109548,-0.000764,-0.006664
0.000000,0.000000,108.000000,-0.024580,0.054245,-0.010077,0.089024,-0.002059,-0.003976
0.000000,0.000000,103.000000,-0.031110,0.015929,-0.004906,0.096866,-0.002606,-0.001168
0.000000,0.000000,111.000000,-0.015311,0.133772,-0.023022,0.081421,-0.001283,-0.009806
0.000000,0.000000,115.000000,-0.015218,0.127879,-0.032304,0.061731,-0.001275,-0.009374
0.000000,0.000000,115.000000,-0.020015,0.112341,-0.015670,0.116180,-0.001677,-0.008235
0.000000,0.000000,108.000000,0.017759,0.113820,-0.015816,0.109546,0.001488,-0.008343
0.000000,0.000000,107.000000,0.004676,0.072832,-0.006430,0.096495,0.000392,-0.005339
0.000000,0.000000,117.000000,-0.018984,0.105293,-0.004189,0.082487,-0.001590,-0.007718
0.000000,0.000000,125.000000,0.024429,0.095631,-0.013649,0.088198,0.002047,-0.007010
0.000000,0.000000,114.000000,-0.027009,0.128522,0.025039,0.117718,-0.002263,-0.009421
0.000000,0.000000,107.000000,0.337204,0.679889,0.111819,0.260811,0.028250,-0.049838
0.000000,0.000000,109.000000,-0.040186,0.024462,0.171886,0.377678,-0.003367,-0.001793
0.000000,0.000000,118.000000,-0.069350,-0.041667,0.128374,0.310746,-0.005810,0.003054
0.000000,0.000000,121.000000,-0.274306,-0.280721,-0.236244,-0.272307,-0.022980,0.020578
0.000000,0.000000,104.000000,-0.454143,-0.630819,-0.488436,-0.600403,-0.038046,0.046241
0.000000,0.000000,109.000000,-0.220165,-0.265984,-0.347437,-0.414904,-0.018444,0.019498
0.000000,0.000000,104.000000,0.204257,0.395703,-0.008216,0.065628,0.017112,-0.029007
0.000000,0.000000,112.000000,0.380031,0.655080,0.309570,0.548644,0.031837,-0.048020
0.000000,0.000000,120.000000,0.243999,0.464866,0.351045,0.660623,0.020441,-0.034076
0.000000,0.000000,111.000000,-0.022655,0.005092,0.086306,0.212847,-0.001898,-0.000373
0.000000,0.000000,104.000000,-0.352299,-0.444367,-0.237300,-0.264831,-0.029514,0.032574
0.000000,0.000000,110.000000,-0.289895,-0.355201,-0.362400,-0.410322,-0.024286,0.026038
0.000000,0.000000,115.000000,-0.054341,0.044769,-0.175954,-0.186936,-0.004552,-0.003282
0.000000,0.000000,127.000000,0.179379,0.381876,0.087411,0.226498,0.015028,-0.027993
0.000000,0.000000,114.000000,0.341393,0.572222,0.291681,0.553717,0.028601,-0.041946
0.000000,0.000000,103.000000,0.170513,0.350424,0.255520,0.467338,0.014285,-0.025687
0.000000,0.000000,106.000000,-0.132161,-0.075998,0.017057,0.133947,-0.011072,0.005571
0.000000,0.000000,120.000000,-0.224521,-0.240483,-0.182715,-0.185603,-0.018809,0.017628
0.000000,0.000000,115.000000,-0.313040,-0.435944,-0.199601,-0.202950,-0.026225,0.031956
0.000000,0.000000,109.000000,-3.242922,-4.080483,-2.638193,-3.722731,-0.271678,0.299115
0.000000,-1.000000,112.000000,1.225069,1.438730,-0.045550,0.018576,0.102631,-0.105464
0.000000,-1.000000,109.000000,0.556715,1.214604,0.451963,0.705601,0.046639,-0.089035
1.000000,0.000000,115.000000,0.142709,0.419234,0.447475,0.917709,0.011956,-0.030731
0.000000,0.000000,111.000000,-0.372071,-0.611046,0.002148,-0.000935,-0.031171,0.044792
0.000000,0.000000,108.000000,-0.641121,-0.910731,-0.603012,-0.919432,-0.053710,0.066760
0.000000,0.000000,106.000000,-0.871581,-0.979883,-0.629256,-0.705131,-0.073017,0.071829
0.000000,0.000000,109.000000,-0.643863,-0.983807,-0.961542,-1.264442,-0.053940,0.072117
0.000000,0.000000,121.000000,0.481530,0.443774,0.079438,-0.149477,0.040341,-0.032530
0.000000,0.000000,113.000000,-0.311137,-0.313597,0.039567,0.030210,-0.026066,0.022988
0.000000,0.000000,107.000000,0.831873,1.286076,0.266782,0.557612,0.069691,-0.094274
0.000000,0.000000,114.000000,0.407162,0.456263,0.643757,0.941070,0.034110,-0.033446
0.000000,0.000000,117.000000,0.360943,0.643542,0.461398,0.687594,0.030238,-0.047174
0.000000,0.000000,123.000000,0.203562,0.538406,0.123583,0.423744,0.017054,-0.039467
0.000000,0.000000,115.000000,0.331706,0.575990,0.346038,0.670819,0.027789,-0.042222
0.000000,0.000000,105.000000,0.057897,0.399462,0.223839,0.506121,0.004850,-0.029282
0.000000,0.000000,110.000000,-0.269067,0.080685,-0.096272,0.200514,-0.022541,-0.005914
0.000000,1.000000,117.000000,-0.304342,-0.223826,-0.076899,0.262122,-0.025496,0.016407
0.000000,0.000000,124.000000,-0.187694,-0.217214,-0.311575,-0.302806,-0.015724,0.015923
0.000000,0.000000,107.000000,0.222216,0.263227,-0.227794,-0.282975,0.018616,-0.019296
0.000000,0.000000,105.000000,0.452035,0.530520,0.472567,0.644868,0.037870,-0.038889
0.000000,0.000000,113.000000,0.405431,0.707839,0.436641,0.645170,0.033965,-0.051887
0.000000,0.000000,118.000000,0.238007,0.503078,0.339773,0.643667,0.019939,-0.036878
0.000000,0.000000,128.000000,0.210815,0.320730,0.299366,0.505807,0.017661,-0.023511
0.000000,0.000000,110.000000,0.305877,0.488949,0.154635,0.230394,0.025625,-0.035842
0.000000,0.000000,105.000000,0.226462,0.558412,0.298394,0.573692,0.018972,-0.040934
0.000000,0.000000,115.000000,0.177366,0.416202,0.124720,0.404245,0.014859,-0.030509
0.000000,0.000000,122.000000,-0.047379,-0.226430,-0.019770,-0.080841,-0.003969,0.016598
0.000000,0.000000,112.000000,0.379974,0.600588,0.220806,0.267173,0.031833,-0.044025
0.000000,0.000000,110.000000,0.344333,0.700446,0.304811,0.618441,0.028847,-0.051345
0.000000,0.000000,109.000000,0.223919,0.425715,0.210425,0.426504,0.018759,-0.031207
0.000000,0.000000,115.000000,-0.691745,-0.692545,-0.296197,-0.214833,-0.057951,0.050766
0.000000,0.000000,125.000000,-1.563465,-1.847003,-1.144110,-1.262943,-0.130981,0.135392
0.000000,0.000000,109.000000,-0.769027,-1.085281,-1.396108,-1.836915,-0.064426,0.079555
0.000000,-1.000000,107.000000,0.717607,1.034132,0.041488,0.077535,0.060118,-0.075806
0.000000,0.000000,107.000000,1.435809,1.900521,1.036306,1.510740,0.120286,-0.139315
1.000000,0.000000,117.000000,0.901825,1.042948,1.411288,1.829390,0.075551,-0.076452
0.000000,0.000000,122.000000,0.504462,0.946209,0.571340,0.716390,0.042262,-0.069361
0.000000,0.000000,106.000000,0.108454,0.438444,0.036021,0.306756,0.009086,-0.032140
0.000000,0.000000,110.000000,0.306188,0.398189,0.087403,0.215447,0.025651,-0.029189
0.000000,0.000000,120.000000,0.590630,1.242261,0.467638,0.832225,0.049480,-0.091062
0.000000,0.000000,120.000000,0.470051,0.677609,0.541388,0.954370,0.039379,-0.049671
0.000000,0.000000,128.000000,-0.336122,-0.754960,-0.027557,-0.164118,-0.028159,0.055341
0.000000,0.000000,110.000000,-0.645826,-0.963841,-0.584387,-1.003828,-0.054105,0.070653
0.000000,0.000000,109.000000,0.157021,0.731087,-0.073111,0.104636,0.013155,-0.053591
0.000000,0.000000,114.000000,0.158612,0.885812,0.141565,1.007904,0.013288,-0.064933
0.000000,1.000000,123.000000,0.035402,0.294465,0.017923,0.473462,0.002966,-0.021585
-1.000000,1.000000,128.000000,0.101060,0.156280,-0.091666,-0.022874,0.008466,-0.011456
0.000000,0.000000,112.000000,0.541806,0.983404,0.368181,0.676692,0.045390,-0.072087
0.000000,0.000000,109.000000,0.091283,0.204421,0.352958,0.710164,0.007647,-0.014985
0.000000,-2.000000,115.000000,-0.648525,-0.993046,-0.231200,-0.360780,-0.054331,0.072794
0.000000,0.000000,124.000000,-0.602491,-0.764039,-0.689765,-0.997194,-0.050474,0.056007
0.000000,1.000000,127.000000,0.390505,0.721649,-0.211212,-0.223647,0.032715,-0.052900
0.000000,0.000000,106.000000,0.554808,0.859808,0.501452,0.840717,0.046479,-0.063027
0.000000,0.000000,110.000000,0.471741,0.709151,0.533638,0.851109,0.039520,-0.051983
0.000000,0.000000,116.000000,0.042677,0.095731,0.182627,0.358793,0.003575,-0.007017
1.000000,0.000000,118.000000,-0.291684,-0.443355,-0.162937,-0.255203,-0.024436,0.032500
0.000000,0.000000,112.000000,-0.238852,-0.324471,-0.237660,-0.321380,-0.020010,0.023785
0.000000,0.000000,103.000000,-0.045568,0.030336,-0.235955,-0.165435,-0.003817,-0.002224
0.000000,0.000000,111.000000,-0.501071,-0.661721,-0.284217,-0.275737,-0.041978,0.048507
-1.000000,0.000000,122.000000,0.127962,0.268401,-0.066257,-0.018226,0.010720,-0.019675
0.000000,1.000000,128.000000,0.112388,0.317374,0.174305,0.338649,0.009415,-0.023265
0.000000,0.000000,110.000000,-0.157715,-0.200257,-0.030130,0.105306,-0.013213,0.014680
0.000000,0.000000,107.000000,-0.174824,-0.248608,-0.221206,-0.258754,-0.014646,0.018224
0.000000,0.000000,117.000000,-0.595954,-0.433406,-0.371490,-0.386962,-0.049927,0.031770
0.000000,0.000000,119.000000,-0.243259,-0.294702,-0.461823,-0.506930,-0.020379,0.021603
0.000000,0.000000,124.000000,-0.240089,-0.052746,-0.249879,-0.105828,-0.020114,0.003866
1.000000,0.000000,108.000000,-0.606434,-0.630479,-0.393291,-0.317087,-0.050805,0.046217
0.000000,0.000000,108.000000,-0.602342,-0.761772,-0.631483,-0.762927,-0.050462,0.055841
0.000000,0.000000,118.000000,-0.189393,-0.174031,-0.434341,-0.552004,-0.015867,0.012757
0.000000,0.000000,121.000000,0.056996,0.184064,-0.019841,0.069618,0.004775,-0.013493
0.000000,0.000000,124.000000,0.016983,0.175803,0.047008,0.178785,0.001423,-0.012887
0.000000,-1.000000,109.000000,0.013945,0.186241,-0.029248,0.124685,0.001168,-0.013652
0.000000,0.000000,109.000000,0.347420,0.557134,0.199167,0.367567,0.029105,-0.040840
0.000000,0.000000,117.000000,0.274497,0.446272,0.325436,0.520271,0.022996,-0.032713
0.000000,0.000000,122.000000,0.247240,0.273498,0.315007,0.456459,0.020713,-0.020048
0.000000,1.000000,128.000000,-0.104424,-0.219931,0.057868,0.018825,-0.008748,0.016122
0.000000,0.000000,103.000000,-0.285005,-0.293385,-0.204261,-0.244896,-0.023877,0.021506
0.000000,0.000000,106.000000,-0.330037,-0.122067,-0.313640,-0.239646,-0.027649,0.008948
0.000000,0.000000,117.000000,-0.327352,-0.256264,-0.243045,-0.103788,-0.027424,0.018785
0.000000,0.000000,121.000000,-0.243455,-0.294185,-0.268061,-0.205141,-0.020396,0.021565
0.000000,0.000000,106.000000,0.184541,0.334612,-0.051562,0.084671,0.015460,-0.024528
0.000000,0.000000,102.000000,0.252799,0.594465,0.224884,0.549326,0.021178,-0.043577
0.000000,0.000000,113.000000,0.073508,-0.379520,-0.020818,0.063361,0.006158,0.027820
0.000000,0.000000,121.000000,-0.010927,0.057967,0.126742,0.448411,-0.000915,-0.004249
0.000000,0.000000,121.000000,-0.433990,0.772157,-0.146673,0.606050,-0.036358,-0.056602
0.000000,-1.000000,105.000000,-0.368474,0.503523,-0.483000,0.808387,-0.030869,-0.036910
0.000000,0.000000,106.000000,-0.274646,0.984202,-0.308524,0.548969,-0.023009,-0.072146
0.000000,0.000000,114.000000,0.211827,1.530753,-0.093840,1.277728,0.017746,-0.112210
0.000000,0.000000,123.000000,0.174806,1.820206,0.241016,1.784420,0.014644,-0.133428
0.000000,0.000000,128.000000,-0.087614,0.597828,-0.002048,1.115987,-0.007340,-0.043823
0.000000,0.000000,112.000000,-0.536303,0.882650,-0.255578,0.486398,-0.044929,-0.064702
0.000000,0.000000,114.000000,-1.673094,1.837811,-1.139606,1.417677,-0.140165,-0.134719
-1.000000,1.000000,118.000000,-1.937153,1.801644,-1.879303,2.267204,-0.162287,-0.132067
0.000000,0.000000,124.000000,-1.947792,1.195493,-1.892249,1.813479,-0.163178,-0.087634
0.000000,0.000000,127.000000,-1.018452,1.316316,-1.457188,1.013413,-0.085322,-0.096491
0.000000,-2.000000,110.000000,-1.007748,1.688033,-0.968995,1.576607,-0.084425,-0.123739
1.000000,0.000000,113.000000,-0.121959,1.521286,-0.506636,1.438038,-0.010217,-0.111516
0.000000,0.000000,116.000000,-0.263629,1.103409,-0.130631,1.277078,-0.022086,-0.080884
0.000000,0.000000,130.000000,-0.242012,0.864950,-0.217794,1.031803,-0.020275,-0.063404
0.000000,0.000000,133.000000,-0.063517,0.809219,-0.192618,1.011358,-0.005321,-0.059319
0.000000,0.000000,106.000000,0.495150,0.268447,0.383973,0.381012,0.041482,-0.019678
0.000000,1.000000,108.000000,0.222096,0.733658,0.336037,0.560414,0.018606,-0.053780
0.000000,1.000000,114.000000,0.495268,-0.310184,0.385250,0.238838,0.041491,0.022738
0.000000,0.000000,126.000000,-0.199744,-0.011694,0.106405,-0.334476,-0.016734,0.000857
0.000000,1.000000,105.000000,-0.095074,-0.362389,-0.077874,-0.203019,-0.007965,0.026564
0.000000,0.000000,104.000000,-0.138178,1.028789,0.046730,0.375152,-0.011576,-0.075414
0.000000,0.000000,109.000000,-0.386506,0.975723,-0.370755,1.131632,-0.032380,-0.071524
0.000000,1.000000,123.000000,-0.232933,-0.100432,-0.351913,0.307791,-0.019514,0.007362
1.000000,0.000000,116.000000,-0.148791,0.063915,-0.140846,-0.102402,-0.012465,-0.004685
0.000000,0.000000,104.000000,-0.309664,0.307985,-0.179888,0.232852,-0.025942,-0.022576
0.000000,0.000000,105.000000,-0.422653,0.785995,-0.407188,0.531651,-0.035408,-0.057616
0.000000,0.000000,113.000000,-0.603057,1.077715,-0.538679,1.061924,-0.050522,-0.079001
0.000000,0.000000,120.000000,-0.214367,0.789643,-0.362422,0.882647,-0.017959,-0.057884
0.000000,0.000000,126.000000,0.308135,0.890079,0.055211,0.891031,0.025814,-0.065246
0.000000,1.000000,106.000000,-0.508113,2.456908,0.237882,1.485900,-0.042568,-0.180101
0.000000,1.000000,100.000000,-0.027367,0.042947,-0.368623,1.362019,-0.002293,-0.003148
0.000000,0.000000,117.000000,-0.454236,0.115993,-0.187098,-0.117855,-0.038054,-0.008503
0.000000,0.000000,124.000000,0.037654,-0.121373,-0.327811,0.274178,0.003155,0.008897
0.000000,0.000000,125.000000,0.405752,-0.703743,0.423537,-0.697364,0.033992,0.051587
0.000000,0.000000,107.000000,-0.282419,0.397519,-0.027782,-0.021682,-0.023660,-0.029140
0.000000,0.000000,105.000000,-0.372429,0.302848,-0.359722,0.404920,-0.031201,-0.022200
0.000000,0.000000,118.000000,-0.133738,-0.150663,-0.324572,0.116314,-0.011204,0.011044
0.000000,0.000000,121.000000,0.156640,-0.498007,0.070386,-0.355646,0.013123,0.036506
1.000000,0.000000,126.000000,0.198139,-0.022030,0.192602,-0.346924,0.016599,0.001615
0.000000,0.000000,106.000000,-0.025655,1.024432,0.146579,0.638061,-0.002149,-0.075095
0.000000,0.000000,113.000000,-0.062180,0.926707,0.042287,1.026488,-0.005209,-0.067931
0.000000,0.000000,120.000000,-0.315648,0.400201,-0.261088,0.776790,-0.026444,-0.029336
0.000000,-1.000000,122.000000,-0.306088,-0.444513,-0.153978,-0.063580,-0.025643,0.032585
0.000000,0.000000,104.000000,0.034425,-0.515833,-0.155925,-0.764666,0.002884,0.037813
0.000000,0.000000,99.000000,-1.428723,0.746949,-0.964132,0.095216,-0.119692,-0.054754
0.000000,0.000000,106.000000,-1.766823,0.467443,-1.800808,0.163405,-0.148017,-0.034265
0.000000,0.000000,120.000000,-3.346087,1.330819,-2.601322,1.124295,-0.280321,-0.097554
0.000000,-1.000000,124.000000,-1.642020,1.418735,-2.676148,1.172205,-0.137562,-0.103999
0.000000,-1.000000,105.000000,-1.352309,1.187896,-1.562762,1.330629,-0.113291,-0.087077
0.000000,0.000000,105.000000,-0.041469,-1.141764,-0.529769,0.189804,-0.003474,0.083696
0.000000,0.000000,113.000000,0.568597,0.552201,0.753668,-0.329096,0.047635,-0.040478
0.000000,0.000000,126.000000,-0.258804,0.768640,-0.164933,0.769992,-0.021682,-0.056344
1.000000,0.000000,129.000000,0.160221,0.060597,0.063016,0.326385,0.013423,-0.004442
0.000000,-1.000000,109.000000,-0.664713,0.572526,-0.259219,0.424664,-0.055687,-0.041968
0.000000,-1.000000,104.000000,-0.428987,0.806375,-0.589311,0.751979,-0.035939,-0.059110
1.000000,0.000000,116.000000,0.157292,0.211659,-0.264753,0.646615,0.013177,-0.015515
0.000000,-1.000000,127.000000,2.047623,-2.964975,1.085548,-1.548139,0.171541,0.217344
1.000000,-2.000000,130.000000,1.110682,-1.944926,2.007134,-2.833884,0.093048,0.142570
1.000000,0.000000,105.000000,-1.980264,2.787118,-0.520608,0.471723,-0.165898,-0.204306
0.000000,0.000000,105.000000,-4.374260,4.379117,-3.534513,4.042467,-0.366457,-0.321006
1.000000,2.000000,119.000000,-4.346626,3.891286,-4.594553,4.149714,-0.364142,-0.285246
-10.000000,3.000000,124.000000,-2.552332,2.085424,-3.504803,2.971771,-0.213824,-0.152870
-11.000000,0.000000,117.000000,0.217708,0.730500,-1.074016,1.413270,0.018239,-0.053548
2.000000,2.000000,97.000000,1.747850,-0.644915,1.196038,-0.131324,0.146428,0.047275
1.000000,1.000000,116.000000,1.811137,-1.772957,1.786172,-1.137225,0.151729,0.129965
1.000000,1.000000,120.000000,2.311978,-2.932393,2.151243,-2.560926,0.193688,0.214956
1.000000,1.000000,125.000000,1.491006,-1.105671,2.040162,-2.110974,0.124910,0.081050
2.000000,0.000000,106.000000,-0.450833,1.310281,0.453174,0.219535,-0.037769,-0.096049
4.000000,2.000000,100.000000,-1.900368,1.568339,-1.365970,1.684358,-0.159205,-0.114965
2.000000,3.000000,116.000000,-1.901340,0.785065,-1.949227,1.098521,-0.159286,-0.057548
-1.000000,2.000000,115.000000,-1.496330,0.936401,-1.721896,0.860355,-0.125356,-0.068642
0.000000,1.000000,119.000000,0.059360,0.042616,-0.774948,0.566591,0.004973,-0.003124
-1.000000,3.000000,97.000000,1.131844,-0.368040,0.800779,-0.290741,0.094821,0.026979
-2.000000,5.000000,95.000000,-0.054189,0.428962,0.688832,-0.006828,-0.004540,-0.031445
0.000000,4.000000,109.000000,-1.419582,1.762240,-0.941486,1.217678,-0.118927,-0.129179
-3.000000,3.000000,114.000000,-1.225945,2.321001,-1.302961,1.970119,-0.102704,-0.170138
-1.000000,1.000000,112.000000,-0.170476,3.444863,-0.805309,3.034723,-0.014282,-0.252522
-2.000000,2.000000,94.000000,1.428582,2.035684,0.461146,2.728080,0.119681,-0.149223
-3.000000,4.000000,103.000000,3.114127,0.000734,2.467181,0.916194,0.260888,-0.000054
-4.000000,4.000000,108.000000,2.464434,-0.746009,2.858706,-0.523051,0.206460,0.054685
-3.000000,1.000000,112.000000,1.760125,-2.422130,2.041984,-1.390438,0.147456,0.177551
-2.000000,0.000000,92.000000,2.001006,-5.032676,1.775293,-3.862061,0.167636,0.368914
-2.000000,0.000000,95.000000,2.990529,-5.913996,2.544710,-5.758525,0.250534,0.433519
-5.000000,-5.000000,104.000000,2.346796,-5.017877,2.777168,-5.358257,0.196605,0.367830
-5.000000,-2.000000,117.000000,0.615623,-3.465592,1.680495,-4.407788,0.051574,0.254041
-2.000000,-3.000000,118.000000,-1.807082,0.293155,-0.800536,-1.505174,-0.151390,-0.021489
-2.000000,-1.000000,96.000000,-2.571398,3.207410,-2.174517,1.813241,-0.215421,-0.235115
-3.000000,0.000000,93.000000,-4.137200,5.667850,-3.444530,4.689320,-0.346597,-0.415475
-4.000000,0.000000,104.000000,-3.485008,4.401622,-4.003958,5.211001,-0.291959,-0.322656
-3.000000,0.000000,111.000000,-2.588312,2.596966,-2.992254,3.470637,-0.216838,-0.190368
-2.000000,-1.000000,112.000000,-0.393754,-1.299739,-1.615918,0.757716,-0.032987,0.095276
-2.000000,0.000000,95.000000,1.824647,-5.202219,0.816134,-3.489990,0.152861,0.381343
0.000000,-2.000000,93.000000,3.084035,-7.110939,2.806853,-6.370214,0.258368,0.521259
-6.000000,0.000000,111.000000,2.466418,-6.784359,2.730412,-7.103013,0.206626,0.497319
-7.000000,0.000000,109.000000,1.587928,-4.435378,2.068141,-5.719207,0.133030,0.325130
-3.000000,0.000000,98.000000,1.227804,-3.324370,1.283013,-3.471730,0.102860,0.243689
-1.000000,0.000000,95.000000,2.381308,-4.363735,1.830610,-4.043734,0.199496,0.319878
0.000000,0.000000,103.000000,2.370621,-1.569988,2.391600,-3.339966,0.198601,0.115086
-5.000000,2.000000,111.000000,2.902686,1.617839,2.476444,0.313094,0.243175,-0.118594
-5.000000,3.000000,118.000000,3.292946,1.870108,3.270009,1.962392,0.275869,-0.137086
-3.000000,2.000000,90.000000,3.267084,0.494583,3.275024,1.171603,0.273703,-0.036255
-1.000000,1.000000,92.000000,1.946207,0.935146,2.661236,0.388259,0.163045,-0.068550
0.000000,1.000000,101.000000,0.542906,2.213728,1.118496,1.699498,0.045482,-0.162275
0.000000,0.000000,114.000000,0.033498,2.635830,0.259877,2.412510,0.002806,-0.193216
0.000000,0.000000,113.000000,-1.522835,5.176940,-0.699806,3.733850,-0.127577,-0.379490
-4.000000,0.000000,97.000000,-3.327705,7.988306,-2.457139,6.827872,-0.278781,-0.585573
-5.000000,0.000000,98.000000,-5.171474,8.647425,-4.368885,8.673651,-0.433244,-0.633889
1.000000,0.000000,109.000000,-4.390409,7.014053,-4.818368,7.971735,-0.367810,-0.514157
0.000000,-1.000000,108.000000,-3.005383,4.666775,-3.593778,5.680144,-0.251778,-0.342092
-2.000000,-2.000000,107.000000,-2.589897,2.519086,-2.943926,3.522664,-0.216971,-0.184659
-5.000000,-1.000000,96.000000,-1.668615,-0.172655,-2.097208,1.182636,-0.139790,0.012656
-6.000000,2.000000,93.000000,-0.463380,-2.724970,-0.889497,-1.571280,-0.038820,0.199751
-4.000000,-1.000000,106.000000,-1.836482,-3.124134,-0.887984,-3.139173,-0.153853,0.229011
0.000000,-3.000000,108.000000,-3.244849,-1.644761,-2.910839,-2.349289,-0.271840,0.120567
1.000000,0.000000,95.000000,-3.247750,-1.062342,-3.254479,-1.171340,-0.272083,0.077874
0.000000,-3.000000,99.000000,-1.997594,-1.116646,-2.576487,-0.987171,-0.167350,0.081854
0.000000,-4.000000,112.000000,-0.776212,-3.493627,-1.443022,-2.285813,-0.065028,0.256096
0.000000,-3.000000,108.000000,1.666981,-4.245881,0.519037,-4.241508,0.139653,0.311239
0.000000,-3.000000,112.000000,0.342532,0.689763,1.417245,-1.940039,0.028696,-0.050562
2.000000,-1.000000,106.000000,-1.681848,4.506211,-0.948297,2.848480,-0.140898,-0.330322
0.000000,0.000000,106.000000,-2.677937,7.972802,-2.358055,6.287648,-0.224346,-0.584437
1.000000,0.000000,110.000000,-2.713015,11.884682,-2.740947,9.955014,-0.227285,-0.871193
1.000000,1.000000,112.000000,-1.449153,12.419255,-2.360118,12.543443,-0.121404,-0.910379
0.000000,2.000000,106.000000,-0.460432,11.389092,-0.809359,11.726694,-0.038573,-0.834864
0.000000,3.000000,101.000000,-0.906850,9.419111,-0.557420,10.664125,-0.075972,-0.690457
-1.000000,2.000000,103.000000,0.106180,3.969356,-0.738698,6.676958,0.008895,-0.290969
0.000000,1.000000,106.000000,2.641623,-2.714692,1.598015,0.425573,0.221304,0.198997
1.000000,0.000000,109.000000,2.172442,-6.541799,2.664838,-5.060507,0.181998,0.479539
0.000000,0.000000,97.000000,2.010326,-10.125136,1.864168,-8.336966,0.168417,0.742211
-5.000000,0.000000,98.000000,2.145921,-10.910226,2.147970,-10.983635,0.179776,0.799761
-3.000000,5.000000,99.000000,1.262240,-10.646359,1.677438,-10.758299,0.105745,0.780419
-3.000000,6.000000,105.000000,1.108318,-10.174814,0.993513,-10.447821,0.092850,0.745853
-2.000000,1.000000,99.000000,0.111284,-9.129346,0.900096,-9.923687,0.009323,0.669216
-2.000000,2.000000,103.000000,-4.219723,-3.557215,-2.013787,-6.578087,-0.353511,0.260757
0.000000,2.000000,92.000000,-5.987695,-0.178198,-5.603398,-1.231732,-0.501624,0.013063
0.000000,4.000000,94.000000,-4.414988,-0.494435,-5.080058,-0.351361,-0.369869,0.036244
0.000000,3.000000,101.000000,-2.074676,-2.252485,-3.439304,-1.019187,-0.173808,0.165116
0.000000,2.000000,100.000000,0.739018,-6.783842,-0.434030,-4.511163,0.061912,0.497282
-2.000000,0.000000,92.000000,3.657159,-10.744494,2.403219,-8.949743,0.306381,0.787612
-2.000000,0.000000,92.000000,5.036754,-12.266276,4.438264,-11.737723,0.421958,0.899165
-1.000000,-2.000000,101.000000,5.020430,-9.760256,5.316579,-11.497652,0.420591,0.715464
-2.000000,-1.000000,103.000000,1.530029,-2.565480,3.249892,-6.188855,0.128179,0.188060
-2.000000,0.000000,97.000000,-1.253208,4.136264,-0.150681,1.383452,-0.104988,-0.303204
1.000000,1.000000,90.000000,-1.942005,6.803847,-1.610338,5.578175,-0.162693,-0.498748
0.000000,1.000000,89.000000,-3.314589,8.671449,-2.650587,8.012973,-0.277682,-0.635650
-2.000000,2.000000,97.000000,-3.737584,9.095369,-3.716031,8.946677,-0.313119,-0.666725
-5.000000,3.000000,102.000000,-3.828541,10.512379,-3.781777,9.600571,-0.320739,-0.770598
-6.000000,2.000000,90.000000,-2.048208,9.585370,-3.208791,10.636956,-0.171590,-0.702644
-3.000000,1.000000,87.000000,1.254222,3.866322,-0.153696,6.571691,0.105073,-0.283416
0.000000,2.000000,85.000000,1.978982,1.147086,1.812789,2.258380,0.165791,-0.084086
-2.000000,0.000000,93.000000,3.360826,-0.683183,2.677652,0.257941,0.281556,0.050080
-2.000000,1.000000,98.000000,6.274203,-3.796251,4.691531,-2.134740,0.525626,0.278280
-3.000000,0.000000,86.000000,9.330296,-8.215655,8.230548,-5.988716,0.781653,0.602239
-8.000000,0.000000,94.000000,9.907886,-12.645750,9.860842,-10.713183,0.830041,0.926982
-2.000000,-3.000000,89.000000,7.666057,-13.680315,8.847707,-13.445088,0.642230,1.002819
-1.000000,0.000000,104.000000,5.927925,-12.498289,6.737999,-13.012861,0.496617,0.916172
-3.000000,-2.000000,95.000000,4.962327,-10.986953,5.515360,-12.105732,0.415723,0.805386
-2.000000,0.000000,91.000000,1.409034,-6.427114,3.096546,-8.536062,0.118043,0.471132
-5.000000,-1.000000,89.000000,1.157313,-3.401115,1.151058,-4.727267,0.096955,0.249315
-3.000000,-1.000000,99.000000,-0.535423,1.687859,0.365282,-0.813747,-0.044856,-0.123727
-1.000000,-2.000000,103.000000,-1.116687,6.156814,-1.082816,4.224906,-0.093551,-0.451318
-1.000000,0.000000,95.000000,-0.927283,4.592773,-1.014038,5.886956,-0.077684,-0.336668
-1.000000,0.000000,90.000000,-1.742747,0.213375,-1.323680,2.632973,-0.146000,-0.015641
0.000000,0.000000,96.000000,-0.868202,-3.853615,-1.420123,-2.444018,-0.072734,0.282485
-2.000000,0.000000,97.000000,-0.357580,-2.057287,-0.565280,-3.378864,-0.029957,0.150807
-7.000000,-1.000000,103.000000,-1.119683,1.162653,-0.357562,0.069256,-0.093802,-0.085227
-1.000000,-1.000000,88.000000,-2.625290,1.662558,-2.226516,1.725948,-0.219936,-0.121872
0.000000,-1.000000,88.000000,-2.336992,-1.259663,-2.274536,0.114357,-0.195783,0.092338
-2.000000,-1.000000,90.000000,-4.177608,-4.388103,-3.389136,-2.878459,-0.349982,0.321665
-1.000000,-1.000000,97.000000,-6.203187,-5.942501,-5.111480,-5.184799,-0.519677,0.435608
0.000000,0.000000,96.000000,-7.443464,-4.737967,-6.943321,-5.822256,-0.623582,0.347311
0.000000,-2.000000,84.000000,-7.821259,-0.082205,-7.867777,-2.402836,-0.655232,0.006026
-1.000000,0.000000,92.000000,-5.634466,4.238969,-6.515035,2.541328,-0.472032,-0.310733
-1.000000,0.000000,95.000000,-5.284574,3.926187,-5.344598,4.269773,-0.442719,-0.287805
-1.000000,0.000000,101.000000,-5.759060,1.594417,-5.759004,2.944479,-0.482470,-0.116877
0.000000,0.000000,98.000000,-3.029390,1.398749,-4.442763,0.494165,-0.253790,-0.102534
0.000000,0.000000,78.000000,-3.953518,10.356153,-3.297900,6.012544,-0.331209,-0.759146
-19.000000,12.000000,91.000000,-3.645315,14.410975,-3.731842,13.260716,-0.305389,-1.056380
-6.000000,4.000000,93.000000,-1.413689,13.129302,-2.768292,13.867331,-0.118433,-0.962428
0.000000,2.000000,98.000000,0.288841,13.258122,-0.295688,12.928866,0.024198,-0.971871
-1.000000,1.000000,93.000000,2.279731,15.267156,1.270547,14.513361,0.190986,-1.119141
-1.000000,1.000000,85.000000,4.303992,12.354103,3.481709,14.403700,0.360570,-0.905603
0.000000,1.000000,84.000000,4.503013,4.166950,4.509385,8.015885,0.377244,-0.305453
-2.000000,0.000000,95.000000,3.453160,-0.559765,4.011081,1.330873,0.289291,0.041033
-1.000000,0.000000,95.000000,4.635577,-1.461675,3.996236,-1.299258,0.388349,0.107146
-2.000000,0.000000,95.000000,5.113915,0.960142,4.946455,-0.491093,0.428422,-0.070382
2.000000,0.000000,88.000000,5.148454,2.995286,5.193344,2.434982,0.431316,-0.219566
2.000000,2.000000,89.000000,5.188339,1.050885,5.162231,2.247421,0.434657,-0.077034
-4.000000,7.000000,95.000000,3.589082,0.221614,4.409523,0.320470,0.300678,-0.016245
-1.000000,1.000000,90.000000,1.918942,0.844037,2.672405,0.390090,0.160761,-0.061871
-2.000000,2.000000,82.000000,-1.852022,2.122333,-0.073048,1.438655,-0.155155,-0.155575
0.000000,1.000000,88.000000,-3.493259,2.181520,-2.879354,2.302184,-0.292651,-0.159914
0.000000,1.000000,89.000000,-5.275495,2.763294,-4.363174,2.309439,-0.441959,-0.202560
1.000000,0.000000,92.000000,-6.614632,2.676764,-6.150155,2.632047,-0.554146,-0.196217
0.000000,1.000000,93.000000,-8.226576,5.845061,-7.250597,4.176331,-0.689188,-0.428465
2.000000,1.000000,85.000000,-8.626102,7.054494,-8.678411,6.719728,-0.722659,-0.517121
-3.000000,6.000000,83.000000,-8.465969,9.812157,-8.289350,8.424837,-0.709243,-0.719269
1.000000,3.000000,88.000000,-9.259713,9.624933,-9.015441,9.941521,-0.775740,-0.705544
0.000000,4.000000,92.000000,-8.053718,11.388009,-8.847370,10.279039,-0.674707,-0.834785
0.000000,1.000000,86.000000,-4.644176,12.906217,-6.234166,12.100735,-0.389070,-0.946075
2.000000,3.000000,80.000000,-1.892156,13.282083,-3.385809,13.308726,-0.158517,-0.973627
0.000000,3.000000,77.000000,1.699710,12.429245,0.086362,12.747863,0.142395,-0.911111
-1.000000,4.000000,82.000000,4.682552,9.316789,3.423882,11.756420,0.392285,-0.682956
-1.000000,2.000000,85.000000,10.536099,2.663172,7.688178,5.701359,0.882670,-0.195221
-2.000000,1.000000,81.000000,13.486987,-2.516397,12.390383,-0.327331,1.129883,0.184462
-2.000000,0.000000,77.000000,11.418234,-5.693653,12.879448,-3.916787,0.956572,0.417367
0.000000,-1.000000,77.000000,9.519806,-10.573093,10.379779,-8.274167,0.797529,0.775048
-3.000000,-1.000000,85.000000,9.073243,-16.681725,8.728274,-13.813190,0.760118,1.222834
-8.000000,-3.000000,85.000000,10.715832,-18.885593,9.967646,-18.571810,0.897727,1.384386
-2.000000,-3.000000,94.000000,12.007665,-15.356459,11.266878,-17.426149,1.005952,1.125687
-1.000000,-3.000000,78.000000,13.709557,-8.759934,13.026480,-12.090435,1.148529,0.642137
-2.000000,-1.000000,81.000000,9.459197,-1.286561,12.131366,-4.780409,0.792452,0.094310
0.000000,0.000000,82.000000,3.056861,4.283956,5.873015,2.061785,0.256091,-0.314030
0.000000,-1.000000,84.000000,-0.131345,8.356159,1.279977,6.330747,-0.011003,-0.612538
-2.000000,2.000000,73.000000,-3.163113,13.673110,-1.858409,11.063215,-0.264992,-1.002291
0.000000,2.000000,80.000000,-3.478343,16.010715,-3.581793,15.335623,-0.291401,-1.173647
0.000000,1.000000,85.000000,-2.408922,13.682047,-2.725662,15.344316,-0.201809,-1.002946
2.000000,5.000000,83.000000,-1.788100,7.942504,-2.221526,10.559770,-0.149799,-0.582216
-1.000000,2.000000,82.000000,-0.250773,2.613822,-0.914680,5.247421,-0.021009,-0.191603
0.000000,1.000000,76.000000,1.771086,-2.977089,0.891922,-0.188375,0.148374,0.218232
-1.000000,-1.000000,78.000000,2.778178,-4.337686,2.580170,-3.937891,0.232744,0.317969
-7.000000,0.000000,81.000000,2.998833,-3.977366,2.797223,-4.242655,0.251230,0.291556
-1.000000,0.000000,86.000000,3.795429,-2.937643,3.407743,-3.444796,0.317965,0.215340
-2.000000,0.000000,82.000000,3.355450,-3.496240,3.747901,-3.166220,0.281106,0.256288
-1.000000,0.000000,69.000000,1.634877,-0.511273,2.743923,-2.162436,0.136963,0.037478
0.000000,-1.000000,75.000000,-1.109638,5.536983,0.102784,2.607564,-0.092961,-0.405882
0.000000,0.000000,89.000000,-3.576564,11.381330,-2.478560,8.443190,-0.299630,-0.834295
0.000000,2.000000,80.000000,-6.064548,16.531322,-4.891426,14.385529,-0.508062,-1.211809
1.000000,4.000000,77.000000,-8.943583,19.982838,-7.394113,18.376724,-0.749256,-1.464819
2.000000,1.000000,75.000000,-12.452997,22.744074,-10.973470,21.620752,-1.043260,-1.667228
3.000000,3.000000,82.000000,-13.945576,20.049780,-13.553699,21.774469,-1.168302,-1.469725
2.000000,4.000000,82.000000,-12.936871,13.225459,-13.467036,16.683748,-1.083797,-0.969477
0.000000,2.000000,91.000000,-11.327250,6.541818,-12.180732,9.563105,-0.948949,-0.479540
0.000000,1.000000,79.000000,-10.505412,-0.207538,-10.809196,3.027899,-0.880099,0.015213
4.000000,0.000000,68.000000,-10.095827,-2.919131,-10.148135,-2.003552,-0.845786,0.213983
0.000000,0.000000,86.000000,-9.739384,-0.630545,-10.131487,-2.156372,-0.815925,0.046221
1.000000,0.000000,84.000000,-7.624732,3.703229,-8.650126,1.606674,-0.638768,-0.271461
0.000000,0.000000,86.000000,-5.258878,7.417196,-6.484661,5.923018,-0.440567,-0.543709
0.000000,0.000000,74.000000,-1.151928,6.479676,-3.151536,7.198829,-0.096504,-0.474985
0.000000,1.000000,77.000000,3.529288,4.923506,1.127154,5.276493,0.295669,-0.360912
0.000000,1.000000,84.000000,7.794772,3.080709,5.786702,4.193607,0.653013,-0.225828
0.000000,1.000000,92.000000,10.901346,-1.857742,9.464391,0.472580,0.913269,0.136180
-1.000000,0.000000,83.000000,12.862793,-7.065033,12.098573,-4.578163,1.077591,0.517894
-3.000000,-1.000000,70.000000,13.853336,-12.137892,13.290555,-9.934664,1.160574,0.889754
-4.000000,-3.000000,80.000000,15.672071,-15.345462,15.073110,-14.026777,1.312940,1.124881
-1.000000,-1.000000,84.000000,11.703390,-13.131469,13.997180,-14.683452,0.980461,0.962587
-1.000000,-4.000000,85.000000,4.922094,-10.131231,8.082849,-11.700659,0.412352,0.742658
0.000000,-2.000000,90.000000,-0.190672,-2.117136,2.044877,-6.093230,-0.015974,0.155194
0.000000,0.000000,77.000000,-5.358092,4.115331,-2.742881,1.253627,-0.448878,-0.301669
0.000000,0.000000,81.000000,-10.072516,13.285735,-7.868238,8.890011,-0.843833,-0.973895
0.000000,1.000000,86.000000,-15.831123,17.390387,-13.080406,15.822286,-1.326265,-1.274782
1.000000,2.000000,85.000000,-24.086311,19.445229,-19.943043,18.403419,-2.017850,-1.425410
5.000000,2.000000,81.000000,-30.150171,20.752335,-27.699240,20.433247,-2.525855,-1.521226
4.000000,4.000000,72.000000,-30.255041,20.635235,-30.558527,20.554758,-2.534640,-1.512642
4.000000,3.000000,82.000000,-25.849455,19.978861,-28.449108,20.902962,-2.165559,-1.464527
5.000000,2.000000,90.000000,-18.243399,12.298176,-21.728140,16.129581,-1.528355,-0.901503
5.000000,1.000000,86.000000,-13.401764,7.344672,-15.697638,9.224047,-1.122743,-0.538393
0.000000,1.000000,79.000000,-6.138932,0.955952,-9.715900,4.298879,-0.514294,-0.070075
1.000000,0.000000,77.000000,-0.619622,-1.786602,-3.003524,-1.170902,-0.051909,0.130965
0.000000,0.000000,89.000000,4.518492,-1.454261,2.152049,-1.904798,0.378540,0.106603
0.000000,0.000000,86.000000,8.440118,4.070696,6.618168,1.202871,0.707078,-0.298398
0.000000,0.000000,86.000000,11.520782,5.968521,10.333239,5.546409,0.965163,-0.437515
-3.000000,1.000000,68.000000,9.980337,7.428914,11.003036,6.567305,0.836111,-0.544568
-2.000000,1.000000,79.000000,7.589461,3.847122,8.658104,6.566911,0.635813,-0.282009
-1.000000,0.000000,85.000000,6.359357,-5.487572,6.757540,-1.370032,0.532760,0.402260
-1.000000,0.000000,87.000000,8.790794,-8.915501,7.384038,-7.727602,0.736456,0.653540
-2.000000,0.000000,76.000000,11.822111,-10.650700,10.326626,-9.674512,0.990407,0.780737
-1.000000,-3.000000,72.000000,14.265909,-15.105019,13.285629,-12.901709,1.195138,1.107256
-1.000000,-4.000000,90.000000,14.016641,-17.618299,14.212996,-16.596180,1.174255,1.291489
-3.000000,-2.000000,82.000000,13.330230,-18.762163,13.815686,-18.306482,1.116751,1.375338
-4.000000,-2.000000,83.000000,10.155586,-16.749384,12.055409,-17.909760,0.850792,1.227794
-3.000000,-5.000000,79.000000,5.160181,-13.087890,7.389575,-14.897264,0.432298,0.959392
0.000000,-2.000000,75.000000,1.851384,-9.546987,3.178588,-11.244182,0.155101,0.699831
0.000000,0.000000,87.000000,-0.746357,-3.718670,0.488962,-6.758596,-0.062527,0.272593
-1.000000,0.000000,95.000000,-3.530409,2.609120,-2.040289,-0.062731,-0.295763,-0.191259
0.000000,0.000000,88.000000,-6.961729,8.019038,-5.339931,5.411662,-0.583224,-0.587826
2.000000,0.000000,75.000000,-8.094866,14.303788,-7.692418,11.469695,-0.678154,-1.048522
2.000000,1.000000,77.000000,-8.677021,16.664627,-8.602816,15.732046,-0.726924,-1.221581
1.000000,3.000000,85.000000,-7.374311,17.825573,-8.272613,17.217587,-0.617789,-1.306683
1.000000,2.000000,83.000000,-5.642702,17.872290,-6.292657,18.341999,-0.472722,-1.310107
0.000000,3.000000,79.000000,0.960633,9.362931,-2.827639,14.726751,0.080478,-0.686339
0.000000,1.000000,77.000000,5.571018,-4.025696,3.926526,1.718932,0.466717,0.295099
0.000000,0.000000,79.000000,10.856038,-15.525929,7.788202,-10.102350,0.909473,1.138110
-1.000000,0.000000,84.000000,15.805191,-21.207415,13.894028,-19.249483,1.324093,1.554585
-2.000000,-5.000000,88.000000,19.505732,-22.540628,17.651066,-21.946138,1.634108,1.652314
-4.000000,-4.000000,83.000000,20.533596,-20.589056,20.564526,-22.217369,1.720218,1.509257
-3.000000,-4.000000,77.000000,17.683706,-16.715935,18.924221,-18.217278,1.481467,1.225342
0.000000,-3.000000,82.000000,14.816875,-15.028057,16.282656,-15.990997,1.241296,1.101614
-1.000000,-5.000000,96.000000,10.105110,-10.501409,12.329653,-12.804960,0.846564,0.769793
-1.000000,-2.000000,90.000000,4.327994,-1.920286,7.594115,-6.708843,0.362581,0.140764
-1.000000,0.000000,82.000000,-2.231733,7.115058,0.521880,3.865678,-0.186965,-0.521561
0.000000,0.000000,81.000000,-5.724484,10.015265,-4.258895,8.774481,-0.479573,-0.734157
0.000000,0.000000,90.000000,-8.357438,13.577837,-6.928227,12.021178,-0.700151,-0.995307
1.000000,1.000000,84.000000,-8.166881,18.744968,-8.351423,16.669338,-0.684187,-1.374078
1.000000,4.000000,83.000000,-6.931583,16.784542,-7.770380,18.071356,-0.580699,-1.230371
3.000000,2.000000,77.000000,-4.149006,15.465940,-5.519544,15.855082,-0.347586,-1.133713
0.000000,2.000000,82.000000,-3.008693,15.016468,-3.162727,15.357239,-0.252056,-1.100765
0.000000,1.000000,90.000000,-3.427195,11.311588,-3.667552,12.788271,-0.287116,-0.829183
1.000000,2.000000,85.000000,-0.920115,10.390265,-2.308543,10.353701,-0.077083,-0.761646
1.000000,2.000000,89.000000,0.569063,6.481741,0.068040,9.152855,0.047674,-0.475136
0.000000,0.000000,80.000000,3.207162,-4.321431,1.838928,0.806072,0.268683,0.316777
-2.000000,-2.000000,83.000000,7.293956,-8.542103,5.256325,-7.184541,0.611057,0.626169
-1.000000,-1.000000,87.000000,12.284978,-12.337809,10.174058,-10.501148,1.029184,0.904409
-2.000000,-1.000000,86.000000,11.233356,-15.031808,12.292590,-13.988980,0.941083,1.101889
-1.000000,-2.000000,84.000000,9.316722,-15.577821,9.795706,-15.564374,0.780516,1.141914
-3.000000,-4.000000,78.000000,5.963191,-17.703030,7.044407,-17.569283,0.499571,1.297700
0.000000,-3.000000,89.000000,6.773719,-14.440188,5.997538,-16.125423,0.567474,1.058521
-1.000000,-1.000000,87.000000,8.085014,-9.474726,7.828033,-12.091742,0.677329,0.694534
0.000000,-2.000000,86.000000,5.256844,-3.555366,6.740259,-6.011609,0.440396,0.260622
-1.000000,0.000000,80.000000,1.459624,-2.842315,3.428863,-2.806439,0.122281,0.208353
0.000000,0.000000,77.000000,-2.366127,-3.519561,-0.816739,-3.158670,-0.198224,0.257997
0.000000,-1.000000,83.000000,-1.763830,-2.946359,-2.404186,-3.502683,-0.147766,0.215979
0.000000,-1.000000,87.000000,-0.678184,0.595929,-1.036086,-1.262859,-0.056815,-0.043684
0.000000,0.000000,88.000000,-2.161161,3.259722,-1.361818,2.328106,-0.181053,-0.238950
0.000000,0.000000,81.000000,-4.033084,4.538312,-3.125119,3.981513,-0.337875,-0.332676
0.000000,0.000000,84.000000,-4.906595,7.026824,-4.572645,5.682696,-0.411054,-0.515093
0.000000,2.000000,86.000000,-5.260422,7.514771,-5.227977,7.832780,-0.440696,-0.550861
0.000000,0.000000,83.000000,-6.005354,4.134262,-5.445707,5.649820,-0.503103,-0.303057
0.000000,1.000000,89.000000,-7.721803,3.674157,-6.976991,3.752363,-0.646900,-0.269330
1.000000,1.000000,80.000000,-7.092702,3.333881,-7.621579,3.555019,-0.594197,-0.244386
1.000000,0.000000,83.000000,-4.937589,3.507036,-5.966716,3.330086,-0.413650,-0.257079
1.000000,0.000000,88.000000,-2.813916,6.121613,-3.699300,4.705302,-0.235738,-0.448738
0.000000,2.000000,85.000000,-3.443820,9.293767,-3.073022,7.802415,-0.288509,-0.681269
0.000000,0.000000,89.000000,-5.650563,11.587784,-4.523663,10.655258,-0.473380,-0.849429
0.000000,3.000000,71.000000,-5.701863,13.436632,-5.980264,12.735455,-0.477678,-0.984957
3.000000,4.000000,80.000000,-3.792832,14.917180,-4.706321,14.125783,-0.317748,-1.093486
1.000000,0.000000,88.000000,-0.590014,13.374226,-2.229854,14.503357,-0.049429,-0.980382
0.000000,1.000000,88.000000,2.495016,7.558202,1.632567,10.475385,0.209022,-0.554045
-1.000000,2.000000,86.000000,0.188349,2.881849,1.701727,4.903175,0.015779,-0.211251
0.000000,0.000000,77.000000,-3.002829,-0.845580,-1.688076,1.102835,-0.251564,0.061984
1.000000,0.000000,85.000000,-6.694342,-5.770635,-4.912864,-3.323969,-0.560824,0.423010
1.000000,0.000000,93.000000,-4.701030,-15.659488,-6.290316,-10.591910,-0.393833,1.147900
0.000000,-2.000000,87.000000,0.233001,-23.400139,-1.968980,-20.456842,0.019520,1.715320
0.000000,-2.000000,87.000000,4.556034,-22.618254,2.422414,-23.430218,0.381685,1.658005
0.000000,-5.000000,72.000000,6.650601,-20.405554,6.170896,-21.580776,0.557159,1.495805
-1.000000,-3.000000,86.000000,5.634210,-16.043758,5.997966,-18.140114,0.472010,1.176069
-1.000000,-1.000000,87.000000,4.736012,-8.653188,5.359178,-12.597185,0.396763,0.634312
-1.000000,0.000000,85.000000,4.543374,-4.883949,4.297290,-5.796370,0.380625,0.358012
0.000000,-1.000000,82.000000,6.818389,-3.019906,5.768029,-4.166390,0.571216,0.221371
-2.000000,-1.000000,78.000000,9.197231,-0.931987,7.981214,-1.696431,0.770505,0.068318
-1.000000,0.000000,86.000000,10.537823,-0.092624,10.028423,-0.643383,0.882815,0.006790
0.000000,0.000000,88.000000,9.693179,2.131816,10.190528,1.089768,0.812054,-0.156270
-1.000000,0.000000,90.000000,7.661062,3.090729,8.678330,2.708889,0.641812,-0.226562
-1.000000,0.000000,79.000000,4.550448,3.694125,6.012625,3.594018,0.381217,-0.270793
0.000000,0.000000,76.000000,0.871181,2.311417,2.746632,3.037648,0.072984,-0.169436
-1.000000,0.000000,89.000000,-2.214731,2.092923,-1.027869,2.013549,-0.185541,-0.153419
0.000000,1.000000,90.000000,-3.118395,3.882402,-2.708236,2.983788,-0.261246,-0.284595
0.000000,0.000000,85.000000,-3.316219,4.909436,-3.273767,4.608531,-0.277819,-0.359880
0.000000,0.000000,80.000000,-3.582105,4.651852,-3.508901,4.645813,-0.300094,-0.340999
-1.000000,1.000000,82.000000,-3.057370,5.239582,-3.354355,4.951494,-0.256134,-0.384081
0.000000,0.000000,88.000000,-2.284241,5.426049,-2.566991,5.370814,-0.191364,-0.397750
1.000000,1.000000,90.000000,-3.258973,4.742362,-2.787204,5.080502,-0.273023,-0.347633
1.000000,1.000000,90.000000,-2.209705,5.092051,-2.849035,4.970920,-0.185120,-0.373267
0.000000,0.000000,82.000000,-1.841407,5.083618,-1.946949,5.121542,-0.154265,-0.372649
0.000000,1.000000,81.000000,0.599382,1.962794,-0.842606,3.773032,0.050214,-0.143880
0.000000,0.000000,88.000000,3.133473,-2.113071,2.152568,-0.251752,0.262509,0.154896
0.000000,0.000000,93.000000,3.497244,-5.407347,3.443111,-3.938498,0.292984,0.396379
-1.000000,-1.000000,88.000000,3.065539,-8.240108,3.265569,-6.979838,0.256818,0.604031
0.000000,-1.000000,77.000000,3.149353,-9.666489,3.033496,-9.136596,0.263840,0.708591
-1.000000,-1.000000,87.000000,3.013566,-8.955113,3.122617,-9.604811,0.252464,0.656444
2.000000,-3.000000,94.000000,2.627391,-4.828176,2.879012,-6.913603,0.220112,0.353924
-1.000000,0.000000,89.000000,1.020028,-0.085462,1.744484,-2.168310,0.085454,0.006265
0.000000,0.000000,89.000000,-0.654694,1.341860,0.246573,0.669981,-0.054848,-0.098363
-1.000000,1.000000,77.000000,-3.115545,3.100054,-2.036388,2.327620,-0.261007,-0.227246
-2.000000,1.000000,86.000000,-3.662108,4.523064,-3.526793,3.813883,-0.306796,-0.331558
0.000000,0.000000,91.000000,-4.914924,4.479335,-4.372961,4.423671,-0.411752,-0.328352
1.000000,1.000000,94.000000,-5.695558,3.754855,-5.343194,4.098005,-0.477150,-0.275245
1.000000,0.000000,83.000000,-6.823720,3.038158,-6.337139,3.304852,-0.571663,-0.222709
1.000000,0.000000,72.000000,-7.037934,2.375894,-6.991006,2.779569,-0.589609,-0.174162
1.000000,1.000000,87.000000,-7.468229,0.523798,-7.217717,1.551933,-0.625657,-0.038396
1.000000,0.000000,93.000000,-8.820817,-0.478130,-8.123348,-0.244484,-0.738971,0.035049
0.000000,0.000000,88.000000,-8.110102,-0.155769,-8.776587,-0.204403,-0.679430,0.011418
1.000000,0.000000,79.000000,-4.479111,0.327971,-6.195605,0.043700,-0.375241,-0.024042
2.000000,0.000000,73.000000,-1.452632,0.428772,-2.774295,0.506673,-0.121695,-0.031431
0.000000,0.000000,91.000000,-0.196852,-0.947914,-0.758710,-0.316831,-0.016491,0.069486
0.000000,0.000000,88.000000,1.184327,-0.916604,0.505868,-1.004446,0.099218,0.067191
-1.000000,0.000000,84.000000,2.195935,-1.666579,1.798295,-1.224455,0.183966,0.122167
0.000000,0.000000,80.000000,2.427372,-3.046495,2.345635,-2.267220,0.203355,0.223320
0.000000,0.000000,81.000000,3.322173,-4.854905,2.848841,-4.047865,0.278318,0.355883
-1.000000,0.000000,88.000000,3.538591,-5.188231,3.584944,-5.173525,0.296448,0.380317
0.000000,0.000000,84.000000,2.701956,-5.070892,3.084244,-5.041432,0.226359,0.371716
0.000000,-1.000000,82.000000,1.954188,-6.411837,2.318176,-5.804969,0.163714,0.470012
0.000000,-1.000000,81.000000,0.239619,-5.524279,1.089947,-6.200404,0.020074,0.404951
0.000000,-1.000000,81.000000,-0.569194,-4.081471,-0.379716,-4.709087,-0.047685,0.299187
0.000000,0.000000,80.000000,-0.496938,-2.592311,-0.484381,-3.366241,-0.041631,0.190026
0.000000,0.000000,88.000000,-1.676727,-0.643684,-0.983160,-1.535236,-0.140469,0.047185
0.000000,0.000000,84.000000,-3.022475,1.727665,-2.514720,0.632917,-0.253210,-0.126644
0.000000,0.000000,76.000000,-2.770860,4.532123,-2.973754,3.215618,-0.232131,-0.332222
0.000000,0.000000,83.000000,-2.857016,6.228513,-2.742825,5.585801,-0.239349,-0.456574
0.000000,1.000000,85.000000,-3.406334,6.871777,-3.088500,6.679917,-0.285368,-0.503727
1.000000,1.000000,86.000000,-3.603559,6.521255,-3.619728,6.816049,-0.301891,-0.478033
0.000000,1.000000,84.000000,-3.046024,5.438563,-3.340171,5.923659,-0.255183,-0.398667
0.000000,0.000000,77.000000,-2.162467,3.537741,-2.651759,4.509449,-0.181162,-0.259330
1.000000,0.000000,86.000000,-1.458562,1.563043,-1.658595,2.477543,-0.122192,-0.114577
0.000000,1.000000,90.000000,-1.300133,1.046292,-1.444916,1.106259,-0.108920,-0.076697
-1.000000,0.000000,92.000000,-1.132266,1.338267,-1.130011,1.208464,-0.094856,-0.098100
1.000000,0.000000,82.000000,-2.296729,0.796219,-1.707514,1.101381,-0.192410,-0.058366
0.000000,0.000000,77.000000,-2.799369,-0.443040,-2.704008,0.158986,-0.234519,0.032477
0.000000,0.000000,88.000000,-2.328403,-0.139496,-2.625112,-0.466089,-0.195064,0.010226
2.000000,0.000000,89.000000,-1.873112,0.474428,-2.046452,0.219811,-0.156921,-0.034777
0.000000,0.000000,90.000000,-2.011845,0.521815,-1.899644,0.514590,-0.168544,-0.038251
2.000000,-1.000000,79.000000,-2.317172,0.529037,-2.241129,0.443146,-0.194123,-0.038780
1.000000,0.000000,75.000000,-1.801387,1.396205,-2.037552,0.975089,-0.150913,-0.102347
0.000000,0.000000,85.000000,-1.588515,1.477049,-1.618536,1.508189,-0.133079,-0.108273
0.000000,0.000000,91.000000,-1.713020,1.362792,-1.682028,1.319408,-0.143510,-0.099898
2.000000,2.000000,84.000000,-1.234457,1.612416,-1.469744,1.586128,-0.103418,-0.118196
0.000000,0.000000,75.000000,-0.682813,1.074130,-0.997578,1.319106,-0.057203,-0.078738
0.000000,1.000000,68.000000,0.634095,0.927125,-0.064613,0.991687,0.053122,-0.067962
0.000000,0.000000,85.000000,0.771175,0.545138,0.879877,0.778144,0.064606,-0.039961
0.000000,0.000000,91.000000,0.127138,-0.961852,0.361305,-0.148044,0.010651,0.070507
0.000000,1.000000,84.000000,0.461509,-2.104841,0.226581,-1.666158,0.038663,0.154293
-1.000000,0.000000,76.000000,1.124949,-3.340804,0.786020,-2.711403,0.094244,0.244894
0.000000,-1.000000,69.000000,1.492948,-3.735477,1.425969,-3.710418,0.125073,0.273825
-1.000000,-2.000000,88.000000,0.525235,-2.645713,1.013046,-3.293288,0.044002,0.193941
-1.000000,-1.000000,89.000000,-0.332077,-0.505208,0.097394,-1.542688,-0.027820,0.037034
0.000000,0.000000,87.000000,-0.924727,1.544058,-0.697651,0.632730,-0.077470,-0.113185
2.000000,1.000000,80.000000,-1.613939,2.788850,-1.277652,2.199916,-0.135209,-0.204433
0.000000,0.000000,73.000000,-1.714308,3.808719,-1.719041,3.431733,-0.143617,-0.279194
0.000000,1.000000,84.000000,-1.367038,3.911091,-1.472673,3.963105,-0.114525,-0.286698
1.000000,0.000000,85.000000,-1.658948,2.723856,-1.503839,3.317532,-0.138980,-0.199669
0.000000,1.000000,79.000000,-1.790005,1.839774,-1.689412,2.194508,-0.149959,-0.134862
0.000000,0.000000,78.000000,-1.158804,1.444825,-1.585755,1.629490,-0.097080,-0.105911
0.000000,0.000000,75.000000,0.190244,0.816640,-0.297640,1.130525,0.015938,-0.059863
0.000000,2.000000,89.000000,1.065383,0.627686,0.507268,0.591570,0.089253,-0.046012
0.000000,0.000000,84.000000,2.080272,-0.399770,1.652321,0.221624,0.174276,0.029305
0.000000,0.000000,85.000000,2.269881,-1.754000,2.211273,-1.154537,0.190161,0.128575
0.000000,-1.000000,75.000000,2.316723,-2.289237,2.317009,-2.136997,0.194085,0.167810
-2.000000,0.000000,80.000000,1.634893,-2.841823,2.006249,-2.519343,0.136964,0.208316
0.000000,0.000000,87.000000,0.952822,-3.018324,1.246492,-3.026949,0.079823,0.221255
0.000000,-2.000000,91.000000,0.040817,-2.001835,0.475593,-2.587345,0.003419,0.146742
0.000000,0.000000,84.000000,-0.487020,0.115604,-0.319680,-0.804340,-0.040801,-0.008474
-2.000000,0.000000,73.000000,-0.476991,0.835695,-0.470717,0.462901,-0.039960,-0.061260
0.000000,0.000000,85.000000,-0.937199,2.794844,-0.611358,1.775096,-0.078515,-0.204873
2.000000,1.000000,86.000000,-2.322206,3.731805,-1.681159,3.577437,-0.194545,-0.273556
2.000000,0.000000,85.000000,-2.311891,2.931420,-2.427155,3.276021,-0.193681,-0.214884
0.000000,1.000000,81.000000,-2.291208,3.256897,-2.289738,3.008068,-0.191948,-0.238743
0.000000,1.000000,70.000000,-2.273714,3.639197,-2.345783,3.573527,-0.190482,-0.266767
0.000000,1.000000,87.000000,-1.886031,2.175350,-2.004436,2.930079,-0.158004,-0.159461
0.000000,0.000000,81.000000,-2.445460,-0.960143,-2.278212,0.610471,-0.204870,0.070382
0.000000,0.000000,82.000000,-0.654263,-4.238601,-1.694752,-2.679239,-0.054811,0.310706
0.000000,0.000000,78.000000,1.528751,-7.247482,0.648700,-5.781792,0.128072,0.531268
0.000000,0.000000,71.000000,2.388528,-11.934479,2.025067,-9.665498,0.200101,0.874843
0.000000,-2.000000,86.000000,2.459318,-14.441904,2.537785,-13.496800,0.206031,1.058647
0.000000,-2.000000,93.000000,1.893788,-14.846422,2.123117,-14.893343,0.158654,1.088300
-1.000000,-2.000000,86.000000,2.784630,-12.833426,2.205087,-13.794462,0.233285,0.940739
0.000000,-1.000000,82.000000,6.182598,-9.221956,4.546781,-11.016252,0.517952,0.676005
0.000000,-1.000000,72.000000,8.078670,-6.016786,7.389830,-7.434644,0.676797,0.441053
0.000000,-2.000000,88.000000,8.413806,-3.723341,8.260964,-4.842825,0.704873,0.272935
-4.000000,0.000000,86.000000,6.812329,-1.061034,7.720963,-2.273159,0.570708,0.077778
-1.000000,1.000000,88.000000,4.622028,0.546689,5.854916,-0.000146,0.387214,-0.040074
0.000000,0.000000,83.000000,1.800748,1.953185,2.683599,0.846683,0.150859,-0.143176
-1.000000,0.000000,71.000000,3.905473,4.342983,2.550267,3.253789,0.327184,-0.318357
0.000000,0.000000,92.000000,5.819846,6.596239,5.222435,5.526319,0.487562,-0.483530
-1.000000,1.000000,86.000000,6.279936,8.137095,5.854365,7.456756,0.526107,-0.596480
-1.000000,1.000000,86.000000,6.017497,5.681643,6.698484,7.074136,0.504121,-0.416486
0.000000,1.000000,76.000000,2.228136,4.273934,3.979995,5.142001,0.186664,-0.313296
-1.000000,0.000000,78.000000,1.217739,1.827587,1.450645,2.594851,0.102017,-0.133969
0.000000,1.000000,88.000000,0.049073,4.495173,0.587973,2.981863,0.004111,-0.329513
0.000000,1.000000,83.000000,-1.045645,4.632993,-0.449341,5.051061,-0.087600,-0.339616
0.000000,0.000000,83.000000,-1.493077,0.728763,-1.275241,3.012991,-0.125084,-0.053421
0.000000,1.000000,81.000000,-1.034565,-7.791500,-1.257938,-3.559533,-0.086672,0.571147
0.000000,0.000000,77.000000,-3.015730,-13.967270,-1.767318,-11.617663,-0.252645,1.023854
1.000000,-2.000000,87.000000,-5.866714,-12.224367,-4.755613,-13.721013,-0.491489,0.896093
1.000000,-2.000000,82.000000,-5.230216,-7.537623,-5.788838,-9.719350,-0.438166,0.552537
2.000000,0.000000,84.000000,-5.472668,-0.726793,-4.801741,-4.310771,-0.458477,0.053277
0.000000,0.000000,75.000000,-9.979533,5.617857,-7.889623,3.225371,-0.836043,-0.411810
1.000000,0.000000,80.000000,-11.739677,5.694234,-11.197990,5.818533,-0.983501,-0.417409
3.000000,0.000000,92.000000,-10.570453,7.139514,-11.429438,6.252748,-0.885548,-0.523354
2.000000,1.000000,94.000000,-5.541915,9.134361,-8.045790,8.324755,-0.464278,-0.669584
1.000000,2.000000,89.000000,-2.248539,8.707721,-3.439548,9.084684,-0.188373,-0.638309
0.000000,1.000000,77.000000,-2.072678,8.909674,-1.958345,8.861216,-0.173640,-0.653113
0.000000,1.000000,75.000000,-3.649326,6.370720,-2.787272,7.658249,-0.305725,-0.466998
0.000000,2.000000,92.000000,-8.541626,1.672921,-6.091887,3.919199,-0.715582,-0.122632
0.000000,1.000000,91.000000,-13.991088,-1.717350,-11.511342,-0.484440,-1.172115,0.125888
2.000000,1.000000,80.000000,-16.897770,-2.363032,-15.888151,-2.018840,-1.415624,0.173219
7.000000,-1.000000,74.000000,-13.386260,-4.577420,-15.469507,-3.438080,-1.121445,0.335542
4.000000,0.000000,87.000000,-7.621315,-5.689590,-10.411638,-5.311530,-0.638482,0.417069
1.000000,-1.000000,93.000000,-3.424129,-7.307804,-5.196478,-6.596991,-0.286859,0.535690
0.000000,-1.000000,89.000000,-0.344986,-8.663335,-1.853396,-7.834702,-0.028902,0.635056
0.000000,-1.000000,79.000000,3.713931,-13.871131,1.722288,-11.064687,0.311138,1.016807
0.000000,-2.000000,79.000000,9.724071,-21.849401,6.770242,-17.899975,0.814642,1.601645
0.000000,-3.000000,93.000000,15.130902,-29.311247,12.799225,-26.017902,1.267603,2.148627
0.000000,-7.000000,96.000000,20.574474,-33.018421,17.816589,-31.728474,1.723643,2.420377
-3.000000,-5.000000,97.000000,25.843895,-29.080004,23.686283,-31.697763,2.165093,2.131675
-3.000000,-3.000000,88.000000,24.494783,-18.937637,25.632053,-23.841690,2.052070,1.388201
-3.000000,-5.000000,88.000000,17.384901,-13.580048,21.094952,-15.502531,1.456434,0.995470
-5.000000,-3.000000,97.000000,8.524595,-8.157888,12.662977,-11.186887,0.714155,0.598004
0.000000,-2.000000,91.000000,2.420684,-0.415766,5.212163,-4.241948,0.202795,0.030477
0.000000,-1.000000,89.000000,-7.854348,9.124341,-2.895179,4.969375,-0.658004,-0.668849
2.000000,0.000000,83.000000,-9.796379,11.816419,-10.013062,11.118927,-0.820699,-0.866189
2.000000,1.000000,81.000000,-4.956928,14.560872,-7.294844,12.674811,-0.415271,-1.067368
1.000000,5.000000,91.000000,-0.795090,21.140509,-2.478796,18.581341,-0.066609,-1.549680
1.000000,3.000000,93.000000,1.080735,20.583118,0.392079,21.181778,0.090539,-1.508821
0.000000,1.000000,84.000000,1.980447,18.885637,1.361387,19.651382,0.165914,-1.384390
1.000000,3.000000,77.000000,5.278294,15.704927,3.647008,17.282885,0.442193,-1.151231
0.000000,4.000000,75.000000,6.281342,12.732580,6.196864,14.242533,0.526224,-0.933347
-4.000000,3.000000,96.000000,3.961781,10.043543,5.202915,11.242250,0.331901,-0.736230
-2.000000,3.000000,91.000000,1.047557,5.677823,2.488967,7.989033,0.087760,-0.416206
-1.000000,1.000000,88.000000,-0.807677,3.220264,-0.062570,3.998845,-0.067664,-0.236058
0.000000,0.000000,84.000000,-1.076503,3.317396,-1.119402,3.187312,-0.090185,-0.243178
0.000000,0.000000,82.000000,-1.216256,6.162363,-0.843201,4.322193,-0.101893,-0.451725
0.000000,1.000000,91.000000,-3.342771,11.557648,-2.476555,9.345515,-0.280043,-0.847220
-1.000000,2.000000,91.000000,-0.528605,11.730261,-2.405658,12.086123,-0.044284,-0.859873
0.000000,2.000000,86.000000,3.251500,6.832771,1.816190,8.967252,0.272397,-0.500868
0.000000,1.000000,80.000000,6.542823,5.705693,4.564385,5.959769,0.548130,-0.418249
-3.000000,2.000000,77.000000,9.871843,2.700294,8.478802,4.448562,0.827022,-0.197942
-4.000000,1.000000,93.000000,13.155447,-3.847539,11.583160,-0.773150,1.102108,0.282039
-2.000000,0.000000,97.000000,13.960999,-9.147998,13.811381,-6.809492,1.169594,0.670583
-3.000000,0.000000,81.000000,14.656854,-12.156981,14.121463,-11.015738,1.227890,0.891153
-5.000000,-2.000000,74.000000,16.132559,-10.869303,15.548306,-11.850026,1.351518,0.796761
-4.000000,-2.000000,80.000000,13.470290,-8.527924,15.187227,-9.706325,1.128484,0.625129
-2.000000,-3.000000,98.000000,7.062757,-3.425879,10.337089,-6.029395,0.591688,0.251130
-2.000000,-1.000000,94.000000,2.007280,0.493238,4.267566,-0.731393,0.168161,-0.036156
0.000000,0.000000,84.000000,-1.680868,2.001946,-0.159287,1.098843,-0.140816,-0.146750
0.000000,0.000000,82.000000,-3.853808,0.860078,-2.962151,1.570157,-0.322856,-0.063047
0.000000,0.000000,94.000000,-5.219069,0.238761,-4.604900,0.520033,-0.437232,-0.017502
0.000000,0.000000,94.000000,-2.729784,-3.564961,-4.295627,-1.547154,-0.228690,0.261325
0.000000,-1.000000,88.000000,-0.384327,-2.383278,-0.915675,-3.219000,-0.032197,0.174703
0.000000,-1.000000,85.000000,-2.716614,3.115435,-0.869844,0.502839,-0.227586,-0.228373
1.000000,0.000000,82.000000,-7.440257,5.442144,-5.523363,4.728444,-0.623313,-0.398930
1.000000,0.000000,89.000000,-7.984178,3.267552,-8.015584,4.782994,-0.668881,-0.239524
2.000000,0.000000,92.000000,-2.666628,0.702697,-5.478260,1.708128,-0.223399,-0.051510
1.000000,0.000000,87.000000,3.095639,1.556411,0.545075,1.073250,0.259340,-0.114091
0.000000,0.000000,89.000000,5.263933,1.089035,4.618556,1.456855,0.440990,-0.079830
1.000000,0.000000,83.000000,4.692254,1.640046,5.067526,1.058397,0.393097,-0.120222
0.000000,0.000000,99.000000,0.290496,0.565831,2.395892,1.182384,0.024337,-0.041478
0.000000,0.000000,93.000000,-2.052187,-2.155752,-1.307749,-0.820730,-0.171924,0.158025
1.000000,-1.000000,93.000000,-2.186797,-1.905134,-1.940783,-2.350285,-0.183201,0.139654
3.000000,-5.000000,78.000000,-0.826527,-1.174711,-1.782557,-1.133319,-0.069243,0.086111
2.000000,-2.000000,79.000000,-0.369687,-2.248805,-0.108183,-1.986226,-0.030971,0.164846
0.000000,0.000000,104.000000,-4.341902,-2.103097,-2.267837,-1.937128,-0.363746,0.154165
1.000000,-1.000000,101.000000,-5.962337,-3.645391,-5.760714,-3.023012,-0.499500,0.267221
0.000000,0.000000,90.000000,-7.406877,-5.724808,-6.506289,-4.901769,-0.620517,0.419650
2.000000,-1.000000,81.000000,-10.254375,-3.601870,-8.989264,-4.973692,-0.859069,0.264031
1.000000,-1.000000,80.000000,-11.346099,0.152871,-10.957932,-1.405807,-0.950529,-0.011206
1.000000,0.000000,96.000000,-12.255121,3.665688,-11.582056,1.711507,-1.026683,-0.268709
4.000000,0.000000,92.000000,-15.608880,8.645267,-13.963842,6.388142,-1.307647,-0.633731
6.000000,0.000000,84.000000,-15.117065,10.897603,-15.844622,10.348584,-1.266444,-0.798836
3.000000,2.000000,83.000000,-11.082765,8.860434,-12.825099,10.014330,-0.928467,-0.649504
1.000000,1.000000,82.000000,-8.267233,7.393029,-9.750477,7.960349,-0.692594,-0.541937
2.000000,2.000000,90.000000,-2.673540,6.735421,-5.447445,7.177136,-0.223978,-0.493732
0.000000,0.000000,92.000000,2.309218,4.175126,0.193248,5.432969,0.193457,-0.306053
0.000000,0.000000,85.000000,4.403250,2.309151,3.559087,3.039755,0.368886,-0.169270
0.000000,0.000000,82.000000,7.464808,1.113371,5.839053,1.782373,0.625370,-0.081614
-1.000000,0.000000,86.000000,9.262157,0.717518,8.857998,0.670830,0.775945,-0.052597
-1.000000,1.000000,88.000000,6.870717,3.019182,8.008278,1.976842,0.575600,-0.221318
0.000000,0.000000,87.000000,4.996815,4.033862,5.946153,3.642827,0.418612,-0.295697
-1.000000,0.000000,84.000000,1.348131,4.888165,3.068114,4.428094,0.112941,-0.358321
-1.000000,0.000000,77.000000,0.289396,4.262544,0.564462,4.699882,0.024244,-0.312461
0.000000,1.000000,77.000000,0.663793,4.238881,0.372054,4.139695,0.055610,-0.310726
-1.000000,1.000000,92.000000,1.717779,4.513995,1.180974,4.354711,0.143908,-0.330893
0.000000,1.000000,85.000000,1.295014,4.823253,1.690095,4.742219,0.108491,-0.353563
1.000000,1.000000,82.000000,0.482451,3.856865,0.774391,4.541101,0.040418,-0.282723
-2.000000,4.000000,76.000000,-0.624470,3.059510,0.021992,3.211391,-0.052315,-0.224274
0.000000,2.000000,80.000000,-2.156276,2.808979,-1.523333,3.012864,-0.180644,-0.205909
0.000000,0.000000,87.000000,-2.136599,2.570393,-2.150997,2.872074,-0.178995,-0.188420
0.000000,0.000000,83.000000,-2.402919,1.123677,-2.398059,1.731307,-0.201306,-0.082370
0.000000,0.000000,74.000000,-0.398924,-0.107097,-1.450193,0.640159,-0.033420,0.007851
1.000000,1.000000,82.000000,0.287674,-1.052288,0.187788,-0.970981,0.024100,0.077137
0.000000,0.000000,73.000000,-2.015855,-0.580136,-0.762332,-0.659159,-0.168880,0.042526
0.000000,-1.000000,87.000000,-4.448248,0.794354,-3.419048,-0.346562,-0.372656,-0.058229
1.000000,0.000000,84.000000,-5.837702,5.038022,-5.262126,3.218980,-0.489058,-0.369306
1.000000,0.000000,75.000000,-6.852390,6.449587,-6.328322,5.900807,-0.574064,-0.472779
0.000000,1.000000,78.000000,-8.277246,7.412783,-7.629041,7.196815,-0.693433,-0.543385
1.000000,1.000000,95.000000,-10.369218,2.192016,-9.759982,4.358603,-0.868690,-0.160683
1.000000,1.000000,92.000000,-5.390857,4.831921,-7.158390,5.124731,-0.451623,-0.354198
1.000000,1.000000,82.000000,1.141596,-2.101472,-1.730643,0.782059,0.095638,0.154046
0.000000,0.000000,76.000000,1.109856,-2.372817,1.380710,-2.164402,0.092979,0.173937
0.000000,0.000000,82.000000,2.253160,-6.523258,1.634490,-4.475979,0.188760,0.478180
-1.000000,-2.000000,92.000000,3.144595,-8.038924,2.785182,-7.349547,0.263441,0.589284
0.000000,-2.000000,93.000000,4.544230,-10.418509,3.825734,-9.412165,0.380696,0.763717
0.000000,-1.000000,90.000000,5.096651,-11.377386,4.879952,-10.934050,0.426976,0.834006
0.000000,-3.000000,83.000000,5.734524,-12.520364,5.451475,-12.118969,0.480414,0.917791
-1.000000,-1.000000,77.000000,4.417587,-12.510731,5.308917,-12.668650,0.370087,0.917084
0.000000,-3.000000,98.000000,2.625670,-10.413093,3.408021,-11.485289,0.219968,0.763320
0.000000,-1.000000,94.000000,2.464744,-7.870979,2.475388,-9.054266,0.206486,0.576973
0.000000,-1.000000,90.000000,1.801310,-4.578200,2.301537,-6.162694,0.150906,0.335600
0.000000,-2.000000,82.000000,-0.657377,-1.349119,0.501985,-2.890014,-0.055072,0.098896
0.000000,-1.000000,83.000000,-2.043254,1.223438,-1.529454,0.065282,-0.171175,-0.089683
0.000000,1.000000,92.000000,-2.134671,2.767908,-2.179439,2.046793,-0.178834,-0.202898
0.000000,0.000000,93.000000,-3.277230,3.785027,-2.570261,3.425280,-0.274553,-0.277457
0.000000,0.000000,85.000000,-3.995032,2.716408,-4.008436,3.356374,-0.334687,-0.199123
0.000000,0.000000,80.000000,-1.939581,0.361753,-3.024006,1.322423,-0.162490,-0.026518
0.000000,0.000000,85.000000,-0.086946,-1.174780,-0.789120,-0.486034,-0.007284,0.086116
0.000000,0.000000,94.000000,0.094755,-1.983742,0.041914,-1.778690,0.007938,0.145416
0.000000,0.000000,93.000000,0.896388,-3.222245,0.434082,-2.339300,0.075096,0.236203
1.000000,-4.000000,85.000000,1.764333,-6.191371,1.395516,-4.848718,0.147808,0.453851
0.000000,0.000000,78.000000,1.963135,-7.583993,1.870191,-7.101198,0.164463,0.555936
-1.000000,-2.000000,84.000000,1.827166,-5.684764,1.988346,-6.713515,0.153072,0.416715
0.000000,-1.000000,95.000000,1.277229,-4.032496,1.480924,-4.811303,0.107001,0.295597
0.000000,-1.000000,87.000000,1.212023,-3.271927,1.238353,-3.500309,0.101538,0.239845
0.000000,0.000000,79.000000,1.763158,-3.098837,1.360475,-3.152258,0.147710,0.227157
0.000000,0.000000,86.000000,3.783942,-2.660553,2.697894,-2.980392,0.317003,0.195029
-1.000000,0.000000,85.000000,5.568502,-2.065800,4.930287,-2.254549,0.466506,0.151431
0.000000,-1.000000,95.000000,5.567582,-1.990914,5.597934,-1.952532,0.466429,0.145942
-2.000000,0.000000,88.000000,5.715848,-3.742229,5.646258,-2.784344,0.478850,0.274320
0.000000,0.000000,87.000000,5.032012,-5.242936,5.450986,-4.742570,0.421561,0.384327
0.000000,-2.000000,82.000000,4.180761,-5.095624,4.547427,-5.165316,0.350247,0.373529
-1.000000,-1.000000,87.000000,4.464588,-4.941365,4.323598,-5.016587,0.374024,0.362221
-2.000000,0.000000,94.000000,3.733841,-3.794932,4.223939,-4.456834,0.312806,0.278183
0.000000,-2.000000,85.000000,1.037178,-1.935356,2.415514,-2.922164,0.086890,0.141869
-1.000000,0.000000,85.000000,-1.128132,-0.127876,-0.297019,-0.845492,-0.094510,0.009374
0.000000,0.000000,84.000000,-1.510724,0.647645,-1.336679,0.274598,-0.126562,-0.047475
2.000000,0.000000,83.000000,-2.336758,2.241493,-1.872976,1.427075,-0.195764,-0.164310
0.000000,0.000000,89.000000,-3.558736,3.940910,-2.978480,3.130688,-0.298136,-0.288884
0.000000,0.000000,84.000000,-4.600194,4.983380,-4.207894,4.478800,-0.385385,-0.365301
1.000000,1.000000,82.000000,-4.992708,5.556915,-4.859815,5.416968,-0.418268,-0.407343
0.000000,1.000000,86.000000,-4.350718,4.244368,-4.746277,5.052526,-0.364485,-0.311128
2.000000,2.000000,95.000000,-3.359146,2.753284,-3.843099,3.317043,-0.281415,-0.201826
0.000000,0.000000,89.000000,-2.706895,1.802750,-2.958511,2.229049,-0.226772,-0.132148
0.000000,0.000000,82.000000,-2.244233,1.392113,-2.445245,1.601305,-0.188012,-0.102047
0.000000,0.000000,81.000000,-1.644415,0.022049,-2.047180,0.736651,-0.137762,-0.001616
1.000000,0.000000,85.000000,-0.057292,-1.950484,-0.826609,-1.021675,-0.004800,0.142978
0.000000,0.000000,97.000000,1.004050,-2.726892,0.571237,-2.536990,0.084115,0.199892
0.000000,0.000000,90.000000,1.552117,-2.419064,1.358821,-2.688290,0.130030,0.177327
0.000000,0.000000,80.000000,1.858057,-1.713939,1.751853,-2.043674,0.155660,0.125638
-1.000000,0.000000,85.000000,1.439932,-1.008250,1.725178,-1.300144,0.120631,0.073909
0.000000,0.000000,81.000000,1.016747,-0.562377,1.106311,-0.803128,0.085179,0.041224
0.000000,0.000000,91.000000,1.066088,0.432193,1.096717,-0.039234,0.089312,-0.031681
0.000000,0.000000,88.000000,0.985930,1.316361,1.003376,0.946503,0.082597,-0.096494
0.000000,0.000000,83.000000,0.163811,2.090677,0.649842,1.747811,0.013723,-0.153255
0.000000,0.000000,83.000000,-0.173811,2.317414,-0.120436,2.271598,-0.014561,-0.169875
0.000000,0.000000,86.000000,0.169693,2.323917,0.026439,2.324062,0.014216,-0.170352
0.000000,0.000000,97.000000,-0.176903,1.820794,0.019115,2.163772,-0.014820,-0.133471
0.000000,0.000000,90.000000,-0.622595,1.148991,-0.412494,1.406042,-0.052158,-0.084225
0.000000,0.000000,79.000000,-0.253540,0.709072,-0.572885,1.038270,-0.021241,-0.051978
0.000000,1.000000,82.000000,0.846322,-0.809440,0.313779,-0.164006,0.070901,0.059335
0.000000,0.000000,82.000000,0.429529,-1.272762,0.786823,-1.147172,0.035984,0.093298
0.000000,0.000000,96.000000,-0.653066,-1.476893,-0.257670,-1.525838,-0.054711,0.108262
0.000000,0.000000,91.000000,-0.777312,0.107838,-0.769605,-0.739755,-0.065120,-0.007905
0.000000,0.000000,82.000000,-0.552265,1.456461,-0.630895,0.911248,-0.046266,-0.106764
-1.000000,0.000000,82.000000,-0.775060,1.497520,-0.610761,1.642565,-0.064931,-0.109774
0.000000,0.000000,79.000000,-1.277762,1.089448,-1.070192,1.236977,-0.107046,-0.079861
0.000000,0.000000,91.000000,-0.431122,1.211877,-0.950340,1.173870,-0.036118,-0.088835
0.000000,0.000000,86.000000,-0.089085,0.881609,-0.174149,1.030146,-0.007463,-0.064625
0.000000,1.000000,81.000000,-0.247690,0.505103,-0.187641,0.706649,-0.020750,-0.037026
0.000000,0.000000,84.000000,-0.113892,-0.108001,-0.203127,0.175788,-0.009541,0.007917
0.000000,1.000000,82.000000,0.120648,-0.691104,0.030467,-0.421158,0.010107,0.050661
0.000000,-1.000000,90.000000,-0.068289,-1.011977,0.058969,-0.929166,-0.005721,0.074182
0.000000,0.000000,87.000000,-0.113433,-1.569659,-0.132297,-1.281844,-0.009503,0.115062
1.000000,0.000000,82.000000,0.068658,-2.294516,-0.002162,-1.980179,0.005752,0.168197
0.000000,0.000000,80.000000,-0.041094,-2.339777,0.005666,-2.384119,-0.003443,0.171515
0.000000,0.000000,83.000000,0.126024,-2.827594,-0.012316,-2.543433,0.010558,0.207273
0.000000,-1.000000,87.000000,0.424475,-2.843400,0.338361,-2.990647,0.035561,0.208432
1.000000,0.000000,86.000000,0.120988,-1.518964,0.277572,-2.166267,0.010136,0.111346
0.000000,0.000000,77.000000,-0.519069,0.063278,-0.133188,-0.679154,-0.043485,-0.004639
0.000000,0.000000,85.000000,-1.950310,0.764101,-1.198617,0.581849,-0.163389,-0.056012
0.000000,0.000000,83.000000,-2.707671,0.632716,-2.434803,0.770363,-0.226837,-0.046380
0.000000,0.000000,91.000000,-2.872539,0.597669,-2.841453,0.522772,-0.240649,-0.043811
0.000000,0.000000,87.000000,-2.719402,0.588252,-2.820523,0.644611,-0.227820,-0.043121
0.000000,0.000000,87.000000,-2.428758,0.175169,-2.523370,0.394716,-0.203471,-0.012841
0.000000,0.000000,88.000000,-2.090323,-0.615153,-2.307694,-0.215512,-0.175119,0.045093
1.000000,0.000000,98.000000,-0.875128,-1.195866,-1.439809,-0.921534,-0.073315,0.087662
0.000000,0.000000,93.000000,0.407333,-1.924607,-0.205493,-1.547523,0.034125,0.141081
0.000000,0.000000,87.000000,1.639577,-2.703564,1.149100,-2.349826,0.137357,0.198182
0.000000,0.000000,84.000000,2.547943,-2.733252,2.145160,-2.792892,0.213456,0.200358
0.000000,0.000000,87.000000,2.872128,-2.393603,2.779180,-2.571492,0.240615,0.175460
0.000000,0.000000,97.000000,2.720591,-2.765783,2.853278,-2.497930,0.227920,0.202742
0.000000,0.000000,91.000000,1.843582,-3.150195,2.357830,-2.995164,0.154448,0.230921
0.000000,0.000000,85.000000,1.095106,-3.196462,1.342569,-3.219926,0.091743,0.234313
0.000000,0.000000,87.000000,0.254597,-2.142241,0.787860,-2.734060,0.021329,0.157034
0.000000,0.000000,88.000000,-1.714677,-1.333333,-0.745036,-1.629446,-0.143648,0.097738
0.000000,-1.000000,99.000000,-2.658365,-0.884662,-2.258348,-1.092636,-0.222707,0.064849
0.000000,0.000000,90.000000,-3.148550,-0.079447,-2.947119,-0.452306,-0.263772,0.005824
0.000000,0.000000,86.000000,-3.063193,-0.057431,-3.093370,0.151560,-0.256621,0.004210
0.000000,0.000000,90.000000,-2.375690,-1.360025,-2.794358,-0.711679,-0.199025,0.099695
1.000000,0.000000,93.000000,-1.293360,-2.613951,-1.776945,-2.072422,-0.108352,0.191613
0.000000,0.000000,94.000000,-0.583587,-3.514763,-0.913544,-3.117473,-0.048890,0.257646
1.000000,-2.000000,89.000000,0.550493,-4.517557,0.034169,-4.035667,0.046118,0.331154
0.000000,-1.000000,83.000000,0.999830,-4.685947,0.896634,-4.754069,0.083762,0.343498
0.000000,-1.000000,90.000000,0.294255,-4.847600,0.639239,-4.613046,0.024651,0.355348
0.000000,-2.000000,86.000000,0.633252,-5.607866,0.397729,-5.395772,0.053051,0.411078
0.000000,-3.000000,95.000000,0.846085,-4.441946,0.818957,-5.085066,0.070881,0.325612
0.000000,-2.000000,83.000000,0.234690,-2.807900,0.590775,-3.541092,0.019661,0.205830
0.000000,0.000000,87.000000,-0.794359,-1.729712,-0.316536,-2.196919,-0.066548,0.126795
0.000000,0.000000,81.000000,-1.064476,-1.034711,-0.983955,-1.321444,-0.089177,0.075848
2.000000,0.000000,89.000000,-1.189056,-0.703082,-1.132358,-0.806055,-0.099614,0.051539
0.000000,-1.000000,91.000000,-1.113259,-1.425848,-1.231079,-1.054489,-0.093264,0.104520
1.000000,0.000000,86.000000,-0.835196,-2.249185,-0.938789,-1.867473,-0.069969,0.164874
0.000000,0.000000,85.000000,-0.004962,-3.462768,-0.376713,-2.719838,-0.000416,0.253834
0.000000,0.000000,84.000000,0.502857,-5.886293,0.200464,-4.748313,0.042127,0.431488
-1.000000,-1.000000,90.000000,1.456547,-8.290542,0.993706,-7.144854,0.122023,0.607728
0.000000,0.000000,94.000000,2.952881,-9.608564,2.197267,-9.021155,0.247380,0.704345
0.000000,-1.000000,86.000000,4.074965,-10.690333,3.586833,-10.273802,0.341383,0.783642
0.000000,-2.000000,87.000000,4.165784,-11.105017,4.230351,-10.877348,0.348992,0.814040
0.000000,-3.000000,93.000000,3.731987,-11.448369,3.974903,-11.413330,0.312650,0.839209
0.000000,-4.000000,98.000000,2.869758,-10.453412,3.383368,-10.989595,0.240416,0.766275
-2.000000,-2.000000,103.000000,1.744697,-8.652411,2.261429,-9.601759,0.146163,0.634255
0.000000,-3.000000,91.000000,0.371896,-7.024544,1.020179,-7.670181,0.031156,0.514926
0.000000,0.000000,90.000000,-0.954528,-6.903319,-0.307651,-6.864162,-0.079966,0.506040
0.000000,-1.000000,97.000000,-2.582150,-6.763073,-1.817875,-6.888143,-0.216322,0.495759
0.000000,0.000000,103.000000,-3.601110,-5.865157,-3.183666,-6.351322,-0.301686,0.429938
0.000000,0.000000,95.000000,-4.345548,-5.156964,-4.006402,-5.404948,-0.364052,0.378025
0.000000,-1.000000,92.000000,-4.273763,-5.342476,-4.389654,-5.186719,-0.358038,0.391624
2.000000,-1.000000,95.000000,-3.796362,-6.134494,-3.993111,-5.717118,-0.318043,0.449682
2.000000,-2.000000,98.000000,-3.661209,-6.799405,-3.699522,-6.501655,-0.306721,0.498422
0.000000,-1.000000,100.000000,-3.177450,-6.728792,-3.415758,-6.791409,-0.266193,0.493246
0.000000,-2.000000,93.000000,-2.441068,-6.899419,-2.880108,-6.750384,-0.204502,0.505754
0.000000,-3.000000,92.000000,-1.026916,-8.429826,-1.715369,-7.554510,-0.086031,0.617938
0.000000,-3.000000,93.000000,1.246074,-11.263201,0.172132,-9.738847,0.104391,0.825636
0.000000,-2.000000,93.000000,3.612706,-14.523706,2.481763,-13.147838,0.302657,1.064643
-1.000000,-1.000000,100.000000,6.500425,-15.706085,5.139388,-15.329805,0.544578,1.151316
-1.000000,-1.000000,102.000000,7.735370,-15.326010,7.347515,-15.594046,0.648037,1.123455
-2.000000,-3.000000,97.000000,7.351578,-14.587210,7.577464,-14.918150,0.615884,1.069298
0.000000,-6.000000,98.000000,6.283524,-13.236984,6.832366,-14.062335,0.526407,0.970322
-1.000000,-3.000000,103.000000,4.759733,-9.586473,5.515380,-11.408747,0.398750,0.702725
0.000000,-1.000000,113.000000,2.849669,-6.900449,3.803033,-8.090253,0.238733,0.505829
-1.000000,-1.000000,102.000000,0.501973,-4.672873,1.633983,-5.661479,0.042053,0.342539
0.000000,0.000000,104.000000,-1.491511,-3.276715,-0.598597,-3.863576,-0.124953,0.240196
0.000000,0.000000,102.000000,-2.762022,-2.264741,-2.238041,-2.813365,-0.231391,0.166014
0.000000,0.000000,104.000000,-3.335306,-1.903011,-3.159858,-1.917202,-0.279418,0.139498
1.000000,0.000000,98.000000,-3.328886,-3.184818,-3.320124,-2.505095,-0.278880,0.233459
0.000000,-1.000000,106.000000,-2.897127,-4.815161,-3.136030,-4.104898,-0.242709,0.352970
1.000000,0.000000,103.000000,-2.442700,-5.940134,-2.581748,-5.430796,-0.204639,0.435435
0.000000,-2.000000,101.000000,-2.287592,-7.096201,-2.365618,-6.562720,-0.191645,0.520179
0.000000,-2.000000,103.000000,-1.878516,-8.641321,-2.161608,-7.946429,-0.157374,0.633442
0.000000,-7.000000,107.000000,-0.863434,-9.522530,-1.364606,-9.158339,-0.072335,0.698038
0.000000,-2.000000,103.000000,-0.271006,-9.212325,-0.522076,-9.441704,-0.022704,0.675299
0.000000,-1.000000,105.000000,-0.207176,-8.119553,-0.183146,-8.647350,-0.017356,0.595194
0.000000,0.000000,105.000000,-0.534926,-7.129113,-0.385085,-7.539105,-0.044814,0.522591
0.000000,0.000000,101.000000,-0.632816,-7.005626,-0.633753,-7.032231,-0.053015,0.513539
0.000000,-1.000000,100.000000,-0.499197,-7.166154,-0.492666,-7.073737,-0.041821,0.525307
0.000000,-1.000000,98.000000,-0.727921,-6.989580,-0.548557,-7.004262,-0.060982,0.512363
0.000000,-3.000000,98.000000,-0.186682,-8.123863,-0.556479,-7.451277,-0.015639,0.595510
1.000000,-4.000000,108.000000,0.710486,-10.389340,0.282393,-9.235443,0.059522,0.761578
0.000000,-4.000000,112.000000,1.844027,-12.377657,1.250302,-11.582346,0.154485,0.907330
0.000000,-2.000000,111.000000,3.298551,-12.799402,2.684723,-12.534306,0.276339,0.938245
0.000000,-1.000000,106.000000,3.615137,-12.462372,3.603802,-12.791948,0.302861,0.913540
-3.000000,-1.000000,106.000000,2.878038,-11.303412,3.240760,-11.788124,0.241110,0.828583
-1.000000,-3.000000,112.000000,2.231061,-10.403944,2.573454,-10.782778,0.186909,0.762649
0.000000,-3.000000,111.000000,1.708365,-10.486772,1.960180,-10.474410,0.143120,0.768720
0.000000,-4.000000,108.000000,1.186607,-10.122935,1.360697,-10.282542,0.099409,0.742050
0.000000,-3.000000,107.000000,1.218369,-9.587260,1.141586,-9.946836,0.102070,0.702783
0.000000,0.000000,109.000000,1.688901,-9.894370,1.358376,-9.681421,0.141489,0.725295
0.000000,-1.000000,116.000000,3.050026,-10.818166,2.299781,-10.478737,0.255518,0.793013
-1.000000,-1.000000,114.000000,3.412074,-10.738873,3.469433,-10.876876,0.285849,0.787200
-2.000000,-2.000000,112.000000,2.379168,-8.433112,2.905179,-9.718585,0.199317,0.618179
0.000000,-2.000000,115.000000,1.017848,-5.212566,1.696980,-6.572691,0.085271,0.382101
0.000000,-2.000000,112.000000,-0.063560,-3.372709,0.406813,-4.217807,-0.005325,0.247232
0.000000,0.000000,113.000000,-1.270727,-1.702165,-0.694212,-2.436436,-0.106456,0.124775
0.000000,0.000000,114.000000,-2.292094,-0.739482,-1.844637,-1.163801,-0.192022,0.054207
1.000000,-2.000000,114.000000,-2.918863,-0.080339,-2.680948,-0.314796,-0.244530,0.005889
1.000000,0.000000,109.000000,-3.677812,-0.476548,-3.319342,-0.219004,-0.308112,0.034933
0.000000,-1.000000,114.000000,-3.805777,-1.351340,-3.882853,-0.893910,-0.318832,0.099058
1.000000,0.000000,119.000000,-2.525375,-2.750944,-3.224534,-2.189657,-0.211565,0.201655
1.000000,-1.000000,119.000000,-0.983303,-3.961878,-1.667787,-3.443994,-0.082377,0.290421
0.000000,-1.000000,117.000000,0.606455,-5.740492,-0.167762,-4.865850,0.050806,0.420800
0.000000,-1.000000,117.000000,2.184541,-8.866313,1.387710,-7.336151,0.183012,0.649935
0.000000,-1.000000,117.000000,3.485044,-11.828477,2.767292,-10.594358,0.291962,0.867073
-2.000000,-2.000000,118.000000,5.224747,-12.457174,4.483547,-12.380331,0.437707,0.913159
0.000000,-3.000000,118.000000,5.243121,-11.511779,5.360737,-12.046469,0.439247,0.843857
-1.000000,-3.000000,113.000000,4.544922,-10.946670,4.771189,-11.192518,0.380754,0.802433
-1.000000,-3.000000,119.000000,4.736610,-9.447981,4.711383,-10.331805,0.396813,0.692573
-1.000000,-2.000000,121.000000,3.604662,-7.370420,4.193217,-8.367693,0.301983,0.540280
0.000000,-2.000000,124.000000,2.291093,-5.031293,2.895414,-6.183851,0.191938,0.368813
0.000000,0.000000,120.000000,1.126256,-2.837194,1.689771,-3.719126,0.094353,0.207977
0.000000,0.000000,117.000000,0.435456,-2.799043,0.701993,-2.647650,0.036481,0.205181
0.000000,-1.000000,118.000000,0.634996,-3.713792,0.481275,-3.238239,0.053197,0.272235
-1.000000,0.000000,116.000000,1.061803,-4.860080,0.874026,-4.379615,0.088953,0.356262
-1.000000,-2.000000,126.000000,0.746550,-5.727383,0.922985,-5.243415,0.062543,0.419839
0.000000,-1.000000,121.000000,0.820754,-7.066301,0.706418,-6.338271,0.068759,0.517987
0.000000,-2.000000,116.000000,1.362336,-8.588664,1.155391,-7.871437,0.114131,0.629582
0.000000,-1.000000,124.000000,1.445852,-9.475649,1.479436,-9.107668,0.121127,0.694601
0.000000,-2.000000,124.000000,1.101599,-9.274274,1.291041,-9.551172,0.092287,0.679840
-1.000000,-2.000000,120.000000,0.830649,-10.038487,0.886442,-9.534148,0.069588,0.735860
0.000000,-4.000000,120.000000,1.726948,-12.043744,1.218532,-11.006612,0.144676,0.882853
0.000000,0.000000,118.000000,3.051146,-14.509716,2.476368,-13.352069,0.255612,1.063618
-1.000000,-1.000000,125.000000,3.548428,-15.373844,3.347638,-15.281680,0.297272,1.126962
-1.000000,-4.000000,122.000000,3.581528,-13.946130,3.597991,-14.685320,0.300045,1.022305
-1.000000,-3.000000,130.000000,2.743624,-11.548230,3.242573,-12.653436,0.229849,0.846530
1.000000,-4.000000,120.000000,1.706506,-9.721318,2.110743,-10.507113,0.142964,0.712610
0.000000,-3.000000,117.000000,1.361601,-7.498425,1.567838,-8.642384,0.114069,0.549663
0.000000,0.000000,121.000000,0.771169,-5.527015,1.092138,-6.292252,0.064605,0.405151
0.000000,0.000000,126.000000,-0.041363,-4.722201,0.303686,-5.058764,-0.003465,0.346155
0.000000,-1.000000,131.000000,-0.003763,-5.417614,-0.076170,-4.948274,-0.000315,0.397132
0.000000,0.000000,116.000000,1.107168,-4.621668,0.749462,-4.983295,0.092754,0.338786
0.000000,-1.000000,119.000000,0.437558,-4.028522,0.811397,-4.325692,0.036657,0.295306
0.000000,-1.000000,117.000000,-0.364606,-3.819767,-0.014101,-3.825885,-0.030545,0.280004
0.000000,-1.000000,127.000000,-0.134021,-5.049390,-0.475082,-4.459792,-0.011228,0.370140
0.000000,-2.000000,120.000000,1.017112,-5.454282,0.547782,-5.382224,0.085209,0.399820
0.000000,-2.000000,120.000000,0.903179,-5.176296,1.036427,-5.304766,0.075665,0.379442
0.000000,-2.000000,117.000000,0.038441,-5.210189,0.466111,-5.213390,0.003220,0.381927
0.000000,-1.000000,120.000000,-0.427292,-5.445647,-0.337952,-5.333625,-0.035797,0.399187
0.000000,-2.000000,121.000000,-0.052235,-6.032772,-0.236593,-5.737342,-0.004376,0.442225
0.000000,-1.000000,123.000000,-0.672748,-5.966730,-0.264201,-6.028986,-0.056360,0.437384
0.000000,-1.000000,118.000000,-0.695566,-6.902695,-0.858380,-6.266923,-0.058272,0.505994
0.000000,0.000000,116.000000,0.195014,-8.186491,-0.262685,-7.743455,0.016337,0.600101
0.000000,-1.000000,117.000000,1.186879,-8.668738,0.756180,-8.448670,0.099432,0.635452
0.000000,0.000000,126.000000,0.833012,-8.291354,1.184301,-8.584744,0.069786,0.607788
0.000000,-3.000000,124.000000,-0.055006,-7.291492,0.262450,-7.711632,-0.004608,0.534494
0.000000,-2.000000,126.000000,-0.206881,-6.556436,-0.111569,-6.948163,-0.017332,0.480612
0.000000,-2.000000,130.000000,-0.501547,-5.182923,-0.394245,-5.841050,-0.042018,0.379928
0.000000,-2.000000,125.000000,-0.919352,-3.853257,-0.725105,-4.468292,-0.077019,0.282459
0.000000,-1.000000,130.000000,-1.686971,-3.424071,-1.307941,-3.416230,-0.141327,0.250997
0.000000,0.000000,123.000000,-1.621553,-4.505564,-1.813675,-3.986134,-0.135847,0.330275
0.000000,-2.000000,127.000000,-1.328023,-4.786807,-1.413352,-4.721271,-0.111256,0.350891
1.000000,-1.000000,123.000000,-1.639578,-5.106746,-1.541503,-4.942907,-0.137357,0.374344
0.000000,-1.000000,122.000000,-1.254952,-4.026854,-1.449375,-4.660213,-0.105135,0.295184
0.000000,0.000000,127.000000,-0.797028,-3.660580,-1.103331,-3.688700,-0.066772,0.268335
0.000000,0.000000,119.000000,0.160434,-4.882039,-0.292510,-4.371949,0.013441,0.357872
0.000000,0.000000,126.000000,0.147468,-5.037959,0.227784,-5.043051,0.012354,0.369302
0.000000,-1.000000,122.000000,0.302116,-3.918983,0.241914,-4.488595,0.025310,0.287276
0.000000,0.000000,130.000000,0.257633,-3.623097,0.223417,-3.604367,0.021583,0.265587
0.000000,0.000000,126.000000,0.084478,-3.270786,0.259613,-3.525653,0.007077,0.239761
0.000000,0.000000,118.000000,-0.738412,-2.139749,-0.433537,-2.726818,-0.061861,0.156852
0.000000,-1.000000,116.000000,-0.497463,-0.823538,-0.644116,-1.437411,-0.041675,0.060369
0.000000,0.000000,119.000000,-0.824018,-0.152961,-0.635803,-0.376194,-0.069033,0.011213
0.000000,0.000000,116.000000,-1.095663,-0.221185,-0.906478,-0.243940,-0.091790,0.016214
1.000000,0.000000,129.000000,-2.026348,0.968677,-1.550704,0.319120,-0.169759,-0.071008
0.000000,0.000000,126.000000,-1.974241,2.244267,-2.087260,1.694818,-0.165394,-0.164513
1.000000,0.000000,123.000000,-1.453409,3.100762,-1.717690,2.759111,-0.121761,-0.227298
1.000000,0.000000,125.000000,-0.967961,3.597985,-1.186839,3.348603,-0.081092,-0.263746
0.000000,0.000000,129.000000,-0.117090,4.554251,-0.570347,4.089988,-0.009809,-0.333844
0.000000,0.000000,136.000000,1.624413,5.475852,0.783210,5.037235,0.136087,-0.401401
0.000000,1.000000,125.000000,2.354072,6.380220,2.125612,5.962762,0.197214,-0.467695
-1.000000,0.000000,126.000000,2.253716,7.795733,2.319899,7.129230,0.188807,-0.571457
0.000000,0.000000,123.000000,3.445928,9.170197,2.693629,8.540554,0.288685,-0.672210
0.000000,2.000000,124.000000,5.028502,10.533141,4.433755,9.811882,0.421267,-0.772120
0.000000,3.000000,128.000000,5.093845,11.579235,5.111768,11.148776,0.426741,-0.848802
-2.000000,3.000000,118.000000,5.312567,12.335619,5.252384,12.086319,0.445065,-0.904248
0.000000,2.000000,123.000000,5.118431,13.757588,5.260170,13.072220,0.428801,-1.008484
-1.000000,0.000000,126.000000,4.349819,15.508658,4.892709,14.778094,0.364410,-1.136844
-1.000000,1.000000,131.000000,2.306386,18.099224,3.366764,16.955532,0.193219,-1.326742
0.000000,8.000000,117.000000,0.195281,20.128784,1.182878,19.127792,0.016360,-1.475517
0.000000,5.000000,120.000000,-0.553036,22.544731,-0.383656,21.458195,-0.046331,-1.652615
0.000000,2.000000,121.000000,-0.981697,25.495338,-0.725366,23.938114,-0.082242,-1.868906
0.000000,6.000000,117.000000,-2.588004,28.757814,-1.750590,27.343201,-0.216812,-2.108058
0.000000,7.000000,128.000000,-4.590957,30.258692,-3.668709,29.719904,-0.384611,-2.218078
2.000000,5.000000,119.000000,-5.377061,30.652668,-5.251147,30.455555,-0.450468,-2.246958
0.000000,9.000000,117.000000,-4.795144,31.307707,-4.918147,31.022379,-0.401717,-2.294975
1.000000,3.000000,118.000000,-5.716343,32.056759,-5.190951,31.710217,-0.478891,-2.349883
0.000000,9.000000,116.000000,-6.464880,31.189302,-6.291517,31.718378,-0.541600,-2.286295
0.000000,5.000000,116.000000,-5.108206,30.401642,-5.780468,30.695246,-0.427944,-2.228557
2.000000,9.000000,111.000000,-4.274904,30.106956,-4.559423,30.260406,-0.358133,-2.206955
1.000000,5.000000,117.000000,-3.537809,29.313246,-3.952413,29.602390,-0.296383,-2.148773
0.000000,4.000000,107.000000,-2.438632,28.763618,-2.927571,29.200750,-0.204298,-2.108483
0.000000,7.000000,110.000000,-1.886247,26.660080,-2.102331,27.615452,-0.158022,-1.954286
0.000000,4.000000,114.000000,-0.887462,24.103964,-1.548360,25.433689,-0.074348,-1.766913
4.000000,4.000000,104.000000,2.307009,21.248247,0.592751,22.464231,0.193272,-1.557578
-2.000000,6.000000,109.000000,5.143870,20.753445,3.947621,20.568535,0.430932,-1.521307
-1.000000,4.000000,104.000000,5.707166,22.635059,5.605732,21.702276,0.478122,-1.659236
0.000000,2.000000,105.000000,4.917023,24.722795,5.433431,23.771458,0.411928,-1.812276
-2.000000,4.000000,114.000000,3.344391,27.015736,4.066748,26.006977,0.280179,-1.980357
-1.000000,8.000000,99.000000,2.056317,29.277298,2.649077,28.281967,0.172270,-2.146138
0.000000,3.000000,104.000000,-0.165207,31.760742,0.967507,30.599329,-0.013840,-2.328184
0.000000,5.000000,97.000000,-1.834802,33.810196,-1.251039,33.041294,-0.153712,-2.478417
0.000000,8.000000,102.000000,-3.795083,33.758411,-2.705288,33.834930,-0.317936,-2.474621
1.000000,3.000000,104.000000,-6.810011,32.293571,-5.458587,33.183712,-0.570514,-2.367242
0.000000,10.000000,97.000000,-7.577723,28.633036,-7.340750,30.468008,-0.634830,-2.098911
1.000000,4.000000,89.000000,-7.560993,24.407639,-7.596738,26.445990,-0.633428,-1.789173
2.000000,2.000000,95.000000,-6.504755,18.331808,-7.153306,21.374134,-0.544941,-1.343792
1.000000,4.000000,100.000000,-4.302545,11.727503,-5.353296,14.784253,-0.360449,-0.859671
0.000000,2.000000,97.000000,-2.333037,4.454491,-3.279916,7.947507,-0.195452,-0.326531
0.000000,1.000000,88.000000,1.284750,-2.673583,-0.635367,0.518279,0.107631,0.195984
0.000000,1.000000,92.000000,5.297686,-8.734459,3.564653,-5.880620,0.443818,0.640269
-1.000000,-2.000000,94.000000,7.474557,-13.297757,6.624777,-11.315875,0.626187,0.974777
-2.000000,-1.000000,96.000000,8.224966,-15.685743,7.961901,-14.836065,0.689053,1.149825
-1.000000,-1.000000,103.000000,7.742378,-15.106250,8.129349,-15.549942,0.648624,1.107346
-1.000000,-3.000000,91.000000,6.180459,-12.053124,6.945769,-13.639906,0.517773,0.883540
-1.000000,-1.000000,95.000000,4.050536,-7.527388,5.126258,-9.767859,0.339337,0.551786
0.000000,-1.000000,98.000000,1.149004,-2.487448,2.494038,-4.921375,0.096259,0.182339
0.000000,-1.000000,102.000000,-2.193709,1.880855,-0.575686,-0.108157,-0.183780,-0.137874
0.000000,0.000000,105.000000,-5.494663,5.924489,-4.033325,4.011817,-0.460320,-0.434288
0.000000,1.000000,91.000000,-7.390540,8.605781,-6.658720,7.535304,-0.619148,-0.630837
0.000000,0.000000,95.000000,-8.262529,9.435295,-7.914857,9.192671,-0.692200,-0.691643
1.000000,2.000000,92.000000,-8.211457,8.455278,-8.332501,8.974804,-0.687921,-0.619804
2.000000,2.000000,94.000000,-6.997011,6.914083,-7.572904,7.635001,-0.586180,-0.506829
2.000000,0.000000,88.000000,-6.646154,5.326088,-6.739629,6.096563,-0.556787,-0.390423
1.000000,0.000000,89.000000,-6.148512,3.426759,-6.516277,4.346541,-0.515096,-0.251195
1.000000,1.000000,91.000000,-4.515409,0.889881,-5.285414,2.099452,-0.378282,-0.065232
0.000000,0.000000,100.000000,-3.631817,-0.449016,-3.955128,0.013442,-0.304258,0.032915
0.000000,0.000000,103.000000,-3.454334,-1.216000,-3.500927,-0.966052,-0.289390,0.089137
1.000000,0.000000,94.000000,-3.404432,-1.033622,-3.465529,-1.141138,-0.285209,0.075768
1.000000,0.000000,94.000000,-2.944270,-0.646032,-3.167825,-0.877059,-0.246659,0.047357
0.000000,0.000000,90.000000,-2.344790,-0.084837,-2.675870,-0.357241,-0.196437,0.006219
1.000000,0.000000,99.000000,-1.713999,-0.077027,-1.877329,0.023493,-0.143592,0.005646
0.000000,0.000000,103.000000,-1.864675,0.035035,-1.803511,-0.079794,-0.156215,-0.002568
0.000000,0.000000,93.000000,-1.738166,-0.131103,-1.842846,0.006487,-0.145616,0.009610
0.000000,0.000000,91.000000,-1.774603,-0.582488,-1.749819,-0.326492,-0.148669,0.042699
0.000000,0.000000,90.000000,-1.510046,-2.350460,-1.790618,-1.504282,-0.126505,0.172298
0.000000,0.000000,96.000000,-0.615265,-4.057694,-1.064640,-3.336352,-0.051544,0.297444
0.000000,-1.000000,105.000000,0.200664,-5.480361,-0.117977,-4.825129,0.016811,0.401731
1.000000,-2.000000,89.000000,0.770399,-5.667313,0.543608,-5.752612,0.064541,0.415436
0.000000,-1.000000,99.000000,0.691762,-5.307337,0.789085,-5.523334,0.057953,0.389048
0.000000,0.000000,99.000000,0.105792,-3.918021,0.357247,-4.593964,0.008863,0.287206
0.000000,0.000000,103.000000,0.369228,-2.653944,0.131037,-3.232947,0.030932,0.194544
0.000000,-1.000000,102.000000,0.953608,-1.490249,0.729629,-2.120414,0.079889,0.109241
0.000000,0.000000,101.000000,0.924449,0.432685,1.005693,-0.458937,0.077446,-0.031717
0.000000,0.000000,96.000000,0.479743,1.569719,0.724719,1.204332,0.040191,-0.115066
0.000000,0.000000,94.000000,0.344770,1.485845,0.375432,1.564769,0.028883,-0.108918
0.000000,0.000000,103.000000,0.021982,1.465426,0.225079,1.495765,0.001842,-0.107421
0.000000,0.000000,107.000000,-0.662922,1.487417,-0.334553,1.447048,-0.055537,-0.109033
0.000000,0.000000,99.000000,-0.779384,1.727742,-0.797693,1.608111,-0.065293,-0.126650
0.000000,0.000000,95.000000,-0.263692,2.178470,-0.524219,1.948461,-0.022091,-0.159690
0.000000,0.000000,96.000000,0.368966,2.017141,0.123234,2.150340,0.030910,-0.147864
0.000000,0.000000,105.000000,0.588291,1.030779,0.594896,1.561780,0.049285,-0.075560
0.000000,0.000000,105.000000,0.088016,-0.737504,0.196453,0.053547,0.007374,0.054062
0.000000,0.000000,94.000000,0.800525,-1.572971,0.486199,-1.287936,0.067065,0.115305
0.000000,0.000000,95.000000,0.309518,-0.963037,0.655227,-1.273547,0.025930,0.070594
0.000000,0.000000,99.000000,0.128078,-0.822442,0.091095,-0.793769,0.010730,0.060288
0.000000,0.000000,104.000000,1.660113,-0.999708,0.924947,-0.915258,0.139077,0.073282
0.000000,1.000000,104.000000,2.234252,-1.017456,2.096331,-1.040322,0.187176,0.074583
0.000000,0.000000,97.000000,1.310004,-0.527274,1.818409,-0.757809,0.109747,0.038651
0.000000,0.000000,97.000000,0.863427,-0.055730,0.984126,-0.285199,0.072334,0.004085
-1.000000,0.000000,93.000000,1.136244,1.115532,0.986160,0.506392,0.095190,-0.081773
0.000000,-1.000000,102.000000,0.539913,2.856483,0.953386,2.005981,0.045232,-0.209391
0.000000,0.000000,103.000000,-1.006392,4.416536,-0.201468,3.743677,-0.084311,-0.323749
0.000000,1.000000,97.000000,-2.095917,5.638244,-1.706002,5.052768,-0.175587,-0.413305
0.000000,2.000000,89.000000,-2.268310,7.013599,-2.267962,6.284848,-0.190029,-0.514124
0.000000,0.000000,98.000000,-1.713444,8.897152,-1.956732,8.034533,-0.143545,-0.652195
0.000000,1.000000,106.000000,-1.665192,9.841868,-1.607829,9.523887,-0.139503,-0.721447
0.000000,1.000000,94.000000,-1.592264,8.831833,-1.711758,9.447484,-0.133393,-0.647407
0.000000,2.000000,97.000000,-1.079564,8.704613,-1.247556,8.575824,-0.090441,-0.638081
0.000000,1.000000,93.000000,-0.769360,9.712663,-0.903106,9.366826,-0.064454,-0.711975
1.000000,2.000000,97.000000,-0.658136,10.061470,-0.707274,9.887731,-0.055136,-0.737544
0.000000,1.000000,101.000000,-1.002738,10.718076,-0.844214,10.399843,-0.084005,-0.785676
0.000000,1.000000,88.000000,-0.689920,11.823718,-0.956807,11.313238,-0.057799,-0.866724
0.000000,2.000000,90.000000,0.913698,12.271075,0.184682,12.202850,0.076546,-0.899517
1.000000,1.000000,94.000000,0.735383,11.872440,0.967246,12.069244,0.061607,-0.870295
0.000000,2.000000,93.000000,-0.221419,11.654689,0.265397,11.743237,-0.018550,-0.854333
0.000000,3.000000,93.000000,-1.583787,11.001183,-1.007383,11.384938,-0.132683,-0.806429
0.000000,4.000000,78.000000,-1.819573,10.282691,-1.807162,10.551294,-0.152436,-0.753761
1.000000,2.000000,83.000000,-1.810310,10.070415,-1.771499,10.105192,-0.151660,-0.738200
-1.000000,2.000000,87.000000,-2.588456,11.140470,-2.221668,10.574896,-0.216850,-0.816639
0.000000,2.000000,93.000000,-3.406647,11.898913,-3.046942,11.623467,-0.285395,-0.872236
2.000000,1.000000,97.000000,-3.614863,12.998949,-3.448971,12.517237,-0.302838,-0.952873
1.000000,1.000000,78.000000,-3.747900,14.878996,-3.782969,13.937558,-0.313983,-1.090687
2.000000,5.000000,81.000000,-3.793828,16.265585,-3.839874,15.662424,-0.317831,-1.192330
-1.000000,5.000000,88.000000,-3.606956,16.869017,-3.721673,16.693150,-0.302176,-1.236563
-1.000000,3.000000,88.000000,-2.343277,16.451508,-3.031770,16.704102,-0.196310,-1.205958
0.000000,1.000000,88.000000,-1.468100,15.931173,-1.797927,16.200457,-0.122991,-1.167816
1.000000,2.000000,80.000000,-0.016686,14.832322,-0.891652,15.366943,-0.001398,-1.087266
1.000000,2.000000,80.000000,1.510359,13.034464,0.943645,13.874659,0.126532,-0.955476
1.000000,5.000000,83.000000,2.206625,11.429954,1.831539,12.212945,0.184862,-0.837859
0.000000,3.000000,91.000000,3.269667,10.695167,2.766929,10.918381,0.273919,-0.783997
-1.000000,3.000000,87.000000,2.971344,9.059286,3.218604,9.964535,0.248927,-0.664080
0.000000,0.000000,72.000000,2.013570,5.527124,2.407248,7.339643,0.168688,-0.405159
0.000000,0.000000,80.000000,4.654325,4.231873,3.079840,4.391355,0.389920,-0.310212
-2.000000,0.000000,85.000000,8.471215,6.425559,6.820153,5.345527,0.709683,-0.471018
-1.000000,2.000000,90.000000,8.543997,6.866180,8.806584,6.759834,0.715780,-0.503317
-2.000000,2.000000,93.000000,5.824601,5.943435,7.166539,6.583323,0.487961,-0.435677
0.000000,0.000000,81.000000,5.387487,4.408112,5.221938,4.968827,0.451341,-0.323131
0.000000,1.000000,79.000000,7.991662,5.422634,6.883528,4.403933,0.669508,-0.397500
-1.000000,0.000000,82.000000,6.938176,10.276531,7.745137,8.223139,0.581251,-0.753309
-1.000000,2.000000,86.000000,1.858447,10.774505,4.519792,10.784362,0.155693,-0.789812
-2.000000,4.000000,87.000000,-4.245557,11.669450,-1.456759,11.305910,-0.355675,-0.855415
1.000000,2.000000,77.000000,-8.006489,15.529788,-6.385363,12.993587,-0.670750,-1.138393
0.000000,2.000000,80.000000,-9.465637,20.793827,-8.936712,18.889046,-0.792991,-1.524267
2.000000,2.000000,77.000000,-12.485332,21.223045,-10.481054,21.174961,-1.045969,-1.555730
1.000000,4.000000,94.000000,-16.576427,20.849474,-15.103444,21.190670,-1.388703,-1.528346
3.000000,5.000000,88.000000,-16.155073,19.068024,-16.498940,19.737013,-1.353404,-1.397759
4.000000,4.000000,72.000000,-14.674900,17.199774,-15.416408,18.283024,-1.229401,-1.260809
1.000000,2.000000,77.000000,-13.142008,15.411301,-13.877055,16.125839,-1.100982,-1.129707
1.000000,4.000000,86.000000,-11.418495,15.345506,-12.140009,15.425382,-0.956594,-1.124884
1.000000,1.000000,87.000000,-8.241764,13.154222,-10.136086,14.385483,-0.690460,-0.964255
2.000000,3.000000,83.000000,-1.727899,10.467088,-4.811324,11.686938,-0.144756,-0.767278
0.000000,3.000000,67.000000,3.550703,9.987806,1.243307,9.922796,0.297463,-0.732144
-1.000000,2.000000,75.000000,5.790165,11.079900,5.089905,10.558764,0.485076,-0.812199
-1.000000,1.000000,90.000000,4.908081,9.738679,5.406274,10.702917,0.411178,-0.713882
0.000000,1.000000,94.000000,4.521672,6.863195,4.590603,8.330084,0.378807,-0.503098
-2.000000,1.000000,89.000000,4.556087,3.143452,4.721858,4.907750,0.381690,-0.230427
0.000000,1.000000,68.000000,1.601755,2.116682,3.181302,2.281428,0.134188,-0.155161
-1.000000,1.000000,77.000000,-0.819575,3.589794,0.184574,2.537759,-0.068661,-0.263146
0.000000,0.000000,83.000000,-3.896505,9.484026,-2.333845,6.385992,-0.326433,-0.695215
0.000000,2.000000,84.000000,-5.856344,14.988416,-5.184617,12.520201,-0.490620,-1.098708
1.000000,3.000000,86.000000,-7.466702,19.578915,-6.574140,17.454737,-0.625529,-1.435210
2.000000,4.000000,63.000000,-10.525486,20.259153,-9.033471,20.419422,-0.881781,-1.485074
1.000000,3.000000,75.000000,-12.582088,20.023439,-11.755205,19.959223,-1.054075,-1.467795
2.000000,3.000000,97.000000,-12.057680,21.632589,-12.393193,20.877630,-1.010142,-1.585752
3.000000,5.000000,96.000000,-14.499744,21.775406,-12.875521,22.040295,-1.214728,-1.596221
2.000000,4.000000,92.000000,-16.426081,19.254669,-16.006123,20.555513,-1.376108,-1.411441
1.000000,5.000000,64.000000,-15.275379,17.563227,-15.802052,17.934284,-1.279707,-1.287452
1.000000,4.000000,78.000000,-12.592208,19.111782,-14.203969,18.494328,-1.054922,-1.400967
3.000000,4.000000,88.000000,-8.605772,18.514812,-10.299652,18.856236,-0.720955,-1.357207
1.000000,3.000000,94.000000,-6.712979,17.241180,-7.652119,17.980009,-0.562385,-1.263844
1.000000,2.000000,88.000000,-3.634231,14.564562,-5.310455,15.505826,-0.304461,-1.067638
0.000000,4.000000,64.000000,-0.326121,14.691621,-1.945221,14.627251,-0.027321,-1.076952
0.000000,3.000000,78.000000,3.683855,14.152042,1.935666,14.517687,0.308618,-1.037399
1.000000,2.000000,95.000000,5.819597,12.652484,4.905844,13.446874,0.487541,-0.927476
0.000000,1.000000,95.000000,7.448973,9.234299,6.584325,10.800350,0.624044,-0.676909
-2.000000,2.000000,90.000000,9.180674,7.609725,8.385778,8.178507,0.769118,-0.557822
-2.000000,1.000000,62.000000,11.774188,5.749047,10.495504,6.800129,0.986392,-0.421427
-1.000000,1.000000,80.000000,13.368463,3.687260,12.715667,4.432909,1.119954,-0.270290
-2.000000,0.000000,91.000000,14.173857,3.342231,13.956057,3.454404,1.187426,-0.244998
-4.000000,2.000000,96.000000,12.473735,5.133929,13.598871,4.049898,1.044997,-0.376337
-4.000000,0.000000,88.000000,8.998907,8.291066,10.593184,6.922904,0.753891,-0.607767
-4.000000,2.000000,69.000000,6.152748,11.118647,7.472241,9.714015,0.515451,-0.815039
0.000000,2.000000,75.000000,5.442537,14.606409,5.558118,13.005704,0.455953,-1.070706
-1.000000,2.000000,98.000000,4.078827,17.648396,5.047300,16.208872,0.341707,-1.293695
0.000000,2.000000,89.000000,0.893230,19.613503,2.396986,18.872295,0.074831,-1.437745
0.000000,5.000000,61.000000,0.577044,18.984755,0.424225,19.478123,0.048342,-1.391655
0.000000,5.000000,73.000000,1.883074,18.024645,1.339006,18.431890,0.157756,-1.321275
0.000000,1.000000,80.000000,1.526085,17.854172,1.875975,18.041718,0.127849,-1.308779
0.000000,1.000000,82.000000,0.901538,16.335386,1.189480,17.346054,0.075527,-1.197446
-1.000000,4.000000,87.000000,0.995856,13.086119,0.914795,14.815501,0.083429,-0.959263
-1.000000,7.000000,58.000000,1.558252,9.680924,1.298980,11.227192,0.130544,-0.709649
0.000000,1.000000,69.000000,0.152532,6.702407,1.060979,8.022399,0.012778,-0.491312
0.000000,1.000000,82.000000,-2.279673,4.243104,-1.228249,5.323371,-0.190981,-0.311036
0.000000,0.000000,86.000000,-2.907792,3.830908,-2.764471,3.789242,-0.243603,-0.280820
1.000000,0.000000,84.000000,-2.368139,4.163751,-2.781249,4.006009,-0.198393,-0.305219
1.000000,1.000000,58.000000,-1.467183,4.458331,-1.770115,4.318502,-0.122914,-0.326813
1.000000,0.000000,65.000000,-1.329282,4.019826,-1.437644,4.352241,-0.111362,-0.294669
0.000000,1.000000,81.000000,-0.326394,1.308508,-0.919623,2.790592,-0.027344,-0.095919
0.000000,0.000000,92.000000,1.080447,-1.003582,0.475672,-0.017933,0.090515,0.073566
0.000000,0.000000,84.000000,2.174224,-2.966330,1.695768,-2.041361,0.182147,0.217443
0.000000,0.000000,53.000000,2.547556,-6.041001,2.373995,-4.345538,0.213424,0.442829
0.000000,0.000000,73.000000,3.425114,-12.536024,2.900913,-9.258312,0.286942,0.918939
-1.000000,-1.000000,87.000000,5.421798,-20.048134,4.498661,-16.569750,0.454215,1.469605
-3.000000,-3.000000,88.000000,7.355061,-26.321613,6.406331,-23.528191,0.616176,1.929475
-2.000000,-3.000000,84.000000,10.020826,-31.850513,8.676682,-29.225849,0.839503,2.334764
0.000000,-6.000000,70.000000,11.746149,-38.579430,11.107970,-35.336563,0.984043,2.828020
-3.000000,-9.000000,81.000000,12.243939,-43.638828,12.088508,-41.597706,1.025746,3.198893
-2.000000,-7.000000,87.000000,11.887996,-43.875179,12.189693,-43.963829,0.995926,3.216219
-3.000000,-7.000000,94.000000,11.690211,-43.066750,11.717154,-43.421795,0.979357,3.156958
-1.000000,-6.000000,89.000000,10.525497,-42.289238,11.170782,-42.681892,0.881782,3.099963
-5.000000,-10.000000,68.000000,7.767222,-41.251289,9.277670,-41.760708,0.650705,3.023877
-1.000000,-5.000000,82.000000,4.131813,-40.696354,5.611846,-40.990089,0.346146,2.983198
-1.000000,-10.000000,92.000000,4.088837,-41.271626,3.862575,-40.811516,0.342546,3.025368
-1.000000,-6.000000,88.000000,5.173150,-42.917023,4.517808,-42.192413,0.433385,3.145982
1.000000,-8.000000,83.000000,7.032153,-45.167023,6.139143,-43.893536,0.589124,3.310916
-2.000000,-10.000000,70.000000,7.788017,-49.606964,7.512456,-47.538147,0.652447,3.636380
-1.000000,-8.000000,81.000000,8.471022,-52.850952,7.955482,-51.615074,0.709667,3.874177
-2.000000,-8.000000,93.000000,10.466753,-52.264881,9.610174,-52.776299,0.876861,3.831216
-4.000000,-9.000000,91.000000,11.469509,-50.134262,11.088975,-51.033905,0.960867,3.675034
-3.000000,-6.000000,89.000000,11.714458,-49.643612,11.831182,-49.821846,0.981388,3.639067
-4.000000,-11.000000,77.000000,9.805340,-48.935608,10.692656,-49.418774,0.821450,3.587167
0.000000,-9.000000,91.000000,9.121410,-47.665920,9.294451,-48.275379,0.764153,3.494094
-2.000000,-7.000000,93.000000,8.771778,-44.828156,8.964720,-46.355553,0.734863,3.286075
-2.000000,-8.000000,91.000000,8.375232,-42.064720,8.544289,-43.208405,0.701642,3.083505
-2.000000,-8.000000,89.000000,7.183474,-41.735161,7.635262,-41.807747,0.601801,3.059347
-3.000000,-8.000000,86.000000,6.748982,-43.870674,6.783696,-42.617165,0.565401,3.215888
-1.000000,-6.000000,100.000000,8.174151,-45.313690,7.510457,-44.825768,0.684796,3.321667
0.000000,-10.000000,105.000000,7.689119,-45.718056,8.171003,-45.578629,0.644162,3.351309
-1.000000,-8.000000,106.000000,5.400163,-46.147518,6.455155,-46.007114,0.452403,3.382790
-3.000000,-9.000000,96.000000,4.688608,-45.244415,4.815146,-45.802879,0.392792,3.316589
-2.000000,-8.000000,95.000000,4.631617,-44.033066,4.596496,-44.569069,0.388017,3.227792
-1.000000,-8.000000,106.000000,3.750345,-43.094940,4.206211,-43.686798,0.314188,3.159024
-1.000000,-9.000000,116.000000,3.184021,-40.278828,3.499576,-41.692085,0.266744,2.952592
-1.000000,-6.000000,112.000000,2.030970,-37.612545,2.603571,-38.783318,0.170146,2.757143
0.000000,-10.000000,104.000000,-0.639804,-35.958385,0.625037,-36.811962,-0.053600,2.635887
0.000000,-6.000000,112.000000,-3.060685,-33.065289,-1.981618,-34.513988,-0.256411,2.423812
0.000000,-8.000000,120.000000,-4.612164,-31.583221,-3.933156,-31.997967,-0.386388,2.315171
0.000000,-4.000000,119.000000,-5.486388,-32.734180,-5.335868,-32.135216,-0.459627,2.399541
2.000000,-7.000000,118.000000,-4.341479,-33.054321,-4.829531,-32.973331,-0.363711,2.423008
2.000000,-8.000000,113.000000,-5.839643,-33.619087,-4.885491,-33.150898,-0.489221,2.464408
1.000000,-8.000000,124.000000,-6.530676,-35.856617,-6.494532,-34.841408,-0.547113,2.628427
0.000000,-6.000000,128.000000,-5.469508,-36.157043,-5.982574,-36.307636,-0.458212,2.650450
0.000000,-7.000000,123.000000,-4.773129,-33.822090,-5.070178,-34.970600,-0.399873,2.479289
1.000000,-7.000000,130.000000,-4.505743,-30.473785,-4.733641,-32.298988,-0.377472,2.233845
2.000000,-7.000000,118.000000,-3.989282,-26.961424,-4.096913,-28.465729,-0.334205,1.976376
1.000000,-6.000000,123.000000,-4.153144,-22.437363,-4.171308,-24.778971,-0.347933,1.644745
0.000000,-2.000000,121.000000,-2.753158,-16.345943,-3.343425,-19.274967,-0.230648,1.198220
0.000000,-2.000000,121.000000,-3.874849,-10.480942,-3.112691,-13.064532,-0.324619,0.768293
1.000000,-5.000000,122.000000,-5.030375,-7.869162,-4.523813,-8.673459,-0.421424,0.576840
1.000000,-3.000000,124.000000,-5.411533,-7.722750,-5.355966,-7.779538,-0.453356,0.566107
1.000000,-2.000000,124.000000,-4.848185,-7.604836,-5.137696,-7.749575,-0.406161,0.557464
1.000000,-2.000000,124.000000,-3.287824,-7.899413,-4.143847,-7.641577,-0.275440,0.579057
1.000000,0.000000,128.000000,-1.241333,-8.276529,-2.127545,-8.034485,-0.103994,0.606701
0.000000,-1.000000,124.000000,0.152588,-9.360716,-0.395639,-8.751913,0.012783,0.686176
0.000000,-1.000000,124.000000,1.294523,-9.820441,0.821522,-9.599363,0.108450,0.719876
0.000000,-3.000000,121.000000,3.706414,-9.029852,2.606066,-9.509419,0.310508,0.661923
0.000000,-2.000000,121.000000,4.992810,-6.292062,4.477720,-7.720999,0.418277,0.461232
0.000000,-1.000000,120.000000,4.755755,-3.033201,5.043282,-4.516214,0.398417,0.222345
-1.000000,-2.000000,124.000000,3.947432,1.783836,4.276710,-0.807289,0.330699,-0.130762
-1.000000,0.000000,120.000000,3.221708,9.008158,3.563139,5.444469,0.269901,-0.660332
0.000000,1.000000,116.000000,1.160258,18.084997,2.334562,13.602267,0.097202,-1.325699
0.000000,3.000000,126.000000,-2.100479,27.777391,-0.475422,23.392193,-0.175969,-2.036189
0.000000,3.000000,120.000000,-5.937846,36.635204,-4.098081,32.530067,-0.497448,-2.685501
1.000000,8.000000,125.000000,-9.784565,45.505917,-7.917902,41.333569,-0.819710,-3.335758
3.000000,11.000000,123.000000,-13.865018,54.833046,-12.063711,50.369896,-1.161553,-4.019472
3.000000,10.000000,129.000000,-16.514408,63.523846,-15.370404,59.404991,-1.383508,-4.656541
3.000000,11.000000,134.000000,-18.038752,70.787086,-17.329136,67.625175,-1.511211,-5.188964
4.000000,12.000000,125.000000,-19.110743,76.355644,-18.614017,73.764755,-1.601018,-5.597161
6.000000,16.000000,113.000000,-20.563635,80.489029,-19.900188,78.629150,-1.722735,-5.900154
5.000000,13.000000,114.000000,-20.573862,83.331062,-20.798746,82.065918,-1.723592,-6.108486
4.000000,15.000000,110.000000,-19.948631,85.798370,-20.181993,84.687263,-1.671213,-6.289349
4.000000,14.000000,106.000000,-17.658684,86.078003,-18.906654,86.178848,-1.479370,-6.309847
3.000000,14.000000,100.000000,-14.137822,84.463867,-15.752078,85.268661,-1.184407,-6.191525
4.000000,17.000000,89.000000,-10.389272,82.135582,-12.270981,83.292328,-0.870370,-6.020853
1.000000,14.000000,88.000000,-5.575550,79.279068,-7.821107,80.495567,-0.467096,-5.811459
4.000000,13.000000,96.000000,-0.900578,76.388733,-3.103699,77.944077,-0.075447,-5.599586
0.000000,14.000000,91.000000,1.705096,71.489395,0.715698,73.868973,0.142846,-5.240447
0.000000,12.000000,88.000000,1.930662,64.618889,1.960079,67.988281,0.161743,-4.736812
0.000000,15.000000,73.000000,2.824677,55.423027,2.223971,60.113106,0.236640,-4.062720
3.000000,8.000000,85.000000,5.629568,44.756245,4.284460,49.722321,0.471622,-3.280804
1.000000,5.000000,94.000000,9.174779,37.577034,7.437311,40.673409,0.768624,-2.754540
-2.000000,7.000000,83.000000,11.731857,32.220055,10.747777,34.506996,0.982846,-2.361853
-2.000000,6.000000,81.000000,13.247143,28.558195,12.501670,30.319351,1.109790,-2.093425
-3.000000,6.000000,67.000000,13.941573,25.214722,13.772949,26.734613,1.167966,-1.848336
-1.000000,6.000000,84.000000,13.310239,23.381210,13.717667,24.199200,1.115076,-1.713932
-2.000000,4.000000,93.000000,10.949883,23.870323,12.310429,23.415232,0.917335,-1.749786
-1.000000,2.000000,86.000000,8.365983,25.423031,9.569818,24.834362,0.700867,-1.863605
-2.000000,6.000000,82.000000,4.686740,25.847006,6.486884,25.587431,0.392635,-1.894684
-2.000000,6.000000,72.000000,0.959979,26.309259,2.623456,26.150112,0.080423,-1.928569
-1.000000,4.000000,80.000000,-1.610933,26.617966,-0.351416,26.530609,-0.134957,-1.951199
2.000000,5.000000,91.000000,-3.595247,26.854080,-2.703296,26.688044,-0.301195,-1.968507
0.000000,5.000000,87.000000,-5.614132,26.941414,-4.612652,26.883398,-0.470328,-1.974909
0.000000,2.000000,80.000000,-7.859081,26.239391,-6.797404,26.794846,-0.658401,-1.923448
1.000000,7.000000,68.000000,-9.720028,23.566025,-8.962839,24.867044,-0.814303,-1.727480
2.000000,4.000000,82.000000,-10.133095,20.066895,-10.032125,21.759922,-0.848908,-1.470980
3.000000,3.000000,92.000000,-9.396210,16.191011,-9.778193,18.020897,-0.787175,-1.186863
1.000000,3.000000,94.000000,-8.141149,12.172371,-8.823621,13.981107,-0.682031,-0.892281
0.000000,2.000000,81.000000,-6.243361,7.606944,-7.098306,9.880723,-0.523043,-0.557618
1.000000,2.000000,72.000000,-5.244766,2.045393,-5.593351,4.641854,-0.439384,-0.149935
0.000000,1.000000,83.000000,-4.596319,-5.564235,-4.919470,-1.511525,-0.385060,0.407880
0.000000,-1.000000,94.000000,-2.230230,-16.621092,-3.643796,-11.416601,-0.186839,1.218390
0.000000,-3.000000,90.000000,2.634670,-27.694952,0.259069,-22.393974,0.220722,2.030146
0.000000,-4.000000,81.000000,5.930439,-38.636944,4.704497,-33.595348,0.496827,2.832236
0.000000,-8.000000,76.000000,6.956945,-47.794022,6.416003,-43.578377,0.582824,3.503484
-1.000000,-8.000000,89.000000,8.339664,-56.660061,7.655878,-52.625267,0.698662,4.153399
-1.000000,-8.000000,96.000000,8.682496,-62.653519,8.674597,-60.100056,0.727383,4.592743
0.000000,-13.000000,91.000000,7.886467,-66.773109,8.278390,-65.069855,0.660695,4.894724
-1.000000,-11.000000,76.000000,7.178423,-68.530304,7.436563,-67.925522,0.601378,5.023533
-2.000000,-15.000000,84.000000,6.662643,-68.381683,6.963684,-68.403381,0.558168,5.012639
-1.000000,-12.000000,90.000000,5.657326,-68.314323,6.291375,-68.234314,0.473947,5.007701
0.000000,-12.000000,97.000000,3.627754,-68.101341,4.711278,-68.465752,0.303918,4.992089
0.000000,-12.000000,92.000000,0.665220,-65.156693,1.932725,-66.716782,0.055729,4.776235
-1.000000,-9.000000,81.000000,-1.593094,-61.802483,-0.382716,-63.147285,-0.133463,4.530358
-1.000000,-12.000000,87.000000,-6.741016,-61.264156,-4.196532,-61.491272,-0.564734,4.490897
1.000000,-11.000000,96.000000,-9.451817,-59.149521,-8.445313,-60.291412,-0.791834,4.335886
0.000000,-9.000000,103.000000,-9.686303,-56.391731,-9.737982,-57.645374,-0.811478,4.133730
3.000000,-10.000000,103.000000,-9.050479,-54.794834,-9.287345,-55.521709,-0.758211,4.016671
2.000000,-10.000000,99.000000,-10.097844,-51.975292,-9.584994,-53.445568,-0.845955,3.809988
1.000000,-12.000000,105.000000,-11.212734,-48.276558,-10.672695,-50.032753,-0.939356,3.538857
2.000000,-8.000000,108.000000,-11.987608,-45.133175,-11.777719,-46.555851,-1.004271,3.308434
4.000000,-8.000000,109.000000,-11.690759,-44.061035,-11.780877,-44.329193,-0.979403,3.229842
4.000000,-7.000000,114.000000,-10.671022,-43.858887,-11.089003,-43.844746,-0.893973,3.215024
2.000000,-8.000000,119.000000,-9.453636,-44.756851,-10.137790,-44.262939,-0.791986,3.280848
1.000000,-8.000000,126.000000,-7.073057,-46.477325,-8.227798,-45.686653,-0.592551,3.406966
1.000000,-9.000000,127.000000,-6.300336,-47.153183,-6.440150,-46.987492,-0.527816,3.456509
1.000000,-9.000000,123.000000,-6.271940,-46.576103,-6.392078,-46.949471,-0.525437,3.414207
0.000000,-7.000000,127.000000,-6.137221,-45.739902,-6.153117,-46.078056,-0.514151,3.352910
2.000000,-11.000000,127.000000,-6.123541,-46.639233,-6.206422,-46.182320,-0.513005,3.418834
2.000000,-9.000000,134.000000,-5.769407,-45.793884,-5.937494,-46.547531,-0.483337,3.356867
0.000000,-9.000000,136.000000,-5.230076,-42.334232,-5.637092,-43.929508,-0.438154,3.103261
1.000000,-7.000000,136.000000,-3.495512,-40.263039,-4.303435,-41.192158,-0.292839,2.951435
1.000000,-7.000000,127.000000,-2.283322,-40.897617,-3.164268,-40.726357,-0.191287,2.997952
1.000000,-10.000000,125.000000,-1.001798,-40.826488,-1.596757,-41.174599,-0.083926,2.992738
0.000000,-7.000000,135.000000,1.935721,-40.546520,0.264919,-40.475143,0.162167,2.972215
0.000000,-7.000000,129.000000,6.299194,-40.394939,4.312749,-40.690620,0.527720,2.961104
0.000000,-7.000000,133.000000,7.957713,-37.979980,7.176487,-39.354370,0.666664,2.784078
-2.000000,-7.000000,131.000000,8.548493,-34.079830,8.305437,-36.040154,0.716157,2.498182
-3.000000,-8.000000,133.000000,8.160204,-27.873514,8.528230,-30.778894,0.683628,2.043235
-2.000000,-5.000000,133.000000,7.545208,-21.432732,7.716776,-24.755629,0.632106,1.571101
-1.000000,-3.000000,135.000000,7.397286,-12.805158,7.522722,-16.934517,0.619714,0.938667
-2.000000,-1.000000,135.000000,4.713801,-4.219140,6.341644,-8.342573,0.394902,0.309279
0.000000,0.000000,127.000000,1.211311,4.507365,2.731707,0.453860,0.101479,-0.330407
0.000000,0.000000,130.000000,-1.636239,13.847832,-0.301861,9.302435,-0.137077,-1.015099
0.000000,2.000000,132.000000,-3.928258,23.981880,-2.941708,19.320765,-0.329093,-1.757964
0.000000,3.000000,135.000000,-5.615050,34.643642,-4.731928,29.444946,-0.470405,-2.539512
1.000000,6.000000,133.000000,-8.164066,43.169144,-7.129517,39.210655,-0.683951,-3.164464
2.000000,7.000000,126.000000,-9.207857,50.362446,-8.995753,46.917625,-0.771396,-3.691760
2.000000,12.000000,130.000000,-7.878405,55.907970,-8.615618,53.280052,-0.660020,-4.098268
0.000000,12.000000,138.000000,-6.573244,61.291630,-7.070077,58.807423,-0.550679,-4.492911
1.000000,11.000000,138.000000,-5.861666,63.843681,-6.298864,62.714466,-0.491066,-4.679986
1.000000,11.000000,138.000000,-4.633609,65.427002,-5.171412,64.771118,-0.388184,-4.796050
1.000000,12.000000,122.000000,-3.042807,65.970169,-3.974837,65.669098,-0.254914,-4.835865
1.000000,15.000000,125.000000,0.363911,66.372757,-1.397224,66.179962,0.030487,-4.865377
0.000000,11.000000,128.000000,4.488573,67.992363,2.671519,67.130806,0.376034,-4.984100
0.000000,12.000000,124.000000,5.187596,68.559753,5.271434,68.511673,0.434595,-5.025692
-2.000000,11.000000,121.000000,4.775631,67.151382,4.884047,68.132042,0.400082,-4.922453
0.000000,11.000000,109.000000,5.774049,62.491917,5.313643,64.918739,0.483726,-4.580897
-3.000000,16.000000,114.000000,6.765176,57.514236,6.360952,59.786461,0.566758,-4.216013
0.000000,12.000000,105.000000,6.547945,53.816948,6.758732,55.485046,0.548559,-3.944988
0.000000,9.000000,107.000000,5.455214,50.900677,6.047964,52.279552,0.457015,-3.731215
-2.000000,10.000000,98.000000,4.625031,47.688087,4.866629,49.313023,0.387466,-3.495719
-2.000000,7.000000,91.000000,4.551944,43.278381,4.640014,45.404488,0.381343,-3.172471
-1.000000,10.000000,94.000000,4.096393,40.423386,4.319414,41.519650,0.343179,-2.963189
0.000000,7.000000,99.000000,3.332209,40.619041,3.701589,40.373177,0.279159,-2.977531
0.000000,8.000000,95.000000,2.277064,41.271008,2.764125,40.942467,0.190763,-3.025322
-1.000000,5.000000,85.000000,1.094588,41.465103,1.788300,41.471397,0.091700,-3.039551
-2.000000,9.000000,80.000000,-1.527598,41.997257,-0.214673,41.605431,-0.127976,-3.078559
1.000000,8.000000,92.000000,-3.326373,44.085659,-2.663373,43.004734,-0.278670,-3.231647
0.000000,9.000000,96.000000,-4.546216,47.134743,-3.921135,45.750862,-0.380863,-3.455157
2.000000,8.000000,89.000000,-5.865362,49.051891,-5.230775,48.187958,-0.491375,-3.595691
0.000000,8.000000,86.000000,-7.635750,49.350468,-6.680338,49.438164,-0.639691,-3.617578
0.000000,9.000000,70.000000,-9.741305,47.705193,-8.768755,48.471405,-0.816086,-3.496973
3.000000,11.000000,87.000000,-10.734143,46.623901,-10.434476,47.096966,-0.899261,-3.417711
0.000000,8.000000,87.000000,-10.663217,45.112263,-10.711915,45.845692,-0.893319,-3.306901
4.000000,6.000000,91.000000,-10.806529,43.647678,-10.726345,44.355171,-0.905326,-3.199542
2.000000,8.000000,75.000000,-10.726589,41.135471,-10.758463,42.401318,-0.898629,-3.015388
2.000000,5.000000,62.000000,-10.510592,38.451866,-10.655993,39.636253,-0.880533,-2.818669
3.000000,9.000000,94.000000,-9.453012,35.871765,-9.995478,37.062485,-0.791934,-2.629538
2.000000,4.000000,95.000000,-9.456395,33.119427,-9.466568,34.377502,-0.792217,-2.427781
2.000000,5.000000,85.000000,-9.303443,30.299074,-9.337790,31.604290,-0.779403,-2.221038
2.000000,7.000000,75.000000,-10.006247,25.505186,-9.677453,27.944717,-0.838281,-1.869628
1.000000,3.000000,57.000000,-10.487415,19.178501,-10.263071,22.175005,-0.878592,-1.405858
2.000000,5.000000,95.000000,-9.718235,11.663548,-10.210876,15.278296,-0.814153,-0.854983
2.000000,1.000000,99.000000,-7.242926,3.254226,-8.559515,7.255041,-0.606782,-0.238547
0.000000,2.000000,91.000000,-3.569247,-4.929790,-5.193547,-1.191089,-0.299016,0.361372
1.000000,0.000000,75.000000,-1.655631,-12.732691,-2.500666,-8.926658,-0.138702,0.933355
0.000000,-2.000000,63.000000,1.021925,-22.311424,-0.301492,-17.706661,0.085613,1.635513
0.000000,-4.000000,94.000000,3.724112,-32.812637,2.477400,-27.846069,0.311990,2.405292
-1.000000,-7.000000,93.000000,6.762764,-42.563194,5.270242,-38.024548,0.566556,3.120045
0.000000,-7.000000,94.000000,10.363397,-50.251495,8.658693,-46.873634,0.868202,3.683627
0.000000,-11.000000,74.000000,13.063663,-56.549210,11.921945,-53.650734,1.094419,4.145273
-2.000000,-13.000000,85.000000,13.684166,-61.470474,13.546855,-59.250542,1.146402,4.506021
-3.000000,-11.000000,93.000000,14.054976,-65.286835,13.773376,-63.580994,1.177467,4.785775
-1.000000,-12.000000,89.000000,14.766529,-65.904968,14.513392,-65.747681,1.237078,4.831086
-2.000000,-11.000000,93.000000,14.604829,-66.307022,14.807755,-66.082596,1.223531,4.860559
-3.000000,-10.000000,79.000000,13.701075,-66.538315,14.111448,-66.480675,1.147818,4.877513
-3.000000,-14.000000,90.000000,12.458780,-65.626045,13.091393,-66.136787,1.043744,4.810640
-1.000000,-13.000000,91.000000,10.701389,-64.154701,11.480644,-65.013962,0.896517,4.702785
-1.000000,-10.000000,94.000000,10.243927,-60.706684,10.312066,-62.404854,0.858193,4.450032
-2.000000,-10.000000,90.000000,9.249149,-54.925034,9.945104,-57.740734,0.774855,4.026215
-2.000000,-7.000000,88.000000,6.143963,-49.939774,7.754018,-52.019234,0.514715,3.660777
-2.000000,-11.000000,100.000000,3.298303,-47.981556,4.537138,-48.774548,0.276318,3.517232
0.000000,-9.000000,102.000000,0.182679,-47.314880,1.646279,-47.507790,0.015304,3.468362
-2.000000,-8.000000,102.000000,-2.187313,-46.822380,-1.262015,-46.981960,-0.183244,3.432260
-1.000000,-8.000000,103.000000,-1.110076,-46.696014,-1.733077,-46.659492,-0.092998,3.422997
0.000000,-7.000000,99.000000,-0.209671,-47.286621,-0.473600,-46.877979,-0.017565,3.466290
0.000000,-11.000000,114.000000,1.704191,-47.562340,0.584639,-47.650494,0.142770,3.486502
0.000000,-7.000000,119.000000,4.131658,-44.431133,3.074780,-46.132133,0.346133,3.256972
-1.000000,-7.000000,115.000000,6.714784,-41.438953,5.478127,-42.638912,0.562536,3.037634
-1.000000,-8.000000,117.000000,7.758815,-40.622261,7.440882,-40.863258,0.650001,2.977767
-1.000000,-7.000000,106.000000,9.175685,-41.466408,8.409708,-40.803902,0.768700,3.039646
-2.000000,-10.000000,128.000000,11.161643,-43.402096,10.396897,-42.407524,0.935076,3.181540
-2.000000,-7.000000,128.000000,12.688829,-45.295685,11.953889,-44.262642,1.063017,3.320347
-2.000000,-7.000000,132.000000,13.728819,-47.580299,13.322911,-46.607048,1.150143,3.487818
-2.000000,-8.000000,124.000000,13.873655,-48.551163,13.801837,-48.218838,1.162277,3.558986
-2.000000,-10.000000,122.000000,14.139671,-47.441399,14.085920,-48.178230,1.184562,3.477636
-4.000000,-10.000000,131.000000,12.587268,-43.760056,13.488454,-45.612499,1.054508,3.207779
-3.000000,-6.000000,130.000000,9.322242,-38.338211,10.952733,-40.898422,0.780978,2.810338
0.000000,-8.000000,124.000000,6.440891,-31.875414,7.693267,-35.041588,0.539591,2.336590
-1.000000,-5.000000,119.000000,5.192107,-24.463884,5.676802,-27.965881,0.434973,1.793296
-1.000000,-1.000000,122.000000,2.997351,-16.520027,4.142776,-20.181667,0.251106,1.210981
-1.000000,-3.000000,129.000000,1.435515,-10.783340,2.058634,-13.242617,0.120261,0.790460
0.000000,-7.000000,129.000000,0.553732,-7.221720,0.990487,-8.832342,0.046389,0.529380
1.000000,-2.000000,128.000000,-0.273292,-4.093500,0.005570,-5.449759,-0.022895,0.300069
0.000000,-1.000000,130.000000,-0.455981,-1.988420,-0.257985,-2.987078,-0.038200,0.145759
0.000000,0.000000,121.000000,-1.813322,0.625935,-1.080397,-0.524946,-0.151913,-0.045883
0.000000,0.000000,136.000000,-2.914031,3.133751,-2.449506,1.843687,-0.244125,-0.229716
0.000000,0.000000,130.000000,-3.210543,6.055726,-3.185333,4.679314,-0.268966,-0.443908
0.000000,1.000000,132.000000,-2.710402,9.783881,-2.912627,7.832843,-0.227066,-0.717196
1.000000,3.000000,124.000000,-3.179404,16.230181,-2.911696,13.161679,-0.266357,-1.189734
1.000000,3.000000,132.000000,-4.054607,22.572657,-3.622037,19.605909,-0.339678,-1.654662
1.000000,2.000000,129.000000,-4.972268,28.360924,-4.476407,25.788784,-0.416556,-2.078964
1.000000,5.000000,126.000000,-6.390168,32.996670,-5.648376,30.914074,-0.535341,-2.418782
0.000000,7.000000,118.000000,-9.312177,37.566723,-7.876203,35.349613,-0.780135,-2.753784
2.000000,5.000000,113.000000,-11.705021,43.204681,-10.625769,40.535023,-0.980597,-3.167069
2.000000,11.000000,126.000000,-13.638868,47.220467,-12.829941,45.527966,-1.142607,-3.461441
3.000000,8.000000,131.000000,-14.711116,49.069309,-14.336479,48.324303,-1.232435,-3.596968
3.000000,8.000000,129.000000,-13.952002,49.839046,-14.547447,49.360447,-1.168840,-3.653393
3.000000,8.000000,125.000000,-12.971526,51.461540,-13.155225,50.892765,-1.086700,-3.772328
3.000000,8.000000,123.000000,-13.601046,51.017570,-13.409578,51.448296,-1.139439,-3.739783
2.000000,11.000000,120.000000,-12.039782,49.221676,-12.960175,50.070343,-1.008642,-3.608137
3.000000,7.000000,123.000000,-8.664304,46.335953,-10.175285,47.741631,-0.725859,-3.396602
1.000000,8.000000,115.000000,-6.669879,43.730675,-7.524557,44.918987,-0.558775,-3.205626
1.000000,7.000000,108.000000,-6.449129,41.231804,-6.415484,42.385490,-0.540281,-3.022449
1.000000,9.000000,101.000000,-6.328098,38.698410,-6.677196,39.837532,-0.530141,-2.836742
1.000000,6.000000,111.000000,-3.490325,37.006134,-4.910021,37.644836,-0.292405,-2.712691
0.000000,9.000000,108.000000,-2.240712,36.229633,-2.567504,36.719337,-0.187717,-2.655771
1.000000,6.000000,104.000000,-2.508083,34.163296,-2.403429,35.206230,-0.210117,-2.504300
1.000000,5.000000,96.000000,-1.533436,31.608841,-2.081114,32.808407,-0.128465,-2.317049
0.000000,7.000000,93.000000,-1.306740,29.536221,-1.274430,30.397877,-0.109473,-2.165118
0.000000,4.000000,103.000000,-1.855621,26.886374,-1.686882,28.389751,-0.155456,-1.970874
1.000000,6.000000,96.000000,-0.812340,21.404734,-1.439839,24.039301,-0.068054,-1.569049
0.000000,6.000000,104.000000,1.113741,16.189661,0.202503,18.603859,0.093305,-1.186764
0.000000,1.000000,91.000000,2.576146,11.392015,1.985159,13.561279,0.215819,-0.835078
0.000000,1.000000,91.000000,3.616633,7.718935,3.120068,9.457668,0.302986,-0.565827
0.000000,0.000000,105.000000,5.930277,3.042932,4.730828,5.261451,0.496814,-0.223059
-1.000000,0.000000,99.000000,8.462585,-0.557018,7.300757,1.041974,0.708960,0.040832
-1.000000,1.000000,91.000000,10.587790,-3.295384,9.603033,-2.091971,0.887001,0.241564
-2.000000,0.000000,89.000000,12.199879,-4.332782,11.466289,-3.952786,1.022055,0.317610
-2.000000,0.000000,94.000000,14.239553,-3.356459,13.219492,-4.055261,1.192930,0.246041
-4.000000,0.000000,100.000000,17.128885,-0.997175,15.718925,-2.075696,1.434986,0.073097
-3.000000,0.000000,99.000000,19.199406,1.693941,18.399839,0.379514,1.608446,-0.124172
-4.000000,0.000000,107.000000,20.408672,4.888334,19.853590,3.284772,1.709753,-0.358334
-3.000000,1.000000,93.000000,21.136467,8.223250,20.945797,6.730306,1.770724,-0.602796
-2.000000,2.000000,90.000000,21.272602,11.191092,21.185337,10.072770,1.782129,-0.820350
-8.000000,2.000000,98.000000,22.984579,11.641655,21.950544,11.578900,1.925551,-0.853378
-4.000000,2.000000,93.000000,27.998837,11.789123,25.460777,11.684141,2.345625,-0.864188
-4.000000,2.000000,92.000000,31.525017,10.691211,30.343603,11.258486,2.641034,-0.783707
-6.000000,2.000000,87.000000,30.367773,8.466625,31.007105,9.636892,2.544085,-0.620636
-5.000000,1.000000,87.000000,29.925789,4.390151,30.015640,6.331910,2.507057,-0.321815
-5.000000,1.000000,102.000000,30.472321,1.426469,30.175098,2.817154,2.552843,-0.104566
-8.000000,1.000000,99.000000,30.647732,-0.940163,30.661495,-0.038600,2.567538,0.068918
-5.000000,0.000000,93.000000,30.730927,-1.426591,30.603821,-1.374541,2.574508,0.104575
-5.000000,0.000000,82.000000,30.721695,-0.773166,30.865290,-1.120509,2.573735,0.056676
-8.000000,0.000000,97.000000,30.255278,-0.664620,30.400593,-0.569380,2.534660,0.048719
-4.000000,0.000000,94.000000,29.876347,-1.368929,30.008011,-0.999082,2.502915,0.100348
-8.000000,1.000000,94.000000,30.436321,-2.334022,30.142725,-1.893504,2.549827,0.171093
-5.000000,0.000000,96.000000,30.587732,-2.112679,30.585260,-2.252407,2.562512,0.154867
-6.000000,0.000000,86.000000,29.593473,-0.991800,30.167606,-1.599264,2.479217,0.072703
-9.000000,0.000000,99.000000,27.696798,0.427869,28.597988,-0.290802,2.320322,-0.031364
-2.000000,0.000000,96.000000,26.444891,2.355206,27.007406,1.369259,2.215442,-0.172646
-8.000000,1.000000,95.000000,25.090248,5.397330,25.729746,3.852906,2.101956,-0.395645
-4.000000,0.000000,97.000000,23.164663,6.606594,24.176998,6.318978,1.940638,-0.484289
-3.000000,2.000000,88.000000,20.481560,7.748099,21.665297,6.947749,1.715859,-0.567965
-6.000000,3.000000,95.000000,20.275938,10.152436,20.053219,9.004525,1.698633,-0.744212
-4.000000,1.000000,97.000000,21.935410,12.496703,21.162176,11.508802,1.837656,-0.916056
-3.000000,1.000000,95.000000,20.090738,12.869676,21.403349,12.895807,1.683118,-0.943396
-3.000000,2.000000,91.000000,16.692848,12.826050,18.205898,12.747733,1.398457,-0.940198
-4.000000,2.000000,86.000000,16.202641,13.998501,16.129175,13.479535,1.357389,-1.026144
-6.000000,4.000000,91.000000,17.858322,14.175709,17.141006,14.183893,1.496095,-1.039134
-2.000000,1.000000,96.000000,16.997452,13.440746,17.651434,13.793010,1.423975,-0.985258
-4.000000,2.000000,92.000000,15.030364,12.418719,15.937632,12.969835,1.259181,-0.910340
-4.000000,2.000000,88.000000,12.172774,10.734881,13.655759,11.594846,1.019784,-0.786908
-3.000000,3.000000,78.000000,9.585485,9.305035,10.730677,9.906598,0.803032,-0.682095
-3.000000,2.000000,99.000000,8.927299,7.747119,9.071456,8.695646,0.747892,-0.567893
0.000000,1.000000,87.000000,7.077269,4.642715,8.300760,5.997730,0.592904,-0.340329
-1.000000,1.000000,87.000000,1.640332,3.515335,4.326341,3.972126,0.137420,-0.257688
-1.000000,0.000000,85.000000,-2.840084,1.857630,-0.928544,2.679296,-0.237930,-0.136171
0.000000,0.000000,83.000000,-7.018620,-1.133391,-5.014110,0.349398,-0.587990,0.083082
1.000000,0.000000,95.000000,-11.480268,-4.671682,-9.343870,-3.006946,-0.961769,0.342452
2.000000,0.000000,88.000000,-16.386494,-7.133888,-13.950912,-6.070462,-1.372792,0.522941
2.000000,0.000000,88.000000,-21.352634,-8.783959,-19.051212,-7.977264,-1.788834,0.643898
4.000000,-2.000000,86.000000,-25.405970,-10.803967,-23.578722,-9.844995,-2.128405,0.791972
4.000000,-2.000000,89.000000,-29.087471,-13.392762,-27.372913,-12.177679,-2.436826,0.981741
8.000000,-2.000000,98.000000,-32.988041,-15.421364,-31.082275,-14.525296,-2.763599,1.130445
7.000000,-3.000000,91.000000,-36.378746,-15.506385,-34.907753,-15.572446,-3.047659,1.136677
8.000000,-2.000000,93.000000,-37.752144,-15.750263,-37.243034,-15.612633,-3.162716,1.154554
5.000000,-1.000000,83.000000,-38.867592,-15.313464,-38.292912,-15.537241,-3.256164,1.122535
6.000000,-2.000000,88.000000,-39.468456,-15.145861,-39.167587,-15.206377,-3.306502,1.110250
9.000000,-2.000000,99.000000,-40.598907,-13.019440,-40.044884,-14.148145,-3.401206,0.954375
6.000000,-3.000000,101.000000,-41.849216,-11.697313,-41.266491,-12.129808,-3.505951,0.857458
8.000000,-2.000000,95.000000,-44.379307,-10.628592,-42.919468,-11.089712,-3.717912,0.779117
9.000000,-4.000000,91.000000,-48.771259,-8.758459,-46.659111,-9.664251,-4.085851,0.642029
7.000000,-1.000000,92.000000,-50.716713,-7.641180,-50.163265,-8.186823,-4.248833,0.560128
12.000000,-2.000000,96.000000,-48.989899,-5.864743,-49.984669,-6.803043,-4.104168,0.429908
8.000000,-2.000000,95.000000,-47.411407,-3.739610,-48.090668,-4.904363,-3.971929,0.274128
9.000000,0.000000,90.000000,-45.998726,-1.423736,-46.624683,-2.399871,-3.853580,0.104365
9.000000,-1.000000,94.000000,-44.889389,-1.642550,-45.423241,-1.305564,-3.760644,0.120405
10.000000,-1.000000,97.000000,-44.763405,-2.649744,-44.747334,-2.292385,-3.750090,0.194236
8.000000,-1.000000,94.000000,-43.446503,-1.922524,-44.078148,-2.267275,-3.639766,0.140928
7.000000,0.000000,95.000000,-43.189571,-1.519234,-43.150013,-1.444733,-3.618241,0.111366
9.000000,-1.000000,84.000000,-42.668533,-3.699201,-43.073402,-2.467219,-3.574591,0.271166
6.000000,-1.000000,82.000000,-39.827873,-7.128581,-41.358959,-5.465903,-3.336612,0.522552
10.000000,-3.000000,94.000000,-35.927509,-10.039293,-37.675575,-8.750033,-3.009856,0.735919
6.000000,-2.000000,98.000000,-33.609756,-12.656023,-34.571827,-11.341610,-2.815685,0.927735
7.000000,-2.000000,94.000000,-32.475861,-14.442687,-33.041431,-13.838237,-2.720691,1.058704
5.000000,-3.000000,91.000000,-29.905819,-15.599225,-31.242374,-14.969465,-2.505384,1.143483
6.000000,-2.000000,91.000000,-27.380865,-16.339266,-28.529947,-16.270872,-2.293854,1.197731
6.000000,-3.000000,102.000000,-25.337984,-15.641973,-26.229477,-15.948370,-2.122710,1.146616
3.000000,-3.000000,103.000000,-24.923321,-14.628818,-24.838726,-15.164426,-2.087971,1.072348
5.000000,0.000000,98.000000,-26.252865,-12.647074,-25.424168,-13.601608,-2.199355,0.927079
7.000000,-3.000000,88.000000,-28.476501,-7.274234,-27.214178,-9.956839,-2.385642,0.533229
3.000000,-1.000000,93.000000,-30.995378,-3.382411,-29.887791,-4.984339,-2.596663,0.247944
10.000000,-2.000000,101.000000,-34.174725,-0.584922,-32.612526,-1.885671,-2.863015,0.042877
4.000000,0.000000,104.000000,-35.088573,3.257642,-35.085823,1.446226,-2.939573,-0.238798
7.000000,0.000000,95.000000,-32.787628,4.455244,-33.865944,4.218632,-2.746810,-0.326586
8.000000,0.000000,90.000000,-31.327616,1.933998,-31.959070,3.395713,-2.624496,-0.141769
6.000000,1.000000,94.000000,-29.664177,-1.886514,-30.392389,-0.403487,-2.485140,0.138289
8.000000,0.000000,107.000000,-25.283485,-2.727557,-27.469028,-2.511083,-2.118144,0.199940
2.000000,0.000000,103.000000,-20.767279,-2.366371,-22.841999,-2.462440,-1.739795,0.173464
5.000000,-1.000000,97.000000,-18.258678,-2.572265,-19.266657,-2.471192,-1.529635,0.188557
4.000000,-1.000000,92.000000,-15.877654,-4.234192,-17.050367,-3.404051,-1.330163,0.310382
3.000000,-1.000000,94.000000,-14.215453,-5.307140,-14.959331,-4.883595,-1.190911,0.389034
2.000000,0.000000,109.000000,-13.706989,-5.978941,-13.887129,-5.758059,-1.148314,0.438279
1.000000,-1.000000,105.000000,-13.570013,-5.363421,-13.607691,-5.822383,-1.136839,0.393159
4.000000,-1.000000,90.000000,-13.685636,-2.897433,-13.629168,-4.145979,-1.146525,0.212393
3.000000,-1.000000,94.000000,-13.816819,0.390975,-13.916608,-1.373654,-1.157515,-0.028660
3.000000,0.000000,99.000000,-12.538810,2.851476,-13.225093,1.892636,-1.050449,-0.209024
3.000000,0.000000,112.000000,-11.013783,3.197385,-11.888076,3.069455,-0.922689,-0.234381
1.000000,1.000000,101.000000,-7.149799,3.419211,-9.106594,3.271679,-0.598980,-0.250641
0.000000,1.000000,96.000000,-2.050675,4.348516,-4.491554,3.863930,-0.171797,-0.318763
1.000000,2.000000,96.000000,3.464741,5.952551,0.792829,5.154544,0.290261,-0.436345
0.000000,0.000000,93.000000,9.722746,7.344238,6.766912,6.724422,0.814531,-0.538361
-1.000000,1.000000,106.000000,16.783974,7.573328,13.336635,7.697577,1.406091,-0.555154
-4.000000,1.000000,103.000000,25.233225,6.342441,21.325243,6.970327,2.113934,-0.464925
-4.000000,1.000000,94.000000,31.664700,6.278082,28.675587,6.132587,2.652735,-0.460207
-5.000000,0.000000,88.000000,37.097069,6.845633,34.448761,6.571019,3.107837,-0.501811
-8.000000,2.000000,91.000000,41.797928,6.765594,39.734673,6.863903,3.501655,-0.495944
-10.000000,1.000000,106.000000,44.856781,6.272405,43.564014,6.489196,3.757912,-0.459791
-9.000000,2.000000,99.000000,45.829811,6.608317,45.490349,6.321462,3.839429,-0.484415
-7.000000,0.000000,87.000000,47.180458,8.307646,46.405319,7.362189,3.952580,-0.608982
-8.000000,2.000000,89.000000,49.507523,9.023641,48.458130,8.837387,4.147532,-0.661467
-15.000000,3.000000,102.000000,51.662521,8.647617,50.631111,8.915730,4.328069,-0.633903
-10.000000,3.000000,99.000000,52.742714,9.354298,52.354156,8.756953,4.418563,-0.685706
-8.000000,2.000000,95.000000,53.486294,12.538736,52.972363,11.057312,4.480857,-0.919137
-11.000000,2.000000,87.000000,54.939365,14.633350,54.254112,13.626912,4.602589,-1.072681
-10.000000,3.000000,87.000000,56.685322,15.210243,55.718056,15.211978,4.748858,-1.114969
-15.000000,4.000000,100.000000,58.559795,15.070289,57.817066,15.080261,4.905894,-1.104710
-10.000000,3.000000,92.000000,60.000259,13.931639,59.267506,14.514671,5.026570,-1.021242
-10.000000,2.000000,83.000000,60.610336,11.304831,60.624706,12.737388,5.077679,-0.828687
-12.000000,2.000000,85.000000,60.077053,6.662984,60.239708,8.916243,5.033003,-0.488422
-12.000000,2.000000,88.000000,60.824917,1.746924,60.584465,4.027245,5.095656,-0.128056
-14.000000,2.000000,94.000000,60.552937,-0.891893,60.664551,0.187285,5.072871,0.065379
-12.000000,0.000000,99.000000,60.694275,-3.044761,60.686867,-2.081968,5.084712,0.223193
-11.000000,0.000000,95.000000,58.832886,-4.964050,59.923138,-4.134128,4.928772,0.363884
-11.000000,0.000000,86.000000,55.686497,-5.887886,57.055138,-5.430541,4.665181,0.431605
-10.000000,0.000000,91.000000,53.733738,-5.977991,54.682045,-6.259384,4.501587,0.438210
-14.000000,-1.000000,102.000000,51.594566,-4.216009,52.589520,-4.943511,4.322376,0.309050
-10.000000,0.000000,100.000000,48.223003,-2.469075,49.983292,-3.401990,4.039920,0.180993
-7.000000,-1.000000,93.000000,43.747471,-0.178653,45.865704,-1.144749,3.664979,0.013096
-9.000000,0.000000,93.000000,40.132423,0.132490,41.690460,0.104673,3.362126,-0.009712
-8.000000,0.000000,92.000000,37.540730,-0.995544,38.757301,-0.313410,3.145005,0.072977
-9.000000,0.000000,98.000000,36.050026,-1.726315,36.613228,-1.426656,3.020120,0.126545
-9.000000,-1.000000,99.000000,34.583553,-2.122043,35.381802,-1.924335,2.897265,0.155554
-5.000000,0.000000,94.000000,32.079910,-2.200710,33.266151,-2.292347,2.687521,0.161320
-7.000000,-1.000000,97.000000,30.160181,-2.112591,30.881113,-1.976737,2.526693,0.154861
-7.000000,0.000000,99.000000,29.550692,-3.848908,29.840145,-3.012538,2.475633,0.282140
-5.000000,-2.000000,111.000000,28.248758,-4.227802,28.997845,-4.170705,2.366562,0.309914
-7.000000,0.000000,103.000000,26.303202,-2.953707,27.264408,-3.627265,2.203572,0.216518
-4.000000,0.000000,104.000000,24.664843,-1.754711,25.338959,-2.217475,2.066317,0.128627
-3.000000,-1.000000,102.000000,21.317583,-1.465052,23.207794,-1.675442,1.785897,0.107394
-7.000000,0.000000,103.000000,14.428288,0.145953,17.918903,-0.679885,1.208741,-0.010699
-4.000000,0.000000,110.000000,7.336421,2.102046,10.502742,1.260261,0.614614,-0.154088
-1.000000,0.000000,107.000000,1.853289,2.356945,4.397202,2.375937,0.155261,-0.172773
0.000000,0.000000,108.000000,-4.882848,1.919565,-1.681692,2.088595,-0.409064,-0.140711
0.000000,0.000000,110.000000,-11.097311,1.277008,-8.329227,1.573062,-0.929686,-0.093610
0.000000,0.000000,100.000000,-16.170353,0.511162,-13.699550,0.936307,-1.354684,-0.037470
5.000000,0.000000,111.000000,-21.699257,-1.535508,-19.052441,-0.532784,-1.817873,0.112559
4.000000,0.000000,108.000000,-27.297596,-2.537485,-24.639318,-2.222620,-2.286878,0.186007
2.000000,0.000000,101.000000,-32.479721,-2.854597,-29.914291,-2.709978,-2.721015,0.209253
9.000000,0.000000,92.000000,-38.305683,-2.967429,-35.584805,-2.869352,-3.209089,0.217524
5.000000,0.000000,104.000000,-42.066212,-4.437555,-40.485638,-3.719376,-3.524131,0.325290
10.000000,-2.000000,107.000000,-45.186684,-5.036005,-43.701118,-4.824111,-3.785550,0.369158
7.000000,0.000000,97.000000,-48.097157,-5.443464,-46.748070,-5.196539,-4.029377,0.399027
10.000000,-2.000000,95.000000,-50.065983,-5.620887,-49.167263,-5.543638,-4.194318,0.412033
10.000000,-1.000000,97.000000,-51.786396,-6.011467,-51.048927,-5.852519,-4.338447,0.440663
10.000000,-1.000000,92.000000,-52.750515,-5.556236,-52.408276,-5.894033,-4.419217,0.407293
12.000000,-1.000000,107.000000,-51.697952,-4.975033,-52.432381,-5.142050,-4.331038,0.364689
5.000000,-1.000000,93.000000,-49.594872,-4.976924,-50.587212,-4.929563,-4.154850,0.364828
11.000000,-1.000000,97.000000,-47.778591,-4.629916,-48.472679,-4.729488,-4.002690,0.339391
7.000000,-1.000000,96.000000,-46.669540,-4.949425,-47.158318,-4.610248,-3.909778,0.362812
9.000000,-1.000000,101.000000,-45.220428,-6.070707,-46.011181,-5.557682,-3.788378,0.445006
10.000000,-1.000000,99.000000,-42.669132,-8.067604,-43.801399,-6.992020,-3.574641,0.591386
7.000000,-2.000000,94.000000,-41.665234,-8.753959,-42.030968,-8.488684,-3.490539,0.641699
10.000000,-2.000000,100.000000,-42.280025,-7.379168,-42.027561,-8.380102,-3.542043,0.540921
5.000000,-2.000000,93.000000,-42.972549,-4.677608,-42.665070,-5.968103,-3.600060,0.342887
10.000000,-3.000000,101.000000,-44.412312,-4.523551,-43.791653,-4.577366,-3.720677,0.331594
8.000000,-1.000000,100.000000,-45.897964,-4.131305,-45.318504,-4.457342,-3.845139,0.302840
9.000000,0.000000,96.000000,-44.832436,-4.298758,-45.379585,-4.034297,-3.755873,0.315115
7.000000,-1.000000,93.000000,-44.820164,-4.706363,-44.832558,-4.631445,-3.754845,0.344994
8.000000,0.000000,98.000000,-43.546745,-6.162276,-44.382721,-5.343445,-3.648163,0.451718
9.000000,-4.000000,103.000000,-39.654648,-8.161131,-41.672756,-7.255147,-3.322100,0.598242
6.000000,-1.000000,103.000000,-36.530640,-9.007124,-38.207623,-9.156546,-3.060384,0.660257
5.000000,-2.000000,101.000000,-33.210186,-8.782618,-34.889839,-9.002813,-2.782210,0.643799
7.000000,-1.000000,96.000000,-29.653816,-8.676966,-31.201244,-8.785585,-2.484272,0.636055
3.000000,-1.000000,99.000000,-28.651890,-7.227601,-28.790232,-7.914226,-2.400335,0.529811
7.000000,-3.000000,107.000000,-30.564116,-6.131330,-29.580933,-6.675932,-2.560533,0.449450
4.000000,0.000000,98.000000,-31.999821,-4.814858,-31.309046,-5.404022,-2.680811,0.352948
3.000000,-1.000000,96.000000,-32.478333,-1.985965,-32.324310,-3.237532,-2.720898,0.145579
5.000000,-1.000000,98.000000,-34.138077,2.000091,-33.085567,-0.068485,-2.859945,-0.146614
8.000000,0.000000,94.000000,-38.528797,6.132952,-36.295361,4.242142,-3.227781,-0.449569
9.000000,0.000000,108.000000,-44.145592,8.332225,-41.642933,7.397935,-3.698333,-0.610784
8.000000,1.000000,103.000000,-47.467731,9.391767,-46.003677,8.865432,-3.976647,-0.688452
8.000000,1.000000,101.000000,-51.228504,10.318222,-49.229099,10.131056,-4.291709,-0.756365
8.000000,2.000000,95.000000,-49.737236,11.145443,-50.581230,11.403785,-4.166777,-0.817004
10.000000,2.000000,91.000000,-43.947720,10.403418,-47.277905,11.002405,-3.681756,-0.762610
9.000000,2.000000,104.000000,-35.934544,3.587446,-39.462593,7.141320,-3.010445,-0.262974
6.000000,0.000000,103.000000,-30.589203,-3.731004,-33.043713,-0.121137,-2.562635,0.273497
5.000000,0.000000,105.000000,-23.231329,-13.503546,-26.818670,-8.758896,-1.946223,0.989862
3.000000,-2.000000,98.000000,-15.486412,-19.978642,-19.144222,-17.255234,-1.297387,1.464511
4.000000,-2.000000,96.000000,-7.338838,-24.754576,-10.967094,-22.613106,-0.614817,1.814605
2.000000,-6.000000,112.000000,-2.632009,-25.690502,-4.564398,-25.628656,-0.220499,1.883212
0.000000,-4.000000,108.000000,0.390982,-23.181915,-1.096237,-24.650307,0.032755,1.699323
0.000000,-3.000000,102.000000,3.213610,-17.282347,1.990951,-20.238352,0.269223,1.266862
0.000000,-4.000000,106.000000,4.377450,-11.700130,4.109458,-14.256470,0.366724,0.857664
-1.000000,-3.000000,111.000000,3.891804,-6.586919,4.031811,-8.909225,0.326039,0.482846
-2.000000,-1.000000,117.000000,5.101885,-2.802146,4.297816,-4.676195,0.427415,0.205408
0.000000,0.000000,109.000000,8.423520,0.227720,6.802840,-0.954168,0.705687,-0.016693
-2.000000,0.000000,101.000000,11.813003,2.987524,10.351012,1.578221,0.989644,-0.218997
0.000000,0.000000,104.000000,14.590435,6.214364,13.067167,4.599226,1.222325,-0.455537
-3.000000,0.000000,109.000000,21.087370,7.225390,17.691023,7.117597,1.766611,-0.529649
-7.000000,2.000000,112.000000,28.634937,7.096159,25.286739,7.019137,2.398915,-0.520176
-4.000000,3.000000,98.000000,34.664246,7.451891,31.985050,7.380431,2.904025,-0.546252
-7.000000,2.000000,96.000000,37.938091,7.551626,36.674992,7.437068,3.178294,-0.553563
-6.000000,1.000000,103.000000,40.529453,7.925640,39.221172,7.792762,3.395387,-0.580980
-8.000000,2.000000,105.000000,42.410282,6.834818,41.488163,7.199934,3.552956,-0.501018
-10.000000,2.000000,107.000000,43.634418,4.261514,43.009579,5.943422,3.655508,-0.312385
-8.000000,1.000000,97.000000,45.061111,-0.219736,44.482964,1.729434,3.775031,0.016107
-7.000000,0.000000,98.000000,45.357327,-2.577635,45.052460,-1.773626,3.799846,0.188950
-9.000000,0.000000,95.000000,45.964283,-0.719642,45.710903,-2.057503,3.850694,0.052753
-10.000000,0.000000,111.000000,45.963573,2.579778,45.946857,1.135780,3.850635,-0.189108
-8.000000,2.000000,105.000000,44.798538,4.095148,45.407024,3.453545,3.753034,-0.300190
-7.000000,1.000000,92.000000,41.571182,5.312376,43.282173,4.628719,3.482659,-0.389417
-8.000000,2.000000,96.000000,39.296505,8.029680,40.228985,6.622376,3.292096,-0.588606
-5.000000,2.000000,94.000000,38.880650,11.290855,38.880985,9.973557,3.257257,-0.827663
-10.000000,2.000000,100.000000,39.379196,11.088392,39.265194,11.345751,3.299024,-0.812822
-5.000000,2.000000,99.000000,37.418983,11.172153,38.431110,11.118483,3.134805,-0.818962
-8.000000,2.000000,92.000000,36.752743,9.896421,36.916695,10.629612,3.078990,-0.725446
-5.000000,1.000000,95.000000,36.956799,11.058062,36.752419,10.222386,3.096086,-0.810598
-7.000000,2.000000,93.000000,37.610386,12.971569,37.371216,12.248089,3.150840,-0.950866
-7.000000,2.000000,97.000000,36.200176,14.058631,37.457104,13.750084,3.032699,-1.030551
-4.000000,2.000000,94.000000,32.546661,14.939701,34.079632,14.656424,2.726623,-1.095137
-8.000000,2.000000,86.000000,32.358215,16.078230,32.265366,15.375897,2.710835,-1.178596
-4.000000,2.000000,93.000000,33.310917,17.610132,32.767773,17.041044,2.790649,-1.290890
-5.000000,3.000000,95.000000,32.808716,15.862473,33.299583,16.878021,2.748577,-1.162780
-8.000000,2.000000,96.000000,30.628946,14.930197,31.594030,15.396564,2.565965,-1.094440
-3.000000,2.000000,88.000000,29.328941,12.755273,29.957928,13.793248,2.457056,-0.935010
-4.000000,2.000000,93.000000,26.407057,11.492202,27.812128,12.042192,2.212272,-0.842422
-5.000000,2.000000,91.000000,24.218405,9.582205,25.283094,10.611979,2.028916,-0.702412
-5.000000,3.000000,88.000000,21.692831,8.546788,22.747231,8.940481,1.817334,-0.626512
-4.000000,1.000000,94.000000,22.732435,6.982670,22.009785,7.925691,1.904428,-0.511856
-4.000000,1.000000,92.000000,22.940916,5.756947,23.190258,6.325780,1.921894,-0.422006
-5.000000,0.000000,89.000000,20.198221,3.557002,21.577429,4.779006,1.692122,-0.260742
-3.000000,0.000000,92.000000,17.689726,1.850335,18.845352,2.523384,1.481971,-0.135637
-1.000000,1.000000,91.000000,14.978856,0.833936,16.213747,1.311414,1.254866,-0.061131
-1.000000,1.000000,90.000000,13.151870,-0.111725,14.008679,0.394868,1.101808,0.008190
-8.000000,0.000000,89.000000,10.010919,-1.485942,11.691910,-0.805811,0.838673,0.108925
-3.000000,0.000000,92.000000,6.285362,-1.580316,7.957465,-1.753403,0.526561,0.115843
-1.000000,0.000000,98.000000,2.325802,-2.082360,4.292379,-1.721054,0.194846,0.152645
0.000000,0.000000,98.000000,-2.274856,-2.994578,-0.073166,-2.589882,-0.190578,0.219514
-1.000000,-1.000000,94.000000,-6.124233,-2.798861,-4.395467,-2.975633,-0.513063,0.205167
2.000000,0.000000,91.000000,-9.794127,-2.138116,-7.994021,-2.425597,-0.820511,0.156732
0.000000,-1.000000,92.000000,-14.252247,-3.646937,-12.070327,-2.629055,-1.193993,0.267334
3.000000,-1.000000,94.000000,-19.743856,-6.595063,-17.094257,-5.252048,-1.654057,0.483443
5.000000,-1.000000,98.000000,-24.122639,-9.297479,-22.171694,-8.119002,-2.020893,0.681541
4.000000,-1.000000,98.000000,-29.348446,-11.485514,-26.700008,-10.506527,-2.458689,0.841932
6.000000,-2.000000,93.000000,-36.359467,-13.877295,-33.054070,-12.822851,-3.046043,1.017259
6.000000,-2.000000,94.000000,-41.526569,-13.643410,-39.497028,-13.974527,-3.478922,1.000114
8.000000,-2.000000,92.000000,-43.636097,-11.978232,-42.711052,-13.042870,-3.655649,0.878050
7.000000,-3.000000,97.000000,-46.157867,-9.998384,-45.094322,-11.027295,-3.866912,0.732920
10.000000,-2.000000,98.000000,-47.166462,-8.976849,-46.808697,-9.500876,-3.951408,0.658037
6.000000,-2.000000,91.000000,-47.804581,-7.045938,-47.410923,-8.163237,-4.004867,0.516494
10.000000,0.000000,92.000000,-49.374657,-5.834557,-48.641087,-6.630088,-4.136402,0.427695
7.000000,-1.000000,94.000000,-50.820831,-4.498922,-50.134399,-5.118520,-4.257556,0.329788
11.000000,-1.000000,101.000000,-51.056278,-3.663970,-51.109032,-3.985191,-4.277281,0.268583
12.000000,-2.000000,98.000000,-49.679199,-3.552072,-50.961056,-3.748844,-4.161915,0.260380
8.000000,0.000000,94.000000,-47.354477,-4.610898,-48.166042,-4.142219,-3.967159,0.337997
9.000000,-1.000000,96.000000,-48.761185,-5.815182,-47.747410,-5.088124,-4.085008,0.426275
6.000000,-1.000000,86.000000,-51.156647,-7.638864,-50.119373,-6.752656,-4.285689,0.559958
14.000000,-3.000000,99.000000,-49.774361,-9.060953,-50.835320,-8.358142,-4.169887,0.664203
8.000000,-1.000000,95.000000,-45.711956,-11.602647,-47.506176,-10.326504,-3.829556,0.850518
6.000000,-2.000000,94.000000,-44.402603,-13.024113,-44.995865,-12.539167,-3.719864,0.954717
7.000000,-3.000000,95.000000,-42.176506,-13.440291,-43.240479,-13.486437,-3.533370,0.985225
7.000000,-2.000000,96.000000,-39.774471,-9.251451,-40.771896,-11.410015,-3.332138,0.678167
9.000000,-3.000000,104.000000,-39.726631,-4.488112,-39.552238,-6.756318,-3.328130,0.328996
6.000000,-1.000000,96.000000,-39.268051,-0.157478,-39.641014,-2.096554,-3.289712,0.011544
9.000000,0.000000,93.000000,-38.811695,4.199265,-38.879349,2.048546,-3.251481,-0.307822
6.000000,0.000000,93.000000,-37.541557,7.430608,-38.373264,6.201738,-3.145074,-0.544692
8.000000,0.000000,97.000000,-36.767956,9.807628,-36.750992,8.440022,-3.080265,-0.718937
8.000000,3.000000,108.000000,-35.667522,10.157424,-36.935852,9.719099,-2.988075,-0.744578
7.000000,2.000000,97.000000,-30.735577,8.935261,-33.086842,9.495304,-2.574898,-0.654989
4.000000,1.000000,98.000000,-26.732553,6.555653,-28.771286,7.804436,-2.239541,-0.480554
6.000000,0.000000,98.000000,-21.307026,2.733845,-23.886700,4.541771,-1.785013,-0.200401
5.000000,0.000000,100.000000,-13.335491,-2.226871,-17.393646,0.241142,-1.117191,0.163238
2.000000,0.000000,112.000000,-5.215878,-6.454551,-8.837657,-4.662643,-0.436964,0.473143
0.000000,0.000000,101.000000,1.379678,-10.580866,-1.609597,-8.570391,0.115584,0.775618
0.000000,-2.000000,102.000000,6.015177,-13.054284,3.943154,-12.334144,0.503926,0.956929
0.000000,-2.000000,100.000000,12.286190,-11.840190,9.225121,-12.416004,1.029285,0.867931
-1.000000,0.000000,106.000000,16.024069,-10.242367,14.546010,-11.004770,1.342429,0.750805
-6.000000,-3.000000,108.000000,18.005211,-9.232620,17.114986,-9.652510,1.508401,0.676786
-2.000000,-1.000000,101.000000,18.151249,-7.015358,18.270748,-8.321369,1.520635,0.514253
-1.000000,-2.000000,102.000000,18.007587,-3.122631,17.950129,-4.971552,1.508600,0.228901
-4.000000,0.000000,110.000000,18.502726,0.926545,18.235546,-0.956869,1.550081,-0.067919
-5.000000,0.000000,102.000000,19.261415,4.442297,18.973717,2.811123,1.613641,-0.325637
-4.000000,1.000000,112.000000,18.006056,7.864475,18.761967,6.251081,1.508472,-0.576496
-3.000000,2.000000,96.000000,17.004805,10.522610,17.348198,9.406778,1.424591,-0.771348
-3.000000,3.000000,101.000000,15.680828,13.248405,16.395826,11.813753,1.313674,-0.971159
-4.000000,1.000000,93.000000,14.892909,16.648670,15.087950,15.095614,1.247665,-1.220411
-2.000000,3.000000,101.000000,14.676881,20.179817,14.835836,18.410837,1.229567,-1.479258
-4.000000,4.000000,94.000000,13.741572,23.025318,14.095141,21.889851,1.151211,-1.687844
-1.000000,4.000000,89.000000,13.652998,26.825329,13.616824,24.623936,1.143791,-1.966399
-2.000000,6.000000,90.000000,13.640468,30.335537,13.429875,28.599468,1.142741,-2.223711
-3.000000,5.000000,89.000000,14.108525,31.162945,14.039495,30.815039,1.181953,-2.284363
-2.000000,6.000000,93.000000,14.291913,31.444021,14.189779,31.436428,1.197317,-2.304967
-2.000000,8.000000,93.000000,15.263309,32.431431,14.745069,32.041904,1.278696,-2.377348
-4.000000,5.000000,82.000000,14.893589,32.949574,15.335823,32.631248,1.247722,-2.415330
-1.000000,6.000000,84.000000,12.207189,33.921402,13.595163,33.441063,1.022667,-2.486569
0.000000,5.000000,84.000000,9.398662,36.551666,10.624922,35.077351,0.787380,-2.679377
-3.000000,5.000000,87.000000,8.243472,40.212368,8.714705,38.550392,0.690603,-2.947721
1.000000,9.000000,82.000000,6.940292,42.510910,7.552597,41.518597,0.581429,-3.116212
-1.000000,7.000000,71.000000,6.937539,43.788620,6.812885,43.223778,0.581198,-3.209874
-2.000000,8.000000,73.000000,8.306905,44.493652,7.570741,44.270374,0.695918,-3.261555
-1.000000,7.000000,83.000000,9.261601,44.879684,8.784827,44.786751,0.775898,-3.289853
-2.000000,8.000000,88.000000,10.471194,43.734688,9.923623,44.393246,0.877233,-3.205920
-2.000000,9.000000,74.000000,13.131738,40.948364,11.874553,42.508095,1.100122,-3.001672
-3.000000,7.000000,68.000000,14.147302,35.511009,13.772899,38.170036,1.185201,-2.603093
-1.000000,6.000000,68.000000,15.691466,29.159401,14.724902,32.112728,1.314565,-2.137496
-3.000000,5.000000,73.000000,19.383587,23.172146,17.471338,26.147114,1.623875,-1.698607
-3.000000,4.000000,90.000000,22.911539,16.538288,21.386869,19.613483,1.919433,-1.212320
-3.000000,3.000000,76.000000,25.113012,9.820510,24.120213,13.026965,2.103863,-0.719881
-8.000000,3.000000,66.000000,28.620773,4.909460,26.753342,7.014835,2.397728,-0.359882
-4.000000,1.000000,70.000000,31.580526,0.498993,30.385061,2.627863,2.645684,-0.036578
-4.000000,1.000000,77.000000,33.383018,-3.787625,32.525448,-1.901503,2.796689,0.277647
-9.000000,0.000000,97.000000,34.543797,-5.990737,34.113220,-5.094874,2.893934,0.439144
-8.000000,0.000000,70.000000,34.208679,-7.515311,34.452770,-6.739913,2.865860,0.550901
-9.000000,0.000000,66.000000,34.401798,-8.999852,34.164429,-8.395376,2.882038,0.659724
-6.000000,-1.000000,69.000000,36.754333,-10.796657,35.556137,-9.772644,3.079124,0.791436
-9.000000,-2.000000,78.000000,37.936443,-12.038775,37.616550,-11.508226,3.178156,0.882488
-10.000000,-2.000000,72.000000,37.838020,-12.670694,37.788258,-12.437349,3.169910,0.928810
-6.000000,-2.000000,67.000000,39.510406,-13.037911,38.517254,-12.857679,3.310016,0.955729
-9.000000,-2.000000,69.000000,42.556896,-13.856340,41.220432,-13.429029,3.565238,1.015723
-7.000000,-1.000000,69.000000,42.424892,-15.135169,42.801292,-14.449781,3.554180,1.109466
-10.000000,-2.000000,79.000000,40.473801,-15.252466,41.400455,-15.466779,3.390725,1.118064
-8.000000,-3.000000,80.000000,39.662609,-14.021344,39.909225,-14.537547,3.322767,1.027818
-9.000000,-2.000000,71.000000,39.941158,-11.732260,39.806458,-12.985303,3.346102,0.860020
-4.000000,-2.000000,82.000000,40.213783,-10.533964,40.093819,-10.763140,3.368942,0.772180
-8.000000,-2.000000,73.000000,38.578590,-11.657367,39.551399,-11.023062,3.231952,0.854530
-7.000000,-2.000000,84.000000,37.232368,-13.748563,37.696606,-12.740786,3.119172,1.007822
-11.000000,-2.000000,75.000000,36.251297,-15.774080,36.782082,-14.815867,3.036981,1.156300
-5.000000,-3.000000,73.000000,35.857548,-18.659615,36.070076,-17.184452,3.003995,1.367821
-8.000000,-2.000000,78.000000,35.129921,-23.675020,35.476624,-21.054462,2.943037,1.735470
-4.000000,-3.000000,85.000000,33.475658,-28.361074,34.531227,-26.345484,2.804450,2.078975
-6.000000,-5.000000,89.000000,30.132250,-32.758270,31.695499,-30.519506,2.524353,2.401307
-8.000000,-6.000000,85.000000,27.789911,-36.559711,28.950420,-34.831966,2.328122,2.679967
-4.000000,-6.000000,90.000000,24.185833,-39.686035,25.987625,-38.335968,2.026188,2.909138
-5.000000,-6.000000,81.000000,19.528097,-40.672382,21.719748,-40.339680,1.635982,2.981441
-1.000000,-7.000000,86.000000,16.862255,-40.303974,18.011040,-40.521473,1.412649,2.954436
-3.000000,-8.000000,98.000000,14.651753,-40.147049,15.841423,-40.198578,1.227462,2.942932
-3.000000,-9.000000,89.000000,10.777106,-38.047138,12.673974,-39.355217,0.902861,2.789001
-2.000000,-6.000000,91.000000,6.410505,-33.267281,8.562025,-35.621174,0.537045,2.438619
-2.000000,-5.000000,91.000000,0.983934,-28.255722,3.604929,-30.650793,0.082430,2.071253
0.000000,-5.000000,98.000000,-3.491135,-23.897854,-1.518846,-25.850540,-0.292473,1.751804
0.000000,-4.000000,109.000000,-7.339560,-21.583208,-5.468917,-22.528231,-0.614878,1.582132
1.000000,-4.000000,105.000000,-11.652306,-21.433109,-9.690439,-21.427109,-0.976181,1.571129
2.000000,-3.000000,100.000000,-14.476014,-21.661394,-13.257986,-21.447277,-1.212740,1.587863
0.000000,-5.000000,99.000000,-15.952134,-22.706059,-15.408969,-22.167107,-1.336403,1.664441
3.000000,-5.000000,102.000000,-14.855461,-24.900961,-15.637996,-23.765392,-1.244528,1.825336
3.000000,-4.000000,109.000000,-13.412824,-28.683842,-13.855555,-26.718866,-1.123670,2.102635
2.000000,-7.000000,106.000000,-13.749433,-32.630203,-13.624496,-30.759232,-1.151870,2.391919
3.000000,-5.000000,111.000000,-12.823257,-35.414501,-13.375710,-34.281471,-1.074279,2.596019
2.000000,-6.000000,106.000000,-10.893496,-34.849930,-11.839705,-35.287758,-0.912611,2.554633
1.000000,-6.000000,112.000000,-8.103732,-33.972897,-9.338676,-34.145973,-0.678897,2.490343
2.000000,-6.000000,114.000000,-7.203971,-32.982258,-7.528441,-33.707279,-0.603518,2.417726
2.000000,-8.000000,107.000000,-8.796679,-30.775976,-7.597045,-31.867706,-0.736949,2.255997
2.000000,-6.000000,110.000000,-14.899333,-27.746861,-11.881792,-29.147070,-1.248204,2.033951
2.000000,-2.000000,114.000000,-19.309795,-24.145809,-17.442198,-25.871464,-1.617694,1.769980
2.000000,-5.000000,119.000000,-21.518044,-20.359037,-20.539722,-21.982368,-1.802691,1.492395
8.000000,-6.000000,111.000000,-23.441038,-18.283014,-22.550381,-19.299356,-1.963792,1.340215
4.000000,-3.000000,112.000000,-24.110889,-16.340921,-23.960817,-17.113995,-2.019909,1.197852
4.000000,-2.000000,118.000000,-27.088694,-16.668089,-25.379009,-16.493116,-2.269377,1.221835
7.000000,-3.000000,119.000000,-30.349197,-18.515141,-29.122213,-17.529051,-2.542528,1.357231
5.000000,-3.000000,120.000000,-29.292507,-18.788542,-30.107151,-18.962629,-2.454003,1.377272
7.000000,-3.000000,119.000000,-27.494284,-17.942074,-28.173258,-18.350784,-2.303356,1.315223
4.000000,-3.000000,112.000000,-26.976553,-16.102974,-27.223852,-17.145969,-2.259982,1.180410
5.000000,-1.000000,115.000000,-26.429430,-15.194387,-26.684164,-15.435228,-2.214147,1.113807
6.000000,-3.000000,123.000000,-25.782310,-14.962397,-26.126377,-15.015027,-2.159934,1.096801
4.000000,-2.000000,120.000000,-26.162979,-14.802402,-25.712835,-14.926890,-2.191825,1.085073
6.000000,-2.000000,110.000000,-28.829931,-15.029695,-27.478373,-14.655492,-2.415251,1.101734
6.000000,-3.000000,111.000000,-30.625071,-16.966282,-29.974144,-15.848861,-2.565640,1.243693
5.000000,-3.000000,117.000000,-30.760527,-20.077011,-30.790894,-18.766155,-2.576988,1.471722
6.000000,-2.000000,120.000000,-30.159325,-20.049839,-30.434452,-20.329929,-2.526622,1.469730
5.000000,-4.000000,125.000000,-31.592409,-17.153866,-30.734137,-18.693981,-2.646679,1.257444
6.000000,-3.000000,120.000000,-33.206047,-14.358696,-32.612053,-15.649546,-2.781863,1.052547
7.000000,-2.000000,124.000000,-31.969969,-12.092390,-32.586563,-12.931314,-2.678310,0.886418
5.000000,-1.000000,119.000000,-32.614418,-10.472618,-32.131729,-11.331039,-2.732299,0.767683
3.000000,-2.000000,124.000000,-33.350414,-8.910655,-33.053291,-9.540561,-2.793958,0.653185
7.000000,-1.000000,135.000000,-32.928047,-6.270760,-33.362854,-7.656426,-2.758574,0.459671
5.000000,0.000000,125.000000,-31.670305,-3.999848,-32.254314,-5.073038,-2.653205,0.293204
9.000000,-1.000000,120.000000,-28.769110,-3.074536,-30.376871,-3.298844,-2.410155,0.225375
6.000000,0.000000,124.000000,-26.471556,-3.735919,-27.271139,-3.372960,-2.217676,0.273857
3.000000,0.000000,124.000000,-25.990286,-3.374926,-26.211084,-3.586449,-2.177357,0.247395
7.000000,-1.000000,135.000000,-27.215069,-1.258626,-26.608471,-2.748343,-2.279964,0.092262
6.000000,0.000000,124.000000,-26.430420,3.014533,-27.106527,1.129390,-2.214230,-0.220977
5.000000,1.000000,129.000000,-24.888451,5.274892,-25.417963,4.250573,-2.085050,-0.386670
7.000000,2.000000,124.000000,-26.416807,5.977172,-25.469538,5.862100,-2.213089,-0.438150
3.000000,1.000000,135.000000,-29.671238,6.267263,-28.051754,6.044568,-2.485732,-0.459414
7.000000,1.000000,139.000000,-32.586678,7.033245,-31.459858,6.594648,-2.729975,-0.515564
8.000000,1.000000,124.000000,-31.741896,8.641333,-32.329308,7.802479,-2.659203,-0.633443
6.000000,2.000000,129.000000,-30.786934,10.403188,-31.154072,9.507803,-2.579200,-0.762593
6.000000,1.000000,127.000000,-31.701563,10.124785,-30.993311,10.538958,-2.655824,-0.742185
5.000000,3.000000,137.000000,-32.388885,10.892026,-32.337860,10.207552,-2.713405,-0.798427
6.000000,2.000000,144.000000,-31.083929,13.339669,-31.818258,12.173928,-2.604081,-0.977849
7.000000,3.000000,130.000000,-28.675484,16.198597,-29.718267,14.742294,-2.402312,-1.187419
7.000000,3.000000,133.000000,-27.791891,20.616209,-28.301458,18.409037,-2.328288,-1.511247
4.000000,3.000000,133.000000,-26.520042,24.896700,-27.192846,22.920372,-2.221738,-1.825023
5.000000,4.000000,133.000000,-23.903584,28.339827,-25.237419,26.467327,-2.002542,-2.077418
6.000000,6.000000,146.000000,-21.576822,31.544180,-22.692459,30.015858,-1.807616,-2.312309
4.000000,6.000000,123.000000,-20.102850,32.817928,-20.841877,32.446587,-1.684132,-2.405680
4.000000,6.000000,128.000000,-17.065422,30.290901,-18.567829,31.583950,-1.429669,-2.220439
3.000000,6.000000,121.000000,-13.956666,29.737055,-15.450851,29.759226,-1.169231,-2.179840
3.000000,4.000000,131.000000,-10.350021,30.468014,-12.032789,30.296824,-0.867081,-2.233422
2.000000,7.000000,136.000000,-8.869518,29.244701,-9.298972,29.872314,-0.743051,-2.143749
2.000000,6.000000,116.000000,-8.453430,29.516470,-8.805853,29.201267,-0.708193,-2.163670
2.000000,5.000000,114.000000,-5.902011,32.311695,-7.217060,30.641689,-0.494446,-2.368571
1.000000,5.000000,114.000000,-5.072392,36.591084,-5.343267,34.663815,-0.424944,-2.682266
1.000000,5.000000,124.000000,-3.590710,38.474102,-4.621485,37.882172,-0.300815,-2.820299
0.000000,9.000000,122.000000,0.725600,37.093781,-1.206022,37.635384,0.060788,-2.719116
0.000000,8.000000,102.000000,3.574548,35.068092,2.404499,36.258171,0.299461,-2.570625
0.000000,8.000000,101.000000,6.955963,31.552969,5.205651,33.306179,0.582741,-2.312953
-1.000000,4.000000,104.000000,9.656428,27.905148,8.560313,29.516977,0.808975,-2.045554
-2.000000,6.000000,111.000000,11.667975,23.919474,10.737207,25.896093,0.977494,-1.753389
-3.000000,6.000000,95.000000,13.722951,22.335735,12.713516,22.670094,1.149651,-1.637295
-2.000000,2.000000,92.000000,16.376099,21.949961,15.198072,22.264189,1.371921,-1.609016
-1.000000,4.000000,91.000000,15.981621,21.173914,16.534222,21.643801,1.338873,-1.552129
-5.000000,6.000000,96.000000,14.787772,20.913361,15.214708,20.967190,1.238858,-1.533029
-3.000000,4.000000,101.000000,14.203532,22.819801,14.492903,21.713268,1.189912,-1.672779
-1.000000,4.000000,87.000000,12.401514,25.538015,13.524678,24.305811,1.038947,-1.872034
-2.000000,6.000000,83.000000,9.080478,28.166737,10.486544,26.859741,0.760724,-2.064729
-3.000000,4.000000,86.000000,6.563900,30.677538,7.638826,29.330332,0.549896,-2.248781
-2.000000,6.000000,98.000000,4.281489,32.736359,5.285007,31.993658,0.358685,-2.399700
-1.000000,6.000000,101.000000,3.556585,31.288857,3.669819,32.126686,0.297956,-2.293593
0.000000,7.000000,78.000000,4.115086,28.810150,3.828023,30.053869,0.344745,-2.111894
-2.000000,6.000000,79.000000,4.871129,25.764362,4.391719,27.053320,0.408083,-1.888626
0.000000,6.000000,82.000000,8.064297,24.285761,6.403537,25.035786,0.675593,-1.780239
-2.000000,3.000000,89.000000,11.511525,23.776585,9.890037,23.829887,0.964387,-1.742915
-2.000000,3.000000,99.000000,15.401221,23.498466,13.513639,23.857197,1.290250,-1.722527
-4.000000,6.000000,70.000000,19.936255,19.616047,17.821764,21.740675,1.670176,-1.437931
-4.000000,4.000000,76.000000,23.871021,14.711300,22.113276,16.998793,1.999814,-1.078395
-1.000000,1.000000,84.000000,27.167791,11.328036,25.671103,12.657660,2.276004,-0.830388
-5.000000,1.000000,81.000000,29.968534,11.371047,28.677103,11.058818,2.510638,-0.833541
-7.000000,4.000000,100.000000,31.634655,13.670330,30.941610,12.502753,2.650219,-1.002087
-5.000000,2.000000,67.000000,32.532646,15.445672,32.209244,14.829454,2.725449,-1.132227
-7.000000,3.000000,73.000000,31.391928,15.282825,32.036285,15.454849,2.629884,-1.120290
-4.000000,2.000000,81.000000,29.773422,15.850294,30.483816,15.387207,2.494292,-1.161887
-4.000000,1.000000,92.000000,28.913685,16.860762,29.123386,16.693712,2.422267,-1.235958
-7.000000,3.000000,95.000000,29.534441,14.761844,29.073481,15.913119,2.474271,-1.082100
-5.000000,2.000000,71.000000,30.745285,11.039977,30.186331,12.883545,2.575711,-0.809273
-5.000000,1.000000,77.000000,31.390644,6.026551,30.968933,8.389551,2.629776,-0.441769
-8.000000,1.000000,82.000000,34.180927,0.905145,32.805317,3.340654,2.863535,-0.066351
-5.000000,0.000000,91.000000,37.011971,-3.964844,35.616020,-1.687808,3.100708,0.290638
-8.000000,0.000000,95.000000,40.343395,-9.837919,38.669609,-6.996676,3.379800,0.721157
-8.000000,-3.000000,79.000000,43.323685,-15.130533,42.074615,-12.782094,3.629477,1.109126
-9.000000,-2.000000,79.000000,45.415058,-18.470091,44.482841,-16.946651,3.804683,1.353928
-7.000000,-4.000000,86.000000,44.833202,-19.998993,45.278008,-19.728073,3.755937,1.466003
-8.000000,-5.000000,91.000000,44.658546,-18.297283,44.518349,-19.197037,3.741305,1.341261
-6.000000,-3.000000,91.000000,44.411148,-16.389626,44.629261,-17.351660,3.720580,1.201422
-11.000000,-4.000000,85.000000,42.893967,-14.777538,43.681797,-15.468325,3.593477,1.083250
-6.000000,-2.000000,85.000000,40.855080,-13.118450,41.968895,-14.056688,3.422667,0.961633
-6.000000,-1.000000,91.000000,37.710072,-9.148416,39.085041,-11.017882,3.159192,0.670614
-7.000000,-3.000000,96.000000,36.399223,-7.360269,36.834106,-8.029056,3.049374,0.539536
-8.000000,-2.000000,92.000000,36.160519,-6.453983,36.234932,-6.772203,3.029377,0.473102
-6.000000,-2.000000,92.000000,36.877762,-6.964921,36.546665,-6.654021,3.089464,0.510555
-9.000000,0.000000,91.000000,36.119072,-7.514735,36.645996,-7.122362,3.025904,0.550859
-5.000000,0.000000,98.000000,35.054840,-8.642750,35.482288,-8.251081,2.936747,0.633547
-9.000000,-1.000000,105.000000,35.546783,-8.059250,35.278126,-8.318633,2.977960,0.590774
-8.000000,-2.000000,93.000000,34.929188,-8.895040,35.399071,-8.346384,2.926221,0.652040
-7.000000,-1.000000,99.000000,33.047020,-10.107450,33.897457,-9.681427,2.768541,0.740915
-5.000000,-2.000000,95.000000,31.947260,-10.616266,32.303394,-10.373020,2.676407,0.778213
-6.000000,-1.000000,105.000000,32.160191,-11.637283,32.030220,-11.108034,2.694246,0.853057
-6.000000,-1.000000,108.000000,31.556938,-13.454575,31.971470,-12.649080,2.643708,0.986272
-6.000000,-4.000000,97.000000,28.907118,-14.231192,30.281597,-14.042288,2.421717,1.043201
-6.000000,-1.000000,100.000000,26.020041,-12.274989,27.408422,-13.255055,2.179850,0.899804
-3.000000,-1.000000,99.000000,23.164436,-11.130880,24.444206,-11.575766,1.940619,0.815936
-2.000000,-2.000000,106.000000,20.547709,-10.588909,21.863802,-10.730126,1.721401,0.776208
-6.000000,-1.000000,108.000000,16.999748,-11.266302,18.765690,-10.937766,1.424167,0.825863
-5.000000,-3.000000,104.000000,13.102684,-11.804397,14.866646,-11.506929,1.097688,0.865307
-2.000000,-1.000000,101.000000,10.726936,-14.078240,11.744377,-12.893419,0.898658,1.031989
-2.000000,-1.000000,107.000000,9.142992,-17.327990,9.910776,-15.728711,0.765962,1.270208
0.000000,-3.000000,112.000000,6.317932,-19.313416,7.737759,-18.602737,0.529290,1.415747
-2.000000,-6.000000,109.000000,3.252803,-19.881922,4.697835,-19.546415,0.272506,1.457421
-2.000000,-5.000000,107.000000,-0.605827,-20.793114,1.311533,-20.399380,-0.050754,1.524215
0.000000,-2.000000,105.000000,-2.127859,-21.442818,-1.971414,-21.095119,-0.178263,1.571841
-1.000000,-1.000000,110.000000,-0.102812,-22.955484,-0.885660,-22.219982,-0.008613,1.682725
-2.000000,-5.000000,110.000000,-1.563918,-24.230783,-0.564453,-23.674694,-0.131018,1.776209
1.000000,-6.000000,120.000000,-3.915713,-26.160635,-2.906933,-25.137337,-0.328042,1.917675
0.000000,-3.000000,110.000000,-7.072936,-27.988665,-5.497451,-27.283716,-0.592541,2.051676
0.000000,-3.000000,109.000000,-9.836521,-28.246449,-8.830364,-28.269558,-0.824062,2.070573
0.000000,-8.000000,116.000000,-10.111920,-27.576527,-9.939387,-28.029108,-0.847134,2.021465
1.000000,-4.000000,123.000000,-10.467651,-24.926216,-10.274901,-26.202900,-0.876936,1.827187
1.000000,-2.000000,124.000000,-12.200589,-22.325495,-11.206888,-23.668011,-1.022114,1.636544
3.000000,-6.000000,115.000000,-15.163505,-18.853960,-13.627683,-20.471266,-1.270335,1.382067
1.000000,-4.000000,112.000000,-19.522390,-15.544504,-17.296148,-17.221308,-1.635504,1.139472
2.000000,-1.000000,115.000000,-23.311300,-10.853567,-21.737713,-13.023958,-1.952923,0.795608
3.000000,-1.000000,122.000000,-25.801229,-7.597410,-24.523424,-9.009525,-2.161519,0.556919
3.000000,0.000000,114.000000,-30.274979,-4.663439,-28.130550,-6.035963,-2.536311,0.341848
9.000000,-2.000000,110.000000,-33.627865,-2.295081,-32.312729,-3.365462,-2.817201,0.168238
4.000000,0.000000,110.000000,-34.716064,-0.923451,-34.281433,-1.479648,-2.908366,0.067692
10.000000,0.000000,116.000000,-35.802742,0.302790,-35.290642,-0.213045,-2.999403,-0.022196
5.000000,0.000000,119.000000,-37.347939,-0.616774,-36.475975,-0.032352,-3.128853,0.045212
8.000000,-1.000000,121.000000,-39.422615,-1.462878,-38.699318,-1.159683,-3.302661,0.107235
8.000000,0.000000,108.000000,-39.466843,-2.102613,-39.753136,-1.937913,-3.306366,0.154130
9.000000,0.000000,110.000000,-37.608261,-2.951643,-38.423512,-2.459133,-3.150662,0.216367
6.000000,-1.000000,119.000000,-35.677235,-5.845623,-36.482647,-4.364718,-2.988889,0.428507
8.000000,-1.000000,122.000000,-33.687317,-8.468518,-34.734829,-7.458224,-2.822182,0.620775
6.000000,-2.000000,112.000000,-32.600071,-9.136423,-32.886406,-8.990689,-2.731097,0.669735
4.000000,-1.000000,111.000000,-34.463848,-7.813773,-33.323139,-8.357580,-2.887236,0.572779
6.000000,-1.000000,117.000000,-37.548409,-7.850897,-36.151581,-7.681626,-3.145648,0.575501
6.000000,-2.000000,119.000000,-39.163818,-8.080694,-38.560493,-7.959574,-3.280980,0.592346
7.000000,-4.000000,127.000000,-39.110657,-6.443796,-39.096317,-7.440678,-3.276527,0.472355
9.000000,-3.000000,114.000000,-40.710102,-3.987735,-39.882607,-5.220868,-3.410522,0.292316
7.000000,0.000000,119.000000,-44.353703,-1.963153,-42.667385,-3.265853,-3.715767,0.143907
8.000000,0.000000,124.000000,-47.367863,1.304349,-46.097637,-0.180254,-3.968281,-0.095614
8.000000,0.000000,126.000000,-48.499771,3.590286,-48.168159,2.613881,-4.063107,-0.263182
10.000000,0.000000,124.000000,-47.834751,4.405463,-48.232414,4.116895,-4.007394,-0.322937
11.000000,0.000000,115.000000,-49.199326,3.890361,-48.234528,4.509301,-4.121713,-0.285178
10.000000,-1.000000,119.000000,-51.479000,1.202913,-50.331047,2.577499,-4.312695,-0.088178
8.000000,0.000000,122.000000,-51.675266,-0.807447,-51.971672,-0.034144,-4.329136,0.059189
9.000000,-1.000000,135.000000,-47.542835,-2.280895,-49.714909,-1.520996,-3.982939,0.167198
9.000000,-1.000000,133.000000,-42.275227,-2.620713,-44.734406,-2.611893,-3.541641,0.192108
10.000000,-1.000000,125.000000,-36.952393,-1.004945,-39.478462,-1.840340,-3.095716,0.073666
6.000000,0.000000,124.000000,-32.643829,1.335699,-34.569298,0.132376,-2.734763,-0.097912
6.000000,0.000000,133.000000,-28.104774,5.408127,-30.358028,3.285831,-2.354500,-0.396436
6.000000,-1.000000,135.000000,-25.753700,10.183872,-26.481054,8.012590,-2.157537,-0.746517
4.000000,1.000000,138.000000,-25.629808,13.915233,-25.616125,12.214338,-2.147158,-1.020040
9.000000,1.000000,132.000000,-25.667938,17.794889,-25.758764,15.875526,-2.150352,-1.304433
5.000000,3.000000,127.000000,-22.993238,21.689772,-24.476482,19.893547,-1.926277,-1.589943
3.000000,3.000000,134.000000,-21.012880,25.251261,-21.624559,23.787617,-1.760371,-1.851014
5.000000,4.000000,134.000000,-18.775822,27.666834,-19.577549,26.910807,-1.572960,-2.028085
3.000000,4.000000,133.000000,-18.665817,28.799332,-18.449747,28.356659,-1.563744,-2.111101
3.000000,5.000000,119.000000,-16.110847,28.531633,-17.168177,28.684238,-1.349699,-2.091478
2.000000,6.000000,116.000000,-12.251088,27.343784,-14.375443,28.057011,-1.026345,-2.004404
3.000000,3.000000,123.000000,-7.242918,27.420340,-9.446163,27.432611,-0.606781,-2.010016
2.000000,5.000000,134.000000,-4.301386,28.404720,-5.714984,28.020603,-0.360352,-2.082175
1.000000,4.000000,128.000000,0.879898,26.752605,-1.667567,27.591471,0.073714,-1.961068
0.000000,6.000000,119.000000,5.273475,25.531694,3.248330,26.102884,0.441790,-1.871571
0.000000,3.000000,114.000000,9.351246,21.389214,7.496947,23.461105,0.783408,-1.567911
-2.000000,3.000000,115.000000,11.929152,19.496037,10.829134,19.890919,0.999374,-1.429134
-1.000000,5.000000,130.000000,15.394196,19.914675,13.660497,19.790150,1.289661,-1.459822
-2.000000,2.000000,120.000000,18.535919,19.486437,17.260704,19.963940,1.552861,-1.428430
-3.000000,3.000000,112.000000,21.337887,18.548029,20.157734,19.075010,1.787598,-1.359642
-1.000000,1.000000,105.000000,24.059532,18.644526,22.838526,18.646559,2.015606,-1.366715
-5.000000,6.000000,111.000000,25.114468,19.859875,24.850586,19.152170,2.103985,-1.455805
-5.000000,4.000000,117.000000,25.062899,21.630030,25.087284,20.822865,2.099664,-1.585564
-2.000000,2.000000,119.000000,25.499983,21.607710,25.289347,21.604753,2.136281,-1.583928
-8.000000,5.000000,102.000000,25.426653,19.356972,25.458261,20.582350,2.130138,-1.418940
-5.000000,2.000000,100.000000,25.647253,16.895981,25.603079,17.813620,2.148619,-1.238540
-2.000000,3.000000,118.000000,26.581028,17.550766,26.067865,17.282516,2.226847,-1.286538
-5.000000,1.000000,114.000000,28.089060,17.254402,27.430380,17.499317,2.353184,-1.264814
-6.000000,2.000000,112.000000,29.514956,15.184397,28.822153,16.301950,2.472639,-1.113074
-6.000000,4.000000,100.000000,31.688292,13.632708,30.591059,14.222452,2.654712,-0.999330
-5.000000,1.000000,103.000000,33.517582,13.266025,32.727673,13.263731,2.807962,-0.972450
-6.000000,1.000000,106.000000,35.364353,12.699426,34.430340,13.163839,2.962677,-0.930916
-5.000000,3.000000,109.000000,37.047897,10.884385,36.363285,11.759047,3.103717,-0.797867
-7.000000,1.000000,105.000000,37.373505,8.864711,37.285744,9.757133,3.130995,-0.649817
-7.000000,1.000000,94.000000,37.962334,7.582086,37.631966,8.110732,3.180325,-0.555796
-9.000000,2.000000,105.000000,38.479740,7.729588,38.334827,7.497810,3.223671,-0.566608
-5.000000,1.000000,115.000000,36.042889,8.653600,37.515770,8.193183,3.019522,-0.634342
-7.000000,2.000000,110.000000,31.607899,8.913538,33.796452,9.099243,2.647977,-0.653396
-4.000000,1.000000,103.000000,27.690912,7.867381,29.463116,8.275176,2.319828,-0.576709
-7.000000,4.000000,99.000000,24.295996,8.127853,25.908533,7.812116,2.035417,-0.595803
-5.000000,1.000000,101.000000,21.488197,10.299343,22.710497,9.302576,1.800191,-0.754981
-2.000000,2.000000,108.000000,19.983589,11.643330,20.630573,10.978838,1.674141,-0.853501
-4.000000,2.000000,107.000000,19.436373,13.829461,19.653116,12.805799,1.628298,-1.013752
-6.000000,3.000000,93.000000,18.437206,14.110058,18.974138,14.243932,1.544592,-1.034321
-2.000000,2.000000,95.000000,18.117657,13.286658,18.050537,13.650436,1.517821,-0.973963
-3.000000,1.000000,102.000000,21.078291,12.820620,19.376369,13.008713,1.765851,-0.939800
-5.000000,1.000000,107.000000,25.466513,11.196523,23.523436,11.982004,2.133477,-0.820748
-5.000000,2.000000,104.000000,27.765882,8.537969,26.896841,10.007106,2.326109,-0.625866
-7.000000,3.000000,98.000000,28.572371,3.552943,28.382874,5.939324,2.393673,-0.260444
-6.000000,1.000000,87.000000,27.276419,0.079599,27.966328,1.427632,2.285104,-0.005835
-5.000000,0.000000,106.000000,25.664474,-0.076946,26.436024,-0.180767,2.150062,0.005640
-5.000000,0.000000,104.000000,24.579441,0.491504,25.122250,0.300715,2.059162,-0.036029
-8.000000,0.000000,105.000000,21.997551,0.056230,23.447826,0.344835,1.842862,-0.004122
-3.000000,0.000000,103.000000,17.902012,0.894282,19.832710,0.257717,1.499755,-0.065554
-2.000000,0.000000,97.000000,13.964306,3.909274,15.822584,2.308040,1.169871,-0.286565
-8.000000,2.000000,98.000000,11.482763,7.047694,12.449965,5.842143,0.961978,-0.516623
-3.000000,2.000000,104.000000,9.141325,7.245615,10.423353,7.297266,0.765822,-0.531131
-1.000000,1.000000,101.000000,5.855740,6.339611,7.337500,6.837360,0.490569,-0.464718
-2.000000,1.000000,90.000000,3.719020,4.954761,4.721927,5.627594,0.311564,-0.363203
0.000000,0.000000,96.000000,1.207482,2.931146,2.405316,3.954647,0.101158,-0.214864
-1.000000,0.000000,98.000000,-0.575208,0.867581,0.070032,1.791698,-0.048189,-0.063597
0.000000,1.000000,105.000000,0.087817,-1.748653,-0.338667,-0.391285,0.007357,0.128183
0.000000,0.000000,100.000000,0.247674,-4.110634,0.372510,-3.053026,0.020749,0.301325
-3.000000,0.000000,95.000000,-0.844264,-6.262303,-0.300584,-5.220315,-0.070729,0.459051
0.000000,0.000000,96.000000,-1.733737,-7.004849,-1.379713,-6.811547,-0.145245,0.513482
1.000000,0.000000,102.000000,-2.044358,-6.714916,-1.820728,-6.904204,-0.171268,0.492229
-2.000000,0.000000,104.000000,-3.658633,-5.086372,-2.870229,-5.948419,-0.306505,0.372851
-4.000000,0.000000,105.000000,-5.115834,-5.362229,-4.467702,-4.963369,-0.428583,0.393072
0.000000,-1.000000,93.000000,-6.315424,-6.456457,-5.834164,-6.059371,-0.529080,0.473283
1.000000,-1.000000,95.000000,-6.895062,-6.828648,-6.628643,-6.655187,-0.577639,0.500566
0.000000,-1.000000,98.000000,-9.270681,-6.396613,-7.900906,-6.666907,-0.776659,0.468896
1.000000,-1.000000,99.000000,-13.518942,-7.262437,-11.423542,-6.654667,-1.132560,0.532364
1.000000,0.000000,101.000000,-17.994089,-9.356547,-15.931193,-8.333056,-1.507469,0.685871
1.000000,-1.000000,90.000000,-21.159052,-11.661376,-19.784241,-10.609758,-1.772617,0.854823
2.000000,0.000000,98.000000,-23.516098,-13.307746,-22.381397,-12.529524,-1.970080,0.975509
3.000000,-2.000000,101.000000,-25.316889,-15.844153,-24.525797,-14.700270,-2.120943,1.161437
6.000000,-2.000000,102.000000,-26.675005,-17.067366,-26.060827,-16.566996,-2.234720,1.251103
4.000000,-3.000000,100.000000,-27.784500,-17.610374,-27.191061,-17.473295,-2.327669,1.290908
6.000000,-3.000000,97.000000,-29.351179,-17.718735,-28.666912,-17.691778,-2.458919,1.298851
8.000000,-3.000000,107.000000,-30.552126,-18.061140,-30.033752,-17.899059,-2.559529,1.323951
3.000000,-3.000000,108.000000,-30.255775,-18.973328,-30.546320,-18.477230,-2.534702,1.390818
5.000000,-2.000000,112.000000,-30.203566,-18.982994,-30.058582,-19.092136,-2.530328,1.391526
7.000000,-4.000000,105.000000,-31.705242,-17.460958,-30.996389,-18.287586,-2.656132,1.279955
5.000000,-3.000000,100.000000,-32.875259,-16.320904,-32.237541,-16.833904,-2.754151,1.196385
8.000000,-4.000000,112.000000,-31.762344,-17.645035,-32.540012,-16.631250,-2.660916,1.293449
5.000000,-3.000000,112.000000,-30.972059,-20.080688,-31.121708,-19.084360,-2.594709,1.471991
6.000000,-3.000000,110.000000,-33.289330,-20.654821,-32.188549,-20.796795,-2.788840,1.514078
7.000000,-4.000000,107.000000,-34.783524,-20.401051,-34.307396,-20.905893,-2.914018,1.495475
6.000000,-4.000000,115.000000,-33.540577,-18.693291,-34.385372,-19.466421,-2.809889,1.370290
7.000000,-2.000000,116.000000,-30.885895,-16.948948,-32.181091,-17.899206,-2.587491,1.242423
4.000000,-3.000000,114.000000,-26.721853,-14.367590,-28.591351,-15.348363,-2.238645,1.053199
5.000000,-2.000000,119.000000,-23.411585,-11.632339,-24.609360,-12.860617,-1.961324,0.852695
7.000000,-3.000000,104.000000,-18.969704,-8.224891,-21.417793,-9.586157,-1.589202,0.602916
3.000000,-2.000000,112.000000,-12.895595,-5.376631,-15.703893,-6.610338,-1.080339,0.394128
3.000000,-1.000000,120.000000,-7.626108,-4.927691,-10.092042,-5.110262,-0.638883,0.361219
1.000000,0.000000,128.000000,-2.089320,-6.383397,-4.585658,-5.463347,-0.175034,0.467927
1.000000,-1.000000,124.000000,3.119336,-9.127949,0.534768,-7.747093,0.261325,0.669114
0.000000,-5.000000,114.000000,9.721984,-11.874521,6.494760,-10.622368,0.814467,0.870448
0.000000,-3.000000,117.000000,14.505845,-13.059054,12.452589,-12.638940,1.215239,0.957279
0.000000,-2.000000,127.000000,17.870497,-12.060717,16.348356,-12.853465,1.497115,0.884097
-1.000000,-3.000000,125.000000,20.740204,-8.456846,19.295988,-10.288537,1.737527,0.619919
-1.000000,-2.000000,128.000000,24.630104,-4.648711,22.892134,-6.399711,2.063407,0.340768
-10.000000,-1.000000,119.000000,26.708956,-0.228860,25.782932,-2.433102,2.237564,0.016776
-4.000000,-1.000000,116.000000,28.628618,4.319859,27.841824,2.173325,2.398386,-0.316662
-2.000000,0.000000,129.000000,28.995331,8.518192,28.885809,6.592421,2.429107,-0.624416
-8.000000,1.000000,130.000000,29.246904,12.369019,29.078518,10.594327,2.450183,-0.906696
-5.000000,2.000000,126.000000,29.948223,15.426958,29.601978,13.957883,2.508936,-1.130855
-6.000000,3.000000,116.000000,30.442360,19.331135,30.204571,17.396084,2.550333,-1.417046
-5.000000,3.000000,130.000000,31.620132,22.181620,31.184107,21.172504,2.649002,-1.625998
-4.000000,3.000000,124.000000,30.421642,23.103369,31.217144,22.875935,2.548598,-1.693565
-6.000000,2.000000,123.000000,28.111059,22.351110,29.391567,22.923103,2.355026,-1.638422
-7.000000,4.000000,122.000000,24.956882,19.992008,26.426533,21.174442,2.090783,-1.465491
-5.000000,4.000000,117.000000,24.919134,16.956732,24.609140,18.572842,2.087620,-1.242993
-5.000000,2.000000,116.000000,26.502504,14.167331,25.862350,15.450732,2.220268,-1.038520
-6.000000,4.000000,118.000000,26.703024,11.288579,26.663147,12.685436,2.237067,-0.827496
-4.000000,2.000000,120.000000,25.152365,8.506060,26.058533,9.788897,2.107160,-0.623527
-4.000000,1.000000,118.000000,22.431679,5.338686,23.726345,6.976855,1.879232,-0.391346
-7.000000,1.000000,110.000000,21.978216,1.928250,22.028225,3.536915,1.841243,-0.141348
-2.000000,0.000000,117.000000,22.314659,-0.919862,22.138462,0.379240,1.869428,0.067429
-4.000000,1.000000,117.000000,21.429684,-2.887305,22.105604,-2.075233,1.795289,0.211651
-8.000000,0.000000,125.000000,16.804304,-3.478527,19.332474,-3.368940,1.407794,0.254989
-3.000000,0.000000,116.000000,9.342373,-2.522135,12.857134,-3.191808,0.782665,0.184882
0.000000,0.000000,112.000000,-0.978147,0.138772,4.242661,-1.261704,-0.081945,-0.010172
0.000000,0.000000,119.000000,-13.628658,3.470392,-7.785048,1.987004,-1.141752,-0.254393
0.000000,1.000000,116.000000,-26.733110,4.951131,-20.376965,4.352135,-2.239588,-0.362937
0.000000,1.000000,116.000000,-42.369736,4.841334,-35.229942,5.171562,-3.549559,-0.354888
8.000000,0.000000,117.000000,-52.650124,1.617402,-48.267788,3.345750,-4.410806,-0.118562
11.000000,2.000000,105.000000,-56.419666,-0.890915,-55.039368,0.335699,-4.726603,0.065307
9.000000,0.000000,110.000000,-58.684315,-4.595746,-57.665901,-2.985655,-4.916326,0.336886
10.000000,-1.000000,114.000000,-59.680859,-6.834712,-59.395649,-5.706999,-4.999812,0.501010
11.000000,-1.000000,117.000000,-58.654430,-9.799562,-59.247192,-8.495892,-4.913822,0.718345
10.000000,-1.000000,110.000000,-55.467205,-10.870451,-57.179039,-10.554575,-4.646810,0.796846
12.000000,-2.000000,110.000000,-51.072746,-9.324134,-53.199505,-10.271542,-4.278660,0.683495
8.000000,-2.000000,120.000000,-46.293301,-7.797629,-48.462864,-8.496092,-3.878258,0.571596
8.000000,-1.000000,119.000000,-40.315731,-6.541012,-43.216042,-7.040834,-3.377482,0.479481
7.000000,-2.000000,120.000000,-33.227127,-5.933789,-36.736355,-6.344258,-2.783629,0.434969
6.000000,-3.000000,116.000000,-23.849297,-5.110784,-28.392948,-5.393691,-1.997994,0.374640
5.000000,-3.000000,112.000000,-15.071384,-4.690634,-19.033550,-4.909020,-1.262617,0.343841
3.000000,0.000000,124.000000,-7.898867,-4.462509,-11.138589,-4.569041,-0.661734,0.327119
3.000000,0.000000,125.000000,-2.227889,-4.663757,-4.790258,-4.513171,-0.186643,0.341871
1.000000,-2.000000,121.000000,3.124954,-4.094636,0.380548,-4.441163,0.261796,0.300152
-1.000000,-2.000000,111.000000,9.481407,-2.571857,6.582510,-3.410322,0.794312,0.188527
0.000000,-1.000000,118.000000,13.901239,0.578079,11.939018,-1.026366,1.164587,-0.042375
-3.000000,0.000000,123.000000,17.130539,5.005642,15.724976,2.855069,1.435125,-0.366933
-1.000000,0.000000,130.000000,18.892332,9.854863,18.084328,7.534250,1.582720,-0.722399
-2.000000,0.000000,124.000000,21.977175,14.649516,20.302198,12.440527,1.841156,-1.073866
-8.000000,5.000000,115.000000,27.597776,17.918562,24.883883,16.643751,2.312026,-1.313499
-5.000000,3.000000,120.000000,31.894670,19.526325,30.113897,18.857016,2.672002,-1.431354
-5.000000,3.000000,122.000000,34.680309,19.302073,33.382072,19.581743,2.905371,-1.414916
-7.000000,2.000000,124.000000,37.757843,18.551041,36.292835,18.961924,3.163194,-1.359862
-6.000000,3.000000,123.000000,40.927788,16.440653,39.466454,17.558708,3.428758,-1.205163
-9.000000,3.000000,115.000000,43.024220,14.284283,42.076191,15.104357,3.604388,-1.047093
-7.000000,2.000000,114.000000,45.281994,12.126107,44.123901,13.264537,3.793535,-0.888890
-8.000000,1.000000,118.000000,47.523602,8.902321,46.572823,10.461992,3.981328,-0.652574
-9.000000,3.000000,121.000000,47.825058,6.450266,47.903786,7.597694,4.006583,-0.472829
-8.000000,1.000000,114.000000,47.235657,5.005804,47.539196,5.579962,3.957205,-0.366945
-12.000000,2.000000,111.000000,48.105865,3.625476,47.466194,4.398036,4.030107,-0.265761
-10.000000,1.000000,114.000000,48.908863,1.214532,48.739239,2.368141,4.097379,-0.089030
-9.000000,0.000000,120.000000,47.218945,-1.339321,48.175297,-0.171392,3.955805,0.098177
-9.000000,0.000000,119.000000,43.730618,-1.899309,45.475147,-1.935712,3.663568,0.139227
-9.000000,0.000000,113.000000,40.288342,-0.913823,41.826668,-1.382915,3.375188,0.066987
-9.000000,0.000000,111.000000,37.345776,1.543128,38.806473,0.235512,3.128672,-0.113117
-9.000000,1.000000,114.000000,32.277225,4.096601,34.934753,2.987806,2.704051,-0.300297
-5.000000,1.000000,117.000000,26.589005,5.503692,29.099646,4.963604,2.227515,-0.403442
-3.000000,1.000000,122.000000,22.830780,6.726046,24.466496,6.074275,1.912667,-0.493045
-6.000000,1.000000,118.000000,21.115709,7.871641,21.761826,7.356696,1.768985,-0.577021
-5.000000,2.000000,113.000000,19.656927,8.935291,20.447680,8.436102,1.646775,-0.654991
-2.000000,1.000000,115.000000,17.138023,9.394254,18.330425,9.295003,1.435752,-0.688635
-3.000000,1.000000,116.000000,15.594392,8.499578,16.011568,8.851549,1.306433,-0.623052
-4.000000,2.000000,119.000000,18.320332,7.117509,16.508799,7.882407,1.534800,-0.521741
-4.000000,2.000000,112.000000,24.122879,5.000914,21.454748,6.063951,2.020914,-0.366586
-6.000000,2.000000,111.000000,25.614250,4.820063,25.330475,4.537040,2.145854,-0.353329
-5.000000,2.000000,118.000000,24.013351,7.486068,24.734278,6.188318,2.011738,-0.548757
-4.000000,1.000000,116.000000,23.678404,9.382202,23.765118,8.567980,1.983677,-0.687751
-3.000000,2.000000,111.000000,24.748339,10.080062,24.222931,9.946939,2.073312,-0.738907
-6.000000,2.000000,117.000000,24.418106,10.146894,24.817327,10.026708,2.045646,-0.743806
-6.000000,1.000000,112.000000,21.895420,11.454152,23.255074,10.706051,1.834306,-0.839633
-2.000000,2.000000,120.000000,18.685787,13.558814,20.136824,12.517492,1.565417,-0.993913
-4.000000,2.000000,114.000000,16.813084,14.750714,17.493206,14.355321,1.408530,-1.081284
-3.000000,2.000000,112.000000,15.844373,14.646681,16.272076,14.612570,1.327375,-1.073658
-4.000000,2.000000,108.000000,15.819800,15.363537,15.575046,15.072586,1.325316,-1.126206
-3.000000,4.000000,114.000000,18.024864,14.754081,17.060085,15.159998,1.510047,-1.081531
-2.000000,0.000000,114.000000,18.424055,14.766387,18.396805,14.675632,1.543490,-1.082433
-5.000000,4.000000,113.000000,18.672569,14.226220,18.472414,14.486525,1.564309,-1.042836
-5.000000,1.000000,112.000000,19.517370,12.477357,19.111500,13.483671,1.635083,-0.914638
-2.000000,2.000000,107.000000,20.346191,9.859011,19.985371,11.027700,1.704519,-0.722703
-5.000000,3.000000,113.000000,20.125607,8.215740,20.293125,8.924892,1.686039,-0.602245
-3.000000,0.000000,118.000000,19.419813,7.289675,19.867634,7.711015,1.626911,-0.534361
-5.000000,1.000000,116.000000,18.392269,7.002604,18.847326,7.095844,1.540827,-0.513318
-2.000000,0.000000,114.000000,17.446692,5.760056,17.845570,6.485513,1.461611,-0.422234
0.000000,1.000000,112.000000,15.768044,3.482833,16.716204,4.472485,1.320981,-0.255305
-6.000000,3.000000,113.000000,13.490008,1.748540,14.530409,2.622833,1.130136,-0.128175
-3.000000,0.000000,116.000000,11.050133,0.515824,12.170439,0.874142,0.925734,-0.037812
-3.000000,-1.000000,115.000000,8.444064,0.124945,9.710605,0.345975,0.707408,-0.009159
-2.000000,0.000000,110.000000,3.835750,-0.742696,6.291142,-0.267390,0.321343,0.054442
0.000000,0.000000,109.000000,-1.840414,-1.634023,0.694274,-1.196392,-0.154182,0.119780
0.000000,-2.000000,119.000000,-3.936071,-2.783137,-3.077393,-2.209144,-0.329747,0.204015
0.000000,0.000000,114.000000,-6.708740,-3.450596,-5.212057,-3.099684,-0.562030,0.252942
2.000000,-2.000000,112.000000,-11.429579,-5.063631,-9.037958,-4.203826,-0.957522,0.371184
2.000000,0.000000,117.000000,-16.854780,-6.991096,-14.353305,-6.184207,-1.412023,0.512474
4.000000,0.000000,108.000000,-21.285393,-8.196396,-19.243471,-7.671128,-1.783201,0.600827
3.000000,-1.000000,123.000000,-24.703938,-8.467193,-23.163029,-8.350764,-2.069592,0.620678
5.000000,-1.000000,113.000000,-26.468412,-8.567450,-25.672913,-8.552270,-2.217412,0.628027
6.000000,-1.000000,112.000000,-29.139120,-7.427835,-27.720230,-7.948472,-2.441153,0.544489
4.000000,-2.000000,111.000000,-32.513752,-6.242822,-30.950058,-6.869134,-2.723866,0.457623
10.000000,-1.000000,105.000000,-35.599915,-5.470934,-34.209297,-5.711932,-2.982411,0.401040
5.000000,-2.000000,113.000000,-37.109974,-5.453600,-36.577267,-5.396707,-3.108918,0.399770
8.000000,-2.000000,115.000000,-38.161156,-5.472411,-37.605511,-5.501756,-3.196981,0.401149
5.000000,-1.000000,112.000000,-41.038170,-5.959733,-39.510475,-5.671089,-3.438006,0.436871
10.000000,-2.000000,97.000000,-44.697289,-7.222637,-43.041878,-6.563237,-3.744551,0.529447
10.000000,0.000000,105.000000,-46.396328,-8.299840,-45.802422,-7.804125,-3.886890,0.608410
10.000000,-3.000000,116.000000,-46.753803,-10.069662,-46.683754,-9.067858,-3.916837,0.738145
10.000000,0.000000,107.000000,-45.218102,-12.210489,-46.079811,-11.312021,-3.788183,0.895076
7.000000,-2.000000,113.000000,-43.414230,-15.808621,-44.202499,-13.944468,-3.637062,1.158832
8.000000,-4.000000,108.000000,-42.328732,-18.909046,-42.837059,-17.556572,-3.546123,1.386105
9.000000,-4.000000,110.000000,-40.768036,-21.947216,-41.601227,-20.428539,-3.415375,1.608815
8.000000,-2.000000,113.000000,-38.452522,-25.633549,-39.519203,-23.851152,-3.221391,1.879037
6.000000,-4.000000,115.000000,-36.434010,-29.140881,-37.440590,-27.534145,-3.052288,2.136138
9.000000,-4.000000,119.000000,-33.166008,-29.192230,-34.830654,-29.555828,-2.778509,2.139902
5.000000,-5.000000,108.000000,-30.347370,-25.252995,-31.333700,-27.381138,-2.542375,1.851141
8.000000,-8.000000,114.000000,-32.501335,-19.940054,-31.359516,-22.556377,-2.722825,1.461682
5.000000,-2.000000,123.000000,-33.426804,-13.663035,-33.331078,-16.842083,-2.800357,1.001553
6.000000,-2.000000,115.000000,-33.078354,-4.200958,-33.108585,-8.718633,-2.771165,0.307946
6.000000,-1.000000,116.000000,-35.188931,3.715588,-33.965324,0.288709,-2.947981,-0.272367
6.000000,0.000000,109.000000,-38.297932,7.271893,-36.550056,5.982930,-3.208440,-0.533058
11.000000,1.000000,119.000000,-42.741753,10.057447,-40.711208,8.774668,-3.580724,-0.737249
8.000000,1.000000,121.000000,-44.681210,9.897503,-43.892303,10.457987,-3.743204,-0.725525
7.000000,2.000000,116.000000,-43.580585,5.207013,-44.378696,7.632627,-3.650998,-0.381694
8.000000,1.000000,114.000000,-41.033585,-0.647782,-42.360851,2.135504,-3.437621,0.047485
7.000000,0.000000,109.000000,-38.384277,-6.723798,-39.597908,-3.794857,-3.215673,0.492880
10.000000,-2.000000,119.000000,-36.233654,-11.336642,-37.326912,-9.290696,-3.035503,0.831019
5.000000,-2.000000,122.000000,-31.777079,-15.365922,-34.031780,-13.336673,-2.662150,1.126381
7.000000,-3.000000,122.000000,-28.297230,-19.204557,-29.777622,-17.609201,-2.370623,1.407768
6.000000,-2.000000,119.000000,-25.756678,-20.585855,-26.991266,-20.173092,-2.157786,1.509022
4.000000,-3.000000,110.000000,-22.384523,-20.146278,-24.043659,-20.314434,-1.875281,1.476799
6.000000,-5.000000,127.000000,-19.431761,-20.690855,-20.767380,-20.363689,-1.627911,1.516719
4.000000,-3.000000,130.000000,-16.938105,-21.440985,-18.067081,-21.214466,-1.419003,1.571706
3.000000,-3.000000,122.000000,-15.912234,-20.900728,-16.231386,-21.295752,-1.333060,1.532103
2.000000,-4.000000,118.000000,-15.880912,-17.879654,-15.810694,-19.490540,-1.330436,1.310647
3.000000,-4.000000,114.000000,-16.905231,-13.785371,-16.390993,-15.659039,-1.416249,1.010520
3.000000,-4.000000,131.000000,-18.382803,-11.551384,-17.634821,-12.459552,-1.540034,0.846761
3.000000,-1.000000,128.000000,-20.384457,-9.988762,-19.373320,-10.741438,-1.707724,0.732214
4.000000,-1.000000,127.000000,-22.453163,-8.999475,-21.672894,-9.562913,-1.881032,0.659696
4.000000,-2.000000,121.000000,-22.422071,-6.897231,-22.595440,-7.973325,-1.878427,0.505593
5.000000,-2.000000,126.000000,-20.924194,-4.422755,-21.806879,-5.539079,-1.752941,0.324205
3.000000,-1.000000,137.000000,-19.082947,-2.152596,-19.839687,-3.240913,-1.598689,0.157794
4.000000,0.000000,138.000000,-18.108885,-1.141188,-18.641998,-1.360942,-1.517086,0.083653
2.000000,0.000000,136.000000,-16.360365,-0.728542,-17.204853,-1.151560,-1.370603,0.053405
4.000000,0.000000,127.000000,-15.471112,0.740421,-15.782819,0.113466,-1.296105,-0.054276
2.000000,0.000000,129.000000,-15.375749,0.956127,-15.354245,0.993847,-1.288116,-0.070088
1.000000,0.000000,136.000000,-15.335231,0.192409,-15.317311,0.843478,-1.284721,-0.014104
4.000000,0.000000,145.000000,-10.756383,1.752827,-12.957899,1.366414,-0.901125,-0.128489
2.000000,0.000000,132.000000,-7.888585,2.162995,-8.998553,2.157069,-0.660873,-0.158556
1.000000,0.000000,125.000000,-6.479468,2.055480,-7.189178,2.009806,-0.542823,-0.150675
3.000000,0.000000,131.000000,-2.986918,2.873224,-4.923621,2.383917,-0.250231,-0.210618
0.000000,1.000000,133.000000,2.633853,3.924189,-0.078881,3.474967,0.220653,-0.287658
0.000000,1.000000,137.000000,6.834588,3.919219,5.092694,3.978631,0.572573,-0.287294
-2.000000,1.000000,133.000000,9.211472,3.647189,8.008110,3.868304,0.771698,-0.267353
-2.000000,0.000000,119.000000,12.388092,4.033905,10.825677,3.730435,1.037822,-0.295701
-2.000000,2.000000,131.000000,15.705834,5.247243,14.188452,4.634251,1.315769,-0.384643
-3.000000,1.000000,135.000000,17.478247,7.833000,16.740118,6.463269,1.464254,-0.574189
-3.000000,0.000000,139.000000,17.960281,10.436498,17.837864,9.203772,1.504637,-0.765035
-4.000000,2.000000,131.000000,16.598602,13.870988,17.313343,12.118870,1.390561,-1.016796
-3.000000,3.000000,118.000000,16.048962,17.314680,16.153545,15.735830,1.344515,-1.269232
-3.000000,3.000000,128.000000,16.490801,19.495119,16.338665,18.682878,1.381530,-1.429067
-3.000000,4.000000,131.000000,16.761341,19.157482,16.740559,19.507013,1.404195,-1.404317
-2.000000,3.000000,123.000000,17.180872,18.827396,16.646320,18.602392,1.439341,-1.380120
-3.000000,3.000000,124.000000,20.650776,19.693495,18.903187,19.099554,1.730035,-1.443609
-4.000000,4.000000,108.000000,26.574997,20.175030,23.895285,20.221966,2.226342,-1.478907
-8.000000,5.000000,125.000000,30.030437,19.151155,28.437572,19.881598,2.515824,-1.403853
-6.000000,3.000000,126.000000,31.397549,15.204508,30.936377,17.255924,2.630355,-1.114549
-6.000000,3.000000,120.000000,31.687279,11.760283,31.649006,13.336008,2.654627,-0.862074
-7.000000,2.000000,112.000000,31.979149,9.319168,31.881130,10.456686,2.679079,-0.683131
-4.000000,2.000000,99.000000,32.509846,6.810562,32.291534,8.051748,2.723538,-0.499240
-10.000000,3.000000,119.000000,32.796066,2.826798,32.688896,4.839365,2.747517,-0.207215
-4.000000,0.000000,115.000000,32.158787,-0.146226,32.575039,1.215050,2.694128,0.010719
-7.000000,1.000000,114.000000,29.564903,-2.663268,30.886257,-1.616312,2.476823,0.195228
-7.000000,0.000000,114.000000,26.685917,-4.414258,28.246155,-3.579704,2.235634,0.323582
-3.000000,0.000000,102.000000,20.678806,-6.253509,23.629955,-5.296757,1.732383,0.458406
-8.000000,0.000000,118.000000,15.950376,-7.818769,18.048660,-7.178700,1.336255,0.573146
-4.000000,-1.000000,121.000000,14.501774,-7.214864,14.852753,-7.618154,1.214898,0.528877
-1.000000,-1.000000,123.000000,13.094093,-7.005736,13.979709,-7.125337,1.096968,0.513547
-2.000000,-2.000000,110.000000,9.710883,-6.661746,11.363476,-6.838723,0.813537,0.488331
-2.000000,0.000000,119.000000,6.739351,-5.737497,8.140902,-6.097184,0.564595,0.420580
-1.000000,-1.000000,117.000000,5.564190,-4.605281,5.977738,-5.122251,0.466144,0.337585
-1.000000,0.000000,122.000000,3.590809,-2.391150,4.627401,-3.666363,0.300823,0.175280
-1.000000,0.000000,117.000000,0.982571,1.663791,2.149067,-0.368163,0.082316,-0.121962
0.000000,0.000000,109.000000,-0.213687,6.863774,0.191454,4.231989,-0.017902,-0.503141
0.000000,0.000000,115.000000,0.039421,12.977578,-0.081017,10.147210,0.003303,-0.951306
-1.000000,3.000000,112.000000,-2.115848,18.243595,-0.669236,15.888904,-0.177257,-1.337325
-1.000000,6.000000,112.000000,-7.408813,22.085793,-4.834172,20.408689,-0.620679,-1.618973
1.000000,2.000000,107.000000,-9.586363,25.327499,-9.057862,23.578495,-0.803105,-1.856603
2.000000,5.000000,107.000000,-8.317307,32.283543,-9.042092,28.561108,-0.696789,-2.366507
1.000000,8.000000,112.000000,-6.343097,39.872700,-7.301318,36.480637,-0.531398,-2.922821
0.000000,8.000000,110.000000,-4.821078,44.908710,-5.428741,42.877281,-0.403890,-3.291980
0.000000,9.000000,103.000000,-3.873868,46.148052,-4.352250,45.528999,-0.324536,-3.382829
0.000000,10.000000,101.000000,-4.071571,48.629532,-3.852411,47.435417,-0.341099,-3.564731
0.000000,7.000000,91.000000,-4.972843,51.441235,-4.625695,49.877190,-0.416604,-3.770839
0.000000,13.000000,98.000000,-5.137387,55.008770,-5.086240,53.465675,-0.430389,-4.032353
0.000000,10.000000,94.000000,-6.304363,57.717979,-5.618021,56.275471,-0.528153,-4.230949
0.000000,11.000000,94.000000,-9.011029,58.699471,-7.607680,58.401848,-0.754906,-4.302896
1.000000,9.000000,86.000000,-11.207807,58.717934,-10.258856,58.855938,-0.938943,-4.304249
3.000000,9.000000,77.000000,-12.390529,60.226074,-11.715376,59.314060,-1.038026,-4.414802
0.000000,15.000000,94.000000,-15.707494,62.146877,-13.973126,61.131763,-1.315908,-4.555604
3.000000,10.000000,92.000000,-18.575714,64.087250,-17.360559,63.137299,-1.556195,-4.697841
3.000000,11.000000,83.000000,-21.653267,64.946663,-20.258276,64.631851,-1.814020,-4.760839
3.000000,11.000000,86.000000,-25.056356,63.867287,-23.553659,64.510315,-2.099116,-4.681716
2.000000,12.000000,67.000000,-27.684977,61.700485,-26.748083,62.614826,-2.319331,-4.522882
4.000000,14.000000,88.000000,-24.902752,59.698463,-26.485743,60.711433,-2.086248,-4.376126
4.000000,10.000000,91.000000,-22.240705,56.592670,-23.214769,58.177742,-1.863233,-4.148459
5.000000,10.000000,87.000000,-20.680532,52.185993,-21.200710,54.300781,-1.732528,-3.825433
4.000000,8.000000,80.000000,-19.906860,46.970833,-20.500446,49.569805,-1.667713,-3.443142
3.000000,8.000000,65.000000,-15.514209,40.173393,-17.814512,43.471413,-1.299715,-2.944863
3.000000,9.000000,90.000000,-9.355489,33.824722,-12.384146,36.603310,-0.783764,-2.479482
1.000000,5.000000,96.000000,-4.308505,30.380735,-6.517090,31.894480,-0.360948,-2.227024
1.000000,3.000000,95.000000,-2.455871,25.126278,-3.032162,27.677525,-0.205743,-1.841852
1.000000,5.000000,74.000000,-2.820604,20.499123,-2.748812,22.428022,-0.236298,-1.502664
0.000000,4.000000,61.000000,-1.751951,17.425358,-2.220019,18.776817,-0.146771,-1.277345
0.000000,3.000000,92.000000,-1.507649,15.502461,-1.563237,16.348400,-0.126305,-1.136390
0.000000,2.000000,91.000000,-1.341577,14.933931,-1.388699,15.287096,-0.112392,-1.094714
2.000000,3.000000,89.000000,-2.121319,13.671983,-1.640437,14.414598,-0.177715,-1.002209
1.000000,2.000000,74.000000,-4.091912,9.766723,-3.169180,11.733487,-0.342803,-0.715938
0.000000,3.000000,61.000000,-5.009907,4.903197,-4.764526,7.198532,-0.419709,-0.359423
1.000000,1.000000,91.000000,-3.720398,-0.304757,-4.421597,2.140349,-0.311679,0.022340
0.000000,0.000000,90.000000,-0.835657,-6.791857,-2.202713,-3.578804,-0.070008,0.497869
0.000000,0.000000,84.000000,2.762607,-15.316027,0.994322,-10.903111,0.231440,1.122723
0.000000,-2.000000,70.000000,6.502357,-26.940882,4.709625,-21.300627,0.544740,1.974870
-1.000000,-4.000000,61.000000,10.054762,-39.782425,8.380988,-33.771629,0.842346,2.916204
-2.000000,-9.000000,100.000000,14.129388,-49.882607,12.069837,-45.434258,1.183701,3.656586
-2.000000,-8.000000,99.000000,18.440676,-55.859695,16.485828,-53.091774,1.544882,4.094729
-3.000000,-10.000000,94.000000,20.924332,-61.390640,19.923096,-58.880730,1.752953,4.500169
-2.000000,-12.000000,75.000000,21.868818,-65.395409,21.591656,-63.667858,1.832078,4.793734
-5.000000,-11.000000,65.000000,21.270010,-68.552971,21.665310,-67.024864,1.781912,5.025195
-5.000000,-14.000000,94.000000,20.747084,-68.929520,21.113501,-69.078049,1.738104,5.052797
-4.000000,-11.000000,96.000000,18.933550,-68.040848,19.830723,-68.214676,1.586173,4.987655
-3.000000,-11.000000,85.000000,19.332018,-69.222679,18.812092,-68.560104,1.619555,5.074287
-3.000000,-10.000000,79.000000,21.448408,-71.247375,20.542044,-70.266624,1.796858,5.222705
-3.000000,-12.000000,74.000000,22.805935,-72.511368,22.165148,-71.981476,1.910585,5.315361
-4.000000,-14.000000,100.000000,24.587425,-72.862549,23.845474,-72.878624,2.059831,5.341104
-3.000000,-12.000000,94.000000,25.305002,-72.094658,24.995970,-72.521866,2.119947,5.284814
-4.000000,-12.000000,92.000000,25.650499,-71.316528,25.545874,-71.744759,2.148891,5.227775
-4.000000,-12.000000,88.000000,25.159132,-69.281174,25.329340,-70.298561,2.107727,5.078575
-5.000000,-15.000000,105.000000,25.175665,-67.833458,25.054495,-68.463799,2.109112,4.972452
-5.000000,-11.000000,105.000000,26.083811,-66.357750,25.721262,-67.071907,2.185192,4.864277
-4.000000,-13.000000,105.000000,25.422718,-64.609756,26.009487,-65.626251,2.129808,4.736143
-4.000000,-11.000000,102.000000,24.478441,-64.095970,24.576893,-64.144432,2.050701,4.698480
-4.000000,-10.000000,104.000000,26.857353,-64.081963,25.565016,-64.253952,2.249996,4.697453
-5.000000,-15.000000,120.000000,28.733994,-64.737564,28.033218,-64.390915,2.407213,4.745512
-4.000000,-11.000000,118.000000,29.581106,-64.803146,29.149103,-64.951920,2.478181,4.750319
-4.000000,-12.000000,126.000000,30.195673,-63.456501,30.162878,-64.213501,2.529667,4.651604
-5.000000,-10.000000,121.000000,27.537464,-59.814518,28.914083,-61.568920,2.306973,4.384633
-4.000000,-10.000000,118.000000,26.268467,-56.109665,26.743738,-57.861061,2.200662,4.113053
-6.000000,-13.000000,119.000000,23.300644,-52.129967,24.972263,-54.015381,1.952030,3.821326
-3.000000,-9.000000,125.000000,19.488628,-47.628601,21.108288,-49.726528,1.632676,3.491359
-4.000000,-8.000000,121.000000,17.620415,-44.150158,18.447308,-45.656567,1.476164,3.236376
-2.000000,-8.000000,106.000000,16.240955,-40.543308,16.808214,-42.452934,1.360599,2.971980
-2.000000,-6.000000,110.000000,15.185354,-36.507809,15.786736,-38.184692,1.272165,2.676162
-4.000000,-9.000000,120.000000,12.765591,-31.483154,14.068281,-34.089989,1.069448,2.307836
-2.000000,-5.000000,113.000000,9.160489,-27.219343,10.798871,-29.054699,0.767427,1.995282
-2.000000,-3.000000,119.000000,8.227407,-23.900547,8.415034,-25.366877,0.689258,1.752001
-1.000000,-5.000000,104.000000,8.528547,-21.044317,8.463091,-22.311874,0.714486,1.542629
0.000000,-7.000000,103.000000,7.613157,-17.859972,8.081587,-19.463352,0.637798,1.309204
-2.000000,-1.000000,112.000000,6.639205,-15.792551,7.095305,-16.556807,0.556205,1.157655
-1.000000,-2.000000,109.000000,5.259415,-14.929781,6.013888,-15.339452,0.440612,1.094410
-1.000000,-4.000000,108.000000,4.168486,-13.485705,4.479222,-14.241979,0.349218,0.988554
-1.000000,-2.000000,105.000000,4.481751,-11.746361,4.344141,-12.611948,0.375462,0.861053
0.000000,-2.000000,108.000000,4.012103,-11.066334,4.244135,-11.301676,0.336117,0.811205
-1.000000,-4.000000,117.000000,2.820752,-10.612668,3.393395,-11.004576,0.236311,0.777949
-1.000000,0.000000,112.000000,2.109427,-8.026711,2.431390,-9.390879,0.176719,0.588389
0.000000,-1.000000,107.000000,0.945005,-3.497432,1.654245,-5.792130,0.079169,0.256375
0.000000,0.000000,109.000000,-2.011854,2.800887,-0.570709,-0.268819,-0.168545,-0.205316
0.000000,0.000000,104.000000,-5.320688,10.596826,-3.696824,6.798125,-0.445745,-0.776788
2.000000,0.000000,113.000000,-9.406349,20.538372,-7.374687,15.755313,-0.788024,-1.505541
1.000000,4.000000,112.000000,-15.998545,31.378363,-12.655616,26.215458,-1.340291,-2.300154
2.000000,6.000000,106.000000,-22.089600,42.766212,-19.409519,37.530590,-1.850574,-3.134927
4.000000,7.000000,108.000000,-27.768978,51.430000,-25.083630,47.554131,-2.326368,-3.770016
6.000000,14.000000,113.000000,-33.787209,58.399940,-30.966019,55.302635,-2.830550,-4.280939
5.000000,10.000000,114.000000,-38.992779,63.785069,-36.638592,61.361626,-3.266651,-4.675690
7.000000,11.000000,119.000000,-42.672646,67.625458,-41.027023,66.103065,-3.574935,-4.957205
6.000000,12.000000,127.000000,-44.818932,70.789528,-43.896660,69.165779,-3.754742,-5.189143
7.000000,12.000000,117.000000,-45.961285,72.834953,-45.554707,72.278770,-3.850443,-5.339081
9.000000,16.000000,133.000000,-44.790977,71.677078,-45.605106,72.407829,-3.752400,-5.254204
5.000000,12.000000,118.000000,-40.820816,67.031815,-42.630714,69.595078,-3.419797,-4.913688
6.000000,11.000000,118.000000,-36.517166,61.667980,-38.674908,63.861488,-3.059255,-4.520499
4.000000,11.000000,116.000000,-30.686823,57.944813,-33.486221,59.555481,-2.570813,-4.247577
5.000000,11.000000,104.000000,-25.017517,54.064312,-27.662292,55.839062,-2.095863,-3.963121
6.000000,10.000000,111.000000,-20.066765,48.590866,-22.437908,51.298409,-1.681109,-3.561897
1.000000,9.000000,105.000000,-15.775902,42.842209,-17.593067,45.553608,-1.321639,-3.140498
3.000000,5.000000,108.000000,-12.404187,37.965317,-13.950716,40.276344,-1.039171,-2.783003
2.000000,8.000000,103.000000,-10.355326,34.953373,-11.068639,36.198315,-0.867526,-2.562216
1.000000,7.000000,94.000000,-10.344315,32.979584,-10.264721,33.744568,-0.866603,-2.417530
3.000000,7.000000,103.000000,-10.997368,32.836456,-10.718701,32.878723,-0.921313,-2.407038
1.000000,7.000000,104.000000,-11.820683,33.388077,-11.343172,32.978321,-0.990287,-2.447474
3.000000,4.000000,99.000000,-13.027115,34.560795,-12.470810,34.042747,-1.091357,-2.533438
2.000000,7.000000,91.000000,-15.087192,36.914413,-13.998166,35.652672,-1.263942,-2.705968
2.000000,5.000000,87.000000,-17.266211,40.500530,-16.215992,38.722034,-1.446491,-2.968844
4.000000,10.000000,99.000000,-19.986643,46.061260,-18.723438,43.504005,-1.674397,-3.376467
3.000000,6.000000,96.000000,-22.188040,50.313465,-21.194416,48.531105,-1.858821,-3.688170
4.000000,9.000000,89.000000,-22.895531,50.693993,-22.749081,50.768776,-1.918091,-3.716063
4.000000,7.000000,78.000000,-22.723795,49.385853,-22.743536,50.045937,-1.903704,-3.620172
4.000000,8.000000,77.000000,-21.767128,46.560097,-22.355970,48.118305,-1.823559,-3.413033
4.000000,11.000000,92.000000,-18.908802,42.613068,-20.321480,44.531330,-1.584100,-3.123701
3.000000,6.000000,93.000000,-16.345282,38.868984,-17.499523,40.550941,-1.369339,-2.849245
2.000000,7.000000,95.000000,-14.976402,36.185169,-15.490488,37.441753,-1.254660,-2.652512
2.000000,6.000000,82.000000,-15.122562,32.193924,-15.002977,34.140511,-1.266905,-2.359938
2.000000,5.000000,69.000000,-12.784051,29.057728,-14.056511,30.473408,-1.070994,-2.130043
3.000000,7.000000,92.000000,-10.433375,26.891296,-11.407929,27.809896,-0.874064,-1.971235
2.000000,4.000000,99.000000,-9.337166,25.472179,-9.869627,26.136215,-0.782229,-1.867208
1.000000,4.000000,89.000000,-8.741931,24.175549,-8.920859,24.600342,-0.732362,-1.772160
2.000000,5.000000,75.000000,-9.103204,24.488663,-8.926621,24.230978,-0.762628,-1.795113
2.000000,3.000000,67.000000,-8.506985,24.302761,-9.039563,24.494295,-0.712679,-1.781485
1.000000,6.000000,102.000000,-6.132579,22.853458,-7.180417,23.561581,-0.513762,-1.675246
2.000000,6.000000,102.000000,-5.118400,20.736025,-5.558246,21.824886,-0.428798,-1.520030
1.000000,3.000000,94.000000,-4.941281,19.152151,-4.993060,19.724628,-0.413960,-1.403926
1.000000,1.000000,72.000000,-4.830812,18.241377,-4.923938,18.710024,-0.404705,-1.337163
1.000000,4.000000,65.000000,-4.129703,14.625448,-4.500741,16.567707,-0.345969,-1.072101
0.000000,3.000000,97.000000,-1.157410,8.229067,-2.864337,11.425142,-0.096963,-0.603222
0.000000,1.000000,100.000000,3.762523,-1.290653,1.408485,3.327260,0.315208,0.094610
0.000000,0.000000,84.000000,9.322475,-12.321774,6.562095,-6.987483,0.780998,0.903233
-2.000000,0.000000,77.000000,15.424778,-25.247654,12.649439,-18.918346,1.292223,1.850750
-2.000000,-4.000000,64.000000,20.967091,-38.706451,18.335972,-32.498707,1.756535,2.837331
-4.000000,-9.000000,97.000000,27.003277,-50.663933,24.101566,-45.261875,2.262221,3.713860
-5.000000,-9.000000,98.000000,33.151512,-59.731762,30.358175,-55.636292,2.777295,4.378567
-6.000000,-10.000000,84.000000,37.064247,-68.977982,35.344727,-64.841110,3.105087,5.056350
-5.000000,-11.000000,77.000000,40.178551,-74.679115,38.816887,-72.364021,3.365991,5.474265
-5.000000,-12.000000,74.000000,41.785671,-78.931236,41.221672,-77.062561,3.500628,5.785962
-7.000000,-18.000000,97.000000,41.393616,-81.217567,41.527641,-80.589340,3.467783,5.953559
-7.000000,-14.000000,99.000000,41.994545,-80.312004,41.653366,-80.949554,3.518126,5.887177
-5.000000,-13.000000,92.000000,41.470779,-77.898346,41.986839,-79.138687,3.474248,5.710247
-7.000000,-12.000000,84.000000,37.425598,-74.146133,39.505669,-76.013779,3.135360,5.435195
-8.000000,-16.000000,105.000000,32.555424,-70.111641,34.793072,-71.899574,2.727357,5.139451
-5.000000,-11.000000,102.000000,28.822186,-66.183746,30.521130,-67.911552,2.414602,4.851522
-4.000000,-11.000000,104.000000,27.922798,-63.092495,28.245291,-64.370468,2.339255,4.624921
-4.000000,-10.000000,102.000000,28.303204,-62.180664,27.916336,-62.622894,2.371124,4.558081
-4.000000,-11.000000,100.000000,28.916227,-60.515751,28.799383,-61.361919,2.422480,4.436036
-7.000000,-14.000000,122.000000,27.994064,-59.921204,28.499817,-59.926857,2.345225,4.392454
-3.000000,-10.000000,115.000000,28.109314,-60.843666,28.037647,-60.353100,2.354880,4.460073
-5.000000,-10.000000,122.000000,26.685556,-62.755505,27.353210,-61.895679,2.235604,4.600219
-4.000000,-11.000000,120.000000,26.794348,-64.071075,26.469320,-63.509987,2.244718,4.696655
-4.000000,-10.000000,117.000000,28.657606,-62.989021,27.887943,-63.743958,2.400814,4.617336
-6.000000,-13.000000,128.000000,27.974396,-59.389118,28.526318,-61.222969,2.343577,4.353450
-4.000000,-11.000000,125.000000,25.700565,-52.684254,26.836802,-56.046165,2.153085,3.861957
-4.000000,-9.000000,118.000000,20.531101,-44.640770,23.226650,-48.574471,1.720009,3.272339
-3.000000,-7.000000,112.000000,14.582803,-34.460716,17.103992,-39.434673,1.221686,2.526102
-2.000000,-5.000000,109.000000,12.166426,-22.265732,13.168404,-28.097580,1.019252,1.632163
-3.000000,-9.000000,114.000000,6.634911,-9.526852,9.726671,-15.541788,0.555845,0.698355
-1.000000,0.000000,116.000000,-1.857509,2.856074,2.123857,-2.919875,-0.155614,-0.209361
-1.000000,1.000000,116.000000,-9.681128,14.887444,-5.983128,9.350428,-0.811044,-1.091307
1.000000,3.000000,111.000000,-17.142664,26.588873,-13.740939,21.117641,-1.436140,-1.949066
3.000000,4.000000,114.000000,-22.914280,38.447998,-20.171299,32.885826,-1.919662,-2.818385
5.000000,10.000000,123.000000,-29.730717,50.119465,-26.379227,44.841984,-2.490715,-3.673949
5.000000,8.000000,123.000000,-37.306076,61.251999,-33.749859,55.891945,-3.125346,-4.490006
7.000000,10.000000,124.000000,-45.416103,72.841499,-41.620285,67.464798,-3.804771,-5.339561
6.000000,12.000000,122.000000,-51.880451,83.133911,-48.974056,78.736404,-4.346326,-6.094034
7.000000,14.000000,111.000000,-55.760891,89.099396,-54.146912,86.679703,-4.671413,-6.531327
12.000000,20.000000,112.000000,-56.869953,89.790405,-56.447655,90.117477,-4.764326,-6.581980
9.000000,15.000000,110.000000,-57.983669,86.042358,-57.432453,88.214066,-4.857628,-6.307234
9.000000,15.000000,105.000000,-56.728729,79.306892,-57.735832,82.497932,-4.752495,-5.813498
9.000000,14.000000,92.000000,-50.159847,71.537956,-53.559631,75.514381,-4.202181,-5.244006
7.000000,11.000000,85.000000,-42.245441,61.640842,-45.937054,66.506432,-3.539146,-4.518510
9.000000,14.000000,99.000000,-34.050812,50.161201,-37.931175,55.514229,-2.852634,-3.677008
5.000000,9.000000,98.000000,-25.117737,38.487625,-29.423126,43.928917,-2.104259,-2.821290
4.000000,6.000000,88.000000,-15.543660,26.877747,-20.023304,32.327511,-1.302183,-1.970242
2.000000,5.000000,86.000000,-6.664461,16.046423,-10.703530,21.040396,-0.558321,-1.176264
1.000000,2.000000,85.000000,0.204338,6.795114,-2.946369,10.964837,0.017119,-0.498108
0.000000,2.000000,100.000000,8.068625,-3.127102,4.085088,1.871578,0.675956,0.229229
0.000000,0.000000,95.000000,18.887066,-18.370501,13.648827,-10.717093,1.582279,1.346628
-4.000000,-2.000000,89.000000,30.588493,-36.238735,25.005680,-27.880087,2.562576,2.656438
-5.000000,-6.000000,90.000000,43.654877,-52.794529,37.246223,-45.059174,3.657222,3.870041
-9.000000,-8.000000,89.000000,58.340843,-68.651550,51.827766,-61.412086,4.887551,5.032421
-12.000000,-15.000000,102.000000,69.910362,-83.835411,64.653854,-76.645058,5.856796,6.145456
-12.000000,-15.000000,105.000000,77.365417,-96.712769,74.284714,-91.129105,6.481349,7.089417
-12.000000,-16.000000,102.000000,81.107216,-101.457603,79.645462,-99.690414,6.794822,7.437231
-13.000000,-16.000000,108.000000,81.346443,-101.845490,81.327011,-102.265579,6.814864,7.465664
-17.000000,-22.000000,127.000000,76.554497,-94.544838,79.332397,-98.735519,6.413415,6.930499
-12.000000,-15.000000,128.000000,66.813965,-79.883247,71.876328,-87.208046,5.597394,5.855748
-12.000000,-12.000000,121.000000,51.905640,-58.313164,59.281879,-69.014389,4.348436,4.274578
-9.000000,-11.000000,116.000000,33.178013,-31.918495,42.181526,-44.847012,2.779515,2.339748
-5.000000,-4.000000,110.000000,9.823498,-0.202075,21.344017,-15.587645,0.822971,0.014813
-1.000000,0.000000,121.000000,-12.333443,29.583691,-2.448761,16.252752,-1.033244,-2.168598
2.000000,4.000000,118.000000,-30.895372,55.461479,-22.313023,43.330315,-2.588284,-4.065538
6.000000,9.000000,123.000000,-49.586872,78.757294,-40.801216,68.073334,-4.154180,-5.773211
7.000000,14.000000,122.000000,-64.014694,96.809067,-57.826141,88.983810,-5.362882,-7.096475
10.000000,15.000000,110.000000,-72.843628,108.063911,-69.157463,103.244675,-6.102533,-7.921498
14.000000,24.000000,116.000000,-77.947945,112.511131,-75.686661,111.034073,-6.530151,-8.247497
11.000000,19.000000,103.000000,-79.405647,110.264717,-79.193642,111.801086,-6.652272,-8.082825
10.000000,19.000000,103.000000,-74.285309,102.286636,-77.329926,106.493019,-6.223311,-7.498002
12.000000,16.000000,92.000000,-62.777439,89.984650,-68.708275,96.234573,-5.259230,-6.596220
10.000000,16.000000,80.000000,-47.743515,70.227417,-54.915710,80.172302,-3.999751,-5.147939
7.000000,15.000000,91.000000,-31.898001,44.676102,-39.395573,57.104401,-2.672281,-3.274929
5.000000,7.000000,96.000000,-14.026397,17.727606,-22.650005,30.337479,-1.175073,-1.299501
1.000000,3.000000,86.000000,7.500577,-8.788567,-2.861204,3.624341,0.628367,0.644236
0.000000,-2.000000,80.000000,28.959705,-35.499016,19.167562,-22.953167,2.426122,2.602214
-6.000000,-4.000000,78.000000,46.145439,-61.112057,38.363487,-49.403694,3.865871,4.479748
-11.000000,-14.000000,105.000000,57.938690,-81.348618,52.900196,-72.425674,4.853860,5.963164
-9.000000,-15.000000,104.000000,65.302841,-93.043037,62.116840,-88.179176,5.470798,6.820411
-10.000000,-17.000000,99.000000,68.767265,-99.044731,67.567245,-96.546936,5.761033,7.260357
-9.000000,-17.000000,100.000000,66.792915,-101.388435,68.149574,-100.469177,5.595630,7.432160
-11.000000,-16.000000,98.000000,61.408676,-96.887550,64.365669,-99.686623,5.144561,7.102228
-13.000000,-22.000000,122.000000,53.248753,-86.575966,57.103325,-92.185402,4.460957,6.346350
-7.000000,-14.000000,128.000000,45.055702,-70.088135,48.929058,-78.193314,3.774578,5.137728
-7.000000,-12.000000,122.000000,35.225208,-48.232643,40.389534,-59.011486,2.951020,3.535637
-4.000000,-7.000000,120.000000,18.952343,-21.878668,27.274845,-34.297371,1.587748,1.603790
-3.000000,-6.000000,115.000000,-0.968826,5.178170,8.397292,-7.801636,-0.081164,-0.379580
0.000000,0.000000,133.000000,-21.278868,33.267059,-11.748473,20.086512,-1.782654,-2.438603
3.000000,6.000000,122.000000,-40.125866,59.610291,-31.592108,47.341515,-3.361577,-4.369662
7.000000,10.000000,123.000000,-56.511753,81.358963,-48.954498,71.696533,-4.734317,-5.963923
7.000000,13.000000,108.000000,-70.992065,97.676514,-64.375778,90.444992,-5.947417,-7.160062
10.000000,17.000000,104.000000,-83.287697,110.412270,-77.770737,104.734474,-6.977494,-8.093642
16.000000,25.000000,104.000000,-89.268486,118.271835,-87.144905,115.032753,-7.478539,-8.669778
13.000000,20.000000,102.000000,-89.697258,118.475533,-89.761215,119.212868,-7.514460,-8.684710
13.000000,19.000000,87.000000,-83.912636,107.566353,-87.350037,113.954727,-7.029849,-7.885025
10.000000,18.000000,78.000000,-72.529694,86.925972,-77.946617,97.085739,-6.076233,-6.372007
8.000000,15.000000,76.000000,-55.814243,59.348125,-64.530167,73.028465,-4.675883,-4.350445
13.000000,13.000000,100.000000,-31.355829,26.700485,-43.420616,42.483898,-2.626860,-1.957248
3.000000,5.000000,92.000000,-1.275021,-9.291291,-15.866262,7.789981,-0.106816,0.681087
0.000000,-1.000000,84.000000,28.583654,-45.658344,14.861908,-28.504795,2.394619,3.346931
-4.000000,-6.000000,79.000000,52.053181,-76.058838,41.491432,-62.673851,4.360797,5.575404
-8.000000,-12.000000,77.000000,70.253868,-95.162148,62.214069,-87.083237,5.885573,6.975749
-17.000000,-23.000000,101.000000,78.959045,-104.150764,75.826073,-100.652206,6.614858,7.634649
-12.000000,-16.000000,100.000000,79.790466,-104.995743,79.731163,-105.158714,6.684510,7.696590
-13.000000,-17.000000,101.000000,76.919495,-100.890953,78.709450,-103.221634,6.443993,7.395692
-12.000000,-16.000000,101.000000,67.413414,-90.719879,72.380051,-96.101685,5.647613,6.650114
-14.000000,-21.000000,118.000000,53.912468,-74.803917,60.544518,-82.553085,4.516560,5.483413
-8.000000,-14.000000,127.000000,37.418007,-52.692726,45.328197,-63.769234,3.134723,3.862579
-5.000000,-8.000000,128.000000,19.599640,-24.668987,28.106182,-38.131424,1.641976,1.808331
-2.000000,-5.000000,119.000000,-1.810872,7.135985,8.304270,-7.742267,-0.151707,-0.523095
0.000000,0.000000,115.000000,-21.245329,35.192032,-12.164373,22.167353,-1.779845,-2.579711
4.000000,6.000000,113.000000,-38.955521,59.889683,-30.754749,48.404827,-3.263530,-4.390143
6.000000,10.000000,118.000000,-54.699295,81.502167,-47.376900,71.698364,-4.582477,-5.974421
9.000000,15.000000,115.000000,-67.947327,97.886627,-61.943748,90.728226,-5.692342,-7.175464
12.000000,17.000000,103.000000,-77.041901,107.407753,-73.249496,103.412460,-6.454247,-7.873399
12.000000,17.000000,90.000000,-79.460213,110.032616,-78.947449,109.564926,-6.656843,-8.065811
15.000000,23.000000,96.000000,-74.585930,102.082100,-77.426743,106.797203,-6.248496,-7.483008
9.000000,16.000000,94.000000,-63.010231,84.437752,-68.876846,93.347900,-5.278732,-6.189610
11.000000,13.000000,87.000000,-49.726700,62.913342,-56.093903,73.292816,-4.165894,-4.611789
10.000000,9.000000,81.000000,-32.645721,36.965282,-41.053261,49.537743,-2.734921,-2.709697
4.000000,7.000000,70.000000,-10.004708,7.523349,-21.143955,21.454769,-0.838152,-0.551490
4.000000,1.000000,95.000000,12.997582,-21.280006,2.511480,-7.756361,1.088883,1.559906
-3.000000,-3.000000,98.000000,32.287819,-48.116402,23.383951,-35.920265,2.704938,3.527116
-4.000000,-7.000000,90.000000,49.783268,-71.628098,41.652611,-60.603386,4.170633,5.250614
-7.000000,-13.000000,82.000000,65.092644,-90.873482,57.749573,-81.919846,5.453188,6.661375
-11.000000,-12.000000,84.000000,77.835388,-105.659386,72.246155,-99.215523,6.520722,7.745237
-18.000000,-22.000000,101.000000,85.439522,-114.707222,82.291092,-110.866837,7.157764,8.408479
-13.000000,-19.000000,108.000000,87.232063,-117.446465,86.855698,-116.685081,7.307936,8.609275
-13.000000,-20.000000,105.000000,83.273407,-113.514603,85.710251,-116.178040,6.976296,8.321054
-14.000000,-20.000000,112.000000,74.296486,-99.910149,78.864250,-106.981277,6.224247,7.323796
-11.000000,-17.000000,115.000000,60.056957,-78.232544,67.239960,-89.482834,5.031320,5.734745
-12.000000,-16.000000,124.000000,39.087460,-49.273647,49.334969,-63.403149,3.274583,3.611947
-5.000000,-7.000000,126.000000,12.746242,-13.015814,25.530388,-30.568634,1.067827,0.954109
-6.000000,0.000000,120.000000,-13.767461,23.085754,-1.516445,6.611141,-1.153380,-1.692274
1.000000,2.000000,115.000000,-39.744602,55.278088,-27.682087,40.397366,-3.329636,-4.052095
6.000000,9.000000,117.000000,-59.889877,82.528008,-51.129982,70.236008,-5.017322,-6.049618
12.000000,20.000000,118.000000,-73.703194,102.005043,-67.643738,93.544846,-6.174544,-7.477360
10.000000,17.000000,109.000000,-83.810280,114.451012,-79.321342,108.987610,-7.021273,-8.389697
12.000000,21.000000,100.000000,-87.642693,118.852692,-86.531937,117.573036,-7.342337,-8.712357
12.000000,20.000000,87.000000,-84.238617,114.685959,-86.534836,117.428299,-7.057158,-8.406919
12.000000,21.000000,86.000000,-71.542122,99.211952,-78.352150,107.676048,-5.993498,-7.272616
11.000000,20.000000,95.000000,-53.553699,74.620087,-62.271126,86.691742,-4.486504,-5.469938
7.000000,11.000000,93.000000,-32.558903,44.109669,-42.902061,59.073112,-2.727648,-3.233407
3.000000,7.000000,86.000000,-5.756755,6.734183,-18.805855,24.703121,-0.482277,-0.493641
1.000000,2.000000,79.000000,22.102066,-30.345970,9.213144,-12.795654,1.851618,2.224476
-1.000000,-4.000000,81.000000,46.561157,-63.940498,35.271202,-48.598244,3.900698,4.687083
-9.000000,-13.000000,98.000000,65.868591,-89.670158,57.469482,-78.376747,5.518194,6.573165
-10.000000,-15.000000,103.000000,77.499634,-106.393059,72.677513,-98.928551,6.492594,7.799018
-12.000000,-17.000000,98.000000,81.692284,-115.112427,80.286011,-111.844162,6.843836,8.438181
-12.000000,-20.000000,98.000000,79.956734,-113.870468,81.075943,-115.146385,6.698439,8.347141
-16.000000,-26.000000,126.000000,74.113037,-106.968697,77.442642,-110.453735,6.208879,7.841215
-10.000000,-17.000000,129.000000,63.156296,-94.644173,68.515320,-101.008392,5.290969,6.937780
-8.000000,-15.000000,126.000000,48.350662,-71.793396,55.595634,-82.961914,4.050615,5.262731
-8.000000,-13.000000,110.000000,30.748598,-42.808918,39.166435,-57.157978,2.575988,3.138057
-3.000000,-7.000000,104.000000,10.996853,-12.223015,20.734535,-26.724527,0.921270,0.895994
-3.000000,-3.000000,119.000000,-12.752270,19.466013,-1.188874,4.529441,-1.068332,-1.426933
1.000000,3.000000,126.000000,-36.948147,49.565380,-25.558563,35.449821,-3.095361,-3.633332
6.000000,8.000000,120.000000,-59.951214,77.668587,-49.250572,64.751907,-5.022461,-5.693404
11.000000,12.000000,117.000000,-79.064018,101.230690,-70.458305,90.373169,-6.623652,-7.420598
11.000000,17.000000,104.000000,-92.539627,119.936241,-86.677452,111.568619,-7.752581,-8.791785
19.000000,27.000000,107.000000,-99.811394,131.654282,-96.927544,126.892006,-8.361779,-9.650763
16.000000,23.000000,99.000000,-100.923706,133.277618,-100.849319,133.407562,-8.454965,-9.769760
16.000000,23.000000,89.000000,-95.992165,125.535210,-98.828857,129.996078,-8.041821,-9.202211
15.000000,21.000000,85.000000,-84.158470,106.158356,-90.466248,116.205444,-7.050444,-7.781813
13.000000,17.000000,75.000000,-64.409218,78.024849,-74.403488,91.905891,-5.395934,-5.719520
8.000000,13.000000,73.000000,-35.022614,38.982262,-49.710533,58.388966,-2.934048,-2.857549
7.000000,9.000000,100.000000,5.122528,-12.560336,-14.653811,12.502520,0.429144,0.920721
0.000000,-1.000000,100.000000,43.018944,-61.533310,25.540785,-38.509922,3.603947,4.510627
-7.000000,-10.000000,79.000000,74.691772,-104.877808,60.127186,-85.288910,6.257363,7.687945
-11.000000,-16.000000,83.000000,97.733498,-134.421265,87.574348,-121.427322,8.187702,9.853593
-23.000000,-29.000000,99.000000,109.667656,-149.022110,104.962906,-143.406998,9.187496,10.923890
-18.000000,-24.000000,111.000000,110.988235,-148.039444,111.377441,-149.816971,9.298128,10.851858
-16.000000,-23.000000,115.000000,100.722641,-134.041367,106.397842,-141.508286,8.438120,9.825745
-14.000000,-23.000000,114.000000,83.498428,-112.756714,91.936020,-123.545609,6.995148,8.265498
-11.000000,-20.000000,114.000000,63.149948,-81.752106,73.075935,-97.299767,5.290438,5.992742
-12.000000,-19.000000,128.000000,32.240280,-41.603085,47.901245,-61.274345,2.700955,3.049665
-5.000000,-5.000000,124.000000,-2.656630,1.693603,13.307879,-18.227352,-0.222561,-0.124148
0.000000,0.000000,123.000000,-33.485023,43.149578,-19.227039,23.807343,-2.805235,-3.163029
5.000000,6.000000,116.000000,-58.672955,78.337524,-47.428234,62.638744,-4.915374,-5.742441
9.000000,12.000000,109.000000,-76.719780,104.641457,-68.807068,92.900627,-6.427261,-7.670619
16.000000,23.000000,107.000000,-89.998611,122.553169,-83.777596,114.836266,-7.539706,-8.983616
14.000000,21.000000,108.000000,-98.427757,130.217255,-95.113396,127.659889,-8.245865,-9.545423
15.000000,23.000000,97.000000,-96.323746,126.841522,-98.206520,129.164719,-8.069599,-9.297969
13.000000,22.000000,83.000000,-85.668724,113.949318,-91.383987,121.133545,-7.176966,-8.352921
12.000000,19.000000,79.000000,-66.108475,88.872765,-76.254318,101.986168,-5.538291,-6.514714
13.000000,19.000000,91.000000,-37.667229,50.548798,-51.750172,69.631973,-3.155602,-3.705420
5.000000,8.000000,84.000000,-3.702891,2.529267,-20.080448,26.004963,-0.310213,-0.185405
0.000000,0.000000,94.000000,33.574741,-48.629623,15.600019,-24.699097,2.812751,3.564738
-3.000000,-7.000000,79.000000,69.948601,-93.410042,53.292736,-73.072800,5.860000,6.847314
-12.000000,-13.000000,82.000000,93.949448,-125.516228,83.889580,-111.547623,7.870690,9.200820
-19.000000,-28.000000,103.000000,104.127960,-142.157166,100.537163,-135.758820,8.723404,10.420664
-18.000000,-24.000000,103.000000,101.635971,-141.661255,103.543800,-143.445633,8.514635,10.384313
-17.000000,-24.000000,106.000000,90.723770,-128.013947,96.592781,-135.281769,7.600456,9.383912
-13.000000,-22.000000,107.000000,70.249176,-103.065842,80.516182,-115.729774,5.885181,7.555120
-13.000000,-23.000000,120.000000,44.512558,-65.348099,57.275433,-83.752945,3.729075,4.790266
-6.000000,-12.000000,126.000000,7.183491,-13.731433,25.229212,-38.761505,0.601803,1.006567
-1.000000,-1.000000,124.000000,-28.862627,36.348423,-12.172788,13.225151,-2.417989,-2.664478
4.000000,4.000000,121.000000,-60.121593,80.289474,-45.823566,59.839405,-5.036735,-5.885525
10.000000,13.000000,112.000000,-83.881851,116.608269,-73.096939,100.377876,-7.027269,-8.547832
19.000000,28.000000,120.000000,-98.554131,139.000183,-92.650963,129.649139,-8.256452,-10.189245
16.000000,24.000000,103.000000,-100.839142,142.631943,-100.783798,142.647797,-8.447880,-10.455467
17.000000,23.000000,94.000000,-85.506813,122.882111,-94.364052,134.808197,-7.163402,-9.007730
12.000000,22.000000,81.000000,-58.126019,82.136093,-71.589043,102.193863,-4.869554,-6.020890
9.000000,13.000000,81.000000,-21.460459,27.360739,-39.957405,54.697502,-1.797867,-2.005647
3.000000,4.000000,86.000000,24.239172,-35.046497,2.560010,-5.780342,2.030656,2.569042
-4.000000,-6.000000,96.000000,63.051220,-88.853607,46.053062,-64.704597,5.282166,6.513310
-10.000000,-13.000000,94.000000,84.945984,-122.648598,75.814346,-108.867798,7.116418,8.990611
-14.000000,-21.000000,105.000000,92.791443,-134.414825,90.488747,-130.538300,7.773677,9.853121
-16.000000,-23.000000,100.000000,86.306816,-125.095917,90.062012,-131.371063,7.230423,9.170010
-17.000000,-30.000000,129.000000,68.231827,-95.194267,78.146896,-110.865524,5.716176,6.978104
-9.000000,-17.000000,124.000000,42.161667,-51.427296,55.110512,-73.240723,3.532127,3.769818
-4.000000,-7.000000,126.000000,2.091560,3.277008,22.347694,-23.928349,0.175222,-0.240217
0.000000,0.000000,120.000000,-37.485279,57.145653,-19.334642,32.586128,-3.140359,-4.188995
3.000000,9.000000,111.000000,-73.288078,101.839264,-56.684338,81.044907,-6.139767,-7.465208
15.000000,23.000000,109.000000,-94.562477,132.046616,-86.162766,119.679649,-7.922047,-9.679522
14.000000,22.000000,103.000000,-101.816460,140.732819,-99.311234,138.095840,-8.529756,-10.316255
16.000000,23.000000,96.000000,-91.405479,128.046234,-98.408676,136.432938,-7.657567,-9.386279
13.000000,22.000000,84.000000,-57.892868,82.993744,-74.835770,106.061302,-4.850021,-6.083759
8.000000,14.000000,78.000000,-14.492651,22.233444,-36.192219,52.174408,-1.214134,-1.629797
1.000000,4.000000,87.000000,39.784298,-47.461868,13.997274,-14.818197,3.332961,3.479136
-6.000000,-8.000000,97.000000,87.937660,-107.551109,66.632950,-80.703171,7.367048,7.883908
-14.000000,-19.000000,102.000000,114.840691,-147.444275,104.039932,-130.444183,9.620871,10.808229
-21.000000,-24.000000,107.000000,124.172699,-164.212463,121.241844,-158.369720,10.402667,12.037402
-20.000000,-25.000000,102.000000,117.094345,-156.739853,121.746994,-162.376678,9.809672,11.489630
-23.000000,-33.000000,120.000000,96.022453,-127.232399,107.311020,-142.508728,8.044357,9.326622
-13.000000,-20.000000,121.000000,65.277809,-83.447159,80.139832,-105.208519,5.468700,6.116996
-8.000000,-14.000000,122.000000,25.210995,-28.579052,45.922482,-56.208202,2.112071,2.094954
-3.000000,-3.000000,116.000000,-25.907808,37.256107,-2.367659,6.754410,-2.170448,-2.731015
1.000000,4.000000,117.000000,-66.659569,90.828056,-47.725788,66.199356,-5.584459,-6.658044
14.000000,17.000000,131.000000,-99.398705,132.479385,-85.013092,113.808395,-8.327207,-9.711246
18.000000,22.000000,118.000000,-115.255432,158.364136,-109.105812,147.617523,-9.655617,-11.608697
18.000000,25.000000,105.000000,-118.626816,166.705338,-117.874657,164.448395,-9.938056,-12.220139
17.000000,27.000000,93.000000,-111.457901,154.764984,-116.035355,162.008713,-9.337476,-11.344866
16.000000,24.000000,80.000000,-90.143135,125.198700,-100.925133,140.408218,-7.551813,-9.177544
16.000000,28.000000,91.000000,-60.736557,79.136642,-75.748695,102.471298,-5.088253,-5.801019
8.000000,9.000000,93.000000,-13.423409,9.618627,-37.087128,44.119808,-1.124557,-0.705082
3.000000,1.000000,89.000000,43.969715,-68.915848,16.968296,-32.259022,3.683598,5.051795
-7.000000,-9.000000,83.000000,93.140640,-137.517380,71.226280,-106.758385,7.802932,10.080550
-16.000000,-22.000000,89.000000,124.103531,-183.341522,112.121887,-165.238861,10.396873,13.439634
-26.000000,-37.000000,115.000000,127.797119,-193.088348,127.805275,-190.713333,10.706306,14.154116
-18.000000,-32.000000,115.000000,117.725822,-173.749496,123.263123,-185.644867,9.862575,12.736504
-16.000000,-26.000000,126.000000,92.146851,-129.031891,105.968140,-151.796234,7.719676,9.458531
-14.000000,-22.000000,115.000000,50.403919,-70.361923,71.160629,-98.954803,4.222629,5.157798
-8.000000,-11.000000,112.000000,-0.453807,-1.989781,24.406139,-35.286846,-0.038018,0.145859
0.000000,0.000000,123.000000,-54.568657,71.865448,-29.720270,37.353432,-4.571533,-5.268013
9.000000,10.000000,122.000000,-90.451004,125.017471,-74.794968,101.683456,-7.577605,-9.164260
14.000000,20.000000,116.000000,-115.978279,159.828079,-104.839500,144.836319,-9.716173,-11.716010
19.000000,25.000000,96.000000,-127.050560,173.620026,-123.236832,168.973969,-10.643764,-12.727013
27.000000,37.000000,103.000000,-119.822067,163.210434,-124.413170,170.169785,-10.038190,-11.963950
17.000000,24.000000,95.000000,-102.972786,135.224762,-111.698914,149.578629,-8.626628,-9.912493
14.000000,23.000000,95.000000,-69.630630,88.771729,-87.080589,112.569031,-5.833362,-6.507307
10.000000,14.000000,85.000000,-20.593239,23.906988,-44.614414,55.138897,-1.725215,-1.752474
2.000000,5.000000,73.000000,37.109104,-46.814392,9.785102,-13.222773,3.108845,3.431674
-6.000000,-9.000000,91.000000,82.548500,-103.401543,62.255348,-78.128220,6.915567,7.579729
-13.000000,-20.000000,97.000000,110.407181,-139.919357,98.550934,-124.112350,9.249450,10.256624
-19.000000,-24.000000,111.000000,124.007423,-160.981888,118.469070,-152.600266,10.388821,11.800588
-20.000000,-26.000000,108.000000,127.756447,-160.915787,126.680954,-162.553223,10.702899,11.795743
-17.000000,-25.000000,110.000000,116.743484,-141.127625,123.565659,-152.398132,9.780279,10.345195
-23.000000,-30.000000,126.000000,85.729301,-102.476540,101.658272,-122.214401,7.182042,7.511923
-10.000000,-17.000000,118.000000,46.392517,-50.832577,65.532005,-76.032677,3.886570,3.726222
-6.000000,-5.000000,119.000000,3.042280,5.966156,23.845409,-21.011496,0.254869,-0.437342
-1.000000,0.000000,115.000000,-41.791718,63.090839,-21.019135,36.538952,-3.501135,-4.624800
6.000000,8.000000,116.000000,-73.783356,107.694214,-59.955585,88.343987,-6.181260,-7.894398
15.000000,24.000000,123.000000,-96.566582,136.823730,-86.503113,124.221336,-8.089943,-10.029703
15.000000,24.000000,115.000000,-108.566628,150.973419,-103.956543,145.516159,-9.095256,-11.066930
19.000000,24.000000,100.000000,-108.446625,150.303436,-109.638321,151.899170,-9.085203,-11.017817
17.000000,24.000000,94.000000,-95.445068,132.810974,-102.540016,142.469757,-7.995987,-9.735553
15.000000,22.000000,77.000000,-75.411293,103.064140,-85.354813,118.270142,-6.317641,-7.554996
13.000000,24.000000,88.000000,-47.881012,59.926971,-61.742077,81.413826,-4.011271,-4.392876
7.000000,8.000000,93.000000,-8.966019,4.893077,-28.458124,32.032158,-0.751135,-0.358681
5.000000,0.000000,89.000000,37.785095,-57.466923,15.335485,-27.716915,3.165477,4.212545
-4.000000,-9.000000,82.000000,82.408653,-118.092529,61.773701,-90.171303,6.903851,8.656634
-13.000000,-20.000000,89.000000,114.257256,-160.399246,100.699989,-141.858490,9.571993,11.757878
-23.000000,-35.000000,109.000000,130.573364,-181.608887,123.832886,-173.142670,10.938888,13.312627
-18.000000,-31.000000,123.000000,134.694443,-183.583878,133.935608,-184.653671,11.284134,13.457401
-17.000000,-30.000000,125.000000,120.747528,-163.194366,128.833466,-174.560532,10.115721,11.962770
-17.000000,-26.000000,112.000000,94.269112,-123.072144,107.758385,-143.321289,7.897470,9.021659
-14.000000,-20.000000,109.000000,51.823441,-68.059174,73.388969,-95.017319,4.341550,4.988998
-9.000000,-14.000000,117.000000,-4.207447,3.044803,23.018368,-30.711227,-0.352482,-0.223196
0.000000,0.000000,115.000000,-56.491859,70.732574,-33.522991,39.851692,-4.732651,-5.184968
9.000000,11.000000,122.000000,-93.567047,122.205551,-77.303841,99.373924,-7.838655,-8.958135
15.000000,21.000000,117.000000,-117.815781,158.435944,-107.729263,143.238861,-9.870111,-11.613961
19.000000,25.000000,111.000000,-129.214493,173.834946,-125.038162,168.242249,-10.825047,-12.742767
24.000000,36.000000,111.000000,-126.590042,170.434479,-128.696564,173.576141,-10.605182,-12.493500
17.000000,27.000000,95.000000,-112.013008,148.692795,-120.052994,160.330536,-9.383979,-10.899751
16.000000,23.000000,86.000000,-85.251472,111.744644,-98.866234,130.788101,-7.142010,-8.191310
11.000000,19.000000,82.000000,-46.957851,60.395870,-66.130150,85.761169,-3.933932,-4.427248
7.000000,11.000000,80.000000,-0.318429,-2.356813,-22.778597,28.076031,-0.026677,0.172763
0.000000,0.000000,93.000000,45.796688,-66.925262,24.322567,-36.748859,3.836654,4.905878
-6.000000,-11.000000,97.000000,81.996147,-115.309135,66.085236,-94.158501,6.869293,8.452600
-12.000000,-19.000000,97.000000,104.613693,-146.108780,94.986076,-132.999069,8.764096,10.710333
-15.000000,-24.000000,100.000000,112.652107,-157.497971,110.106606,-153.743057,9.437521,11.545203
-20.000000,-33.000000,122.000000,106.373535,-150.418900,110.620888,-155.347412,8.911529,11.026280
-15.000000,-25.000000,129.000000,86.721413,-124.469810,97.152802,-138.097321,7.265155,9.124114
-13.000000,-21.000000,125.000000,55.505878,-84.590607,70.726212,-104.489243,4.650050,6.200815
-8.000000,-15.000000,122.000000,17.617336,-28.986078,36.362064,-56.417519,1.475906,2.124791
-2.000000,-5.000000,118.000000,-24.963736,32.015873,-4.623855,2.799398,-2.091357,-2.346886
4.000000,6.000000,126.000000,-64.368095,89.388771,-46.213520,62.720589,-5.392489,-6.552539
12.000000,15.000000,123.000000,-96.872910,135.783081,-82.008232,115.186691,-8.115605,-9.953420
15.000000,22.000000,117.000000,-120.037331,164.791550,-110.091187,152.455353,-10.056224,-12.079852
19.000000,25.000000,101.000000,-127.078903,172.714325,-125.239639,171.137238,-10.646137,-12.660621
18.000000,27.000000,85.000000,-118.678291,155.147812,-123.612892,165.442413,-9.942369,-11.372929
23.000000,32.000000,82.000000,-98.209045,121.655823,-109.204208,138.454849,-8.227542,-8.917837
15.000000,20.000000,93.000000,-63.529457,71.267525,-81.061417,96.777481,-5.322231,-5.224183
8.000000,13.000000,86.000000,-11.999181,5.527110,-37.820183,37.632008,-1.005241,-0.405158
2.000000,0.000000,88.000000,41.310890,-63.332890,17.091925,-31.585138,3.460853,4.642543
-5.000000,-9.000000,86.000000,82.246063,-116.760513,64.089584,-93.015579,6.890230,8.558992
-17.000000,-25.000000,96.000000,106.553665,-148.036057,96.456161,-135.247589,8.926619,10.851610
-16.000000,-26.000000,107.000000,116.311287,-154.943008,113.027260,-153.637695,9.744071,11.357915
-18.000000,-25.000000,113.000000,111.051003,-140.400543,114.808517,-148.635132,9.303387,10.291897
-17.000000,-24.000000,114.000000,94.709877,-115.599495,102.980469,-128.272659,7.934396,8.473886
-15.000000,-20.000000,121.000000,71.217400,-81.433434,83.129135,-98.314285,5.966294,5.969382
-15.000000,-19.000000,130.000000,38.478416,-37.867451,54.967934,-59.485828,3.223560,2.775829
-5.000000,-5.000000,124.000000,-2.378798,14.519411,17.268322,-10.537991,-0.199286,-1.064328
0.000000,2.000000,121.000000,-41.011169,63.376766,-22.996490,40.971489,-3.435744,-4.645760
5.000000,10.000000,128.000000,-72.908508,100.510727,-58.311962,84.048866,-6.107969,-7.367821
10.000000,17.000000,116.000000,-98.465965,128.505768,-87.049919,115.736000,-8.249065,-9.419965
19.000000,29.000000,115.000000,-110.887978,145.733536,-106.264160,138.787170,-9.289729,-10.682826
18.000000,24.000000,99.000000,-109.668442,146.886414,-111.186752,148.032898,-9.187561,-10.767336
16.000000,23.000000,89.000000,-97.447487,128.914642,-104.277451,138.946396,-8.163741,-9.449936
16.000000,23.000000,83.000000,-70.758141,92.231453,-84.433464,110.808571,-5.927820,-6.760919
10.000000,16.000000,70.000000,-33.086727,41.453373,-52.138489,66.130417,-2.771867,-3.038691
5.000000,8.000000,95.000000,13.265296,-16.320852,-8.695419,11.051580,1.111311,1.196381
0.000000,-3.000000,96.000000,54.284069,-68.938271,35.771042,-45.187401,4.547691,5.053439
-9.000000,-11.000000,98.000000,86.157707,-110.791275,72.744827,-92.538361,7.217931,8.121425
-10.000000,-18.000000,92.000000,102.657463,-134.196899,95.582687,-124.747147,8.600211,9.837147
-15.000000,-24.000000,94.000000,110.822533,-142.100372,107.837318,-139.502808,9.284246,10.416501
-24.000000,-32.000000,114.000000,106.215736,-134.738129,109.498978,-139.369492,8.898309,9.876821
-16.000000,-23.000000,128.000000,90.036842,-116.637062,98.348488,-126.106529,7.542909,8.549943
-12.000000,-21.000000,129.000000,67.540581,-88.372314,78.809402,-102.650833,5.658267,6.478028
-9.000000,-15.000000,121.000000,40.369160,-51.816486,53.643967,-69.517029,3.381959,3.798347
-7.000000,-11.000000,114.000000,7.920400,-5.828091,23.282654,-27.955759,0.663538,0.427221
0.000000,0.000000,126.000000,-27.126917,40.318100,-10.380532,18.935278,-2.272579,-2.955471
3.000000,7.000000,124.000000,-59.715805,81.218216,-45.153698,62.726379,-5.002739,-5.953607
9.000000,13.000000,119.000000,-84.977516,114.970589,-73.679626,99.887383,-7.119059,-8.427784
14.000000,19.000000,106.000000,-104.153511,141.012787,-95.760986,129.699066,-8.725544,-10.336777
17.000000,23.000000,102.000000,-117.836784,157.356354,-112.044876,150.655411,-9.871871,-11.534824
25.000000,33.000000,94.000000,-118.982147,158.033966,-119.728661,159.283539,-9.967825,-11.584495
18.000000,24.000000,92.000000,-106.398758,140.875259,-113.466995,150.382736,-8.913641,-10.326695
17.000000,23.000000,88.000000,-79.741333,106.561813,-93.366913,124.242271,-6.680394,-7.811388
12.000000,17.000000,73.000000,-43.394482,55.705719,-61.068031,80.903137,-3.635408,-4.083442
4.000000,10.000000,73.000000,3.706849,-4.552222,-19.253700,24.293968,0.310544,0.333695
0.000000,0.000000,92.000000,51.337925,-63.651512,29.670895,-36.767670,4.300876,4.665899
-8.000000,-10.000000,94.000000,87.645920,-108.160652,71.670242,-88.826103,7.342607,7.928589
-16.000000,-16.000000,91.000000,108.258987,-136.349426,99.789856,-124.551048,9.069484,9.994934
-19.000000,-22.000000,92.000000,114.651482,-146.317657,112.845581,-143.041748,9.605020,10.725644
-22.000000,-32.000000,110.000000,111.337341,-141.660767,113.541458,-144.790161,9.327374,10.384275
-17.000000,-24.000000,111.000000,98.527283,-127.028069,105.142662,-135.033981,8.254202,9.311644
-15.000000,-22.000000,123.000000,79.764938,-100.285713,89.066689,-113.774742,6.682372,7.351327
-12.000000,-17.000000,125.000000,54.949902,-63.760139,66.938614,-81.280121,4.603472,4.673862
-6.000000,-10.000000,116.000000,23.723177,-21.120136,38.768017,-41.466446,1.987428,1.548187
-6.000000,-1.000000,122.000000,-12.777137,24.409477,4.578666,3.142239,-1.070415,-1.789308
3.000000,3.000000,126.000000,-52.006721,70.034721,-33.575630,48.837158,-4.356905,-5.133813
8.000000,10.000000,119.000000,-83.392662,107.568001,-69.305252,90.640434,-6.986287,-7.885146
13.000000,20.000000,113.000000,-108.782547,137.040924,-97.561714,124.082932,-9.113344,-10.045624
17.000000,23.000000,99.000000,-122.979874,153.357788,-117.343163,147.051147,-10.302738,-11.241713
26.000000,33.000000,94.000000,-125.553452,152.672073,-125.390732,154.236359,-10.518341,-11.191447
18.000000,23.000000,98.000000,-113.051926,135.162125,-120.281151,145.285690,-9.471016,-9.907902
16.000000,22.000000,87.000000,-84.838959,97.425781,-99.538063,116.445229,-7.107451,-7.141683
10.000000,15.000000,87.000000,-39.191780,40.860268,-61.642067,68.796860,-3.283323,-2.995214
7.000000,6.000000,84.000000,8.268112,-18.453159,-13.667661,8.793036,0.692668,1.352687
0.000000,-1.000000,73.000000,52.828445,-69.319252,32.434044,-46.183983,4.425745,5.081367
-13.000000,-15.000000,99.000000,85.977951,-107.274841,71.637726,-90.745140,7.202872,7.863657
-16.000000,-21.000000,100.000000,105.184975,-129.169495,97.221672,-120.335838,8.811956,9.468618
-15.000000,-23.000000,97.000000,113.102097,-137.403015,110.373512,-134.750687,9.475219,10.072166
-18.000000,-24.000000,99.000000,110.461838,-132.424881,112.604820,-135.854080,9.254029,9.707251
-22.000000,-30.000000,107.000000,97.246445,-114.493141,104.081665,-123.626060,8.146898,8.392785
-14.000000,-22.000000,123.000000,74.922516,-87.626427,85.657440,-100.496216,6.276694,6.423352
-11.000000,-16.000000,124.000000,50.036327,-59.694134,61.891876,-72.745247,4.191833,4.375809
-7.000000,-11.000000,122.000000,24.737646,-29.328114,36.640327,-43.802898,2.072416,2.149863
-5.000000,-6.000000,121.000000,-0.027144,1.161276,11.373034,-12.949608,-0.002274,-0.085126
0.000000,0.000000,123.000000,-19.629469,25.621370,-11.024172,14.891820,-1.644475,-1.878145
2.000000,3.000000,127.000000,-31.838598,40.375328,-26.700653,34.240944,-2.667304,-2.959666
4.000000,6.000000,121.000000,-36.363052,46.858017,-34.938847,44.473656,-3.046344,-3.434872
7.000000,9.000000,119.000000,-32.847557,42.676102,-34.856094,45.751026,-2.751830,-3.128321
4.000000,7.000000,110.000000,-26.969967,30.819971,-29.905584,36.760765,-2.259431,-2.259222
5.000000,8.000000,114.000000,-18.672239,16.951694,-22.796749,23.358349,-1.564282,-1.242624
2.000000,2.000000,116.000000,-8.739444,5.331067,-13.295438,10.503260,-0.732154,-0.390788
1.000000,0.000000,119.000000,-0.825167,-3.713476,-4.417451,0.245907,-0.069129,0.272212
0.000000,0.000000,107.000000,4.560625,-10.629253,2.371934,-7.710395,0.382070,0.779165
0.000000,-1.000000,108.000000,6.488428,-15.098317,5.858377,-13.263094,0.543573,1.106764
0.000000,-3.000000,115.000000,6.336455,-14.162107,6.463508,-15.063746,0.530842,1.038137
-1.000000,-3.000000,122.000000,6.428180,-10.615336,6.401144,-12.379597,0.538526,0.778145
-2.000000,-2.000000,122.000000,3.734580,-7.049476,5.277255,-8.800889,0.312867,0.516754
-1.000000,-1.000000,115.000000,1.023191,-2.387506,2.031938,-4.536725,0.085719,0.175013
0.000000,0.000000,106.000000,-0.005722,2.046142,0.579125,-0.068895,-0.000479,-0.149990
0.000000,0.000000,119.000000,-2.444525,4.756470,-1.344196,3.582034,-0.204792,-0.348667
0.000000,0.000000,118.000000,-2.676465,6.489117,-2.767476,5.871857,-0.224223,-0.475677
0.000000,1.000000,116.000000,-2.184003,5.802039,-2.379516,6.332601,-0.182967,-0.425312
1.000000,1.000000,109.000000,-2.883157,3.769473,-2.474839,4.495717,-0.241539,-0.276317
1.000000,1.000000,111.000000,-2.723806,2.254593,-2.976514,3.034983,-0.228189,-0.165270
1.000000,0.000000,119.000000,-1.253998,2.032004,-1.923180,2.022672,-0.105055,-0.148954
0.000000,0.000000,114.000000,-1.575751,1.914649,-1.197549,1.905310,-0.132010,-0.140351
0.000000,1.000000,117.000000,-2.446819,2.402228,-2.171884,2.259572,-0.204984,-0.176092
0.000000,0.000000,112.000000,-2.498336,2.089371,-2.521540,2.209129,-0.209300,-0.153159
0.000000,0.000000,111.000000,-1.327428,2.393546,-1.980221,2.092515,-0.111206,-0.175456
1.000000,1.000000,115.000000,-1.048298,3.389616,-1.090253,2.897130,-0.087822,-0.248472
0.000000,0.000000,118.000000,0.080638,4.699504,-0.565791,4.081614,0.006756,-0.344492
0.000000,1.000000,113.000000,1.687104,6.002157,0.987416,5.343938,0.141339,-0.439981
0.000000,2.000000,105.000000,3.092178,8.761930,2.437258,7.296231,0.259050,-0.642283
-2.000000,2.000000,109.000000,4.203120,12.702062,3.698371,10.751001,0.352120,-0.931110
0.000000,2.000000,111.000000,7.258533,17.692453,5.474837,15.167521,0.608089,-1.296925
-2.000000,4.000000,113.000000,14.915136,23.277143,11.154637,20.803076,1.249528,-1.706304
-3.000000,6.000000,110.000000,21.742670,27.976280,18.808702,25.778286,1.821509,-2.050768
-3.000000,4.000000,104.000000,24.004261,32.830376,23.326256,30.613266,2.010976,-2.406592
-7.000000,8.000000,113.000000,24.936491,35.586254,24.438061,34.431583,2.089075,-2.608609
-4.000000,6.000000,106.000000,26.855066,36.681068,25.742371,36.327053,2.249805,-2.688863
-3.000000,7.000000,109.000000,29.525879,34.520916,28.537390,35.800301,2.473554,-2.530515
-5.000000,7.000000,102.000000,28.938000,31.740860,29.345661,32.971115,2.424304,-2.326726
-5.000000,4.000000,103.000000,28.029989,29.117489,28.533051,30.363852,2.348235,-2.134423
-8.000000,9.000000,103.000000,24.976917,25.888201,26.515295,27.469482,2.092461,-1.897704
-3.000000,3.000000,107.000000,22.310951,21.858500,23.490715,23.760801,1.869118,-1.602311
-3.000000,3.000000,107.000000,19.624191,17.370144,21.052988,19.602116,1.644032,-1.273298
-6.000000,2.000000,101.000000,16.442236,11.610656,17.913513,14.433446,1.377462,-0.851106
-4.000000,2.000000,92.000000,11.746136,7.239312,14.258707,9.008126,0.984042,-0.530669
-1.000000,1.000000,101.000000,3.138113,4.509509,7.461009,5.761189,0.262898,-0.330564
0.000000,1.000000,110.000000,-4.581802,1.839591,-1.159410,3.104200,-0.383844,-0.134849
0.000000,0.000000,100.000000,-10.302032,-1.798447,-7.826537,0.038513,-0.863061,0.131833
0.000000,0.000000,103.000000,-14.429446,-7.284911,-12.343080,-4.586030,-1.208838,0.534012
2.000000,0.000000,101.000000,-22.846704,-13.432925,-18.553158,-10.564803,-1.914001,0.984685
7.000000,-3.000000,100.000000,-34.054867,-19.747663,-28.647221,-16.718868,-2.852974,1.447579
5.000000,-4.000000,105.000000,-46.999214,-27.302616,-40.795631,-23.692211,-3.937397,2.001386
8.000000,-5.000000,105.000000,-59.495968,-35.652981,-53.877876,-31.650126,-4.984323,2.613500
11.000000,-4.000000,106.000000,-68.719810,-44.716469,-64.751694,-40.452213,-5.757057,3.277888
12.000000,-5.000000,97.000000,-74.274345,-54.032467,-72.077759,-49.808502,-6.222393,3.960787
16.000000,-10.000000,107.000000,-75.680969,-61.025002,-75.225853,-57.933281,-6.340234,4.473366
14.000000,-12.000000,115.000000,-72.379555,-66.155693,-74.578087,-64.027687,-6.063655,4.849465
15.000000,-11.000000,113.000000,-66.136154,-67.963448,-68.954018,-67.291550,-5.540609,4.981981
11.000000,-11.000000,123.000000,-56.093697,-63.165077,-61.476147,-66.234360,-4.699294,4.630242
10.000000,-11.000000,117.000000,-41.444550,-52.727962,-48.602119,-57.908550,-3.472050,3.865161
8.000000,-13.000000,125.000000,-28.264935,-41.045998,-33.954506,-46.565422,-2.367918,3.008829
5.000000,-8.000000,127.000000,-19.293383,-25.895885,-23.484333,-33.504902,-1.616318,1.898268
2.000000,-3.000000,128.000000,-10.245733,-8.946241,-14.479452,-16.809488,-0.858345,0.655794
1.000000,-1.000000,131.000000,-2.925908,6.927559,-6.071086,-0.319323,-0.245120,-0.507817
0.000000,0.000000,115.000000,2.453598,20.438850,0.016839,14.313766,0.205552,-1.498246
0.000000,4.000000,123.000000,9.504569,32.060818,5.894090,26.868336,0.796253,-2.350180
-1.000000,5.000000,127.000000,18.873564,39.863068,14.354312,36.557648,1.581148,-2.922115
-3.000000,8.000000,127.000000,29.609993,44.235302,24.456671,42.435951,2.480601,-3.242617
-5.000000,9.000000,116.000000,43.370068,45.096943,36.634148,45.114738,3.633362,-3.305779
-8.000000,10.000000,105.000000,56.652271,43.856693,50.584862,44.347473,4.746089,-3.214863
-14.000000,9.000000,115.000000,67.340141,42.690346,62.384888,43.258308,5.641474,-3.129366
-12.000000,7.000000,115.000000,77.695633,41.316105,72.793289,41.992764,6.509014,-3.028629
-12.000000,6.000000,109.000000,84.280243,37.399300,81.840790,39.560410,7.060645,-2.741512
-15.000000,6.000000,104.000000,86.043724,34.438858,85.363335,35.541660,7.208382,-2.524500
-16.000000,5.000000,101.000000,89.223038,35.982807,87.543854,34.852867,7.474732,-2.637678
-20.000000,8.000000,102.000000,91.750511,38.522751,91.009132,37.428349,7.686472,-2.823865
-15.000000,6.000000,103.000000,89.159584,40.015896,90.724152,39.414143,7.469416,-2.933318
-16.000000,7.000000,109.000000,80.792770,42.656677,85.309601,41.227425,6.768479,-3.126898
-13.000000,5.000000,104.000000,66.926926,47.159496,73.672852,44.779591,5.606856,-3.456971
-14.000000,8.000000,96.000000,48.998116,50.305706,57.738396,49.186394,4.104856,-3.687601
-13.000000,10.000000,97.000000,30.173662,50.700184,39.194344,51.084309,2.527823,-3.716517
-6.000000,8.000000,96.000000,12.108249,46.359028,20.366550,48.746223,1.014378,-3.398294
0.000000,8.000000,94.000000,-2.493207,38.499958,4.058188,42.499928,-0.208870,-2.822194
1.000000,5.000000,89.000000,-14.754748,25.240013,-9.536819,31.676733,-1.236091,-1.850190
3.000000,8.000000,92.000000,-23.203112,9.267932,-19.335493,17.085964,-1.943859,-0.679375
2.000000,0.000000,95.000000,-30.152563,-7.662069,-26.955048,0.343817,-2.526055,0.561659
8.000000,-1.000000,93.000000,-34.243755,-25.932837,-32.547764,-17.098888,-2.868798,1.900976
8.000000,-4.000000,93.000000,-39.263031,-43.940880,-36.551079,-35.897144,-3.289292,3.221035
5.000000,-7.000000,95.000000,-48.159435,-56.748940,-43.800163,-51.162567,-4.034595,4.159914
12.000000,-14.000000,94.000000,-56.782013,-64.944283,-52.887169,-61.429249,-4.756959,4.760664
10.000000,-11.000000,98.000000,-63.343651,-67.990456,-60.535450,-67.138794,-5.306665,4.983961
14.000000,-10.000000,103.000000,-66.105255,-66.959160,-65.059174,-67.586632,-5.538021,4.908362
12.000000,-12.000000,111.000000,-68.330215,-65.282944,-67.249619,-66.168518,-5.724419,4.785490
14.000000,-11.000000,100.000000,-70.928535,-63.147720,-69.638779,-64.100136,-5.942095,4.628970
20.000000,-14.000000,109.000000,-73.434242,-60.196964,-72.343163,-61.607491,-6.152013,4.412668
12.000000,-9.000000,116.000000,-73.012566,-55.888313,-73.464066,-58.030792,-6.116686,4.096828
12.000000,-9.000000,118.000000,-71.665459,-51.856712,-72.337311,-53.659462,-6.003832,3.801295
12.000000,-8.000000,120.000000,-70.158417,-48.588997,-70.934509,-49.916199,-5.877577,3.561759
12.000000,-8.000000,117.000000,-67.140175,-44.392124,-68.801300,-46.686443,-5.624722,3.254112
16.000000,-10.000000,118.000000,-61.957150,-35.206127,-64.547211,-39.906006,-5.190510,2.580744
10.000000,-6.000000,121.000000,-56.128738,-27.057966,-59.030128,-30.678061,-4.702230,1.983452
10.000000,-5.000000,131.000000,-49.819878,-23.076626,-52.775887,-24.811123,-4.173700,1.691605
9.000000,-2.000000,127.000000,-42.771904,-17.240215,-45.790237,-19.823391,-3.583250,1.263774
8.000000,-4.000000,123.000000,-36.479156,-12.699886,-39.647705,-14.738548,-3.056071,0.930950
9.000000,-3.000000,125.000000,-27.911301,-7.855541,-32.004738,-10.262228,-2.338292,0.575841
4.000000,-1.000000,129.000000,-20.194256,-3.978582,-23.646730,-5.438287,-1.691790,0.291645
4.000000,-1.000000,132.000000,-13.219595,-5.335166,-16.713306,-4.443381,-1.107482,0.391088
2.000000,-1.000000,135.000000,-2.719639,-7.572949,-7.723221,-6.503080,-0.227840,0.555126
1.000000,-1.000000,133.000000,8.928908,-7.679070,3.439505,-7.908795,0.748026,0.562905
-1.000000,-1.000000,127.000000,18.065168,-4.465911,14.000488,-6.148057,1.513424,0.327368
-3.000000,0.000000,140.000000,26.891109,0.764356,22.560141,-1.882052,2.252824,-0.056030
-5.000000,0.000000,134.000000,37.341747,8.229731,32.193195,4.391069,3.128335,-0.603271
-8.000000,3.000000,128.000000,46.629410,15.812531,42.496666,12.319020,3.906416,-1.159119
-9.000000,3.000000,123.000000,51.565296,21.203543,49.670044,19.033131,4.319924,-1.554301
-11.000000,4.000000,119.000000,52.490101,22.929859,52.300224,22.360760,4.397400,-1.680847
-11.000000,5.000000,125.000000,51.826633,25.026262,52.157665,23.771732,4.341817,-1.834521
-8.000000,3.000000,126.000000,53.525276,29.678652,52.446136,27.436554,4.484123,-2.175559
-9.000000,4.000000,127.000000,54.882294,34.163647,54.456280,32.186016,4.597808,-2.504326
-10.000000,5.000000,120.000000,54.297314,39.139206,54.744690,36.672188,4.548801,-2.869054
-12.000000,7.000000,127.000000,53.476120,44.523003,53.574768,41.958935,4.480005,-3.263706
-8.000000,8.000000,124.000000,56.237610,50.972843,54.751720,47.805931,4.711351,-3.736504
-12.000000,10.000000,118.000000,60.085224,57.716599,58.218567,54.697624,5.033688,-4.230847
-11.000000,10.000000,113.000000,62.777920,61.415001,61.733582,59.949005,5.259271,-4.501955
-12.000000,10.000000,105.000000,62.411774,62.549969,62.777992,62.266552,5.228597,-4.585152
-15.000000,13.000000,99.000000,63.220844,59.995068,62.469788,61.470726,5.296377,-4.397868
-12.000000,10.000000,100.000000,68.539406,56.728165,65.910500,58.213482,5.741943,-4.158391
-11.000000,9.000000,101.000000,73.218140,53.601154,71.484016,55.392387,6.133909,-3.929169
-16.000000,8.000000,99.000000,71.300713,45.048637,72.730621,49.291126,5.973274,-3.302238
-16.000000,9.000000,90.000000,67.237305,37.238682,69.057426,40.695114,5.632859,-2.729738
-11.000000,7.000000,99.000000,64.768051,33.496040,65.874954,35.005573,5.425995,-2.455388
-12.000000,4.000000,94.000000,64.821854,31.448051,64.707703,32.573769,5.430503,-2.305263
-12.000000,6.000000,95.000000,62.242561,27.843325,63.888283,29.704578,5.214421,-2.041022
-12.000000,4.000000,101.000000,55.205109,24.192776,58.763268,25.672464,4.624853,-1.773423
-13.000000,4.000000,89.000000,46.913502,23.011929,50.839508,23.437943,3.930216,-1.686862
-9.000000,3.000000,93.000000,39.270073,22.056299,42.834087,22.404305,3.289882,-1.616811
-5.000000,3.000000,99.000000,32.549370,21.803394,35.419125,21.878643,2.726850,-1.598272
-7.000000,4.000000,106.000000,29.690714,21.212635,30.999868,21.600288,2.487363,-1.554967
-4.000000,3.000000,96.000000,22.361494,17.728172,26.402517,19.618244,1.873352,-1.299543
-3.000000,2.000000,94.000000,11.793317,12.935785,16.701015,15.307996,0.987995,-0.948243
-5.000000,2.000000,96.000000,2.554794,6.010078,6.871742,9.405347,0.214030,-0.440562
-2.000000,2.000000,97.000000,-8.817613,-3.129776,-3.229546,1.413129,-0.738703,0.229425
2.000000,0.000000,97.000000,-19.656483,-12.582264,-14.652008,-8.065166,-1.646737,0.922328
2.000000,-3.000000,93.000000,-28.791769,-21.956852,-24.644878,-17.630495,-2.412054,1.609521
9.000000,-4.000000,91.000000,-37.064083,-30.223307,-33.145313,-26.467340,-3.105073,2.215484
7.000000,-5.000000,93.000000,-45.141254,-36.887424,-41.384697,-33.898602,-3.781745,2.703990
10.000000,-7.000000,99.000000,-51.929859,-42.719856,-48.851494,-39.935566,-4.350466,3.131529
11.000000,-7.000000,100.000000,-58.810116,-48.780563,-55.460987,-45.919731,-4.926865,3.575802
11.000000,-8.000000,99.000000,-65.596428,-54.420414,-62.506676,-51.862072,-5.495394,3.989225
15.000000,-11.000000,97.000000,-71.289864,-57.833420,-68.766396,-56.489155,-5.972365,4.239411
12.000000,-10.000000,98.000000,-72.828018,-59.482700,-72.543221,-58.751972,-6.101225,4.360310
13.000000,-8.000000,106.000000,-71.373474,-60.362476,-72.169388,-60.028667,-5.979369,4.424800
12.000000,-11.000000,109.000000,-68.204292,-60.755745,-69.818497,-60.718529,-5.713870,4.453629
11.000000,-10.000000,114.000000,-63.456516,-59.445984,-65.744095,-60.259155,-5.316121,4.357618
14.000000,-15.000000,111.000000,-59.155788,-56.844952,-61.021149,-58.186028,-4.955824,4.166953
12.000000,-10.000000,116.000000,-57.525856,-53.143234,-58.065331,-54.999062,-4.819274,3.895602
11.000000,-11.000000,119.000000,-58.599743,-48.224628,-57.886707,-50.771873,-4.909241,3.535050
10.000000,-8.000000,124.000000,-59.489204,-41.996666,-59.171021,-45.060360,-4.983756,3.078516
11.000000,-7.000000,118.000000,-60.184551,-36.994282,-59.555092,-39.063400,-5.042009,2.711823
17.000000,-9.000000,118.000000,-62.018276,-33.976864,-61.372749,-35.554924,-5.195631,2.490634
10.000000,-5.000000,126.000000,-60.463017,-27.708868,-61.769753,-31.199154,-5.065338,2.031166
10.000000,-4.000000,130.000000,-55.276726,-21.413265,-57.822899,-23.965048,-4.630852,1.569674
8.000000,-3.000000,133.000000,-48.599678,-20.673080,-51.856941,-20.633957,-4.071477,1.515416
8.000000,-3.000000,126.000000,-42.971970,-24.414310,-45.573513,-22.492952,-3.600011,1.789662
9.000000,-5.000000,121.000000,-36.065449,-25.080881,-39.448082,-25.277687,-3.021412,1.838524
6.000000,-4.000000,132.000000,-28.023283,-20.052498,-31.732141,-22.662355,-2.347673,1.469925
4.000000,-2.000000,135.000000,-20.444437,-15.621439,-24.196461,-17.345793,-1.712749,1.145111
4.000000,-2.000000,134.000000,-12.647302,-16.544106,-16.119537,-15.730516,-1.059538,1.212746
4.000000,-5.000000,127.000000,-5.894631,-19.488707,-9.138247,-18.224361,-0.493827,1.428597
1.000000,-2.000000,125.000000,-1.723371,-18.796879,-3.347423,-19.608007,-0.144377,1.377883
0.000000,-1.000000,129.000000,-2.087756,-16.485222,-1.671591,-17.444515,-0.174903,1.208430
0.000000,-7.000000,135.000000,-3.441829,-15.006783,-2.909333,-15.889226,-0.288342,1.100055
2.000000,-3.000000,141.000000,-2.056236,-10.547467,-2.908210,-12.879412,-0.172263,0.773170
0.000000,-2.000000,130.000000,0.371858,-5.958503,-0.833282,-8.304255,0.031153,0.436781
0.000000,-1.000000,133.000000,1.568926,-0.524290,1.192770,-2.991653,0.131438,0.038432
0.000000,0.000000,135.000000,2.622597,2.101166,2.041614,1.168635,0.219710,-0.154023
0.000000,0.000000,139.000000,4.579607,4.650363,3.506011,3.264594,0.383660,-0.340889
-1.000000,0.000000,136.000000,7.648537,10.040847,6.391714,7.559229,0.640762,-0.736033
-3.000000,3.000000,124.000000,5.145370,12.351753,6.830346,11.602989,0.431058,-0.905431
-1.000000,2.000000,124.000000,-0.945665,11.889749,1.915416,12.271708,-0.079224,-0.871564
0.000000,2.000000,136.000000,-4.472961,11.939012,-2.992388,11.892793,-0.374726,-0.875175
1.000000,2.000000,131.000000,-8.152975,11.559558,-6.272410,11.922830,-0.683022,-0.847360
1.000000,1.000000,136.000000,-12.118696,7.848752,-10.376465,9.768000,-1.015254,-0.575344
3.000000,1.000000,120.000000,-13.254755,5.475851,-13.124936,6.291698,-1.110428,-0.401401
2.000000,1.000000,126.000000,-12.082328,5.624697,-12.708757,5.349886,-1.012207,-0.412312
2.000000,2.000000,131.000000,-10.746745,6.939161,-11.400651,6.361722,-0.900317,-0.508667
0.000000,1.000000,142.000000,-6.768341,8.953229,-9.135627,7.961960,-0.567023,-0.656306
2.000000,4.000000,133.000000,2.476418,9.683737,-2.052722,9.568846,0.207464,-0.709855
0.000000,4.000000,117.000000,9.914203,9.305463,6.745412,9.574080,0.830570,-0.682126
-2.000000,1.000000,123.000000,13.461071,9.458297,12.151048,9.192539,1.127712,-0.693329
-3.000000,0.000000,129.000000,14.598326,10.798573,14.068916,9.989190,1.222986,-0.791577
-1.000000,1.000000,129.000000,13.886877,11.224048,14.222102,11.419473,1.163384,-0.822766
-3.000000,3.000000,130.000000,12.718486,11.021701,13.298541,10.804994,1.065501,-0.807933
-5.000000,3.000000,110.000000,12.079213,13.791279,12.301247,12.432840,1.011946,-1.010954
-2.000000,3.000000,123.000000,14.830866,15.658449,13.149777,15.083389,1.242468,-1.147824
-3.000000,2.000000,128.000000,21.341928,16.045382,18.314909,15.875084,1.787937,-1.176188
-3.000000,0.000000,123.000000,25.087765,17.942461,23.830271,16.864630,2.101748,-1.315251
-5.000000,4.000000,125.000000,23.623896,20.950880,24.541958,19.716621,1.979111,-1.535780
-6.000000,6.000000,116.000000,22.898752,24.168531,22.953588,22.626163,1.918361,-1.771646
-2.000000,3.000000,122.000000,25.624104,25.951088,24.022713,25.225361,2.146680,-1.902314
-6.000000,6.000000,124.000000,29.202972,27.333622,27.739452,26.666889,2.446502,-2.003659
-5.000000,5.000000,120.000000,28.657974,29.391106,29.298304,28.324545,2.400845,-2.154480
-3.000000,5.000000,124.000000,26.013844,30.698793,27.241308,30.401575,2.179331,-2.250339
-6.000000,9.000000,113.000000,23.947466,29.675859,25.047443,30.020065,2.006218,-2.175354
-3.000000,5.000000,110.000000,23.366152,29.533588,23.217381,29.691929,1.957518,-2.164925
-5.000000,7.000000,117.000000,26.748913,28.457283,25.040396,28.897366,2.240912,-2.086028
-5.000000,5.000000,118.000000,27.930811,29.574921,27.750668,28.906200,2.339926,-2.167955
-5.000000,7.000000,109.000000,27.529921,30.177614,27.485479,30.119473,2.306341,-2.212135
-7.000000,7.000000,103.000000,28.055147,28.824223,28.071890,29.600641,2.350343,-2.112926
-4.000000,4.000000,111.000000,27.465467,25.439575,27.650253,27.241129,2.300941,-1.864818
-7.000000,5.000000,111.000000,28.417624,21.822693,27.947224,23.426746,2.380709,-1.599687
-5.000000,4.000000,110.000000,30.926527,20.559004,29.668240,21.005228,2.590895,-1.507054
-7.000000,4.000000,95.000000,34.828487,20.658077,32.812195,20.517776,2.917784,-1.514316
-8.000000,5.000000,95.000000,37.729134,20.963690,36.756851,20.707903,3.160789,-1.536719
-6.000000,4.000000,99.000000,36.293549,23.569418,37.314873,22.232306,3.040521,-1.727728
-8.000000,4.000000,99.000000,32.277561,29.087610,34.534935,26.289181,2.704079,-2.132233
-5.000000,3.000000,99.000000,27.139900,37.104321,29.531338,33.237907,2.273667,-2.719888
-9.000000,11.000000,88.000000,21.237957,43.170589,24.220936,40.467075,1.779227,-3.164570
-3.000000,6.000000,87.000000,14.548497,45.930309,17.459948,45.080620,1.218812,-3.366868
-5.000000,9.000000,89.000000,12.189856,46.221458,12.802136,45.885567,1.021215,-3.388210
0.000000,8.000000,95.000000,14.025253,46.000580,12.934232,46.208599,1.174977,-3.372019
-3.000000,9.000000,95.000000,16.273539,45.517910,15.441780,45.985596,1.363329,-3.336637
-4.000000,11.000000,84.000000,15.367913,40.298958,15.803778,43.027950,1.287459,-2.954068
-3.000000,6.000000,79.000000,14.909649,33.634613,14.980482,36.563488,1.249068,-2.465546
-2.000000,6.000000,86.000000,15.119335,27.105631,15.079944,30.270166,1.266634,-1.986946
-3.000000,5.000000,85.000000,16.207113,20.447510,15.565628,23.658646,1.357764,-1.498881
-3.000000,2.000000,86.000000,18.175938,14.125254,17.220049,17.002615,1.522704,-1.035435
-3.000000,2.000000,81.000000,18.717226,8.589855,18.702984,11.010786,1.568051,-0.629669
-6.000000,2.000000,80.000000,16.564936,4.845885,17.655308,6.570084,1.387741,-0.355222
-5.000000,2.000000,83.000000,14.699520,0.490078,15.525002,2.511515,1.231464,-0.035925
-2.000000,0.000000,88.000000,11.367106,-3.042725,13.195292,-1.504232,0.952288,0.223043
-1.000000,0.000000,85.000000,7.957186,-4.654293,9.323805,-4.002388,0.666620,0.341177
-3.000000,-1.000000,73.000000,7.307216,-4.300214,7.493568,-4.665670,0.612168,0.315222
-2.000000,0.000000,79.000000,6.086205,-2.036526,6.848382,-3.224354,0.509877,0.149285
-4.000000,0.000000,84.000000,2.936490,-0.164497,4.569518,-0.873794,0.246007,0.012058
0.000000,0.000000,85.000000,-1.123877,0.571539,0.747485,0.233075,-0.094154,-0.041896
0.000000,0.000000,87.000000,-3.572108,1.597616,-2.616509,0.940855,-0.299256,-0.117111
1.000000,0.000000,74.000000,-2.718674,3.431305,-3.357528,2.603664,-0.227759,-0.251528
1.000000,0.000000,82.000000,-1.081553,4.355341,-1.735196,4.068811,-0.090608,-0.319263
0.000000,1.000000,87.000000,-0.510793,4.839332,-0.629486,4.691954,-0.042792,-0.354742
1.000000,0.000000,87.000000,-0.649287,4.551175,-0.518048,4.770800,-0.054395,-0.333619
0.000000,1.000000,79.000000,-1.975321,3.912838,-1.229805,4.261464,-0.165484,-0.286826
1.000000,0.000000,76.000000,-3.241776,2.485600,-2.792787,3.136762,-0.271582,-0.182204
0.000000,0.000000,72.000000,-1.790659,1.776257,-2.764931,2.130153,-0.150014,-0.130206
0.000000,1.000000,80.000000,2.059808,0.465704,0.253075,1.080875,0.172562,-0.034138
0.000000,0.000000,84.000000,2.798609,-0.932023,2.802353,-0.307381,0.234456,0.068321
0.000000,0.000000,83.000000,1.213844,-1.767876,1.973091,-1.376976,0.101691,0.129592
0.000000,0.000000,80.000000,0.289523,-2.606087,0.587869,-2.328129,0.024255,0.191036
0.000000,0.000000,75.000000,0.007898,-2.229256,0.180024,-2.456225,0.000662,0.163413
0.000000,0.000000,83.000000,-0.170399,-1.525897,-0.196749,-1.829316,-0.014275,0.111854
0.000000,0.000000,86.000000,0.796663,-0.758111,0.317412,-1.168385,0.066741,0.055572
0.000000,0.000000,80.000000,0.025386,-0.379309,0.609467,-0.575737,0.002127,0.027805
0.000000,-1.000000,80.000000,-1.819487,-0.765044,-1.017159,-0.473499,-0.152429,0.056081
-1.000000,0.000000,78.000000,-3.181965,-1.179480,-2.610184,-0.999822,-0.266572,0.086460
1.000000,0.000000,80.000000,-4.294892,-1.718497,-3.802660,-1.462730,-0.359808,0.125972
0.000000,0.000000,88.000000,-3.919971,-2.203711,-4.299375,-2.026581,-0.328399,0.161540
0.000000,-1.000000,75.000000,-2.066397,-2.914898,-2.922146,-2.555172,-0.173114,0.213673
0.000000,0.000000,74.000000,-1.380178,-3.176487,-1.530064,-3.113641,-0.115626,0.232849
0.000000,-1.000000,82.000000,-2.154258,-2.769554,-1.731747,-2.991812,-0.180475,0.203019
1.000000,0.000000,83.000000,-2.399131,-1.751962,-2.318092,-2.257018,-0.200989,0.128426
0.000000,0.000000,81.000000,-2.416488,-1.581925,-2.463861,-1.569278,-0.202443,0.115961
0.000000,-1.000000,77.000000,-1.394103,-1.600206,-1.898852,-1.556506,-0.116792,0.117301
0.000000,0.000000,76.000000,-0.285170,-1.456506,-0.857790,-1.618486,-0.023890,0.106767
0.000000,0.000000,78.000000,1.075859,-1.055596,0.485671,-1.314726,0.090131,0.077379
0.000000,-1.000000,93.000000,2.146711,-0.728320,1.733504,-0.756992,0.179842,0.053389
0.000000,0.000000,86.000000,2.476565,-0.674567,2.378360,-0.781833,0.207476,0.049448
0.000000,0.000000,75.000000,1.683754,-0.707187,2.129782,-0.686947,0.141058,0.051840
0.000000,0.000000,82.000000,0.577600,-0.418464,1.100365,-0.584167,0.048389,0.030675
0.000000,0.000000,76.000000,-0.239505,0.013794,0.124557,-0.161406,-0.020065,-0.001011
0.000000,0.000000,81.000000,-0.288456,-0.118450,-0.397510,-0.007010,-0.024166,0.008683
0.000000,-1.000000,83.000000,1.125158,-0.328407,0.389051,-0.323072,0.094261,0.024073
0.000000,0.000000,78.000000,2.365629,-0.154754,1.815235,-0.230806,0.198182,0.011344
0.000000,0.000000,74.000000,2.545508,-0.353983,2.656415,-0.245778,0.213252,0.025948
0.000000,0.000000,84.000000,1.941676,0.251025,2.211735,-0.033992,0.162665,-0.018401
0.000000,0.000000,83.000000,2.601085,0.069051,2.243568,0.247358,0.217908,-0.005062
0.000000,-1.000000,85.000000,2.264922,-0.778630,2.594321,-0.489637,0.189746,0.057077
0.000000,0.000000,78.000000,2.074738,-0.352125,1.958269,-0.548440,0.173813,0.025812
0.000000,0.000000,79.000000,3.302827,-0.277007,2.772319,-0.276602,0.276697,0.020306
-1.000000,0.000000,78.000000,3.329524,-0.477331,3.401644,-0.376888,0.278934,0.034990
0.000000,-1.000000,85.000000,3.465829,-1.193569,3.366761,-0.746240,0.290353,0.087493
-1.000000,0.000000,87.000000,3.543611,-1.907358,3.546436,-1.717236,0.296869,0.139817
-1.000000,0.000000,75.000000,2.954913,-1.754429,3.274599,-1.798787,0.247550,0.128606
0.000000,0.000000,74.000000,1.649605,-1.473963,2.350473,-1.594523,0.138197,0.108047
0.000000,0.000000,82.000000,-0.110670,-1.244083,0.708643,-1.341450,-0.009272,0.091196
0.000000,0.000000,78.000000,-1.886264,-1.138493,-1.092654,-1.238380,-0.158023,0.083456
0.000000,0.000000,77.000000,-3.381902,-0.924904,-2.652526,-0.962854,-0.283322,0.067799
0.000000,0.000000,78.000000,-4.097050,-1.205036,-3.834724,-1.162632,-0.343234,0.088334
1.000000,0.000000,81.000000,-2.905967,-0.885655,-3.636225,-1.007313,-0.243450,0.064922
0.000000,0.000000,85.000000,-1.555380,-0.962638,-2.120533,-0.924820,-0.130303,0.070565
0.000000,0.000000,88.000000,-1.419974,-1.461211,-1.407200,-1.200583,-0.118959,0.107112
0.000000,0.000000,80.000000,-1.118374,-1.104705,-1.366469,-1.319105,-0.093693,0.080979
0.000000,0.000000,81.000000,-0.217504,-0.647116,-0.662141,-0.808251,-0.018222,0.047436
0.000000,0.000000,83.000000,0.784652,-0.583420,0.363836,-0.569945,0.065735,0.042767
0.000000,0.000000,83.000000,1.067773,-0.560668,1.020238,-0.594397,0.089454,0.041099
0.000000,0.000000,84.000000,0.433095,-0.215523,0.778247,-0.390595,0.036283,0.015799
0.000000,0.000000,79.000000,-0.778384,0.098902,-0.150479,-0.081072,-0.065210,-0.007250
0.000000,0.000000,82.000000,-1.761174,0.215510,-1.327348,0.192452,-0.147544,-0.015798
0.000000,0.000000,86.000000,-1.559862,0.740981,-1.779267,0.439068,-0.130679,-0.054317
1.000000,-1.000000,86.000000,-0.928797,0.807784,-1.215483,0.845317,-0.077811,-0.059214
0.000000,0.000000,86.000000,-0.952620,0.632907,-0.933803,0.683804,-0.079806,-0.046395
0.000000,0.000000,76.000000,-0.275020,-0.359654,-0.679087,0.212051,-0.023040,0.026364
0.000000,0.000000,78.000000,0.585319,-1.374305,0.178139,-0.958588,0.049036,0.100742
0.000000,0.000000,86.000000,1.515950,-1.575222,1.096353,-1.548002,0.127000,0.115470
0.000000,0.000000,86.000000,1.649906,-1.737381,1.684580,-1.665552,0.138222,0.127357
0.000000,0.000000,86.000000,1.319442,-2.117938,1.477222,-1.879856,0.110537,0.155253
0.000000,0.000000,84.000000,0.846698,-2.431491,1.078620,-2.400478,0.070933,0.178238
1.000000,-1.000000,79.000000,-0.132283,-2.338420,0.350652,-2.298862,-0.011082,0.171415
0.000000,0.000000,85.000000,-1.817976,-1.455406,-1.024816,-1.983248,-0.152302,0.106687
0.000000,0.000000,88.000000,-2.950360,-0.253273,-2.498799,-0.865181,-0.247169,0.018566
0.000000,0.000000,87.000000,-2.847134,0.853316,-2.916161,0.457392,-0.238521,-0.062551
0.000000,0.000000,80.000000,-2.745814,0.857488,-2.742030,0.958944,-0.230033,-0.062857
0.000000,0.000000,79.000000,-2.879670,-0.221950,-2.825573,0.341295,-0.241247,0.016270
0.000000,0.000000,82.000000,-2.157760,-1.072054,-2.517590,-0.641557,-0.180768,0.078586
0.000000,0.000000,89.000000,-1.955570,-1.811903,-1.901904,-1.536683,-0.163829,0.132819
0.000000,0.000000,89.000000,-1.408967,-2.630553,-1.763301,-2.274515,-0.118037,0.192830
0.000000,-1.000000,79.000000,-0.511513,-2.931288,-0.976376,-2.854595,-0.042852,0.214875
1.000000,0.000000,78.000000,-0.082968,-2.273226,-0.246182,-2.737164,-0.006951,0.166636
0.000000,0.000000,80.000000,-0.403786,-1.137739,-0.180064,-1.653911,-0.033828,0.083401
0.000000,-1.000000,83.000000,-1.174581,-0.392345,-0.820157,-0.728144,-0.098401,0.028760
0.000000,0.000000,83.000000,-1.167470,-0.509800,-1.251917,-0.403829,-0.097806,0.037370
2.000000,0.000000,82.000000,-0.494968,-0.523238,-0.847397,-0.535533,-0.041466,0.038355
0.000000,-1.000000,86.000000,0.142295,-0.890421,-0.131764,-0.659407,0.011921,0.065271
-1.000000,0.000000,80.000000,0.352213,-1.874807,0.297485,-1.367250,0.029507,0.137431
0.000000,0.000000,86.000000,0.430157,-2.068367,0.362032,-2.024911,0.036037,0.151619
0.000000,-2.000000,87.000000,0.494280,-1.894086,0.511171,-1.987140,0.041409,0.138844
2.000000,-2.000000,76.000000,-0.240379,-1.524688,0.175900,-1.767915,-0.020138,0.111765
0.000000,-1.000000,78.000000,-1.195576,-1.018252,-0.794492,-1.227529,-0.100160,0.074642
0.000000,0.000000,74.000000,-1.441696,-0.590820,-1.340271,-0.811447,-0.120779,0.043309
0.000000,0.000000,80.000000,-0.894625,-0.125151,-1.239866,-0.333877,-0.074948,0.009174
1.000000,0.000000,74.000000,-0.160418,-0.364972,-0.516933,-0.213482,-0.013439,0.026754
0.000000,0.000000,80.000000,0.497617,-1.003358,0.175208,-0.763851,0.041688,0.073550
-1.000000,0.000000,79.000000,1.340783,-1.159375,0.929975,-0.953436,0.112325,0.084987
0.000000,0.000000,81.000000,1.656438,-1.344174,1.638043,-1.372920,0.138769,0.098533
0.000000,0.000000,83.000000,1.212197,-1.468189,1.435543,-1.340985,0.101553,0.107624
0.000000,-1.000000,80.000000,1.293513,-1.409182,1.237979,-1.439842,0.108365,0.103298
0.000000,-1.000000,79.000000,0.699656,-1.296099,1.096648,-1.400004,0.058614,0.095009
-1.000000,0.000000,79.000000,-0.305653,-1.005615,0.107069,-1.112901,-0.025606,0.073715
0.000000,0.000000,83.000000,-0.767000,-0.778659,-0.641737,-0.889350,-0.064256,0.057079
1.000000,0.000000,86.000000,-1.188491,-0.864623,-0.941842,-0.814603,-0.099567,0.063380
0.000000,-1.000000,80.000000,-1.783379,-1.136372,-1.565304,-0.931372,-0.149404,0.083300
0.000000,0.000000,81.000000,-2.381715,-1.531495,-2.076988,-1.426324,-0.199530,0.112264
2.000000,-1.000000,83.000000,-3.681937,-1.710169,-3.059976,-1.650905,-0.308457,0.125362
1.000000,0.000000,84.000000,-4.228114,-1.804883,-4.058811,-1.716297,-0.354214,0.132305
0.000000,0.000000,89.000000,-4.278752,-2.073853,-4.299404,-1.950139,-0.358456,0.152021
1.000000,0.000000,81.000000,-3.682192,-2.021154,-4.058743,-2.118662,-0.308479,0.148158
0.000000,0.000000,82.000000,-2.177711,-2.083803,-2.948148,-2.010942,-0.182439,0.152751
0.000000,0.000000,88.000000,-0.938806,-2.875998,-1.491683,-2.378681,-0.078649,0.210822
1.000000,0.000000,79.000000,0.214185,-4.104823,-0.381952,-3.489588,0.017944,0.300899
0.000000,-1.000000,91.000000,1.198187,-5.313249,0.840556,-4.780568,0.100379,0.389481
0.000000,0.000000,78.000000,0.901093,-5.498115,1.152784,-5.364097,0.075490,0.403033
-1.000000,0.000000,79.000000,-0.145484,-5.458930,0.411085,-5.521050,-0.012188,0.400160
0.000000,-2.000000,78.000000,-1.745260,-4.960758,-1.015274,-5.211350,-0.146211,0.363643
1.000000,-1.000000,81.000000,-3.240431,-3.888126,-2.586490,-4.443775,-0.271470,0.285014
0.000000,-1.000000,93.000000,-3.990658,-3.619252,-3.701068,-3.630240,-0.334321,0.265305
1.000000,-2.000000,87.000000,-3.878867,-4.073747,-3.945384,-3.854961,-0.324955,0.298621
0.000000,-1.000000,85.000000,-4.154076,-3.490197,-3.991507,-3.909967,-0.348011,0.255845
0.000000,0.000000,84.000000,-4.716408,-2.532502,-4.455781,-2.970173,-0.395121,0.185642
2.000000,-2.000000,88.000000,-5.232268,-2.006009,-5.032375,-2.235648,-0.438337,0.147048
2.000000,-2.000000,90.000000,-4.055791,-2.323974,-4.794151,-2.071877,-0.339777,0.170356
2.000000,0.000000,87.000000,-1.873365,-3.748166,-2.934900,-2.951800,-0.156943,0.274755
1.000000,-1.000000,83.000000,0.222441,-6.014162,-0.758643,-4.905722,0.018635,0.440861
0.000000,-1.000000,85.000000,0.975291,-7.839266,0.751511,-7.085320,0.081706,0.574648
0.000000,-1.000000,92.000000,0.583168,-8.968207,0.833649,-8.478930,0.048855,0.657404
-1.000000,-1.000000,90.000000,-0.110263,-9.947811,0.309145,-9.383902,-0.009237,0.729213
0.000000,0.000000,84.000000,-1.632460,-10.774364,-0.808855,-10.447813,-0.136761,0.789802
1.000000,-4.000000,87.000000,-3.290043,-11.083466,-2.552689,-10.965184,-0.275626,0.812460
1.000000,-2.000000,89.000000,-3.266896,-10.273510,-3.301239,-10.594365,-0.273687,0.753088
0.000000,-2.000000,91.000000,-3.063008,-9.296493,-3.087517,-9.752126,-0.256606,0.681468
1.000000,-2.000000,96.000000,-3.807860,-8.935390,-3.403823,-8.989864,-0.319007,0.654998
0.000000,-3.000000,85.000000,-4.274082,-8.861263,-4.139861,-8.946014,-0.358065,0.649565
1.000000,-2.000000,89.000000,-4.506249,-8.222150,-4.294040,-8.547008,-0.377515,0.602715
2.000000,0.000000,88.000000,-4.984076,-7.627647,-4.782933,-7.886566,-0.417545,0.559136
1.000000,-1.000000,93.000000,-5.550225,-6.689882,-5.340228,-7.195081,-0.464975,0.490394
1.000000,-2.000000,94.000000,-5.559735,-6.157320,-5.581720,-6.312819,-0.465771,0.451355
0.000000,0.000000,89.000000,-5.409151,-6.140425,-5.566516,-6.185691,-0.453156,0.450117
0.000000,-2.000000,87.000000,-4.740875,-6.596959,-5.148056,-6.360003,-0.397171,0.483582
0.000000,-1.000000,88.000000,-3.727966,-7.540992,-4.173334,-7.023526,-0.312313,0.552784
1.000000,-1.000000,95.000000,-3.584404,-9.129113,-3.534779,-8.378750,-0.300286,0.669199
3.000000,-4.000000,87.000000,-4.190746,-10.360905,-3.928309,-9.859797,-0.351083,0.759494
0.000000,-3.000000,87.000000,-5.035386,-11.046868,-4.569305,-10.699178,-0.421844,0.809778
2.000000,-1.000000,90.000000,-6.046277,-12.042131,-5.579653,-11.509233,-0.506532,0.882734
0.000000,-1.000000,90.000000,-6.726178,-14.080489,-6.429331,-13.063978,-0.563491,1.032154
2.000000,-2.000000,91.000000,-6.043418,-15.525431,-6.570731,-14.936460,-0.506292,1.138073
0.000000,-4.000000,95.000000,-5.370150,-16.015854,-5.495269,-15.942434,-0.449889,1.174023
1.000000,-3.000000,94.000000,-6.515836,-15.812529,-6.019059,-15.948750,-0.545869,1.159119
1.000000,-4.000000,92.000000,-6.869296,-14.334288,-6.698621,-15.124163,-0.575481,1.050758
1.000000,-2.000000,94.000000,-8.207592,-12.150274,-7.425182,-13.204527,-0.687598,0.890662
1.000000,-1.000000,101.000000,-10.001338,-9.058696,-9.183354,-10.577138,-0.837870,0.664037
1.000000,-2.000000,97.000000,-10.902261,-5.597935,-10.526470,-7.191968,-0.913346,0.410350
1.000000,0.000000,91.000000,-11.792023,-3.128917,-11.365571,-4.230072,-0.987886,0.229362
0.000000,-1.000000,89.000000,-12.284679,-2.499276,-12.162178,-2.789891,-1.029159,0.183206
2.000000,0.000000,95.000000,-12.200086,-3.314513,-12.303003,-2.808967,-1.022072,0.242966
3.000000,0.000000,98.000000,-10.978753,-4.748522,-11.573756,-4.082775,-0.919754,0.348085
7.000000,-2.000000,100.000000,-9.761137,-6.055891,-10.316217,-5.423423,-0.817747,0.443920
1.000000,-1.000000,92.000000,-8.567924,-7.343351,-9.177471,-6.725983,-0.717785,0.538296
1.000000,-1.000000,97.000000,-7.868778,-8.742762,-8.044992,-8.014411,-0.659213,0.640878
0.000000,-2.000000,98.000000,-8.123302,-11.196083,-7.913857,-10.047026,-0.680536,0.820716
1.000000,0.000000,100.000000,-8.138185,-13.105680,-8.214638,-12.212170,-0.681783,0.960697
0.000000,-3.000000,103.000000,-7.891140,-14.818299,-7.989524,-14.031453,-0.661087,1.086238
1.000000,-2.000000,100.000000,-7.085822,-14.982423,-7.445346,-15.107012,-0.593620,1.098269
3.000000,-6.000000,101.000000,-7.775164,-14.241047,-7.336928,-14.571402,-0.651371,1.043923
2.000000,-3.000000,102.000000,-9.177776,-12.611191,-8.540201,-13.461462,-0.768876,0.924449
1.000000,-1.000000,99.000000,-10.273010,-10.457319,-9.732137,-11.482382,-0.860630,0.766562
2.000000,-2.000000,101.000000,-11.754691,-8.094994,-11.066998,-9.292028,-0.984759,0.593394
1.000000,-1.000000,102.000000,-13.491238,-5.620104,-12.643614,-6.680568,-1.130239,0.411975
0.000000,-2.000000,98.000000,-14.385709,-4.085322,-14.082253,-4.765990,-1.205174,0.299470
5.000000,0.000000,102.000000,-14.539708,-2.565800,-14.459579,-3.286897,-1.218076,0.188083
5.000000,-1.000000,104.000000,-15.079576,-1.137426,-14.743764,-1.825294,-1.263304,0.083378
3.000000,-1.000000,109.000000,-16.049044,-0.682933,-15.519646,-0.775863,-1.344521,0.050062
1.000000,0.000000,93.000000,-16.057730,-2.193066,-16.208260,-1.324562,-1.345249,0.160760
1.000000,0.000000,94.000000,-15.108202,-4.479161,-15.546649,-3.390067,-1.265702,0.328340
5.000000,-1.000000,105.000000,-14.195695,-6.907460,-14.599737,-5.780387,-1.189256,0.506343
4.000000,-1.000000,112.000000,-13.452382,-9.060223,-13.650792,-8.015658,-1.126984,0.664149
4.000000,-2.000000,104.000000,-13.921780,-10.919451,-13.583179,-10.045252,-1.166308,0.800438
1.000000,-2.000000,100.000000,-14.707140,-11.616200,-14.371712,-11.492094,-1.232103,0.851512
2.000000,-1.000000,106.000000,-14.681444,-11.851792,-14.677170,-11.646692,-1.229950,0.868782
2.000000,-1.000000,106.000000,-14.695561,-12.746515,-14.591113,-12.373011,-1.231133,0.934368
4.000000,-2.000000,108.000000,-15.365291,-13.319257,-14.972435,-13.163770,-1.287240,0.976353
5.000000,-3.000000,107.000000,-17.074999,-11.856879,-16.261551,-12.666740,-1.430472,0.869155
1.000000,-2.000000,106.000000,-17.399298,-9.793058,-17.328594,-10.854285,-1.457640,0.717869
3.000000,-2.000000,110.000000,-18.436069,-8.304125,-17.894850,-8.879562,-1.544497,0.608724
3.000000,0.000000,106.000000,-19.310474,-7.956920,-19.102510,-8.162508,-1.617750,0.583273
5.000000,-3.000000,110.000000,-19.604046,-8.098381,-19.450878,-8.051352,-1.642345,0.593642
4.000000,-2.000000,104.000000,-20.550446,-8.363811,-20.094471,-8.272879,-1.721630,0.613099
3.000000,0.000000,107.000000,-19.823666,-8.795181,-20.213417,-8.236586,-1.660743,0.644720
5.000000,-2.000000,110.000000,-18.866295,-11.181189,-19.250879,-10.003074,-1.580539,0.819624
3.000000,-2.000000,110.000000,-17.631739,-13.824464,-18.166304,-12.639997,-1.477113,1.013386
4.000000,-2.000000,120.000000,-17.391216,-15.377212,-17.483316,-14.690692,-1.456963,1.127208
3.000000,-3.000000,109.000000,-17.763777,-15.982274,-17.581945,-15.881604,-1.488175,1.171562
2.000000,-1.000000,113.000000,-17.561184,-16.219908,-17.729740,-16.071466,-1.471202,1.188981
4.000000,-5.000000,118.000000,-17.818199,-17.104353,-17.577396,-16.512821,-1.492734,1.253814
4.000000,-4.000000,117.000000,-18.563393,-18.296368,-18.186800,-17.706196,-1.555163,1.341194
3.000000,-2.000000,127.000000,-19.463411,-18.670668,-19.069187,-18.621998,-1.630563,1.368631
5.000000,-4.000000,118.000000,-20.151352,-18.140301,-20.003647,-18.481884,-1.688196,1.329753
6.000000,-4.000000,116.000000,-19.837051,-17.743095,-19.989338,-17.950161,-1.661865,1.300637
4.000000,-2.000000,124.000000,-20.866625,-17.891314,-20.218048,-17.796173,-1.748118,1.311502
3.000000,-2.000000,127.000000,-22.170294,-18.115820,-21.753763,-18.089516,-1.857334,1.327959
6.000000,-3.000000,127.000000,-21.572474,-18.443226,-21.913921,-18.243801,-1.807251,1.351959
6.000000,-4.000000,120.000000,-21.992714,-19.626335,-21.751415,-19.097620,-1.842457,1.438685
4.000000,-2.000000,123.000000,-21.887999,-21.625719,-21.907009,-20.593729,-1.833685,1.585248
5.000000,-4.000000,120.000000,-21.734629,-23.219875,-21.866461,-22.529156,-1.820836,1.702106
5.000000,-4.000000,120.000000,-20.834007,-24.466864,-21.286621,-24.067272,-1.745386,1.793515
4.000000,-6.000000,129.000000,-20.707409,-22.018047,-20.673765,-23.453386,-1.734780,1.614007
4.000000,-3.000000,128.000000,-21.858315,-17.638947,-21.222652,-19.860203,-1.831198,1.293002
4.000000,-3.000000,125.000000,-22.253262,-12.011292,-22.255341,-14.688321,-1.864285,0.880474
4.000000,-2.000000,126.000000,-20.655445,-8.052186,-21.517895,-9.558575,-1.730426,0.590256
4.000000,-1.000000,126.000000,-19.533447,-8.538318,-20.028502,-8.109118,-1.636430,0.625891
4.000000,0.000000,135.000000,-17.423988,-7.581745,-18.552641,-8.268405,-1.459709,0.555771
4.000000,-2.000000,134.000000,-15.260761,-4.661550,-16.226980,-6.128789,-1.278483,0.341709
1.000000,0.000000,127.000000,-12.595849,-2.586836,-13.973989,-3.351323,-1.055227,0.189625
2.000000,-1.000000,131.000000,-9.522807,-2.739239,-10.812135,-2.514432,-0.797781,0.200797
2.000000,-1.000000,132.000000,-6.821278,-4.038996,-8.094237,-3.273921,-0.571458,0.296074
4.000000,-1.000000,136.000000,-4.209348,-5.361270,-5.357379,-4.848201,-0.352641,0.393002
1.000000,0.000000,129.000000,-2.446073,-5.463176,-3.237155,-5.544081,-0.204922,0.400472
0.000000,0.000000,126.000000,-1.630290,-6.031430,-1.977956,-5.606212,-0.136579,0.442127
1.000000,-1.000000,127.000000,-0.515340,-7.073677,-0.911735,-6.674084,-0.043173,0.518528
1.000000,-2.000000,134.000000,-0.802862,-7.173541,-0.590328,-7.235016,-0.067260,0.525848
0.000000,-3.000000,144.000000,-0.285226,-6.772712,-0.688009,-7.033277,-0.023895,0.496466
1.000000,-1.000000,127.000000,0.004489,-6.321563,0.067097,-6.540987,0.000376,0.463395
0.000000,0.000000,131.000000,-1.536485,-5.187440,-0.731728,-5.815825,-0.128720,0.380259
0.000000,-1.000000,132.000000,-3.192333,-3.517244,-2.528203,-4.311028,-0.267440,0.257827
1.000000,0.000000,138.000000,-2.782832,-1.369259,-3.075065,-2.336851,-0.233134,0.100372
0.000000,0.000000,140.000000,-3.523957,0.336849,-3.015061,-0.414850,-0.295222,-0.024692
2.000000,0.000000,137.000000,-5.218671,0.468993,-4.417264,0.619614,-0.437198,-0.034379
0.000000,0.000000,131.000000,-6.344770,-1.495787,-5.984227,-0.498080,-0.531538,0.109647
2.000000,0.000000,137.000000,-5.657232,-3.157353,-6.022196,-2.417957,-0.473939,0.231446
1.000000,0.000000,139.000000,-5.054898,-4.603878,-5.357184,-4.118806,-0.423478,0.337482
1.000000,-1.000000,143.000000,-4.980685,-5.643845,-4.905345,-5.047283,-0.417261,0.413715
2.000000,-1.000000,132.000000,-5.688749,-6.173965,-5.414769,-6.065934,-0.476580,0.452575
2.000000,-2.000000,136.000000,-5.618553,-5.855138,-5.639289,-6.016302,-0.470699,0.429204
3.000000,-1.000000,139.000000,-6.711564,-5.893184,-6.121551,-5.798501,-0.562267,0.431993
2.000000,-1.000000,141.000000,-7.726336,-6.545264,-7.288324,-6.204751,-0.647280,0.479793
3.000000,-2.000000,148.000000,-8.296095,-7.477275,-8.170847,-7.067459,-0.695012,0.548113
0.000000,-1.000000,144.000000,-8.507160,-8.363600,-8.270778,-7.890105,-0.712694,0.613084
2.000000,-1.000000,140.000000,-8.874708,-8.857388,-8.604113,-8.689911,-0.743486,0.649280
2.000000,-1.000000,145.000000,-10.243569,-8.950614,-9.521442,-8.838655,-0.858163,0.656114
2.000000,-2.000000,140.000000,-11.026030,-8.941887,-10.791445,-9.053083,-0.923714,0.655475
4.000000,-2.000000,150.000000,-11.793691,-7.861218,-11.400282,-8.413631,-0.988026,0.576257
2.000000,-1.000000,145.000000,-11.906718,-6.280289,-11.881086,-7.078754,-0.997495,0.460369
3.000000,-1.000000,145.000000,-11.937523,-4.411327,-11.825961,-5.181722,-1.000075,0.323367
1.000000,0.000000,144.000000,-11.546735,-2.828663,-11.816004,-3.612343,-0.967337,0.207352
0.000000,-1.000000,154.000000,-10.566603,0.024129,-11.042372,-1.364820,-0.885226,-0.001769
4.000000,0.000000,156.000000,-9.080077,3.269069,-9.810760,1.784506,-0.760691,-0.239635
1.000000,0.000000,145.000000,-6.764715,5.990831,-7.940372,4.707408,-0.566719,-0.439151
2.000000,1.000000,144.000000,-4.371424,8.075330,-5.483085,7.229951,-0.366220,-0.591953
2.000000,2.000000,148.000000,-0.667073,8.720929,-2.605241,8.429983,-0.055885,-0.639277
0.000000,1.000000,149.000000,3.762619,9.310954,1.699304,9.094335,0.315216,-0.682529
0.000000,3.000000,158.000000,8.003860,9.324087,6.098303,9.404428,0.670530,-0.683491
0.000000,1.000000,144.000000,11.475843,8.548936,9.813982,8.937147,0.961398,-0.626670
-3.000000,1.000000,142.000000,15.786797,8.549094,13.672653,8.483679,1.322551,-0.626681
-3.000000,1.000000,142.000000,19.302654,9.394501,17.814053,8.914633,1.617095,-0.688653
-3.000000,3.000000,145.000000,21.195145,10.378563,20.338373,9.917002,1.775640,-0.760788
-7.000000,2.000000,143.000000,22.327579,11.190256,21.887314,10.790414,1.870511,-0.820289
-4.000000,2.000000,136.000000,23.374722,12.440124,22.856857,11.830307,1.958236,-0.911909
-3.000000,2.000000,132.000000,23.118946,14.042224,23.466587,13.246928,1.936808,-1.029349
-5.000000,3.000000,132.000000,21.314888,15.781100,22.161036,14.964885,1.785672,-1.156815
-5.000000,3.000000,135.000000,19.670176,18.061142,20.359385,16.936255,1.647885,-1.323951
-3.000000,4.000000,145.000000,19.314905,21.543224,19.344753,19.887121,1.618122,-1.579201
-4.000000,4.000000,131.000000,20.588816,24.590185,20.028666,23.430782,1.724845,-1.802555
-5.000000,4.000000,126.000000,21.371483,26.543482,21.117737,25.887299,1.790413,-1.945739
-4.000000,4.000000,131.000000,22.398735,26.823656,21.942970,26.890759,1.876472,-1.966277
-3.000000,4.000000,128.000000,22.757809,26.523260,22.594105,26.692739,1.906554,-1.944257
-6.000000,7.000000,131.000000,24.227373,26.356953,23.477760,26.556192,2.029667,-1.932065
-3.000000,3.000000,114.000000,26.745066,24.947407,25.462507,25.736713,2.240589,-1.828740
-5.000000,5.000000,119.000000,29.374376,23.955791,28.219473,24.461519,2.460862,-1.756051
-8.000000,4.000000,121.000000,31.992077,23.439526,30.857260,23.638184,2.680162,-1.718207
-5.000000,3.000000,116.000000,33.135818,22.763140,32.761284,23.253689,2.775980,-1.668625
-8.000000,6.000000,132.000000,33.043049,20.347244,33.180161,21.525888,2.768208,-1.491531
-5.000000,3.000000,117.000000,31.747730,18.266249,32.413200,19.131130,2.659691,-1.338986
-5.000000,2.000000,112.000000,30.425501,19.493736,31.123190,18.782570,2.548921,-1.428965
-7.000000,3.000000,113.000000,29.016075,21.948248,29.766285,20.852064,2.430845,-1.608891
-5.000000,4.000000,125.000000,26.152521,22.942019,27.555761,22.600435,2.190948,-1.681738
-6.000000,4.000000,122.000000,24.610819,23.901663,25.164833,23.433882,2.061791,-1.752083
-4.000000,4.000000,113.000000,24.093159,25.212959,24.297489,24.732073,2.018424,-1.848206
-2.000000,3.000000,111.000000,24.160936,25.628004,24.151913,25.507717,2.024102,-1.878631
-5.000000,5.000000,108.000000,23.577793,23.698547,23.867298,24.910519,1.975249,-1.737194
-6.000000,7.000000,121.000000,24.674137,19.753216,23.896748,21.576122,2.067096,-1.447986
-4.000000,2.000000,113.000000,27.488207,16.262928,26.160095,17.848942,2.302846,-1.192135
-7.000000,3.000000,104.000000,29.570450,12.404235,28.682642,14.192825,2.477288,-0.909278
-5.000000,2.000000,110.000000,30.939034,9.920892,30.282406,10.893278,2.591942,-0.727239
-6.000000,3.000000,108.000000,31.450752,9.653020,31.450668,9.590363,2.634812,-0.707603
-7.000000,1.000000,114.000000,29.828678,12.177895,30.708111,10.769656,2.498921,-0.892686
-3.000000,1.000000,111.000000,26.273712,15.985737,28.057104,14.252298,2.201101,-1.171816
-7.000000,3.000000,105.000000,21.929239,18.713957,24.004366,17.518284,1.837140,-1.371805
-3.000000,3.000000,103.000000,17.629662,20.053072,19.585941,19.634989,1.476939,-1.469967
-3.000000,2.000000,110.000000,14.458223,21.176743,15.853045,20.665430,1.211249,-1.552336
-3.000000,6.000000,113.000000,12.215536,22.513275,13.238462,21.743813,1.023366,-1.650309
-3.000000,7.000000,105.000000,10.665493,23.399780,11.322070,23.164330,0.893510,-1.715294
-1.000000,2.000000,98.000000,9.346686,22.358425,9.973248,22.847773,0.783026,-1.638958
-2.000000,4.000000,100.000000,9.348385,21.909897,9.171669,22.190937,0.783168,-1.606079
-1.000000,4.000000,99.000000,10.298922,21.206718,9.821649,21.499866,0.862800,-1.554533
-3.000000,5.000000,105.000000,11.582751,19.772757,10.962017,20.616760,0.970354,-1.449419
-1.000000,3.000000,96.000000,13.808779,17.032339,12.743380,18.420797,1.156842,-1.248536
-3.000000,3.000000,97.000000,17.482958,14.113622,15.581787,15.438642,1.464649,-1.034582
-1.000000,3.000000,98.000000,21.620392,12.495985,19.829777,13.185410,1.811266,-0.916003
-7.000000,4.000000,92.000000,23.465311,11.524059,22.803400,12.007623,1.965825,-0.844758
-5.000000,3.000000,102.000000,23.554314,10.623820,23.633163,10.954865,1.973282,-0.778767
-4.000000,1.000000,98.000000,22.543293,10.916696,22.957100,10.521750,1.888582,-0.800236
-5.000000,2.000000,92.000000,22.969532,12.226448,22.671074,11.580620,1.924291,-0.896245
-4.000000,2.000000,88.000000,23.013895,13.670984,23.143799,12.940048,1.928008,-1.002135
-3.000000,2.000000,96.000000,20.545729,15.176072,21.800144,14.442032,1.721235,-1.112464
-6.000000,2.000000,103.000000,16.994837,16.900112,18.740568,16.225918,1.423756,-1.238843
-3.000000,3.000000,96.000000,14.135480,17.888494,15.256284,17.398186,1.184211,-1.311295
-3.000000,3.000000,94.000000,13.221819,18.418669,13.645378,18.257076,1.107669,-1.350159
-1.000000,2.000000,92.000000,12.090544,18.368071,12.665489,18.512922,1.012895,-1.346450
-1.000000,3.000000,92.000000,10.588259,16.944050,11.252542,17.770870,0.887040,-1.242064
-2.000000,4.000000,99.000000,9.633244,13.719147,9.970369,15.239477,0.807033,-1.005666
-4.000000,4.000000,95.000000,10.280730,11.136342,9.960674,12.273416,0.861276,-0.816337
-2.000000,2.000000,85.000000,11.543240,9.869577,10.774293,10.317844,0.967044,-0.723478
-1.000000,1.000000,92.000000,14.234827,9.403498,12.872357,9.571267,1.192534,-0.689312
-1.000000,1.000000,90.000000,16.726999,8.924058,15.823616,9.103071,1.401318,-0.654168
-4.000000,1.000000,95.000000,16.353045,8.518936,16.653378,8.774340,1.369989,-0.624471
-6.000000,2.000000,95.000000,15.369110,8.225872,15.883219,8.491946,1.287560,-0.602988
-3.000000,1.000000,91.000000,13.571493,8.123348,14.548284,8.103453,1.136963,-0.595472
-1.000000,1.000000,97.000000,11.294048,8.649241,12.353242,8.311987,0.946168,-0.634023
-2.000000,2.000000,95.000000,8.454059,9.228095,9.782668,8.899064,0.708246,-0.676455
-2.000000,1.000000,100.000000,6.121587,9.499844,7.175519,9.537786,0.512841,-0.696375
-5.000000,2.000000,88.000000,3.309043,8.286622,4.620625,8.894270,0.277218,-0.607441
-2.000000,2.000000,85.000000,0.480594,6.787814,1.784218,7.560349,0.040262,-0.497573
0.000000,1.000000,88.000000,-1.984921,4.748090,-0.899478,5.779743,-0.166288,-0.348053
0.000000,3.000000,99.000000,-2.683016,2.418614,-2.525388,3.484856,-0.224772,-0.177294
1.000000,0.000000,97.000000,-1.905040,0.481241,-2.424287,1.361583,-0.159596,-0.035277
1.000000,0.000000,93.000000,-0.436327,-1.866106,-1.028602,-0.662648,-0.036554,0.136793
0.000000,-1.000000,87.000000,-0.275456,-4.595829,-0.276718,-3.335287,-0.023077,0.336892
0.000000,0.000000,92.000000,-1.357155,-7.437483,-0.669399,-6.096433,-0.113697,0.545196
1.000000,-2.000000,97.000000,-3.497195,-9.069779,-2.428087,-8.478099,-0.292980,0.664850
0.000000,-1.000000,97.000000,-6.818955,-9.045571,-5.195369,-9.195395,-0.571263,0.663075
1.000000,-2.000000,92.000000,-10.850667,-8.357255,-8.885294,-8.672415,-0.909023,0.612619
1.000000,-1.000000,85.000000,-15.454189,-8.699657,-13.302065,-8.488677,-1.294687,0.637718
2.000000,-2.000000,87.000000,-19.519501,-9.458279,-17.653215,-9.016439,-1.635262,0.693328
7.000000,-1.000000,97.000000,-23.802105,-11.009509,-21.823170,-10.282001,-1.994040,0.807039
6.000000,-3.000000,96.000000,-27.598061,-11.965195,-25.877415,-11.547780,-2.312050,0.877095
3.000000,-2.000000,93.000000,-28.982737,-12.761421,-28.655720,-12.449442,-2.428052,0.935461
6.000000,-1.000000,91.000000,-27.683798,-14.175114,-28.303202,-13.437342,-2.319232,1.039090
4.000000,-3.000000,93.000000,-27.523392,-16.364326,-27.549011,-15.351507,-2.305794,1.199568
5.000000,-2.000000,102.000000,-26.714201,-18.691870,-27.171909,-17.557476,-2.238004,1.370186
8.000000,-3.000000,97.000000,-24.084270,-20.785315,-25.474667,-19.812674,-2.017679,1.523643
4.000000,-3.000000,91.000000,-20.908339,-22.137831,-22.400497,-21.519957,-1.751613,1.622788
1.000000,-2.000000,94.000000,-16.968853,-21.536976,-18.852352,-21.893972,-1.421579,1.578743
7.000000,-4.000000,92.000000,-14.112050,-19.641804,-15.235926,-20.688490,-1.182248,1.439819
5.000000,-6.000000,108.000000,-15.451729,-17.599968,-14.457509,-18.578171,-1.294481,1.290145
1.000000,-1.000000,101.000000,-18.333868,-16.257610,-17.095867,-16.768326,-1.535935,1.191745
3.000000,-2.000000,98.000000,-20.835585,-15.191265,-19.606707,-15.640503,-1.745518,1.113578
7.000000,-4.000000,93.000000,-24.571850,-14.532766,-22.751963,-14.853871,-2.058527,1.065307
5.000000,-4.000000,97.000000,-28.594297,-13.540081,-26.818356,-14.093668,-2.395510,0.992540
6.000000,-2.000000,107.000000,-32.348133,-13.645909,-30.574650,-13.390447,-2.709991,1.000297
8.000000,-3.000000,107.000000,-35.948917,-14.682447,-34.197315,-14.092959,-3.011649,1.076280
4.000000,-2.000000,93.000000,-37.714108,-16.155685,-37.193626,-15.418951,-3.159530,1.184273
7.000000,-2.000000,101.000000,-36.383984,-18.256533,-37.191078,-17.251575,-3.048097,1.338274
5.000000,-2.000000,103.000000,-33.952442,-21.267706,-35.143822,-19.831829,-2.844393,1.559004
8.000000,-3.000000,114.000000,-32.008961,-24.548281,-32.823803,-23.057415,-2.681576,1.799483
6.000000,-4.000000,105.000000,-30.869709,-27.673922,-31.635983,-26.108709,-2.586135,2.028604
6.000000,-3.000000,103.000000,-26.794935,-29.861637,-29.085751,-29.318491,-2.244767,2.188972
7.000000,-7.000000,104.000000,-23.209368,-32.319637,-24.710276,-31.002819,-1.944383,2.369153
3.000000,-3.000000,105.000000,-21.466133,-34.251236,-22.205194,-33.388012,-1.798343,2.510747
5.000000,-9.000000,120.000000,-20.714973,-35.391846,-21.046694,-35.082802,-1.735413,2.594358
3.000000,-5.000000,123.000000,-20.731958,-33.375420,-20.677982,-34.608940,-1.736836,2.446546
3.000000,-5.000000,113.000000,-22.399363,-29.273077,-21.516058,-31.214762,-1.876525,2.145828
4.000000,-8.000000,110.000000,-24.541895,-23.931767,-23.480167,-26.533680,-2.056017,1.754290
3.000000,-3.000000,115.000000,-26.892101,-17.653898,-25.752508,-20.657087,-2.252907,1.294098
6.000000,-5.000000,124.000000,-29.339386,-11.569310,-28.298359,-14.153093,-2.457931,0.848075
6.000000,-4.000000,120.000000,-30.960442,-7.849701,-30.152023,-9.408696,-2.593736,0.575413
4.000000,-2.000000,120.000000,-31.936922,-5.067028,-31.634754,-6.243366,-2.675541,0.371433
8.000000,0.000000,113.000000,-30.132538,-3.567224,-31.118805,-4.131624,-2.524378,0.261491
3.000000,-1.000000,116.000000,-28.420412,-4.674852,-29.152073,-3.877195,-2.380943,0.342685
10.000000,-2.000000,125.000000,-26.290506,-8.751451,-27.424133,-6.736844,-2.202508,0.641515
4.000000,-2.000000,127.000000,-24.139040,-14.095025,-25.145775,-11.667295,-2.022267,1.033219
3.000000,-2.000000,114.000000,-22.156443,-19.187063,-23.092360,-16.645161,-1.856174,1.406485
5.000000,-3.000000,115.000000,-20.362812,-24.031816,-21.065493,-21.831953,-1.705911,1.761624
4.000000,-4.000000,113.000000,-20.606445,-27.496069,-20.400759,-25.913065,-1.726322,2.015567
5.000000,-6.000000,137.000000,-20.940042,-29.184689,-20.827093,-28.667078,-1.754269,2.139349
4.000000,-6.000000,134.000000,-21.944778,-28.398403,-21.310970,-28.881161,-1.838441,2.081712
3.000000,-5.000000,120.000000,-23.371502,-26.155546,-22.736652,-27.228485,-1.957966,1.917302
4.000000,-4.000000,131.000000,-23.768517,-24.161890,-23.755392,-25.086681,-1.991226,1.771159
5.000000,-6.000000,120.000000,-23.046831,-21.795416,-23.492853,-23.033985,-1.930767,1.597687
5.000000,-4.000000,141.000000,-20.693787,-17.482277,-21.777695,-19.560366,-1.733639,1.281518
5.000000,-3.000000,138.000000,-17.874138,-14.184483,-19.317600,-15.408592,-1.497420,1.039777
3.000000,-3.000000,140.000000,-13.776110,-15.137010,-15.744922,-14.551939,-1.154105,1.109601
3.000000,-2.000000,133.000000,-10.110814,-15.075489,-11.900765,-15.081624,-0.847042,1.105091
1.000000,-3.000000,131.000000,-6.129319,-15.610790,-8.000227,-15.373179,-0.513489,1.144331
1.000000,-3.000000,142.000000,-3.717666,-15.875715,-4.756483,-15.926855,-0.311450,1.163751
0.000000,-3.000000,145.000000,-3.008782,-13.913727,-3.097563,-14.955481,-0.252063,1.019929
2.000000,-3.000000,140.000000,-3.128982,-10.877937,-3.150330,-12.337572,-0.262133,0.797394
1.000000,-2.000000,132.000000,-3.134977,-7.677856,-3.082894,-9.027532,-0.262635,0.562816
1.000000,-2.000000,134.000000,-3.910329,-6.680573,-3.471743,-7.007357,-0.327591,0.489712
1.000000,-1.000000,154.000000,-4.890493,-6.763154,-4.417938,-6.644155,-0.409705,0.495765
1.000000,-1.000000,145.000000,-4.547863,-6.434751,-4.810703,-6.659370,-0.381001,0.471692
1.000000,-1.000000,134.000000,-4.103230,-4.823723,-4.193591,-5.681925,-0.343751,0.353597
1.000000,0.000000,141.000000,-4.399830,-2.943463,-4.249094,-3.800615,-0.368599,0.215767
0.000000,-1.000000,141.000000,-3.791158,-1.576361,-4.247200,-2.217213,-0.317607,0.115553
0.000000,0.000000,151.000000,-1.036571,0.624646,-2.568639,-0.482720,-0.086840,-0.045789
0.000000,0.000000,147.000000,3.252611,3.283695,1.223701,2.010724,0.272490,-0.240707
0.000000,0.000000,141.000000,7.744649,6.103815,5.559025,4.793352,0.648814,-0.447433
0.000000,0.000000,135.000000,12.097835,9.233128,10.101784,7.706669,1.013506,-0.676824
-1.000000,2.000000,133.000000,15.953985,11.806273,14.195700,10.690083,1.336558,-0.865445
-5.000000,3.000000,149.000000,18.330029,13.430974,17.372931,12.729876,1.535613,-0.984542
-3.000000,3.000000,144.000000,19.793404,14.267602,19.104862,13.843549,1.658208,-1.045870
-1.000000,1.000000,134.000000,19.618425,14.470377,19.879297,14.562268,1.643549,-1.060734
-4.000000,3.000000,124.000000,20.523611,14.594079,19.979212,14.584387,1.719382,-1.069802
-6.000000,3.000000,129.000000,20.704634,14.810894,20.696388,14.489298,1.734547,-1.085695
-5.000000,4.000000,146.000000,20.236591,16.460604,20.472404,15.707024,1.695337,-1.206625
-2.000000,3.000000,144.000000,19.336433,17.381056,19.853083,16.995356,1.619925,-1.274098
-5.000000,3.000000,131.000000,18.442478,18.051693,18.807295,17.750336,1.545033,-1.323258
-4.000000,4.000000,120.000000,18.108189,18.920700,18.303347,18.389912,1.517028,-1.386960
-4.000000,3.000000,138.000000,16.814724,21.074591,17.440998,20.109865,1.408667,-1.544848
-2.000000,4.000000,136.000000,16.004757,22.211540,16.164209,21.563976,1.340811,-1.628191
-3.000000,5.000000,130.000000,16.835512,23.143772,16.192211,22.586262,1.410409,-1.696527
-4.000000,5.000000,126.000000,18.666740,24.383533,17.789776,23.818325,1.563821,-1.787406
-2.000000,3.000000,115.000000,21.177198,24.953699,19.928478,24.802488,1.774137,-1.829202
-5.000000,7.000000,133.000000,22.939198,23.929583,22.146971,24.453169,1.921749,-1.754130
-4.000000,4.000000,126.000000,25.148027,21.225374,23.936211,22.549063,2.106796,-1.555901
-3.000000,3.000000,123.000000,28.419319,17.172525,26.907251,19.080059,2.380851,-1.258812
-7.000000,4.000000,114.000000,30.824207,12.878418,29.677134,14.732239,2.582323,-0.944037
-5.000000,2.000000,113.000000,33.284302,10.302819,32.083897,11.242375,2.788419,-0.755236
-7.000000,3.000000,125.000000,35.078644,9.933113,34.378716,9.923906,2.938742,-0.728135
-6.000000,1.000000,126.000000,35.247627,10.334000,35.251328,10.195749,2.952898,-0.757522
-4.000000,2.000000,120.000000,35.357529,10.253860,35.394329,10.409756,2.962105,-0.751647
-9.000000,2.000000,111.000000,35.662930,10.898649,35.425789,10.507108,2.987691,-0.798913
-4.000000,3.000000,108.000000,34.856361,11.854520,35.307423,11.382083,2.920120,-0.868982
-9.000000,2.000000,125.000000,33.032528,13.398632,34.078468,12.717150,2.767327,-0.982171
-5.000000,2.000000,122.000000,28.714365,14.999804,30.862640,14.035517,2.405569,-1.099543
-3.000000,2.000000,118.000000,23.127178,17.376101,25.805807,16.313942,1.937498,-1.273735
-5.000000,2.000000,113.000000,18.408302,19.562695,20.474237,18.718201,1.542170,-1.434020
-4.000000,5.000000,104.000000,14.923509,21.504883,16.416117,20.304886,1.250229,-1.576390
-3.000000,4.000000,113.000000,12.236646,24.213713,13.434837,22.704897,1.025135,-1.774958
-2.000000,4.000000,119.000000,10.338064,27.983982,11.214090,26.364597,0.866080,-2.051333
-3.000000,7.000000,119.000000,7.850306,30.524218,9.099409,29.411335,0.657666,-2.237542
-1.000000,4.000000,105.000000,4.912027,33.453678,6.257473,32.023563,0.411509,-2.452283
-2.000000,6.000000,95.000000,3.277873,36.550575,3.930832,35.058678,0.274606,-2.679297
-2.000000,8.000000,111.000000,2.896885,38.556850,3.023763,37.785637,0.242689,-2.826365
0.000000,8.000000,107.000000,1.488361,38.354298,2.157217,38.375546,0.124689,-2.811517
0.000000,6.000000,101.000000,0.709370,37.897770,0.821103,38.044632,0.059428,-2.778052
0.000000,9.000000,91.000000,2.792114,35.890335,1.500417,37.175579,0.233912,-2.630899
-1.000000,6.000000,88.000000,6.855622,32.216686,4.937150,34.025772,0.574335,-2.361606
-3.000000,9.000000,98.000000,11.359932,27.805225,9.162119,30.012695,0.951687,-2.038229
-2.000000,4.000000,97.000000,15.820988,22.531807,13.836431,25.049744,1.325416,-1.651668
-2.000000,3.000000,89.000000,18.693487,18.219265,17.470827,20.139002,1.566062,-1.335542
-3.000000,3.000000,86.000000,19.396111,14.691717,19.169096,16.331207,1.624925,-1.076959
-3.000000,4.000000,83.000000,18.679556,12.284141,19.089069,13.281545,1.564895,-0.900474
-5.000000,4.000000,95.000000,16.857601,10.670015,17.906239,11.399931,1.412259,-0.782153
-2.000000,1.000000,95.000000,15.010215,8.571254,15.759642,9.594131,1.257493,-0.628306
-3.000000,1.000000,92.000000,13.731910,7.149839,14.383763,7.862859,1.150402,-0.524111
-1.000000,0.000000,85.000000,11.943452,5.491277,12.824124,6.295270,1.000572,-0.402532
-4.000000,1.000000,89.000000,10.880263,4.932149,11.299427,5.033648,0.911503,-0.361545
-3.000000,2.000000,94.000000,10.416836,5.892278,10.576962,5.305832,0.872679,-0.431927
-2.000000,2.000000,93.000000,9.758655,7.339779,10.140711,6.680951,0.817539,-0.538034
-1.000000,1.000000,90.000000,7.625046,8.036876,8.569692,7.756662,0.638794,-0.589134
0.000000,1.000000,81.000000,5.388050,7.602462,6.458303,7.834281,0.451388,-0.557290
-1.000000,1.000000,94.000000,4.277980,7.989982,4.670241,7.674129,0.358391,-0.585696
0.000000,0.000000,89.000000,4.456131,8.280354,4.290236,8.196971,0.373316,-0.606982
0.000000,2.000000,93.000000,5.363372,8.035751,4.992564,8.212015,0.449321,-0.589051
0.000000,1.000000,86.000000,5.587770,7.124837,5.553466,7.571663,0.468120,-0.522278
0.000000,1.000000,75.000000,4.873558,5.457146,5.305301,6.351526,0.408286,-0.400030
-4.000000,2.000000,85.000000,3.162079,2.525263,3.960156,3.907975,0.264906,-0.185111
-2.000000,4.000000,89.000000,2.246355,-0.192182,2.611044,1.128895,0.188190,0.014088
-1.000000,0.000000,91.000000,1.234660,-2.675862,1.735530,-1.583689,0.103435,0.196151
0.000000,0.000000,84.000000,-0.721542,-4.846282,0.316852,-3.843833,-0.060448,0.355251
0.000000,-1.000000,75.000000,-3.059512,-6.710212,-2.013576,-5.818186,-0.256313,0.491884
0.000000,-1.000000,86.000000,-5.669505,-8.418594,-4.371356,-7.680207,-0.474967,0.617115
2.000000,-1.000000,95.000000,-9.460387,-10.076511,-7.702458,-9.369608,-0.792551,0.738647
3.000000,-1.000000,93.000000,-12.437216,-12.791926,-11.085427,-11.321421,-1.041938,0.937697
0.000000,-1.000000,86.000000,-15.571628,-16.243042,-14.130841,-14.735255,-1.304526,1.190677
1.000000,-2.000000,82.000000,-17.950115,-18.870850,-16.854427,-17.632318,-1.503785,1.383305
9.000000,-8.000000,90.000000,-19.821695,-21.447063,-19.031519,-20.220951,-1.660578,1.572152
5.000000,-3.000000,92.000000,-20.903006,-24.279911,-20.563505,-22.910383,-1.751166,1.779810
3.000000,-3.000000,92.000000,-21.032251,-27.238590,-20.998632,-25.857504,-1.761994,1.996693
7.000000,-7.000000,89.000000,-21.508408,-30.115011,-21.233997,-28.792227,-1.801884,2.207546
4.000000,-4.000000,87.000000,-22.133106,-32.401398,-22.000885,-31.343121,-1.854219,2.375146
6.000000,-9.000000,105.000000,-21.898998,-34.561573,-21.987865,-33.506321,-1.834606,2.533495
3.000000,-6.000000,104.000000,-22.387302,-36.512310,-22.155762,-35.625568,-1.875514,2.676492
3.000000,-7.000000,102.000000,-23.691753,-38.802891,-23.110964,-37.871033,-1.984796,2.844400
5.000000,-7.000000,96.000000,-24.475504,-39.390358,-24.160555,-39.259026,-2.050455,2.887464
5.000000,-7.000000,94.000000,-24.871664,-39.424419,-24.723669,-39.285694,-2.083644,2.889961
6.000000,-11.000000,113.000000,-25.531183,-40.023762,-25.114363,-39.777195,-2.138895,2.933895
4.000000,-7.000000,112.000000,-26.459530,-39.511333,-26.122116,-40.068821,-2.216668,2.896332
6.000000,-7.000000,113.000000,-27.487648,-36.456024,-27.076382,-38.062614,-2.302800,2.672366
5.000000,-6.000000,102.000000,-27.964413,-32.567192,-27.623730,-34.274830,-2.342741,2.387300
8.000000,-8.000000,117.000000,-29.539707,-29.242443,-28.681271,-30.809317,-2.474713,2.143583
5.000000,-4.000000,120.000000,-31.234428,-25.861326,-30.478779,-27.437647,-2.616689,1.895734
6.000000,-6.000000,115.000000,-33.266502,-22.993345,-32.208809,-24.361195,-2.786928,1.685500
6.000000,-3.000000,119.000000,-34.902321,-20.673967,-34.243034,-21.709568,-2.923970,1.515481
7.000000,-3.000000,104.000000,-35.167908,-19.929861,-35.307228,-20.228155,-2.946220,1.460935
7.000000,-4.000000,119.000000,-32.888550,-21.082241,-33.889091,-20.370739,-2.755265,1.545409
7.000000,-3.000000,126.000000,-33.500454,-24.444963,-33.011585,-22.816883,-2.806527,1.791909
6.000000,-4.000000,116.000000,-34.432011,-27.260893,-34.175766,-26.177975,-2.884569,1.998328
6.000000,-4.000000,124.000000,-33.745026,-29.374964,-34.212330,-28.369511,-2.827017,2.153297
7.000000,-6.000000,114.000000,-30.717680,-31.173878,-32.436394,-30.363010,-2.573398,2.285164
6.000000,-7.000000,126.000000,-25.860142,-33.396137,-28.298710,-32.597618,-2.166454,2.448065
4.000000,-6.000000,133.000000,-21.432823,-35.536972,-23.490416,-34.761879,-1.795552,2.604996
4.000000,-6.000000,134.000000,-18.766872,-35.958878,-19.680555,-35.748978,-1.572210,2.635923
2.000000,-6.000000,132.000000,-18.934574,-34.391430,-18.514223,-35.066704,-1.586259,2.521023
3.000000,-6.000000,122.000000,-21.340405,-32.901443,-20.149214,-33.602016,-1.787810,2.411802
4.000000,-6.000000,135.000000,-22.622810,-30.657932,-22.161320,-31.860332,-1.895244,2.247344
3.000000,-7.000000,141.000000,-22.546902,-26.980198,-22.660439,-28.792746,-1.888885,1.977752
4.000000,-4.000000,146.000000,-21.178955,-23.806562,-21.823265,-25.274239,-1.774284,1.745112
3.000000,-4.000000,141.000000,-22.731392,-21.673532,-21.559380,-22.520824,-1.904341,1.588753
7.000000,-3.000000,132.000000,-26.160370,-19.931593,-24.550295,-20.748577,-2.191606,1.461062
6.000000,-4.000000,153.000000,-28.331982,-18.073347,-27.631596,-19.054913,-2.373534,1.324846
5.000000,-2.000000,161.000000,-28.497908,-15.490586,-28.552067,-16.825991,-2.387435,1.135519
7.000000,-3.000000,157.000000,-28.910816,-13.720824,-28.594656,-14.543396,-2.422027,1.005789
4.000000,-3.000000,151.000000,-29.554480,-11.434569,-29.308575,-12.539730,-2.475950,0.838198
5.000000,-2.000000,145.000000,-28.017950,-8.469295,-28.974558,-9.844698,-2.347226,0.620832
7.000000,-1.000000,154.000000,-24.812340,-6.009952,-26.403149,-6.923617,-2.078674,0.440553
3.000000,-2.000000,156.000000,-20.549881,-5.493635,-22.699886,-5.813319,-1.721583,0.402704
4.000000,-1.000000,154.000000,-15.035577,-4.936914,-17.941187,-5.292888,-1.259617,0.361895
2.000000,0.000000,149.000000,-7.591043,-3.078708,-10.983501,-4.007424,-0.635946,0.225681
2.000000,-1.000000,143.000000,-2.532659,-0.787377,-4.946905,-2.101094,-0.212176,0.057718
1.000000,-1.000000,155.000000,1.533875,2.850646,-0.317780,1.102078,0.128502,-0.208963
0.000000,0.000000,154.000000,4.966372,6.356541,3.360348,4.709378,0.416062,-0.465959
0.000000,1.000000,153.000000,9.067034,8.993050,7.038693,7.897577,0.759598,-0.659225
-1.000000,2.000000,149.000000,14.269402,10.467911,11.827785,9.734666,1.195431,-0.767338
-4.000000,2.000000,142.000000,18.696918,11.701889,16.592211,11.148035,1.566349,-0.857793
-3.000000,2.000000,159.000000,22.645283,12.315200,20.916122,11.990759,1.897127,-0.902751
-5.000000,3.000000,154.000000,26.740698,13.869737,24.729156,13.274969,2.240223,-1.016705
-4.000000,2.000000,151.000000,31.029848,15.342430,29.100962,14.657106,2.599550,-1.124659
-5.000000,3.000000,151.000000,34.859821,16.240950,33.159351,15.928820,2.920409,-1.190524
-7.000000,2.000000,139.000000,37.340424,15.846820,36.432289,16.153086,3.128224,-1.161633
-6.000000,2.000000,146.000000,37.874413,16.234529,37.807335,16.093578,3.172960,-1.190053
-7.000000,3.000000,154.000000,37.913280,17.735601,37.938087,17.153488,3.176215,-1.300087
-6.000000,2.000000,143.000000,37.984863,18.935303,37.981705,18.334385,3.182212,-1.388030
-6.000000,4.000000,127.000000,36.595955,21.133987,37.425602,19.957104,3.065856,-1.549202
-8.000000,4.000000,137.000000,33.736683,24.887682,35.394871,22.903601,2.826318,-1.824362
-6.000000,3.000000,130.000000,29.633410,28.512598,31.490307,27.095276,2.482563,-2.090082
-6.000000,5.000000,139.000000,26.964701,32.073772,28.349661,30.233959,2.258990,-2.351130
-4.000000,5.000000,131.000000,24.606777,35.531708,25.614182,33.993401,2.061452,-2.604610
-4.000000,7.000000,118.000000,22.601837,37.977074,23.598057,36.725494,1.893487,-2.783865
-4.000000,8.000000,131.000000,18.908644,41.699757,20.793913,39.991802,1.584087,-3.056752
-4.000000,9.000000,129.000000,14.687704,43.194035,16.695404,42.678246,1.230474,-3.166288
-3.000000,7.000000,125.000000,12.960638,43.554638,13.430567,43.341228,1.085788,-3.192722
-2.000000,7.000000,121.000000,14.375697,41.766388,13.516457,42.901329,1.204336,-3.061636
-3.000000,9.000000,113.000000,17.136843,37.116501,15.853671,39.467140,1.435653,-2.720782
-3.000000,6.000000,124.000000,20.077162,31.970961,18.636957,34.376183,1.681980,-2.343594
-3.000000,5.000000,124.000000,23.709217,24.313066,21.974400,28.186636,1.986259,-1.782241
-3.000000,4.000000,112.000000,28.311674,12.774693,25.832378,18.458399,2.371833,-0.936434
-5.000000,4.000000,111.000000,32.845146,1.363247,30.832672,6.602047,2.751628,-0.099931
-5.000000,1.000000,105.000000,35.400951,-6.776922,34.366505,-3.277131,2.965743,0.496774
-8.000000,-2.000000,114.000000,33.943928,-11.877218,35.053413,-9.760607,2.843680,0.870646
-6.000000,-2.000000,117.000000,30.148380,-11.541247,31.884460,-12.087549,2.525705,0.846018
-6.000000,-2.000000,115.000000,27.186728,-7.084497,28.729172,-9.362556,2.277590,0.519321
-5.000000,-1.000000,114.000000,22.036581,-2.174087,24.478081,-4.617055,1.846132,0.159369
-5.000000,0.000000,111.000000,16.371607,3.781765,19.173641,0.841235,1.371544,-0.277218
-1.000000,0.000000,119.000000,8.340524,9.543271,12.246611,6.931404,0.698734,-0.699558
-2.000000,2.000000,122.000000,1.853783,12.468796,4.576364,11.220919,0.155302,-0.914010
-2.000000,3.000000,116.000000,-2.165307,14.349068,-0.327606,13.493220,-0.181400,-1.051842
1.000000,1.000000,109.000000,-5.523461,14.668478,-3.971962,14.772104,-0.462732,-1.075256
0.000000,7.000000,100.000000,-6.688527,13.598753,-6.295948,14.128923,-0.560337,-0.996841
-1.000000,3.000000,106.000000,-6.513206,12.465365,-6.699391,13.094740,-0.545649,-0.913759
0.000000,4.000000,115.000000,-4.726414,11.739162,-5.709961,12.103815,-0.395959,-0.860525
0.000000,0.000000,115.000000,-3.544013,12.521157,-3.761919,12.170459,-0.296903,-0.917849
2.000000,2.000000,95.000000,-4.737206,11.631261,-4.240642,12.208982,-0.396863,-0.852616
0.000000,3.000000,103.000000,-4.023476,12.019383,-4.374406,11.692901,-0.337070,-0.881067
0.000000,4.000000,111.000000,-3.248835,14.293668,-3.668568,13.038081,-0.272174,-1.047781
0.000000,2.000000,109.000000,-2.638550,15.051363,-2.796114,15.005560,-0.221047,-1.103323
0.000000,3.000000,108.000000,-3.333982,13.105069,-2.990461,14.194931,-0.279307,-0.960652
1.000000,2.000000,96.000000,-1.912186,11.193763,-2.858004,11.854586,-0.160195,-0.820546
1.000000,3.000000,98.000000,0.712069,10.304564,-0.423334,10.764183,0.059654,-0.755364
0.000000,1.000000,106.000000,-0.051011,8.750561,0.650152,9.478656,-0.004274,-0.641450
-1.000000,5.000000,103.000000,-2.530169,8.534861,-1.445240,8.430945,-0.211967,-0.625638
0.000000,3.000000,107.000000,-2.993791,8.442504,-3.093344,8.508610,-0.250807,-0.618868
0.000000,1.000000,96.000000,0.657771,7.982098,-1.286227,8.388636,0.055105,-0.585118
0.000000,1.000000,98.000000,3.714306,6.305654,2.617826,7.056351,0.311169,-0.462229
0.000000,1.000000,97.000000,1.841077,4.735718,3.005450,5.477006,0.154238,-0.347146
-2.000000,0.000000,104.000000,-0.369827,3.149447,0.431474,3.820853,-0.030983,-0.230867
0.000000,0.000000,96.000000,1.021422,3.188632,0.220935,3.171984,0.085570,-0.233739
0.000000,3.000000,92.000000,2.676486,2.488999,1.863605,2.802813,0.224225,-0.182453
-3.000000,2.000000,100.000000,3.590947,1.800033,3.315237,2.237687,0.300834,-0.131949
0.000000,1.000000,102.000000,2.802926,0.811458,3.365030,1.321893,0.234817,-0.059483
0.000000,0.000000,96.000000,0.866041,-0.360014,1.962542,0.201527,0.072553,0.026390
-1.000000,0.000000,93.000000,-1.731887,0.249114,-0.596434,-0.132529,-0.145090,-0.018261
0.000000,0.000000,95.000000,-3.289403,1.298663,-2.559832,0.805462,-0.275572,-0.095197
0.000000,2.000000,102.000000,-5.809746,2.056153,-4.493844,1.913617,-0.486716,-0.150724
0.000000,2.000000,105.000000,-7.502650,3.298421,-6.783813,2.728145,-0.628541,-0.241787
0.000000,3.000000,102.000000,-9.084358,3.887141,-8.283773,3.873730,-0.761049,-0.284942
0.000000,1.000000,93.000000,-9.075981,1.866934,-9.232809,2.906282,-0.760348,-0.136853
0.000000,0.000000,94.000000,-9.126867,0.719901,-8.940789,1.148911,-0.764611,-0.052771
0.000000,0.000000,99.000000,-11.880055,-0.845700,-10.468214,-0.097078,-0.995261,0.061993
1.000000,0.000000,97.000000,-13.140458,-2.662509,-12.938704,-1.838706,-1.100852,0.195172
1.000000,0.000000,94.000000,-11.022587,-3.861102,-12.258383,-3.272141,-0.923426,0.283034
1.000000,0.000000,90.000000,-7.484344,-5.518433,-9.171426,-4.709517,-0.627007,0.404522
1.000000,0.000000,94.000000,-6.253771,-6.085381,-6.594313,-5.825215,-0.523915,0.446082
0.000000,-4.000000,100.000000,-4.687402,-5.175160,-5.597480,-5.888109,-0.392691,0.379359
0.000000,0.000000,99.000000,-1.550502,-2.946214,-3.027817,-3.812588,-0.129895,0.215969
-3.000000,-3.000000,95.000000,-0.205107,-1.168742,-0.582868,-1.898277,-0.017183,0.085673
-1.000000,-2.000000,92.000000,-0.856348,-0.502030,-0.459454,-0.796361,-0.071741,0.036801
3.000000,2.000000,96.000000,-1.220676,-0.491938,-1.119169,-0.521769,-0.102263,0.036061
-5.000000,-1.000000,100.000000,-0.956700,-0.205596,-1.118216,-0.369374,-0.080148,0.015071
-3.000000,5.000000,99.000000,-0.623812,0.087697,-0.835701,-0.030134,-0.052260,-0.006429
0.000000,-2.000000,98.000000,0.314252,-0.929993,-0.187871,-0.355994,0.026327,0.068172
-4.000000,0.000000,92.000000,0.779266,-1.532847,0.568955,-1.377216,0.065284,0.112364
1.000000,0.000000,96.000000,-0.226719,-1.565102,0.344254,-1.463070,-0.018994,0.114728
-5.000000,-3.000000,107.000000,0.049259,-0.817037,-0.164917,-1.204964,0.004127,0.059892
-3.000000,0.000000,98.000000,0.388762,0.477946,0.338404,-0.010887,0.032569,-0.035035
-1.000000,0.000000,99.000000,0.250818,0.571549,0.371902,0.600251,0.021012,-0.041897
0.000000,0.000000,90.000000,-0.177378,-0.210491,-0.020890,0.252038,-0.014860,0.015430
0.000000,0.000000,98.000000,0.543059,-1.567570,0.168477,-0.986414,0.045495,0.114909
0.000000,0.000000,97.000000,1.518112,-2.629026,0.922906,-2.026039,0.127181,0.192718
0.000000,-2.000000,97.000000,3.589831,-3.369019,2.572951,-3.128468,0.300741,0.246962
0.000000,-2.000000,97.000000,5.041635,-3.323095,4.458896,-3.266127,0.422367,0.243596
-1.000000,-1.000000,91.000000,5.561612,-3.615715,5.358121,-3.589548,0.465928,0.265046
0.000000,-1.000000,99.000000,4.977607,-2.418088,5.249593,-3.138431,0.417003,0.177255
-1.000000,0.000000,98.000000,4.863727,-1.785797,4.885108,-1.998029,0.407463,0.130906
0.000000,0.000000,103.000000,4.324542,-1.732247,4.606579,-1.681226,0.362292,0.126980
-1.000000,0.000000,87.000000,3.898813,-2.309595,4.043623,-1.955926,0.326626,0.169302
0.000000,0.000000,92.000000,2.492551,-2.532003,3.331584,-2.554700,0.208815,0.185606
0.000000,0.000000,95.000000,0.643718,-1.743041,1.427347,-2.093970,0.053928,0.127772
0.000000,-1.000000,98.000000,-0.074344,-1.429425,0.270796,-1.602486,-0.006228,0.104782
-1.000000,-1.000000,99.000000,-0.792285,-0.093252,-0.465887,-0.830036,-0.066374,0.006836
0.000000,0.000000,89.000000,-0.813617,1.298819,-0.864177,0.660379,-0.068161,-0.095208
0.000000,0.000000,92.000000,-0.951809,2.048079,-0.845498,1.682643,-0.079739,-0.150132
0.000000,0.000000,96.000000,-1.410158,3.090827,-1.123718,2.641408,-0.118137,-0.226569
0.000000,0.000000,105.000000,-3.054954,3.994217,-2.217357,3.557169,-0.255931,-0.292791
1.000000,1.000000,102.000000,-4.136682,4.457728,-3.760954,4.351663,-0.346554,-0.326769
0.000000,0.000000,88.000000,-4.040919,4.819004,-4.132997,4.596237,-0.338531,-0.353251
1.000000,0.000000,92.000000,-3.011078,4.037021,-3.574219,4.415062,-0.252255,-0.295929
0.000000,0.000000,98.000000,-1.807894,2.353373,-2.228762,3.224768,-0.151458,-0.172511
0.000000,0.000000,96.000000,-1.107224,0.588571,-1.475805,1.363138,-0.092759,-0.043145
1.000000,0.000000,97.000000,-0.215506,-0.652740,-0.661507,-0.095257,-0.018054,0.047848
0.000000,0.000000,91.000000,1.475592,-1.420148,0.613355,-1.116867,0.123619,0.104102
0.000000,0.000000,99.000000,3.428264,-1.412098,2.562864,-1.556114,0.287206,0.103512
0.000000,0.000000,102.000000,3.213554,-0.830174,3.523698,-1.155428,0.269218,0.060855
-1.000000,1.000000,96.000000,0.933391,0.217423,2.124842,-0.289703,0.078196,-0.015938
0.000000,0.000000,95.000000,-1.082460,1.620089,-0.221312,0.959102,-0.090684,-0.118759
0.000000,0.000000,88.000000,-1.889260,2.804342,-1.610815,2.235235,-0.158274,-0.205569
0.000000,0.000000,96.000000,-2.332986,3.145487,-2.077550,3.164212,-0.195448,-0.230576
1.000000,0.000000,95.000000,-1.339018,2.299614,-2.002212,2.690946,-0.112177,-0.168571
0.000000,0.000000,99.000000,0.110801,2.546686,-0.525511,2.381426,0.009282,-0.186682
0.000000,0.000000,102.000000,0.392584,2.575521,0.299359,2.610041,0.032889,-0.188796
0.000000,0.000000,96.000000,0.999922,2.343826,0.690584,2.485163,0.083769,-0.171811
0.000000,0.000000,99.000000,1.201879,2.029200,1.213954,2.242844,0.100688,-0.148748
0.000000,0.000000,108.000000,1.391429,1.233945,1.224299,1.616080,0.116568,-0.090453
0.000000,0.000000,108.000000,1.547926,0.208847,1.588827,0.664228,0.129679,-0.015309
0.000000,0.000000,98.000000,0.289432,-0.692686,0.990026,-0.342868,0.024247,0.050777
0.000000,0.000000,93.000000,-0.898558,-0.700888,-0.473157,-0.797637,-0.075277,0.051378
0.000000,0.000000,101.000000,-0.746449,-0.238552,-0.812472,-0.439735,-0.062534,0.017487
0.000000,0.000000,99.000000,-0.493451,0.803422,-0.662872,0.187331,-0.041339,-0.058894
0.000000,0.000000,104.000000,-0.195809,2.206892,-0.361635,1.628065,-0.016404,-0.161774
0.000000,0.000000,94.000000,0.218052,3.095720,0.031102,2.708651,0.018267,-0.226928
-1.000000,1.000000,98.000000,0.151615,3.612893,0.229133,3.421979,0.012702,-0.264839
0.000000,0.000000,99.000000,-0.282279,3.588422,-0.090594,3.656720,-0.023648,-0.263045
2.000000,0.000000,97.000000,-0.247601,3.381883,-0.276286,3.543095,-0.020743,-0.247905
-1.000000,1.000000,99.000000,-0.362450,1.948518,-0.165376,2.792218,-0.030365,-0.142834
-1.000000,1.000000,91.000000,-0.959999,0.166681,-0.684474,1.013927,-0.080425,-0.012218
2.000000,0.000000,89.000000,-1.050141,-0.859486,-1.074312,-0.434990,-0.087976,0.063004
0.000000,0.000000,100.000000,-1.074407,-1.496929,-1.013578,-1.228089,-0.090009,0.109731
0.000000,0.000000,102.000000,-0.549335,-1.668509,-0.851824,-1.703580,-0.046021,0.122308
1.000000,-2.000000,95.000000,-0.304683,-0.748124,-0.394190,-1.180483,-0.025525,0.054840
0.000000,0.000000,91.000000,-0.316936,0.345446,-0.261915,-0.215096,-0.026552,-0.025323
0.000000,0.000000,91.000000,-0.840967,0.960321,-0.617950,0.679441,-0.070453,-0.070395
0.000000,0.000000,99.000000,-0.693805,1.502649,-0.786174,1.240842,-0.058124,-0.110150
0.000000,0.000000,99.000000,-1.138271,1.234872,-0.993540,1.290654,-0.095360,-0.090521
1.000000,3.000000,95.000000,-0.472812,1.741601,-0.847859,1.439744,-0.039610,-0.127666
0.000000,0.000000,88.000000,0.710414,2.677736,0.172261,2.248934,0.059515,-0.196288
0.000000,-2.000000,91.000000,2.256239,3.511725,1.516876,3.171889,0.189018,-0.257423
-1.000000,3.000000,96.000000,4.503197,4.115813,3.434422,3.919533,0.377259,-0.301705
-1.000000,1.000000,101.000000,7.330680,3.661908,5.977956,3.964835,0.614134,-0.268432
-3.000000,0.000000,93.000000,11.384486,2.591457,9.275513,3.027383,0.953744,-0.189964
-1.000000,1.000000,85.000000,16.155653,1.891355,14.001088,2.179832,1.353453,-0.138644
-2.000000,1.000000,91.000000,18.969925,0.883902,17.844696,1.395112,1.589221,-0.064793
-5.000000,0.000000,98.000000,20.645308,-0.173226,19.880114,0.265050,1.729577,0.012698
-6.000000,1.000000,90.000000,20.974911,-0.806774,20.959751,-0.437234,1.757190,0.059140
-4.000000,0.000000,91.000000,20.682617,-1.389402,20.886192,-1.144423,1.732703,0.101848
-4.000000,-1.000000,93.000000,18.368809,-1.936289,19.532454,-1.710783,1.538862,0.141937
-4.000000,-2.000000,95.000000,16.572378,-1.056579,17.356632,-1.615871,1.388364,0.077451
-4.000000,1.000000,100.000000,15.362973,0.890398,15.848013,-0.043953,1.287045,-0.065270
-2.000000,0.000000,99.000000,13.933887,2.973696,14.757532,1.999069,1.167323,-0.217983
-1.000000,0.000000,86.000000,11.410564,4.569006,12.496485,3.841595,0.955929,-0.334926
-1.000000,0.000000,95.000000,9.918819,6.527354,10.608007,5.531306,0.830957,-0.478480
-2.000000,2.000000,94.000000,8.764721,8.955865,9.212029,7.721498,0.734272,-0.656499
-3.000000,2.000000,93.000000,8.287409,11.085411,8.494458,10.194405,0.694284,-0.812603
-2.000000,1.000000,90.000000,7.376830,12.880821,7.844438,12.058371,0.618000,-0.944213
-4.000000,3.000000,84.000000,6.592481,14.612205,6.988667,13.869555,0.552290,-1.071131
-1.000000,2.000000,83.000000,5.583733,15.239306,6.042321,14.984407,0.467782,-1.117100
0.000000,2.000000,90.000000,4.378661,15.520160,5.010729,15.511294,0.366826,-1.137687
-1.000000,2.000000,93.000000,2.505808,14.762648,3.423452,15.159856,0.209926,-1.082159
0.000000,2.000000,92.000000,0.717270,13.878113,1.477092,14.317021,0.060090,-1.017319
0.000000,4.000000,83.000000,-0.616686,12.999136,0.074842,13.453461,-0.051663,-0.952886
0.000000,3.000000,88.000000,-1.604862,12.217738,-1.129454,12.775934,-0.134449,-0.895607
1.000000,1.000000,91.000000,-1.145004,11.783513,-1.430866,11.811365,-0.095924,-0.863777
0.000000,1.000000,92.000000,-0.602208,13.832188,-0.870322,12.748556,-0.050450,-1.013952
0.000000,3.000000,92.000000,-0.519369,16.238503,-0.504894,15.236646,-0.043511,-1.190344
0.000000,2.000000,83.000000,-1.355116,19.020006,-0.718262,18.023121,-0.113526,-1.394239
0.000000,6.000000,81.000000,-3.023049,22.479319,-2.224500,20.770145,-0.253258,-1.647820
0.000000,2.000000,87.000000,-5.757147,24.323730,-4.619327,23.372517,-0.482310,-1.783023
0.000000,2.000000,85.000000,-7.316437,26.274452,-6.546890,25.591028,-0.612940,-1.926018
3.000000,5.000000,91.000000,-8.753920,28.336618,-7.998055,27.404156,-0.733367,-2.077183
3.000000,8.000000,76.000000,-10.281179,29.251822,-9.620993,29.107096,-0.861314,-2.144270
1.000000,4.000000,77.000000,-9.647027,29.465994,-9.910884,29.321951,-0.808187,-2.159970
1.000000,6.000000,85.000000,-10.124065,30.233646,-9.824574,29.796192,-0.848152,-2.216242
1.000000,6.000000,92.000000,-10.458220,30.930573,-10.394861,30.333660,-0.876146,-2.267329
3.000000,3.000000,82.000000,-10.761729,30.842552,-10.831421,31.046726,-0.901572,-2.260877
2.000000,9.000000,69.000000,-10.453385,30.110596,-10.570695,30.419933,-0.875741,-2.207222
0.000000,4.000000,74.000000,-10.827916,28.282850,-10.681467,29.046406,-0.907117,-2.073241
3.000000,4.000000,90.000000,-9.998033,26.471014,-10.630522,27.134848,-0.837593,-1.940427
1.000000,3.000000,100.000000,-9.343920,24.610710,-9.530484,25.638958,-0.782794,-1.804059
2.000000,8.000000,65.000000,-9.117856,22.732872,-9.155209,23.501606,-0.763856,-1.666407
1.000000,1.000000,72.000000,-9.595276,20.467415,-9.330676,21.715242,-0.803852,-1.500340
1.000000,3.000000,79.000000,-9.352816,17.592144,-9.472395,18.759245,-0.783540,-1.289572
1.000000,3.000000,101.000000,-8.418695,15.423894,-8.881751,16.463066,-0.705283,-1.130630
2.000000,4.000000,98.000000,-6.860930,14.212897,-7.704507,14.853743,-0.574780,-1.041860
2.000000,4.000000,71.000000,-4.432266,13.621276,-5.469373,13.966701,-0.371317,-0.998492
1.000000,1.000000,74.000000,-3.185571,12.599763,-3.737851,12.956877,-0.266874,-0.923611
0.000000,2.000000,82.000000,-3.148091,12.051526,-3.166032,12.334880,-0.263734,-0.883423
0.000000,1.000000,101.000000,-2.446341,11.348665,-2.824035,11.649723,-0.204944,-0.831901
0.000000,3.000000,102.000000,-1.950339,11.234032,-2.126882,11.400042,-0.163391,-0.823498
-1.000000,4.000000,68.000000,-1.908921,9.488290,-1.965828,10.306479,-0.159921,-0.695528
0.000000,2.000000,70.000000,-1.957725,7.371717,-1.907024,8.461919,-0.164010,-0.540375
0.000000,1.000000,79.000000,-0.960322,4.229350,-1.656299,5.868159,-0.080452,-0.310028
1.000000,0.000000,96.000000,1.642968,-1.804347,0.463280,1.321163,0.137641,0.132266
0.000000,0.000000,97.000000,3.849799,-9.233226,2.836039,-5.705368,0.322520,0.676831
-2.000000,0.000000,70.000000,5.021537,-16.423277,4.636930,-13.083878,0.420683,1.203889
-2.000000,-4.000000,75.000000,5.376678,-23.622164,5.189096,-20.197468,0.450435,1.731595
0.000000,-3.000000,91.000000,6.877109,-30.372103,6.060371,-27.334126,0.576135,2.226391
-3.000000,-4.000000,97.000000,8.365776,-37.081528,7.691893,-33.948051,0.700850,2.718218
-1.000000,-8.000000,95.000000,10.700012,-42.369747,9.591937,-40.101204,0.896402,3.105865
-4.000000,-7.000000,77.000000,10.778016,-44.890442,10.989532,-43.845730,0.902937,3.290641
-2.000000,-8.000000,75.000000,8.029488,-46.121468,9.444858,-45.733944,0.672677,3.380880
-1.000000,-7.000000,84.000000,4.782463,-46.054966,6.244401,-46.263172,0.400655,3.376005
0.000000,-9.000000,89.000000,1.004889,-45.150852,2.902194,-45.640385,0.084185,3.309730
0.000000,-6.000000,89.000000,-4.015380,-45.451836,-1.588692,-44.760292,-0.336392,3.331794
1.000000,-10.000000,81.000000,-6.514028,-46.734573,-5.453502,-45.956284,-0.545718,3.425823
2.000000,-8.000000,80.000000,-5.472773,-47.739410,-6.108615,-47.252708,-0.458486,3.499481
1.000000,-10.000000,83.000000,-4.497235,-48.466312,-4.614272,-48.077911,-0.376759,3.552766
1.000000,-9.000000,97.000000,-5.646487,-47.957153,-4.875860,-48.252205,-0.473039,3.515443
2.000000,-11.000000,87.000000,-7.420556,-48.312565,-6.698264,-47.990486,-0.621663,3.541496
0.000000,-8.000000,89.000000,-6.023517,-48.096382,-6.918710,-48.423622,-0.504625,3.525649
1.000000,-7.000000,95.000000,-3.055843,-48.221489,-4.523645,-48.066399,-0.256006,3.534820
1.000000,-8.000000,103.000000,-0.039966,-48.031395,-1.370100,-48.201866,-0.003348,3.520885
0.000000,-9.000000,100.000000,0.775132,-48.062710,0.617755,-48.125568,0.064937,3.523180
-1.000000,-12.000000,94.000000,-0.075705,-48.163204,0.373059,-47.921638,-0.006342,3.530547
0.000000,-9.000000,101.000000,-0.320262,-46.795895,-0.264342,-47.492088,-0.026830,3.430318
0.000000,-9.000000,102.000000,-0.919251,-46.100716,-0.700307,-46.637417,-0.077011,3.379359
-1.000000,-8.000000,117.000000,-1.874435,-45.801365,-1.524793,-45.937126,-0.157032,3.357415
0.000000,-10.000000,112.000000,-2.385399,-43.954231,-2.184710,-44.611778,-0.199839,3.222013
0.000000,-10.000000,102.000000,-2.174690,-41.849178,-2.249517,-42.695881,-0.182186,3.067705
1.000000,-8.000000,111.000000,-2.632504,-39.832672,-2.461386,-40.889473,-0.220540,2.919887
1.000000,-8.000000,112.000000,-3.653873,-37.848209,-3.092056,-38.957008,-0.306106,2.774419
0.000000,-7.000000,115.000000,-4.906321,-35.778324,-4.576590,-36.803795,-0.411031,2.622688
1.000000,-8.000000,124.000000,-4.911010,-31.747740,-4.712678,-33.614487,-0.411424,2.327231
2.000000,-6.000000,119.000000,-6.075676,-27.664961,-5.446733,-29.585672,-0.508995,2.027947
1.000000,-5.000000,118.000000,-8.066629,-25.499472,-7.203602,-26.349625,-0.675788,1.869209
2.000000,-5.000000,122.000000,-7.471972,-23.471220,-7.968291,-24.344677,-0.625970,1.720530
1.000000,-4.000000,122.000000,-6.007383,-21.412746,-6.601254,-22.574154,-0.503273,1.569636
2.000000,-4.000000,112.000000,-6.793442,-18.748137,-6.240286,-19.927105,-0.569126,1.374310
1.000000,-4.000000,120.000000,-8.745981,-16.792044,-7.868317,-17.602711,-0.732702,1.230921
0.000000,-6.000000,126.000000,-8.864266,-15.938463,-9.039491,-16.475864,-0.742611,1.168350
2.000000,-2.000000,131.000000,-7.345304,-15.016520,-8.125947,-15.444598,-0.615359,1.100768
0.000000,-1.000000,136.000000,-5.325793,-13.188852,-6.296128,-14.122212,-0.446173,0.966793
2.000000,-3.000000,126.000000,-3.388789,-10.120814,-4.367547,-11.674354,-0.283899,0.741894
0.000000,-2.000000,121.000000,-2.251565,-6.278847,-2.672428,-8.233170,-0.188627,0.460264
1.000000,-1.000000,125.000000,-1.997561,-1.855431,-1.999807,-3.912899,-0.167347,0.136010
0.000000,0.000000,130.000000,-2.558732,2.740697,-2.383090,0.512759,-0.214360,-0.200904
0.000000,0.000000,127.000000,-1.287148,7.823433,-2.035576,5.356198,-0.107832,-0.573488
0.000000,2.000000,127.000000,-0.173992,13.522401,-0.571492,10.786004,-0.014576,-0.991244
0.000000,2.000000,121.000000,-1.148212,19.622780,-0.506862,16.769968,-0.096192,-1.438425
1.000000,2.000000,121.000000,-3.446927,26.289051,-2.377475,23.089451,-0.288769,-1.927088
0.000000,5.000000,125.000000,-5.618313,33.202625,-4.587053,29.928364,-0.470679,-2.433879
3.000000,5.000000,132.000000,-6.989578,40.479259,-6.498387,37.138371,-0.585558,-2.967284
1.000000,10.000000,113.000000,-7.602852,47.898106,-7.254190,44.486298,-0.636935,-3.511114
2.000000,8.000000,121.000000,-9.776486,54.553680,-8.681786,51.430439,-0.819033,-3.998993
1.000000,9.000000,109.000000,-12.878494,60.185703,-11.403316,57.848930,-1.078906,-4.411842
2.000000,12.000000,120.000000,-15.858605,62.765209,-14.543942,61.622936,-1.328567,-4.600930
3.000000,11.000000,112.000000,-15.835979,63.935078,-16.152546,63.368156,-1.326672,-4.686686
3.000000,13.000000,105.000000,-13.922814,63.224808,-14.901659,63.772194,-1.166395,-4.634621
2.000000,12.000000,98.000000,-11.990374,61.307522,-12.857576,62.380054,-1.004503,-4.494076
2.000000,11.000000,97.000000,-8.875276,56.874012,-10.505190,58.972401,-0.743533,-4.169083
1.000000,10.000000,106.000000,-4.113518,53.596516,-6.284905,55.284931,-0.344613,-3.928830
1.000000,10.000000,99.000000,-1.138496,51.509750,-2.343460,52.542347,-0.095378,-3.775862
0.000000,15.000000,90.000000,-0.405126,50.004921,-0.642551,50.648766,-0.033940,-3.665552
1.000000,9.000000,86.000000,-1.242664,49.051430,-0.790925,49.523323,-0.104105,-3.595657
0.000000,8.000000,92.000000,-1.018914,48.704346,-1.199817,48.797947,-0.085360,-3.570215
0.000000,10.000000,95.000000,-0.182997,47.194542,-0.740811,47.734951,-0.015331,-3.459540
1.000000,7.000000,88.000000,1.267605,45.245804,0.639607,46.535038,0.106195,-3.316691
0.000000,11.000000,75.000000,3.383833,42.447205,2.241704,43.624035,0.283483,-3.111543
-1.000000,9.000000,80.000000,5.043087,38.444611,4.400634,40.347523,0.422489,-2.818137
-1.000000,6.000000,81.000000,6.169891,34.298763,5.578196,36.433258,0.516888,-2.514230
-1.000000,5.000000,87.000000,7.764665,29.615883,6.936137,31.760487,0.650491,-2.170958
-1.000000,7.000000,91.000000,8.643652,25.172380,8.371335,27.156015,0.724129,-1.845232
-4.000000,4.000000,75.000000,9.462150,22.038097,9.112192,23.390734,0.792699,-1.615477
-1.000000,3.000000,73.000000,9.071570,19.282372,9.426233,20.575909,0.759978,-1.413472
-1.000000,5.000000,86.000000,7.554456,17.241650,8.362749,18.269405,0.632881,-1.263879
-1.000000,2.000000,89.000000,5.383262,13.806439,6.434458,15.427284,0.450987,-1.012065
-1.000000,2.000000,67.000000,3.922757,9.203791,4.532840,11.359789,0.328632,-0.674673
-1.000000,1.000000,80.000000,3.208139,4.043815,3.450431,6.527612,0.268764,-0.296427
0.000000,0.000000,71.000000,3.482877,-1.616896,3.243268,1.045678,0.291781,0.118525
-1.000000,2.000000,80.000000,4.839202,-8.019287,4.082166,-4.883513,0.405408,0.587844
0.000000,-1.000000,94.000000,6.359011,-16.216454,5.807544,-12.241455,0.532731,1.188728
0.000000,-3.000000,73.000000,6.269447,-24.000349,6.295262,-20.429577,0.525228,1.759317
-1.000000,-3.000000,77.000000,8.370301,-31.641306,7.115067,-28.121542,0.701229,2.319429
-2.000000,-5.000000,74.000000,10.781700,-39.338913,9.672465,-35.815155,0.903246,2.883693
-3.000000,-9.000000,84.000000,12.057814,-44.907158,11.595999,-42.371437,1.010153,3.291866
-3.000000,-8.000000,89.000000,12.756161,-48.204163,12.441037,-46.891346,1.068658,3.533549
-2.000000,-13.000000,83.000000,12.860654,-48.914471,12.862970,-48.733013,1.077412,3.585618
-2.000000,-9.000000,83.000000,10.541800,-49.471474,11.891028,-49.239517,0.883148,3.626448
0.000000,-8.000000,83.000000,6.530262,-49.251816,8.632551,-49.129513,0.547078,3.610346
-3.000000,-8.000000,93.000000,2.952335,-49.013393,4.516870,-48.859772,0.247334,3.592869
-2.000000,-8.000000,103.000000,2.741051,-48.448578,2.672807,-48.965515,0.229634,3.551466
1.000000,-12.000000,91.000000,3.797579,-47.489239,3.486140,-48.089924,0.318145,3.481143
-2.000000,-5.000000,95.000000,3.091087,-47.946442,3.488209,-47.783241,0.258958,3.514658
-2.000000,-10.000000,98.000000,1.343439,-48.744400,2.126927,-48.517956,0.112548,3.573151
0.000000,-8.000000,102.000000,0.349914,-49.124382,0.736033,-48.847645,0.029314,3.601005
1.000000,-11.000000,97.000000,2.187379,-49.678856,1.104476,-49.295364,0.183249,3.641650
0.000000,-10.000000,107.000000,4.003306,-49.615986,3.449440,-49.541119,0.335380,3.637042
-1.000000,-9.000000,112.000000,3.220302,-49.866264,3.648844,-49.795403,0.269783,3.655388
0.000000,-8.000000,110.000000,2.609092,-51.513622,2.890321,-50.712700,0.218579,3.776145
-2.000000,-10.000000,121.000000,2.577265,-51.569878,2.488117,-51.705475,0.215912,3.780269
-1.000000,-15.000000,112.000000,4.218595,-49.871223,3.348398,-50.638584,0.353416,3.655751
0.000000,-9.000000,112.000000,6.278783,-46.541729,5.330984,-48.215405,0.526010,3.411687
-1.000000,-9.000000,116.000000,6.350964,-44.189854,6.605361,-45.207161,0.532057,3.239285
0.000000,-9.000000,118.000000,4.342185,-42.695171,5.285213,-43.531452,0.363770,3.129719
-1.000000,-9.000000,127.000000,3.393623,-40.202911,3.795066,-41.494709,0.284303,2.947027
-2.000000,-9.000000,125.000000,1.935598,-36.881081,2.687185,-38.536507,0.162156,2.703524
0.000000,-5.000000,119.000000,1.485036,-31.563366,1.633341,-34.071823,0.124410,2.313715
0.000000,-6.000000,123.000000,1.027646,-25.077183,1.270839,-28.258987,0.086092,1.838253
1.000000,-7.000000,122.000000,-2.263080,-18.625044,-0.428114,-21.668148,-0.189591,1.365287
0.000000,-1.000000,125.000000,-6.104754,-12.643646,-4.420138,-15.368190,-0.511431,0.926828
1.000000,-1.000000,122.000000,-8.446415,-6.860714,-7.483680,-9.515710,-0.707605,0.502917
3.000000,-3.000000,119.000000,-9.431091,-2.459461,-9.072081,-4.423330,-0.790097,0.180288
1.000000,0.000000,125.000000,-9.852761,0.310848,-9.645061,-0.843768,-0.825423,-0.022786
1.000000,0.000000,130.000000,-9.597181,1.131254,-9.809834,0.948105,-0.804012,-0.082925
1.000000,0.000000,132.000000,-7.645991,0.441350,-8.737713,0.799482,-0.640549,-0.032353
1.000000,-1.000000,128.000000,-4.882935,-0.537259,-6.164340,-0.115518,-0.409072,0.039383
2.000000,0.000000,126.000000,-3.561746,-0.494325,-4.077986,-0.596136,-0.298388,0.036236
1.000000,0.000000,125.000000,-2.206925,0.803381,-2.864516,-0.015495,-0.184887,-0.058891
2.000000,-2.000000,132.000000,-1.322839,4.212392,-1.563693,2.547738,-0.110822,-0.308784
1.000000,-1.000000,131.000000,-2.245113,8.639752,-1.740152,6.498431,-0.188086,-0.633327
0.000000,2.000000,123.000000,-2.838067,13.502712,-2.579753,11.132950,-0.237761,-0.989800
0.000000,1.000000,123.000000,-3.375238,20.051779,-3.060166,16.885950,-0.282763,-1.469872
1.000000,2.000000,128.000000,-4.028931,27.570608,-3.640019,24.037140,-0.337527,-2.021031
0.000000,8.000000,131.000000,-5.513519,33.196247,-4.891474,30.726980,-0.461899,-2.433412
1.000000,7.000000,124.000000,-5.210630,37.300774,-5.538881,35.500809,-0.436525,-2.734289
1.000000,7.000000,111.000000,-3.499424,40.366016,-4.398871,38.859566,-0.293167,-2.958983
0.000000,7.000000,118.000000,-0.423606,44.052853,-2.189859,42.227291,-0.035488,-3.229243
0.000000,8.000000,110.000000,2.336630,46.844471,1.412125,45.735508,0.195753,-3.433879
0.000000,8.000000,114.000000,1.704109,47.724758,2.018264,47.449993,0.142763,-3.498408
-1.000000,12.000000,111.000000,1.766438,48.533573,1.606646,48.143761,0.147985,-3.557697
0.000000,9.000000,105.000000,2.976215,49.960278,2.369375,49.287167,0.249335,-3.662280
0.000000,9.000000,106.000000,2.786780,50.292171,3.018532,49.950787,0.233465,-3.686609
-2.000000,11.000000,109.000000,2.217472,51.881802,2.472682,51.094582,0.185771,-3.803135
0.000000,11.000000,106.000000,0.714628,53.257645,1.494005,52.695923,0.059869,-3.903989
0.000000,13.000000,99.000000,-2.458596,53.998291,-0.737266,53.739258,-0.205971,-3.958281
0.000000,11.000000,97.000000,-6.184099,55.344147,-4.517673,54.638073,-0.518078,-4.056938
1.000000,10.000000,95.000000,-8.751526,55.921722,-7.722618,55.671986,-0.733166,-4.099276
1.000000,8.000000,90.000000,-10.057051,54.892864,-9.511650,55.423866,-0.842537,-4.023857
2.000000,11.000000,93.000000,-10.189876,52.342232,-10.323012,53.670399,-0.853665,-3.836886
1.000000,14.000000,89.000000,-7.883070,48.373627,-9.036295,50.594543,-0.660411,-3.545972
1.000000,9.000000,84.000000,-4.885530,43.423687,-6.371108,45.441872,-0.409289,-3.183122
0.000000,8.000000,81.000000,-2.378679,38.777878,-3.647755,40.934776,-0.199276,-2.842567
1.000000,7.000000,78.000000,0.985061,33.585613,-0.640678,36.215294,0.082524,-2.461954
0.000000,5.000000,85.000000,3.389527,29.709188,2.435660,31.545074,0.283960,-2.177797
-2.000000,8.000000,82.000000,4.067430,27.050665,3.963016,28.326715,0.340752,-1.982917
0.000000,6.000000,76.000000,4.395658,25.080721,4.297900,26.081417,0.368250,-1.838513
-1.000000,5.000000,75.000000,3.222822,22.321512,3.803014,23.524830,0.269995,-1.636252
0.000000,4.000000,73.000000,3.001585,19.701918,3.055864,20.879316,0.251460,-1.444226
-1.000000,4.000000,92.000000,2.173234,17.083258,2.692518,18.442318,0.182064,-1.252268
0.000000,3.000000,78.000000,1.618112,14.245573,1.852251,15.626799,0.135559,-1.044255
-1.000000,1.000000,74.000000,0.902634,10.025023,1.275522,12.176602,0.075619,-0.734873
-1.000000,0.000000,80.000000,1.515070,4.971423,1.093513,7.393115,0.126926,-0.364424
0.000000,1.000000,71.000000,2.210351,-0.465628,1.905112,2.140762,0.185174,0.034132
0.000000,0.000000,83.000000,3.109472,-6.125033,2.725501,-3.496755,0.260499,0.448988
-1.000000,0.000000,77.000000,3.737436,-11.537955,3.435255,-9.028370,0.313107,0.845776
0.000000,-1.000000,75.000000,4.091330,-16.290897,3.997735,-14.125374,0.342754,1.194185
-1.000000,-2.000000,79.000000,3.760739,-21.136887,3.935521,-18.888504,0.315059,1.549415
-1.000000,-4.000000,73.000000,3.970190,-27.368618,3.741902,-24.270800,0.332606,2.006224
0.000000,-4.000000,81.000000,5.884199,-35.673599,4.765314,-31.695919,0.492953,2.615011
-1.000000,-8.000000,82.000000,8.580031,-43.034161,7.416098,-39.714291,0.718799,3.154569
0.000000,-6.000000,79.000000,9.236593,-48.961563,8.950659,-46.442352,0.773803,3.589070
-1.000000,-9.000000,82.000000,9.690509,-51.811687,9.499415,-50.616924,0.811830,3.797995
-1.000000,-11.000000,87.000000,8.662179,-54.590263,9.293741,-53.273151,0.725681,4.001675
-1.000000,-11.000000,96.000000,5.943860,-57.433479,7.280329,-56.218060,0.497952,4.210093
-1.000000,-16.000000,93.000000,4.226023,-59.109360,4.748464,-58.260620,0.354038,4.332942
-1.000000,-11.000000,95.000000,5.189131,-57.950600,4.695012,-58.696522,0.434724,4.248001
-1.000000,-9.000000,99.000000,4.958751,-56.953506,5.268543,-57.608295,0.415423,4.174910
-1.000000,-9.000000,97.000000,2.770142,-56.613541,3.774746,-56.737251,0.232071,4.149989
0.000000,-11.000000,109.000000,1.014897,-55.816540,1.762054,-56.277519,0.085024,4.091566
0.000000,-14.000000,108.000000,1.390493,-52.702507,1.053212,-54.222637,0.116490,3.863296
0.000000,-9.000000,109.000000,1.802261,-50.417263,1.612498,-51.198078,0.150986,3.695778
-1.000000,-10.000000,114.000000,2.306904,-48.075832,2.182046,-49.235767,0.193263,3.524142
0.000000,-9.000000,111.000000,0.410354,-44.871159,1.392863,-46.487221,0.034378,3.289227
0.000000,-7.000000,116.000000,-1.597585,-39.067425,-0.575678,-42.047443,-0.133839,2.863792
0.000000,-11.000000,119.000000,-3.627864,-32.890308,-2.723974,-35.721077,-0.303927,2.410985
1.000000,-4.000000,110.000000,-4.395963,-27.190546,-4.214864,-29.734289,-0.368275,1.993171
0.000000,-6.000000,118.000000,-3.754104,-20.918076,-3.957532,-23.903217,-0.314503,1.533375
2.000000,-5.000000,116.000000,-4.760453,-14.792942,-4.161757,-17.826542,-0.398811,1.084379
0.000000,-2.000000,123.000000,-6.964515,-7.830189,-5.765149,-11.035820,-0.583458,0.573983
1.000000,0.000000,121.000000,-9.563560,-1.732921,-8.561862,-4.480727,-0.801195,0.127030
2.000000,-1.000000,120.000000,-9.866908,2.197543,-9.865816,0.511707,-0.826608,-0.161088
1.000000,0.000000,123.000000,-9.393064,4.360737,-9.673123,3.370849,-0.786912,-0.319659
2.000000,0.000000,120.000000,-7.942861,6.227977,-8.675781,5.462533,-0.665420,-0.456535
1.000000,0.000000,123.000000,-6.399825,6.994318,-7.107050,6.799905,-0.536150,-0.512710
1.000000,1.000000,116.000000,-3.942276,6.972884,-5.233560,7.036035,-0.330267,-0.511139
1.000000,0.000000,118.000000,0.256078,7.207896,-1.881726,7.069108,0.021453,-0.528366
1.000000,2.000000,112.000000,4.248446,7.458550,2.396385,7.383805,0.355917,-0.546740
-1.000000,1.000000,117.000000,8.711121,8.396985,6.504431,7.780070,0.729781,-0.615531
-2.000000,3.000000,125.000000,13.493452,11.507946,11.243913,9.859414,1.130425,-0.843576
-2.000000,3.000000,112.000000,16.686691,15.814566,15.399099,13.688866,1.397941,-1.159268
-2.000000,1.000000,111.000000,17.285828,20.537680,17.209845,18.236097,1.448134,-1.505490
-3.000000,1.000000,108.000000,16.803347,25.060225,16.967297,23.077145,1.407714,-1.837010
-4.000000,7.000000,106.000000,17.294962,28.518269,17.096519,26.990255,1.448899,-2.090498
-3.000000,7.000000,118.000000,15.422837,29.112318,16.589600,29.111614,1.292060,-2.134044
-3.000000,6.000000,117.000000,9.887262,27.547041,12.738486,28.398102,0.828313,-2.019303
-1.000000,6.000000,102.000000,2.338453,24.371407,5.959386,26.103046,0.195906,-1.786518
0.000000,5.000000,106.000000,-5.965394,19.128414,-2.093536,21.685389,-0.499756,-1.402186
2.000000,1.000000,102.000000,-12.329329,12.270330,-9.497787,15.514429,-1.032899,-0.899462
2.000000,4.000000,106.000000,-16.777544,6.037028,-14.890305,8.810011,-1.405552,-0.442537
2.000000,0.000000,105.000000,-20.285233,1.296338,-18.665564,3.481254,-1.699412,-0.095027
4.000000,0.000000,104.000000,-20.316156,-1.474178,-20.674051,-0.299107,-1.702002,0.108063
6.000000,0.000000,106.000000,-18.409746,-2.934933,-19.546970,-2.434956,-1.542291,0.215142
3.000000,0.000000,105.000000,-14.974898,-2.029294,-16.677862,-2.670101,-1.254534,0.148755
4.000000,0.000000,113.000000,-12.975870,1.165096,-13.712662,-0.589479,-1.087064,-0.085406
2.000000,0.000000,111.000000,-13.351331,7.352349,-12.937633,4.296968,-1.118518,-0.538955
3.000000,0.000000,108.000000,-14.125314,14.189339,-13.835650,10.961836,-1.183359,-1.040133
3.000000,1.000000,108.000000,-13.898736,20.776974,-14.169742,17.788589,-1.164378,-1.523032
2.000000,4.000000,104.000000,-12.459286,25.975735,-13.103394,23.580345,-1.043787,-1.904121
2.000000,5.000000,108.000000,-11.725241,29.839470,-11.977407,28.136898,-0.982291,-2.187347
2.000000,6.000000,105.000000,-10.950099,32.395153,-11.385744,31.471176,-0.917353,-2.374689
1.000000,6.000000,101.000000,-9.388933,32.196178,-10.228224,32.470604,-0.786565,-2.360103
2.000000,4.000000,99.000000,-6.187263,28.989090,-7.888656,30.665680,-0.518343,-2.125011
1.000000,6.000000,93.000000,-1.058106,23.447832,-3.492506,26.202358,-0.088644,-1.718816
0.000000,5.000000,105.000000,3.480150,16.452898,1.430553,19.787716,0.291552,-1.206060
0.000000,2.000000,96.000000,7.420410,9.069470,5.567470,12.474960,0.621651,-0.664827
-2.000000,4.000000,91.000000,10.356596,2.740826,9.082520,5.729969,0.867632,-0.200913
-2.000000,0.000000,90.000000,12.069586,-2.478063,11.321201,-0.143979,1.011139,0.181651
-1.000000,0.000000,91.000000,13.123997,-5.679477,12.680727,-4.332004,1.099473,0.416327
-2.000000,-2.000000,104.000000,12.034711,-7.563323,12.786683,-6.797898,1.008218,0.554421
-3.000000,-2.000000,101.000000,9.610698,-7.297822,10.766712,-7.616899,0.805144,0.534958
-1.000000,-1.000000,99.000000,7.094310,-5.909078,8.300797,-6.630231,0.594332,0.433158
-1.000000,0.000000,100.000000,5.389806,-3.322402,6.066054,-4.630964,0.451535,0.243545
-1.000000,-1.000000,97.000000,5.154112,0.594617,5.216275,-1.255233,0.431790,-0.043588
-1.000000,0.000000,102.000000,5.215688,3.849111,5.139932,2.371953,0.436948,-0.282155
-1.000000,0.000000,95.000000,6.656154,6.765602,5.823170,5.534546,0.557625,-0.495945
-2.000000,2.000000,100.000000,9.632500,7.288720,8.059079,7.126920,0.806970,-0.534291
-1.000000,1.000000,96.000000,14.320024,7.032408,12.023188,7.210050,1.199672,-0.515502
-2.000000,1.000000,95.000000,19.342552,6.229290,17.102617,6.493585,1.620438,-0.456631
-4.000000,1.000000,100.000000,23.319016,7.329141,21.448889,6.675942,1.953569,-0.537254
-5.000000,0.000000,91.000000,27.401056,9.212225,25.454458,8.301700,2.295545,-0.675291
-5.000000,2.000000,95.000000,30.737638,9.750849,29.187027,9.589634,2.575070,-0.714775
-5.000000,3.000000,93.000000,35.011883,9.148557,32.802837,9.325777,2.933148,-0.670624
-5.000000,1.000000,94.000000,40.549728,11.033237,38.063972,9.986644,3.397086,-0.808778
-9.000000,3.000000,97.000000,45.340496,11.704392,43.095932,11.408230,3.798436,-0.857977
-7.000000,1.000000,93.000000,49.574417,12.657677,47.726467,12.193524,4.153137,-0.927856
-7.000000,4.000000,81.000000,51.239922,13.167667,50.657631,13.028348,4.292665,-0.965240
-8.000000,2.000000,93.000000,50.753826,12.844119,51.160118,13.154854,4.251942,-0.941523
-8.000000,4.000000,86.000000,48.995491,12.233377,49.862518,12.308668,4.104637,-0.896753
-10.000000,4.000000,89.000000,47.926231,11.998068,48.254238,11.937713,4.015059,-0.879504
-8.000000,2.000000,78.000000,47.368103,13.486831,47.664135,12.844515,3.968301,-0.988636
-7.000000,3.000000,75.000000,45.984539,15.192398,46.639736,14.349261,3.852391,-1.113661
-9.000000,1.000000,80.000000,43.106110,15.344476,44.576057,15.367067,3.611249,-1.124809
-7.000000,3.000000,83.000000,39.201305,13.980153,40.993176,14.684209,3.284121,-1.024799
-8.000000,3.000000,85.000000,37.358208,12.001181,37.840992,12.664052,3.129714,-0.879732
-7.000000,2.000000,86.000000,37.261299,11.482859,37.559887,11.998495,3.121595,-0.841738
-7.000000,0.000000,74.000000,35.193462,10.890841,36.325569,11.297083,2.948360,-0.798340
-5.000000,3.000000,74.000000,32.105328,8.477050,33.547001,9.606885,2.689650,-0.621400
-7.000000,0.000000,78.000000,27.181673,4.983560,29.715946,6.628004,2.277166,-0.365314
-5.000000,1.000000,82.000000,24.322741,3.625532,25.084890,3.854709,2.037657,-0.265765
-4.000000,2.000000,75.000000,23.939711,4.522129,24.183685,4.217663,2.005569,-0.331489
-6.000000,3.000000,73.000000,22.878712,5.663986,23.679701,5.381618,1.916682,-0.415192
-3.000000,0.000000,85.000000,19.661592,4.843712,21.251823,5.362676,1.647166,-0.355063
-3.000000,0.000000,69.000000,16.093121,4.442021,17.897305,4.707744,1.348214,-0.325617
-4.000000,1.000000,79.000000,11.400236,3.639985,13.645009,4.073453,0.955064,-0.266825
-2.000000,0.000000,76.000000,5.825007,3.512287,8.503087,3.535674,0.487995,-0.257464
-2.000000,1.000000,77.000000,-1.124820,3.536607,2.191321,3.499544,-0.094233,-0.259247
0.000000,0.000000,76.000000,-7.561540,2.276548,-4.570720,3.027904,-0.633474,-0.166880
0.000000,3.000000,77.000000,-14.318007,-0.694088,-11.082035,0.756166,-1.199502,0.050879
3.000000,-1.000000,78.000000,-20.318045,-3.013564,-17.442060,-1.852501,-1.702160,0.220906
3.000000,-1.000000,76.000000,-26.234465,-5.194138,-23.490974,-4.281913,-2.197813,0.380750
4.000000,1.000000,72.000000,-31.230768,-7.896218,-28.865711,-6.492125,-2.616383,0.578823
7.000000,-3.000000,76.000000,-35.990128,-11.288910,-33.793369,-9.599817,-3.015102,0.827520
6.000000,-3.000000,79.000000,-40.340660,-14.230053,-38.334248,-12.982399,-3.379571,1.043117
11.000000,-2.000000,83.000000,-43.731964,-16.141296,-42.186867,-15.159526,-3.663681,1.183219
7.000000,-3.000000,82.000000,-46.684525,-17.631392,-45.232853,-16.960194,-3.911034,1.292449
11.000000,-3.000000,81.000000,-50.262379,-18.310490,-48.584648,-18.111233,-4.210771,1.342229
8.000000,-3.000000,81.000000,-52.983749,-18.152426,-51.819885,-18.165348,-4.438756,1.330642
11.000000,-4.000000,90.000000,-53.963730,-17.963179,-53.638985,-18.086819,-4.520854,1.316770
11.000000,-3.000000,90.000000,-54.838417,-16.266436,-54.429810,-16.941387,-4.594132,1.192392
8.000000,-3.000000,86.000000,-55.800495,-15.102687,-55.142834,-15.606949,-4.674731,1.107085
10.000000,-3.000000,78.000000,-58.397324,-13.754327,-57.049187,-14.327551,-4.892282,1.008245
11.000000,-3.000000,83.000000,-61.689373,-12.446978,-60.076714,-13.129311,-5.168077,0.912411
14.000000,-3.000000,103.000000,-63.530579,-11.567014,-62.925804,-11.898754,-5.322325,0.847906
10.000000,-2.000000,94.000000,-62.002907,-9.078253,-62.923271,-10.334902,-5.194343,0.665471
12.000000,-1.000000,96.000000,-60.332977,-7.721177,-61.016438,-8.166026,-5.054443,0.565992
10.000000,-2.000000,90.000000,-60.961388,-7.272379,-60.400215,-7.411269,-5.107089,0.533093
10.000000,-1.000000,98.000000,-63.135880,-7.269752,-61.941875,-7.324148,-5.289259,0.532901
15.000000,-3.000000,103.000000,-64.958542,-7.103932,-64.255630,-7.158362,-5.441954,0.520745
12.000000,-1.000000,98.000000,-66.000504,-9.353820,-65.689774,-8.179788,-5.529245,0.685671
12.000000,-1.000000,91.000000,-62.248760,-11.929483,-64.428627,-10.754479,-5.214940,0.874477
11.000000,-1.000000,97.000000,-55.280327,-12.978024,-58.789238,-12.547822,-4.631154,0.951339
10.000000,-2.000000,92.000000,-47.090931,-14.183187,-50.937279,-13.527788,-3.945081,1.039682
9.000000,-5.000000,110.000000,-39.554176,-18.460531,-43.168987,-15.998805,-3.313683,1.353228
7.000000,-3.000000,103.000000,-32.329441,-24.339787,-35.587132,-21.878468,-2.708425,1.784199
6.000000,-4.000000,98.000000,-27.489832,-28.632332,-29.508734,-26.667749,-2.302983,2.098859
5.000000,-5.000000,100.000000,-26.555811,-30.822231,-26.790319,-30.209728,-2.224734,2.259387
3.000000,-5.000000,106.000000,-28.740971,-27.728434,-27.457270,-29.644150,-2.407798,2.032600
6.000000,-7.000000,117.000000,-33.540535,-20.933569,-31.183746,-24.420458,-2.809885,1.534511
7.000000,-3.000000,113.000000,-38.864021,-13.442460,-36.510128,-17.161661,-3.255864,0.985384
7.000000,-3.000000,115.000000,-42.188713,-5.313400,-40.733665,-8.971029,-3.534393,0.389493
7.000000,-1.000000,111.000000,-41.935848,0.805331,-42.290138,-1.984391,-3.513209,-0.059034
9.000000,0.000000,116.000000,-38.714058,6.334924,-40.470604,3.678440,-3.243301,-0.464374
9.000000,1.000000,121.000000,-34.136333,10.433682,-36.267296,8.653299,-2.859798,-0.764829
7.000000,2.000000,119.000000,-29.680317,12.185942,-32.051540,11.565377,-2.486492,-0.893276
4.000000,2.000000,117.000000,-23.090820,11.079833,-26.275583,11.779586,-1.934452,-0.812194
4.000000,2.000000,114.000000,-15.685498,9.414307,-19.070057,9.971254,-1.314065,-0.690105
4.000000,1.000000,114.000000,-8.632062,8.004013,-12.181257,8.829007,-0.723158,-0.586725
2.000000,2.000000,126.000000,-1.855794,6.560460,-4.975159,7.252196,-0.155471,-0.480907
0.000000,2.000000,118.000000,3.869946,5.822120,1.245645,6.052987,0.324208,-0.426784
-1.000000,0.000000,115.000000,8.014758,6.109332,6.115192,5.960559,0.671443,-0.447837
-2.000000,1.000000,110.000000,13.131935,6.532322,10.560799,6.279122,1.100138,-0.478844
-2.000000,0.000000,112.000000,19.440550,7.003736,16.287996,6.791016,1.628648,-0.513401
-4.000000,3.000000,124.000000,26.700050,7.500646,23.331528,7.303801,2.236818,-0.549826
-5.000000,1.000000,114.000000,32.762089,8.283443,30.082821,7.871896,2.744670,-0.607208
-7.000000,1.000000,104.000000,38.178745,8.854746,35.678978,8.683149,3.198455,-0.649087
-7.000000,3.000000,108.000000,42.033463,9.940750,40.398319,9.512472,3.521387,-0.728695
-7.000000,2.000000,101.000000,44.796944,10.599244,43.433098,10.144937,3.752900,-0.776965
-10.000000,2.000000,113.000000,47.180511,10.634464,46.033497,10.416095,3.952585,-0.779547
-9.000000,4.000000,105.000000,50.159489,12.247116,48.797413,11.600943,4.202151,-0.897760
-9.000000,3.000000,94.000000,51.564224,14.290031,50.993298,13.365839,4.319834,-1.047514
-10.000000,3.000000,96.000000,50.387493,14.719201,51.283043,14.615776,4.221252,-1.078974
-8.000000,3.000000,94.000000,48.596516,15.483582,49.250610,14.990550,4.071212,-1.135006
-12.000000,5.000000,99.000000,47.793575,15.926981,48.326797,15.829051,4.003945,-1.167509
-8.000000,1.000000,98.000000,47.947826,15.696436,47.693989,15.844744,4.016868,-1.150609
-9.000000,2.000000,91.000000,50.344311,15.603224,48.960495,15.756258,4.217635,-1.143776
-9.000000,2.000000,92.000000,54.593395,13.290945,52.393505,14.416064,4.573606,-0.974277
-10.000000,2.000000,89.000000,59.649818,9.895035,57.340889,11.692671,4.997211,-0.725344
-14.000000,2.000000,98.000000,62.690422,6.838032,61.401844,8.336633,5.251940,-0.501254
-11.000000,0.000000,99.000000,64.660599,4.540817,63.824657,5.670583,5.416993,-0.332859
-12.000000,1.000000,85.000000,66.117737,0.181864,65.315041,2.480481,5.539067,-0.013331
-12.000000,0.000000,90.000000,68.958328,-3.007150,67.665337,-1.524037,5.777039,0.220436
-13.000000,-2.000000,83.000000,71.028130,-4.562889,70.259956,-4.178925,5.950438,0.334477
-19.000000,0.000000,90.000000,71.473732,-3.987180,71.269089,-4.323871,5.987769,0.292276
-12.000000,-4.000000,87.000000,69.125046,-1.620244,70.520988,-2.794355,5.791007,0.118770
-12.000000,-3.000000,87.000000,65.809143,1.296774,67.341873,-0.179534,5.513214,-0.095058
-11.000000,1.000000,79.000000,61.563641,1.884064,63.662262,2.118089,5.157543,-0.138109
-12.000000,0.000000,79.000000,58.275604,-0.321094,59.698112,0.816545,4.882085,0.023537
-13.000000,-1.000000,94.000000,54.764954,-4.453097,56.524879,-2.303441,4.587978,0.326429
-10.000000,-1.000000,86.000000,51.977161,-8.976236,53.096367,-6.999297,4.354428,0.657992
-9.000000,-1.000000,89.000000,48.501377,-13.054827,50.223831,-11.079081,4.063241,0.956969
-9.000000,-3.000000,87.000000,44.260143,-16.950527,46.437584,-14.993917,3.707929,1.242538
-8.000000,-1.000000,85.000000,39.883076,-18.733154,41.899757,-18.021847,3.341237,1.373212
-8.000000,-4.000000,93.000000,35.650917,-19.864613,37.638504,-19.466354,2.986684,1.456152
-6.000000,-3.000000,96.000000,32.112392,-19.048811,33.808666,-19.601246,2.690241,1.396351
-7.000000,-1.000000,89.000000,26.766050,-17.156654,29.519293,-18.199984,2.242347,1.257648
-4.000000,-3.000000,91.000000,18.429932,-14.480595,22.643742,-15.819903,1.543982,1.061483
-3.000000,-2.000000,90.000000,8.949527,-10.440721,13.474917,-12.321871,0.749754,0.765345
-3.000000,0.000000,100.000000,-0.615266,-6.656553,3.975008,-8.308877,-0.051544,0.487951
0.000000,-3.000000,98.000000,-10.642769,-3.041920,-5.905142,-4.804658,-0.891607,0.222984
2.000000,0.000000,88.000000,-19.811255,1.058078,-15.641617,-0.934035,-1.659704,-0.077561
3.000000,0.000000,91.000000,-27.725655,4.328143,-24.117319,2.911284,-2.322739,-0.317269
6.000000,1.000000,99.000000,-35.593029,6.170029,-31.971272,5.321317,-2.981835,-0.452287
6.000000,1.000000,103.000000,-43.142914,6.957262,-39.563240,6.664262,-3.614332,-0.509994
9.000000,1.000000,95.000000,-50.102882,7.656787,-47.035622,7.339955,-4.197409,-0.561272
8.000000,2.000000,88.000000,-53.659878,7.305008,-52.186115,7.566751,-4.495399,-0.535485
10.000000,1.000000,88.000000,-54.585606,5.991289,-54.298664,6.602063,-4.572953,-0.439184
13.000000,1.000000,100.000000,-56.455196,3.918713,-55.494587,4.886475,-4.729579,-0.287257
11.000000,0.000000,99.000000,-57.527443,1.290720,-57.215168,2.520264,-4.819407,-0.094615
10.000000,0.000000,93.000000,-56.681274,-0.869052,-57.123741,0.102186,-4.748519,0.063705
13.000000,-1.000000,87.000000,-56.779488,-4.075262,-56.643913,-2.618084,-4.756747,0.298732
11.000000,0.000000,87.000000,-56.611736,-7.322534,-56.973091,-5.780925,-4.742693,0.536770
15.000000,-2.000000,100.000000,-54.642647,-9.550511,-55.514111,-8.523110,-4.577732,0.700089
11.000000,-2.000000,97.000000,-53.491928,-11.504189,-53.854088,-10.558846,-4.481329,0.843301
9.000000,-2.000000,102.000000,-53.042107,-12.001656,-53.106606,-11.800130,-4.443645,0.879767
10.000000,-1.000000,95.000000,-54.260986,-9.902999,-53.588432,-11.122235,-4.545758,0.725928
9.000000,-1.000000,96.000000,-56.073963,-5.081131,-55.282024,-7.521641,-4.697641,0.372466
14.000000,-2.000000,110.000000,-60.379604,-1.130170,-58.059650,-2.999833,-5.058350,0.082846
12.000000,-1.000000,106.000000,-64.456459,5.851893,-62.853722,2.612561,-5.399891,-0.428966
11.000000,2.000000,97.000000,-65.657593,14.948694,-65.404709,10.714293,-5.500517,-1.095796
11.000000,3.000000,94.000000,-63.841808,20.260201,-64.896980,17.919149,-5.348399,-1.485150
11.000000,4.000000,96.000000,-61.736073,22.876532,-62.547150,21.927032,-5.171989,-1.676937
15.000000,6.000000,109.000000,-57.601761,23.499352,-59.769306,23.473600,-4.825634,-1.722592
10.000000,3.000000,105.000000,-52.129005,22.398388,-54.710960,22.978748,-4.367149,-1.641888
9.000000,4.000000,91.000000,-46.205643,21.426968,-48.923412,21.690954,-3.870915,-1.570679
8.000000,3.000000,88.000000,-40.920330,18.253439,-43.440350,20.254498,-3.428133,-1.338047
7.000000,2.000000,91.000000,-36.088017,13.629992,-38.333496,15.714804,-3.023303,-0.999131
8.000000,3.000000,110.000000,-31.011883,10.118709,-33.377277,11.609261,-2.598045,-0.741740
5.000000,3.000000,106.000000,-26.361296,7.902759,-28.624369,8.977270,-2.208439,-0.579302
5.000000,1.000000,95.000000,-20.147436,5.256360,-23.080223,6.619329,-1.687868,-0.385311
4.000000,0.000000,87.000000,-13.522941,2.221771,-16.584797,3.461246,-1.132895,-0.162864
2.000000,0.000000,92.000000,-6.914667,1.616308,-9.943377,1.761249,-0.579282,-0.118482
1.000000,1.000000,97.000000,-2.002014,2.145221,-4.125393,1.854850,-0.167720,-0.157253
0.000000,0.000000,99.000000,2.844408,3.606876,0.547994,2.852846,0.238293,-0.264398
0.000000,0.000000,95.000000,8.025109,4.955901,5.555636,4.397264,0.672310,-0.363286
0.000000,1.000000,87.000000,15.056367,6.147229,11.602307,5.596787,1.261359,-0.450615
-2.000000,2.000000,92.000000,21.897310,6.327767,18.760258,6.366745,1.834465,-0.463850
-6.000000,1.000000,100.000000,28.161684,6.593434,25.273144,6.428229,2.359268,-0.483324
-4.000000,0.000000,102.000000,34.354954,6.450065,31.438137,6.736939,2.878114,-0.472814
-7.000000,1.000000,92.000000,40.870586,6.601543,37.540005,6.331076,3.423966,-0.483918
-7.000000,1.000000,84.000000,45.677937,5.377170,43.574066,5.806206,3.826706,-0.394167
-9.000000,3.000000,82.000000,49.894173,5.845654,48.030499,5.525310,4.179924,-0.428509
-10.000000,2.000000,98.000000,52.779259,7.221217,51.508034,6.644009,4.421625,-0.529343
-10.000000,1.000000,96.000000,54.908386,8.668937,53.963905,7.918381,4.599994,-0.635466
-9.000000,2.000000,86.000000,55.205482,9.387506,55.364540,9.173883,4.624883,-0.688140
-9.000000,2.000000,89.000000,55.078613,8.605061,54.942261,8.862532,4.614255,-0.630784
-9.000000,2.000000,83.000000,56.123852,8.976491,55.503071,8.585310,4.701821,-0.658011
-13.000000,2.000000,92.000000,56.801105,10.801706,56.757301,9.741802,4.758558,-0.791806
-11.000000,2.000000,97.000000,56.461639,12.687010,56.854778,12.192862,4.730119,-0.930006
-8.000000,3.000000,89.000000,55.052860,13.451416,55.611237,13.395437,4.612097,-0.986040
-11.000000,3.000000,83.000000,55.829685,11.824843,55.476509,12.917130,4.677176,-0.866806
-11.000000,2.000000,84.000000,58.723541,9.333037,57.339355,10.484095,4.919612,-0.684147
-14.000000,2.000000,96.000000,62.947197,6.263757,60.732292,7.692927,5.273452,-0.459157
-12.000000,1.000000,92.000000,65.924850,2.224232,64.757790,4.393586,5.522907,-0.163045
-10.000000,0.000000,76.000000,67.158943,-3.238328,66.788773,-0.597026,5.626295,0.237382
-12.000000,-1.000000,76.000000,66.611259,-9.187263,66.975792,-6.208459,5.580412,0.673461
-19.000000,0.000000,92.000000,66.854729,-13.444686,66.658211,-11.618505,5.600809,0.985547
-11.000000,-3.000000,91.000000,66.841759,-17.949907,66.706100,-16.003735,5.599722,1.315797
-13.000000,-4.000000,86.000000,65.824234,-22.733248,66.460068,-20.582859,5.514478,1.666434
-10.000000,-4.000000,83.000000,62.254684,-26.300266,63.808624,-24.998114,5.215436,1.927910
-11.000000,-3.000000,80.000000,59.751446,-27.804991,60.880993,-27.268356,5.005725,2.038212
-14.000000,-6.000000,98.000000,55.424961,-27.156620,57.672138,-27.720387,4.643270,1.990684
-10.000000,-4.000000,92.000000,46.506046,-23.630985,51.019238,-25.565020,3.896081,1.732242
-6.000000,-3.000000,97.000000,34.131077,-17.949572,40.137325,-20.868330,2.859359,1.315772
-6.000000,-3.000000,91.000000,21.160772,-11.530990,27.293446,-14.392693,1.772761,0.845266
-5.000000,-2.000000,91.000000,8.685101,-6.288287,14.501569,-8.504515,0.727601,0.460955
-1.000000,-1.000000,102.000000,-3.240387,-2.170323,2.304471,-4.092525,-0.271466,0.159093
1.000000,0.000000,95.000000,-13.734282,0.745316,-8.986843,-0.542543,-1.150600,-0.054635
3.000000,0.000000,96.000000,-21.938015,2.555603,-18.348703,1.728697,-1.837875,-0.187336
3.000000,0.000000,93.000000,-28.579550,2.948661,-25.416985,2.905790,-2.394275,-0.216148
4.000000,0.000000,83.000000,-35.567245,3.120030,-32.354862,2.922956,-2.979674,-0.228710
8.000000,0.000000,97.000000,-41.340652,3.215032,-38.835995,3.116953,-3.463346,-0.235674
9.000000,1.000000,96.000000,-46.042744,2.671138,-43.883373,3.003056,-3.857268,-0.195805
9.000000,0.000000,97.000000,-50.713516,0.442600,-48.608253,1.556553,-4.248566,-0.032444
7.000000,1.000000,83.000000,-53.763435,-2.360054,-52.448303,-0.942627,-4.504075,0.173001
10.000000,0.000000,81.000000,-55.471832,-5.208362,-54.854332,-3.917108,-4.647197,0.381793
12.000000,0.000000,100.000000,-57.068790,-7.920851,-56.347267,-6.691129,-4.780984,0.580629
12.000000,-3.000000,96.000000,-58.594238,-10.294909,-57.725868,-9.169555,-4.908779,0.754656
10.000000,0.000000,95.000000,-61.042503,-12.678164,-59.942268,-11.651247,-5.113885,0.929358
10.000000,-3.000000,92.000000,-62.508179,-13.407597,-61.890614,-13.150560,-5.236673,0.982828
11.000000,-3.000000,87.000000,-63.735401,-13.046585,-63.067421,-13.183577,-5.339484,0.956365
17.000000,-4.000000,101.000000,-65.372177,-12.463749,-64.597771,-12.741950,-5.476606,0.913640
11.000000,-1.000000,108.000000,-66.576126,-10.476205,-65.953812,-11.722162,-5.577468,0.767946
11.000000,-1.000000,98.000000,-67.115074,-7.286936,-66.622597,-8.521970,-5.622620,0.534160
12.000000,0.000000,97.000000,-70.050697,-4.694431,-68.468849,-5.645665,-5.868553,0.344120
13.000000,-1.000000,91.000000,-73.118065,-1.794937,-71.856461,-3.079293,-6.125525,0.131576
18.000000,-1.000000,109.000000,-73.072762,-0.574383,-73.347343,-0.852905,-6.121729,0.042105
12.000000,0.000000,107.000000,-68.633560,0.730474,-71.016571,0.117306,-5.749831,-0.053547
12.000000,0.000000,103.000000,-63.069626,-0.572979,-65.667328,0.192862,-5.283709,0.042002
11.000000,-1.000000,98.000000,-58.757858,-2.350117,-60.546478,-1.506100,-4.922486,0.172273
11.000000,0.000000,92.000000,-54.389526,-4.251280,-56.466461,-3.319194,-4.556526,0.311635
12.000000,0.000000,110.000000,-48.902748,-4.659504,-51.644642,-4.490959,-4.096867,0.341559
10.000000,0.000000,106.000000,-41.147530,-4.360411,-45.061390,-4.642661,-3.447167,0.319635
6.000000,-1.000000,99.000000,-34.610008,-3.701544,-37.447090,-4.025391,-2.899482,0.271337
7.000000,0.000000,90.000000,-30.481653,-3.720390,-32.365929,-3.741136,-2.553625,0.272719
5.000000,-1.000000,99.000000,-26.767250,-2.927701,-28.538202,-3.514147,-2.242448,0.214612
5.000000,-1.000000,108.000000,-22.553974,0.200825,-24.462097,-1.375636,-1.889477,-0.014721
5.000000,0.000000,114.000000,-18.333006,3.458727,-20.298786,2.050748,-1.535862,-0.253538
4.000000,-1.000000,112.000000,-13.808039,7.131134,-16.096077,5.278462,-1.156779,-0.522739
2.000000,0.000000,97.000000,-5.954379,11.600019,-9.877008,9.529128,-0.498833,-0.850326
1.000000,2.000000,96.000000,2.262430,14.524210,-1.556838,13.254169,0.189537,-1.064680
0.000000,4.000000,109.000000,10.623455,15.212172,6.687224,15.015424,0.889988,-1.115110
-1.000000,2.000000,107.000000,19.391895,14.593434,15.224025,15.008375,1.624571,-1.069754
-4.000000,3.000000,101.000000,29.696707,13.275044,24.773056,13.860891,2.487865,-0.973112
-6.000000,4.000000,93.000000,38.816498,11.116718,34.812080,12.238832,3.251883,-0.814898
-9.000000,2.000000,103.000000,47.792160,9.431837,43.634983,10.065879,4.003827,-0.691390
-8.000000,4.000000,104.000000,56.520058,8.323590,52.883156,9.229617,4.735013,-0.610151
-10.000000,1.000000,99.000000,62.428116,5.281670,59.741566,6.955119,5.229966,-0.387167
-11.000000,0.000000,100.000000,67.976425,2.361134,65.514572,3.798739,5.694779,-0.173080
-12.000000,0.000000,85.000000,70.464661,-0.787799,69.615318,0.576480,5.903234,0.057749
-18.000000,1.000000,103.000000,70.742020,-1.794148,70.807190,-1.511294,5.926469,0.131518
-13.000000,0.000000,111.000000,69.356819,-0.282234,70.121269,-1.170499,5.810423,0.020689
-12.000000,1.000000,104.000000,67.414520,1.850493,68.271545,0.510064,5.647706,-0.135648
-11.000000,1.000000,100.000000,66.092155,6.827892,66.961426,4.694726,5.536923,-0.500511
-12.000000,2.000000,88.000000,64.723969,11.400542,65.201935,9.293525,5.422302,-0.835703
-14.000000,2.000000,98.000000,64.093719,13.541759,64.241974,12.534015,5.369503,-0.992663
-12.000000,3.000000,98.000000,66.296074,16.148352,64.973991,14.974376,5.554007,-1.183736
-10.000000,4.000000,89.000000,68.332413,15.477005,67.635681,16.113602,5.724603,-1.134524
-12.000000,2.000000,86.000000,68.150978,11.764322,68.265152,13.571501,5.709403,-0.862370
-12.000000,2.000000,74.000000,67.158905,6.226675,67.680725,8.801402,5.626291,-0.456439
-15.000000,2.000000,91.000000,63.887028,1.230583,65.623398,3.427577,5.352187,-0.090206
-12.000000,0.000000,94.000000,57.957355,-3.220954,60.888683,-1.243808,4.855424,0.236108
-10.000000,0.000000,91.000000,50.706783,-5.981345,54.253883,-4.733300,4.248001,0.438455
-9.000000,-2.000000,80.000000,43.824402,-7.748608,46.966133,-6.936077,3.671424,0.568003
-9.000000,0.000000,82.000000,36.408760,-9.436948,39.959175,-8.773485,3.050173,0.691764
-8.000000,-5.000000,95.000000,29.866728,-8.934897,32.852207,-9.247671,2.502109,0.654962
-5.000000,-1.000000,98.000000,24.490307,-7.145308,26.939266,-8.049814,2.051695,0.523778
-4.000000,0.000000,94.000000,18.482481,-4.762089,21.431536,-5.972992,1.548385,0.349079
-3.000000,-2.000000,89.000000,9.662951,-2.339491,14.060156,-3.503700,0.809522,0.171494
-2.000000,0.000000,84.000000,-1.264098,0.526508,3.941023,-0.874043,-0.105901,-0.038595
0.000000,0.000000,90.000000,-11.735713,3.451734,-6.956895,2.131914,-0.983169,-0.253025
4.000000,1.000000,93.000000,-20.362745,4.940917,-16.363125,4.329781,-1.705905,-0.362188
1.000000,2.000000,90.000000,-28.631386,5.113914,-24.719435,5.177333,-2.398617,-0.374869
5.000000,0.000000,96.000000,-36.426025,4.789935,-32.782001,4.927580,-3.051620,-0.351121
5.000000,2.000000,83.000000,-42.848545,4.404878,-39.968498,4.550964,-3.589671,-0.322894
10.000000,0.000000,93.000000,-48.278732,3.329710,-45.659767,4.092992,-4.044590,-0.244080
8.000000,0.000000,99.000000,-54.079437,0.965779,-51.176868,2.119497,-4.530548,-0.070795
10.000000,1.000000,91.000000,-60.868599,-2.631246,-57.754986,-0.948342,-5.099316,0.192880
12.000000,1.000000,86.000000,-64.469231,-5.818235,-63.063942,-4.116816,-5.400961,0.426499
11.000000,0.000000,83.000000,-65.243340,-8.857233,-64.918343,-7.142425,-5.465813,0.649269
16.000000,-2.000000,91.000000,-66.112228,-12.784117,-65.728439,-10.960836,-5.538605,0.937125
11.000000,-2.000000,99.000000,-66.947289,-16.874401,-66.457809,-14.993813,-5.608563,1.236958
12.000000,-3.000000,96.000000,-68.482956,-19.870928,-67.871498,-18.542833,-5.737215,1.456615
11.000000,-3.000000,96.000000,-68.651184,-19.337843,-68.599586,-19.746868,-5.751308,1.417538
12.000000,-3.000000,88.000000,-67.283524,-17.710487,-68.056572,-18.506647,-5.636732,1.298246
16.000000,-5.000000,104.000000,-65.629883,-15.979775,-66.396255,-16.612827,-5.498196,1.171379
13.000000,-3.000000,112.000000,-63.704597,-12.718029,-64.546112,-14.347525,-5.336904,0.932280
11.000000,-2.000000,105.000000,-60.707352,-10.024489,-62.179768,-11.409069,-5.085807,0.734833
9.000000,0.000000,97.000000,-58.825939,-6.334115,-59.706947,-8.147734,-4.928190,0.464315
14.000000,-3.000000,104.000000,-56.032070,-1.637695,-57.371227,-3.783146,-4.694132,0.120049
11.000000,-1.000000,116.000000,-54.872906,2.364509,-55.290230,0.611004,-4.597022,-0.173328
9.000000,1.000000,107.000000,-54.066307,4.799595,-54.665771,3.592835,-4.529449,-0.351829
10.000000,0.000000,103.000000,-51.533558,8.119704,-52.822529,6.391407,-4.317265,-0.595205
8.000000,1.000000,97.000000,-48.013889,11.798664,-49.912987,10.063398,-4.022402,-0.864887
12.000000,1.000000,104.000000,-45.584339,14.621526,-46.519463,13.227287,-3.818864,-1.071814
8.000000,3.000000,109.000000,-44.128326,16.278080,-44.970375,15.625174,-3.696886,-1.193246
9.000000,2.000000,107.000000,-41.489769,16.405525,-42.805210,16.360956,-3.475839,-1.202588
6.000000,3.000000,106.000000,-36.016582,16.976587,-38.592167,16.657413,-3.017318,-1.244449
6.000000,3.000000,93.000000,-31.737804,16.265108,-33.986317,16.746614,-2.658860,-1.192295
7.000000,2.000000,92.000000,-26.368876,14.687372,-28.828918,15.389929,-2.209074,-1.076641
5.000000,3.000000,105.000000,-21.015129,11.965149,-23.457977,13.261633,-1.760559,-0.877091
4.000000,2.000000,101.000000,-15.231039,7.453450,-18.378920,9.621263,-1.275993,-0.546366
3.000000,2.000000,104.000000,-7.133684,3.227222,-11.168942,5.269132,-0.597630,-0.236568
2.000000,0.000000,100.000000,0.231108,-1.745607,-3.226483,0.460983,0.019361,0.127960
0.000000,0.000000,94.000000,8.024715,-4.836103,4.403635,-3.628981,0.672277,0.354505
-2.000000,0.000000,106.000000,15.620485,-5.365077,12.137235,-5.278110,1.308619,0.393281
-2.000000,0.000000,105.000000,22.445141,-5.104145,19.230171,-5.187474,1.880360,0.374153
-5.000000,-2.000000,103.000000,28.733057,-5.039831,25.795679,-5.121948,2.407135,0.369439
-5.000000,-2.000000,98.000000,34.380016,-3.297931,31.860571,-4.383851,2.880213,0.241751
-9.000000,0.000000,98.000000,38.316227,-0.132346,36.679726,-1.593769,3.209973,0.009701
-8.000000,0.000000,106.000000,40.514790,2.911634,39.490643,1.517664,3.394159,-0.213434
-8.000000,2.000000,101.000000,42.834782,4.738945,41.984200,4.036058,3.588518,-0.347383
-10.000000,0.000000,96.000000,44.573647,6.266168,43.635117,5.588401,3.734193,-0.459334
-7.000000,1.000000,91.000000,47.329647,7.599436,46.113758,6.976485,3.965079,-0.557068
-12.000000,2.000000,96.000000,50.232601,7.699190,48.624126,7.858654,4.208276,-0.564380
-8.000000,1.000000,100.000000,55.792782,5.177267,53.050117,6.644953,4.674085,-0.379513
-10.000000,3.000000,93.000000,62.217205,1.101073,59.075298,3.032552,5.212296,-0.080713
-10.000000,0.000000,100.000000,67.113853,-3.136213,64.841660,-1.193868,5.622517,0.229896
-11.000000,-1.000000,87.000000,71.502556,-7.411884,69.448799,-5.303580,5.990184,0.543320
-16.000000,-2.000000,101.000000,74.930626,-9.878729,73.435661,-8.966960,6.277373,0.724149
-15.000000,-1.000000,104.000000,75.831268,-10.189866,75.679642,-10.250818,6.352825,0.746956
-15.000000,-3.000000,97.000000,73.646286,-7.904052,74.928047,-9.260855,6.169777,0.579397
-15.000000,-1.000000,103.000000,69.103462,-3.417498,71.282539,-5.636184,5.789198,0.250516
-14.000000,-1.000000,89.000000,63.878086,0.983284,66.424507,-0.861878,5.351438,-0.072078
-16.000000,0.000000,96.000000,58.373093,4.330437,61.131386,2.738479,4.890253,-0.317438
-10.000000,0.000000,94.000000,53.071079,7.841270,55.518410,6.329749,4.446072,-0.574795
-10.000000,1.000000,92.000000,49.245171,11.179193,50.983131,9.816950,4.125554,-0.819478
-9.000000,2.000000,87.000000,46.972149,13.181473,47.802769,12.126789,3.935129,-0.966252
-9.000000,1.000000,80.000000,45.561405,14.481754,46.206276,13.897539,3.816943,-1.061568
-9.000000,2.000000,90.000000,43.251160,14.012879,44.384590,14.412470,3.623400,-1.027198
-8.000000,2.000000,96.000000,41.280960,10.493292,42.221550,12.488047,3.458346,-0.769198
-7.000000,0.000000,92.000000,39.840412,5.109511,40.529415,7.738048,3.337663,-0.374547
-8.000000,1.000000,87.000000,38.754299,-0.763981,39.199245,2.080389,3.246673,0.056003
-6.000000,0.000000,81.000000,38.661530,-6.536155,38.714733,-3.876221,3.238901,0.479125
-11.000000,-2.000000,89.000000,37.261421,-11.556715,38.044838,-9.327898,3.121605,0.847151
-4.000000,-2.000000,97.000000,34.050903,-15.674919,35.660114,-13.860951,2.852642,1.149032
-8.000000,-1.000000,93.000000,30.853172,-18.828421,32.225975,-17.428406,2.584749,1.380195
-4.000000,-3.000000,88.000000,28.957155,-20.869158,29.969318,-19.953701,2.425909,1.529789
-6.000000,-2.000000,85.000000,25.526688,-21.483566,27.272324,-21.464092,2.138519,1.574828
-6.000000,-3.000000,91.000000,19.117317,-20.572794,22.432018,-21.059952,1.601569,1.508065
-2.000000,-3.000000,94.000000,11.313951,-18.183290,15.041601,-19.303776,0.947835,1.332905
-2.000000,-1.000000,101.000000,2.592201,-15.472086,6.766722,-16.851273,0.217164,1.134163
0.000000,-4.000000,98.000000,-6.882407,-11.479797,-2.346595,-13.397199,-0.576579,0.841513
0.000000,-2.000000,93.000000,-17.869131,-7.486440,-12.562792,-9.370888,-1.497001,0.548785
3.000000,-2.000000,99.000000,-28.913876,-4.163424,-23.845667,-5.731730,-2.422283,0.305195
5.000000,-1.000000,98.000000,-39.034050,-1.107882,-34.420067,-2.523155,-3.270109,0.081212
9.000000,-1.000000,98.000000,-45.859653,1.346624,-42.708176,0.311836,-3.841929,-0.098713
9.000000,1.000000,98.000000,-52.678402,3.113357,-49.471191,2.287946,-4.413175,-0.228221
9.000000,0.000000,88.000000,-59.308781,3.590251,-56.251198,3.483767,-4.968641,-0.263179
17.000000,1.000000,99.000000,-63.704754,3.243556,-61.943916,3.495869,-5.336917,-0.237765
12.000000,0.000000,100.000000,-65.168823,1.114999,-64.705849,2.244929,-5.459570,-0.081734
11.000000,0.000000,99.000000,-64.601257,-1.592559,-64.786850,-0.238993,-5.412022,0.116741
11.000000,0.000000,95.000000,-65.946266,-4.731352,-65.067612,-3.247895,-5.524702,0.346826
11.000000,0.000000,91.000000,-68.193626,-6.912297,-67.114761,-5.924815,-5.712976,0.506698
17.000000,-1.000000,96.000000,-67.873047,-8.203312,-68.288185,-7.714345,-5.686119,0.601334
14.000000,-1.000000,111.000000,-66.427361,-9.572764,-66.985840,-8.918615,-5.565005,0.701720
12.000000,-1.000000,107.000000,-65.260468,-11.143022,-65.712700,-10.362643,-5.467248,0.816826
12.000000,-2.000000,102.000000,-62.413361,-12.621807,-64.081924,-12.183022,-5.228730,0.925227
14.000000,-4.000000,102.000000,-57.829674,-13.391623,-59.973206,-13.002645,-4.844728,0.981657
10.000000,-3.000000,109.000000,-54.201923,-14.378350,-55.856926,-13.677564,-4.540810,1.053988
9.000000,-2.000000,106.000000,-53.054764,-14.728448,-53.329182,-14.422392,-4.444705,1.079652
9.000000,-4.000000,109.000000,-52.453453,-14.488415,-52.586487,-14.893713,-4.394331,1.062056
8.000000,-2.000000,109.000000,-51.216660,-11.490289,-51.971058,-13.092593,-4.290717,0.842282
13.000000,-3.000000,105.000000,-49.135147,-7.924479,-50.368156,-9.670379,-4.116336,0.580895
8.000000,-2.000000,109.000000,-47.209549,-5.740529,-47.810844,-6.651768,-3.955018,0.420803
8.000000,-2.000000,113.000000,-46.354721,-4.046614,-46.888836,-4.962158,-3.883404,0.296632
8.000000,0.000000,110.000000,-45.621624,-1.144992,-45.701126,-2.546730,-3.821988,0.083932
8.000000,0.000000,104.000000,-44.589725,3.233459,-44.965988,1.127378,-3.735540,-0.237025
10.000000,0.000000,108.000000,-42.831749,6.575783,-43.722012,5.035256,-3.588264,-0.482030
7.000000,0.000000,112.000000,-41.858685,9.785100,-42.357796,8.499323,-3.506745,-0.717285
9.000000,1.000000,116.000000,-40.040512,11.516936,-40.861340,10.801205,-3.354426,-0.844236
6.000000,3.000000,117.000000,-37.772877,12.340839,-38.908943,12.033159,-3.164453,-0.904631
7.000000,1.000000,105.000000,-33.496231,13.240349,-35.403580,12.841428,-2.806174,-0.970568
7.000000,2.000000,99.000000,-28.351973,12.721733,-30.934933,13.070997,-2.375209,-0.932552
5.000000,2.000000,110.000000,-21.232269,12.263921,-24.801266,12.430868,-1.778750,-0.898992
4.000000,3.000000,114.000000,-10.988436,12.264728,-15.975598,12.278982,-0.920565,-0.899051
2.000000,1.000000,115.000000,-0.651772,11.306772,-5.484891,11.821435,-0.054603,-0.828830
0.000000,1.000000,113.000000,8.102013,9.136363,4.229856,10.357040,0.678753,-0.669730
-1.000000,1.000000,103.000000,14.871815,6.743216,11.698409,7.700534,1.245898,-0.494303
-2.000000,3.000000,111.000000,21.591644,5.730568,18.441212,6.142289,1.808857,-0.420073
-5.000000,0.000000,107.000000,27.207510,5.426496,24.466389,5.296891,2.279331,-0.397783
-3.000000,2.000000,113.000000,30.720087,6.109200,29.174326,5.670918,2.573600,-0.447828
-6.000000,2.000000,107.000000,34.140831,6.097651,32.495319,6.013735,2.860176,-0.446981
-9.000000,2.000000,96.000000,38.589615,6.936166,36.402119,6.415971,3.232876,-0.508448
-8.000000,1.000000,104.000000,43.278233,7.699515,41.200645,7.572912,3.625669,-0.564404
-8.000000,1.000000,112.000000,46.967693,6.014662,45.332314,6.983624,3.934756,-0.440898
-8.000000,1.000000,109.000000,50.620789,5.237614,48.896122,5.295061,4.240797,-0.383937
-8.000000,0.000000,98.000000,53.038479,6.405208,52.021385,5.841547,4.443341,-0.469526
-14.000000,0.000000,97.000000,54.986679,6.905582,54.205658,6.657749,4.606553,-0.506206
-9.000000,1.000000,102.000000,55.384045,5.600640,55.186821,6.282599,4.639843,-0.410548
-9.000000,1.000000,107.000000,56.093712,2.838604,55.685921,4.451990,4.699296,-0.208081
-10.000000,0.000000,105.000000,58.677292,-1.904620,57.176613,0.210165,4.915737,0.139616
-11.000000,1.000000,101.000000,64.304001,-5.831799,61.534706,-4.148320,5.387119,0.427493
-16.000000,-2.000000,93.000000,67.210213,-9.038096,66.307480,-7.561252,5.630589,0.662527
-12.000000,-1.000000,103.000000,65.522827,-9.840039,66.676056,-9.545996,5.489227,0.721313
-12.000000,-2.000000,108.000000,63.168770,-9.095192,64.291435,-9.445105,5.292015,0.666712
-11.000000,-1.000000,107.000000,61.233971,-8.601704,62.117504,-8.858721,5.129925,0.630538
-11.000000,-2.000000,94.000000,59.495171,-7.669131,60.404369,-8.130422,4.984256,0.562177
-14.000000,-1.000000,95.000000,58.645309,-5.588933,59.039726,-6.422218,4.913058,0.409690
-12.000000,0.000000,103.000000,56.059109,-4.382232,57.330902,-5.093241,4.696397,0.321234
-10.000000,-1.000000,107.000000,52.319405,-4.079607,53.892517,-4.248084,4.383100,0.299051
-10.000000,-1.000000,103.000000,50.100124,-3.509828,51.281227,-3.596481,4.197178,0.257284
-10.000000,0.000000,94.000000,47.748886,-3.059740,48.856899,-3.191357,4.000201,0.224291
-10.000000,-1.000000,91.000000,44.997715,-4.213651,46.314812,-3.404284,3.769719,0.308877
-9.000000,-1.000000,99.000000,43.773373,-6.738695,44.125084,-5.604503,3.667149,0.493972
-7.000000,-4.000000,100.000000,43.204647,-9.213872,43.571686,-8.032862,3.619504,0.675412
-7.000000,-1.000000,101.000000,41.097168,-11.507017,42.376762,-10.354414,3.442948,0.843508
-9.000000,-2.000000,97.000000,37.666733,-14.278485,39.175095,-13.230200,3.155560,1.046668
-9.000000,-2.000000,94.000000,33.354805,-14.840361,35.578831,-14.429560,2.794326,1.087855
-5.000000,-2.000000,105.000000,27.681219,-15.870543,30.448063,-15.394499,2.319016,1.163372
-5.000000,-1.000000,104.000000,20.424093,-16.780527,23.966066,-16.372379,1.711045,1.230077
-3.000000,-2.000000,106.000000,13.128348,-15.953893,16.539854,-16.459690,1.099838,1.169481
-1.000000,-3.000000,97.000000,5.196759,-13.741400,9.058887,-14.846807,0.435363,1.007297
-2.000000,-1.000000,100.000000,-2.798262,-10.368264,0.810419,-12.071034,-0.234427,0.760033
1.000000,-3.000000,107.000000,-9.524370,-5.938789,-6.403172,-8.011450,-0.797912,0.435336
2.000000,-2.000000,104.000000,-15.981991,-2.017230,-13.036865,-3.881762,-1.338904,0.147871
1.000000,0.000000,112.000000,-20.849886,2.208547,-18.660702,0.219555,-1.746716,-0.161895
4.000000,-3.000000,101.000000,-26.915293,4.724600,-23.920444,3.776707,-2.254850,-0.346331
4.000000,1.000000,102.000000,-33.497952,5.563925,-30.383560,5.217163,-2.806318,-0.407857
7.000000,1.000000,110.000000,-40.160091,5.802177,-36.978889,5.710711,-3.364444,-0.425322
8.000000,1.000000,106.000000,-45.938793,6.098171,-43.267078,5.973464,-3.848559,-0.447019
10.000000,0.000000,110.000000,-51.175701,5.412158,-48.692574,5.970036,-4.287285,-0.396732
14.000000,2.000000,103.000000,-56.621090,2.370873,-54.098175,3.853881,-4.743477,-0.173794
12.000000,1.000000,100.000000,-61.367985,-2.208916,-59.225792,0.166124,-5.141152,0.161922
10.000000,0.000000,103.000000,-62.760418,-6.339816,-62.398762,-4.536901,-5.257804,0.464733
12.000000,-1.000000,109.000000,-63.802742,-11.505023,-63.210571,-8.917712,-5.345126,0.843362
12.000000,-2.000000,108.000000,-63.993752,-14.916916,-64.025757,-13.433866,-5.361128,1.093467
13.000000,-3.000000,100.000000,-63.222012,-18.404301,-63.670860,-16.715591,-5.296475,1.349106
10.000000,-4.000000,99.000000,-62.712929,-19.779110,-62.859932,-19.027090,-5.253826,1.449884
11.000000,-3.000000,112.000000,-63.163193,-20.499855,-62.997173,-20.332102,-5.291547,1.502718
11.000000,-4.000000,114.000000,-62.737495,-19.758961,-62.965687,-20.309330,-5.255884,1.448407
10.000000,-3.000000,111.000000,-62.588181,-17.846365,-62.553833,-18.934109,-5.243375,1.308207
15.000000,-4.000000,112.000000,-63.504021,-13.760903,-62.952873,-15.913798,-5.320100,1.008727
10.000000,-3.000000,111.000000,-65.846985,-7.623327,-64.721947,-10.830469,-5.516384,0.558819
11.000000,-1.000000,113.000000,-69.875618,-1.138018,-67.952133,-4.265489,-5.853886,0.083421
13.000000,0.000000,114.000000,-72.457703,6.352353,-71.207199,3.032184,-6.070202,-0.465652
11.000000,1.000000,115.000000,-75.154625,13.016701,-73.721550,9.809695,-6.296139,-0.954174
18.000000,4.000000,112.000000,-77.671265,18.925627,-76.467575,16.172382,-6.506972,-1.387321
12.000000,5.000000,109.000000,-77.116882,23.357576,-77.692284,21.508921,-6.460528,-1.712200
12.000000,5.000000,115.000000,-74.189415,28.867786,-75.881699,26.406696,-6.215278,-2.116119
13.000000,5.000000,119.000000,-69.712830,31.558376,-71.830078,30.486166,-5.840248,-2.313350
11.000000,5.000000,110.000000,-62.062618,30.453413,-66.215271,31.560932,-5.199346,-2.232352
14.000000,6.000000,114.000000,-49.875248,22.102062,-55.755730,26.596319,-4.178339,-1.620166
8.000000,3.000000,109.000000,-34.431942,11.791970,-41.909683,17.021503,-2.884563,-0.864397
5.000000,2.000000,121.000000,-17.486788,0.592437,-25.931606,5.414135,-1.464970,-0.043428
2.000000,0.000000,119.000000,2.029363,-10.064035,-6.981573,-4.874263,0.170011,0.737732
0.000000,0.000000,121.000000,14.478281,-18.534746,9.431570,-14.893251,1.212930,1.358668
-2.000000,-5.000000,104.000000,22.455330,-21.499104,18.884991,-20.664629,1.881213,1.575966
-4.000000,-4.000000,110.000000,25.852699,-19.673452,24.585888,-20.963673,2.165831,1.442139
-5.000000,-4.000000,119.000000,26.418037,-13.179162,26.226358,-16.559847,2.213192,0.966083
-4.000000,-3.000000,125.000000,26.550657,-3.852391,26.491373,-8.430180,2.224303,0.282395
-4.000000,-1.000000,117.000000,26.184761,5.764780,26.450094,1.308933,2.193649,-0.422580
-6.000000,1.000000,109.000000,27.031507,13.186718,26.488230,9.896125,2.264586,-0.966637
-5.000000,2.000000,111.000000,30.473173,16.699640,28.424942,15.332636,2.552915,-1.224148
-4.000000,3.000000,118.000000,37.471539,16.626957,34.062847,16.810482,3.139208,-1.218819
-7.000000,2.000000,111.000000,45.635685,14.282746,41.811157,15.737396,3.823166,-1.046980
-7.000000,4.000000,110.000000,53.155270,10.038032,49.695698,12.015345,4.453125,-0.735826
-14.000000,2.000000,100.000000,60.020363,5.822522,56.830364,7.587242,5.028254,-0.426813
-10.000000,1.000000,99.000000,65.030235,2.334093,62.746208,3.896282,5.447960,-0.171098
-11.000000,1.000000,105.000000,69.032951,-0.439099,67.208008,0.750962,5.783291,0.032188
-12.000000,0.000000,108.000000,70.297256,-4.388861,69.948898,-2.510422,5.889209,0.321720
-12.000000,-1.000000,105.000000,70.589920,-7.247512,70.560997,-5.812614,5.913727,0.531270
-16.000000,-1.000000,97.000000,71.099861,-8.187795,70.837906,-7.917445,5.956448,0.600197
-13.000000,-2.000000,100.000000,73.583519,-8.178831,72.046616,-8.582778,6.164518,0.599540
-12.000000,-2.000000,108.000000,76.020569,-7.260890,75.032982,-7.525940,6.368685,0.532251
-14.000000,0.000000,111.000000,76.460022,-5.406864,76.596962,-6.300592,6.405500,0.396344
-13.000000,-4.000000,114.000000,73.199585,-3.976777,74.986099,-4.608300,6.132354,0.291513
-17.000000,-1.000000,100.000000,68.736809,-1.692443,70.884712,-2.799415,5.758482,0.124063
-11.000000,-1.000000,98.000000,63.846226,-0.869011,66.197609,-0.925733,5.348769,0.063702
-12.000000,-1.000000,103.000000,58.777260,0.149645,61.157722,-0.753562,4.924112,-0.010970
-11.000000,0.000000,109.000000,51.845955,2.769008,55.201286,1.523360,4.343437,-0.202979
-11.000000,0.000000,111.000000,44.927132,6.605232,48.352238,4.747212,3.763806,-0.484189
-11.000000,2.000000,99.000000,38.231026,11.258288,41.235462,9.046133,3.202835,-0.825276
-6.000000,2.000000,100.000000,33.426880,14.056778,35.460522,12.967058,2.800364,-1.030416
-7.000000,1.000000,109.000000,30.308758,15.572697,31.826239,14.900637,2.539140,-1.141538
-4.000000,2.000000,106.000000,27.071684,15.968474,28.697210,15.961653,2.267952,-1.170550
-5.000000,2.000000,110.000000,22.857687,14.521921,24.958412,15.366198,1.914921,-1.064512
-9.000000,4.000000,97.000000,18.335201,11.016769,20.338255,12.691518,1.536046,-0.807571
-1.000000,1.000000,97.000000,15.732332,6.487109,16.687984,8.733040,1.317989,-0.475530
-3.000000,2.000000,106.000000,15.739490,1.807368,15.710167,4.031008,1.318588,-0.132487
-4.000000,0.000000,106.000000,14.460435,-3.503184,15.137172,-1.070813,1.211434,0.256797
-5.000000,0.000000,95.000000,12.073538,-8.706316,13.313336,-6.275509,1.011470,0.638206
-3.000000,-1.000000,96.000000,8.880941,-13.615127,10.313116,-11.462136,0.744008,0.998041
0.000000,-3.000000,98.000000,6.693885,-16.865381,7.679172,-15.460802,0.560786,1.236297
0.000000,-3.000000,105.000000,3.485767,-18.972174,5.153375,-18.129972,0.292023,1.390733
-1.000000,-3.000000,107.000000,-2.044189,-19.188198,0.740948,-19.319721,-0.171254,1.406568
0.000000,-4.000000,101.000000,-9.199319,-17.488379,-5.711146,-18.340458,-0.770680,1.281965
1.000000,-5.000000,99.000000,-17.166620,-14.277269,-13.326796,-15.809367,-1.438147,1.046579
3.000000,-1.000000,109.000000,-26.994471,-12.694975,-22.232800,-13.441103,-2.261483,0.930590
4.000000,-1.000000,112.000000,-38.376198,-11.394815,-33.091312,-11.763498,-3.214997,0.835284
8.000000,-2.000000,113.000000,-49.039700,-10.267503,-44.015160,-10.701046,-4.108340,0.752647
11.000000,-4.000000,97.000000,-58.563000,-9.388936,-54.237507,-9.871961,-4.906162,0.688245
11.000000,-1.000000,99.000000,-66.798332,-7.116597,-62.898712,-8.169778,-5.596084,0.521674
12.000000,-2.000000,106.000000,-71.969910,-5.224622,-69.886948,-6.049703,-6.029336,0.382985
12.000000,-2.000000,114.000000,-72.299835,-3.812279,-72.589783,-4.411700,-6.056977,0.279455
14.000000,0.000000,107.000000,-69.544716,-3.239650,-70.967590,-3.422975,-5.826164,0.237479
16.000000,0.000000,102.000000,-66.066574,-4.294668,-67.748100,-3.690708,-5.534780,0.314816
10.000000,-1.000000,105.000000,-63.566761,-5.351935,-64.449295,-4.771834,-5.325356,0.392317
11.000000,0.000000,106.000000,-65.080788,-7.107355,-63.977306,-6.092156,-5.452195,0.520996
12.000000,-2.000000,116.000000,-68.942879,-7.079829,-67.323898,-7.351054,-5.775745,0.518979
13.000000,-2.000000,114.000000,-70.500656,-5.456758,-69.959274,-6.331129,-5.906249,0.400001
16.000000,0.000000,107.000000,-69.810455,-2.024221,-70.084770,-3.434728,-5.848427,0.148383
11.000000,0.000000,104.000000,-69.211700,-1.502500,-69.462418,-1.506795,-5.798266,0.110139
13.000000,0.000000,112.000000,-67.504463,-1.355952,-68.638077,-1.460196,-5.655241,0.099396
11.000000,0.000000,121.000000,-62.155846,-0.167732,-64.870422,-0.631594,-5.207156,0.012295
12.000000,0.000000,117.000000,-54.271091,1.692223,-57.813927,0.670949,-4.546604,-0.124046
14.000000,0.000000,104.000000,-48.648457,2.569407,-51.265755,2.239874,-4.075563,-0.188347
9.000000,0.000000,114.000000,-43.954002,2.030991,-45.914196,2.650150,-3.682282,-0.148879
7.000000,0.000000,124.000000,-37.660564,1.318207,-41.021709,1.559481,-3.155044,-0.096630
7.000000,1.000000,121.000000,-29.826595,1.364802,-33.444195,1.675115,-2.498747,-0.100045
5.000000,0.000000,120.000000,-22.821482,0.225643,-25.803783,0.960293,-1.911888,-0.016541
8.000000,0.000000,115.000000,-17.893927,-0.731348,-20.111408,-0.390365,-1.499078,0.053611
1.000000,0.000000,108.000000,-12.852336,-0.090870,-15.479620,-0.536519,-1.076715,0.006661
2.000000,0.000000,120.000000,-7.860020,-0.974047,-10.321661,-0.576769,-0.658479,0.071401
2.000000,0.000000,127.000000,-1.801613,-1.947753,-4.654712,-1.506481,-0.150932,0.142778
0.000000,0.000000,120.000000,4.908794,-1.132670,1.716567,-1.655776,0.411238,0.083029
0.000000,0.000000,108.000000,11.599419,0.873966,8.579865,-0.081316,0.971751,-0.064065
-2.000000,0.000000,112.000000,18.581713,3.458091,15.167994,2.148492,1.556698,-0.253491
-2.000000,0.000000,121.000000,24.714596,5.215380,21.764469,4.477365,2.070485,-0.382307
-4.000000,0.000000,126.000000,31.550091,4.783055,28.328098,5.214577,2.643134,-0.350616
-5.000000,1.000000,118.000000,39.016739,3.354321,35.406700,3.986894,3.268659,-0.245885
-10.000000,0.000000,108.000000,47.267532,2.258283,43.179222,2.631341,3.959875,-0.165541
-8.000000,0.000000,111.000000,54.504757,0.969321,51.236092,1.667329,4.566180,-0.071055
-11.000000,0.000000,115.000000,59.425598,-0.677193,57.405495,0.098794,4.978427,0.049641
-11.000000,0.000000,115.000000,60.792206,-1.472324,60.360680,-1.086502,5.092916,0.107927
-12.000000,0.000000,117.000000,61.614212,-2.083689,61.183228,-1.762174,5.161780,0.152742
-15.000000,0.000000,108.000000,61.064236,-2.888998,61.468590,-2.610542,5.115705,0.211775
-11.000000,0.000000,115.000000,57.682884,-2.375115,59.667969,-2.736248,4.832430,0.174105
-11.000000,0.000000,118.000000,52.872169,-0.430005,55.025280,-1.407388,4.429408,0.031521
-9.000000,0.000000,120.000000,48.758553,1.522809,50.728870,0.743297,4.084787,-0.111628
-11.000000,0.000000,107.000000,46.522896,4.203122,47.671730,3.205412,3.897493,-0.308105
-9.000000,0.000000,106.000000,46.055260,5.790516,46.168404,5.215062,3.858317,-0.424467
-8.000000,1.000000,107.000000,45.725105,7.540236,45.800262,6.770121,3.830657,-0.552728
-8.000000,1.000000,109.000000,46.075085,9.361704,45.949471,8.519991,3.859977,-0.686249
-9.000000,2.000000,113.000000,44.456669,10.646930,45.417046,9.956945,3.724393,-0.780461
-10.000000,3.000000,102.000000,40.919090,12.034463,42.781624,11.487575,3.428030,-0.882172
-8.000000,2.000000,99.000000,37.686020,12.295257,39.337936,12.458007,3.157176,-0.901289
-5.000000,3.000000,98.000000,32.288204,10.671384,35.175331,11.612684,2.704970,-0.782253
-7.000000,1.000000,110.000000,23.955051,8.441251,27.994925,9.385294,2.006854,-0.618776
-4.000000,1.000000,117.000000,16.052753,7.417716,19.746302,7.759620,1.344832,-0.543747
-2.000000,1.000000,108.000000,9.098225,6.700277,12.348151,7.188187,0.762211,-0.491156
-2.000000,2.000000,101.000000,2.457299,4.631545,5.508521,5.616134,0.205862,-0.339510
0.000000,0.000000,103.000000,-2.877179,3.003466,-0.460571,3.745569,-0.241038,-0.220166
0.000000,0.000000,106.000000,-7.006961,2.528043,-5.281684,2.539985,-0.587014,-0.185315
0.000000,1.000000,107.000000,-9.902807,2.509610,-8.560176,2.470759,-0.829616,-0.183964
3.000000,0.000000,102.000000,-13.034787,2.823726,-11.475128,2.693607,-1.092000,-0.206990
1.000000,0.000000,102.000000,-17.344030,4.940618,-15.202826,3.661025,-1.453010,-0.362166
3.000000,0.000000,100.000000,-21.223637,9.434414,-19.500509,7.161334,-1.778027,-0.691579
4.000000,4.000000,105.000000,-25.285519,14.898296,-23.065004,12.278429,-2.118315,-1.092102
2.000000,2.000000,103.000000,-30.837456,19.991228,-28.289536,17.506195,-2.583433,-1.465433
6.000000,7.000000,94.000000,-36.733246,25.803032,-34.112129,22.624477,-3.077357,-1.891461
7.000000,4.000000,97.000000,-41.846901,33.617409,-39.444466,29.927130,-3.505758,-2.464285
8.000000,7.000000,99.000000,-47.988297,39.982319,-45.215099,36.789921,-4.020258,-2.930857
9.000000,5.000000,97.000000,-52.795444,46.936028,-50.467037,43.736794,-4.422981,-3.440590
11.000000,7.000000,108.000000,-57.793785,53.638157,-55.575935,50.347343,-4.841721,-3.931882
15.000000,12.000000,88.000000,-59.082302,60.979568,-58.582924,57.827290,-4.949667,-4.470036
10.000000,11.000000,87.000000,-59.864414,63.700565,-59.471489,62.889763,-5.015189,-4.669496
12.000000,10.000000,84.000000,-59.912815,64.800171,-59.783791,64.707939,-5.019244,-4.750101
10.000000,11.000000,91.000000,-57.307312,62.682301,-58.832752,63.698463,-4.800966,-4.594852
8.000000,11.000000,90.000000,-52.959610,57.969292,-55.040352,60.426735,-4.436734,-4.249371
12.000000,13.000000,79.000000,-47.707668,52.189976,-50.394165,55.027397,-3.996748,-3.825725
8.000000,10.000000,79.000000,-41.458015,45.797764,-44.539219,48.639233,-3.473179,-3.357152
11.000000,6.000000,76.000000,-35.871052,38.824749,-38.332493,42.475410,-3.005126,-2.846003
6.000000,7.000000,90.000000,-30.510693,30.213957,-32.992226,34.493263,-2.556058,-2.214799
5.000000,6.000000,98.000000,-23.437372,21.947115,-27.074224,25.793049,-1.963485,-1.608807
3.000000,5.000000,72.000000,-14.524958,14.631227,-18.664726,18.102652,-1.216840,-1.072525
0.000000,3.000000,73.000000,-7.494095,6.842881,-10.795919,10.662981,-0.627824,-0.501609
1.000000,0.000000,86.000000,-0.251629,-1.868506,-3.646191,2.261798,-0.021080,0.136969
0.000000,1.000000,91.000000,5.428419,-10.939132,2.880328,-6.641019,0.454770,0.801880
0.000000,-1.000000,99.000000,10.142130,-18.727007,7.937290,-15.195223,0.849665,1.372761
-1.000000,-3.000000,69.000000,14.584011,-26.320908,12.421589,-22.531109,1.221787,1.929423
-3.000000,-5.000000,74.000000,20.132299,-37.085514,17.475304,-31.801697,1.686599,2.718510
-3.000000,-7.000000,83.000000,25.330065,-48.048073,22.768782,-43.035194,2.122046,3.522108
-4.000000,-8.000000,91.000000,28.937170,-58.386333,27.446590,-53.550804,2.424235,4.279942
-3.000000,-11.000000,93.000000,31.678778,-67.251686,30.309921,-63.155365,2.653915,4.929806
-6.000000,-16.000000,79.000000,35.109634,-76.677757,33.618652,-72.425499,2.941338,5.620773
-6.000000,-13.000000,87.000000,38.015766,-82.619354,36.705406,-80.050873,3.184801,6.056314
-6.000000,-15.000000,87.000000,39.299927,-84.747040,38.869148,-84.166466,3.292383,6.212283
-5.000000,-15.000000,97.000000,38.248013,-83.515228,38.744118,-84.221382,3.204258,6.121985
-7.000000,-15.000000,104.000000,35.616753,-82.963440,37.052010,-83.289711,2.983822,6.081537
-8.000000,-18.000000,101.000000,30.690851,-80.937386,33.100182,-82.023102,2.571151,5.933021
-5.000000,-13.000000,105.000000,25.830938,-77.197121,28.079565,-79.133125,2.164008,5.658844
-5.000000,-14.000000,110.000000,20.814112,-71.198883,23.408148,-74.072479,1.743719,5.219151
-5.000000,-12.000000,120.000000,15.316304,-63.999176,17.859066,-67.515327,1.283136,4.691384
-2.000000,-11.000000,124.000000,6.779574,-57.474361,11.154597,-60.598438,0.567964,4.213091
-1.000000,-12.000000,123.000000,-3.004223,-49.748875,1.811931,-53.190754,-0.251681,3.646783
0.000000,-9.000000,130.000000,-12.162221,-42.426422,-8.070966,-46.007019,-1.018900,3.110019
2.000000,-6.000000,132.000000,-18.062578,-34.533947,-15.519473,-38.182674,-1.513207,2.531471
4.000000,-8.000000,131.000000,-21.773815,-28.582813,-20.155188,-31.046509,-1.824119,2.095230
3.000000,-3.000000,135.000000,-24.743164,-24.292843,-23.247253,-26.091105,-2.072878,1.780758
5.000000,-7.000000,123.000000,-28.136515,-22.281033,-26.368484,-22.995455,-2.357159,1.633285
6.000000,-5.000000,126.000000,-32.203781,-21.176086,-30.351419,-21.717577,-2.697898,1.552288
5.000000,-3.000000,129.000000,-33.113846,-19.341921,-32.821678,-20.156683,-2.774139,1.417837
8.000000,-2.000000,128.000000,-31.902000,-18.753111,-32.506844,-18.793146,-2.672616,1.374675
7.000000,-5.000000,121.000000,-31.315212,-19.292095,-31.354609,-18.859758,-2.623457,1.414184
7.000000,-4.000000,126.000000,-33.964520,-21.167074,-32.629120,-20.489038,-2.845405,1.551628
6.000000,-5.000000,125.000000,-35.576725,-20.837610,-35.082359,-21.108820,-2.980469,1.527476
7.000000,-3.000000,126.000000,-35.659824,-18.041098,-35.737747,-19.632700,-2.987430,1.322482
6.000000,-4.000000,141.000000,-34.854435,-13.643045,-35.316360,-15.882330,-2.919958,1.000087
8.000000,-3.000000,131.000000,-31.816124,-7.182844,-33.241676,-10.171624,-2.665421,0.526530
6.000000,-1.000000,134.000000,-28.468231,-0.572792,-30.107250,-3.570102,-2.384949,0.041988
4.000000,-1.000000,131.000000,-23.605099,5.818030,-25.745722,3.028686,-1.977536,-0.426484
5.000000,0.000000,139.000000,-17.730871,11.764976,-20.625862,9.144141,-1.485418,-0.862418
6.000000,1.000000,151.000000,-13.342184,17.220463,-14.942945,14.675491,-1.117752,-1.262326
3.000000,3.000000,135.000000,-12.493858,23.139711,-12.906809,20.168415,-1.046683,-1.696229
2.000000,1.000000,137.000000,-11.789274,30.007059,-11.991025,26.972980,-0.987656,-2.199632
2.000000,9.000000,140.000000,-9.178690,35.239777,-10.614676,33.004284,-0.768952,-2.583210
2.000000,6.000000,135.000000,-3.749899,38.910671,-6.493226,37.303131,-0.314151,-2.852301
2.000000,5.000000,144.000000,0.427658,39.182995,-1.277393,39.500191,0.035827,-2.872263
0.000000,9.000000,129.000000,4.645787,36.412251,2.293385,37.551945,0.389204,-2.669157
-1.000000,3.000000,131.000000,12.388906,33.086739,8.691946,34.622223,1.037891,-2.425385
-2.000000,8.000000,124.000000,18.025812,27.165388,15.657585,30.058304,1.510127,-1.991327
-2.000000,5.000000,134.000000,21.339172,20.346819,19.867908,23.484816,1.787706,-1.491500
-3.000000,2.000000,139.000000,25.478815,16.942160,23.735727,18.421782,2.134508,-1.241925
-9.000000,4.000000,124.000000,29.845718,16.650114,27.843878,16.553101,2.500349,-1.220517
-5.000000,2.000000,124.000000,31.525366,18.266754,31.241199,17.504131,2.641063,-1.339023
-5.000000,3.000000,120.000000,28.949648,20.146225,30.306543,19.326349,2.425280,-1.476795
-6.000000,2.000000,123.000000,26.734966,21.356405,27.617176,20.912149,2.239743,-1.565506
-4.000000,4.000000,132.000000,25.923405,22.348845,26.523724,22.009186,2.171754,-1.638256
-7.000000,3.000000,122.000000,22.419710,23.608673,24.350042,22.921133,1.878229,-1.730606
-5.000000,5.000000,122.000000,16.282883,25.673254,19.295116,24.765305,1.364112,-1.881948
-2.000000,4.000000,117.000000,10.335757,27.041203,12.836513,26.528097,0.865886,-1.982224
-2.000000,4.000000,128.000000,9.938291,28.186460,9.630052,27.609106,0.832588,-2.066175
-1.000000,7.000000,125.000000,12.495189,27.905958,11.195054,28.115215,1.046794,-2.045613
-4.000000,6.000000,120.000000,14.813424,27.543646,13.654131,27.594965,1.241006,-2.019055
-1.000000,5.000000,115.000000,18.266693,28.421764,16.511948,27.915171,1.530307,-2.083424
-4.000000,6.000000,118.000000,21.443356,29.189846,20.006363,28.875362,1.796434,-2.139727
-3.000000,4.000000,124.000000,24.125866,29.225422,22.855091,29.539597,2.021164,-2.142335
-4.000000,6.000000,128.000000,27.878305,26.740191,26.225368,28.231171,2.335527,-1.960158
-6.000000,7.000000,116.000000,32.718590,22.624920,30.311020,24.640638,2.741026,-1.658493
-7.000000,4.000000,112.000000,37.011250,17.513046,35.260639,19.936401,3.100647,-1.283773
-8.000000,4.000000,109.000000,38.029194,12.367886,37.864563,14.705597,3.185926,-0.906613
-7.000000,3.000000,109.000000,37.145695,8.786562,37.720058,10.261823,3.111910,-0.644089
-6.000000,1.000000,118.000000,34.533768,6.614523,35.795143,7.567056,2.893094,-0.484870
-8.000000,2.000000,108.000000,33.663849,6.190421,34.039276,6.396006,2.820216,-0.453781
-6.000000,2.000000,112.000000,33.515968,6.135925,33.767899,6.197288,2.807827,-0.449787
-5.000000,2.000000,109.000000,30.843472,6.351286,32.341179,6.432785,2.583936,-0.465574
-8.000000,1.000000,113.000000,25.097601,5.944513,27.866383,5.934519,2.102572,-0.435756
-4.000000,1.000000,119.000000,19.179909,7.441757,21.862415,6.581742,1.606812,-0.545509
-5.000000,2.000000,114.000000,14.948970,9.943836,16.722460,8.824503,1.252362,-0.728921
-2.000000,1.000000,104.000000,11.403765,10.902100,13.101387,10.596928,0.955360,-0.799166
-3.000000,2.000000,108.000000,6.524730,10.218568,8.922960,10.653935,0.546615,-0.749060
-2.000000,3.000000,110.000000,0.820549,8.403265,3.530024,9.311338,0.068742,-0.615991
0.000000,1.000000,111.000000,-4.101914,5.637535,-2.098680,6.994498,-0.343641,-0.413253
0.000000,0.000000,105.000000,-6.204240,3.282486,-5.421252,4.270533,-0.519765,-0.240619
0.000000,1.000000,102.000000,-7.886876,1.237897,-7.150285,2.152130,-0.660729,-0.090743
-1.000000,4.000000,104.000000,-8.982459,-0.149675,-8.561159,0.481687,-0.752513,0.010972
0.000000,1.000000,112.000000,-10.299457,-2.078060,-9.655328,-1.157118,-0.862845,0.152330
0.000000,1.000000,106.000000,-11.545240,-3.536280,-10.899419,-2.744676,-0.967212,0.259223
1.000000,2.000000,104.000000,-13.138505,-5.336242,-12.315081,-4.518514,-1.100689,0.391167
2.000000,0.000000,105.000000,-13.343334,-5.082242,-13.315425,-5.281981,-1.117849,0.372548
1.000000,0.000000,100.000000,-12.825358,-4.700570,-13.247755,-4.963162,-1.074455,0.344570
0.000000,-1.000000,110.000000,-12.327578,-4.519495,-12.544279,-4.656603,-1.032753,0.331296
1.000000,-1.000000,100.000000,-13.572941,-4.802229,-12.736399,-4.636539,-1.137084,0.352022
4.000000,-2.000000,99.000000,-17.236227,-4.625666,-15.362434,-4.665709,-1.443979,0.339079
2.000000,0.000000,101.000000,-19.610077,-3.910944,-18.722019,-4.244782,-1.642850,0.286687
3.000000,0.000000,97.000000,-19.531740,-2.560376,-19.624645,-3.176852,-1.636287,0.187685
3.000000,0.000000,110.000000,-20.358486,-2.013034,-19.911779,-2.270058,-1.705549,0.147563
2.000000,-1.000000,102.000000,-22.041367,-1.311631,-21.097483,-1.560235,-1.846533,0.096148
5.000000,0.000000,101.000000,-24.595198,-0.364778,-23.271364,-0.717471,-2.060483,0.026740
8.000000,0.000000,104.000000,-26.371437,0.140474,-25.665020,0.014430,-2.209288,-0.010297
4.000000,0.000000,109.000000,-27.651167,-0.373555,-27.114294,-0.102835,-2.316499,0.027383
5.000000,0.000000,107.000000,-27.418261,-0.833537,-27.720072,-0.587137,-2.296987,0.061101
7.000000,0.000000,99.000000,-26.597036,-1.637226,-26.919241,-1.208340,-2.228188,0.120015
3.000000,0.000000,97.000000,-27.111256,-3.923840,-26.839111,-2.740964,-2.271267,0.287632
7.000000,-1.000000,104.000000,-27.332838,-5.724846,-27.258884,-4.854344,-2.289830,0.419653
4.000000,-1.000000,99.000000,-27.994215,-7.853674,-27.610672,-6.948038,-2.345238,0.575704
6.000000,-2.000000,112.000000,-29.003489,-10.338919,-28.566494,-9.113503,-2.429790,0.757882
7.000000,-2.000000,105.000000,-28.571581,-12.897650,-28.893667,-11.577347,-2.393607,0.945447
4.000000,-2.000000,108.000000,-27.464245,-15.502547,-28.002661,-14.328773,-2.300839,1.136396
4.000000,-3.000000,108.000000,-26.724773,-17.565622,-27.007608,-16.689564,-2.238889,1.287627
5.000000,-2.000000,110.000000,-25.707241,-17.931974,-26.262554,-17.909988,-2.153645,1.314482
5.000000,-3.000000,115.000000,-22.961849,-16.389580,-24.363789,-17.231115,-1.923647,1.201419
5.000000,-3.000000,107.000000,-21.047445,-14.057186,-21.782646,-15.121196,-1.763267,1.030446
3.000000,-2.000000,110.000000,-19.726870,-10.965038,-20.361811,-12.368834,-1.652634,0.803779
4.000000,-4.000000,107.000000,-17.289629,-7.523818,-18.717211,-9.102829,-1.448452,0.551525
4.000000,-1.000000,109.000000,-12.406716,-3.047531,-14.859395,-5.400630,-1.039383,0.223396
1.000000,-1.000000,117.000000,-6.700070,2.916698,-9.534184,-0.088575,-0.561304,-0.213805
0.000000,0.000000,105.000000,-1.192719,8.760425,-3.818202,5.950639,-0.099921,-0.642173
0.000000,3.000000,111.000000,4.090448,12.633280,1.659518,10.958972,0.342681,-0.926068
0.000000,1.000000,106.000000,8.472566,14.878260,6.446082,13.916206,0.709796,-1.090633
0.000000,2.000000,113.000000,13.140280,15.572842,11.041834,15.453493,1.100838,-1.141549
-3.000000,2.000000,111.000000,17.177052,15.335729,15.311823,15.540586,1.439021,-1.124168
-3.000000,5.000000,102.000000,20.189432,14.509631,18.853054,14.896939,1.691386,-1.063611
-3.000000,5.000000,101.000000,22.608442,13.234617,21.405750,13.833676,1.894040,-0.970148
-4.000000,2.000000,102.000000,25.268976,11.052193,24.055302,12.248157,2.116929,-0.810168
-5.000000,2.000000,109.000000,28.870670,8.062540,27.024105,9.554990,2.418664,-0.591015
-5.000000,1.000000,114.000000,34.501827,4.957671,31.876675,6.520497,2.890418,-0.363416
-7.000000,1.000000,104.000000,38.885406,1.253078,36.885162,2.890443,3.257656,-0.091855
-8.000000,0.000000,101.000000,42.234158,-1.803471,40.701183,-0.425842,3.538201,0.132201
-7.000000,0.000000,97.000000,44.363174,-3.330010,43.628414,-2.768506,3.716561,0.244103
-9.000000,-1.000000,105.000000,43.650261,-5.353058,44.062183,-4.453520,3.656836,0.392400
-11.000000,-1.000000,101.000000,43.993610,-5.408747,43.632549,-5.599738,3.685600,0.396482
-9.000000,0.000000,97.000000,43.928177,-4.642271,44.108665,-5.050965,3.680118,0.340296
-9.000000,0.000000,99.000000,41.543850,-2.671782,42.851566,-3.651496,3.480370,0.195852
-8.000000,-1.000000,102.000000,37.675575,-0.136576,39.654564,-1.197956,3.156301,0.010012
-8.000000,0.000000,103.000000,33.250610,1.160749,35.321365,0.618660,2.785597,-0.085087
-7.000000,0.000000,104.000000,28.830740,1.008390,30.833263,1.158780,2.415318,-0.073919
-7.000000,1.000000,95.000000,26.435455,0.314362,27.548199,0.674769,2.214651,-0.023044
-4.000000,1.000000,99.000000,22.998003,-0.370103,24.770153,0.022215,1.926676,0.027130
-2.000000,0.000000,100.000000,18.259314,-0.534440,20.543369,-0.422938,1.529689,0.039177
-6.000000,0.000000,103.000000,13.813943,-1.117453,15.707430,-0.811870,1.157274,0.081914
-4.000000,0.000000,104.000000,12.049877,-1.329840,12.671529,-1.342993,1.009488,0.097482
-2.000000,0.000000,99.000000,11.557443,-0.656416,11.844187,-1.049032,0.968234,0.048118
-1.000000,0.000000,98.000000,10.556174,1.165724,10.962367,0.176746,0.884352,-0.085452
0.000000,0.000000,98.000000,10.236656,3.454491,10.463343,2.357780,0.857584,-0.253227
-1.000000,0.000000,99.000000,9.604478,5.791651,10.016557,4.735747,0.804623,-0.424550
-4.000000,3.000000,100.000000,9.141062,8.128051,9.326623,7.147069,0.765800,-0.595817
0.000000,0.000000,96.000000,9.528601,10.024508,9.280592,9.163782,0.798266,-0.734835
-1.000000,0.000000,100.000000,9.616580,10.898457,9.674917,10.624819,0.805637,-0.798899
-2.000000,0.000000,94.000000,10.232857,10.574543,9.699483,10.817983,0.857266,-0.775154
-1.000000,1.000000,97.000000,13.752057,9.116728,11.962711,9.907912,1.152090,-0.668291
-4.000000,2.000000,97.000000,17.055540,6.094402,15.598963,7.647081,1.428841,-0.446743
-2.000000,1.000000,104.000000,19.958612,3.015679,18.587757,4.455235,1.672049,-0.221061
-1.000000,0.000000,96.000000,22.834335,-0.219567,21.425146,1.222635,1.912965,0.016095
-6.000000,1.000000,99.000000,25.049255,-2.507283,24.076239,-1.550848,2.098521,0.183793
-6.000000,0.000000,104.000000,26.478445,-4.174298,25.783741,-3.514023,2.218253,0.305992
-4.000000,-1.000000,99.000000,27.590914,-5.278502,27.154242,-4.773859,2.311451,0.386934
-5.000000,-2.000000,94.000000,28.769382,-5.683474,28.204426,-5.552008,2.410178,0.416620
-7.000000,-1.000000,94.000000,29.562733,-5.364022,29.211147,-5.669004,2.476642,0.393203
-5.000000,-3.000000,96.000000,29.044943,-4.477968,29.417669,-4.870411,2.433263,0.328252
-7.000000,0.000000,107.000000,27.352047,-3.297139,28.237453,-3.928659,2.291440,0.241693
-5.000000,-1.000000,100.000000,24.406015,-2.044392,25.883194,-2.649705,2.044634,0.149862
-3.000000,-1.000000,96.000000,20.599566,-0.672904,22.491953,-1.313765,1.725745,0.049326
-6.000000,0.000000,99.000000,14.866555,0.177416,17.724804,-0.157863,1.245458,-0.013005
-4.000000,1.000000,104.000000,7.518690,0.877736,11.055285,0.597351,0.629884,-0.064341
-1.000000,1.000000,103.000000,-0.135434,0.870981,3.502323,0.977987,-0.011346,-0.063846
0.000000,0.000000,106.000000,-7.780134,0.069976,-4.224295,0.511484,-0.651787,-0.005129
2.000000,0.000000,99.000000,-15.510353,-1.789132,-11.868925,-0.826445,-1.299392,0.131150
3.000000,0.000000,101.000000,-23.632103,-4.327766,-19.797466,-3.115332,-1.979798,0.317242
4.000000,0.000000,104.000000,-31.907715,-7.138236,-27.989086,-5.812287,-2.673095,0.523260
4.000000,-1.000000,100.000000,-39.752831,-8.941914,-36.059746,-8.163904,-3.330325,0.655477
12.000000,-2.000000,99.000000,-47.962688,-10.191402,-44.093029,-9.712199,-4.018113,0.747069
10.000000,0.000000,99.000000,-55.243958,-10.010501,-52.101662,-10.095035,-4.628107,0.733808
10.000000,-1.000000,97.000000,-60.512375,-9.972573,-58.090343,-9.952137,-5.069472,0.731028
12.000000,-1.000000,93.000000,-64.027649,-9.456296,-62.598427,-9.818542,-5.363968,0.693183
15.000000,-3.000000,108.000000,-66.646790,-8.448414,-65.353165,-8.911547,-5.583388,0.619301
10.000000,-2.000000,101.000000,-68.748016,-6.762712,-67.851761,-7.531431,-5.759420,0.495733
12.000000,0.000000,103.000000,-69.728455,-6.107222,-69.433128,-6.414864,-5.841557,0.447683
12.000000,0.000000,106.000000,-70.480225,-5.984716,-70.065811,-5.846974,-5.904537,0.438703
11.000000,0.000000,109.000000,-71.536095,-5.237298,-70.788071,-5.604180,-5.992994,0.383914
17.000000,-2.000000,110.000000,-73.822083,-6.557784,-72.836060,-6.206631,-6.184504,0.480711
14.000000,-1.000000,102.000000,-74.887001,-8.202940,-74.585022,-7.341479,-6.273719,0.601307
13.000000,-2.000000,106.000000,-73.742081,-9.189585,-74.276848,-8.734678,-6.177802,0.673632
13.000000,-2.000000,107.000000,-72.357758,-9.029456,-72.925163,-9.036522,-6.061829,0.661894
14.000000,-2.000000,112.000000,-70.782730,-8.962893,-71.738052,-9.219123,-5.929880,0.657014
18.000000,-2.000000,116.000000,-65.535156,-7.180581,-68.356346,-8.150301,-5.490261,0.526364
10.000000,-2.000000,107.000000,-60.327908,-4.993490,-62.681438,-6.083760,-5.054019,0.366042
11.000000,-1.000000,105.000000,-55.877960,-3.397542,-58.086243,-4.150382,-4.681221,0.249053
10.000000,0.000000,104.000000,-52.322433,-2.944302,-53.909630,-3.090232,-4.383354,0.215829
9.000000,-1.000000,109.000000,-48.100147,-2.993002,-49.929623,-2.765631,-4.029628,0.219399
12.000000,-1.000000,120.000000,-44.619217,-4.628030,-46.215496,-3.785290,-3.738011,0.339252
8.000000,-1.000000,113.000000,-40.318268,-4.955472,-42.454231,-5.019326,-3.377695,0.363255
7.000000,-2.000000,111.000000,-33.149448,-3.107993,-36.531811,-3.764906,-2.777122,0.227828
6.000000,0.000000,119.000000,-27.042473,0.618300,-30.308823,-1.625965,-2.265505,-0.045324
6.000000,-1.000000,120.000000,-20.489651,3.419006,-23.762241,2.017361,-1.716537,-0.250626
4.000000,0.000000,127.000000,-11.387190,6.235266,-15.747786,5.035653,-0.953971,-0.457069
2.000000,1.000000,115.000000,-0.981864,8.249386,-5.908217,7.486339,-0.082256,-0.604712
0.000000,2.000000,108.000000,8.344872,7.700182,4.078708,8.163572,0.699098,-0.564453
0.000000,2.000000,117.000000,17.269585,6.125082,13.097354,6.790614,1.446773,-0.448992
-3.000000,1.000000,113.000000,25.717495,5.489662,21.848837,5.767180,2.154504,-0.402413
-6.000000,0.000000,122.000000,33.608917,5.263839,29.773657,5.365739,2.815614,-0.385860
-5.000000,0.000000,113.000000,41.025566,4.924484,37.610954,5.072654,3.436950,-0.360984
-7.000000,0.000000,108.000000,47.903141,4.279595,44.596783,4.613410,4.013124,-0.313711
-8.000000,1.000000,115.000000,55.524651,2.718044,51.828941,3.520435,4.651622,-0.199243
-9.000000,1.000000,116.000000,63.292244,-0.981656,59.632538,1.027437,5.302358,0.071959
-15.000000,1.000000,112.000000,71.714668,-6.747812,67.659660,-3.866286,6.007953,0.494640
-13.000000,0.000000,112.000000,78.749802,-12.753082,75.674507,-9.964767,6.597328,0.934850
-15.000000,-2.000000,108.000000,81.896164,-18.905111,80.603294,-16.070564,6.860917,1.385817
-14.000000,-4.000000,107.000000,85.717735,-22.142660,83.870544,-20.833088,7.181072,1.623142
-22.000000,-7.000000,113.000000,88.183983,-24.580690,87.182220,-23.495953,7.387684,1.801859
-15.000000,-5.000000,115.000000,88.839035,-25.351477,88.641113,-25.171141,7.442562,1.858360
-15.000000,-6.000000,111.000000,88.355217,-23.324265,88.657974,-24.420635,7.402029,1.709758
-16.000000,-4.000000,111.000000,87.187225,-19.186443,87.758560,-21.215345,7.304180,1.406440
-14.000000,-3.000000,110.000000,85.554283,-14.995983,86.327599,-17.101641,7.167378,1.099263
-22.000000,-1.000000,124.000000,83.021767,-9.904005,84.290863,-12.454852,6.955215,0.726002
-15.000000,-2.000000,113.000000,78.138901,-3.940894,80.576904,-6.540095,6.546149,0.288883
-15.000000,0.000000,112.000000,71.385757,0.501716,74.765640,-1.446114,5.980399,-0.036778
-15.000000,0.000000,116.000000,64.334114,2.558799,67.649681,1.722577,5.389642,-0.187570
-13.000000,-1.000000,119.000000,56.848648,5.311488,60.571667,4.058522,4.762541,-0.389352
-15.000000,0.000000,117.000000,48.522816,7.264920,52.452156,6.440917,4.065038,-0.532546
-8.000000,1.000000,120.000000,40.236431,7.559532,44.079044,7.403270,3.370839,-0.554143
-8.000000,2.000000,114.000000,32.108158,7.405493,36.011627,7.446238,2.689887,-0.542851
-6.000000,0.000000,115.000000,23.987583,7.845988,27.956884,7.786691,2.009579,-0.575141
-3.000000,1.000000,116.000000,15.292826,8.970415,19.451056,8.355052,1.281169,-0.657566
-4.000000,2.000000,125.000000,5.574132,11.064006,10.193983,10.097319,0.466977,-0.811034
-1.000000,0.000000,119.000000,-4.618165,12.345106,0.138053,11.830507,-0.386891,-0.904943
1.000000,1.000000,109.000000,-14.395616,12.794339,-9.739275,12.762590,-1.206004,-0.937874
4.000000,2.000000,114.000000,-24.002899,12.131694,-19.498880,12.573017,-2.010862,-0.889300
3.000000,4.000000,111.000000,-34.325726,10.234439,-29.431076,11.113102,-2.875665,-0.750224
7.000000,3.000000,126.000000,-45.257774,8.341163,-39.954689,9.400512,-3.791507,-0.611439
9.000000,2.000000,111.000000,-55.299461,6.998755,-50.441174,7.564004,-4.632757,-0.513035
10.000000,1.000000,111.000000,-66.231613,6.630825,-60.982414,6.784141,-5.548606,-0.486065
14.000000,2.000000,105.000000,-75.854477,6.846264,-71.531776,6.639314,-6.354770,-0.501857
15.000000,0.000000,104.000000,-83.662796,7.664205,-80.203445,7.194463,-7.008918,-0.561816
21.000000,2.000000,112.000000,-88.986786,9.490856,-86.727905,8.502588,-7.454939,-0.695716
17.000000,1.000000,105.000000,-93.581490,11.903897,-91.384613,10.833964,-7.839864,-0.872601
15.000000,1.000000,104.000000,-96.556221,15.352541,-95.477669,13.557790,-8.089074,-1.125400
18.000000,1.000000,103.000000,-97.261894,19.704664,-97.147682,17.563488,-8.148193,-1.444427
17.000000,5.000000,105.000000,-96.436478,24.783764,-96.959053,22.380299,-8.079042,-1.816745
22.000000,8.000000,116.000000,-94.227768,30.196562,-95.381927,27.724026,-7.894007,-2.213524
16.000000,6.000000,105.000000,-91.146507,36.273849,-92.562637,33.314823,-7.635872,-2.659012
16.000000,6.000000,102.000000,-85.330963,43.924297,-88.461784,40.114918,-7.148670,-3.219819
16.000000,7.000000,94.000000,-79.814651,51.897507,-82.500572,48.373848,-6.686536,-3.804286
14.000000,9.000000,97.000000,-72.039207,57.531857,-76.045769,54.889507,-6.035143,-4.217305
19.000000,12.000000,93.000000,-61.642704,59.079857,-66.572144,58.888496,-5.164167,-4.330780
11.000000,10.000000,88.000000,-50.417107,56.213146,-55.928749,57.828773,-4.223733,-4.120639
9.000000,9.000000,86.000000,-36.631695,50.869793,-43.434013,53.350929,-3.068849,-3.728951
6.000000,9.000000,82.000000,-22.637224,43.027672,-29.447567,46.880718,-1.896451,-3.154093
4.000000,8.000000,84.000000,-7.484248,32.760883,-14.539823,37.813671,-0.626999,-2.401498
3.000000,8.000000,95.000000,5.328285,21.544235,-0.487176,26.966721,0.446381,-1.579275
-1.000000,2.000000,75.000000,18.862436,11.427400,12.361638,16.056850,1.580216,-0.837672
-4.000000,3.000000,74.000000,31.867096,1.647143,25.948200,6.167627,2.669691,-0.120742
-5.000000,0.000000,77.000000,41.990135,-7.020473,37.461510,-2.913734,3.517757,0.514628
-9.000000,-1.000000,88.000000,50.454514,-15.624973,46.601761,-11.685502,4.226867,1.145370
-11.000000,-4.000000,90.000000,57.894318,-25.857939,54.310738,-20.843845,4.850143,1.895486
-12.000000,-4.000000,89.000000,65.830719,-37.369019,62.254082,-31.993298,5.515021,2.739292
-12.000000,-7.000000,80.000000,72.211548,-46.980404,69.321854,-42.615410,6.049581,3.443843
-11.000000,-7.000000,91.000000,76.419273,-55.159439,74.661766,-51.410576,6.402085,4.043398
-19.000000,-14.000000,103.000000,79.280342,-63.503166,78.017143,-59.658073,6.641774,4.655025
-15.000000,-11.000000,111.000000,81.023697,-68.969078,80.155235,-66.756050,6.787825,5.055697
-15.000000,-11.000000,100.000000,82.271690,-72.777412,81.680565,-71.208572,6.892376,5.334863
-16.000000,-10.000000,98.000000,83.922600,-76.297447,83.050728,-74.742706,7.030683,5.592895
-15.000000,-13.000000,104.000000,83.579460,-79.776527,83.989273,-78.109634,7.001936,5.847925
-18.000000,-17.000000,120.000000,80.599899,-81.921394,82.032570,-81.432312,6.752322,6.005151
-14.000000,-13.000000,110.000000,75.770569,-81.205765,78.045265,-81.623489,6.347740,5.952693
-14.000000,-14.000000,111.000000,70.457283,-77.952644,73.112984,-79.754257,5.902615,5.714227
-12.000000,-15.000000,110.000000,63.278259,-71.568710,66.782043,-74.796646,5.301187,5.246260
-10.000000,-15.000000,114.000000,53.536297,-61.228283,58.540752,-66.305603,4.485046,4.488267
-11.000000,-16.000000,118.000000,39.364902,-46.025955,46.409168,-53.583191,3.297826,3.373878
-5.000000,-6.000000,112.000000,21.439575,-26.991455,30.061756,-36.155392,1.796118,1.978577
-4.000000,-4.000000,109.000000,2.486926,-6.516835,11.337236,-16.324078,0.208344,0.477709
0.000000,-2.000000,107.000000,-15.710378,15.232984,-7.179020,4.946427,-1.316150,-1.116636
2.000000,2.000000,116.000000,-32.764400,36.294136,-24.623831,26.535450,-2.744864,-2.660499
7.000000,6.000000,120.000000,-44.755547,52.583191,-39.581539,45.208782,-3.749432,-3.854549
8.000000,11.000000,114.000000,-51.916779,64.163300,-48.829109,59.060558,-4.349370,-4.703415
9.000000,11.000000,104.000000,-55.257366,71.209679,-53.942474,68.475479,-4.629230,-5.219942
9.000000,14.000000,113.000000,-56.558697,72.203552,-55.995552,72.219299,-4.738250,-5.292797
9.000000,13.000000,114.000000,-54.696056,70.211273,-56.009254,71.185287,-4.582206,-5.146755
13.000000,15.000000,118.000000,-48.375221,66.185715,-51.638206,68.388580,-4.052673,-4.851666
8.000000,11.000000,110.000000,-39.340401,58.855316,-43.860764,62.491077,-3.295774,-4.314320
6.000000,9.000000,102.000000,-28.341999,50.307419,-33.601376,54.347969,-2.374374,-3.687726
6.000000,10.000000,101.000000,-17.233557,41.919834,-22.347103,46.016052,-1.443755,-3.072884
3.000000,6.000000,97.000000,-6.982650,33.616516,-11.715961,37.408096,-0.584977,-2.464219
1.000000,7.000000,108.000000,1.714085,25.359062,-2.396851,29.266907,0.143599,-1.858916
0.000000,3.000000,101.000000,11.325828,16.555984,6.854887,20.729177,0.948830,-1.213617
-2.000000,3.000000,94.000000,20.640995,9.229217,16.282347,12.428775,1.729216,-0.676537
-3.000000,1.000000,94.000000,28.081032,4.315607,24.893528,6.496193,2.352511,-0.316351
-3.000000,2.000000,94.000000,32.576263,2.133602,30.589397,2.865677,2.729103,-0.156401
-8.000000,2.000000,101.000000,36.867332,2.955634,34.977703,2.373356,3.088590,-0.216659
-7.000000,0.000000,101.000000,37.312534,4.931549,37.437538,3.736681,3.125887,-0.361501
-7.000000,1.000000,92.000000,35.319839,10.734280,36.426083,7.853223,2.958948,-0.786864
-2.000000,0.000000,102.000000,32.373875,18.301918,33.652451,14.409717,2.712147,-1.341601
-7.000000,3.000000,97.000000,30.780035,26.961615,31.432058,22.958803,2.578622,-1.976389
-7.000000,4.000000,109.000000,29.939367,34.619858,30.375488,31.165970,2.508194,-2.537768
-5.000000,5.000000,96.000000,28.377537,38.629517,29.056042,36.984035,2.377351,-2.831691
-5.000000,8.000000,87.000000,27.498743,38.090900,27.782761,38.703941,2.303729,-2.792209
-3.000000,7.000000,91.000000,27.179502,34.527023,27.261190,36.387074,2.276985,-2.530963
-5.000000,8.000000,87.000000,29.597578,27.946169,28.271145,31.508472,2.479561,-2.048561
-5.000000,5.000000,99.000000,33.655102,17.145918,31.638050,22.383400,2.819483,-1.256861
-8.000000,3.000000,87.000000,37.477680,6.845778,35.795017,11.511896,3.139723,-0.501822
-6.000000,0.000000,88.000000,37.492481,-2.856637,37.776115,1.635231,3.140962,0.209402
-7.000000,0.000000,87.000000,34.601501,-11.029905,36.166039,-7.441325,2.898769,0.808534
-7.000000,-1.000000,89.000000,29.075222,-16.326151,31.916351,-14.005079,2.435800,1.196769
-7.000000,-4.000000,100.000000,21.409842,-18.366844,25.225502,-17.635298,1.793627,1.346360
-4.000000,-2.000000,96.000000,10.268337,-18.328606,15.894916,-18.454876,0.860238,1.343557
0.000000,-3.000000,100.000000,-3.241004,-16.787983,3.339891,-17.614100,-0.271518,1.230623
-1.000000,-2.000000,100.000000,-17.941767,-14.341614,-10.951632,-15.558237,-1.503086,1.051295
2.000000,-2.000000,96.000000,-32.847347,-12.456966,-25.789331,-13.204839,-2.751813,0.913143
7.000000,-5.000000,104.000000,-46.031094,-11.056836,-40.003784,-11.664985,-3.856292,0.810508
8.000000,-3.000000,96.000000,-57.074928,-11.939402,-52.116077,-11.325992,-4.781497,0.875204
11.000000,-1.000000,99.000000,-65.885536,-16.033745,-61.983772,-13.952802,-5.519614,1.175335
12.000000,-3.000000,98.000000,-72.618553,-21.891094,-69.440910,-18.810158,-6.083678,1.604701
16.000000,-4.000000,107.000000,-78.505577,-29.309454,-76.065880,-25.824818,-6.576868,2.148495
14.000000,-6.000000,106.000000,-80.317154,-36.681690,-79.769745,-33.268639,-6.728634,2.688908
14.000000,-6.000000,103.000000,-78.456879,-42.095081,-79.701134,-39.687202,-6.572788,3.085731
14.000000,-6.000000,100.000000,-71.562851,-43.805260,-75.061523,-43.191978,-5.995235,3.211093
13.000000,-6.000000,104.000000,-64.280647,-42.140903,-67.770294,-43.281643,-5.385163,3.089090
15.000000,-8.000000,118.000000,-56.775944,-39.131931,-60.387962,-40.488808,-4.756450,2.868520
10.000000,-6.000000,115.000000,-50.323219,-36.842899,-53.157452,-37.783958,-4.215868,2.700725
8.000000,-5.000000,110.000000,-45.433319,-33.560448,-47.451008,-35.062515,-3.806213,2.460109
8.000000,-6.000000,110.000000,-43.056606,-30.067928,-43.937607,-31.727108,-3.607102,2.204094
8.000000,-5.000000,108.000000,-41.539524,-24.220306,-42.362728,-27.316620,-3.480007,1.775441
10.000000,-6.000000,119.000000,-37.382427,-15.645989,-39.649021,-19.814249,-3.131743,1.146911
6.000000,-2.000000,119.000000,-33.192665,-7.365094,-34.881706,-11.146984,-2.780742,0.539890
7.000000,-2.000000,111.000000,-30.638231,0.266132,-31.928860,-3.284487,-2.566742,-0.019508
5.000000,-1.000000,113.000000,-26.167110,7.837901,-28.398849,4.249959,-2.192171,-0.574548
5.000000,1.000000,109.000000,-20.544409,14.718048,-23.303120,11.600689,-1.721124,-1.078889
7.000000,2.000000,124.000000,-10.383200,21.367462,-15.616257,18.383656,-0.869861,-1.566317
0.000000,3.000000,117.000000,3.491061,25.040886,-3.242507,23.561047,0.292466,-1.835593
0.000000,4.000000,110.000000,19.134892,26.222372,11.658043,25.792835,1.603041,-1.922200
-4.000000,7.000000,108.000000,35.887905,26.003172,28.201019,26.196524,3.006538,-1.906132
-6.000000,4.000000,108.000000,50.862633,26.136219,43.870384,26.094952,4.261058,-1.915885
-14.000000,7.000000,121.000000,64.325470,25.918154,58.074272,26.170816,5.388918,-1.899900
-11.000000,4.000000,106.000000,74.698219,23.274828,70.235558,24.748417,6.257903,-1.706134
-13.000000,4.000000,105.000000,78.694901,18.275747,77.376274,20.829992,6.592728,-1.339682
-13.000000,3.000000,103.000000,77.070183,12.894349,78.142082,15.327837,6.456616,-0.945205
-16.000000,3.000000,100.000000,72.688560,10.207916,74.808754,11.200027,6.089542,-0.748279
-19.000000,3.000000,111.000000,67.711243,10.649674,70.197182,10.273385,5.672564,-0.780662
-12.000000,2.000000,105.000000,60.499142,12.856117,64.248085,11.790556,5.068364,-0.942403
-11.000000,3.000000,105.000000,49.862694,15.881967,55.008678,14.373408,4.177287,-1.164209
-8.000000,2.000000,103.000000,37.060871,18.927032,43.279778,17.586580,3.104804,-1.387424
-7.000000,3.000000,98.000000,22.231335,21.399818,29.346914,20.341696,1.862448,-1.568689
-5.000000,4.000000,104.000000,6.345603,24.381592,13.876371,22.982117,0.531608,-1.787264
-1.000000,4.000000,109.000000,-10.315321,24.766277,-2.522055,24.957285,-0.864174,-1.815463
2.000000,3.000000,98.000000,-24.779274,19.489458,-18.354290,22.483633,-2.075904,-1.428652
3.000000,6.000000,90.000000,-33.426785,8.210969,-29.706644,14.098135,-2.800356,-0.601895
5.000000,2.000000,96.000000,-39.422398,-8.511761,-36.662052,-0.235424,-3.302643,0.623945
10.000000,-1.000000,103.000000,-44.071709,-27.005970,-41.977654,-18.193094,-3.692142,1.979641
9.000000,-6.000000,102.000000,-46.745079,-43.882793,-45.592255,-36.104576,-3.916106,3.216777
7.000000,-6.000000,99.000000,-48.624832,-56.787342,-47.822689,-51.129860,-4.073585,4.162729
9.000000,-10.000000,106.000000,-51.052429,-66.113274,-49.863003,-61.956154,-4.276958,4.846356
8.000000,-12.000000,106.000000,-52.424820,-71.209427,-51.971497,-69.157448,-4.391932,5.219923
12.000000,-17.000000,125.000000,-52.546776,-72.845840,-52.508595,-72.243729,-4.402148,5.339879
7.000000,-13.000000,124.000000,-50.994431,-72.506203,-52.067280,-72.883118,-4.272099,5.314982
8.000000,-12.000000,130.000000,-46.624161,-69.054558,-48.927235,-70.997734,-3.905977,5.061964
8.000000,-12.000000,120.000000,-42.120850,-62.460373,-44.077137,-65.831108,-3.528708,4.578585
6.000000,-10.000000,122.000000,-41.141685,-54.184814,-41.274891,-58.183159,-3.446678,3.971954
7.000000,-12.000000,131.000000,-41.380657,-44.380592,-41.442062,-49.065418,-3.466698,3.253268
6.000000,-9.000000,133.000000,-40.457802,-34.060734,-40.774971,-38.736515,-3.389385,2.496782
8.000000,-5.000000,122.000000,-37.813713,-24.693420,-39.453159,-28.995129,-3.167874,1.810122
8.000000,-6.000000,121.000000,-33.379623,-17.298462,-35.495438,-20.375074,-2.796405,1.268043
5.000000,-3.000000,129.000000,-28.345280,-11.004526,-30.654139,-13.987978,-2.374649,0.806674
10.000000,-3.000000,142.000000,-22.277403,-2.498792,-25.235554,-6.517293,-1.866307,0.183171
3.000000,0.000000,137.000000,-13.669653,5.636127,-17.977671,2.071240,-1.145186,-0.413150
2.000000,0.000000,130.000000,-1.643167,10.262151,-7.669573,8.249922,-0.137658,-0.752255
0.000000,1.000000,128.000000,13.298407,14.769576,5.912946,12.472184,1.114085,-1.082666
-1.000000,2.000000,130.000000,31.099804,20.637632,22.638906,18.054575,2.605411,-1.512818
-3.000000,3.000000,141.000000,46.598038,26.176872,39.667919,23.512905,3.903788,-1.918865
-9.000000,3.000000,138.000000,58.129578,30.035845,52.950661,28.430004,4.869852,-2.201742
-13.000000,6.000000,121.000000,66.338623,32.475285,62.911182,31.403046,5.557571,-2.380563
-11.000000,4.000000,116.000000,69.379417,32.890400,68.334343,32.868839,5.812316,-2.410992
-12.000000,5.000000,125.000000,69.674103,32.421520,69.786728,32.773735,5.837004,-2.376621
-16.000000,5.000000,127.000000,66.898758,32.194901,68.391624,32.145363,5.604497,-2.360009
-11.000000,5.000000,127.000000,61.233273,32.912460,64.172951,32.602215,5.129866,-2.412609
-11.000000,5.000000,118.000000,50.859989,33.517559,56.195244,33.233479,4.260837,-2.456965
-10.000000,5.000000,119.000000,38.507912,34.420143,44.310909,33.921921,3.226031,-2.523128
-7.000000,5.000000,121.000000,26.748882,36.033203,32.129436,35.203850,2.240909,-2.641372
-6.000000,8.000000,134.000000,16.969778,40.038456,21.564289,38.040207,1.421657,-2.934972
-5.000000,9.000000,125.000000,6.736907,45.055538,11.698738,42.663979,0.564390,-3.302743
-2.000000,8.000000,113.000000,-3.445478,50.381954,1.274832,47.834885,-0.288648,-3.693190
0.000000,9.000000,108.000000,-12.734907,52.405857,-8.578718,51.656166,-1.066877,-3.841550
0.000000,15.000000,116.000000,-18.615276,51.498211,-16.141176,52.370983,-1.559510,-3.775016
2.000000,11.000000,109.000000,-23.134932,45.731873,-20.803631,48.796818,-1.938148,-3.352321
5.000000,8.000000,110.000000,-28.475685,36.486038,-26.122097,41.171394,-2.385573,-2.674566
3.000000,8.000000,100.000000,-31.987207,20.964573,-30.434540,28.788692,-2.679754,-1.536784
3.000000,2.000000,100.000000,-36.172169,3.124516,-33.929600,11.582987,-3.030352,-0.229039
11.000000,3.000000,110.000000,-44.178967,-14.193261,-40.178604,-6.238122,-3.701128,1.040420
6.000000,-2.000000,112.000000,-51.584366,-29.479834,-48.311039,-22.474476,-4.321522,2.160985
8.000000,-4.000000,110.000000,-56.419605,-40.699062,-54.245857,-35.699924,-4.726597,2.983397
9.000000,-5.000000,104.000000,-59.585041,-47.578171,-58.229820,-44.716663,-4.991785,3.487662
11.000000,-8.000000,102.000000,-60.704639,-49.594482,-60.428413,-49.209587,-5.085580,3.635466
14.000000,-10.000000,112.000000,-61.772610,-47.140968,-60.909565,-48.124123,-5.175050,3.455613
11.000000,-8.000000,116.000000,-64.738258,-46.458202,-63.387276,-46.394054,-5.423500,3.405564
11.000000,-7.000000,123.000000,-64.489357,-46.573757,-64.779526,-46.535530,-5.402647,3.414035
12.000000,-8.000000,113.000000,-62.031296,-44.341518,-63.359985,-45.568962,-5.196722,3.250403
13.000000,-8.000000,109.000000,-57.344078,-40.039627,-59.984875,-42.452328,-4.804046,2.935058
13.000000,-8.000000,130.000000,-52.474644,-34.744228,-54.577850,-37.227165,-4.396105,2.546885
9.000000,-6.000000,133.000000,-49.013794,-28.931034,-50.658215,-31.390646,-4.106170,2.120755
10.000000,-5.000000,132.000000,-46.866798,-26.457396,-47.850365,-27.626291,-3.926304,1.939428
8.000000,-4.000000,125.000000,-40.591660,-23.714796,-43.865746,-25.159296,-3.400599,1.738385
7.000000,-4.000000,126.000000,-30.767097,-20.861500,-35.656223,-22.166389,-2.577538,1.529228
9.000000,-6.000000,142.000000,-20.635590,-17.757057,-25.494884,-19.309565,-1.728763,1.301660
8.000000,-4.000000,143.000000,-12.000731,-14.868667,-16.078033,-16.331163,-1.005371,1.089930
4.000000,-4.000000,149.000000,0.237468,-10.307755,-6.074439,-12.815109,0.019894,0.755598
1.000000,-2.000000,136.000000,16.891491,-4.714462,8.544523,-7.546496,1.415098,0.345588
0.000000,0.000000,127.000000,34.667923,1.550902,26.348618,-1.695332,2.904333,-0.113687
-8.000000,-2.000000,148.000000,48.245262,10.333974,42.178024,5.869989,4.041786,-0.757520
-7.000000,0.000000,144.000000,59.111687,21.486542,54.057594,16.161354,4.952129,-1.575046
-12.000000,1.000000,130.000000,67.942787,32.148819,63.975533,27.052023,5.691962,-2.356632
-12.000000,5.000000,132.000000,73.098915,41.947166,71.048790,37.392376,6.123920,-3.074888
-12.000000,5.000000,120.000000,72.788734,50.301689,73.594437,46.742599,6.097935,-3.687306
-16.000000,9.000000,130.000000,66.803223,55.978550,69.964157,53.492470,5.596493,-4.103442
-12.000000,7.000000,128.000000,59.013416,59.570412,62.543316,57.839458,4.943896,-4.366739
-11.000000,11.000000,129.000000,53.295269,62.315220,55.798908,61.017700,4.464854,-4.567944
-9.000000,11.000000,117.000000,48.684681,62.978039,50.677200,62.694885,4.078598,-4.616531
-8.000000,11.000000,115.000000,46.451908,64.871742,47.412189,63.841606,3.891546,-4.755347
-11.000000,16.000000,116.000000,42.812382,65.834656,44.563282,65.372398,3.586642,-4.825932
-8.000000,11.000000,117.000000,38.571526,65.161598,40.487404,65.780296,3.231360,-4.776595
-7.000000,12.000000,110.000000,36.986206,62.182121,37.719032,64.118332,3.098549,-4.558187
-7.000000,11.000000,102.000000,34.191277,54.124584,35.581505,58.161804,2.864402,-3.967539
-7.000000,12.000000,105.000000,29.502586,43.164268,31.799301,48.355240,2.471603,-3.164106
-7.000000,10.000000,108.000000,23.503134,32.980267,26.582352,37.915058,1.968994,-2.417580
-5.000000,7.000000,109.000000,13.927936,21.460073,18.723242,26.776026,1.166824,-1.573105
-4.000000,4.000000,100.000000,1.397621,11.129286,7.546641,15.972307,0.117087,-0.815819
-2.000000,2.000000,97.000000,-10.268244,1.315509,-5.164020,5.981905,-0.860230,-0.096432
0.000000,1.000000,91.000000,-15.328478,-8.049852,-13.435556,-3.658579,-1.284156,0.590085
1.000000,0.000000,102.000000,-22.271587,-16.811884,-18.327343,-12.761109,-1.865820,1.232375
3.000000,-2.000000,102.000000,-37.922276,-24.719820,-30.066814,-21.207729,-3.176969,1.812057
5.000000,-5.000000,105.000000,-53.295620,-29.881119,-46.417118,-27.646139,-4.464883,2.190400
8.000000,-5.000000,96.000000,-65.150864,-34.676826,-59.983330,-32.540596,-5.458066,2.541944
11.000000,-6.000000,98.000000,-72.021255,-38.161205,-68.994102,-36.473904,-6.033639,2.797362
16.000000,-7.000000,112.000000,-76.538155,-39.648258,-74.320107,-39.099125,-6.412045,2.906369
13.000000,-5.000000,110.000000,-82.199234,-37.526882,-79.412918,-38.740765,-6.886307,2.750864
14.000000,-6.000000,109.000000,-87.969498,-35.881844,-85.368004,-36.721790,-7.369715,2.630276
16.000000,-6.000000,103.000000,-89.205048,-33.681648,-89.069016,-34.816238,-7.473224,2.468994
21.000000,-8.000000,118.000000,-86.543938,-30.641510,-87.984596,-32.104694,-7.250288,2.246140
17.000000,-5.000000,124.000000,-82.794525,-29.713573,-84.571892,-29.880102,-6.936178,2.178119
15.000000,-7.000000,126.000000,-79.845406,-31.912828,-81.408340,-30.861553,-6.689112,2.339332
14.000000,-6.000000,122.000000,-73.725388,-33.090740,-76.978561,-32.747032,-6.176404,2.425678
14.000000,-5.000000,120.000000,-62.265938,-34.326870,-68.040642,-33.678818,-5.216379,2.516291
11.000000,-5.000000,123.000000,-45.411812,-34.040401,-53.983398,-34.285767,-3.804411,2.495292
11.000000,-9.000000,135.000000,-27.697971,-33.205784,-35.916763,-33.695774,-2.320420,2.434111
5.000000,-5.000000,144.000000,-11.606685,-32.835304,-18.943142,-32.903603,-0.972359,2.406954
2.000000,-8.000000,144.000000,2.323212,-31.000700,-4.209962,-32.278172,0.194629,2.272470
0.000000,-5.000000,136.000000,15.455647,-25.619703,9.330509,-28.397238,1.294809,1.878022
-2.000000,-10.000000,139.000000,26.170969,-18.385542,21.324495,-22.108498,2.192494,1.347731
-3.000000,-2.000000,153.000000,36.161812,-7.881241,31.467957,-13.162397,3.029485,0.577725
-6.000000,-2.000000,149.000000,44.521721,5.052546,40.717327,-1.310622,3.729843,-0.370371
-8.000000,-1.000000,140.000000,51.098980,18.804604,48.194420,12.454016,4.280858,-1.378449
-9.000000,2.000000,134.000000,55.690811,32.379124,53.613503,25.785547,4.665543,-2.373514
-15.000000,6.000000,131.000000,59.076332,46.136532,57.581818,39.649738,4.949167,-3.381984
-11.000000,7.000000,137.000000,62.151882,58.376019,60.638924,52.852112,5.206824,-4.279185
-11.000000,9.000000,136.000000,65.041283,65.303459,63.673790,62.322834,5.448886,-4.786994
-10.000000,10.000000,130.000000,67.030479,68.580490,66.229759,67.389046,5.615532,-5.027213
-11.000000,11.000000,114.000000,66.998505,66.551186,67.146912,67.954880,5.612853,-4.878457
-16.000000,16.000000,116.000000,66.821701,61.704521,66.862030,64.091194,5.598041,-4.523178
-12.000000,10.000000,118.000000,67.150658,54.960945,66.936600,58.279396,5.625600,-4.028848
-12.000000,9.000000,119.000000,65.846611,46.773167,66.689560,50.537918,5.516353,-3.428652
-12.000000,8.000000,108.000000,61.773682,42.420486,63.857666,44.058525,5.175139,-3.109584
-12.000000,7.000000,101.000000,54.608486,40.600174,58.146400,41.420532,4.574870,-2.976148
-15.000000,9.000000,100.000000,47.240578,38.804813,50.781929,39.774372,3.957617,-2.844541
-8.000000,6.000000,107.000000,38.522457,35.655811,42.945938,37.439072,3.227250,-2.613707
-9.000000,6.000000,106.000000,28.365656,29.818451,33.072727,32.745789,2.376356,-2.185807
-4.000000,4.000000,101.000000,20.834120,24.634577,24.103121,26.977673,1.745395,-1.805809
-6.000000,7.000000,95.000000,14.186573,18.164165,17.493649,21.268932,1.188492,-1.331503
-4.000000,6.000000,95.000000,5.181081,11.833341,9.785799,15.065206,0.434049,-0.867429
-2.000000,1.000000,99.000000,-7.310976,3.437631,-1.029972,7.679624,-0.612483,-0.251992
0.000000,0.000000,98.000000,-21.687103,-7.851484,-14.723566,-2.211711,-1.816854,0.575544
2.000000,0.000000,95.000000,-34.818977,-20.626968,-29.255280,-14.774673,-2.916988,1.512036
4.000000,-1.000000,94.000000,-41.220894,-29.971724,-38.492367,-25.779200,-3.453314,2.197042
4.000000,-8.000000,102.000000,-47.141304,-37.383850,-44.052116,-34.071648,-3.949301,2.740379
4.000000,-4.000000,108.000000,-55.852417,-42.823582,-51.560925,-40.282024,-4.679081,3.139132
12.000000,-11.000000,110.000000,-65.245850,-47.044758,-60.883331,-45.222836,-5.466023,3.448561
12.000000,-7.000000,105.000000,-70.789711,-48.562233,-68.824600,-48.077034,-5.930465,3.559798
14.000000,-7.000000,100.000000,-68.382790,-45.573616,-69.880051,-47.501675,-5.728823,3.340720
17.000000,-8.000000,112.000000,-64.862465,-39.928925,-66.270248,-42.678650,-5.433905,2.926943
11.000000,-6.000000,122.000000,-66.054871,-37.192154,-65.125961,-38.138882,-5.533800,2.726327
12.000000,-6.000000,121.000000,-68.398499,-37.663376,-67.299118,-37.332787,-5.730140,2.760870
12.000000,-7.000000,113.000000,-68.465446,-35.989227,-68.563744,-36.877106,-5.735747,2.638148
13.000000,-6.000000,110.000000,-67.519112,-33.294991,-68.004845,-34.622398,-5.656468,2.440650
14.000000,-7.000000,132.000000,-63.460114,-28.777544,-65.751320,-31.111261,-5.316422,2.109504
13.000000,-6.000000,131.000000,-60.026314,-26.087225,-61.687305,-27.588511,-5.028753,1.912294
10.000000,-5.000000,138.000000,-56.200752,-23.753614,-58.063496,-25.014513,-4.708263,1.741231
11.000000,-4.000000,137.000000,-53.024792,-20.253860,-54.440315,-21.977825,-4.442194,1.484686
9.000000,-4.000000,124.000000,-47.976833,-14.866418,-50.650810,-17.487410,-4.019298,1.089765
12.000000,-4.000000,150.000000,-38.619125,-7.050531,-43.293144,-10.867874,-3.235348,0.516831
8.000000,-2.000000,151.000000,-27.331165,0.885014,-32.692596,-2.918061,-2.289690,-0.064875
5.000000,0.000000,154.000000,-13.873388,9.435255,-20.297474,5.644675,-1.162254,-0.691640
6.000000,-1.000000,144.000000,-0.317172,17.201622,-6.255771,13.781224,-0.026571,-1.260945
0.000000,1.000000,135.000000,12.079712,24.512794,6.198667,20.995434,1.011988,-1.796882
-2.000000,4.000000,140.000000,25.148767,32.725300,18.936390,28.773539,2.106858,-2.398890
-3.000000,4.000000,146.000000,36.623440,39.419575,31.408634,36.489811,3.068158,-2.889606
-7.000000,8.000000,134.000000,44.948048,42.448906,41.318253,41.388226,3.765559,-3.111667
-7.000000,7.000000,132.000000,51.830635,42.103554,48.586308,42.462608,4.342153,-3.086352
-8.000000,7.000000,113.000000,59.403183,40.304611,55.776173,41.190971,4.976549,-2.954482
-14.000000,9.000000,126.000000,67.527336,38.640900,63.489433,39.254833,5.657157,-2.832526
-12.000000,7.000000,126.000000,76.348236,36.926899,72.365410,37.819702,6.396134,-2.706883
-12.000000,5.000000,127.000000,83.352066,33.973499,80.329254,35.459812,6.982886,-2.490387
-14.000000,5.000000,114.000000,86.604630,30.098957,85.371353,31.897343,7.255372,-2.206369
-21.000000,6.000000,111.000000,89.424103,25.515089,87.996696,27.749481,7.491576,-1.870353
-15.000000,5.000000,120.000000,93.016869,20.383133,91.204117,22.713089,7.792562,-1.494162
-16.000000,5.000000,115.000000,95.298225,14.300569,94.460648,17.193695,7.983685,-1.048286
-17.000000,6.000000,112.000000,96.337265,9.100392,96.099007,11.449986,8.070731,-0.667094
-17.000000,2.000000,118.000000,95.443001,5.405423,95.939743,7.040015,7.995814,-0.396238
-21.000000,2.000000,111.000000,89.804588,1.178550,93.070305,3.175666,7.523451,-0.086392
-14.000000,1.000000,116.000000,79.848511,-2.165224,84.775253,-0.494156,6.689373,0.158719
-15.000000,0.000000,115.000000,70.869827,-6.862195,74.865250,-4.629831,5.937176,0.503025
-15.000000,0.000000,122.000000,63.468472,-12.454692,66.819870,-9.725328,5.317122,0.912977
-11.000000,-1.000000,120.000000,56.565079,-18.026680,60.019531,-15.397886,4.738785,1.321425
-12.000000,-6.000000,119.000000,44.589615,-23.467463,50.680893,-21.075359,3.735531,1.720255
-8.000000,-3.000000,122.000000,27.926006,-25.969023,35.930527,-25.074968,2.339524,1.903629
-4.000000,-4.000000,125.000000,11.830802,-25.981007,19.099735,-26.021067,0.991135,1.904507
-1.000000,-3.000000,118.000000,0.499104,-23.569048,5.491458,-24.937340,0.041813,1.727701
0.000000,-4.000000,119.000000,-8.570977,-17.480043,-4.205310,-20.644938,-0.718040,1.281354
1.000000,-4.000000,121.000000,-21.362732,-6.250664,-14.850882,-11.763234,-1.789680,0.458198
4.000000,-1.000000,116.000000,-39.654770,7.391727,-30.982382,0.779967,-3.322110,-0.541842
8.000000,1.000000,122.000000,-55.506866,25.500681,-48.117870,16.798595,-4.650132,-1.869297
12.000000,5.000000,120.000000,-68.480171,42.991112,-62.509510,34.688553,-5.736981,-3.151413
11.000000,7.000000,124.000000,-80.751221,58.235172,-75.124153,51.147820,-6.764998,-4.268861
18.000000,14.000000,110.000000,-90.212494,69.998116,-86.123367,64.827530,-7.557624,-5.131130
16.000000,11.000000,112.000000,-95.201614,77.346512,-93.014450,74.334358,-7.975591,-5.669796
15.000000,14.000000,108.000000,-96.739906,81.159943,-96.321144,79.777779,-8.104464,-5.949335
16.000000,13.000000,102.000000,-93.238342,80.394684,-95.198776,81.137589,-7.811117,-5.893238
15.000000,14.000000,93.000000,-89.838028,72.803505,-91.388535,76.865265,-7.526253,-5.336775
19.000000,17.000000,84.000000,-85.640480,61.370239,-87.878937,67.002419,-7.174600,-4.498673
13.000000,11.000000,85.000000,-78.065903,50.220131,-82.361275,54.357502,-6.540033,-3.681328
12.000000,9.000000,92.000000,-67.645920,44.595562,-72.178238,47.624836,-5.667091,-3.269026
11.000000,7.000000,90.000000,-60.366764,37.653481,-63.629173,40.843719,-5.057274,-2.760144
11.000000,7.000000,84.000000,-53.500027,31.785164,-56.653187,34.284092,-4.482008,-2.329974
10.000000,6.000000,79.000000,-44.359428,28.803532,-49.088028,30.034012,-3.716247,-2.111409
7.000000,7.000000,88.000000,-30.784487,24.573170,-37.302780,26.793192,-2.578995,-1.801307
3.000000,3.000000,97.000000,-14.906656,15.947442,-22.246105,20.340038,-1.248817,-1.169008
1.000000,3.000000,97.000000,1.612512,1.066836,-6.264554,8.551752,0.135089,-0.078203
0.000000,0.000000,97.000000,19.070597,-18.486830,10.841427,-9.015162,1.597655,1.355155
-1.000000,-3.000000,85.000000,35.924961,-41.218277,28.094275,-30.444162,3.009642,3.021457
-6.000000,-8.000000,91.000000,53.196533,-63.203129,44.979851,-53.102833,4.456582,4.633031
-8.000000,-11.000000,93.000000,68.682640,-82.958534,61.896950,-73.735489,5.753943,6.081179
-14.000000,-14.000000,98.000000,78.035515,-99.978935,74.200668,-92.180206,6.537488,7.328838
-14.000000,-16.000000,94.000000,83.773987,-112.273941,81.181412,-106.984985,7.018233,8.230109
-19.000000,-23.000000,101.000000,87.027008,-120.031601,85.810410,-116.645645,7.290757,8.798776
-14.000000,-20.000000,113.000000,86.511040,-122.839600,87.050789,-122.067467,7.247532,9.004613
-15.000000,-20.000000,121.000000,85.428680,-117.536659,86.037163,-120.336319,7.156856,8.615888
-15.000000,-19.000000,118.000000,81.923157,-109.004005,83.912186,-113.314270,6.863179,7.990411
-11.000000,-17.000000,122.000000,73.427971,-96.342110,77.901703,-102.430618,6.151487,7.062245
-16.000000,-21.000000,119.000000,58.794987,-80.749786,65.970322,-88.226242,4.925597,5.919268
-10.000000,-14.000000,112.000000,41.777393,-61.048317,49.685383,-70.764984,3.499935,4.475075
-7.000000,-9.000000,114.000000,26.584824,-39.325356,33.864227,-49.742393,2.227165,2.882699
-4.000000,-9.000000,114.000000,9.605378,-16.516516,17.796877,-27.351254,0.804698,1.210724
-2.000000,-4.000000,104.000000,-9.596109,7.180527,-0.394970,-3.983347,-0.803922,-0.526360
2.000000,1.000000,113.000000,-30.060211,30.873554,-20.427784,19.906153,-2.518318,-2.263150
4.000000,6.000000,110.000000,-48.855549,53.746964,-40.298397,42.966518,-4.092913,-3.939858
9.000000,12.000000,125.000000,-64.333702,76.226112,-57.295155,65.767853,-5.389607,-5.587666
9.000000,16.000000,127.000000,-77.155472,95.137711,-71.359238,86.681168,-6.463761,-6.973958
13.000000,17.000000,118.000000,-86.136299,110.801964,-82.340240,103.804245,-7.216137,-8.122208
19.000000,28.000000,111.000000,-90.172394,120.718056,-88.444000,117.031700,-7.554265,-8.849095
15.000000,23.000000,111.000000,-89.764633,122.402138,-90.389519,122.013123,-7.520104,-8.972545
15.000000,22.000000,113.000000,-84.108124,118.709396,-87.149933,121.242661,-7.046226,-8.701853
14.000000,22.000000,103.000000,-72.773468,106.952660,-78.671906,113.158386,-6.096656,-7.840040
10.000000,19.000000,91.000000,-57.248215,89.236580,-65.228737,96.429855,-4.796015,-6.541383
9.000000,20.000000,83.000000,-41.672791,66.256172,-49.001167,77.980240,-3.491172,-4.856831
7.000000,10.000000,96.000000,-25.226707,37.649876,-33.124050,51.203632,-2.113388,-2.759880
6.000000,6.000000,93.000000,-7.060258,5.807201,-15.956049,21.069918,-0.591479,-0.425690
1.000000,1.000000,99.000000,16.249710,-30.581486,4.945233,-13.266385,1.361333,2.241740
-3.000000,-3.000000,91.000000,43.631958,-66.412010,30.519547,-49.761944,3.655302,4.868255
-8.000000,-16.000000,90.000000,69.714005,-98.438263,58.020691,-83.865234,5.840346,7.215901
-13.000000,-18.000000,99.000000,87.297035,-123.214485,79.679504,-112.283188,7.313379,9.032093
-15.000000,-22.000000,111.000000,96.866653,-139.764938,93.258415,-132.451904,8.115081,10.245305
-17.000000,-24.000000,112.000000,96.938255,-144.633972,97.336121,-143.881317,8.121080,10.602224
-17.000000,-25.000000,113.000000,90.938965,-135.769287,94.232948,-141.308746,7.618485,9.952408
-20.000000,-32.000000,118.000000,80.385475,-113.607185,85.630081,-124.749916,6.734358,8.327842
-13.000000,-21.000000,119.000000,59.195107,-82.364143,70.150009,-97.615044,4.959117,6.037607
-8.000000,-13.000000,119.000000,29.597212,-45.409378,43.680931,-63.483807,2.479530,3.328681
-3.000000,-8.000000,120.000000,-3.493417,-1.659745,12.120989,-22.209621,-0.292664,0.121666
0.000000,0.000000,115.000000,-35.025429,41.213043,-20.721037,21.643099,-2.934283,-3.021074
9.000000,8.000000,120.000000,-61.577103,79.003967,-50.260994,62.523537,-5.158671,-5.791293
12.000000,14.000000,128.000000,-77.696999,102.967056,-70.895790,92.707550,-6.509128,-7.547880
14.000000,19.000000,127.000000,-85.524429,115.850311,-82.451256,110.757858,-7.164878,-8.492270
15.000000,22.000000,118.000000,-83.140846,114.750557,-85.220482,116.362160,-6.965191,-8.411655
19.000000,27.000000,102.000000,-69.091713,100.161110,-76.145248,109.375381,-5.788214,-7.342193
12.000000,17.000000,98.000000,-45.832706,68.004303,-57.505615,83.878349,-3.839672,-4.984975
7.000000,11.000000,104.000000,-16.302868,26.468018,-31.111065,45.823986,-1.365786,-1.940207
3.000000,3.000000,104.000000,17.424662,-20.262520,1.614627,2.471231,1.459765,1.485320
-3.000000,-1.000000,109.000000,51.996784,-65.614655,35.839325,-44.708393,4.356072,4.809805
-13.000000,-16.000000,108.000000,80.525703,-103.388695,68.188988,-86.483391,6.746105,7.578786
-15.000000,-20.000000,110.000000,97.838989,-128.606552,90.485390,-117.713699,8.196540,9.427352
-16.000000,-24.000000,128.000000,106.615265,-141.035706,103.188377,-136.390930,8.931780,10.338457
-18.000000,-24.000000,126.000000,106.381203,-142.824677,107.078041,-142.985565,8.912170,10.469596
-19.000000,-23.000000,115.000000,97.370285,-131.869629,102.545204,-138.214722,8.157274,9.666548
-21.000000,-30.000000,107.000000,76.812836,-106.923050,87.497124,-119.936661,6.435057,7.837869
-9.000000,-16.000000,104.000000,51.747219,-73.883682,63.963531,-89.734375,4.335165,5.415957
-8.000000,-13.000000,108.000000,23.712173,-34.484188,37.180332,-53.542839,1.986506,2.527823
-4.000000,-2.000000,108.000000,-5.623730,4.410547,8.133213,-13.802829,-0.471132,-0.323310
1.000000,-1.000000,107.000000,-32.652969,40.804344,-20.295811,23.924765,-2.735529,-2.991114
7.000000,7.000000,102.000000,-55.052612,72.068527,-44.921806,57.952209,-4.612077,-5.282899
9.000000,13.000000,100.000000,-71.713593,95.992767,-64.363846,85.375526,-6.007864,-7.036637
12.000000,16.000000,109.000000,-83.145592,112.942047,-78.191818,105.483681,-6.965588,-8.279084
14.000000,19.000000,119.000000,-90.185471,124.876129,-87.168411,119.623474,-7.555360,-9.153898
15.000000,23.000000,121.000000,-94.936646,130.320465,-93.018593,128.361786,-7.953393,-9.552989
21.000000,31.000000,110.000000,-94.867638,128.627014,-95.420578,130.116791,-7.947612,-9.428852
15.000000,23.000000,110.000000,-86.068039,116.460258,-90.905930,123.125221,-7.210419,-8.536983
14.000000,22.000000,102.000000,-67.923386,97.000786,-76.506958,108.006187,-5.690336,-7.110528
12.000000,18.000000,107.000000,-44.799488,64.751099,-56.060291,80.117088,-3.753113,-4.746503
7.000000,11.000000,102.000000,-19.722301,31.241449,-31.360067,47.038353,-1.652252,-2.290118
1.000000,9.000000,89.000000,1.800275,2.015983,-7.687070,14.915693,0.150819,-0.147779
0.000000,-1.000000,93.000000,14.867053,-21.059658,9.288517,-10.938118,1.245499,1.543754
-1.000000,-4.000000,99.000000,22.801369,-34.263226,19.440485,-28.847733,1.910203,2.511626
-4.000000,-6.000000,108.000000,25.466692,-38.788116,24.651970,-37.357349,2.133492,2.843317
-6.000000,-8.000000,111.000000,24.694988,-36.218410,25.096615,-37.926918,2.068843,2.654948
-5.000000,-7.000000,104.000000,23.975260,-28.205036,24.359934,-32.251148,2.008547,2.067537
-6.000000,-7.000000,108.000000,23.121916,-18.053108,23.469868,-22.921808,1.937057,1.323362
-4.000000,-3.000000,110.000000,24.144775,-8.052356,23.367117,-12.728176,2.022748,0.590268
-3.000000,-2.000000,117.000000,29.170757,2.086012,26.466496,-2.672282,2.443804,-0.152913
-6.000000,0.000000,113.000000,37.760445,10.304482,33.420967,6.664586,3.163411,-0.755358
-8.000000,2.000000,100.000000,49.032799,14.133975,43.539711,12.659957,4.107762,-1.036074
-10.000000,2.000000,101.000000,59.916042,14.146759,55.006432,14.406177,5.019515,-1.037012
-10.000000,3.000000,102.000000,68.804146,12.786299,64.765823,13.443747,5.764122,-0.937285
-12.000000,1.000000,113.000000,74.218102,9.824374,72.122566,11.338367,6.217680,-0.720164
-12.000000,1.000000,107.000000,77.757378,8.100596,76.257576,8.685481,6.514187,-0.593805
-17.000000,2.000000,102.000000,78.087166,8.386593,78.223740,8.117022,6.541815,-0.614769
-15.000000,1.000000,103.000000,75.892265,11.087639,77.305824,9.801065,6.357935,-0.812766
-14.000000,1.000000,113.000000,69.478455,13.570497,72.936707,12.515618,5.820612,-0.994769
-11.000000,2.000000,114.000000,57.963409,15.211359,63.771904,14.561287,4.855931,-1.115051
-11.000000,2.000000,109.000000,42.645695,16.207258,50.056435,15.638849,3.572677,-1.188054
-7.000000,2.000000,108.000000,23.288288,15.513747,32.795486,16.006359,1.950995,-1.137217
-4.000000,3.000000,109.000000,0.006131,13.276165,11.221643,14.529788,0.000514,-0.973194
0.000000,0.000000,117.000000,-24.889193,7.831897,-13.231985,10.663676,-2.085112,-0.574108
5.000000,0.000000,109.000000,-48.211365,-0.140249,-37.392239,3.749772,-4.038946,0.010281
7.000000,0.000000,108.000000,-69.192932,-9.361475,-59.633751,-4.961869,-5.796694,0.686232
16.000000,0.000000,107.000000,-86.118568,-20.930811,-78.443237,-15.189478,-7.214653,1.534308
14.000000,-2.000000,101.000000,-99.902496,-34.932350,-93.674637,-28.256466,-8.369412,2.560675
17.000000,-6.000000,114.000000,-106.930313,-49.158382,-104.356544,-42.499977,-8.958173,3.603498
17.000000,-7.000000,114.000000,-107.390762,-61.447357,-107.477882,-55.924614,-8.996747,4.504326
16.000000,-8.000000,108.000000,-105.365776,-68.452522,-106.513695,-65.564934,-8.827103,5.017832
20.000000,-12.000000,110.000000,-99.273262,-69.300552,-102.349686,-69.266907,-8.316696,5.079996
17.000000,-10.000000,117.000000,-91.226471,-65.104813,-94.914665,-67.222458,-7.642570,4.772432
15.000000,-10.000000,126.000000,-81.784363,-56.377415,-86.410561,-60.857063,-6.851550,4.132680
15.000000,-10.000000,133.000000,-73.375999,-44.618858,-76.868118,-50.201820,-6.147133,3.270733
12.000000,-7.000000,133.000000,-67.741722,-32.763245,-70.442490,-38.236610,-5.675117,2.401671
17.000000,-6.000000,121.000000,-61.533699,-17.700584,-64.475586,-24.891066,-5.155035,1.297521
10.000000,-3.000000,124.000000,-51.991364,-1.562859,-57.022255,-9.216721,-4.355618,0.114564
8.000000,-1.000000,134.000000,-35.786373,16.389347,-44.053280,7.594045,-2.998032,-1.201402
7.000000,2.000000,138.000000,-13.465348,34.851425,-24.158190,26.394430,-1.128070,-2.554743
2.000000,5.000000,132.000000,9.558002,51.841217,-1.083064,44.143372,0.800729,-3.800159
-1.000000,13.000000,113.000000,31.387110,65.342201,21.228237,59.361408,2.629480,-4.789833
-5.000000,11.000000,114.000000,51.973717,74.043152,42.331959,70.351151,4.354140,-5.427646
-8.000000,12.000000,121.000000,69.287201,76.451607,61.648689,76.053848,5.804590,-5.604196
-11.000000,11.000000,113.000000,81.811104,70.945152,76.579041,74.091202,6.853791,-5.200551
-19.000000,15.000000,98.000000,89.970306,60.030285,86.354073,65.544357,7.537334,-4.400449
-16.000000,10.000000,99.000000,94.332176,44.098530,92.571442,51.979767,7.902754,-3.232591
-16.000000,7.000000,105.000000,94.004646,25.009052,94.524902,34.214321,7.875315,-1.833259
-16.000000,5.000000,101.000000,89.993340,5.536884,92.275948,14.775601,7.539264,-0.405875
-14.000000,1.000000,109.000000,82.393356,-12.829890,86.355751,-4.311098,6.902569,0.940480
-14.000000,-1.000000,106.000000,67.710098,-29.208494,75.235626,-21.774235,5.672468,2.141094
-16.000000,-7.000000,110.000000,46.457546,-42.299206,56.831013,-36.515240,3.892018,3.100694
-8.000000,-7.000000,105.000000,19.994642,-52.733826,32.854832,-47.877449,1.675067,3.865591
-5.000000,-9.000000,115.000000,-7.063138,-61.987576,5.345190,-57.756203,-0.591720,4.543926
-1.000000,-10.000000,119.000000,-29.362495,-69.665970,-19.224039,-66.218147,-2.459867,5.106782
7.000000,-17.000000,115.000000,-48.509495,-74.419952,-39.677856,-72.493118,-4.063922,5.455267
8.000000,-14.000000,122.000000,-66.645309,-76.994446,-58.433258,-76.179100,-5.583264,5.643988
12.000000,-15.000000,125.000000,-80.358101,-75.087242,-74.511520,-76.420341,-6.732064,5.504183
14.000000,-13.000000,135.000000,-89.604897,-68.929520,-85.806473,-72.238190,-7.506722,5.052797
16.000000,-11.000000,129.000000,-92.460747,-60.206264,-91.644974,-64.782249,-7.745973,4.413350
20.000000,-11.000000,130.000000,-93.011208,-49.015381,-92.754013,-54.375355,-7.792089,3.593015
16.000000,-7.000000,130.000000,-95.204247,-37.840481,-94.132561,-43.153313,-7.975812,2.773852
16.000000,-7.000000,131.000000,-93.281425,-23.998014,-94.558228,-30.745626,-7.814726,1.759146
15.000000,-5.000000,146.000000,-87.451958,-9.689630,-90.759171,-16.598347,-7.326358,0.710287
16.000000,-2.000000,142.000000,-75.563919,5.282664,-81.538857,-1.644537,-6.330428,-0.387239
18.000000,0.000000,134.000000,-56.063667,20.012400,-65.822731,13.328758,-4.696779,-1.466985
9.000000,4.000000,135.000000,-29.821747,34.903202,-42.726635,28.078466,-2.498341,-2.558538
5.000000,5.000000,138.000000,1.538584,46.357582,-13.130196,41.380299,0.128896,-3.398188
0.000000,8.000000,136.000000,33.333767,55.819744,18.446606,51.560616,2.792563,-4.091801
-5.000000,10.000000,132.000000,62.754982,61.172359,49.118950,58.957874,5.257349,-4.484168
-16.000000,16.000000,125.000000,88.918961,64.388626,77.046310,62.984600,7.449257,-4.719933
-16.000000,10.000000,121.000000,109.032806,63.890366,99.866570,64.345718,9.134311,-4.683408
-18.000000,11.000000,122.000000,125.125748,58.380226,117.700600,61.567207,10.482510,-4.279494
-22.000000,10.000000,129.000000,136.305328,49.023518,131.389603,53.683643,11.419087,-3.593611
-24.000000,8.000000,127.000000,139.682053,35.660976,138.713013,41.999641,11.701976,-2.614086
-34.000000,9.000000,109.000000,133.985611,23.815975,137.649750,29.320728,11.224751,-1.745802
-25.000000,4.000000,118.000000,115.450905,11.624185,125.226791,17.216928,9.671992,-0.852097
-22.000000,3.000000,116.000000,85.249870,1.772099,100.344437,6.439269,7.141876,-0.129902
-16.000000,1.000000,120.000000,47.441345,-10.700946,65.745323,-4.478938,3.974437,0.784420
-8.000000,-1.000000,121.000000,8.816808,-23.874350,26.816433,-17.728260,0.738635,1.750081
-5.000000,-5.000000,114.000000,-28.721176,-37.251614,-11.128260,-30.957638,-2.406139,2.730686
4.000000,-6.000000,116.000000,-64.241989,-51.592369,-47.885307,-44.799751,-5.381924,3.781918
12.000000,-9.000000,122.000000,-93.164108,-64.596146,-80.367805,-58.707397,-7.804898,4.735145
17.000000,-10.000000,133.000000,-112.494812,-75.339005,-104.142433,-70.520294,-9.424342,5.522637
18.000000,-12.000000,135.000000,-121.333099,-79.927361,-117.939194,-78.514648,-10.164778,5.858981
29.000000,-16.000000,130.000000,-123.836601,-79.302467,-122.864548,-79.657791,-10.374510,5.813174
22.000000,-10.000000,124.000000,-118.798096,-71.502869,-121.674156,-75.778381,-9.952406,5.241434
22.000000,-11.000000,130.000000,-112.451591,-59.463333,-114.787155,-64.579788,-9.420722,4.358890
18.000000,-9.000000,138.000000,-105.154327,-47.271736,-109.226028,-53.520515,-8.809388,3.465199
18.000000,-8.000000,146.000000,-97.195427,-31.019098,-100.908829,-39.142033,-8.142625,2.273819
21.000000,-6.000000,133.000000,-82.272263,-8.122956,-90.041939,-18.999590,-6.892425,0.595444
15.000000,0.000000,137.000000,-59.271099,17.820194,-70.804031,5.121356,-4.965484,-1.306288
10.000000,2.000000,147.000000,-32.517296,42.532852,-45.097290,31.256506,-2.724163,-3.117821
7.000000,7.000000,153.000000,-5.674153,62.425289,-18.362577,53.209076,-0.475357,-4.576013
2.000000,12.000000,146.000000,21.898520,80.335564,9.006611,72.255302,1.834566,-5.888904
-4.000000,18.000000,133.000000,46.242474,91.748894,35.113880,86.972000,3.874000,-6.725545
-8.000000,16.000000,120.000000,69.556381,98.056335,58.547539,95.579590,5.827142,-7.187904
-11.000000,17.000000,126.000000,90.477463,98.250748,81.029449,98.649033,7.579822,-7.202156
-17.000000,18.000000,130.000000,104.680389,92.907272,98.822952,96.182358,8.769684,-6.810459
-18.000000,16.000000,117.000000,112.467773,82.087456,109.327660,87.391380,9.422078,-6.017325
-28.000000,19.000000,109.000000,113.769897,70.462196,113.890892,76.091835,9.531164,-5.165149
-20.000000,11.000000,102.000000,101.920799,57.236572,108.847000,63.733910,8.538497,-4.195660
-18.000000,7.000000,100.000000,81.755043,42.989872,91.456711,49.708366,6.849095,-3.151322
-16.000000,7.000000,105.000000,60.064434,26.810112,70.424690,34.642433,5.031946,-1.965284
-12.000000,5.000000,103.000000,39.559204,9.139004,49.271198,17.516891,3.314104,-0.669924
-8.000000,2.000000,99.000000,15.479547,-9.602169,27.289831,-0.749199,1.296811,0.703876
-5.000000,0.000000,103.000000,-12.842302,-27.039824,0.771051,-19.037701,-1.075874,1.982122
2.000000,-2.000000,106.000000,-41.526424,-42.792313,-28.320658,-35.569920,-3.478909,3.136840
6.000000,-7.000000,108.000000,-64.122597,-55.889015,-54.107475,-50.007511,-5.371922,4.096879
20.000000,-15.000000,107.000000,-77.501282,-64.838638,-72.131081,-60.932182,-6.492733,4.752921
16.000000,-10.000000,108.000000,-82.350609,-70.185211,-80.569107,-68.021416,-6.898989,5.144845
15.000000,-12.000000,122.000000,-82.936508,-68.565125,-82.515930,-69.729836,-6.948072,5.026086
16.000000,-11.000000,126.000000,-83.889755,-63.775009,-83.666130,-66.404129,-7.027931,4.674953
15.000000,-11.000000,133.000000,-81.324074,-54.525745,-82.916992,-59.247261,-6.812989,3.996946
21.000000,-12.000000,128.000000,-75.211761,-40.376083,-78.451454,-47.548954,-6.300925,2.959721
13.000000,-5.000000,121.000000,-64.616096,-21.915691,-69.637657,-30.576359,-5.413265,1.606504
12.000000,-4.000000,126.000000,-53.524918,-5.168699,-58.956329,-13.038300,-4.484093,0.378885
10.000000,-2.000000,127.000000,-40.871132,8.060512,-47.092903,2.029628,-3.424012,-0.590866
6.000000,2.000000,132.000000,-25.386515,17.254791,-32.915245,13.272881,-2.126776,-1.264842
7.000000,5.000000,119.000000,-4.677150,26.185184,-14.930489,22.082939,-0.391832,-1.919474
0.000000,4.000000,122.000000,20.175936,33.118710,8.206973,29.920898,1.690255,-2.427728
-3.000000,8.000000,117.000000,44.572102,38.862411,33.266930,36.233269,3.734064,-2.848763
-8.000000,8.000000,126.000000,67.486351,43.113228,56.718269,41.228260,5.653723,-3.160365
-12.000000,8.000000,118.000000,87.910927,38.967827,78.433006,41.861820,7.364809,-2.856491
-23.000000,8.000000,110.000000,109.152962,29.061377,99.178596,33.930042,9.144377,-2.130310
-18.000000,4.000000,115.000000,128.219727,17.419449,119.583069,22.790842,10.741710,-1.276912
-21.000000,3.000000,113.000000,137.859879,5.558248,134.428406,11.100371,11.549322,-0.407441
-25.000000,1.000000,114.000000,134.057648,-5.425004,136.788849,-0.644580,11.230787,0.397674
-25.000000,-1.000000,118.000000,118.441711,-13.625430,126.618835,-10.231377,9.922550,0.998796
-30.000000,-2.000000,112.000000,96.284332,-18.655691,107.170914,-16.708868,8.066298,1.367534
-20.000000,-4.000000,113.000000,66.557655,-23.291105,81.093849,-20.768286,5.575921,1.707327
-10.000000,-4.000000,120.000000,32.805565,-28.647840,49.282238,-26.035381,2.748312,2.099996
-6.000000,-5.000000,121.000000,-5.625133,-35.588696,12.807416,-32.221886,-0.471250,2.608788
1.000000,-4.000000,125.000000,-43.964680,-43.547520,-26.061548,-39.788734,-3.683177,3.192200
10.000000,-11.000000,121.000000,-72.518898,-49.923214,-59.847309,-47.062885,-6.075329,3.659563
13.000000,-8.000000,123.000000,-90.370537,-51.712257,-82.765396,-51.233349,-7.570865,3.790706
16.000000,-7.000000,118.000000,-97.862671,-48.864857,-95.325302,-51.094032,-8.198524,3.581981
18.000000,-7.000000,126.000000,-99.635399,-39.614563,-98.980362,-44.426441,-8.347035,2.903899
16.000000,-7.000000,130.000000,-98.874878,-24.278873,-99.438972,-31.867880,-8.283322,1.779734
21.000000,-5.000000,124.000000,-92.357567,-4.233968,-95.895065,-13.837041,-7.737329,0.310366
15.000000,-1.000000,123.000000,-82.170479,18.309978,-87.117126,7.530597,-6.883898,-1.342191
15.000000,1.000000,123.000000,-70.071365,39.679562,-75.738205,30.191586,-5.870284,-2.908664
12.000000,6.000000,133.000000,-55.122570,58.495049,-62.564617,49.673779,-4.617938,-4.287910
11.000000,10.000000,129.000000,-37.189278,71.315598,-46.002789,66.031052,-3.115561,-5.227706
8.000000,16.000000,118.000000,-14.719791,76.245605,-25.967276,74.283844,-1.233162,-5.589095
3.000000,13.000000,114.000000,8.891722,74.911186,-2.476781,75.958176,0.744911,-5.491276
-1.000000,13.000000,112.000000,30.403835,68.738625,20.557743,71.954849,2.547106,-5.038804
-6.000000,12.000000,116.000000,47.404709,60.286205,39.651100,64.282196,3.971367,-4.419210
-8.000000,12.000000,115.000000,59.579296,51.237289,54.194191,55.550926,4.991303,-3.755889
-14.000000,13.000000,106.000000,67.787544,42.172607,64.365303,46.406013,5.678956,-3.091414
-13.000000,7.000000,99.000000,70.548592,34.882202,69.760849,38.322811,5.910265,-2.556999
-14.000000,6.000000,102.000000,66.129486,28.026865,68.865425,31.266006,5.540051,-2.054476
-12.000000,4.000000,101.000000,52.406517,19.980124,59.627983,23.952782,4.390398,-1.464620
-11.000000,6.000000,105.000000,32.471081,8.988476,42.159016,14.396662,2.720291,-0.658890
-10.000000,3.000000,98.000000,10.766798,-4.503307,21.107655,2.118549,0.901997,0.330110
-4.000000,0.000000,93.000000,-10.269268,-19.481642,-0.411432,-12.414448,-0.860316,1.428079
0.000000,-2.000000,100.000000,-33.316368,-33.675060,-22.355455,-27.217108,-2.791105,2.468511
3.000000,-3.000000,105.000000,-58.294521,-44.981606,-46.661934,-40.231472,-4.883670,3.297323
11.000000,-13.000000,105.000000,-78.376877,-47.749344,-69.172554,-46.664227,-6.566086,3.500210
13.000000,-6.000000,105.000000,-92.490479,-46.377419,-86.700836,-47.641731,-7.748464,3.399642
16.000000,-7.000000,106.000000,-97.501228,-39.776375,-96.012802,-43.373207,-8.168243,2.915761
18.000000,-7.000000,110.000000,-95.736977,-28.632116,-96.699562,-34.102749,-8.020442,2.098844
17.000000,-5.000000,122.000000,-92.124146,-14.697031,-94.113464,-21.582426,-7.717774,1.077349
20.000000,-2.000000,104.000000,-84.618210,0.051978,-88.620758,-7.055429,-7.088959,-0.003810
15.000000,-1.000000,110.000000,-71.176361,14.355238,-78.267525,7.723633,-5.962856,-1.052294
15.000000,1.000000,109.000000,-51.920357,25.797380,-61.369041,20.643675,-4.349669,-1.891047
11.000000,3.000000,117.000000,-28.869972,31.491837,-39.745720,29.679852,-2.418605,-2.308472
8.000000,4.000000,117.000000,-2.643896,28.726280,-15.302305,30.645435,-0.221495,-2.105746
1.000000,5.000000,104.000000,27.316208,22.103027,12.769065,25.353094,2.288437,-1.620237
-2.000000,1.000000,105.000000,63.205959,14.834470,46.042194,18.412169,5.295130,-1.087423
-9.000000,4.000000,112.000000,97.796844,6.492640,82.070908,10.370323,8.193008,-0.475935
-13.000000,1.000000,111.000000,123.261200,0.766318,112.137596,2.936092,10.326306,-0.056174
-21.000000,0.000000,113.000000,136.261612,0.365420,131.299118,-0.023822,11.415425,-0.026787
-30.000000,-1.000000,113.000000,135.221268,6.037340,136.732864,2.629605,11.328270,-0.442560
-23.000000,1.000000,112.000000,124.695618,16.153940,130.676819,11.315853,10.446476,-1.184146
-23.000000,2.000000,108.000000,103.893005,26.206081,114.217140,21.149746,8.703719,-1.921006
-19.000000,6.000000,114.000000,79.260422,36.541092,91.064835,31.540487,6.640105,-2.678602
-15.000000,8.000000,116.000000,51.238579,39.923397,65.155937,39.415108,4.292553,-2.926538
-13.000000,8.000000,108.000000,20.015829,35.637756,34.730228,38.024101,1.676842,-2.612384
-5.000000,4.000000,105.000000,-5.779966,28.756622,5.787094,32.094982,-0.484221,-2.107970
-1.000000,6.000000,100.000000,-27.580921,17.877693,-17.322491,23.276634,-2.310614,-1.310503
5.000000,5.000000,106.000000,-48.704044,3.254291,-39.073097,10.336548,-4.080220,-0.238552
2.000000,2.000000,104.000000,-61.990280,-16.506956,-56.642902,-7.059820,-5.193285,1.210023
14.000000,-1.000000,101.000000,-69.169876,-35.995220,-66.159348,-27.203949,-5.794762,2.638587
12.000000,-6.000000,105.000000,-75.091820,-50.594311,-72.362000,-44.320812,-6.290877,3.708757
11.000000,-8.000000,107.000000,-77.404930,-58.259899,-76.937546,-55.394337,-6.484660,4.270674
14.000000,-10.000000,116.000000,-73.516548,-62.247490,-75.722725,-60.253479,-6.158907,4.562979
15.000000,-10.000000,123.000000,-65.718185,-68.328682,-70.058884,-65.462517,-5.505594,5.008754
15.000000,-16.000000,111.000000,-54.852177,-68.098900,-59.874367,-68.966812,-4.595285,4.991910
9.000000,-11.000000,121.000000,-42.785446,-57.622593,-48.778351,-63.191517,-3.584385,4.223957
8.000000,-11.000000,128.000000,-28.045952,-43.394386,-34.971046,-49.992058,-2.349572,3.180975
3.000000,-7.000000,131.000000,-14.871381,-32.482033,-21.131205,-37.071659,-1.245862,2.381057
2.000000,-5.000000,128.000000,-2.363369,-25.821056,-8.003360,-29.044079,-0.197993,1.892782
3.000000,-6.000000,125.000000,6.104155,-16.470518,2.313373,-21.362026,0.511380,1.207352
0.000000,-5.000000,123.000000,11.447727,-5.541423,9.014447,-10.586045,0.959043,0.406208
-2.000000,-2.000000,119.000000,18.601118,2.900682,14.955244,-0.781540,1.558324,-0.212631
-3.000000,0.000000,126.000000,25.682135,6.781023,22.591103,5.222407,2.151541,-0.497075
-1.000000,0.000000,136.000000,26.803324,9.719412,26.813559,8.150383,2.245470,-0.712470
-6.000000,3.000000,122.000000,25.771286,12.480618,26.368418,11.773722,2.159010,-0.914877
-5.000000,2.000000,118.000000,26.528872,7.886531,25.449968,10.548267,2.222477,-0.578113
-3.000000,1.000000,118.000000,33.310345,-4.986144,30.240301,2.038350,2.790601,0.365503
-6.000000,0.000000,126.000000,38.706570,-21.385405,36.278175,-13.940335,3.242674,1.567632
-7.000000,-5.000000,137.000000,43.350353,-32.626682,41.369205,-28.048313,3.631711,2.391661
-9.000000,-6.000000,130.000000,45.313877,-37.586884,44.472778,-35.728058,3.796206,2.755262
-9.000000,-7.000000,122.000000,47.062557,-37.968597,46.378059,-37.865791,3.942703,2.783243
-7.000000,-9.000000,125.000000,46.988388,-36.509666,47.220253,-37.626373,3.936490,2.676298
-8.000000,-7.000000,126.000000,42.050404,-31.191429,44.756454,-34.157246,3.522806,2.286451
-8.000000,-5.000000,126.000000,33.737438,-20.235636,37.982983,-25.603848,2.826381,1.483349
-7.000000,-4.000000,114.000000,21.597841,-8.031483,27.512278,-13.826994,1.809376,0.588738
-6.000000,-2.000000,110.000000,9.322358,1.387717,15.016225,-2.957673,0.780988,-0.101725
-2.000000,0.000000,112.000000,-3.493866,7.923306,2.847633,5.223736,-0.292701,-0.580809
0.000000,2.000000,119.000000,-15.454464,12.280624,-10.221673,10.362670,-1.294710,-0.900217
4.000000,2.000000,118.000000,-19.995541,15.653561,-18.655680,13.971675,-1.675143,-1.147466
3.000000,0.000000,115.000000,-19.852604,19.550671,-19.728085,17.665968,-1.663168,-1.433139
3.000000,3.000000,117.000000,-20.808706,24.044630,-20.315521,22.041416,-1.743266,-1.762563
4.000000,8.000000,121.000000,-19.317417,27.997368,-20.418119,26.154171,-1.618332,-2.052314
3.000000,5.000000,125.000000,-18.972561,30.731531,-18.715467,29.417934,-1.589442,-2.252739
4.000000,7.000000,123.000000,-20.470137,31.750082,-20.084652,31.249912,-1.714902,-2.327402
4.000000,7.000000,119.000000,-12.001036,33.014225,-16.194027,33.861839,-1.005396,-2.420069
3.000000,3.000000,125.000000,-5.336215,21.547707,-8.316191,26.651297,-0.447046,-1.579529
1.000000,4.000000,119.000000,-1.533170,12.583052,-3.536040,16.819950,-0.128443,-0.922386
0.000000,4.000000,131.000000,5.337299,5.642987,1.804479,8.877777,0.447137,-0.413653
0.000000,1.000000,120.000000,8.504121,-0.576963,7.729341,1.836434,0.712440,0.042294
-1.000000,0.000000,113.000000,5.091013,1.137743,6.799860,-0.353921,0.426504,-0.083401
0.000000,0.000000,121.000000,1.675404,2.467732,3.303432,2.699317,0.140358,-0.180894
-1.000000,1.000000,121.000000,-0.085477,5.212953,0.611032,3.386915,-0.007161,-0.382129
0.000000,1.000000,121.000000,1.670120,12.926085,0.644082,9.082769,0.139916,-0.947532
0.000000,2.000000,116.000000,0.904484,17.205112,1.532671,15.714132,0.075774,-1.261201
0.000000,1.000000,120.000000,-0.577561,17.691315,0.115341,17.471071,-0.048386,-1.296841
0.000000,5.000000,120.000000,-1.822865,18.465139,-1.364334,18.246754,-0.152712,-1.353565
0.000000,6.000000,125.000000,-2.376996,15.898704,-2.347224,17.185020,-0.199135,-1.165436
1.000000,3.000000,124.000000,-2.823840,9.741474,-2.127731,12.467333,-0.236569,-0.714087
0.000000,1.000000,118.000000,-6.524056,14.059302,-4.402616,11.797527,-0.546558,-1.030601
2.000000,5.000000,121.000000,8.247513,32.597515,-2.621467,21.933628,0.690942,-2.389523
-2.000000,8.000000,121.000000,31.538486,36.069397,25.636286,38.792538,2.642162,-2.644025
-5.000000,6.000000,118.000000,41.875156,54.014652,33.922844,39.699589,3.508125,-3.959481
-10.000000,8.000000,126.000000,46.268402,69.830460,43.130066,59.186718,3.876172,-5.118840
-7.000000,15.000000,111.000000,-28.192608,22.582497,16.954176,53.347191,-2.361858,-1.655383
4.000000,5.000000,113.000000,-36.286636,32.075905,-34.285885,34.613640,-3.039942,-2.351287
5.000000,7.000000,108.000000,-22.380171,23.926128,-29.973667,28.320866,-1.874917,-1.753877
4.000000,3.000000,111.000000,-9.967089,8.879462,-16.308117,13.804941,-0.835001,-0.650899
4.000000,0.000000,111.000000,1.637613,-4.293254,-3.730405,1.946649,0.137192,0.314712
0.000000,0.000000,113.000000,9.287230,-14.331995,6.052945,-9.446745,0.778045,1.050590
-3.000000,-1.000000,117.000000,15.163308,-24.229900,12.768507,-20.305189,1.270318,1.776145
-2.000000,-5.000000,116.000000,15.685618,-23.431913,16.110018,-24.602924,1.314075,1.717649
-3.000000,-3.000000,113.000000,7.284530,-12.230628,11.672056,-17.919052,0.610267,0.896552
-1.000000,-2.000000,118.000000,-0.766800,0.049881,2.585140,-5.613127,-0.064239,-0.003656
0.000000,0.000000,114.000000,-6.158691,6.744266,-4.081879,3.767618,-0.515949,-0.494381
0.000000,0.000000,113.000000,-7.220068,15.427987,-5.921200,11.454316,-0.604867,-1.130930
2.000000,2.000000,111.000000,-12.692881,22.649988,-10.238035,18.990635,-1.063356,-1.660331
1.000000,5.000000,113.000000,-15.065072,25.403028,-13.969704,25.642145,-1.262088,-1.862139
3.000000,4.000000,112.000000,-16.574902,13.982236,-15.463748,19.858551,-1.388576,-1.024951
6.000000,4.000000,108.000000,-23.956802,8.526890,-20.442831,10.006711,-2.007000,-0.625054
5.000000,2.000000,109.000000,-27.334860,12.043975,-26.103268,10.619027,-2.290000,-0.882869
4.000000,4.000000,103.000000,-22.333069,14.260365,-25.906788,13.054415,-1.870971,-1.045339
5.000000,1.000000,107.000000,-11.869378,17.768944,-16.604790,15.837092,-0.994367,-1.302532
2.000000,3.000000,114.000000,-8.331926,17.317953,-9.343081,18.461395,-0.698014,-1.269472
3.000000,4.000000,107.000000,-8.668430,7.530559,-8.732862,12.202741,-0.726205,-0.552019
1.000000,1.000000,103.000000,-4.953578,-2.018256,-6.705523,2.299541,-0.414990,0.147946
1.000000,0.000000,110.000000,-9.297528,1.416353,-6.773206,-1.727824,-0.778908,-0.103824
1.000000,0.000000,109.000000,-16.517403,10.793678,-13.320127,6.077706,-1.383759,-0.791218
4.000000,1.000000,113.000000,-24.360695,12.763794,-20.610334,12.657922,-2.040837,-0.935635
6.000000,3.000000,106.000000,-23.806704,15.488747,-25.266008,13.401449,-1.994426,-1.135384
4.000000,3.000000,101.000000,-23.025373,20.279198,-22.920557,17.614849,-1.928969,-1.486543
4.000000,2.000000,98.000000,-24.388903,24.715021,-24.041782,23.301205,-2.043200,-1.811706
5.000000,4.000000,97.000000,-17.289928,9.051104,-21.755966,17.965864,-1.448478,-0.663481
4.000000,3.000000,102.000000,-11.687637,-6.680642,-13.785004,0.016937,-0.979141,0.489717
1.000000,-1.000000,98.000000,-4.990016,-17.476686,-8.450861,-12.245059,-0.418043,1.281108
0.000000,-3.000000,97.000000,2.855248,-27.440681,-0.897943,-22.876926,0.239201,2.011507
0.000000,-4.000000,105.000000,5.572334,-34.984253,5.027849,-31.811661,0.466827,2.564480
0.000000,-6.000000,104.000000,4.333187,-33.126289,4.826110,-35.346249,0.363016,2.428284
-1.000000,-8.000000,113.000000,-0.680943,-20.589624,2.256484,-26.830036,-0.057047,1.509298
0.000000,-2.000000,107.000000,-9.359661,-3.636021,-5.392508,-12.052698,-0.784113,0.266534
0.000000,0.000000,103.000000,-16.440088,14.671905,-12.471934,6.602656,-1.377282,-1.075507
2.000000,1.000000,106.000000,-22.841446,27.458282,-20.524532,21.738886,-1.913561,-2.012797
4.000000,5.000000,101.000000,-23.287329,36.062164,-23.582525,31.976080,-1.950915,-2.643495
5.000000,9.000000,104.000000,-22.001270,40.183239,-22.425833,39.251640,-1.843174,-2.945585
2.000000,10.000000,89.000000,-19.656948,38.087826,-21.326283,38.901051,-1.646777,-2.791983
3.000000,7.000000,90.000000,-12.486774,35.724773,-15.935077,37.198544,-1.046090,-2.618763
1.000000,7.000000,89.000000,-8.569304,28.591946,-9.867262,32.451542,-0.717900,-2.095899
0.000000,8.000000,88.000000,-7.635701,16.897671,-7.865061,22.693459,-0.639687,-1.238664
0.000000,7.000000,96.000000,-7.196669,3.527468,-7.749654,9.414537,-0.602907,-0.258577
-2.000000,2.000000,85.000000,-0.643390,-2.576265,-4.192485,-0.186242,-0.053901,0.188850
-3.000000,0.000000,86.000000,8.282905,-6.662177,4.103043,-4.517474,0.693907,0.488363
-1.000000,0.000000,86.000000,13.607500,-12.884625,11.567675,-10.202209,1.139979,0.944492
-4.000000,-1.000000,93.000000,10.235917,-17.028427,12.721823,-15.205770,0.857522,1.248249
-5.000000,-1.000000,97.000000,1.898125,-17.158997,5.563281,-17.542812,0.159017,1.257820
-1.000000,-3.000000,96.000000,0.663648,-11.652297,1.168664,-14.274249,0.055598,0.854158
-1.000000,-1.000000,92.000000,-4.165779,-10.488814,-2.294618,-10.746099,-0.348992,0.768870
0.000000,-1.000000,90.000000,0.232900,-5.785743,-2.426312,-8.657720,0.019511,0.424117
0.000000,0.000000,99.000000,2.504016,-0.171713,1.810519,-2.588567,0.209776,0.012587
-1.000000,-1.000000,96.000000,3.312844,3.493964,2.931839,1.752594,0.277536,-0.256121
0.000000,0.000000,92.000000,5.380219,9.686550,4.239722,6.515896,0.450732,-0.710061
-1.000000,1.000000,85.000000,5.958043,15.775873,6.230925,13.386421,0.499140,-1.156432
0.000000,4.000000,91.000000,2.360349,16.867834,4.298627,16.596884,0.197740,-1.236477
0.000000,3.000000,90.000000,0.288753,17.756285,0.695633,17.065304,0.024191,-1.301604
-1.000000,4.000000,88.000000,0.436623,15.263584,0.536340,17.303787,0.036578,-1.118879
-1.000000,0.000000,88.000000,-0.284228,2.230377,0.161182,9.203845,-0.023811,-0.163495
0.000000,0.000000,88.000000,-4.527646,-16.320305,-2.291096,-7.564099,-0.379307,1.196341
-2.000000,0.000000,88.000000,-6.735641,-28.760181,-6.262324,-23.901859,-0.564284,2.108231
0.000000,-5.000000,97.000000,-5.911212,-31.096422,-6.085057,-30.446466,-0.495217,2.279487
1.000000,-5.000000,95.000000,-7.623553,-28.281422,-6.548177,-29.888210,-0.638669,2.073136
1.000000,-3.000000,89.000000,-10.905605,-23.962627,-9.308317,-26.145565,-0.913626,1.756552
0.000000,-9.000000,103.000000,-15.710817,-19.319054,-13.651721,-21.683193,-1.316186,1.416161
1.000000,-4.000000,98.000000,-16.495438,-13.481252,-16.414068,-16.238247,-1.381918,0.988227
3.000000,-2.000000,93.000000,-13.624375,-8.105046,-15.184072,-10.436838,-1.141393,0.594131
1.000000,-3.000000,104.000000,-8.159118,-4.587445,-11.021210,-6.220592,-0.683537,0.336277
2.000000,-2.000000,97.000000,-2.934260,-3.065849,-5.230405,-3.626323,-0.245820,0.224738
1.000000,-3.000000,91.000000,-0.289979,-0.892291,-1.360227,-2.168364,-0.024293,0.065408
0.000000,0.000000,96.000000,-0.862169,3.715680,-0.423622,1.233511,-0.072229,-0.272374
0.000000,0.000000,103.000000,-2.695810,8.835993,-1.614440,6.746219,-0.225844,-0.647712
-1.000000,2.000000,103.000000,-7.205678,8.649282,-4.742914,9.367623,-0.603661,-0.634026
2.000000,2.000000,94.000000,-11.726871,5.055176,-10.049047,6.608131,-0.982428,-0.370564
2.000000,1.000000,95.000000,-13.868982,1.587977,-12.739914,3.323671,-1.161885,-0.116405
1.000000,0.000000,95.000000,-15.419601,-1.528797,-14.857950,-0.133371,-1.291790,0.112067
3.000000,0.000000,103.000000,-14.239041,-1.748588,-14.950857,-1.946233,-1.192887,0.128178
2.000000,0.000000,103.000000,-12.289068,0.287990,-13.287631,-0.882679,-1.029527,-0.021111
2.000000,0.000000,93.000000,-9.860710,3.614718,-10.905340,2.196772,-0.826089,-0.264973
4.000000,0.000000,94.000000,-7.264806,2.730874,-8.693351,3.596746,-0.608615,-0.200183
1.000000,0.000000,92.000000,-2.157967,-2.816571,-4.851726,-0.029252,-0.180785,0.206465
1.000000,0.000000,98.000000,4.298835,-7.432697,1.323671,-5.442833,0.360138,0.544845
0.000000,-2.000000,95.000000,9.411476,-8.830474,7.003969,-8.376112,0.788454,0.647308
-2.000000,-1.000000,96.000000,14.796797,-7.206697,12.355955,-8.161352,1.239613,0.528278
-3.000000,-1.000000,95.000000,17.039122,-5.937384,16.216808,-6.512899,1.427466,0.435233
-3.000000,0.000000,97.000000,15.799608,-6.623100,16.707886,-5.994465,1.323625,0.485499
-3.000000,-1.000000,108.000000,13.797101,-9.771002,14.750669,-8.007627,1.155863,0.716252
-3.000000,-2.000000,97.000000,12.599244,-13.531942,13.040975,-11.874827,1.055512,0.991943
-4.000000,-4.000000,98.000000,12.738859,-17.755890,12.628334,-15.685959,1.067208,1.301575
-3.000000,-2.000000,105.000000,12.269114,-28.327257,12.547258,-22.571615,1.027855,2.076496
-2.000000,-5.000000,102.000000,13.882490,-43.366249,12.851427,-36.355858,1.163017,3.178912
-3.000000,-11.000000,111.000000,17.853642,-57.640064,15.783618,-51.211372,1.495703,4.225237
-4.000000,-11.000000,108.000000,25.206337,-68.227982,21.686453,-63.681477,2.111681,5.001372
-5.000000,-11.000000,116.000000,30.735537,-74.379684,28.456074,-71.660027,2.574894,5.452315
-4.000000,-12.000000,116.000000,33.084171,-77.309563,32.230743,-76.377937,2.771653,5.667087
-7.000000,-14.000000,106.000000,34.377369,-77.599876,33.690792,-77.700729,2.879992,5.688368
-8.000000,-19.000000,125.000000,35.059978,-76.952850,34.800117,-77.257080,2.937178,5.640939
-5.000000,-13.000000,115.000000,34.266407,-74.514015,34.740746,-75.915359,2.870696,5.462162
-6.000000,-12.000000,120.000000,30.772440,-70.010643,32.647606,-72.250023,2.577986,5.132048
-5.000000,-11.000000,114.000000,26.455114,-62.978352,28.508646,-66.361984,2.216299,4.616554
-4.000000,-12.000000,111.000000,20.965046,-57.576424,23.654348,-59.879890,1.756364,4.220572
-6.000000,-14.000000,117.000000,15.257225,-54.547489,17.930012,-55.788826,1.278186,3.998540
-3.000000,-8.000000,111.000000,9.832169,-51.306988,12.311554,-53.025673,0.823698,3.760999
-1.000000,-10.000000,116.000000,5.874661,-43.167702,7.578547,-47.383312,0.492154,3.164358
-1.000000,-5.000000,109.000000,-0.357808,-32.952591,3.034550,-37.475750,-0.029976,2.415551
0.000000,-9.000000,108.000000,-9.098948,-23.249327,-5.157842,-27.851093,-0.762272,1.704265
1.000000,-6.000000,109.000000,-14.500619,-11.518175,-12.135126,-17.180088,-1.214801,0.844326
2.000000,0.000000,107.000000,-19.208881,-0.679130,-17.044300,-5.777675,-1.609239,0.049783
4.000000,0.000000,112.000000,-23.796034,9.066124,-21.542988,4.799029,-1.993532,-0.664582
5.000000,0.000000,110.000000,-26.821121,15.637686,-25.846676,12.721780,-2.246961,-1.146302
6.000000,2.000000,111.000000,-25.880026,16.895004,-26.658697,16.736393,-2.168120,-1.238468
5.000000,4.000000,112.000000,-20.149475,14.810439,-23.088806,16.091778,-1.688038,-1.085662
4.000000,1.000000,111.000000,-13.250677,9.399807,-16.583820,12.058018,-1.110086,-0.689042
3.000000,2.000000,114.000000,-7.143321,-0.291241,-9.860708,4.634468,-0.598437,0.021349
1.000000,0.000000,117.000000,-0.778787,-11.191634,-3.719928,-6.116669,-0.065244,0.820390
0.000000,-3.000000,117.000000,4.046179,-19.660322,1.957053,-15.986857,0.338972,1.441177
0.000000,-1.000000,110.000000,6.196378,-24.638817,5.426137,-22.621834,0.519107,1.806119
-1.000000,-7.000000,116.000000,5.582101,-26.285137,6.105802,-25.804590,0.467645,1.926801
0.000000,-7.000000,108.000000,3.066241,-23.851295,4.352974,-25.296333,0.256877,1.748391
0.000000,-2.000000,115.000000,-0.551818,-19.790043,1.263748,-21.491266,-0.046229,1.450686
1.000000,-12.000000,120.000000,-2.811151,-19.504000,-2.084681,-19.344715,-0.235506,1.429718
0.000000,-2.000000,113.000000,-2.617676,-20.962660,-2.816415,-20.342091,-0.219298,1.536643
0.000000,-3.000000,110.000000,-2.547305,-21.111897,-2.457723,-21.247276,-0.213403,1.547583
1.000000,-9.000000,109.000000,-3.468516,-19.034103,-2.876758,-20.064487,-0.290578,1.395273
1.000000,-2.000000,104.000000,-4.097600,-15.038930,-3.967240,-17.151751,-0.343280,1.102411
0.000000,-1.000000,111.000000,-4.031045,-8.568524,-4.087362,-11.875095,-0.337704,0.628106
2.000000,-3.000000,115.000000,-5.159544,-0.354158,-4.462605,-4.315074,-0.432245,0.025961
1.000000,0.000000,109.000000,-7.979248,8.470986,-6.570395,4.235805,-0.668468,-0.620956
1.000000,0.000000,114.000000,-12.011550,16.362165,-10.136542,12.788214,-1.006277,-1.199409
1.000000,2.000000,116.000000,-15.070006,22.936054,-13.721420,19.963221,-1.262502,-1.681301
4.000000,5.000000,126.000000,-16.283348,29.385233,-15.903340,26.222055,-1.364151,-2.154050
3.000000,6.000000,121.000000,-17.289478,36.974792,-16.746853,33.365059,-1.448440,-2.710394
4.000000,6.000000,115.000000,-19.254370,46.887749,-18.043522,42.245556,-1.613050,-3.437051
3.000000,9.000000,120.000000,-21.985029,58.374027,-20.916946,52.777569,-1.841813,-4.279039
4.000000,10.000000,122.000000,-23.150505,67.605759,-22.767029,63.647743,-1.939452,-4.955760
5.000000,14.000000,127.000000,-21.347355,72.985023,-22.582460,70.848251,-1.788392,-5.350081
4.000000,13.000000,129.000000,-17.083630,75.909943,-19.261774,74.631912,-1.431195,-5.564489
4.000000,12.000000,126.000000,-13.614588,76.687927,-15.170753,76.454300,-1.140573,-5.621519
3.000000,13.000000,128.000000,-11.503287,76.394653,-12.407339,76.509087,-0.963697,-5.600020
1.000000,15.000000,125.000000,-11.247309,76.691017,-11.267345,76.318817,-0.942252,-5.621745
2.000000,19.000000,130.000000,-12.758264,80.102097,-11.835046,78.200813,-1.068834,-5.871790
3.000000,16.000000,119.000000,-17.982355,86.272942,-15.224439,83.116257,-1.506486,-6.324137
3.000000,15.000000,110.000000,-24.506437,91.674660,-21.701494,89.491646,-2.053046,-6.720103
5.000000,16.000000,102.000000,-26.243837,89.139336,-26.153080,90.860504,-2.198599,-6.534254
6.000000,17.000000,99.000000,-18.418703,82.839523,-22.633121,86.067345,-1.543042,-6.072454
4.000000,19.000000,109.000000,-8.323844,72.582024,-13.014972,77.630157,-0.697337,-5.320540
1.000000,12.000000,101.000000,0.109217,61.941647,-3.616659,66.781380,0.009150,-4.540560
0.000000,11.000000,97.000000,5.785655,56.260548,3.475761,58.415794,0.484698,-4.124114
0.000000,9.000000,85.000000,9.223761,55.488361,7.683379,55.329018,0.772728,-4.067509
-2.000000,10.000000,87.000000,10.789008,58.967983,10.352159,57.095802,0.903858,-4.322578
-2.000000,16.000000,86.000000,8.455736,64.348907,9.924025,61.757191,0.708386,-4.717021
-1.000000,12.000000,88.000000,4.270665,73.477005,6.494733,68.949142,0.357778,-5.386146
0.000000,13.000000,79.000000,-2.088880,83.101433,0.881606,78.882629,-0.174998,-6.091653
-1.000000,14.000000,80.000000,-4.438219,87.479317,-3.846243,85.811356,-0.371815,-6.412569
0.000000,14.000000,74.000000,-3.186264,86.011177,-3.950219,87.118980,-0.266932,-6.304949
2.000000,20.000000,89.000000,-0.369460,79.720551,-1.640882,83.087166,-0.030952,-5.843822
0.000000,12.000000,82.000000,3.987581,72.757835,1.650896,75.726181,0.334063,-5.333427
0.000000,9.000000,65.000000,7.843854,66.739754,6.477178,69.901459,0.657125,-4.892280
-2.000000,12.000000,59.000000,7.642943,57.860085,7.977465,62.158745,0.640294,-4.241366
0.000000,8.000000,60.000000,7.148016,49.787846,7.315289,53.321308,0.598831,-3.649640
-3.000000,12.000000,89.000000,5.871911,42.722733,6.611435,46.157925,0.491924,-3.131740
0.000000,9.000000,71.000000,5.346791,35.458382,5.423289,38.884880,0.447932,-2.599235
-1.000000,7.000000,52.000000,6.038177,25.570765,5.557666,30.386740,0.505853,-1.874435
0.000000,5.000000,55.000000,7.504063,13.571787,6.987753,19.453476,0.628659,-0.994864
-1.000000,4.000000,59.000000,8.866423,-4.112363,8.110316,4.682874,0.742792,0.301452
-3.000000,0.000000,85.000000,12.962478,-28.703543,10.636996,-16.574282,1.085942,2.104079
-2.000000,-4.000000,76.000000,22.462751,-54.849876,17.506386,-42.847908,1.881835,4.020706
-3.000000,-12.000000,66.000000,34.752636,-76.011665,29.012360,-66.612938,2.911430,5.571946
-5.000000,-13.000000,67.000000,42.829586,-90.359840,39.756859,-84.076324,3.588083,6.623722
-6.000000,-15.000000,70.000000,42.663799,-101.325890,43.354546,-96.248650,3.574194,7.427576
-7.000000,-21.000000,97.000000,35.478809,-114.246208,39.385536,-107.968674,2.972265,8.374684
-7.000000,-17.000000,83.000000,28.896395,-126.783569,31.485931,-121.143112,2.420819,9.293720
-6.000000,-19.000000,70.000000,28.644478,-134.383987,28.389185,-131.400238,2.399714,9.850861
-5.000000,-19.000000,79.000000,27.667091,-136.885162,28.233837,-136.250320,2.317833,10.034206
-7.000000,-32.000000,104.000000,22.263527,-134.008423,25.521687,-135.289505,1.865145,9.823331
-4.000000,-24.000000,107.000000,11.940081,-131.710983,16.957983,-132.633255,1.000290,9.654920
-2.000000,-23.000000,98.000000,3.228571,-131.036392,6.909612,-131.280319,0.270476,9.605469
-1.000000,-24.000000,110.000000,2.079397,-128.110245,1.833639,-129.890457,0.174203,9.390971
0.000000,-23.000000,110.000000,6.569211,-119.955811,4.340458,-124.082382,0.550341,8.793220
-3.000000,-28.000000,125.000000,10.054650,-110.620064,8.560625,-115.182571,0.842336,8.108873
-1.000000,-20.000000,116.000000,10.249460,-100.491066,10.337872,-105.416611,0.858657,7.366379
-2.000000,-16.000000,115.000000,9.615557,-87.919846,9.912816,-94.023949,0.805551,6.444861
-2.000000,-14.000000,114.000000,7.873582,-73.414398,8.848630,-80.263702,0.659616,5.381557
-2.000000,-13.000000,105.000000,5.214730,-58.331249,6.405081,-65.486748,0.436868,4.275904
-3.000000,-12.000000,113.000000,2.858989,-43.821171,4.044069,-50.527733,0.239514,3.212260
0.000000,-10.000000,113.000000,-1.072291,-32.017448,0.883677,-37.359306,-0.089832,2.347002
0.000000,-2.000000,111.000000,-6.029742,-21.693846,-3.541547,-26.428766,-0.505146,1.590242
0.000000,-6.000000,105.000000,-13.843192,-11.189814,-10.070567,-16.303482,-1.159725,0.820256
3.000000,-6.000000,108.000000,-21.184561,1.160916,-17.864994,-4.675742,-1.774754,-0.085100
4.000000,1.000000,120.000000,-25.746315,15.106606,-23.837965,8.518198,-2.156918,-1.107372
5.000000,4.000000,119.000000,-27.664356,29.873632,-26.871716,22.842464,-2.317604,-2.189852
7.000000,4.000000,114.000000,-29.467018,45.377750,-28.618729,38.072018,-2.468623,-3.326363
4.000000,8.000000,113.000000,-32.623779,62.175911,-30.958492,54.307304,-2.733083,-4.557732
7.000000,11.000000,120.000000,-34.579884,79.661636,-33.962742,71.882813,-2.896957,-5.839502
8.000000,19.000000,127.000000,-32.511024,92.246834,-33.889046,86.664627,-2.723637,-6.762046
5.000000,14.000000,127.000000,-26.717125,100.078468,-29.605503,96.789703,-2.238249,-7.336134
4.000000,15.000000,122.000000,-21.684229,101.999428,-23.981937,101.611862,-1.816614,-7.476948
4.000000,21.000000,122.000000,-15.848442,99.731178,-18.739344,101.029854,-1.327716,-7.310677
4.000000,15.000000,123.000000,-9.257518,96.532509,-12.320220,97.958420,-0.775556,-7.076202
2.000000,21.000000,119.000000,-5.197628,94.657265,-6.609009,95.381714,-0.435435,-6.938739
1.000000,15.000000,109.000000,-7.773716,94.692711,-6.227410,94.413986,-0.651249,-6.941338
1.000000,16.000000,105.000000,-11.581468,95.745300,-10.025366,95.247147,-0.970247,-7.018497
1.000000,15.000000,96.000000,-11.754503,97.669945,-11.752394,96.833755,-0.984743,-7.159581
2.000000,17.000000,99.000000,-12.422635,100.104416,-12.050436,98.775406,-1.040716,-7.338037
1.000000,29.000000,96.000000,-13.070503,103.850327,-12.692304,102.154472,-1.094992,-7.612626
2.000000,19.000000,92.000000,-16.691128,106.613686,-14.704308,105.246689,-1.398313,-7.815191
3.000000,20.000000,78.000000,-23.341751,110.453087,-20.175674,108.596046,-1.955474,-8.096634
4.000000,21.000000,70.000000,-28.779360,115.503723,-26.549479,113.144180,-2.411014,-8.466865
6.000000,20.000000,70.000000,-28.999416,119.730057,-28.892202,118.287376,-2.429449,-8.776671
9.000000,25.000000,97.000000,-28.423817,116.272980,-28.918982,118.403122,-2.381228,-8.523254
5.000000,19.000000,88.000000,-25.741253,107.887917,-27.370459,112.073135,-2.156494,-7.908597
4.000000,15.000000,70.000000,-17.862257,98.336945,-21.907433,103.016479,-1.496425,-7.208474
2.000000,17.000000,52.000000,-8.962895,82.840660,-13.319326,90.611771,-0.750874,-6.072538
1.000000,15.000000,50.000000,1.335249,61.997189,-3.423398,72.220085,0.111862,-4.544631
0.000000,14.000000,83.000000,10.839790,38.608994,6.423959,49.670734,0.908112,-2.830187
-2.000000,6.000000,72.000000,17.763031,13.872049,14.808531,25.630625,1.488112,-1.016874
-3.000000,1.000000,58.000000,24.452776,-11.900240,20.982559,0.193379,2.048551,0.872333
-2.000000,-1.000000,58.000000,33.247295,-36.321751,29.250721,-25.009901,2.785319,2.662524
-6.000000,-5.000000,52.000000,38.935951,-57.960842,36.669075,-48.014851,3.261890,4.248752
-8.000000,-12.000000,84.000000,41.345100,-77.416245,40.310902,-68.332901,3.463719,5.674907
-6.000000,-13.000000,84.000000,43.690598,-97.185287,42.367237,-88.000015,3.660215,7.124053
-5.000000,-17.000000,82.000000,49.157272,-115.065598,46.423409,-106.916809,4.118190,8.434749
-7.000000,-18.000000,71.000000,53.481915,-128.251465,51.617085,-122.372391,4.480490,9.401323
-8.000000,-20.000000,65.000000,56.160400,-135.532135,55.085888,-132.636993,4.704883,9.935024
-9.000000,-29.000000,88.000000,53.315376,-140.810242,55.084129,-138.286072,4.466538,10.321930
-8.000000,-24.000000,82.000000,48.196980,-146.081711,50.519444,-143.681503,4.037741,10.708348
-9.000000,-25.000000,83.000000,46.865822,-147.019638,47.252708,-147.060577,3.926222,10.777102
-10.000000,-24.000000,92.000000,45.605392,-143.985580,46.307369,-145.726227,3.820628,10.554694
-10.000000,-33.000000,103.000000,39.788845,-141.611557,42.877785,-142.658661,3.333343,10.380669
-7.000000,-25.000000,119.000000,31.465883,-139.195313,35.563255,-140.309341,2.636080,10.203549
-4.000000,-24.000000,116.000000,25.149918,-135.001266,27.742748,-136.983795,2.106955,9.896110
-5.000000,-24.000000,110.000000,22.836432,-133.453659,23.381178,-133.986420,1.913140,9.782663
-2.000000,-23.000000,113.000000,28.312719,-130.602570,25.411854,-132.155472,2.371921,9.573668
-7.000000,-30.000000,127.000000,31.285883,-127.204796,30.371235,-128.849548,2.621000,9.324599
-6.000000,-22.000000,109.000000,28.659660,-121.376945,30.403652,-124.357750,2.400986,8.897394
-5.000000,-19.000000,111.000000,23.528019,-109.780930,25.949350,-115.908936,1.971079,8.047362
-8.000000,-17.000000,106.000000,17.689957,-89.480515,20.422272,-99.312096,1.481990,6.559264
-4.000000,-14.000000,110.000000,9.476250,-64.491005,13.581248,-76.818375,0.793880,4.727437
-1.000000,-16.000000,121.000000,-2.101608,-35.115986,3.705520,-49.207256,-0.176064,2.574136
1.000000,-9.000000,113.000000,-16.640350,-4.483025,-9.632463,-18.964149,-1.394059,0.328623
2.000000,0.000000,112.000000,-31.224907,24.600471,-24.377270,11.140485,-2.615892,-1.803309
5.000000,6.000000,107.000000,-42.893623,48.926056,-37.844032,37.824806,-3.593448,-3.586467
8.000000,8.000000,103.000000,-50.406342,69.223595,-47.139210,60.061005,-4.222832,-5.074355
11.000000,17.000000,114.000000,-56.157684,85.692314,-53.484825,78.245102,-4.704655,-6.281575
10.000000,17.000000,112.000000,-60.543350,99.110771,-58.814171,92.952896,-5.072068,-7.265199
11.000000,17.000000,113.000000,-61.689274,109.889183,-61.271278,105.195419,-5.168068,-8.055298
9.000000,19.000000,119.000000,-58.230629,116.268829,-60.246864,113.834122,-4.878317,-8.522950
8.000000,19.000000,119.000000,-50.629387,117.769073,-54.551949,117.200195,-4.241518,-8.632924
12.000000,26.000000,129.000000,-42.782799,116.705070,-46.327225,117.421738,-3.584163,-8.554929
8.000000,19.000000,129.000000,-35.546505,113.550873,-38.831528,115.435524,-2.977937,-8.323714
6.000000,17.000000,114.000000,-25.565615,106.960953,-30.676041,110.247658,-2.141780,-7.840647
5.000000,20.000000,113.000000,-12.141964,100.363976,-18.590422,103.562660,-1.017203,-7.357063
1.000000,16.000000,108.000000,0.319642,92.034073,-5.448519,96.005142,0.026778,-6.746450
0.000000,20.000000,113.000000,7.469055,85.026100,4.908539,88.002533,0.625726,-6.232738
-1.000000,16.000000,99.000000,7.232611,84.525200,7.980630,84.388168,0.605918,-6.196021
-2.000000,15.000000,89.000000,1.291352,89.214378,4.364536,86.570480,0.108184,-6.539755
0.000000,16.000000,83.000000,-6.804566,97.278473,-2.783777,93.380417,-0.570058,-7.130884
2.000000,18.000000,72.000000,-16.041149,107.408501,-11.529432,102.462479,-1.343860,-7.873454
5.000000,24.000000,87.000000,-25.568027,117.897377,-21.349682,113.092674,-2.141982,-8.642329
6.000000,20.000000,94.000000,-30.159796,126.226585,-28.438288,122.575096,-2.526661,-9.252892
6.000000,20.000000,87.000000,-31.576981,129.423035,-31.127064,128.430923,-2.645387,-9.487204
6.000000,21.000000,70.000000,-31.733391,127.199638,-31.576944,128.724472,-2.658490,-9.324221
6.000000,19.000000,62.000000,-29.537430,119.180290,-30.954184,123.396461,-2.474522,-8.736371
6.000000,28.000000,81.000000,-22.048038,105.533615,-26.062357,112.513412,-1.847092,-7.736018
3.000000,17.000000,76.000000,-10.511703,84.566315,-16.396069,95.207451,-0.880626,-6.199034
1.000000,15.000000,62.000000,3.007210,60.258228,-3.249617,72.001640,0.251931,-4.417159
0.000000,14.000000,51.000000,14.507615,34.396484,9.379157,46.601036,1.215387,-2.521394
-1.000000,9.000000,47.000000,21.197115,9.102921,18.528629,21.038767,1.775805,-0.667279
-3.000000,1.000000,45.000000,24.441063,-17.137838,22.868814,-4.604313,2.047570,1.256269
-6.000000,-2.000000,74.000000,30.596169,-44.676689,27.334347,-31.657755,2.563219,3.274972
-8.000000,-8.000000,71.000000,39.340046,-70.311043,35.200367,-58.526276,3.295744,5.154068
-7.000000,-12.000000,64.000000,49.454132,-89.489784,44.621132,-81.404350,4.143060,6.559944
-9.000000,-17.000000,60.000000,55.477917,-100.887878,53.309612,-95.901840,4.647707,7.395468
-11.000000,-25.000000,102.000000,54.967304,-109.898293,55.549385,-105.526169,4.604930,8.055964
-8.000000,-18.000000,107.000000,56.339539,-121.835358,55.336754,-115.823219,4.719890,8.930999
-10.000000,-18.000000,88.000000,60.301868,-136.658966,58.399975,-129.782379,5.051837,10.017625
-11.000000,-21.000000,74.000000,63.684788,-148.576508,62.299976,-143.339630,5.335244,10.891227
-11.000000,-23.000000,76.000000,63.586472,-156.377701,63.983002,-153.058014,5.327007,11.463083
-17.000000,-36.000000,91.000000,60.754055,-159.412216,62.211781,-158.458649,5.089720,11.685526
-11.000000,-24.000000,96.000000,54.136219,-160.421463,57.712524,-159.635727,4.535305,11.759508
-10.000000,-26.000000,105.000000,45.788078,-164.871140,49.497887,-162.600800,3.835933,12.085685
-10.000000,-25.000000,102.000000,42.427006,-170.209763,43.291756,-167.981354,3.554356,12.477027
-8.000000,-27.000000,109.000000,45.043262,-170.312317,43.499985,-170.924561,3.773535,12.484545
-11.000000,-37.000000,121.000000,47.644131,-161.737747,46.802288,-166.287994,3.991425,11.855996
-9.000000,-25.000000,113.000000,43.814293,-148.728394,46.053886,-155.262421,3.670578,10.902361
-8.000000,-24.000000,110.000000,35.450645,-131.495911,39.743908,-139.679199,2.969906,9.639153
-7.000000,-24.000000,114.000000,24.339634,-113.234802,29.497177,-122.131432,2.039072,8.300544
-4.000000,-19.000000,114.000000,14.040530,-90.620148,18.922262,-101.639992,1.176257,6.642803
-3.000000,-18.000000,122.000000,3.275592,-64.058922,8.454727,-76.784218,0.274415,4.695765
0.000000,-12.000000,112.000000,-9.939676,-36.437939,-3.595964,-49.365437,-0.832704,2.671040
2.000000,-8.000000,114.000000,-21.983778,-10.139047,-16.540110,-22.218203,-1.841709,0.743231
3.000000,0.000000,114.000000,-30.735601,10.935951,-26.958567,1.468799,-2.574899,-0.801647
5.000000,0.000000,108.000000,-35.387169,27.354021,-33.461937,19.980270,-2.964589,-2.005154
10.000000,5.000000,116.000000,-38.074680,41.211746,-36.868893,34.839748,-3.189737,-3.020979
6.000000,6.000000,109.000000,-39.311886,52.668678,-38.882973,47.141293,-3.293385,-3.860816
7.000000,12.000000,108.000000,-39.968315,64.620621,-39.694359,58.894867,-3.348378,-4.736938
6.000000,12.000000,105.000000,-40.706379,77.303276,-40.160336,71.435822,-3.410210,-5.666626
8.000000,17.000000,114.000000,-42.462849,85.231377,-41.898663,81.919449,-3.557359,-6.247786
7.000000,16.000000,115.000000,-39.243893,89.063881,-41.366528,87.257072,-3.287688,-6.528723
7.000000,16.000000,114.000000,-32.137161,91.496513,-35.486801,90.459381,-2.692317,-6.707045
6.000000,15.000000,114.000000,-25.713467,95.040535,-28.618124,93.130020,-2.154166,-6.966835
4.000000,16.000000,115.000000,-22.789934,98.911476,-23.926832,96.984642,-1.909245,-7.250589
7.000000,22.000000,131.000000,-21.805424,105.959023,-22.050898,102.467957,-1.826767,-7.767202
5.000000,18.000000,122.000000,-22.609591,114.712952,-22.117697,110.442368,-1.894137,-8.408898
6.000000,20.000000,117.000000,-25.585854,122.607140,-24.091282,118.978699,-2.143476,-8.987573
5.000000,21.000000,104.000000,-30.837118,129.399445,-28.014027,126.556007,-2.583404,-9.485474
5.000000,24.000000,97.000000,-34.355129,133.479156,-33.205177,131.623581,-2.878129,-9.784533
9.000000,30.000000,104.000000,-32.590038,133.154480,-33.886028,133.747910,-2.730257,-9.760733
5.000000,24.000000,92.000000,-27.515051,127.944328,-29.837589,130.775345,-2.305095,-9.378809
4.000000,23.000000,81.000000,-24.296223,121.195656,-25.590918,124.445717,-2.035435,-8.884106
5.000000,21.000000,77.000000,-21.938005,112.506805,-23.293282,116.611313,-1.837874,-8.247179
5.000000,19.000000,68.000000,-15.066109,103.722725,-18.683050,107.895363,-1.262175,-7.603272
4.000000,27.000000,101.000000,-6.019948,94.175835,-10.282526,98.630875,-0.504326,-6.903449
2.000000,13.000000,96.000000,0.379357,85.066795,-2.202274,89.387131,0.031781,-6.235722
2.000000,12.000000,90.000000,1.819374,78.773155,1.573342,81.446274,0.152420,-5.774374
0.000000,13.000000,73.000000,-1.142921,74.949455,0.483290,76.701057,-0.095749,-5.494082
0.000000,13.000000,59.000000,-5.614766,69.750984,-3.459348,72.353516,-0.470381,-5.113014
0.000000,15.000000,76.000000,-7.773005,64.639580,-7.059645,66.984940,-0.651190,-4.738328
3.000000,10.000000,73.000000,-8.231376,56.931248,-8.171510,61.046642,-0.689590,-4.173278
4.000000,8.000000,72.000000,-5.478691,43.175522,-7.035380,50.116074,-0.458982,-3.164931
0.000000,10.000000,58.000000,-0.768532,23.634380,-3.044456,33.290035,-0.064384,-1.732491
-1.000000,5.000000,47.000000,5.295080,-2.647496,2.229149,10.142824,0.443600,0.194072
0.000000,0.000000,44.000000,15.008802,-33.389122,10.151114,-18.981922,1.257375,2.447551
-3.000000,-5.000000,80.000000,26.650116,-60.674072,20.961348,-48.019077,2.232635,4.447641
-4.000000,-11.000000,77.000000,37.423546,-86.967026,32.573280,-74.243385,3.135188,6.375016
-8.000000,-17.000000,72.000000,46.253613,-114.373024,42.119766,-101.521683,3.874933,8.383981
-7.000000,-20.000000,65.000000,55.553349,-137.178070,51.126289,-127.102432,4.654027,10.055677
-12.000000,-30.000000,107.000000,63.255447,-150.780609,59.899223,-145.098434,5.299276,11.052795
-10.000000,-25.000000,97.000000,65.119476,-157.658630,64.702278,-154.908127,5.455436,11.556981
-10.000000,-27.000000,85.000000,60.606689,-160.652649,63.239300,-159.407639,5.077374,11.776454
-12.000000,-28.000000,87.000000,54.289799,-159.417999,57.330170,-160.428864,4.548172,11.685949
-13.000000,-28.000000,83.000000,47.473888,-151.101730,50.718807,-155.581436,3.977163,11.076335
-11.000000,-32.000000,109.000000,39.705902,-137.779312,43.518166,-144.220901,3.326394,10.099751
-7.000000,-23.000000,115.000000,29.551283,-126.222481,34.612247,-131.180359,2.475682,9.252591
-6.000000,-20.000000,113.000000,20.007885,-118.416992,24.366833,-121.788757,1.676177,8.680419
-5.000000,-21.000000,114.000000,10.927656,-114.808701,15.166850,-116.495132,0.915473,8.415916
-2.000000,-28.000000,117.000000,3.382772,-108.655304,6.827514,-111.840454,0.283394,7.964849
-1.000000,-20.000000,120.000000,0.176090,-98.094566,1.374732,-103.725060,0.014752,7.190707
0.000000,-14.000000,122.000000,-3.127556,-84.409164,-1.407098,-91.034164,-0.262013,6.187514
-1.000000,-13.000000,113.000000,-8.681562,-71.115990,-5.854468,-77.123596,-0.727305,5.213074
0.000000,-12.000000,107.000000,-13.428446,-60.443592,-11.445752,-65.324844,-1.124979,4.430747
2.000000,-12.000000,114.000000,-14.769065,-50.075462,-14.391184,-55.003490,-1.237290,3.670723
3.000000,-8.000000,116.000000,-13.527246,-38.981339,-14.232234,-44.255310,-1.133256,2.857481
2.000000,-5.000000,115.000000,-11.682958,-28.040117,-12.499329,-33.074787,-0.978749,2.055448
2.000000,-5.000000,108.000000,-10.407121,-18.150482,-10.868773,-22.715645,-0.871865,1.330500
2.000000,-6.000000,104.000000,-10.705076,-9.920760,-10.507548,-13.738757,-0.896826,0.727230
2.000000,-2.000000,112.000000,-11.170265,-2.070403,-10.985140,-5.753014,-0.935798,0.151768
2.000000,0.000000,112.000000,-10.837090,6.239417,-11.046634,2.215318,-0.907886,-0.457373
1.000000,0.000000,112.000000,-11.462364,15.370668,-11.096171,11.017362,-0.960269,-1.126729
0.000000,2.000000,111.000000,-12.759647,27.830944,-12.035662,21.535963,-1.068950,-2.040115
3.000000,5.000000,104.000000,-17.451046,43.493149,-14.929899,36.059109,-1.461975,-3.188214
5.000000,10.000000,114.000000,-22.626617,61.240837,-20.319029,53.101543,-1.895563,-4.489188
5.000000,12.000000,121.000000,-27.351740,77.158600,-25.162916,69.717598,-2.291414,-5.656020
4.000000,13.000000,116.000000,-31.049068,91.509064,-29.219000,85.059402,-2.601161,-6.707965
6.000000,15.000000,116.000000,-33.336304,101.910126,-32.572258,97.300270,-2.792775,-7.470402
6.000000,16.000000,114.000000,-32.160179,110.956741,-32.903194,106.811508,-2.694245,-8.133554
9.000000,25.000000,126.000000,-28.652950,119.760307,-30.412903,115.664688,-2.400424,-8.778889
6.000000,19.000000,125.000000,-26.018847,127.250610,-27.100485,123.839798,-2.179750,-9.327957
6.000000,21.000000,117.000000,-27.209787,132.659790,-26.192196,130.240433,-2.279522,-9.724470
5.000000,24.000000,107.000000,-31.066147,139.445221,-29.317230,135.874283,-2.602591,-10.221869
4.000000,24.000000,99.000000,-32.485081,149.187027,-32.071075,144.500229,-2.721464,-10.935980
6.000000,32.000000,91.000000,-31.921862,158.748428,-32.149845,154.425995,-2.674279,-11.636868
9.000000,26.000000,92.000000,-34.807945,164.755341,-32.917866,162.441681,-2.916064,-12.077197
6.000000,25.000000,84.000000,-40.910534,162.276627,-38.117317,164.316147,-3.427313,-11.895496
8.000000,28.000000,86.000000,-40.228363,152.935272,-41.484325,157.640701,-3.370163,-11.210741
8.000000,25.000000,78.000000,-30.794317,137.874008,-35.850098,145.334641,-2.579819,-10.106692
6.000000,21.000000,53.000000,-17.791594,119.558372,-24.109547,128.419891,-1.490505,-8.764086
6.000000,27.000000,81.000000,-5.161483,100.629509,-10.655671,109.899368,-0.432407,-7.376528
3.000000,14.000000,75.000000,2.114969,77.012886,-1.217667,88.495132,0.177183,-5.645339
-1.000000,15.000000,64.000000,9.627692,51.355114,5.881157,63.511463,0.806568,-3.764527
-1.000000,9.000000,52.000000,19.777679,25.723318,14.840704,38.109497,1.656891,-1.885618
-3.000000,5.000000,50.000000,32.331291,-0.894954,26.324133,11.576568,2.708580,0.065604
-5.000000,0.000000,76.000000,41.643192,-27.967215,37.681206,-15.116084,3.488692,2.050104
-11.000000,-4.000000,80.000000,45.183357,-57.399181,43.915199,-43.226471,3.785272,4.207580
-6.000000,-10.000000,72.000000,48.310322,-89.158264,46.527794,-74.135399,4.047236,6.535642
-9.000000,-16.000000,68.000000,56.344833,-120.133278,52.093086,-106.080177,4.720334,8.806229
-10.000000,-21.000000,65.000000,66.985916,-142.826172,62.118828,-132.912598,5.611799,10.469705
-15.000000,-36.000000,96.000000,74.312828,-156.102020,71.333054,-150.637848,6.225616,11.442876
-12.000000,-26.000000,88.000000,73.342514,-163.975922,74.632332,-160.387222,6.144328,12.020063
-12.000000,-25.000000,84.000000,66.206436,-171.725128,69.834473,-167.917130,5.546497,12.588109
-14.000000,-27.000000,77.000000,60.208797,-178.201385,62.615639,-175.705353,5.044040,13.062842
-15.000000,-40.000000,100.000000,59.704941,-175.860947,59.441845,-177.873032,5.001829,12.891280
-11.000000,-25.000000,112.000000,61.789234,-165.160080,60.807178,-170.733353,5.176443,12.106866
-10.000000,-25.000000,114.000000,58.558266,-153.418411,60.638588,-158.965546,4.905766,11.246157
-10.000000,-26.000000,119.000000,49.226242,-141.600006,54.083099,-147.449951,4.123968,10.379823
-8.000000,-22.000000,117.000000,35.294621,-127.570396,42.202431,-134.410736,2.956835,9.351398
-9.000000,-27.000000,122.000000,19.747494,-109.907776,26.856369,-118.707848,1.654362,8.056661
-6.000000,-15.000000,117.000000,6.808272,-87.626640,12.939886,-98.325485,0.570368,6.423368
-2.000000,-14.000000,114.000000,-6.553993,-63.232552,-0.306788,-75.007446,-0.549066,4.635188
0.000000,-11.000000,114.000000,-19.907818,-38.404011,-13.595001,-49.863064,-1.667793,2.815161
3.000000,-6.000000,110.000000,-31.007677,-17.239077,-25.998007,-26.578899,-2.597693,1.263690
7.000000,-3.000000,117.000000,-37.341446,-3.160602,-34.991821,-9.231682,-3.128309,0.231684
8.000000,-2.000000,118.000000,-36.572151,6.743464,-37.482246,2.432462,-3.063861,-0.494322
5.000000,2.000000,112.000000,-33.200893,12.290372,-34.779194,10.109303,-2.781431,-0.900931
6.000000,2.000000,110.000000,-31.893278,12.640343,-32.406631,13.019588,-2.671885,-0.926585
7.000000,2.000000,103.000000,-28.839952,8.688839,-30.542917,10.859325,-2.416090,-0.636925
6.000000,2.000000,107.000000,-23.551294,2.624331,-26.188913,5.594437,-1.973029,-0.192373
5.000000,1.000000,116.000000,-16.411644,-0.153188,-19.950901,0.492814,-1.374899,0.011229
3.000000,0.000000,113.000000,-12.828916,1.070548,-13.986153,0.542465,-1.074753,-0.078475
1.000000,0.000000,104.000000,-15.282867,3.483889,-13.583450,2.559406,-1.280334,-0.255382
2.000000,1.000000,103.000000,-19.369072,5.771259,-17.735397,4.478717,-1.622659,-0.423055
9.000000,1.000000,110.000000,-20.317751,10.510481,-20.033716,8.026865,-1.702136,-0.770458
3.000000,2.000000,119.000000,-20.256548,17.133675,-20.244478,13.997937,-1.697008,-1.255964
4.000000,2.000000,118.000000,-21.640223,20.184954,-20.947968,19.346607,-1.812927,-1.479634
5.000000,2.000000,119.000000,-19.275671,16.955811,-20.940777,18.837267,-1.614835,-1.242926
3.000000,3.000000,117.000000,-11.789065,11.220949,-15.470355,14.027464,-0.987638,-0.822538
2.000000,2.000000,115.000000,-4.752013,4.557220,-7.819662,7.694387,-0.398104,-0.334062
1.000000,0.000000,119.000000,-1.693212,-2.738378,-2.797055,0.690703,-0.141850,0.200734
1.000000,0.000000,120.000000,-0.841690,-7.571158,-1.086179,-5.540435,-0.070513,0.554995
0.000000,0.000000,117.000000,-1.160547,-9.650125,-1.066408,-8.940173,-0.097226,0.707391
-1.000000,0.000000,108.000000,-1.815794,-9.100416,-1.431584,-9.531263,-0.152120,0.667095
0.000000,-2.000000,118.000000,-3.190594,-6.847278,-2.364451,-7.871517,-0.267295,0.501932
0.000000,-1.000000,126.000000,-5.515891,-5.160063,-4.461149,-5.842141,-0.462098,0.378252
0.000000,-1.000000,120.000000,-7.493349,-6.298440,-6.655052,-5.602556,-0.627761,0.461700
2.000000,-1.000000,123.000000,-7.187329,-8.615913,-7.623803,-7.686170,-0.602124,0.631579
2.000000,-2.000000,114.000000,-4.811635,-9.761118,-5.882586,-9.238630,-0.403099,0.715527
2.000000,-1.000000,124.000000,-3.367903,-10.679264,-3.934417,-10.193916,-0.282149,0.782831
1.000000,-1.000000,124.000000,-2.984714,-12.998468,-3.212027,-11.813280,-0.250047,0.952838
0.000000,0.000000,124.000000,-1.415013,-14.917393,-2.305346,-14.079689,-0.118544,1.093502
0.000000,-1.000000,114.000000,0.659727,-15.397195,-0.203607,-15.304831,0.055269,1.128673
1.000000,-4.000000,114.000000,1.653670,-13.379432,1.257940,-14.619064,0.138538,0.980764
1.000000,-3.000000,123.000000,1.182369,-8.006781,1.621965,-10.749072,0.099054,0.586928
0.000000,-1.000000,126.000000,-1.534254,0.862182,-0.075761,-3.681406,-0.128533,-0.063201
0.000000,0.000000,121.000000,-4.954890,12.622263,-3.358266,6.995261,-0.415100,-0.925260
1.000000,3.000000,120.000000,-8.546825,25.541647,-6.843660,19.301296,-0.716017,-1.872301
3.000000,5.000000,117.000000,-12.163752,38.485191,-10.381468,32.474411,-1.019028,-2.821112
1.000000,8.000000,124.000000,-15.691951,49.477600,-14.063881,44.501587,-1.314606,-3.626898
3.000000,7.000000,126.000000,-17.193079,58.018368,-16.698044,54.228565,-1.440364,-4.252968
3.000000,10.000000,130.000000,-16.948631,62.104061,-17.235399,60.533356,-1.419885,-4.552465
3.000000,12.000000,120.000000,-13.723766,63.501671,-15.465279,62.970276,-1.149719,-4.654915
5.000000,15.000000,120.000000,-9.481864,63.065815,-11.583537,63.292542,-0.794351,-4.622966
2.000000,12.000000,131.000000,-5.140225,63.542351,-7.047049,63.294506,-0.430626,-4.657897
1.000000,11.000000,127.000000,-3.944398,64.894371,-4.178185,64.090744,-0.330445,-4.757006
1.000000,12.000000,125.000000,-6.401231,66.953041,-5.090938,65.831039,-0.536268,-4.907914
2.000000,12.000000,116.000000,-10.329328,68.272644,-8.438059,68.035072,-0.865348,-5.004646
3.000000,15.000000,106.000000,-11.449493,67.490334,-11.298838,67.806305,-0.959190,-4.947299
2.000000,12.000000,118.000000,-11.550521,67.255386,-11.455282,67.268600,-0.967654,-4.930077
4.000000,12.000000,119.000000,-12.590521,68.306129,-11.955645,67.810280,-1.054781,-5.007101
1.000000,11.000000,105.000000,-13.497190,70.624268,-13.257462,69.273880,-1.130738,-5.177029
3.000000,12.000000,98.000000,-13.441990,74.833366,-13.527013,72.754791,-1.126114,-5.485572
3.000000,17.000000,101.000000,-13.492339,79.720207,-13.335741,77.463821,-1.130332,-5.843796
2.000000,15.000000,106.000000,-15.376063,83.786613,-14.397493,81.924248,-1.288142,-6.141880
3.000000,14.000000,90.000000,-16.199610,88.668823,-16.037415,86.182350,-1.357135,-6.499764
4.000000,15.000000,88.000000,-17.168745,93.162415,-16.578499,91.065796,-1.438326,-6.829162
2.000000,18.000000,80.000000,-19.796673,97.361618,-18.315685,95.461479,-1.658482,-7.136979
4.000000,24.000000,81.000000,-24.139475,98.401695,-22.318979,98.121368,-2.022304,-7.213221
4.000000,16.000000,93.000000,-25.431053,94.906273,-24.991711,97.099205,-2.130507,-6.956993
5.000000,17.000000,101.000000,-23.037848,88.941833,-24.569607,91.720909,-1.930014,-6.519776
5.000000,17.000000,94.000000,-18.287733,81.781250,-20.580328,85.260330,-1.532070,-5.994878
4.000000,12.000000,81.000000,-12.936957,73.610123,-15.473877,77.545380,-1.083804,-5.395904
2.000000,15.000000,76.000000,-7.722655,65.255730,-10.182811,69.098724,-0.646972,-4.783495
2.000000,12.000000,80.000000,-3.961636,55.980511,-5.554030,60.576118,-0.331889,-4.103586
0.000000,12.000000,85.000000,-1.293472,46.168900,-2.527065,50.924690,-0.108362,-3.384357
0.000000,9.000000,84.000000,1.192668,35.234779,-0.008925,40.542484,0.099917,-2.582844
1.000000,7.000000,69.000000,4.152103,21.877335,2.588903,28.396378,0.347846,-1.603692
1.000000,4.000000,62.000000,6.952978,4.285851,5.601469,13.079638,0.582491,-0.314169
-1.000000,2.000000,76.000000,11.364757,-17.818848,9.107040,-6.984766,0.952092,1.306190
-2.000000,-3.000000,83.000000,16.935007,-43.386147,14.259537,-30.984821,1.418744,3.180371
-3.000000,-6.000000,88.000000,23.792969,-68.820221,20.399151,-57.018574,1.993275,5.044785
-1.000000,-12.000000,87.000000,31.331995,-89.291191,27.734503,-80.124573,2.624863,6.545386
-8.000000,-20.000000,87.000000,38.770123,-103.936958,35.443279,-97.321320,3.247998,7.618977
-7.000000,-16.000000,93.000000,40.793766,-116.634415,40.461960,-110.677505,3.417531,8.549749
-5.000000,-20.000000,100.000000,37.036907,-128.116028,39.153702,-122.872169,3.102797,9.391395
-7.000000,-18.000000,91.000000,30.737776,-137.797256,33.766457,-133.484009,2.575082,10.101066
-7.000000,-22.000000,82.000000,26.881289,-143.250122,28.275131,-141.131104,2.252002,10.500782
-7.000000,-32.000000,102.000000,25.834639,-143.769775,26.138056,-143.921753,2.164318,10.538875
-3.000000,-25.000000,113.000000,25.317181,-138.453644,25.762814,-141.228760,2.120967,10.149182
-4.000000,-23.000000,113.000000,20.009350,-132.657333,22.926554,-135.342957,1.676299,9.724290
-3.000000,-23.000000,117.000000,14.258555,-124.670708,16.797153,-128.803864,1.194522,9.138840
-2.000000,-22.000000,109.000000,10.045194,-115.525520,11.964355,-119.822777,0.841544,8.468463
-2.000000,-30.000000,119.000000,7.406524,-106.873291,8.706373,-110.797340,0.620487,7.834221
-1.000000,-19.000000,133.000000,7.375114,-96.106781,7.020836,-101.707878,0.617856,7.044995
0.000000,-16.000000,121.000000,6.257781,-83.823860,7.069834,-89.541229,0.524251,6.144609
-1.000000,-15.000000,127.000000,2.771258,-72.854416,4.565481,-78.000450,0.232164,5.340508
-1.000000,-12.000000,121.000000,-3.745040,-64.408325,-0.416170,-68.174080,-0.313744,4.721376
0.000000,-13.000000,121.000000,-10.910189,-57.683025,-7.710565,-60.710175,-0.914010,4.228386
3.000000,-8.000000,123.000000,-12.235883,-48.642746,-12.204604,-53.319080,-1.025071,3.565699
2.000000,-8.000000,121.000000,-12.136802,-38.420769,-11.972158,-43.133461,-1.016770,2.816389
3.000000,-6.000000,127.000000,-13.025490,-29.597672,-12.669133,-33.506439,-1.091221,2.169623
1.000000,-4.000000,116.000000,-13.093239,-25.137154,-13.189659,-26.905643,-1.096897,1.842649
2.000000,-6.000000,116.000000,-11.725936,-22.447432,-12.524225,-23.797033,-0.982350,1.645483
2.000000,-2.000000,128.000000,-9.237255,-18.104633,-10.553238,-20.546942,-0.773858,1.327139
1.000000,-4.000000,129.000000,-6.928713,-11.477562,-7.738129,-14.637301,-0.580459,0.841349
1.000000,-2.000000,122.000000,-7.659018,-5.242591,-7.152247,-8.254683,-0.641640,0.384302
1.000000,-2.000000,122.000000,-7.172768,4.802436,-7.602086,-0.385343,-0.600904,-0.352037
2.000000,0.000000,118.000000,-7.379675,17.724688,-7.099444,11.410994,-0.618238,-1.299287
1.000000,3.000000,129.000000,-9.691586,31.624184,-8.584189,24.866940,-0.811920,-2.318174
1.000000,3.000000,125.000000,-11.549498,46.306335,-10.714092,39.361656,-0.967568,-3.394431
2.000000,7.000000,129.000000,-11.904648,61.336666,-11.974364,54.093689,-0.997321,-4.496212
3.000000,11.000000,122.000000,-12.729535,75.732513,-12.122778,69.188148,-1.066427,-5.551483
4.000000,12.000000,123.000000,-14.762678,87.998863,-13.960338,82.228806,-1.236755,-6.450654
2.000000,14.000000,132.000000,-13.722559,99.051659,-14.561201,93.825272,-1.149618,-7.260865
2.000000,16.000000,128.000000,-11.527971,109.535141,-12.404753,104.778519,-0.965765,-8.029345
2.000000,17.000000,122.000000,-9.772149,120.309708,-10.626902,115.101379,-0.818670,-8.819161
3.000000,27.000000,109.000000,-10.496796,130.260284,-9.601926,125.942444,-0.879377,-9.548577
1.000000,23.000000,113.000000,-16.172977,134.979126,-13.374324,133.011154,-1.354904,-9.894486
2.000000,23.000000,106.000000,-20.133299,139.843323,-18.760906,137.078705,-1.686683,-10.251051
4.000000,24.000000,98.000000,-22.661499,146.157074,-21.182592,143.420563,-1.898485,-10.713873
2.000000,23.000000,97.000000,-28.104586,150.061279,-25.489443,148.236435,-2.354484,-11.000066
6.000000,34.000000,82.000000,-35.516617,152.883957,-31.679470,151.789963,-2.975433,-11.206979
4.000000,25.000000,80.000000,-44.189514,153.927856,-40.279819,153.596115,-3.702012,-11.283501
7.000000,25.000000,96.000000,-48.569347,151.010117,-46.909767,153.006210,-4.068936,-11.069620
7.000000,24.000000,102.000000,-45.699806,141.167175,-47.618805,146.668350,-3.828538,-10.348094
8.000000,22.000000,93.000000,-37.078255,122.729286,-41.564323,132.157883,-3.106261,-8.996527
5.000000,15.000000,65.000000,-26.225494,94.644005,-31.490021,108.695618,-2.197062,-6.937767
7.000000,21.000000,59.000000,-13.379613,58.955288,-19.530714,76.318184,-1.120888,-4.321648
3.000000,8.000000,73.000000,-0.217728,19.204643,-6.490557,38.026451,-0.018240,-1.407774
1.000000,4.000000,81.000000,12.269692,-20.692886,6.481564,-1.829608,1.027903,1.516868
-2.000000,-2.000000,81.000000,25.823713,-55.711269,19.383575,-39.835449,2.163402,4.083849
-4.000000,-9.000000,68.000000,39.475468,-84.447411,33.428692,-71.888351,3.307089,6.190319
-9.000000,-18.000000,85.000000,48.201542,-105.559593,44.540585,-95.921303,4.038123,7.737922
-5.000000,-18.000000,98.000000,49.372677,-123.839485,49.493298,-115.359581,4.136236,9.077908
-6.000000,-21.000000,101.000000,42.513054,-140.596603,46.165642,-132.741196,3.561565,10.306270
-8.000000,-21.000000,99.000000,35.535500,-154.165833,38.626305,-148.132599,2.977015,11.300946
-8.000000,-33.000000,83.000000,33.838158,-161.290436,34.148270,-158.531296,2.834819,11.823207
-6.000000,-26.000000,94.000000,35.993267,-160.893021,34.760300,-161.826096,3.015365,11.794074
-6.000000,-24.000000,104.000000,37.480053,-152.921860,37.070358,-157.119904,3.139921,11.209757
-5.000000,-24.000000,113.000000,32.325676,-145.931732,35.543953,-148.499420,2.708109,10.697354
-5.000000,-24.000000,116.000000,23.194380,-144.374390,27.621313,-144.808075,1.943128,10.583195
-5.000000,-31.000000,111.000000,18.442558,-141.067047,19.343863,-143.869675,1.545040,10.340755
-4.000000,-23.000000,124.000000,22.383953,-126.200760,20.877556,-133.429596,1.875234,9.250998
-5.000000,-18.000000,127.000000,21.240229,-113.142578,22.018373,-119.149490,1.779417,8.293784
-5.000000,-15.000000,126.000000,17.363823,-102.125847,19.564014,-107.015526,1.454668,7.486215
-5.000000,-14.000000,124.000000,11.941635,-92.649101,14.371066,-97.019096,1.000420,6.791533
-4.000000,-19.000000,113.000000,7.293946,-84.849945,9.109333,-88.975266,0.611056,6.219825
-1.000000,-13.000000,122.000000,4.016818,-69.510300,6.174679,-76.864578,0.336512,5.095371
0.000000,-12.000000,124.000000,-1.226294,-56.755302,0.959950,-62.667641,-0.102734,4.160381
-1.000000,-10.000000,126.000000,-4.696563,-46.515522,-3.087042,-51.081791,-0.393458,3.409766
0.000000,-7.000000,118.000000,-7.523589,-36.670731,-6.223966,-41.451836,-0.630295,2.688105
2.000000,-10.000000,114.000000,-10.114071,-24.437710,-8.998739,-30.555462,-0.847314,1.791378
2.000000,-2.000000,113.000000,-13.509094,-9.055703,-11.731717,-16.434565,-1.131735,0.663818
1.000000,-2.000000,121.000000,-17.464155,9.876600,-15.723274,0.514819,-1.463074,-0.723993
2.000000,1.000000,124.000000,-20.333639,31.796688,-19.040546,21.538511,-1.703467,-2.330819
4.000000,2.000000,120.000000,-22.105078,53.600403,-21.325089,43.544437,-1.851871,-3.929115
6.000000,11.000000,123.000000,-23.205708,74.023537,-22.784060,64.732361,-1.944077,-5.426208
4.000000,11.000000,121.000000,-23.949766,90.756104,-23.672182,83.201790,-2.006411,-6.652770
5.000000,13.000000,129.000000,-23.089653,106.452530,-23.534466,99.130661,-1.934354,-7.803378
4.000000,17.000000,131.000000,-23.735836,121.749237,-23.360596,114.532288,-1.988489,-8.924685
4.000000,18.000000,135.000000,-25.785114,136.853302,-24.585880,130.212570,-2.160169,-10.031871
4.000000,30.000000,113.000000,-27.909523,148.795502,-27.042685,143.535187,-2.338143,-10.907279
5.000000,24.000000,114.000000,-29.128637,154.903244,-28.632305,152.571579,-2.440275,-11.355000
5.000000,24.000000,105.000000,-28.917009,156.697693,-29.172390,156.077393,-2.422546,-11.486540
4.000000,25.000000,105.000000,-27.763453,155.848557,-28.546051,156.226761,-2.325905,-11.424295
4.000000,24.000000,92.000000,-23.523520,154.884583,-25.980282,155.184097,-1.970702,-11.353633
4.000000,33.000000,81.000000,-18.051981,153.571915,-20.304852,154.555084,-1.512319,-11.257408
2.000000,25.000000,84.000000,-15.231100,148.178635,-16.336897,150.945526,-1.275998,-10.862062
1.000000,23.000000,89.000000,-17.693422,136.224045,-16.111027,142.581039,-1.482281,-9.985744
3.000000,23.000000,96.000000,-19.491970,118.547127,-19.012413,127.186691,-1.632955,-8.689958
3.000000,19.000000,92.000000,-14.935883,98.024811,-17.630199,107.629990,-1.251266,-7.185594
4.000000,21.000000,67.000000,-7.150031,75.309738,-10.988573,85.874420,-0.599000,-5.520492
4.000000,11.000000,69.000000,0.860972,52.355892,-2.460737,63.291687,0.072129,-3.837887
1.000000,8.000000,80.000000,4.053958,26.664101,2.808845,38.769562,0.339624,-1.954581
-1.000000,5.000000,86.000000,8.468450,-0.970303,6.143073,11.798893,0.709451,0.071127
0.000000,1.000000,78.000000,19.427233,-22.953918,13.589432,-13.304944,1.627532,1.682610
-4.000000,-5.000000,60.000000,32.339897,-39.639820,26.578058,-31.885416,2.709301,2.905751
-7.000000,-6.000000,76.000000,40.417759,-54.961548,37.116455,-48.025455,3.386030,4.028892
-7.000000,-10.000000,88.000000,40.884254,-68.250076,41.293640,-62.140808,3.425111,5.002992
-6.000000,-12.000000,105.000000,36.906185,-78.122551,38.948570,-73.817360,3.091845,5.726682
-6.000000,-13.000000,92.000000,32.727345,-83.456390,34.549038,-81.423531,2.741760,6.117672
-6.000000,-16.000000,73.000000,32.345951,-80.640205,32.324734,-82.531013,2.709808,5.911236
-6.000000,-12.000000,81.000000,30.397249,-75.436378,31.574055,-77.921585,2.546554,5.529775
-7.000000,-12.000000,89.000000,24.958441,-68.983292,27.899405,-72.061264,2.090913,5.056739
-4.000000,-11.000000,86.000000,15.098005,-63.204136,19.955296,-65.859535,1.264848,4.633105
-2.000000,-14.000000,76.000000,4.164655,-58.064117,9.125132,-60.325306,0.348897,4.256322
-3.000000,-11.000000,80.000000,-0.746618,-55.130684,0.439287,-56.454842,-0.062549,4.041290
-1.000000,-9.000000,93.000000,7.609131,-49.283409,2.956029,-52.238415,0.637461,3.612662
-1.000000,-8.000000,95.000000,16.098064,-42.688816,12.920860,-45.477310,1.348628,3.129253
-2.000000,-7.000000,102.000000,14.090844,-40.202297,15.563235,-41.348377,1.180472,2.946982
-4.000000,-7.000000,97.000000,7.761512,-35.968147,10.970877,-38.212894,0.650227,2.636603
-1.000000,-5.000000,95.000000,1.302995,-28.471294,4.116886,-32.300995,0.109159,2.087055
-1.000000,-5.000000,101.000000,-1.558073,-20.445473,-0.532118,-24.019396,-0.130529,1.498731
0.000000,-3.000000,106.000000,-2.836173,-14.942349,-2.183317,-17.263449,-0.237603,1.095331
0.000000,-2.000000,97.000000,-5.158326,-12.001009,-4.036631,-13.224403,-0.432143,0.879720
1.000000,-4.000000,92.000000,-5.471583,-9.290098,-5.500665,-10.493589,-0.458386,0.681000
2.000000,-3.000000,96.000000,-3.721470,-9.001574,-4.831697,-9.034773,-0.311769,0.659850
0.000000,-2.000000,98.000000,0.983033,-9.840024,-1.319437,-9.367132,0.082354,0.721311
0.000000,-3.000000,107.000000,6.977456,-10.431844,4.084255,-10.300014,0.584542,0.764694
-1.000000,0.000000,101.000000,13.301632,-8.265525,10.409613,-9.508228,1.114355,0.605895
-4.000000,-2.000000,95.000000,20.024466,-2.529695,16.800934,-5.469182,1.677566,0.185436
-2.000000,0.000000,97.000000,25.735027,4.353524,23.277548,1.283033,2.155972,-0.319130
-6.000000,0.000000,101.000000,30.258369,8.261493,28.079535,6.669807,2.534919,-0.605599
-6.000000,0.000000,107.000000,34.979012,9.197453,32.825611,8.934545,2.930395,-0.674209
-4.000000,2.000000,92.000000,41.440601,12.192918,38.236118,10.496062,3.471720,-0.893788
-12.000000,1.000000,93.000000,46.471912,16.830294,44.434147,14.697088,3.893222,-1.233725
-7.000000,4.000000,92.000000,46.243916,18.418644,46.773140,17.983091,3.874121,-1.350157
-8.000000,2.000000,89.000000,42.835777,17.098843,44.534523,17.854628,3.588602,-1.253411
-6.000000,3.000000,94.000000,40.746029,16.986357,41.361885,16.716854,3.413531,-1.245165
-8.000000,2.000000,94.000000,42.183144,19.611946,41.431240,18.325329,3.533927,-1.437631
-8.000000,4.000000,82.000000,43.892796,21.570236,43.181980,20.797735,3.677154,-1.581181
-8.000000,2.000000,76.000000,46.521515,21.863956,45.135601,21.946461,3.897377,-1.602712
-7.000000,3.000000,82.000000,50.509342,20.742462,48.570107,21.362991,4.231461,-1.520502
-11.000000,3.000000,86.000000,54.077385,19.758284,52.550629,20.141972,4.530376,-1.448358
-9.000000,4.000000,82.000000,53.963623,18.111813,54.356758,19.038204,4.520846,-1.327665
-12.000000,4.000000,80.000000,51.753597,16.200180,52.883888,17.102392,4.335699,-1.187535
-9.000000,3.000000,75.000000,50.358173,15.152135,50.910381,15.685564,4.218797,-1.110709
-10.000000,1.000000,84.000000,48.236198,11.542336,49.474251,13.618840,4.041026,-0.846097
-8.000000,1.000000,85.000000,45.362968,6.152278,46.632702,8.612730,3.800319,-0.450986
-9.000000,2.000000,79.000000,43.414875,4.021372,44.422691,4.610332,3.637116,-0.294782
-10.000000,0.000000,77.000000,38.124413,4.649301,40.924171,4.244671,3.193903,-0.340812
-6.000000,1.000000,75.000000,29.843878,5.777845,33.884739,5.238434,2.500195,-0.423538
-4.000000,0.000000,82.000000,20.639465,5.956806,24.966080,5.985734,1.729088,-0.436657
-8.000000,0.000000,85.000000,11.814838,5.074595,15.877299,5.474926,0.989798,-0.371987
-3.000000,1.000000,85.000000,3.582860,5.198832,7.419695,4.944841,0.300157,-0.381094
0.000000,2.000000,80.000000,-7.485223,5.205956,-1.840000,5.377185,-0.627081,-0.381616
2.000000,1.000000,79.000000,-22.800480,2.089853,-15.410901,3.919490,-1.910128,-0.153194
4.000000,0.000000,73.000000,-38.544964,-4.771319,-31.215662,-1.281194,-3.229135,0.349756
8.000000,-1.000000,82.000000,-54.113861,-14.676855,-46.851196,-9.868237,-4.533432,1.075870
11.000000,-3.000000,81.000000,-68.495720,-26.142986,-61.968792,-20.761003,-5.738284,1.916381
16.000000,-6.000000,75.000000,-79.210350,-35.649223,-74.647041,-31.506901,-6.635911,2.613225
14.000000,-6.000000,81.000000,-85.364449,-41.635983,-82.870384,-39.148907,-7.151475,3.052077
14.000000,-5.000000,87.000000,-90.756607,-47.234196,-88.057121,-44.381527,-7.603208,3.462447
14.000000,-6.000000,90.000000,-95.785408,-51.015961,-93.691628,-49.626934,-8.024499,3.739665
14.000000,-6.000000,88.000000,-94.634193,-48.803905,-95.605286,-50.138733,-7.928056,3.577513
21.000000,-10.000000,90.000000,-88.716057,-42.569313,-91.867569,-45.982887,-7.432259,3.120493
14.000000,-6.000000,91.000000,-81.345718,-33.521225,-84.681503,-37.878311,-6.814803,2.457234
12.000000,-5.000000,105.000000,-78.490051,-24.211042,-79.300415,-28.551952,-6.575567,1.774762
11.000000,-4.000000,109.000000,-80.316795,-13.135412,-79.271812,-18.766666,-6.728604,0.962876
16.000000,-3.000000,101.000000,-83.158417,0.733233,-81.772064,-5.921044,-6.966663,-0.053749
12.000000,0.000000,93.000000,-86.784798,12.304951,-84.991730,7.204150,-7.270466,-0.902000
15.000000,2.000000,105.000000,-89.755188,20.685520,-88.456680,17.118242,-7.519313,-1.516328
14.000000,4.000000,105.000000,-90.387604,24.705296,-90.480537,23.148207,-7.572294,-1.810993
15.000000,6.000000,106.000000,-85.558052,22.274948,-88.612610,23.697613,-7.167694,-1.632839
19.000000,6.000000,97.000000,-73.041481,16.772833,-79.287827,19.541332,-6.119109,-1.229513
11.000000,2.000000,98.000000,-57.618176,10.430641,-64.722374,13.533567,-4.827009,-0.764606
9.000000,3.000000,98.000000,-44.673042,0.297566,-50.396561,5.132603,-3.742520,-0.021813
8.000000,0.000000,105.000000,-30.687075,-7.488224,-37.507195,-4.186091,-2.570834,0.548915
6.000000,-2.000000,119.000000,-16.962589,-11.272003,-23.349539,-9.877912,-1.421054,0.826281
2.000000,-2.000000,97.000000,-4.877948,-9.752026,-10.472622,-10.909478,-0.408654,0.714861
1.000000,-1.000000,100.000000,8.298752,-1.706148,1.903718,-6.066903,0.695235,0.125067
-1.000000,0.000000,101.000000,21.299913,9.543903,15.245726,4.146432,1.784417,-0.699605
-4.000000,1.000000,106.000000,33.207153,20.178331,27.816757,15.472357,2.781956,-1.479149
-5.000000,4.000000,103.000000,43.625206,26.981323,38.748936,24.047739,3.654737,-1.977834
-11.000000,6.000000,94.000000,54.911324,29.333809,49.415504,28.647913,4.600240,-2.150280
-10.000000,4.000000,85.000000,69.862564,28.611975,62.545662,28.974659,5.852792,-2.097367
-13.000000,4.000000,94.000000,84.735916,27.388859,78.139801,28.178940,7.098819,-2.007708
-14.000000,4.000000,97.000000,93.534760,22.979427,89.843613,25.177538,7.835949,-1.684480
-16.000000,4.000000,103.000000,97.204742,17.332455,95.935745,20.198914,8.143406,-1.270535
-21.000000,7.000000,82.000000,99.595200,10.047822,98.174171,13.268666,8.343667,-0.736544
-17.000000,1.000000,85.000000,102.356239,2.348509,101.315735,6.148304,8.574976,-0.172155
-17.000000,-2.000000,86.000000,101.341064,-5.179141,102.137573,-1.647502,8.489929,0.379651
-16.000000,-2.000000,87.000000,96.886337,-12.197782,99.012192,-9.080149,8.116731,0.894144
-16.000000,-1.000000,92.000000,95.372978,-13.890022,95.655128,-13.702449,7.989948,1.018192
-20.000000,-1.000000,75.000000,97.829842,-7.478504,96.732704,-11.025636,8.195774,0.548203
-16.000000,-1.000000,84.000000,94.786903,0.311524,96.981636,-3.062647,7.940849,-0.022836
-16.000000,-1.000000,84.000000,83.788284,4.257379,89.351913,2.637183,7.019430,-0.312082
-13.000000,0.000000,85.000000,71.788658,6.539323,77.378304,5.643076,6.014152,-0.479357
-12.000000,0.000000,81.000000,60.424084,7.763103,65.767975,7.236987,5.062076,-0.569065
-13.000000,3.000000,75.000000,48.981205,9.250035,54.362324,8.451704,4.103440,-0.678063
-8.000000,2.000000,75.000000,35.399166,10.389277,42.060997,9.978634,2.965594,-0.761574
-4.000000,1.000000,82.000000,19.094582,10.027278,26.995560,10.379780,1.599664,-0.735038
-2.000000,3.000000,85.000000,-0.100065,6.204832,8.998726,8.204404,-0.008383,-0.454838
0.000000,0.000000,85.000000,-19.394045,0.966007,-10.245432,3.572870,-1.624752,-0.070812
3.000000,0.000000,73.000000,-40.268116,-7.923825,-30.328777,-3.244119,-3.373494,0.580847
7.000000,0.000000,76.000000,-60.509407,-20.090717,-51.577141,-14.649086,-5.069224,1.472727
12.000000,-3.000000,80.000000,-76.287781,-28.062780,-69.015518,-24.696114,-6.391070,2.057109
14.000000,-6.000000,87.000000,-93.118324,-33.622902,-84.827759,-30.906483,-7.801063,2.464687
17.000000,-6.000000,93.000000,-110.838928,-38.948776,-102.622971,-36.454540,-9.285621,2.855094
24.000000,-8.000000,87.000000,-125.092216,-43.137962,-119.016556,-41.560066,-10.479701,3.162178
21.000000,-7.000000,86.000000,-129.505325,-39.546993,-128.101242,-41.894203,-10.849413,2.898946
22.000000,-8.000000,97.000000,-129.561981,-33.648876,-129.672241,-36.549679,-10.854158,2.466591
22.000000,-6.000000,110.000000,-132.989853,-29.600206,-130.686035,-31.127075,-11.141332,2.169808
29.000000,-7.000000,90.000000,-140.872009,-27.809429,-137.184082,-28.696924,-11.801664,2.038538
23.000000,-4.000000,96.000000,-144.290833,-23.856890,-143.215607,-25.881561,-12.088080,1.748801
22.000000,-3.000000,103.000000,-137.518768,-16.560135,-141.673752,-20.201391,-11.520744,1.213921
23.000000,-3.000000,108.000000,-122.492569,-8.301912,-129.992371,-12.189723,-10.261914,0.608562
21.000000,-1.000000,118.000000,-105.612381,-1.273323,-113.556686,-4.463484,-8.847762,0.093339
22.000000,0.000000,109.000000,-91.251526,1.391400,-97.826439,0.300022,-7.644670,-0.101995
15.000000,0.000000,120.000000,-73.176651,6.969904,-81.781570,4.226603,-6.130433,-0.510921
13.000000,1.000000,113.000000,-54.861900,12.622478,-63.488060,10.085009,-4.596100,-0.925276
10.000000,1.000000,122.000000,-35.109032,17.729824,-44.627502,15.343348,-2.941288,-1.299664
5.000000,4.000000,129.000000,-13.835006,22.521719,-24.105343,20.192863,-1.159039,-1.650928
3.000000,6.000000,115.000000,8.826789,27.104671,-1.735949,25.228725,0.739471,-1.986876
-1.000000,6.000000,117.000000,33.861282,31.586037,21.629986,29.248621,2.836756,-2.315377
-7.000000,5.000000,105.000000,64.572548,40.246838,49.533779,35.580269,5.409616,-2.950247
-12.000000,8.000000,104.000000,95.891975,51.993153,81.527702,46.552494,8.033427,-3.811297
-17.000000,8.000000,114.000000,122.476295,59.931412,110.384583,56.758595,10.260550,-4.393202
-29.000000,12.000000,79.000000,146.227692,62.422474,135.354980,61.691883,12.250341,-4.575806
-25.000000,10.000000,82.000000,163.481323,57.277584,155.897949,60.177307,13.695779,-4.198666
-26.000000,11.000000,80.000000,172.454208,47.148811,169.138077,52.508221,14.447490,-3.456188
-26.000000,12.000000,79.000000,177.092072,35.464970,174.635498,40.440479,14.836030,-2.599718
-27.000000,11.000000,84.000000,178.452103,24.585487,178.523300,29.903967,14.949968,-1.802210
-39.000000,12.000000,70.000000,173.562027,13.130085,176.095444,18.283913,14.540298,-0.962485
-28.000000,2.000000,70.000000,165.079437,7.185770,169.806259,9.649822,13.829662,-0.526744
-23.000000,2.000000,68.000000,141.727646,1.803511,154.377655,4.635399,11.873348,-0.132204
-24.000000,0.000000,78.000000,101.470207,-5.328085,121.521400,-2.011563,8.500748,0.390569
-19.000000,0.000000,84.000000,51.396919,-14.060719,75.747444,-9.534373,4.305818,1.030704
-14.000000,-1.000000,72.000000,0.566629,-25.932365,24.008219,-20.205326,0.047470,1.900942
0.000000,-2.000000,76.000000,-45.381130,-37.528156,-24.096231,-32.153027,-3.801841,2.750957
8.000000,-6.000000,76.000000,-92.837708,-51.354103,-70.001572,-44.322838,-7.777554,3.764452
15.000000,-10.000000,81.000000,-141.680862,-68.465004,-119.121910,-60.393513,-11.869428,5.018746
24.000000,-10.000000,86.000000,-182.363495,-84.500595,-164.274353,-77.329605,-15.277647,6.194217
0.000000,-19.000000,85.000000,-204.237991,-89.580505,-195.802475,-88.378075,-17.110201,6.566594
31.000000,-15.000000,91.000000,-204.260010,-80.867538,-205.421539,-85.774384,-17.112045,5.927900
33.000000,-14.000000,98.000000,-201.341049,-74.250435,-202.840561,-77.102966,-16.867508,5.442841
33.000000,-15.000000,105.000000,-199.038284,-70.955231,-199.867905,-72.228333,-16.674591,5.201290
0.000000,-20.000000,105.000000,-191.118378,-65.649902,-196.037918,-68.976982,-16.011095,4.812389
30.000000,-13.000000,112.000000,-164.807556,-46.642555,-178.462921,-56.625526,-13.806885,3.419078
26.000000,-11.000000,119.000000,-134.244781,-26.578062,-148.288925,-35.275429,-11.246465,1.948274
20.000000,-6.000000,133.000000,-104.768082,-14.699069,-119.077782,-19.895859,-8.777030,1.077498
17.000000,-1.000000,148.000000,-64.001114,-1.376010,-84.604538,-8.162407,-5.361745,0.100867
12.000000,2.000000,130.000000,-7.331572,20.250610,-35.404411,8.995695,-0.614208,-1.484447
0.000000,6.000000,132.000000,56.824326,51.512192,26.898123,36.509041,4.760503,-3.776041
-12.000000,11.000000,121.000000,114.741112,82.212349,88.074905,68.196465,9.612529,-6.026480
-21.000000,16.000000,115.000000,166.538834,106.755219,142.994370,95.997665,13.951924,-7.825566
-29.000000,18.000000,105.000000,200.230713,115.790848,186.349030,112.848007,16.774488,-8.487912
0.000000,22.000000,80.000000,209.639725,108.738998,206.985260,113.309776,17.562737,-7.970984
-37.000000,17.000000,76.000000,213.782898,98.698311,211.205200,103.004616,17.909834,-7.234964
-34.000000,16.000000,72.000000,222.341080,89.970268,218.134521,94.066399,18.626802,-6.595165
-37.000000,15.000000,77.000000,222.870880,70.406326,223.800781,80.832405,18.671186,-5.161053
-37.000000,15.000000,80.000000,208.002747,41.328335,216.338959,55.432701,17.425598,-3.029525
0.000000,12.000000,61.000000,177.877838,11.451823,192.652466,24.831532,14.901857,-0.839462
-25.000000,4.000000,67.000000,151.770996,-2.636163,163.968216,3.122094,12.714737,0.193241
-25.000000,0.000000,72.000000,121.114342,-11.063277,136.201462,-7.352815,10.146451,0.810981
-22.000000,0.000000,79.000000,80.409050,-19.120852,100.680786,-15.108171,6.736333,1.401632
-15.000000,-2.000000,84.000000,28.611969,-30.631592,54.050152,-24.727842,2.396991,2.245413
-4.000000,-6.000000,84.000000,-33.632278,-45.820957,-3.745633,-38.458328,-2.817571,3.358851
3.000000,-9.000000,84.000000,-92.857819,-59.086971,-65.557892,-53.018349,-7.779238,4.331301
15.000000,-10.000000,81.000000,-142.083374,-68.304947,-119.915359,-64.318108,-11.903148,5.007014
25.000000,-12.000000,79.000000,-181.305405,-77.243484,-163.710587,-72.929161,-15.189006,5.662243
31.000000,-12.000000,85.000000,-207.392090,-84.681343,-196.316803,-81.405136,-17.374437,6.207466
0.000000,-18.000000,83.000000,-219.998795,-88.022232,-215.575073,-87.320801,-18.430576,6.452366
38.000000,-14.000000,94.000000,-218.996109,-87.228302,-220.446167,-87.893166,-18.346575,6.394168
39.000000,-18.000000,100.000000,-204.537460,-77.915253,-212.170410,-82.897316,-17.135290,5.711486
35.000000,-15.000000,102.000000,-187.204620,-68.231407,-195.066849,-72.326126,-15.683217,5.001624
39.000000,-19.000000,103.000000,-169.695206,-59.033691,-178.321671,-63.329792,-14.216351,4.327395
29.000000,-14.000000,112.000000,-151.713577,-55.878708,-160.342056,-56.928150,-12.709927,4.096123
25.000000,-13.000000,123.000000,-123.855759,-49.382965,-138.427032,-53.438049,-10.376116,3.619960
20.000000,-9.000000,128.000000,-83.726173,-31.329691,-103.345505,-40.734516,-7.014227,2.296586
15.000000,-6.000000,143.000000,-42.991478,-9.157906,-61.794533,-19.601522,-3.601646,0.671309
7.000000,-2.000000,128.000000,-9.026813,11.636043,-24.457348,1.979467,-0.756228,-0.852966
1.000000,1.000000,132.000000,22.579351,25.840599,6.961569,19.640171,1.891603,-1.894215
-4.000000,4.000000,126.000000,65.283188,37.067749,44.485317,32.035690,5.469151,-2.717208
-12.000000,8.000000,126.000000,116.276123,50.856846,91.863564,43.818752,9.741125,-3.728001
-19.000000,10.000000,117.000000,160.932144,64.563911,141.367645,58.639137,13.482219,-4.732782
-36.000000,17.000000,106.000000,186.606964,72.763008,176.491669,69.566025,15.633148,-5.333807
-30.000000,14.000000,91.000000,190.317261,74.527725,189.908249,73.812454,15.943980,-5.463168
-31.000000,14.000000,94.000000,180.764893,71.240471,185.653259,73.026237,15.143724,-5.222199
-27.000000,14.000000,95.000000,170.946060,65.232437,175.388031,68.519363,14.321143,-4.781787
-25.000000,12.000000,96.000000,164.358765,55.515438,166.914825,59.878613,13.769287,-4.069494
-35.000000,13.000000,79.000000,157.664124,48.857475,161.369553,51.629128,13.208439,-3.581440
-23.000000,8.000000,79.000000,140.094452,41.388214,149.794876,45.498524,11.736525,-3.033915
-24.000000,5.000000,77.000000,103.374260,25.325180,122.021095,33.562126,8.660262,-1.856432
-16.000000,4.000000,81.000000,59.799030,8.488769,80.256798,16.013527,5.009712,-0.622259
-10.000000,2.000000,82.000000,24.422808,-3.887711,40.026962,1.534043,2.046040,0.284984
-5.000000,0.000000,74.000000,-4.514146,-14.160732,9.243765,-9.222738,-0.378176,1.038036
1.000000,-2.000000,81.000000,-37.839191,-28.034056,-21.479778,-20.894722,-3.170009,2.055004
8.000000,-4.000000,79.000000,-75.332024,-46.902222,-57.571644,-37.712814,-6.311001,3.438112
12.000000,-8.000000,94.000000,-111.708824,-66.082001,-94.974937,-57.344013,-9.358496,4.844063
24.000000,-12.000000,92.000000,-142.392059,-80.899155,-128.647934,-74.441231,-11.929008,5.930218
24.000000,-12.000000,91.000000,-163.902359,-90.541512,-154.627213,-86.523880,-13.731052,6.637039
25.000000,-14.000000,97.000000,-170.310669,-87.580681,-168.409714,-90.026245,-14.267914,6.419999
27.000000,-15.000000,102.000000,-175.361496,-83.210648,-172.748871,-85.210793,-14.691050,6.099658
27.000000,-14.000000,104.000000,-179.711487,-76.564644,-178.096436,-80.273308,-15.055474,5.612482
35.000000,-19.000000,117.000000,-174.068497,-59.042473,-177.665955,-68.040314,-14.582726,4.328039
27.000000,-12.000000,114.000000,-162.954269,-41.782345,-168.647858,-49.935036,-13.651625,3.062806
24.000000,-9.000000,116.000000,-148.645050,-28.482775,-155.769989,-34.275288,-12.452859,2.087896
24.000000,-4.000000,127.000000,-128.267517,-18.369284,-138.696960,-23.212036,-10.745714,1.346539
22.000000,-3.000000,143.000000,-97.140694,-3.945050,-112.644455,-11.339381,-8.138040,0.289187
21.000000,-2.000000,141.000000,-63.209198,12.993232,-79.093414,5.109087,-5.295401,-0.952454
11.000000,2.000000,132.000000,-29.451122,29.872730,-45.550762,21.950367,-2.467292,-2.189785
4.000000,5.000000,138.000000,4.343259,43.160694,-11.606404,37.280006,0.363860,-3.163844
0.000000,9.000000,137.000000,42.166027,55.587742,24.228504,49.915939,3.532493,-4.074794
-7.000000,10.000000,139.000000,80.465889,66.055504,62.401711,61.104717,6.741094,-4.842122
-19.000000,16.000000,116.000000,116.622360,75.471954,100.248207,71.479065,9.770132,-5.532383
-20.000000,13.000000,102.000000,141.420181,79.026901,130.524689,77.598076,11.847589,-5.792974
-26.000000,14.000000,100.000000,161.731064,83.978111,152.259323,81.247124,13.549150,-6.155917
-28.000000,16.000000,91.000000,177.434052,89.383026,170.775833,87.194199,14.864680,-6.552118
-29.000000,15.000000,93.000000,183.009354,87.904434,181.372894,89.509659,15.331757,-6.443731
-39.000000,21.000000,85.000000,183.559387,81.979080,183.615646,84.965363,15.377835,-6.009380
-27.000000,15.000000,77.000000,178.504929,71.656990,181.420166,76.912308,14.954394,-5.252731
-27.000000,13.000000,75.000000,170.504028,59.393761,174.430023,65.320976,14.284112,-4.353790
-29.000000,10.000000,79.000000,157.492142,43.480988,164.462006,51.712502,13.194031,-3.187323
-36.000000,11.000000,75.000000,135.932632,20.575523,146.461639,31.580267,11.387865,-1.508265
-24.000000,2.000000,69.000000,112.908188,-3.711286,123.736801,7.729917,9.458974,0.272051
-22.000000,-1.000000,68.000000,92.505630,-24.256701,101.959602,-14.955045,7.749734,1.778109
-13.000000,-4.000000,78.000000,72.732140,-35.781425,82.376022,-31.341816,6.093193,2.622915
-14.000000,-5.000000,77.000000,44.246059,-37.282669,58.875477,-37.055717,3.706749,2.732962
-9.000000,-8.000000,74.000000,-2.783456,-37.746845,20.687979,-37.260620,-0.233186,2.766988
1.000000,-4.000000,77.000000,-58.814003,-41.806297,-32.513237,-39.675880,-4.927190,3.064561
10.000000,-7.000000,75.000000,-108.045586,-46.578228,-85.659058,-44.202568,-9.051605,3.414362
19.000000,-7.000000,87.000000,-147.530457,-51.009945,-130.000427,-49.085064,-12.359482,3.739224
24.000000,-7.000000,84.000000,-176.271149,-56.356319,-163.635773,-53.487373,-14.767257,4.131134
39.000000,-15.000000,82.000000,-192.474915,-63.461727,-186.065491,-60.205605,-16.124741,4.651988
30.000000,-14.000000,93.000000,-187.556732,-59.001083,-191.340607,-62.071930,-15.712716,4.325005
30.000000,-10.000000,91.000000,-181.871094,-57.409996,-184.093704,-57.833363,-15.236396,4.208373
30.000000,-13.000000,95.000000,-175.240387,-59.684200,-178.909576,-59.371582,-14.680903,4.375080
29.000000,-13.000000,105.000000,-166.480743,-61.955078,-170.899200,-60.872353,-13.947058,4.541544
35.000000,-17.000000,104.000000,-151.183792,-59.907043,-158.965118,-61.411987,-12.665543,4.391416
25.000000,-11.000000,115.000000,-130.672501,-52.184441,-140.587753,-56.339832,-10.947193,3.825319
22.000000,-9.000000,111.000000,-109.569382,-39.393543,-119.433105,-45.744514,-9.179263,2.887698
18.000000,-8.000000,132.000000,-88.886414,-23.047455,-98.615112,-31.045521,-7.446530,1.689466
16.000000,-6.000000,132.000000,-70.449554,-6.291189,-79.175491,-14.171445,-5.901968,0.461168
17.000000,-2.000000,124.000000,-45.415611,14.508365,-57.703621,4.589947,-3.804729,-1.063519
8.000000,2.000000,135.000000,-15.387775,34.954029,-29.762262,25.500471,-1.289123,-2.562264
1.000000,6.000000,125.000000,16.313660,50.408894,1.350193,43.948864,1.366690,-3.695165
-1.000000,9.000000,125.000000,50.731544,59.082703,34.486450,55.492676,4.250076,-4.330988
-9.000000,11.000000,126.000000,87.180183,63.234772,69.386154,61.557213,7.303590,-4.635351
-20.000000,15.000000,102.000000,122.534637,65.453987,106.110977,64.631645,10.265437,-4.798028
-22.000000,10.000000,92.000000,150.624893,66.692657,137.859558,65.897263,12.618720,-4.888827
-26.000000,12.000000,93.000000,167.977737,65.690468,160.722076,66.438843,14.072469,-4.815362
-28.000000,13.000000,93.000000,179.067627,67.039528,174.078735,65.904495,15.001534,-4.914254
-37.000000,18.000000,87.000000,180.303040,68.253525,180.569489,67.657692,15.105031,-5.003244
-30.000000,11.000000,80.000000,168.954712,64.195351,175.452301,66.523361,14.154317,-4.705765
-27.000000,12.000000,73.000000,145.178619,56.362453,157.183136,60.209297,12.162455,-4.131584
-24.000000,12.000000,76.000000,116.608887,48.265972,130.143707,51.954262,9.769003,-3.538081
-21.000000,8.000000,68.000000,90.089500,42.434769,102.622780,45.235172,7.547320,-3.110631
-21.000000,8.000000,65.000000,59.009724,32.350262,74.075401,37.527573,4.943587,-2.371398
-9.000000,5.000000,72.000000,23.460676,16.635777,40.487305,24.516026,1.965437,-1.219466
-5.000000,4.000000,64.000000,-11.309855,-2.922594,4.280289,6.031479,-0.947492,0.214237
1.000000,0.000000,71.000000,-35.071121,-17.854702,-24.482595,-11.021536,-2.938112,1.308818
4.000000,-2.000000,72.000000,-55.239723,-33.107227,-46.017159,-25.964191,-4.627752,2.426886
13.000000,-6.000000,78.000000,-74.744598,-50.681290,-65.659805,-42.310081,-6.261788,3.715133
12.000000,-7.000000,66.000000,-95.700768,-70.223701,-85.609825,-60.854961,-8.017408,5.147666
17.000000,-10.000000,75.000000,-116.434784,-87.972687,-106.917870,-80.023788,-9.754416,6.448735
19.000000,-14.000000,85.000000,-129.664810,-99.009773,-124.141251,-94.466278,-10.862773,7.257795
24.000000,-15.000000,94.000000,-135.255737,-102.120026,-133.237213,-101.560081,-11.331159,7.485788
31.000000,-22.000000,95.000000,-139.764755,-100.808571,-137.495407,-101.812271,-11.708905,7.389654
24.000000,-17.000000,92.000000,-143.999374,-95.388565,-142.244415,-98.289200,-12.063663,6.992347
25.000000,-17.000000,103.000000,-142.576706,-83.770576,-143.069733,-89.039169,-11.944478,6.140704
23.000000,-15.000000,115.000000,-140.825058,-72.604958,-141.807098,-77.713043,-11.797733,5.322221
31.000000,-19.000000,125.000000,-129.982224,-59.440235,-136.113632,-65.933426,-10.889365,4.357196
20.000000,-10.000000,132.000000,-113.814674,-47.167862,-121.404076,-52.648083,-9.534916,3.457585
20.000000,-8.000000,135.000000,-94.172768,-33.402527,-103.909081,-40.262108,-7.889399,2.448533
17.000000,-7.000000,141.000000,-69.247650,-14.509377,-81.236458,-23.703739,-5.801277,1.063593
12.000000,-3.000000,143.000000,-40.472332,9.943432,-54.245770,-2.085182,-3.390602,-0.728892
9.000000,2.000000,141.000000,-11.503974,35.612183,-25.241766,23.544304,-0.963755,-2.610509
2.000000,6.000000,141.000000,17.398336,57.957760,3.383137,47.571117,1.457559,-4.248526
-3.000000,10.000000,136.000000,49.964504,75.996857,34.322983,67.924850,4.185817,-5.570860
-8.000000,15.000000,128.000000,81.554062,86.952209,66.789078,82.345421,6.832257,-6.373930
-15.000000,17.000000,127.000000,112.135986,93.114304,97.767609,90.537086,9.394282,-6.825634
-28.000000,22.000000,110.000000,139.186859,96.134338,126.676010,94.931290,11.660492,-7.047015
-25.000000,17.000000,98.000000,161.520508,94.567352,151.621979,95.926346,13.531509,-6.932149
-28.000000,16.000000,85.000000,178.312027,87.985626,170.906677,91.565689,14.938233,-6.449683
-31.000000,15.000000,81.000000,182.568283,75.251854,182.510162,82.119888,15.294805,-5.516249
-31.000000,14.000000,88.000000,170.498764,55.878529,176.907486,65.404549,14.283670,-4.096110
-38.000000,16.000000,84.000000,155.401154,35.220051,162.256348,44.480774,13.018856,-2.581764
-25.000000,6.000000,74.000000,142.330917,22.059423,148.807388,28.236752,11.923887,-1.617040
-25.000000,4.000000,76.000000,123.818962,9.982878,132.885101,15.246724,10.373034,-0.731783
-22.000000,3.000000,75.000000,95.117859,-0.554746,109.941772,4.594257,7.968575,0.040665
-17.000000,0.000000,78.000000,49.994045,-14.093046,72.890701,-7.259700,4.188291,1.033074
-11.000000,-2.000000,76.000000,5.167133,-27.202343,25.732197,-21.170408,0.432881,1.994036
0.000000,-3.000000,72.000000,-33.059105,-38.350769,-15.257309,-33.197250,-2.769553,2.811258
4.000000,-7.000000,75.000000,-62.343525,-46.477581,-49.382706,-42.909298,-5.222879,3.406985
11.000000,-7.000000,82.000000,-87.628082,-54.304981,-75.470734,-50.236355,-7.341113,3.980763
21.000000,-9.000000,92.000000,-111.850098,-65.358025,-100.783508,-60.147266,-9.370332,4.790994
21.000000,-11.000000,85.000000,-128.363586,-72.215218,-121.142838,-69.452904,-10.753763,5.293652
23.000000,-10.000000,95.000000,-137.524765,-72.794968,-133.850845,-73.139214,-11.521249,5.336150
24.000000,-12.000000,97.000000,-138.986954,-65.272789,-138.688095,-69.351364,-11.643743,4.784745
25.000000,-10.000000,101.000000,-136.824631,-56.401505,-138.084564,-60.696880,-11.462592,4.134446
31.000000,-13.000000,106.000000,-134.973358,-49.913029,-135.717529,-52.778137,-11.307501,3.658816
23.000000,-9.000000,104.000000,-130.420990,-41.817940,-132.949020,-45.902782,-10.926123,3.065415
23.000000,-7.000000,115.000000,-121.801483,-33.691181,-126.143959,-37.255100,-10.204017,2.469692
22.000000,-7.000000,118.000000,-109.910942,-28.058924,-115.797318,-30.604773,-9.207877,2.056826
19.000000,-5.000000,129.000000,-94.318832,-21.514868,-102.019836,-24.921457,-7.901636,1.577122
22.000000,-4.000000,138.000000,-74.055801,-10.261436,-83.608078,-15.752200,-6.204084,0.752202
13.000000,-1.000000,130.000000,-54.688866,1.840163,-63.739189,-3.959267,-4.581604,-0.134891
9.000000,0.000000,128.000000,-34.110523,16.144947,-44.409981,8.948377,-2.857636,-1.183486
5.000000,3.000000,128.000000,-5.827928,33.378273,-19.929096,25.000156,-0.488239,-2.446755
1.000000,5.000000,129.000000,28.309717,51.366581,11.841703,42.855961,2.371669,-3.765367
-5.000000,14.000000,123.000000,62.747337,66.822998,46.694557,59.894886,5.256709,-4.898382
-12.000000,13.000000,111.000000,92.808846,76.002449,79.022087,72.278740,7.775136,-5.571270
-16.000000,17.000000,103.000000,119.351204,79.483734,107.028549,78.281197,9.998743,-5.826462
-21.000000,15.000000,95.000000,143.241043,80.625191,132.101990,79.924599,12.000134,-5.910135
-25.000000,15.000000,91.000000,160.508377,79.898544,152.758942,79.971642,13.446718,-5.856869
-36.000000,19.000000,89.000000,169.269653,79.132805,166.261200,79.859215,14.180701,-5.800737
-29.000000,15.000000,80.000000,165.529846,73.016068,168.181610,76.195160,13.867396,-5.352357
-28.000000,15.000000,80.000000,153.230881,66.109383,159.531647,69.430634,12.837040,-4.846071
-26.000000,15.000000,75.000000,140.773376,59.247162,146.656311,62.649181,11.793402,-4.343044
-33.000000,13.000000,77.000000,125.755577,48.868412,133.291901,54.185211,10.535275,-3.582242
-23.000000,9.000000,68.000000,105.191078,33.665691,115.916016,41.720463,8.812467,-2.467824
-16.000000,7.000000,69.000000,78.576233,14.775858,91.238327,23.594152,6.582788,-1.083127
-15.000000,2.000000,68.000000,52.736233,-1.107039,64.761513,5.958850,4.418020,0.081150
-9.000000,0.000000,71.000000,27.834208,-13.962056,39.959930,-7.788985,2.331833,1.023472
-7.000000,-6.000000,85.000000,-2.409167,-28.959055,12.416182,-21.652569,-0.201830,2.122809
1.000000,-3.000000,61.000000,-35.459610,-43.097046,-20.172909,-36.994488,-2.970657,3.159178
7.000000,-6.000000,70.000000,-64.846252,-50.790382,-51.098164,-47.600594,-5.432547,3.723130
11.000000,-8.000000,75.000000,-94.062691,-54.000694,-80.485718,-52.761787,-7.880177,3.958457
15.000000,-7.000000,74.000000,-117.373955,-56.448975,-106.128433,-54.151794,-9.833097,4.137926
29.000000,-13.000000,82.000000,-130.841492,-57.102009,-125.399765,-56.909008,-10.961351,4.185796
24.000000,-9.000000,90.000000,-137.614120,-58.819977,-135.336929,-58.783672,-11.528734,4.311729
24.000000,-10.000000,87.000000,-139.014236,-57.907650,-138.828781,-58.990364,-11.646030,4.244852
25.000000,-12.000000,92.000000,-138.172699,-52.901138,-138.888031,-55.719440,-11.575529,3.877856
22.000000,-10.000000,92.000000,-132.980911,-42.790188,-135.830841,-47.924278,-11.140582,3.136684
30.000000,-9.000000,100.000000,-125.617104,-33.445274,-128.714005,-37.172016,-10.523674,2.451667
21.000000,-7.000000,95.000000,-116.493492,-26.802423,-120.967674,-29.848450,-9.759336,1.964720
20.000000,-5.000000,98.000000,-110.470917,-21.394072,-112.756332,-23.798418,-9.254789,1.568267
17.000000,-3.000000,107.000000,-106.315849,-15.306178,-108.319839,-18.256489,-8.906696,1.122001
18.000000,-5.000000,110.000000,-98.636269,-8.430386,-102.587868,-11.683154,-8.263333,0.617980
22.000000,-3.000000,118.000000,-89.947235,-3.670037,-94.205124,-5.720167,-7.535401,0.269028
16.000000,-1.000000,109.000000,-75.906868,2.369021,-83.190552,-0.694361,-6.359159,-0.173658
14.000000,-1.000000,120.000000,-58.121414,7.712153,-66.551575,5.465718,-4.869168,-0.565330
10.000000,0.000000,122.000000,-40.199329,9.402798,-48.718517,8.768691,-3.367731,-0.689261
8.000000,3.000000,125.000000,-19.003695,11.238423,-29.389822,10.213938,-1.592050,-0.823819
4.000000,1.000000,123.000000,6.663689,15.836802,-5.812476,13.298338,0.558256,-1.160898
-1.000000,4.000000,116.000000,35.189053,24.465521,21.817913,20.232265,2.947991,-1.793416
-5.000000,4.000000,112.000000,59.657631,31.012249,48.746098,28.288065,4.997866,-2.273316
-11.000000,7.000000,107.000000,77.951653,34.564709,69.652534,32.828449,6.530462,-2.533725
-21.000000,8.000000,117.000000,96.994911,42.785381,87.876022,38.338821,8.125827,-3.136332
-17.000000,7.000000,99.000000,114.043610,54.034557,106.251060,48.623199,9.554095,-3.960940
-21.000000,10.000000,91.000000,124.164040,61.604362,120.067909,58.740967,10.401942,-4.515835
-22.000000,11.000000,80.000000,125.831604,57.446404,125.619949,60.366997,10.541644,-4.211041
-23.000000,11.000000,81.000000,126.296150,49.594376,126.223778,53.372578,10.580562,-3.635458
-30.000000,12.000000,88.000000,121.512405,41.001900,124.202232,44.947319,10.179799,-3.005596
-22.000000,8.000000,78.000000,113.314743,34.062244,117.560181,37.184208,9.493033,-2.496893
-20.000000,4.000000,70.000000,99.407043,26.380058,106.488419,30.180292,8.327905,-1.933759
-17.000000,8.000000,73.000000,79.978851,16.905678,89.539200,21.517115,6.700292,-1.239251
-14.000000,4.000000,74.000000,56.945084,5.149254,67.776001,10.757944,4.770620,-0.377460
-11.000000,0.000000,83.000000,39.186489,-2.538483,46.826393,0.455390,3.282880,0.186080
-7.000000,0.000000,75.000000,28.038904,-5.490840,33.048759,-4.304914,2.348982,0.402500
-7.000000,0.000000,70.000000,18.074163,-7.566290,22.862200,-6.496442,1.514178,0.554638
-2.000000,-3.000000,74.000000,6.861530,-10.886628,12.250566,-9.194481,0.574830,0.798032
0.000000,-2.000000,75.000000,-4.164221,-13.772220,0.979159,-12.634674,-0.348861,1.009556
0.000000,-2.000000,89.000000,-11.558886,-12.452548,-8.358110,-13.429690,-0.968355,0.912819
1.000000,0.000000,74.000000,-16.119982,-9.099475,-14.180206,-10.837553,-1.350464,0.667026
4.000000,-4.000000,76.000000,-19.660591,-5.888329,-17.843693,-7.252452,-1.647082,0.431637
4.000000,-5.000000,73.000000,-23.952015,-3.338455,-21.872450,-4.593975,-2.006599,0.244722
3.000000,0.000000,73.000000,-28.024748,-0.854711,-26.215748,-2.075586,-2.347796,0.062654
6.000000,-1.000000,88.000000,-29.898623,2.100197,-29.170288,0.749784,-2.504781,-0.153952
7.000000,0.000000,76.000000,-29.417316,2.115116,-29.852985,2.425534,-2.464459,-0.155046
3.000000,0.000000,76.000000,-25.792406,-0.962851,-27.734711,0.684930,-2.160779,0.070581
5.000000,0.000000,75.000000,-20.654184,-6.081897,-23.093216,-3.521893,-1.730321,0.445826
6.000000,0.000000,79.000000,-16.289791,-11.863171,-18.280910,-9.250998,-1.364690,0.869616
3.000000,-2.000000,82.000000,-12.317773,-15.060203,-14.201406,-13.761543,-1.031931,1.103970
2.000000,-2.000000,80.000000,-8.223917,-16.224184,-10.177731,-15.813978,-0.688965,1.189295
0.000000,-4.000000,83.000000,-4.624341,-16.111412,-6.216043,-16.328197,-0.387408,1.181028
0.000000,-6.000000,80.000000,-2.141253,-14.339657,-3.122093,-15.235510,-0.179385,1.051152
0.000000,-4.000000,93.000000,-1.853007,-11.337168,-1.826703,-12.861029,-0.155237,0.831058
1.000000,-1.000000,90.000000,-2.842255,-6.561647,-2.243898,-8.965517,-0.238112,0.480994
0.000000,0.000000,77.000000,-4.324236,-1.286169,-3.594367,-3.755991,-0.362266,0.094281
0.000000,0.000000,77.000000,-5.522405,3.476576,-5.003579,1.270790,-0.462644,-0.254846
1.000000,0.000000,80.000000,-6.610501,7.051044,-6.074866,5.426381,-0.553800,-0.516869
1.000000,0.000000,94.000000,-7.667912,9.621325,-7.146562,8.465153,-0.642385,-0.705280
1.000000,1.000000,82.000000,-8.921561,10.799340,-8.325356,10.436991,-0.747411,-0.791633
2.000000,3.000000,79.000000,-10.050545,9.668958,-9.572540,10.352690,-0.841992,-0.708772
0.000000,1.000000,76.000000,-9.023084,7.835368,-9.707940,8.703682,-0.755916,-0.574362
3.000000,1.000000,79.000000,-6.414136,5.715968,-7.650646,6.779694,-0.537349,-0.419002
1.000000,2.000000,83.000000,-3.465584,3.546230,-4.820543,4.577046,-0.290332,-0.259952
0.000000,2.000000,77.000000,-1.469306,0.163274,-2.274740,1.893237,-0.123092,-0.011969
1.000000,0.000000,77.000000,-1.606923,-4.038002,-1.394135,-2.080656,-0.134621,0.296001
0.000000,-1.000000,79.000000,-2.403532,-6.843618,-1.975665,-5.653441,-0.201358,0.501663
0.000000,-2.000000,77.000000,-3.120795,-8.267181,-2.852438,-7.736481,-0.261447,0.606016
1.000000,-2.000000,89.000000,-2.751159,-7.685513,-2.979194,-8.023001,-0.230481,0.563377
2.000000,0.000000,76.000000,-1.860764,-7.218459,-2.262348,-7.356147,-0.155887,0.529141
1.000000,0.000000,77.000000,-1.066235,-7.111796,-1.476870,-7.257378,-0.089325,0.521322
0.000000,-2.000000,82.000000,0.170689,-5.788979,-0.445110,-6.484172,0.014300,0.424354
0.000000,0.000000,90.000000,0.668975,-4.504675,0.538260,-5.097406,0.056044,0.330210
0.000000,-1.000000,91.000000,0.564983,-3.184044,0.657472,-3.868750,0.047332,0.233403
0.000000,0.000000,79.000000,-0.287176,-1.987326,0.183475,-2.499675,-0.024058,0.145679
0.000000,0.000000,77.000000,-1.104141,-0.694761,-0.702281,-1.342767,-0.092500,0.050929
0.000000,0.000000,76.000000,-2.319416,0.614044,-1.760171,0.007020,-0.194311,-0.045012
0.000000,0.000000,88.000000,-3.410760,1.092443,-2.943264,0.983240,-0.285739,-0.080080
0.000000,0.000000,86.000000,-3.326070,0.047825,-3.441015,0.741319,-0.278644,-0.003506
1.000000,0.000000,79.000000,-1.838537,-2.295249,-2.659902,-1.186093,-0.154025,0.168251
0.000000,0.000000,79.000000,0.435305,-4.049823,-0.556891,-3.245780,0.036468,0.296868
0.000000,-1.000000,74.000000,0.623508,-6.704277,0.779030,-5.272466,0.052235,0.491449
0.000000,0.000000,94.000000,-0.747063,-10.710451,-0.058234,-8.764434,-0.062586,0.785117
0.000000,-2.000000,94.000000,-0.508677,-14.584755,-0.812463,-12.847186,-0.042615,1.069118
0.000000,-6.000000,81.000000,0.801387,-17.177443,0.186439,-16.073326,0.067137,1.259172
0.000000,-5.000000,79.000000,1.271875,-18.698479,1.076328,-18.128851,0.106552,1.370670
0.000000,-1.000000,88.000000,1.427215,-18.262388,1.383152,-18.633472,0.119566,1.338703
0.000000,-4.000000,97.000000,1.417088,-16.573542,1.422050,-17.394091,0.118718,1.214904
0.000000,-8.000000,93.000000,1.308956,-14.410023,1.400797,-15.518354,0.109659,1.056310
-1.000000,-3.000000,89.000000,0.426848,-11.023401,0.876993,-12.719595,0.035760,0.808058
0.000000,-1.000000,91.000000,-0.985053,-6.854269,-0.296949,-8.844417,-0.082524,0.502444
0.000000,0.000000,84.000000,-2.885669,-4.086475,-1.964217,-5.208543,-0.241749,0.299554
0.000000,0.000000,102.000000,-3.971439,-3.688313,-3.625100,-3.777489,-0.332710,0.270367
0.000000,-1.000000,91.000000,-3.402317,-4.144835,-3.690060,-3.852424,-0.285032,0.303832
1.000000,-2.000000,83.000000,-2.656504,-5.356154,-2.985511,-4.728436,-0.222551,0.392627
1.000000,-1.000000,92.000000,-2.187210,-6.653905,-2.408354,-6.033361,-0.183235,0.487757
0.000000,-2.000000,84.000000,-1.451044,-8.931250,-1.914706,-7.850330,-0.121562,0.654695
0.000000,-6.000000,103.000000,0.719152,-11.131566,-0.356248,-10.142689,0.060248,0.815986
0.000000,-1.000000,87.000000,2.539466,-12.280472,1.768064,-11.845306,0.212746,0.900206
0.000000,-1.000000,90.000000,3.390869,-12.111691,3.136714,-12.264541,0.284073,0.887833
-1.000000,-2.000000,92.000000,3.005195,-11.273373,3.224389,-11.747499,0.251763,0.826381
-1.000000,-3.000000,102.000000,2.902116,-8.717609,2.879380,-10.064448,0.243127,0.639034
-2.000000,-5.000000,102.000000,2.316283,-5.402835,2.688204,-6.950362,0.194048,0.396048
0.000000,-1.000000,94.000000,1.005360,-2.328555,1.693280,-3.722366,0.084225,0.170692
0.000000,0.000000,93.000000,-1.170373,-0.841452,-0.156701,-1.388922,-0.098049,0.061682
0.000000,0.000000,89.000000,-1.908949,0.245864,-1.690367,-0.213459,-0.159924,-0.018023
0.000000,-2.000000,103.000000,-1.283808,0.649054,-1.642179,0.510344,-0.107552,-0.047578
0.000000,0.000000,101.000000,-0.188892,0.538546,-0.693222,0.661454,-0.015825,-0.039477
0.000000,0.000000,90.000000,0.610348,0.036301,0.290369,0.321639,0.051132,-0.002661
0.000000,1.000000,93.000000,0.942172,-0.489981,0.811496,-0.176910,0.078931,0.035917
0.000000,0.000000,93.000000,0.922849,-0.951166,0.966485,-0.689517,0.077312,0.069724
0.000000,-2.000000,106.000000,1.021663,-1.051028,0.897032,-1.093645,0.085591,0.077044
-1.000000,0.000000,96.000000,0.748494,-0.886576,1.054472,-0.835765,0.062706,0.064989
0.000000,0.000000,92.000000,-0.045751,-1.136340,0.262060,-1.097558,-0.003833,0.083298
0.000000,0.000000,94.000000,0.206374,-0.799096,0.071507,-0.996233,0.017289,0.058577
0.000000,0.000000,92.000000,0.246416,-0.865792,0.275540,-0.769002,0.020644,0.063466
0.000000,0.000000,106.000000,0.251023,-1.077254,0.260408,-0.995898,0.021030,0.078967
0.000000,0.000000,102.000000,-0.416064,-1.959388,-0.119656,-1.560020,-0.034856,0.143631
0.000000,0.000000,95.000000,-0.359082,-2.128139,-0.390370,-2.111929,-0.030082,0.156001
0.000000,-1.000000,90.000000,-0.079640,-1.884127,-0.276217,-2.086002,-0.006672,0.138114
0.000000,0.000000,95.000000,0.081545,-1.704094,0.064799,-1.723358,0.006832,0.124917
0.000000,0.000000,106.000000,0.204828,-2.109297,0.158487,-1.859546,0.017160,0.154620
0.000000,0.000000,101.000000,0.527441,-2.320707,0.388545,-2.304744,0.044187,0.170117
0.000000,0.000000,93.000000,1.093589,-1.803497,0.859411,-2.078722,0.091616,0.132203
0.000000,0.000000,94.000000,1.634504,-0.809778,1.362063,-1.252719,0.136932,0.059360
-1.000000,0.000000,95.000000,1.754012,-0.083427,1.742146,-0.387844,0.146944,0.006115
0.000000,0.000000,104.000000,1.430212,0.242761,1.534848,0.087258,0.119817,-0.017795
0.000000,0.000000,98.000000,1.307238,0.671568,1.392284,0.517930,0.109515,-0.049228
0.000000,0.000000,94.000000,0.851856,0.975647,1.134865,0.809439,0.071365,-0.071519
0.000000,0.000000,95.000000,0.281817,1.151260,0.571172,1.059035,0.023609,-0.084392
0.000000,0.000000,94.000000,-0.322702,1.217178,0.030653,1.235134,-0.027035,-0.089224
0.000000,0.000000,106.000000,-1.045099,0.817889,-0.749800,1.019156,-0.087554,-0.059954
0.000000,0.000000,99.000000,-0.931797,0.342964,-1.040795,0.575978,-0.078062,-0.025141
0.000000,0.000000,89.000000,-0.600134,-0.058047,-0.733331,0.123812,-0.050277,0.004255
0.000000,0.000000,95.000000,-0.378072,-0.355812,-0.506983,-0.262536,-0.031673,0.026082
0.000000,0.000000,90.000000,-0.349686,-0.512325,-0.372260,-0.468221,-0.029295,0.037555
0.000000,0.000000,102.000000,-0.333422,-0.720781,-0.275360,-0.586760,-0.027933,0.052836
0.000000,0.000000,104.000000,-0.670010,-1.048909,-0.515206,-0.889852,-0.056131,0.076889
0.000000,0.000000,96.000000,-0.671034,-0.838930,-0.638488,-0.937766,-0.056216,0.061497
0.000000,0.000000,94.000000,-1.370515,-1.127876,-1.039370,-1.011300,-0.114816,0.082678
0.000000,0.000000,95.000000,-1.417966,-1.122195,-1.395957,-1.138174,-0.118791,0.082261
0.000000,0.000000,107.000000,-1.160458,-1.181163,-1.260477,-1.203864,-0.097218,0.086584
0.000000,0.000000,103.000000,-1.284347,-1.477459,-1.180147,-1.348258,-0.107597,0.108303
0.000000,0.000000,94.000000,-0.867540,-1.211979,-1.147683,-1.403453,-0.072679,0.088843
0.000000,0.000000,96.000000,0.445565,-0.318612,-0.216755,-0.793710,0.037328,0.023355
0.000000,0.000000,91.000000,1.766613,0.909588,1.125335,0.291719,0.147999,-0.066676
1.000000,0.000000,97.000000,2.386930,1.860471,2.203445,1.474335,0.199967,-0.136380
0.000000,0.000000,99.000000,2.505577,2.279341,2.454884,2.116682,0.209907,-0.167084
-1.000000,0.000000,96.000000,2.417923,2.613047,2.405071,2.476337,0.202563,-0.191546
0.000000,0.000000,96.000000,2.166601,2.346122,2.377902,2.564853,0.181509,-0.171980
0.000000,0.000000,93.000000,0.857640,0.848845,1.510318,1.609015,0.071849,-0.062224
0.000000,0.000000,99.000000,-0.020369,-0.528955,0.301395,0.099399,-0.001706,0.038774
0.000000,0.000000,99.000000,0.466201,-1.115716,0.152491,-0.914943,0.039056,0.081786
0.000000,0.000000,94.000000,0.907666,-1.681123,0.790183,-1.342834,0.076040,0.123233
0.000000,0.000000,92.000000,1.114809,-1.915461,0.992992,-1.902308,0.093394,0.140411
0.000000,0.000000,94.000000,1.859928,-0.868244,1.503941,-1.400621,0.155817,0.063646
-1.000000,0.000000,99.000000,3.155931,0.853786,2.525370,-0.036503,0.264391,-0.062586
0.000000,0.000000,98.000000,3.402676,1.984174,3.412198,1.544570,0.285062,-0.145448
-1.000000,0.000000,98.000000,3.044137,2.903782,3.245303,2.420587,0.255025,-0.212858
0.000000,0.000000,86.000000,1.789372,4.056815,2.492387,3.520640,0.149906,-0.297380
0.000000,3.000000,91.000000,0.463585,6.086956,1.017106,5.009093,0.038837,-0.446197
0.000000,0.000000,98.000000,-1.145847,8.262987,-0.288304,7.359090,-0.095994,-0.605709
0.000000,2.000000,96.000000,-3.072124,9.258407,-2.192472,8.890142,-0.257370,-0.678677
0.000000,1.000000,89.000000,-4.308035,9.516326,-3.879077,9.348615,-0.360909,-0.697583
0.000000,2.000000,86.000000,-3.686367,10.306056,-4.012412,9.915728,-0.308828,-0.755473
2.000000,1.000000,91.000000,-2.559730,10.372849,-3.148044,10.490541,-0.214443,-0.760369
0.000000,1.000000,97.000000,-0.461968,8.427981,-1.548372,9.483781,-0.038702,-0.617803
0.000000,1.000000,97.000000,1.579172,5.113623,0.745144,6.802330,0.132296,-0.374848
0.000000,1.000000,88.000000,2.042712,1.051999,2.072006,2.900249,0.171130,-0.077116
0.000000,0.000000,92.000000,0.866199,-1.797173,1.392838,-0.666142,0.072566,0.131740
0.000000,0.000000,102.000000,0.212989,-2.152349,0.518161,-2.070564,0.017843,0.157775
0.000000,0.000000,96.000000,-0.936342,-1.473965,-0.408059,-1.903458,-0.078443,0.108047
0.000000,0.000000,90.000000,-2.136048,-0.232119,-1.538964,-0.762862,-0.178949,0.017015
0.000000,0.000000,88.000000,-2.283540,0.103426,-2.381798,-0.007953,-0.191305,-0.007581
3.000000,0.000000,89.000000,-1.608365,-0.458779,-1.963849,-0.142074,-0.134742,0.033630
3.000000,0.000000,107.000000,-0.921052,-1.364683,-1.162233,-0.886107,-0.077162,0.100036
0.000000,2.000000,100.000000,-0.517438,-3.054814,-0.728130,-2.272016,-0.043349,0.223930
1.000000,-1.000000,95.000000,1.147460,-4.075667,0.287175,-3.733881,0.096129,0.298762
0.000000,0.000000,90.000000,0.707117,-5.001132,1.408716,-4.374442,0.059239,0.366602
0.000000,0.000000,97.000000,-2.531253,-5.706608,-1.077649,-5.610468,-0.212058,0.418316
0.000000,-1.000000,108.000000,-2.954309,-2.968434,-2.910390,-4.372184,-0.247500,0.217598
0.000000,-2.000000,100.000000,-4.144560,-1.563108,-3.912659,-2.437292,-0.347214,0.114582
0.000000,-1.000000,97.000000,0.723812,1.611760,-0.584860,1.752004,0.060638,-0.118148
0.000000,2.000000,91.000000,-0.810880,-3.932820,-0.478831,-1.927954,-0.067932,0.288291
0.000000,-5.000000,88.000000,-0.194676,-6.617785,-0.572903,-5.462877,-0.016309,0.485109
-4.000000,-9.000000,106.000000,1.542079,-7.778879,0.549903,-7.303464,0.129189,0.570222
-4.000000,-9.000000,103.000000,4.084238,-9.399402,2.767925,-8.653809,0.342160,0.689012
0.000000,-2.000000,104.000000,9.036238,-10.230295,6.433801,-10.054145,0.757018,0.749920
-2.000000,-1.000000,93.000000,14.402288,-9.415724,12.063101,-9.776292,1.206563,0.690209
-3.000000,0.000000,94.000000,16.665140,-9.733735,15.786052,-9.662300,1.396135,0.713520
0.000000,-2.000000,110.000000,15.622022,-10.148903,16.365601,-9.972746,1.308747,0.743953
0.000000,0.000000,110.000000,12.602612,-9.932693,14.274023,-10.027923,1.055794,0.728104
0.000000,-7.000000,99.000000,8.567744,-9.606697,10.114275,-10.219089,0.717770,0.704208
-1.000000,-4.000000,99.000000,10.570297,-2.499570,9.092772,-6.473435,0.885535,0.183228
-1.000000,0.000000,105.000000,10.713968,5.436946,11.582985,2.063427,0.897571,-0.398549
0.000000,0.000000,115.000000,0.749572,7.995940,5.721399,6.957043,0.062796,-0.586133
6.000000,3.000000,109.000000,-7.992911,9.653667,-4.584737,8.789276,-0.669613,-0.707651
8.000000,-4.000000,114.000000,-10.048868,10.992700,-9.200430,10.870010,-0.841852,-0.805807
8.000000,-4.000000,105.000000,-13.862961,6.158201,-11.710096,8.889328,-1.161381,-0.451420
4.000000,0.000000,102.000000,-21.231718,-2.778681,-17.964634,1.230533,-1.778704,0.203688
9.000000,-5.000000,123.000000,-20.800060,-3.509562,-21.811234,-3.894368,-1.742542,0.257264
6.000000,-2.000000,131.000000,-15.076968,1.524312,-17.898052,-1.113718,-1.263085,-0.111738
8.000000,-1.000000,113.000000,-12.556656,5.878240,-13.138571,4.014022,-1.051944,-0.430897
1.000000,0.000000,114.000000,-13.772334,13.688276,-13.073010,9.300982,-1.153788,-1.003403
0.000000,3.000000,110.000000,-17.844318,24.520828,-15.793803,19.764431,-1.494922,-1.797471
15.000000,0.000000,124.000000,-23.199657,29.038628,-20.682554,27.501837,-1.943570,-2.128643
19.000000,4.000000,119.000000,-20.990812,28.395267,-22.869804,29.431665,-1.758522,-2.081482
8.000000,5.000000,108.000000,-12.405689,15.045073,-16.974022,22.229679,-1.039297,-1.102861
5.000000,4.000000,96.000000,3.051666,-3.782062,-4.620231,5.053558,0.255656,0.277240
-2.000000,0.000000,100.000000,21.567310,-14.860926,13.338478,-10.546729,1.806819,1.089363
-9.000000,16.000000,123.000000,28.026814,-19.047281,26.196299,-17.656918,2.347969,1.396239
-4.000000,-1.000000,120.000000,22.416637,-18.769964,25.979700,-18.918316,1.877972,1.375910
-7.000000,-5.000000,110.000000,12.631463,-16.217899,17.585489,-17.346704,1.058211,1.188834
0.000000,-4.000000,108.000000,-1.821685,-14.433088,4.804581,-15.858522,-0.152613,1.058001
2.000000,0.000000,100.000000,-8.109927,-2.539321,-5.967258,-8.897364,-0.679416,0.186142
-9.000000,-2.000000,122.000000,-7.105529,13.405733,-7.989964,5.985236,-0.595271,-0.982691
2.000000,-24.000000,118.000000,-5.790638,21.963511,-6.289520,19.014439,-0.485115,-1.610009
2.000000,2.000000,105.000000,-5.137031,18.184811,-5.105268,21.072136,-0.430359,-1.333016
2.000000,5.000000,94.000000,-1.083194,13.764322,-3.623256,15.336375,-0.090745,-1.008978
17.000000,13.000000,91.000000,4.743178,4.007681,1.994490,9.885997,0.397364,-0.293778
2.000000,0.000000,105.000000,15.723963,-14.137679,9.855169,-5.757613,1.317288,1.036346
6.000000,-3.000000,108.000000,29.334280,-30.306061,23.092735,-23.332941,2.457503,2.221550
1.000000,-3.000000,102.000000,35.180374,-35.771492,33.584618,-34.366318,2.947264,2.622187
-8.000000,-6.000000,93.000000,28.123060,-37.038422,32.219200,-37.255196,2.356032,2.715058
-11.000000,-7.000000,107.000000,14.643690,-26.334238,21.365332,-31.972553,1.226787,1.930400
-1.000000,-10.000000,120.000000,1.808486,-3.821912,7.920483,-15.113980,0.151507,0.280161
-3.000000,0.000000,114.000000,-9.830755,15.414321,-4.881303,6.929923,-0.823579,-1.129929
0.000000,-6.000000,108.000000,-18.512794,22.695518,-14.060491,20.670254,-1.550924,-1.663669
4.000000,-1.000000,103.000000,-24.386150,25.811384,-22.974371,23.248928,-2.042969,-1.892073
11.000000,0.000000,102.000000,-23.092979,41.145287,-22.931841,34.598412,-1.934633,-3.016107
6.000000,10.000000,123.000000,-19.457735,42.931602,-22.275282,42.494678,-1.630087,-3.147051
4.000000,9.000000,124.000000,-6.472702,28.920860,-13.797342,37.283138,-0.542256,-2.120010
0.000000,1.000000,118.000000,4.497299,20.168337,0.043219,24.410330,0.376765,-1.478416
20.000000,-5.000000,112.000000,-6.221990,-18.647427,7.888430,-31.878384,-0.521252,1.366928
5.000000,-6.000000,111.000000,-8.218439,8.361115,-5.704509,3.471404,-0.688506,-0.612902
0.000000,2.000000,116.000000,-0.818365,-1.851212,-2.453577,-4.571393,-0.068559,0.135701
-1.000000,4.000000,123.000000,-1.306928,-1.113233,-0.980907,-0.303393,-0.109489,0.081604
-2.000000,4.000000,119.000000,-1.214356,-1.798943,-0.750021,-0.651123,-0.101734,0.131869
-1.000000,2.000000,116.000000,-2.429607,-3.258238,-1.771714,-1.920287,-0.203542,0.238841
-1.000000,0.000000,114.000000,-10.638814,-14.406816,-6.765954,-9.360000,-0.891275,1.056075
1.000000,-3.000000,110.000000,-13.456129,-18.561481,-15.879061,-21.193043,-1.127298,1.360628
4.000000,-4.000000,129.000000,0.911761,0.870488,-3.651793,-5.999024,0.076384,-0.063810
0.000000,0.000000,125.000000,-14.412999,-20.298254,-7.481531,-10.829100,-1.207461,1.487940
0.000000,-2.000000,117.000000,0.538840,0.521477,-8.758694,-12.103971,0.045142,-0.038226
0.000000,0.000000,117.000000,-0.740273,-0.892602,3.307154,4.383109,-0.062017,0.065431
0.000000,1.000000,115.000000,-4.561877,-6.038292,-5.740600,-7.532885,-0.382175,0.442630
1.000000,-1.000000,132.000000,6.834251,8.991893,3.285799,4.346417,0.572545,-0.659140
-1.000000,1.000000,121.000000,-3.096869,-3.622130,1.347920,2.099404,-0.259443,0.265516
1.000000,-1.000000,116.000000,7.035832,9.833268,1.041548,1.941121,0.589432,-0.720816
0.000000,0.000000,117.000000,4.416891,6.319504,7.626906,10.619205,0.370029,-0.463244
0.000000,0.000000,120.000000,4.610763,6.850292,2.404347,3.795039,0.386270,-0.502153
0.000000,0.000000,124.000000,11.071436,15.576018,9.545736,13.484072,0.927518,-1.141782
-1.000000,1.000000,121.000000,5.741839,8.541513,7.609259,11.036290,0.481027,-0.626126
0.000000,0.000000,120.000000,12.810259,18.371368,9.425505,13.484265,1.073190,-1.346692
0.000000,0.000000,113.000000,-0.751543,1.884340,4.615548,7.384202,-0.062961,-0.138129
1.000000,-1.000000,118.000000,-3.248656,-6.094923,0.819425,0.380218,-0.272159,0.446781
0.000000,0.000000,122.000000,-4.137434,-4.815628,-3.186614,-4.702360,-0.346617,0.353004
0.000000,0.000000,119.000000,-2.770374,-2.825599,-4.520743,-5.899718,-0.232090,0.207127
0.000000,0.000000,114.000000,0.065317,0.738365,-0.519412,-0.468376,0.005472,-0.054125
0.000000,0.000000,120.000000,-1.518269,-1.790626,-1.204832,-1.661183,-0.127194,0.131260
0.000000,0.000000,121.000000,3.319798,4.818734,0.963760,1.339488,0.278119,-0.353232
0.000000,0.000000,120.000000,2.353257,3.806884,3.359147,4.986022,0.197146,-0.279059
0.000000,0.000000,118.000000,3.530908,5.598746,3.060794,4.784032,0.295805,-0.410410
0.000000,0.000000,114.000000,0.053157,-0.391295,0.735970,1.024377,0.004453,0.028683
0.000000,0.000000,113.000000,-2.236361,-3.301305,-0.623731,-1.156829,-0.187353,0.241998
0.000000,0.000000,123.000000,-1.796408,-2.061517,-1.970282,-2.580669,-0.150495,0.151117
0.000000,0.000000,118.000000,-0.247732,-0.115560,-1.141233,-1.283065,-0.020754,0.008471
0.000000,0.000000,114.000000,0.159337,0.042513,0.039415,0.059919,0.013349,-0.003116
-1.000000,0.000000,114.000000,1.632963,2.351027,1.017684,1.449804,0.136803,-0.172339
0.000000,0.000000,114.000000,1.366610,2.247872,1.526814,2.450346,0.114489,-0.164778
0.000000,0.000000,119.000000,0.078826,0.103415,0.664965,1.142897,0.006604,-0.007581
0.000000,0.000000,121.000000,-0.919983,-1.312918,-0.290092,-0.518137,-0.077072,0.096242
0.000000,0.000000,119.000000,-1.076036,-1.298062,-1.161958,-1.560783,-0.090146,0.095153
0.000000,0.000000,114.000000,-0.286777,-0.207632,-0.645393,-0.716432,-0.024025,0.015220
0.000000,0.000000,114.000000,0.514083,0.750061,0.117793,0.223389,0.043068,-0.054982
0.000000,0.000000,120.000000,0.892546,1.380213,0.764492,1.114851,0.074774,-0.101175
0.000000,0.000000,118.000000,0.420274,0.834002,0.793330,1.337482,0.035209,-0.061136
0.000000,0.000000,120.000000,-0.111382,-0.193638,0.109728,0.276468,-0.009331,0.014194
0.000000,0.000000,110.000000,-0.730229,-1.002694,-0.513503,-0.791873,-0.061176,0.073501
0.000000,0.000000,115.000000,-0.490682,-0.576773,-0.686814,-0.905755,-0.041107,0.042280
0.000000,0.000000,119.000000,0.058291,0.236153,-0.139960,-0.075930,0.004883,-0.017311
0.000000,0.000000,121.000000,0.553087,0.822138,0.353040,0.612408,0.046335,-0.060266
0.000000,0.000000,117.000000,0.511022,0.868624,0.574699,0.899679,0.042811,-0.063673
0.000000,0.000000,118.000000,-0.023133,0.173776,0.210165,0.480631,-0.001938,-0.012738
0.000000,0.000000,116.000000,-1.285592,-1.687918,-0.569844,-0.746288,-0.107701,0.123731
0.000000,0.000000,114.000000,0.303210,0.423509,-0.154293,-0.176792,0.025402,-0.031045
0.000000,0.000000,112.000000,0.437911,0.780464,-0.222238,-0.250945,0.036686,-0.057211
0.000000,0.000000,121.000000,-0.148219,-0.013653,0.394277,0.761261,-0.012417,0.001001
0.000000,0.000000,110.000000,0.353624,0.478989,0.343862,0.606865,0.029625,-0.035112
0.000000,0.000000,113.000000,0.219958,0.406998,-0.024481,-0.027934,0.018427,-0.029835
0.000000,0.000000,123.000000,-0.224138,-0.192849,0.025241,0.218895,-0.018777,0.014137
0.000000,0.000000,120.000000,-0.475257,-0.613912,-0.161978,-0.130311,-0.039815,0.045002
0.000000,0.000000,118.000000,-0.153004,-0.074182,-0.445225,-0.570462,-0.012818,0.005438
0.000000,0.000000,113.000000,-0.024505,0.146405,-0.185431,-0.192149,-0.002053,-0.010732
0.000000,0.000000,113.000000,0.209891,0.437017,0.284835,0.550087,0.017584,-0.032035
0.000000,0.000000,124.000000,0.393227,0.671901,0.345622,0.635492,0.032943,-0.049253
0.000000,0.000000,124.000000,0.020023,0.131409,0.085076,0.212211,0.001677,-0.009633
0.000000,0.000000,113.000000,-0.307217,-0.388474,-0.143473,-0.097043,-0.025737,0.028477
0.000000,0.000000,112.000000,-0.254998,-0.267539,-0.275616,-0.279032,-0.021363,0.019612
0.000000,0.000000,119.000000,0.094627,0.175665,-0.088117,-0.049371,0.007927,-0.012877
0.000000,0.000000,122.000000,0.252794,0.456073,0.150189,0.331053,0.021178,-0.033432
0.000000,0.000000,119.000000,0.196635,0.370805,0.264387,0.526376,0.016473,-0.027181
0.000000,0.000000,120.000000,0.046834,0.090141,0.073740,0.225780,0.003924,-0.006608
0.000000,0.000000,116.000000,-0.210520,-0.233100,-0.129479,-0.110640,-0.017636,0.017087
0.000000,0.000000,119.000000,-0.179997,-0.127609,-0.208732,-0.181449,-0.015079,0.009354
0.000000,0.000000,120.000000,0.031393,0.146472,-0.048931,0.060272,0.002630,-0.010737
0.000000,0.000000,119.000000,0.151237,0.364466,0.125119,0.285188,0.012670,-0.026717
0.000000,0.000000,111.000000,0.090264,0.281644,0.139406,0.335457,0.007562,-0.020646
1.000000,0.000000,114.000000,-0.074993,0.061849,0.014184,0.165666,-0.006283,-0.004534
0.000000,0.000000,111.000000,-0.148610,-0.153965,-0.106326,-0.053601,-0.012450,0.011286
0.000000,0.000000,120.000000,-0.076600,-0.066658,-0.142072,-0.119936,-0.006417,0.004886
0.000000,0.000000,119.000000,0.033774,0.188731,-0.008306,0.099215,0.002829,-0.013835
0.000000,0.000000,118.000000,0.153413,0.290632,0.124474,0.278816,0.012852,-0.021304
0.000000,0.000000,113.000000,0.044762,0.156589,0.096755,0.212573,0.003750,-0.011479
0.000000,0.000000,118.000000,-0.076466,0.014656,-0.035896,0.075675,-0.006406,-0.001074
0.000000,0.000000,115.000000,-0.099239,-0.069604,-0.094643,-0.013173,-0.008314,0.005102
0.000000,0.000000,116.000000,-0.042805,0.072347,-0.080792,-0.045001,-0.003586,-0.005303
0.000000,0.000000,116.000000,0.076613,0.206864,0.023169,0.124566,0.006418,-0.015164
0.000000,0.000000,108.000000,0.061695,0.248167,0.082481,0.265924,0.005169,-0.018192
0.000000,0.000000,114.000000,0.028340,0.118602,0.039214,0.171826,0.002374,-0.008694
0.000000,0.000000,118.000000,-0.064624,0.005790,-0.009844,0.039495,-0.005414,-0.000424
0.000000,0.000000,116.000000,-0.088920,0.011258,-0.078670,0.000445,-0.007449,-0.000825
0.000000,0.000000,118.000000,0.024219,0.089223,-0.026218,0.058333,0.002029,-0.006540
0.000000,0.000000,120.000000,0.071810,0.164344,0.045418,0.165375,0.006016,-0.012047
0.000000,0.000000,114.000000,0.009812,0.201990,0.082035,0.264491,0.000822,-0.014807
0.000000,0.000000,117.000000,-0.035160,0.236101,0.009666,0.079217,-0.002946,-0.017307
0.000000,0.000000,118.000000,-0.008152,-0.003767,-0.049013,0.017539,-0.000683,0.000276
0.000000,0.000000,113.000000,-0.078028,-0.036865,-0.056701,-0.005520,-0.006537,0.002702
0.000000,0.000000,113.000000,0.037323,0.117063,0.012170,0.125776,0.003127,-0.008581
0.000000,0.000000,118.000000,0.051572,0.224737,0.022954,0.162326,0.004321,-0.016474
0.000000,0.000000,122.000000,0.029790,0.173085,0.013229,0.121873,0.002496,-0.012688
0.000000,0.000000,115.000000,-0.040585,0.043106,-0.020577,0.105676,-0.003400,-0.003160
0.000000,0.000000,111.000000,-0.048260,0.026831,-0.033256,0.071742,-0.004043,-0.001967
0.000000,0.000000,116.000000,0.033761,0.144991,-0.035327,0.069797,0.002828,-0.010628
0.000000,0.000000,114.000000,-0.026155,0.166532,0.009427,0.114156,-0.002191,-0.012207
0.000000,0.000000,110.000000,0.005850,0.129628,0.017108,0.149302,0.000490,-0.009502
0.000000,0.000000,117.000000,-0.009246,0.118854,-0.004355,0.125783,-0.000775,-0.008712
0.000000,0.000000,113.000000,0.008256,0.060652,-0.033850,0.086349,0.000692,-0.004446
0.000000,0.000000,114.000000,-0.033781,0.060526,0.006112,0.064570,-0.002830,-0.004437
0.000000,0.000000,119.000000,-0.029455,0.098518,0.001811,0.097037,-0.002468,-0.007222
0.000000,0.000000,116.000000,-0.013317,0.114218,0.009294,0.112321,-0.001116,-0.008373
0.000000,0.000000,113.000000,0.000194,0.064774,0.013530,0.115992,0.000016,-0.004748
-1.000000,0.000000,112.000000,-0.026847,0.039601,-0.006772,0.064109,-0.002249,-0.002903
0.000000,0.000000,119.000000,-0.027886,0.075730,-0.018148,0.077737,-0.002336,-0.005551
0.000000,0.000000,114.000000,0.044751,0.083478,-0.010040,0.086452,0.003749,-0.006119
0.000000,0.000000,115.000000,0.032060,0.134147,0.036103,0.108914,0.002686,-0.009833
0.000000,0.000000,116.000000,0.027047,0.105576,0.019543,0.118223,0.002266,-0.007739
0.000000,0.000000,112.000000,-0.007708,0.077525,-0.003035,0.098270,-0.000646,-0.005683
0.000000,0.000000,113.000000,-0.012533,0.049884,-0.045287,0.048831,-0.001050,-0.003657
0.000000,0.000000,119.000000,-0.043862,0.118176,-0.033129,0.100646,-0.003675,-0.008663
0.000000,0.000000,117.000000,0.007473,0.124885,-0.004613,0.114021,0.000626,-0.009155
0.000000,0.000000,113.000000,0.007873,0.078539,-0.000456,0.070680,0.000660,-0.005757
0.000000,0.000000,115.000000,-0.004557,0.103750,0.007673,0.107973,-0.000382,-0.007605
0.000000,0.000000,115.000000,-0.033419,0.082429,-0.028161,0.109261,-0.002800,-0.006042
0.000000,0.000000,114.000000,0.010441,0.046109,-0.003031,0.085488,0.000875,-0.003380
0.000000,0.000000,115.000000,0.002039,0.127691,-0.007873,0.104791,0.000171,-0.009360
0.000000,0.000000,115.000000,0.044955,0.084367,0.014357,0.102357,0.003766,-0.006184
0.000000,0.000000,114.000000,-0.039519,0.047745,0.016121,0.094703,-0.003311,-0.003500
0.000000,0.000000,114.000000,0.002179,0.080734,0.002508,0.092001,0.000183,-0.005918
0.000000,0.000000,116.000000,0.024013,0.135057,0.020115,0.109084,0.002012,-0.009900
0.000000,0.000000,115.000000,0.008627,0.098738,0.016882,0.101590,0.000723,-0.007238
0.000000,0.000000,116.000000,-0.018352,0.099886,-0.026056,0.107038,-0.001537,-0.007322
0.000000,0.000000,117.000000,-0.028663,0.107722,-0.010679,0.107000,-0.002401,-0.007896
0.000000,0.000000,115.000000,-0.030244,0.090988,-0.026030,0.079047,-0.002534,-0.006670
0.000000,0.000000,117.000000,0.007634,0.128206,-0.002379,0.089988,0.000640,-0.009398
0.000000,0.000000,121.000000,0.040655,0.090415,0.015169,0.114055,0.003406,-0.006628
0.000000,0.000000,117.000000,0.019971,0.103866,0.005247,0.111472,0.001673,-0.007614
0.000000,0.000000,120.000000,-0.021484,0.099659,-0.004128,0.104695,-0.001800,-0.007305
0.000000,0.000000,116.000000,0.044004,0.102893,-0.001382,0.106156,0.003686,-0.007542
0.000000,0.000000,114.000000,0.031763,0.115688,0.018200,0.094995,0.002661,-0.008480
0.000000,0.000000,117.000000,-0.001966,0.139903,0.009899,0.109456,-0.000165,-0.010255
0.000000,0.000000,114.000000,0.019114,0.084918,0.018785,0.119321,0.001601,-0.006225
0.000000,0.000000,116.000000,0.002807,0.083168,0.009569,0.094804,0.000235,-0.006097
0.000000,0.000000,109.000000,0.017616,0.119731,-0.008535,0.100807,0.001476,-0.008777
0.000000,0.000000,119.000000,0.049757,0.091213,0.002858,0.086718,0.004168,-0.006686
0.000000,0.000000,119.000000,-0.009111,0.048413,-0.020375,0.090984,-0.000763,-0.003549
0.000000,0.000000,119.000000,-0.013662,0.086926,-0.014841,0.097596,-0.001145,-0.006372
0.000000,0.000000,118.000000,0.024201,0.126291,-0.003760,0.116927,0.002027,-0.009258
0.000000,0.000000,110.000000,-0.026081,0.092079,-0.011152,0.093862,-0.002185,-0.006750
0.000000,0.000000,119.000000,-0.012017,0.076424,-0.026572,0.087919,-0.001007,-0.005602
0.000000,0.000000,122.000000,-0.038810,0.078291,-0.020381,0.099899,-0.003251,-0.005739
0.000000,0.000000,118.000000,0.013280,0.123167,0.015402,0.092161,0.001113,-0.009029
0.000000,0.000000,114.000000,-0.011069,0.092326,0.000713,0.090196,-0.000927,-0.006768
0.000000,0.000000,116.000000,-0.004190,0.093925,-0.014078,0.091697,-0.000351,-0.006885
0.000000,0.000000,116.000000,0.009190,0.117654,0.004301,0.097827,0.000770,-0.008624
0.000000,0.000000,118.000000,-0.017848,0.074489,-0.008422,0.101302,-0.001495,-0.005460
0.000000,0.000000,114.000000,0.023013,0.073441,0.008560,0.089052,0.001928,-0.005383
0.000000,0.000000,110.000000,0.018544,0.109519,-0.009305,0.110053,0.001554,-0.008028
0.000000,0.000000,112.000000,0.023939,0.113105,0.005175,0.086151,0.002005,-0.008291
0.000000,0.000000,121.000000,-0.014577,0.107501,-0.028740,0.086361,-0.001221,-0.007880
0.000000,0.000000,114.000000,0.006485,0.092362,0.016640,0.103897,0.000543,-0.006770
0.000000,0.000000,115.000000,0.001261,0.102690,0.000414,0.060006,0.000106,-0.007528
0.000000,0.000000,111.000000,0.030278,0.087194,0.001134,0.085215,0.002537,-0.006392
0.000000,0.000000,111.000000,0.018580,0.080095,0.003621,0.094623,0.001557,-0.005871
0.000000,0.000000,116.000000,0.042498,0.126427,0.009330,0.110543,0.003560,-0.009268
0.000000,0.000000,116.000000,-0.004229,0.068296,0.019748,0.079870,-0.000354,-0.005006
0.000000,0.000000,111.000000,0.001765,0.107223,-0.002166,0.086819,0.000148,-0.007860
0.000000,0.000000,120.000000,-0.004217,0.107726,-0.010524,0.104424,-0.000353,-0.007897
0.000000,0.000000,114.000000,-0.012034,0.097947,-0.006483,0.076177,-0.001008,-0.007180
0.000000,0.000000,117.000000,0.019700,0.111819,-0.003156,0.082085,0.001650,-0.008197
0.000000,0.000000,117.000000,0.024901,0.136702,0.008802,0.096399,0.002086,-0.010021
0.000000,0.000000,116.000000,0.000019,0.059724,-0.009218,0.098443,0.000002,-0.004378
0.000000,0.000000,116.000000,-0.011365,0.062075,-0.008470,0.078966,-0.000952,-0.004550
0.000000,0.000000,108.000000,-0.029068,0.139129,-0.006981,0.097572,-0.002435,-0.010199
0.000000,0.000000,115.000000,-0.041134,0.144974,0.004151,0.117198,-0.003446,-0.010627
0.000000,0.000000,122.000000,-0.018130,0.102328,-0.001103,0.114702,-0.001519,-0.007501
0.000000,0.000000,117.000000,0.004157,0.084694,-0.001663,0.111908,0.000348,-0.006208
0.000000,0.000000,108.000000,0.030006,0.079037,0.013445,0.098393,0.002514,-0.005794
0.000000,0.000000,114.000000,-0.067251,0.126181,-0.024045,0.126509,-0.005634,-0.009250
0.000000,0.000000,114.000000,-0.038707,0.120207,-0.014651,0.101625,-0.003243,-0.008812
0.000000,0.000000,120.000000,-0.002987,0.102452,-0.021403,0.103162,-0.000250,-0.007510
0.000000,0.000000,117.000000,-0.002404,0.101044,-0.013574,0.096191,-0.000201,-0.007407
0.000000,0.000000,116.000000,0.004628,0.073782,0.003383,0.092773,0.000388,-0.005408
0.000000,0.000000,117.000000,-0.000683,0.085361,-0.037350,0.090892,-0.000057,-0.006257
0.000000,0.000000,117.000000,-0.010101,0.094211,-0.015037,0.103390,-0.000846,-0.006906
0.000000,0.000000,118.000000,0.075049,0.072356,0.009928,0.091884,0.006287,-0.005304
0.000000,0.000000,118.000000,-0.014603,0.080655,-0.004343,0.092588,-0.001223,-0.005912
0.000000,0.000000,109.000000,-0.010645,0.103447,-0.023391,0.087463,-0.000892,-0.007583
0.000000,0.000000,115.000000,-0.039932,0.088304,0.001959,0.089849,-0.003345,-0.006473
0.000000,0.000000,118.000000,0.017591,0.109744,0.006949,0.094417,0.001474,-0.008045
0.000000,0.000000,117.000000,0.003888,0.104208,0.003654,0.088916,0.000326,-0.007639
