I0,I1,I2,I3,I4,I5,I6,I7,I8,I9
0.714,-1.642,4.213,-152.000,-56.000,43.000,-13.758,-35.356,-165.758,-91.356
0.713,-1.607,4.211,-152.000,-56.000,50.000,-13.465,-35.344,-165.465,-91.344
0.714,-1.577,4.199,-152.000,-56.000,53.000,-13.215,-35.238,-165.215,-91.238
0.713,-1.563,4.185,-152.000,-56.000,50.000,-13.099,-35.124,-165.099,-91.124
0.714,-1.553,4.173,-151.000,-56.000,51.000,-13.013,-35.024,-164.013,-91.024
0.713,-1.537,4.159,-151.000,-56.000,43.000,-12.882,-34.904,-163.882,-90.904
0.714,-1.537,4.133,-151.000,-56.000,46.000,-12.881,-34.688,-163.881,-90.688
0.715,-1.559,4.099,-151.000,-56.000,43.000,-13.063,-34.402,-164.063,-90.402
0.715,-1.591,4.060,-151.000,-56.000,43.000,-13.336,-34.072,-164.336,-90.072
0.716,-1.621,4.029,-151.000,-56.000,51.000,-13.587,-33.805,-164.587,-89.805
0.716,-1.640,4.010,-152.000,-56.000,53.000,-13.742,-33.649,-165.742,-89.649
0.715,-1.644,4.007,-152.000,-56.000,50.000,-13.776,-33.621,-165.776,-89.621
0.716,-1.649,4.006,-152.000,-56.000,41.000,-13.814,-33.615,-165.814,-89.615
0.715,-1.659,3.993,-151.000,-56.000,48.000,-13.904,-33.504,-164.904,-89.504
0.716,-1.690,3.959,-151.000,-56.000,47.000,-14.161,-33.222,-165.161,-89.222
0.714,-1.717,3.923,-151.000,-56.000,46.000,-14.392,-32.914,-165.392,-88.914
0.716,-1.726,3.893,-152.000,-57.000,47.000,-14.466,-32.667,-166.466,-89.667
0.716,-1.729,3.878,-152.000,-57.000,48.000,-14.487,-32.541,-166.487,-89.541
0.716,-1.729,3.876,-152.000,-57.000,51.000,-14.487,-32.522,-166.487,-89.522
0.716,-1.720,3.880,-152.000,-57.000,45.000,-14.415,-32.554,-166.415,-89.554
0.718,-1.709,3.900,-152.000,-57.000,46.000,-14.323,-32.720,-166.323,-89.720
0.717,-1.707,3.933,-152.000,-57.000,41.000,-14.304,-33.005,-166.304,-90.005
0.716,-1.710,3.955,-152.000,-57.000,46.000,-14.334,-33.182,-166.334,-90.182
0.714,-1.713,3.954,-152.000,-57.000,49.000,-14.359,-33.179,-166.359,-90.179
0.716,-1.720,3.943,-152.000,-57.000,53.000,-14.410,-33.085,-166.410,-90.085
0.717,-1.724,3.941,-152.000,-57.000,48.000,-14.448,-33.065,-166.448,-90.065
0.714,-1.713,3.959,-152.000,-57.000,44.000,-14.353,-33.220,-166.353,-90.220
0.713,-1.690,3.989,-152.000,-57.000,43.000,-14.162,-33.470,-166.162,-90.470
0.715,-1.667,4.024,-152.000,-57.000,39.000,-13.971,-33.770,-165.971,-90.770
0.713,-1.639,4.042,-152.000,-57.000,45.000,-13.732,-33.920,-165.732,-90.920
0.716,-1.612,4.026,-152.000,-57.000,46.000,-13.507,-33.781,-165.507,-90.781
0.716,-1.592,3.994,-152.000,-57.000,52.000,-13.343,-33.518,-165.343,-90.518
0.714,-1.578,3.966,-152.000,-57.000,50.000,-13.221,-33.278,-165.221,-90.278
0.714,-1.573,3.948,-152.000,-57.000,52.000,-13.183,-33.130,-165.183,-90.130
0.715,-1.583,3.945,-152.000,-57.000,38.000,-13.266,-33.103,-165.266,-90.103
0.716,-1.611,3.952,-152.000,-57.000,41.000,-13.498,-33.159,-165.498,-90.159
0.715,-1.649,3.958,-152.000,-57.000,41.000,-13.819,-33.211,-165.819,-90.211
0.714,-1.684,3.967,-152.000,-57.000,43.000,-14.109,-33.291,-166.109,-90.291
0.714,-1.699,3.995,-151.000,-57.000,50.000,-14.239,-33.526,-165.239,-90.526
0.714,-1.693,4.043,-151.000,-57.000,51.000,-14.186,-33.925,-165.186,-90.925
0.713,-1.673,4.100,-151.000,-57.000,52.000,-14.020,-34.409,-165.020,-91.409
0.711,-1.640,4.141,-151.000,-57.000,47.000,-13.742,-34.750,-164.742,-91.750
0.713,-1.613,4.161,-152.000,-57.000,43.000,-13.519,-34.924,-165.519,-91.924
0.712,-1.605,4.171,-152.000,-57.000,44.000,-13.450,-35.007,-165.450,-92.007
0.714,-1.603,4.172,-151.000,-57.000,50.000,-13.434,-35.010,-164.434,-92.010
0.711,-1.608,4.174,-151.000,-57.000,48.000,-13.478,-35.029,-164.478,-92.029
0.713,-1.621,4.170,-152.000,-57.000,49.000,-13.582,-34.997,-165.582,-91.997
0.711,-1.625,4.158,-152.000,-57.000,51.000,-13.618,-34.897,-165.618,-91.897
0.712,-1.628,4.142,-152.000,-57.000,37.000,-13.643,-34.764,-165.643,-91.764
0.713,-1.643,4.115,-152.000,-57.000,43.000,-13.765,-34.537,-165.765,-91.537
0.713,-1.666,4.074,-152.000,-57.000,43.000,-13.965,-34.185,-165.965,-91.185
0.717,-1.694,4.019,-152.000,-57.000,43.000,-14.194,-33.728,-166.194,-90.728
0.714,-1.721,3.968,-151.000,-57.000,47.000,-14.420,-33.296,-165.420,-90.296
0.715,-1.735,3.931,-151.000,-57.000,55.000,-14.543,-32.984,-165.543,-89.984
0.713,-1.735,3.935,-151.000,-57.000,51.000,-14.538,-33.016,-165.538,-90.016
0.714,-1.707,3.978,-151.000,-57.000,46.000,-14.307,-33.380,-165.307,-90.380
0.712,-1.665,4.034,-151.000,-57.000,48.000,-13.953,-33.853,-164.953,-90.853
0.711,-1.650,4.069,-151.000,-57.000,49.000,-13.824,-34.147,-164.824,-91.147
0.712,-1.672,4.072,-152.000,-57.000,42.000,-14.008,-34.173,-166.008,-91.173
0.713,-1.710,4.059,-152.000,-57.000,50.000,-14.329,-34.064,-166.329,-91.064
0.713,-1.746,4.041,-151.000,-57.000,51.000,-14.633,-33.913,-165.633,-90.913
0.711,-1.759,4.031,-151.000,-57.000,51.000,-14.737,-33.822,-165.737,-90.822
0.713,-1.740,4.036,-151.000,-57.000,45.000,-14.581,-33.870,-165.581,-90.870
0.712,-1.713,4.058,-151.000,-58.000,47.000,-14.352,-34.052,-165.352,-92.052
0.712,-1.691,4.076,-151.000,-58.000,43.000,-14.171,-34.207,-165.171,-92.207
0.715,-1.682,4.079,-151.000,-58.000,50.000,-14.097,-34.234,-165.097,-92.234
0.715,-1.684,4.069,-151.000,-58.000,48.000,-14.114,-34.148,-165.114,-92.148
0.713,-1.694,4.054,-151.000,-58.000,46.000,-14.193,-34.018,-165.193,-92.018
0.712,-1.701,4.048,-151.000,-58.000,52.000,-14.252,-33.965,-165.252,-91.965
0.713,-1.695,4.052,-151.000,-58.000,47.000,-14.201,-34.004,-165.201,-92.004
0.710,-1.678,4.063,-151.000,-58.000,40.000,-14.066,-34.093,-165.066,-92.093
0.712,-1.656,4.092,-151.000,-58.000,49.000,-13.878,-34.338,-164.878,-92.338
0.709,-1.623,4.140,-151.000,-58.000,46.000,-13.604,-34.741,-164.604,-92.741
0.711,-1.588,4.184,-151.000,-57.000,47.000,-13.311,-35.116,-164.311,-92.116
0.710,-1.568,4.202,-152.000,-57.000,50.000,-13.141,-35.266,-165.141,-92.266
0.712,-1.564,4.174,-152.000,-57.000,58.000,-13.104,-35.033,-165.104,-92.033
0.714,-1.572,4.110,-152.000,-57.000,49.000,-13.171,-34.488,-165.171,-91.488
0.711,-1.590,4.023,-152.000,-57.000,42.000,-13.327,-33.760,-165.327,-90.760
0.713,-1.622,3.935,-152.000,-57.000,47.000,-13.594,-33.017,-165.594,-90.017
0.712,-1.654,3.875,-151.000,-58.000,48.000,-13.860,-32.515,-164.860,-90.515
0.710,-1.667,3.854,-151.000,-58.000,46.000,-13.966,-32.336,-164.966,-90.336
0.713,-1.666,3.857,-152.000,-58.000,46.000,-13.960,-32.365,-165.960,-90.365
0.712,-1.672,3.863,-152.000,-58.000,51.000,-14.009,-32.408,-166.009,-90.408
0.713,-1.694,3.852,-152.000,-58.000,50.000,-14.192,-32.317,-166.192,-90.317
0.712,-1.734,3.827,-152.000,-60.000,43.000,-14.535,-32.111,-166.535,-92.111
0.714,-1.791,3.806,-153.000,-66.000,45.000,-15.006,-31.928,-168.006,-97.928
0.713,-1.839,3.789,-152.000,-66.000,45.000,-15.411,-31.785,-167.411,-97.785
0.715,-1.867,3.785,-152.000,-66.000,41.000,-15.643,-31.756,-167.643,-97.756
0.714,-1.876,3.800,-152.000,-66.000,46.000,-15.718,-31.879,-167.718,-97.879
0.713,-1.871,3.824,-152.000,-66.000,50.000,-15.682,-32.081,-167.682,-98.081
0.712,-1.865,3.842,-152.000,-66.000,56.000,-15.632,-32.238,-167.632,-98.238
0.714,-1.875,3.854,-152.000,-66.000,48.000,-15.710,-32.335,-167.710,-98.335
0.716,-1.896,3.840,-152.000,-65.000,42.000,-15.889,-32.216,-167.889,-97.216
0.715,-1.918,3.794,-152.000,-65.000,47.000,-16.071,-31.834,-168.071,-96.834
0.716,-1.937,3.738,-152.000,-65.000,47.000,-16.231,-31.358,-168.231,-96.358
0.717,-1.947,3.698,-150.000,-66.000,47.000,-16.317,-31.024,-166.317,-97.024
0.717,-1.936,3.682,-150.000,-66.000,49.000,-16.226,-30.891,-166.226,-96.891
0.716,-1.903,3.675,-152.000,-66.000,51.000,-15.947,-30.827,-167.947,-96.827
0.717,-1.858,3.682,-152.000,-66.000,50.000,-15.575,-30.889,-167.575,-96.889
0.718,-1.815,3.717,-151.000,-66.000,43.000,-15.209,-31.186,-166.209,-97.186
0.715,-1.786,3.770,-152.000,-66.000,43.000,-14.963,-31.630,-166.963,-97.630
0.715,-1.772,3.812,-152.000,-66.000,49.000,-14.849,-31.982,-166.849,-97.982
0.716,-1.770,3.828,-153.000,-66.000,47.000,-14.829,-32.119,-167.829,-98.119
0.717,-1.782,3.839,-154.000,-66.000,47.000,-14.934,-32.209,-168.934,-98.209
0.715,-1.799,3.856,-155.000,-66.000,52.000,-15.074,-32.352,-170.074,-98.352
0.715,-1.817,3.879,-155.000,-65.000,52.000,-15.223,-32.544,-170.223,-97.544
0.715,-1.837,3.907,-155.000,-65.000,43.000,-15.394,-32.781,-170.394,-97.781
0.713,-1.856,3.940,-155.000,-65.000,43.000,-15.555,-33.057,-170.555,-98.057
0.714,-1.875,3.975,-153.000,-64.000,46.000,-15.714,-33.351,-168.714,-97.351
0.713,-1.881,4.004,-154.000,-64.000,43.000,-15.761,-33.602,-169.761,-97.602
0.713,-1.865,4.015,-153.000,-63.000,49.000,-15.631,-33.694,-168.631,-96.694
0.713,-1.835,3.998,-153.000,-63.000,51.000,-15.375,-33.544,-168.375,-96.544
0.715,-1.804,3.972,-153.000,-63.000,53.000,-15.122,-33.331,-168.122,-96.331
0.715,-1.791,3.955,-153.000,-63.000,49.000,-15.005,-33.186,-168.005,-96.186
0.716,-1.783,3.942,-154.000,-64.000,43.000,-14.940,-33.074,-168.940,-97.074
0.715,-1.778,3.924,-153.000,-64.000,47.000,-14.903,-32.924,-167.903,-96.924
0.715,-1.781,3.912,-153.000,-64.000,49.000,-14.926,-32.821,-167.926,-96.821
0.713,-1.787,3.912,-153.000,-64.000,48.000,-14.980,-32.823,-167.980,-96.823
0.712,-1.797,3.915,-153.000,-64.000,49.000,-15.062,-32.851,-168.062,-96.851
0.714,-1.813,3.908,-153.000,-64.000,54.000,-15.195,-32.787,-168.195,-96.787
0.715,-1.848,3.887,-152.000,-64.000,47.000,-15.490,-32.613,-167.490,-96.613
0.713,-1.887,3.871,-152.000,-64.000,46.000,-15.817,-32.475,-167.817,-96.475
0.716,-1.905,3.854,-151.000,-64.000,42.000,-15.965,-32.336,-166.965,-96.336
0.715,-1.911,3.837,-151.000,-64.000,46.000,-16.019,-32.194,-167.019,-96.194
0.715,-1.919,3.826,-151.000,-64.000,45.000,-16.079,-32.097,-167.079,-96.097
0.716,-1.926,3.821,-151.000,-64.000,46.000,-16.142,-32.056,-167.142,-96.056
0.717,-1.919,3.819,-151.000,-64.000,54.000,-16.087,-32.039,-167.087,-96.039
0.716,-1.901,3.819,-151.000,-64.000,43.000,-15.929,-32.039,-166.929,-96.039
0.715,-1.876,3.819,-153.000,-64.000,39.000,-15.726,-32.039,-168.726,-96.039
0.714,-1.857,3.815,-153.000,-64.000,42.000,-15.563,-32.009,-168.563,-96.009
0.715,-1.843,3.823,-152.000,-65.000,42.000,-15.443,-32.072,-167.443,-97.072
0.715,-1.827,3.838,-153.000,-66.000,43.000,-15.314,-32.205,-168.314,-98.205
0.720,-1.806,3.848,-153.000,-66.000,51.000,-15.137,-32.285,-168.137,-98.285
0.719,-1.775,3.847,-153.000,-66.000,53.000,-14.877,-32.279,-167.877,-98.279
0.716,-1.743,3.840,-153.000,-66.000,46.000,-14.609,-32.219,-167.609,-98.219
0.717,-1.726,3.820,-153.000,-65.000,44.000,-14.464,-32.051,-167.464,-97.051
0.717,-1.735,3.780,-154.000,-64.000,45.000,-14.537,-31.712,-168.537,-95.712
0.717,-1.766,3.733,-154.000,-65.000,47.000,-14.796,-31.322,-168.796,-96.322
0.719,-1.800,3.690,-154.000,-66.000,43.000,-15.082,-30.955,-169.082,-96.955
0.717,-1.820,3.663,-154.000,-66.000,49.000,-15.255,-30.730,-169.255,-96.730
0.717,-1.827,3.661,-154.000,-66.000,52.000,-15.310,-30.709,-169.310,-96.709
0.718,-1.822,3.683,-154.000,-66.000,51.000,-15.265,-30.894,-169.265,-96.894
0.717,-1.811,3.701,-152.000,-66.000,44.000,-15.175,-31.051,-167.175,-97.051
0.718,-1.804,3.705,-152.000,-66.000,47.000,-15.119,-31.083,-167.119,-97.083
0.717,-1.806,3.689,-152.000,-66.000,43.000,-15.133,-30.947,-167.133,-96.947
0.715,-1.822,3.665,-154.000,-66.000,49.000,-15.267,-30.743,-169.267,-96.743
0.716,-1.845,3.638,-152.000,-66.000,51.000,-15.458,-30.523,-167.458,-96.523
0.714,-1.853,3.616,-152.000,-66.000,49.000,-15.530,-30.337,-167.530,-96.337
0.717,-1.836,3.622,-153.000,-66.000,54.000,-15.388,-30.384,-168.388,-96.384
0.716,-1.804,3.663,-153.000,-66.000,50.000,-15.121,-30.727,-168.121,-96.727
0.715,-1.778,3.713,-155.000,-66.000,47.000,-14.901,-31.151,-169.901,-97.151
0.716,-1.768,3.746,-156.000,-66.000,45.000,-14.818,-31.430,-170.818,-97.430
0.717,-1.773,3.752,-155.000,-66.000,46.000,-14.861,-31.479,-169.861,-97.479
0.716,-1.792,3.741,-156.000,-66.000,49.000,-15.013,-31.384,-171.013,-97.384
0.716,-1.819,3.724,-155.000,-65.000,51.000,-15.240,-31.242,-170.240,-96.242
0.716,-1.836,3.707,-154.000,-65.000,55.000,-15.382,-31.101,-169.382,-96.101
0.717,-1.836,3.698,-154.000,-65.000,49.000,-15.387,-31.026,-169.387,-96.026
0.719,-1.820,3.699,-153.000,-66.000,44.000,-15.251,-31.033,-168.251,-97.033
0.714,-1.794,3.708,-153.000,-66.000,40.000,-15.037,-31.105,-168.037,-97.105
0.715,-1.768,3.724,-154.000,-66.000,43.000,-14.817,-31.242,-168.817,-97.242
0.716,-1.744,3.744,-154.000,-66.000,43.000,-14.619,-31.413,-168.619,-97.413
0.714,-1.737,3.760,-154.000,-66.000,51.000,-14.556,-31.543,-168.556,-97.543
0.716,-1.754,3.756,-154.000,-66.000,51.000,-14.699,-31.511,-168.699,-97.511
0.714,-1.788,3.741,-154.000,-66.000,48.000,-14.987,-31.384,-168.987,-97.384
0.716,-1.816,3.730,-155.000,-66.000,42.000,-15.220,-31.291,-170.220,-97.291
0.714,-1.833,3.726,-155.000,-66.000,41.000,-15.359,-31.258,-170.359,-97.258
0.713,-1.839,3.732,-154.000,-66.000,45.000,-15.411,-31.311,-169.411,-97.311
0.715,-1.836,3.745,-154.000,-66.000,43.000,-15.386,-31.417,-169.386,-97.417
0.716,-1.828,3.758,-153.000,-66.000,49.000,-15.317,-31.528,-168.317,-97.528
0.715,-1.823,3.770,-153.000,-66.000,51.000,-15.280,-31.630,-168.280,-97.630
0.714,-1.829,3.763,-153.000,-66.000,55.000,-15.330,-31.571,-168.330,-97.571
0.714,-1.850,3.739,-153.000,-66.000,43.000,-15.503,-31.367,-168.503,-97.367
0.716,-1.877,3.709,-152.000,-66.000,45.000,-15.730,-31.114,-167.730,-97.114
0.714,-1.898,3.688,-150.000,-66.000,44.000,-15.910,-30.942,-165.910,-96.942
0.714,-1.903,3.680,-150.000,-66.000,45.000,-15.947,-30.872,-165.947,-96.872
0.714,-1.899,3.678,-150.000,-66.000,47.000,-15.911,-30.856,-165.911,-96.856
0.714,-1.901,3.676,-150.000,-66.000,51.000,-15.930,-30.835,-165.930,-96.835
0.716,-1.913,3.665,-151.000,-66.000,52.000,-16.029,-30.744,-167.029,-96.744
0.715,-1.930,3.653,-150.000,-66.000,47.000,-16.174,-30.646,-166.174,-96.646
0.713,-1.943,3.651,-150.000,-67.000,42.000,-16.284,-30.632,-166.284,-97.632
0.713,-1.937,3.675,-150.000,-67.000,42.000,-16.230,-30.832,-166.230,-97.832
0.717,-1.910,3.717,-150.000,-66.000,45.000,-16.004,-31.181,-166.004,-97.181
0.713,-1.875,3.762,-150.000,-66.000,49.000,-15.714,-31.558,-165.714,-97.558
0.716,-1.850,3.792,-151.000,-66.000,55.000,-15.500,-31.812,-166.500,-97.812
0.713,-1.835,3.800,-153.000,-66.000,49.000,-15.378,-31.878,-168.378,-97.878
0.715,-1.831,3.788,-154.000,-66.000,44.000,-15.346,-31.780,-169.346,-97.780
0.713,-1.833,3.777,-152.000,-67.000,44.000,-15.360,-31.684,-167.360,-98.684
0.713,-1.829,3.769,-152.000,-66.000,46.000,-15.324,-31.624,-167.324,-97.624
0.716,-1.815,3.771,-152.000,-66.000,43.000,-15.212,-31.638,-167.212,-97.638
0.716,-1.808,3.784,-152.000,-66.000,50.000,-15.149,-31.748,-167.149,-97.748
0.716,-1.809,3.807,-152.000,-66.000,51.000,-15.163,-31.940,-167.163,-97.940
0.714,-1.809,3.819,-152.000,-66.000,51.000,-15.160,-32.038,-167.160,-98.038
0.713,-1.816,3.809,-152.000,-66.000,42.000,-15.222,-31.961,-167.222,-97.961
0.714,-1.833,3.801,-152.000,-66.000,43.000,-15.359,-31.890,-167.359,-97.890
0.715,-1.839,3.795,-150.000,-67.000,46.000,-15.412,-31.843,-165.412,-98.843
0.715,-1.838,3.795,-150.000,-67.000,45.000,-15.405,-31.838,-165.405,-98.838
0.713,-1.839,3.807,-150.000,-67.000,45.000,-15.413,-31.938,-165.413,-98.938
0.713,-1.843,3.824,-150.000,-67.000,49.000,-15.443,-32.088,-165.443,-99.088
0.715,-1.845,3.836,-151.000,-67.000,54.000,-15.462,-32.185,-166.462,-99.185
0.712,-1.844,3.835,-151.000,-67.000,43.000,-15.453,-32.174,-166.453,-99.174
0.714,-1.845,3.822,-151.000,-67.000,42.000,-15.462,-32.068,-166.462,-99.068
0.714,-1.844,3.809,-150.000,-66.000,46.000,-15.455,-31.958,-165.455,-97.958
0.712,-1.843,3.803,-153.000,-66.000,46.000,-15.445,-31.911,-168.445,-97.911
0.713,-1.842,3.804,-153.000,-67.000,46.000,-15.433,-31.911,-168.433,-98.911
0.712,-1.841,3.805,-153.000,-67.000,46.000,-15.427,-31.920,-168.427,-98.920
0.714,-1.845,3.802,-153.000,-67.000,57.000,-15.463,-31.897,-168.463,-98.897
0.714,-1.865,3.788,-152.000,-67.000,50.000,-15.629,-31.784,-167.629,-98.784
0.714,-1.894,3.765,-151.000,-67.000,41.000,-15.871,-31.587,-166.871,-98.587
0.714,-1.911,3.738,-150.000,-66.000,41.000,-16.018,-31.360,-166.018,-97.360
0.714,-1.914,3.717,-150.000,-66.000,44.000,-16.037,-31.185,-166.037,-97.185
0.715,-1.907,3.699,-150.000,-66.000,47.000,-15.985,-31.036,-165.985,-97.036
0.715,-1.893,3.683,-150.000,-66.000,56.000,-15.864,-30.896,-165.864,-96.896
0.716,-1.877,3.675,-152.000,-67.000,49.000,-15.728,-30.827,-167.728,-97.827
0.715,-1.871,3.670,-152.000,-67.000,56.000,-15.676,-30.788,-167.676,-97.788
0.713,-1.876,3.666,-152.000,-67.000,43.000,-15.724,-30.755,-167.724,-97.755
0.712,-1.880,3.673,-151.000,-67.000,41.000,-15.758,-30.816,-166.758,-97.816
0.713,-1.879,3.702,-151.000,-67.000,45.000,-15.751,-31.054,-166.751,-98.054
0.712,-1.878,3.733,-150.000,-67.000,49.000,-15.737,-31.315,-165.737,-98.315
0.715,-1.881,3.759,-150.000,-67.000,47.000,-15.768,-31.535,-165.768,-98.535
0.714,-1.883,3.781,-150.000,-67.000,50.000,-15.777,-31.719,-165.777,-98.719
0.718,-1.882,3.801,-151.000,-67.000,54.000,-15.773,-31.892,-166.773,-98.892
0.716,-1.884,3.810,-152.000,-67.000,46.000,-15.787,-31.968,-167.787,-98.968
0.712,-1.894,3.811,-152.000,-67.000,42.000,-15.872,-31.977,-167.872,-98.977
0.714,-1.912,3.817,-152.000,-67.000,45.000,-16.023,-32.026,-168.023,-99.026
0.712,-1.920,3.831,-152.000,-67.000,45.000,-16.090,-32.143,-168.090,-99.143
0.712,-1.914,3.842,-151.000,-67.000,48.000,-16.042,-32.234,-167.042,-99.234
0.715,-1.897,3.832,-151.000,-67.000,50.000,-15.901,-32.149,-166.901,-99.149
0.714,-1.889,3.807,-151.000,-67.000,51.000,-15.829,-31.940,-166.829,-98.940
0.716,-1.890,3.774,-150.000,-67.000,41.000,-15.841,-31.665,-165.841,-98.665
0.713,-1.898,3.745,-150.000,-67.000,43.000,-15.910,-31.416,-165.910,-98.416
0.717,-1.903,3.730,-150.000,-67.000,43.000,-15.952,-31.291,-165.952,-98.291
0.717,-1.912,3.730,-150.000,-67.000,41.000,-16.028,-31.291,-166.028,-98.291
0.717,-1.925,3.740,-150.000,-67.000,54.000,-16.129,-31.379,-166.129,-98.379
0.716,-1.935,3.756,-150.000,-67.000,50.000,-16.214,-31.507,-166.214,-98.507
0.714,-1.936,3.772,-150.000,-67.000,47.000,-16.225,-31.646,-166.225,-98.646
0.711,-1.938,3.789,-150.000,-67.000,49.000,-16.238,-31.790,-166.238,-98.790
0.715,-1.944,3.803,-150.000,-67.000,43.000,-16.289,-31.907,-166.289,-98.907
0.713,-1.954,3.812,-150.000,-69.000,48.000,-16.372,-31.986,-166.372,-100.986
0.712,-1.960,3.816,-151.000,-69.000,44.000,-16.424,-32.019,-167.424,-101.019
0.713,-1.961,3.827,-150.000,-67.000,51.000,-16.435,-32.110,-166.435,-99.110
0.714,-1.958,3.849,-150.000,-66.000,50.000,-16.411,-32.296,-166.411,-98.296
0.713,-1.959,3.893,-150.000,-67.000,53.000,-16.418,-32.665,-166.418,-99.665
0.711,-1.966,3.935,-150.000,-67.000,50.000,-16.475,-33.017,-166.475,-100.017
0.712,-1.985,3.957,-150.000,-67.000,44.000,-16.640,-33.204,-166.640,-100.204
0.713,-2.019,3.949,-150.000,-66.000,50.000,-16.921,-33.140,-166.921,-99.140
0.714,-2.060,3.920,-150.000,-67.000,46.000,-17.264,-32.890,-167.264,-99.890
0.715,-2.097,3.871,-150.000,-67.000,48.000,-17.576,-32.479,-167.576,-99.479
0.714,-2.125,3.823,-150.000,-67.000,52.000,-17.811,-32.073,-167.811,-99.073
0.714,-2.137,3.783,-150.000,-67.000,51.000,-17.914,-31.737,-167.914,-98.737
0.716,-2.133,3.762,-150.000,-67.000,55.000,-17.877,-31.562,-167.877,-98.562
0.716,-2.117,3.759,-150.000,-67.000,43.000,-17.747,-31.540,-167.747,-98.540
0.714,-2.099,3.760,-150.000,-67.000,44.000,-17.590,-31.542,-167.590,-98.542
0.714,-2.082,3.751,-150.000,-67.000,46.000,-17.451,-31.470,-167.451,-98.470
0.712,-2.064,3.731,-150.000,-67.000,44.000,-17.295,-31.297,-167.295,-98.297
0.712,-2.041,3.711,-150.000,-68.000,46.000,-17.103,-31.133,-167.103,-99.133
0.714,-2.020,3.697,-150.000,-68.000,53.000,-16.928,-31.014,-166.928,-99.014
0.714,-1.995,3.697,-150.000,-69.000,45.000,-16.723,-31.015,-166.723,-100.015
0.715,-1.969,3.718,-150.000,-69.000,42.000,-16.503,-31.191,-166.503,-100.191
0.712,-1.936,3.738,-150.000,-69.000,48.000,-16.229,-31.363,-166.229,-100.363
0.709,-1.912,3.739,-151.000,-69.000,44.000,-16.021,-31.366,-167.021,-100.366
0.712,-1.905,3.726,-152.000,-69.000,42.000,-15.968,-31.257,-167.968,-100.257
0.711,-1.904,3.705,-154.000,-70.000,48.000,-15.955,-31.082,-169.955,-101.082
0.713,-1.901,3.699,-154.000,-70.000,51.000,-15.935,-31.028,-169.935,-101.028
0.714,-1.906,3.716,-151.000,-69.000,51.000,-15.971,-31.176,-166.971,-100.176
0.713,-1.918,3.735,-151.000,-69.000,46.000,-16.074,-31.334,-167.074,-100.334
0.715,-1.936,3.748,-152.000,-69.000,42.000,-16.225,-31.447,-168.225,-100.447
0.715,-1.957,3.757,-152.000,-69.000,43.000,-16.405,-31.517,-168.405,-100.517
0.713,-1.980,3.765,-150.000,-67.000,44.000,-16.596,-31.589,-166.596,-98.589
0.712,-1.994,3.781,-150.000,-68.000,49.000,-16.713,-31.722,-166.713,-99.722
0.715,-1.992,3.805,-150.000,-68.000,55.000,-16.694,-31.922,-166.694,-99.922
0.712,-1.981,3.827,-150.000,-68.000,50.000,-16.604,-32.107,-166.604,-100.107
0.712,-1.976,3.833,-150.000,-68.000,42.000,-16.561,-32.156,-166.561,-100.156
0.715,-1.977,3.821,-150.000,-68.000,43.000,-16.571,-32.059,-166.571,-100.059
0.715,-1.978,3.805,-150.000,-68.000,47.000,-16.574,-31.927,-166.574,-99.927
0.714,-1.978,3.796,-150.000,-68.000,48.000,-16.581,-31.848,-166.581,-99.848
0.713,-1.984,3.795,-150.000,-68.000,43.000,-16.627,-31.840,-166.627,-99.840
0.711,-1.988,3.804,-150.000,-68.000,48.000,-16.664,-31.912,-166.664,-99.912
0.712,-1.998,3.835,-151.000,-68.000,52.000,-16.748,-32.174,-167.748,-100.174
0.712,-2.010,3.874,-151.000,-67.000,50.000,-16.845,-32.506,-167.845,-99.506
0.711,-2.026,3.899,-151.000,-67.000,46.000,-16.977,-32.715,-167.977,-99.715
0.714,-2.050,3.899,-151.000,-67.000,48.000,-17.184,-32.715,-168.184,-99.715
0.713,-2.076,3.868,-150.000,-67.000,44.000,-17.403,-32.450,-167.403,-99.450
0.712,-2.104,3.807,-150.000,-67.000,47.000,-17.630,-31.939,-167.630,-98.939
0.711,-2.126,3.740,-150.000,-67.000,49.000,-17.818,-31.374,-167.818,-98.374
0.713,-2.129,3.686,-150.000,-67.000,47.000,-17.844,-30.918,-167.844,-97.918
0.712,-2.113,3.658,-150.000,-67.000,49.000,-17.712,-30.686,-167.712,-97.686
0.715,-2.087,3.666,-150.000,-68.000,40.000,-17.494,-30.752,-167.494,-98.752
0.716,-2.055,3.697,-150.000,-68.000,40.000,-17.225,-31.013,-167.225,-99.013
0.716,-2.026,3.725,-150.000,-68.000,42.000,-16.976,-31.250,-166.976,-99.250
0.715,-2.007,3.735,-150.000,-68.000,47.000,-16.823,-31.330,-166.823,-99.330
0.716,-2.002,3.732,-151.000,-68.000,50.000,-16.779,-31.310,-167.779,-99.310
0.717,-2.005,3.720,-151.000,-68.000,50.000,-16.807,-31.204,-167.807,-99.204
0.716,-2.011,3.704,-151.000,-69.000,55.000,-16.850,-31.073,-167.850,-100.073
0.713,-2.002,3.692,-151.000,-69.000,45.000,-16.777,-30.977,-167.777,-99.977
0.712,-1.981,3.696,-150.000,-69.000,45.000,-16.599,-31.007,-166.599,-100.007
0.714,-1.955,3.717,-152.000,-70.000,36.000,-16.386,-31.187,-168.386,-101.187
0.712,-1.927,3.741,-151.000,-69.000,49.000,-16.153,-31.388,-167.153,-100.388
0.713,-1.910,3.754,-151.000,-69.000,53.000,-16.005,-31.497,-167.005,-100.497
0.711,-1.921,3.762,-152.000,-68.000,54.000,-16.098,-31.565,-168.098,-99.565
0.714,-1.955,3.780,-151.000,-68.000,52.000,-16.386,-31.710,-167.386,-99.710
0.714,-1.991,3.797,-151.000,-68.000,50.000,-16.690,-31.857,-167.690,-99.857
0.713,-2.023,3.808,-151.000,-68.000,43.000,-16.954,-31.952,-167.954,-99.952
0.713,-2.049,3.828,-150.000,-67.000,42.000,-17.172,-32.118,-167.172,-99.118
0.714,-2.065,3.855,-150.000,-67.000,41.000,-17.308,-32.346,-167.308,-99.346
0.715,-2.079,3.876,-150.000,-68.000,50.000,-17.422,-32.519,-167.422,-100.519
0.715,-2.099,3.880,-150.000,-67.000,52.000,-17.593,-32.556,-167.593,-99.556
0.714,-2.127,3.862,-150.000,-67.000,50.000,-17.829,-32.403,-167.829,-99.403
0.715,-2.151,3.829,-150.000,-68.000,45.000,-18.031,-32.128,-168.031,-100.128
0.714,-2.161,3.806,-150.000,-68.000,41.000,-18.115,-31.936,-168.115,-99.936
0.713,-2.159,3.806,-150.000,-68.000,46.000,-18.093,-31.934,-168.093,-99.934
0.715,-2.156,3.831,-150.000,-68.000,42.000,-18.074,-32.145,-168.074,-100.145
0.714,-2.150,3.866,-150.000,-68.000,45.000,-18.023,-32.434,-168.023,-100.434
0.714,-2.132,3.890,-150.000,-68.000,51.000,-17.866,-32.640,-167.866,-100.640
0.713,-2.095,3.902,-150.000,-68.000,58.000,-17.563,-32.737,-167.563,-100.737
0.713,-2.061,3.899,-150.000,-67.000,53.000,-17.271,-32.713,-167.271,-99.713
0.712,-2.038,3.876,-150.000,-67.000,43.000,-17.078,-32.520,-167.078,-99.520
0.714,-2.029,3.845,-150.000,-68.000,45.000,-17.006,-32.257,-167.006,-100.257
0.712,-2.030,3.806,-150.000,-68.000,44.000,-17.010,-31.935,-167.010,-99.935
0.713,-2.040,3.772,-151.000,-69.000,41.000,-17.095,-31.648,-168.095,-100.648
0.713,-2.045,3.751,-151.000,-69.000,50.000,-17.138,-31.466,-168.138,-100.466
0.713,-2.046,3.747,-151.000,-69.000,48.000,-17.150,-31.437,-168.150,-100.437
0.714,-2.050,3.754,-150.000,-69.000,54.000,-17.181,-31.496,-167.181,-100.496
0.714,-2.055,3.751,-150.000,-68.000,44.000,-17.227,-31.468,-167.227,-99.468
0.716,-2.065,3.737,-150.000,-68.000,42.000,-17.307,-31.349,-167.307,-99.349
0.713,-2.073,3.726,-150.000,-68.000,43.000,-17.374,-31.260,-167.374,-99.260
0.712,-2.074,3.729,-150.000,-68.000,45.000,-17.382,-31.288,-167.382,-99.288
0.713,-2.063,3.742,-150.000,-68.000,48.000,-17.288,-31.396,-167.288,-99.396
0.713,-2.055,3.758,-150.000,-68.000,52.000,-17.226,-31.525,-167.226,-99.525
0.713,-2.063,3.764,-151.000,-68.000,51.000,-17.288,-31.577,-168.288,-99.577
0.712,-2.075,3.753,-151.000,-68.000,40.000,-17.392,-31.485,-168.392,-99.485
0.713,-2.086,3.734,-151.000,-69.000,40.000,-17.486,-31.330,-168.486,-100.330
0.711,-2.091,3.723,-151.000,-69.000,45.000,-17.529,-31.231,-168.529,-100.231
0.715,-2.089,3.728,-151.000,-69.000,44.000,-17.512,-31.272,-168.512,-100.272
0.712,-2.080,3.739,-151.000,-68.000,50.000,-17.434,-31.370,-168.434,-99.370
0.711,-2.071,3.755,-150.000,-69.000,53.000,-17.358,-31.505,-167.358,-100.505
0.712,-2.067,3.770,-150.000,-69.000,49.000,-17.325,-31.626,-167.326,-100.626
0.714,-2.078,3.775,-150.000,-68.000,46.000,-17.416,-31.669,-167.416,-99.669
0.714,-2.100,3.773,-150.000,-68.000,42.000,-17.597,-31.655,-167.597,-99.655
0.715,-2.118,3.780,-150.000,-68.000,45.000,-17.756,-31.714,-167.756,-99.714
0.712,-2.129,3.800,-150.000,-68.000,44.000,-17.841,-31.882,-167.841,-99.882
0.712,-2.134,3.822,-150.000,-67.000,48.000,-17.890,-32.065,-167.890,-99.065
0.714,-2.146,3.839,-150.000,-67.000,49.000,-17.985,-32.209,-167.985,-99.209
0.714,-2.164,3.840,-150.000,-68.000,52.000,-18.140,-32.215,-168.140,-100.215
0.715,-2.185,3.831,-150.000,-68.000,57.000,-18.315,-32.145,-168.315,-100.145
0.715,-2.198,3.818,-150.000,-68.000,48.000,-18.419,-32.037,-168.419,-100.037
0.712,-2.208,3.812,-150.000,-68.000,48.000,-18.504,-31.983,-168.504,-99.983
0.716,-2.207,3.830,-150.000,-68.000,47.000,-18.500,-32.134,-168.500,-100.134
0.714,-2.194,3.850,-150.000,-68.000,46.000,-18.392,-32.299,-168.392,-100.299
0.715,-2.183,3.867,-150.000,-67.000,49.000,-18.294,-32.446,-168.294,-99.446
0.716,-2.172,3.864,-150.000,-67.000,53.000,-18.208,-32.421,-168.208,-99.421
0.714,-2.172,3.833,-150.000,-67.000,57.000,-18.202,-32.161,-168.202,-99.161
0.714,-2.178,3.785,-150.000,-67.000,44.000,-18.256,-31.754,-168.256,-98.754
0.714,-2.189,3.744,-150.000,-67.000,51.000,-18.350,-31.413,-168.350,-98.413
0.714,-2.192,3.721,-150.000,-68.000,40.000,-18.372,-31.219,-168.372,-99.219
0.713,-2.179,3.718,-150.000,-68.000,43.000,-18.261,-31.189,-168.261,-99.189
0.713,-2.153,3.735,-150.000,-68.000,47.000,-18.044,-31.332,-168.044,-99.332
0.714,-2.130,3.765,-150.000,-68.000,50.000,-17.853,-31.587,-167.853,-99.587
0.715,-2.117,3.785,-150.000,-68.000,54.000,-17.744,-31.755,-167.744,-99.755
0.715,-2.111,3.777,-150.000,-68.000,43.000,-17.693,-31.691,-167.693,-99.691
0.714,-2.120,3.753,-150.000,-69.000,42.000,-17.765,-31.482,-167.765,-100.482
0.714,-2.142,3.723,-150.000,-69.000,42.000,-17.955,-31.237,-167.955,-100.237
0.714,-2.161,3.705,-150.000,-69.000,45.000,-18.115,-31.082,-168.115,-100.082
0.713,-2.161,3.696,-151.000,-70.000,46.000,-18.108,-31.007,-169.108,-101.007
0.713,-2.143,3.705,-151.000,-70.000,47.000,-17.958,-31.080,-168.958,-101.080
0.712,-2.121,3.740,-151.000,-70.000,50.000,-17.776,-31.380,-168.776,-101.380
0.713,-2.099,3.784,-151.000,-69.000,47.000,-17.591,-31.747,-168.591,-100.747
0.711,-2.091,3.811,-150.000,-69.000,43.000,-17.521,-31.976,-167.521,-100.976
0.712,-2.110,3.815,-150.000,-69.000,46.000,-17.682,-32.009,-167.682,-101.009
0.712,-2.152,3.805,-150.000,-69.000,45.000,-18.036,-31.927,-168.036,-100.927
0.712,-2.192,3.800,-150.000,-69.000,54.000,-18.370,-31.882,-168.370,-100.882
0.713,-2.214,3.810,-150.000,-69.000,54.000,-18.559,-31.969,-168.559,-100.969
0.713,-2.221,3.838,-150.000,-69.000,51.000,-18.617,-32.204,-168.617,-101.204
0.713,-2.218,3.868,-150.000,-69.000,46.000,-18.589,-32.455,-168.589,-101.455
0.712,-2.211,3.888,-150.000,-68.000,48.000,-18.533,-32.622,-168.533,-100.622
0.712,-2.208,3.899,-150.000,-68.000,43.000,-18.503,-32.715,-168.503,-100.715
0.713,-2.204,3.900,-150.000,-68.000,45.000,-18.473,-32.724,-168.473,-100.724
0.713,-2.202,3.898,-150.000,-68.000,48.000,-18.455,-32.708,-168.455,-100.708
0.712,-2.197,3.895,-150.000,-68.000,49.000,-18.414,-32.679,-168.414,-100.679
0.711,-2.197,3.886,-150.000,-68.000,50.000,-18.411,-32.605,-168.411,-100.605
0.713,-2.208,3.876,-150.000,-69.000,52.000,-18.505,-32.521,-168.505,-101.521
0.708,-2.225,3.873,-150.000,-69.000,45.000,-18.650,-32.496,-168.650,-101.496
0.712,-2.240,3.868,-150.000,-68.000,45.000,-18.776,-32.456,-168.776,-100.456
0.713,-2.248,3.861,-150.000,-68.000,45.000,-18.841,-32.391,-168.841,-100.391
0.713,-2.258,3.862,-150.000,-68.000,49.000,-18.925,-32.403,-168.925,-100.403
0.713,-2.268,3.881,-150.000,-70.000,46.000,-19.011,-32.560,-169.011,-102.560
0.713,-2.275,3.911,-150.000,-69.000,49.000,-19.065,-32.812,-169.065,-101.812
0.710,-2.282,3.941,-150.000,-69.000,53.000,-19.129,-33.071,-169.129,-102.071
0.711,-2.299,3.969,-150.000,-69.000,42.000,-19.269,-33.306,-169.269,-102.306
0.713,-2.315,3.991,-150.000,-69.000,46.000,-19.408,-33.488,-169.408,-102.488
0.712,-2.327,4.011,-149.000,-67.000,42.000,-19.509,-33.654,-168.509,-100.654
0.711,-2.332,4.018,-149.000,-67.000,47.000,-19.548,-33.715,-168.548,-100.715
0.710,-2.330,4.012,-149.000,-67.000,52.000,-19.531,-33.669,-168.531,-100.669
0.710,-2.322,4.006,-149.000,-67.000,51.000,-19.467,-33.612,-168.467,-100.612
0.711,-2.308,4.005,-149.000,-67.000,54.000,-19.346,-33.607,-168.346,-100.607
0.711,-2.286,4.004,-149.000,-67.000,42.000,-19.165,-33.596,-168.165,-100.596
0.710,-2.258,3.992,-149.000,-68.000,48.000,-18.924,-33.496,-167.924,-101.496
0.710,-2.232,3.972,-149.000,-68.000,49.000,-18.704,-33.325,-167.704,-101.325
0.713,-2.210,3.952,-149.000,-68.000,45.000,-18.526,-33.162,-167.526,-101.162
0.710,-2.190,3.940,-149.000,-68.000,49.000,-18.354,-33.058,-167.354,-101.058
0.711,-2.166,3.929,-149.000,-68.000,54.000,-18.152,-32.971,-167.152,-100.971
0.711,-2.131,3.912,-149.000,-68.000,53.000,-17.857,-32.824,-166.857,-100.824
0.710,-2.084,3.892,-149.000,-68.000,47.000,-17.466,-32.656,-166.466,-100.656
0.710,-2.030,3.887,-149.000,-68.000,40.000,-17.010,-32.615,-166.010,-100.615
0.709,-1.975,3.900,-153.000,-69.000,48.000,-16.554,-32.726,-169.554,-101.726
0.710,-1.938,3.916,-153.000,-70.000,50.000,-16.239,-32.855,-169.239,-102.855
0.710,-1.924,3.927,-153.000,-70.000,45.000,-16.127,-32.949,-169.127,-102.949
0.711,-1.932,3.929,-151.000,-69.000,52.000,-16.190,-32.965,-167.190,-101.965
0.710,-1.961,3.921,-150.000,-68.000,52.000,-16.439,-32.903,-166.439,-100.903
0.712,-2.003,3.918,-152.000,-68.000,56.000,-16.791,-32.872,-168.791,-100.872
0.711,-2.039,3.928,-153.000,-70.000,45.000,-17.093,-32.958,-170.093,-102.958
0.710,-2.053,3.947,-151.000,-69.000,44.000,-17.206,-33.116,-168.206,-102.116
0.712,-2.049,3.964,-151.000,-68.000,43.000,-17.175,-33.259,-168.175,-101.259
0.707,-2.049,3.970,-151.000,-68.000,49.000,-17.175,-33.308,-168.175,-101.308
0.710,-2.066,3.959,-151.000,-68.000,52.000,-17.319,-33.221,-168.319,-101.221
0.710,-2.094,3.940,-151.000,-68.000,50.000,-17.549,-33.063,-168.549,-101.063
0.710,-2.119,3.931,-150.000,-68.000,49.000,-17.761,-32.985,-167.761,-100.985
0.711,-2.130,3.938,-150.000,-68.000,42.000,-17.854,-33.045,-167.854,-101.045
0.712,-2.124,3.953,-150.000,-68.000,47.000,-17.800,-33.166,-167.800,-101.166
0.711,-2.115,3.963,-150.000,-68.000,46.000,-17.729,-33.250,-167.729,-101.250
0.712,-2.118,3.967,-150.000,-68.000,53.000,-17.750,-33.291,-167.750,-101.291
0.712,-2.129,3.960,-150.000,-68.000,48.000,-17.844,-33.225,-167.844,-101.225
0.710,-2.144,3.929,-150.000,-68.000,52.000,-17.972,-32.971,-167.972,-100.971
0.711,-2.163,3.875,-150.000,-68.000,53.000,-18.129,-32.509,-168.129,-100.509
0.709,-2.178,3.812,-150.000,-68.000,43.000,-18.259,-31.980,-168.259,-99.980
0.710,-2.184,3.757,-150.000,-68.000,48.000,-18.301,-31.523,-168.301,-99.523
0.711,-2.173,3.737,-150.000,-69.000,43.000,-18.211,-31.353,-168.211,-100.353
0.712,-2.144,3.750,-150.000,-69.000,43.000,-17.966,-31.461,-167.966,-100.461
0.712,-2.109,3.786,-150.000,-69.000,46.000,-17.677,-31.767,-167.677,-100.767
0.711,-2.084,3.829,-150.000,-69.000,50.000,-17.466,-32.125,-167.466,-101.125
0.713,-2.079,3.863,-151.000,-69.000,56.000,-17.428,-32.408,-168.428,-101.408
0.710,-2.090,3.877,-151.000,-69.000,46.000,-17.515,-32.528,-168.515,-101.528
0.712,-2.103,3.876,-150.000,-68.000,41.000,-17.623,-32.518,-167.623,-100.518
0.710,-2.112,3.872,-150.000,-67.000,42.000,-17.706,-32.491,-167.706,-99.491
0.712,-2.116,3.863,-151.000,-69.000,42.000,-17.739,-32.408,-168.739,-101.408
0.712,-2.116,3.840,-150.000,-69.000,51.000,-17.734,-32.217,-167.734,-101.217
0.712,-2.117,3.811,-150.000,-69.000,51.000,-17.744,-31.977,-167.744,-100.977
0.714,-2.122,3.786,-150.000,-69.000,48.000,-17.786,-31.760,-167.786,-100.760
0.710,-2.129,3.766,-150.000,-69.000,45.000,-17.842,-31.592,-167.842,-100.592
0.709,-2.130,3.751,-150.000,-69.000,44.000,-17.852,-31.468,-167.852,-100.468
0.709,-2.126,3.749,-150.000,-69.000,45.000,-17.816,-31.451,-167.816,-100.451
0.711,-2.112,3.766,-151.000,-70.000,42.000,-17.704,-31.592,-168.704,-101.592
0.713,-2.095,3.793,-150.000,-70.000,44.000,-17.557,-31.826,-167.557,-101.826
0.711,-2.078,3.816,-150.000,-70.000,49.000,-17.412,-32.015,-167.412,-102.015
0.712,-2.068,3.821,-150.000,-70.000,46.000,-17.334,-32.056,-167.334,-102.056
0.713,-2.062,3.805,-151.000,-70.000,49.000,-17.284,-31.927,-168.284,-101.927
0.712,-2.064,3.772,-151.000,-70.000,45.000,-17.302,-31.648,-168.302,-101.648
0.711,-2.079,3.734,-151.000,-70.000,45.000,-17.423,-31.325,-168.423,-101.325
0.710,-2.101,3.697,-150.000,-70.000,47.000,-17.608,-31.014,-167.608,-101.014
0.710,-2.121,3.662,-152.000,-71.000,47.000,-17.776,-30.718,-169.776,-101.718
0.712,-2.130,3.645,-152.000,-71.000,49.000,-17.849,-30.578,-169.849,-101.578
0.711,-2.125,3.654,-152.000,-71.000,52.000,-17.811,-30.650,-169.811,-101.650
0.712,-2.107,3.675,-152.000,-71.000,56.000,-17.663,-30.826,-169.663,-101.826
0.711,-2.089,3.690,-152.000,-71.000,44.000,-17.508,-30.956,-169.508,-101.956
0.712,-2.078,3.702,-153.000,-71.000,48.000,-17.420,-31.054,-170.420,-102.054
0.711,-2.084,3.709,-153.000,-71.000,45.000,-17.470,-31.113,-170.470,-102.113
0.712,-2.106,3.706,-153.000,-71.000,46.000,-17.651,-31.092,-170.651,-102.092
0.713,-2.131,3.698,-152.000,-71.000,51.000,-17.862,-31.026,-169.862,-102.026
0.711,-2.148,3.697,-152.000,-71.000,56.000,-18.004,-31.017,-170.004,-102.017
0.712,-2.154,3.705,-152.000,-71.000,52.000,-18.051,-31.084,-170.051,-102.084
0.712,-2.152,3.709,-150.000,-70.000,45.000,-18.037,-31.120,-168.037,-101.120
0.713,-2.147,3.704,-150.000,-70.000,41.000,-17.994,-31.072,-167.994,-101.072
0.713,-2.126,3.697,-151.000,-71.000,43.000,-17.823,-31.013,-168.823,-102.013
0.712,-2.091,3.693,-151.000,-71.000,46.000,-17.526,-30.980,-168.526,-101.980
0.712,-2.051,3.698,-151.000,-71.000,49.000,-17.191,-31.021,-168.191,-102.021
0.710,-2.018,3.709,-152.000,-71.000,57.000,-16.910,-31.118,-168.910,-102.118
0.710,-1.991,3.719,-152.000,-71.000,51.000,-16.689,-31.197,-168.689,-102.197
0.710,-1.975,3.716,-152.000,-71.000,41.000,-16.550,-31.171,-168.550,-102.171
0.711,-1.967,3.708,-154.000,-71.000,48.000,-16.482,-31.106,-170.482,-102.106
0.711,-1.959,3.697,-154.000,-71.000,44.000,-16.418,-31.017,-170.418,-102.017
0.712,-1.945,3.690,-153.000,-71.000,46.000,-16.302,-30.960,-169.302,-101.960
0.712,-1.920,3.691,-153.000,-71.000,46.000,-16.087,-30.962,-169.087,-101.962
0.712,-1.894,3.693,-154.000,-71.000,51.000,-15.874,-30.980,-169.874,-101.980
0.714,-1.890,3.686,-154.000,-71.000,47.000,-15.839,-30.922,-169.839,-101.922
0.715,-1.904,3.664,-153.000,-71.000,51.000,-15.953,-30.736,-168.953,-101.736
0.713,-1.936,3.649,-153.000,-71.000,42.000,-16.221,-30.607,-169.221,-101.607
0.711,-1.964,3.650,-153.000,-71.000,44.000,-16.462,-30.620,-169.462,-101.620
0.711,-1.978,3.670,-153.000,-71.000,43.000,-16.577,-30.788,-169.577,-101.788
0.714,-1.978,3.687,-152.000,-71.000,45.000,-16.574,-30.931,-168.574,-101.931
0.713,-1.974,3.707,-152.000,-71.000,47.000,-16.544,-31.103,-168.544,-102.103
0.714,-1.965,3.734,-152.000,-71.000,52.000,-16.471,-31.328,-168.471,-102.328
0.713,-1.952,3.760,-152.000,-71.000,52.000,-16.363,-31.541,-168.363,-102.541
0.712,-1.948,3.764,-152.000,-71.000,40.000,-16.322,-31.580,-168.322,-102.580
0.711,-1.967,3.751,-152.000,-71.000,43.000,-16.486,-31.472,-168.486,-102.472
0.710,-2.006,3.730,-152.000,-71.000,43.000,-16.812,-31.296,-168.812,-102.296
0.711,-2.036,3.705,-152.000,-71.000,50.000,-17.060,-31.081,-169.060,-102.081
0.711,-2.043,3.692,-152.000,-71.000,50.000,-17.122,-30.976,-169.122,-101.976
0.711,-2.034,3.704,-153.000,-71.000,56.000,-17.047,-31.075,-170.047,-102.075
0.711,-2.007,3.739,-153.000,-71.000,52.000,-16.820,-31.368,-169.820,-102.368
0.712,-1.975,3.777,-151.000,-70.000,47.000,-16.550,-31.691,-167.550,-101.691
0.711,-1.957,3.799,-152.000,-70.000,45.000,-16.399,-31.873,-168.399,-101.873
0.714,-1.955,3.792,-152.000,-70.000,43.000,-16.388,-31.811,-168.388,-101.811
0.712,-1.976,3.772,-152.000,-70.000,47.000,-16.560,-31.642,-168.560,-101.642
0.712,-1.993,3.750,-151.000,-69.000,46.000,-16.704,-31.457,-167.704,-100.457
0.713,-1.998,3.740,-151.000,-69.000,49.000,-16.745,-31.378,-167.745,-100.378
0.713,-1.995,3.746,-151.000,-70.000,51.000,-16.719,-31.425,-167.719,-101.425
0.711,-1.991,3.758,-152.000,-71.000,41.000,-16.687,-31.524,-168.687,-102.524
0.710,-1.989,3.752,-152.000,-71.000,46.000,-16.668,-31.478,-168.668,-102.478
0.711,-2.002,3.729,-152.000,-71.000,45.000,-16.779,-31.283,-168.779,-102.283
0.712,-2.026,3.710,-153.000,-71.000,50.000,-16.976,-31.127,-169.976,-102.127
0.711,-2.041,3.708,-153.000,-71.000,48.000,-17.106,-31.106,-170.106,-102.106
0.710,-2.040,3.716,-153.000,-71.000,52.000,-17.099,-31.173,-170.099,-102.173
0.712,-2.027,3.729,-153.000,-71.000,51.000,-16.991,-31.287,-169.991,-102.287
0.711,-2.007,3.747,-153.000,-71.000,49.000,-16.819,-31.434,-169.819,-102.434
0.712,-1.989,3.763,-153.000,-71.000,43.000,-16.669,-31.566,-169.669,-102.566
0.711,-1.979,3.770,-151.000,-69.000,45.000,-16.583,-31.632,-167.583,-100.632
0.713,-1.980,3.775,-151.000,-70.000,45.000,-16.592,-31.669,-167.592,-101.669
0.712,-1.986,3.785,-153.000,-71.000,52.000,-16.646,-31.753,-169.646,-102.753
0.713,-1.993,3.789,-153.000,-71.000,47.000,-16.699,-31.791,-169.699,-102.791
0.711,-2.007,3.780,-150.000,-69.000,53.000,-16.820,-31.717,-166.820,-100.717
0.712,-2.036,3.770,-151.000,-69.000,55.000,-17.061,-31.627,-168.061,-100.627
0.712,-2.077,3.763,-151.000,-69.000,44.000,-17.408,-31.569,-168.408,-100.569
0.712,-2.115,3.763,-151.000,-70.000,46.000,-17.723,-31.568,-168.723,-101.568
0.710,-2.125,3.766,-151.000,-70.000,49.000,-17.808,-31.598,-168.808,-101.598
0.711,-2.107,3.780,-151.000,-70.000,47.000,-17.662,-31.710,-168.662,-101.710
0.710,-2.078,3.800,-151.000,-70.000,48.000,-17.420,-31.885,-168.420,-101.885
0.710,-2.057,3.815,-152.000,-70.000,48.000,-17.243,-32.011,-169.243,-102.011
0.712,-2.052,3.811,-152.000,-69.000,57.000,-17.196,-31.978,-169.196,-100.978
0.711,-2.064,3.799,-152.000,-69.000,40.000,-17.302,-31.873,-169.302,-100.873
0.712,-2.082,3.794,-151.000,-69.000,47.000,-17.452,-31.835,-168.452,-100.835
0.714,-2.097,3.808,-151.000,-69.000,44.000,-17.577,-31.947,-168.577,-100.947
0.711,-2.098,3.843,-151.000,-70.000,48.000,-17.586,-32.241,-168.586,-102.241
0.712,-2.093,3.894,-150.000,-69.000,50.000,-17.539,-32.674,-167.539,-101.674
0.712,-2.089,3.942,-150.000,-68.000,49.000,-17.506,-33.077,-167.506,-101.077
0.711,-2.090,3.967,-150.000,-67.000,57.000,-17.520,-33.290,-167.520,-100.290
0.712,-2.098,3.959,-150.000,-67.000,49.000,-17.582,-33.219,-167.582,-100.219
0.712,-2.110,3.925,-150.000,-68.000,45.000,-17.686,-32.936,-167.686,-100.936
0.712,-2.122,3.885,-150.000,-68.000,44.000,-17.784,-32.595,-167.784,-100.595
0.714,-2.130,3.859,-150.000,-68.000,45.000,-17.855,-32.377,-167.855,-100.377
0.714,-2.121,3.853,-150.000,-68.000,47.000,-17.774,-32.329,-167.774,-100.329
0.711,-2.094,3.851,-150.000,-68.000,57.000,-17.552,-32.309,-167.552,-100.309
0.712,-2.067,3.849,-150.000,-68.000,55.000,-17.320,-32.294,-167.320,-100.294
0.711,-2.049,3.841,-150.000,-69.000,47.000,-17.172,-32.225,-167.172,-101.225
0.712,-2.042,3.820,-150.000,-69.000,45.000,-17.112,-32.046,-167.112,-101.046
0.711,-2.042,3.791,-150.000,-69.000,50.000,-17.115,-31.804,-167.115,-100.804
0.712,-2.049,3.776,-150.000,-69.000,48.000,-17.176,-31.678,-167.176,-100.678
0.711,-2.060,3.788,-153.000,-71.000,53.000,-17.269,-31.784,-170.269,-102.784
0.710,-2.060,3.819,-152.000,-71.000,50.000,-17.264,-32.038,-169.264,-103.038
0.713,-2.041,3.849,-152.000,-71.000,55.000,-17.103,-32.297,-169.103,-103.297
0.712,-2.019,3.871,-152.000,-70.000,46.000,-16.924,-32.482,-168.924,-102.482
0.711,-2.012,3.886,-151.000,-69.000,42.000,-16.866,-32.602,-167.866,-101.602
0.710,-2.016,3.889,-152.000,-70.000,41.000,-16.898,-32.630,-168.898,-102.630
0.711,-2.021,3.884,-151.000,-69.000,46.000,-16.942,-32.588,-167.942,-101.588
0.712,-2.024,3.877,-151.000,-69.000,47.000,-16.965,-32.527,-167.965,-101.527
0.712,-2.022,3.882,-153.000,-70.000,53.000,-16.944,-32.568,-169.944,-102.568
0.710,-2.021,3.900,-150.000,-69.000,56.000,-16.937,-32.726,-166.937,-101.726
0.712,-2.022,3.917,-150.000,-69.000,45.000,-16.945,-32.867,-166.945,-101.867
0.714,-2.030,3.917,-152.000,-69.000,45.000,-17.018,-32.863,-169.018,-101.863
0.710,-2.044,3.914,-152.000,-69.000,44.000,-17.134,-32.840,-169.134,-101.840
0.711,-2.049,3.925,-151.000,-68.000,44.000,-17.173,-32.932,-168.173,-100.932
0.711,-2.040,3.948,-151.000,-68.000,48.000,-17.094,-33.124,-168.094,-101.124
0.709,-2.019,3.966,-150.000,-68.000,51.000,-16.920,-33.276,-166.920,-101.276
0.709,-2.004,3.968,-150.000,-68.000,54.000,-16.794,-33.294,-166.794,-101.294
0.709,-1.999,3.953,-150.000,-68.000,52.000,-16.756,-33.170,-166.756,-101.170
0.709,-2.001,3.925,-150.000,-68.000,43.000,-16.768,-32.937,-166.768,-100.937
0.710,-1.994,3.887,-150.000,-68.000,44.000,-16.712,-32.611,-166.712,-100.611
0.711,-1.981,3.851,-150.000,-68.000,48.000,-16.602,-32.308,-166.602,-100.308
0.711,-1.978,3.831,-150.000,-69.000,46.000,-16.575,-32.144,-166.575,-101.144
0.707,-1.975,3.837,-153.000,-71.000,46.000,-16.556,-32.195,-169.556,-103.195
0.712,-1.971,3.853,-153.000,-71.000,55.000,-16.521,-32.324,-169.521,-103.324
0.708,-1.970,3.862,-154.000,-71.000,52.000,-16.508,-32.407,-170.508,-103.407
0.710,-1.964,3.859,-154.000,-70.000,45.000,-16.456,-32.380,-170.456,-102.380
0.710,-1.960,3.848,-154.000,-70.000,45.000,-16.427,-32.288,-170.427,-102.288
0.709,-1.963,3.832,-154.000,-71.000,45.000,-16.448,-32.154,-170.448,-103.154
0.709,-1.967,3.808,-153.000,-71.000,48.000,-16.483,-31.948,-169.483,-102.948
0.713,-1.967,3.787,-154.000,-71.000,50.000,-16.487,-31.768,-170.487,-102.768
0.710,-1.967,3.783,-154.000,-71.000,56.000,-16.483,-31.742,-170.483,-102.742
0.711,-1.970,3.799,-154.000,-71.000,54.000,-16.510,-31.871,-170.510,-102.871
0.710,-1.975,3.829,-153.000,-70.000,47.000,-16.552,-32.126,-169.552,-102.126
0.712,-1.982,3.857,-153.000,-70.000,40.000,-16.614,-32.364,-169.614,-102.364
0.711,-2.002,3.867,-153.000,-70.000,44.000,-16.775,-32.447,-169.775,-102.447
0.710,-2.026,3.860,-152.000,-70.000,46.000,-16.978,-32.383,-168.978,-102.383
0.709,-2.042,3.840,-152.000,-71.000,49.000,-17.114,-32.220,-169.114,-103.220
0.711,-2.043,3.814,-152.000,-71.000,51.000,-17.124,-32.001,-169.124,-103.001
0.712,-2.041,3.798,-153.000,-71.000,49.000,-17.102,-31.864,-170.102,-102.864
0.712,-2.029,3.784,-153.000,-71.000,40.000,-17.005,-31.749,-170.005,-102.749
0.713,-2.012,3.769,-153.000,-71.000,43.000,-16.862,-31.618,-169.862,-102.618
0.712,-1.994,3.755,-153.000,-71.000,47.000,-16.715,-31.503,-169.715,-102.503
0.712,-1.977,3.748,-153.000,-71.000,43.000,-16.573,-31.442,-169.573,-102.442
0.713,-1.966,3.735,-153.000,-71.000,47.000,-16.481,-31.337,-169.481,-102.337
0.711,-1.970,3.713,-153.000,-71.000,49.000,-16.507,-31.151,-169.507,-102.151
0.709,-1.988,3.694,-153.000,-71.000,52.000,-16.657,-30.989,-169.657,-101.989
0.711,-2.002,3.694,-153.000,-71.000,53.000,-16.778,-30.990,-169.778,-101.990
0.711,-2.009,3.718,-153.000,-71.000,40.000,-16.835,-31.190,-169.835,-102.190
0.711,-2.011,3.744,-153.000,-71.000,42.000,-16.855,-31.411,-169.855,-102.411
0.713,-2.017,3.756,-153.000,-71.000,45.000,-16.902,-31.508,-169.902,-102.508
0.713,-2.037,3.749,-153.000,-71.000,44.000,-17.076,-31.456,-170.076,-102.456
0.713,-2.067,3.722,-152.000,-71.000,52.000,-17.322,-31.229,-169.322,-102.229
0.713,-2.094,3.696,-152.000,-71.000,54.000,-17.554,-31.004,-169.554,-102.004
0.711,-2.109,3.689,-152.000,-71.000,48.000,-17.680,-30.951,-169.680,-101.951
0.710,-2.102,3.715,-152.000,-71.000,44.000,-17.620,-31.163,-169.620,-102.163
0.712,-2.072,3.757,-152.000,-71.000,43.000,-17.364,-31.521,-169.364,-102.521
0.711,-2.033,3.794,-152.000,-71.000,45.000,-17.036,-31.828,-169.036,-102.828
0.711,-2.006,3.807,-152.000,-71.000,48.000,-16.815,-31.942,-168.815,-102.942
0.711,-2.010,3.794,-154.000,-71.000,48.000,-16.842,-31.827,-170.842,-102.827
0.712,-2.032,3.764,-153.000,-71.000,49.000,-17.031,-31.579,-170.031,-102.579
0.711,-2.056,3.738,-153.000,-71.000,48.000,-17.231,-31.364,-170.231,-102.364
0.712,-2.071,3.735,-154.000,-71.000,45.000,-17.360,-31.337,-171.360,-102.337
0.713,-2.075,3.751,-154.000,-71.000,47.000,-17.390,-31.473,-171.390,-102.473
0.713,-2.073,3.771,-154.000,-71.000,48.000,-17.372,-31.638,-171.372,-102.638
0.713,-2.074,3.778,-153.000,-71.000,45.000,-17.381,-31.695,-170.381,-102.695
0.710,-2.078,3.771,-153.000,-71.000,47.000,-17.417,-31.636,-170.417,-102.636
0.710,-2.082,3.762,-153.000,-71.000,47.000,-17.452,-31.561,-170.452,-102.561
0.711,-2.086,3.760,-153.000,-71.000,52.000,-17.486,-31.546,-170.486,-102.546
0.712,-2.088,3.772,-153.000,-71.000,42.000,-17.504,-31.643,-170.504,-102.643
0.710,-2.086,3.804,-152.000,-71.000,47.000,-17.481,-31.917,-169.482,-102.917
0.710,-2.072,3.847,-152.000,-71.000,45.000,-17.369,-32.280,-169.369,-103.280
0.711,-2.055,3.879,-152.000,-71.000,44.000,-17.224,-32.547,-169.224,-103.547
0.710,-2.050,3.874,-152.000,-69.000,48.000,-17.183,-32.501,-169.183,-101.501
0.713,-2.065,3.836,-152.000,-70.000,52.000,-17.310,-32.182,-169.310,-102.182
0.713,-2.090,3.791,-152.000,-71.000,50.000,-17.517,-31.807,-169.517,-102.807
0.711,-2.109,3.766,-152.000,-71.000,54.000,-17.678,-31.591,-169.678,-102.591
0.710,-2.118,3.762,-153.000,-71.000,48.000,-17.751,-31.561,-170.751,-102.561
0.711,-2.117,3.762,-153.000,-71.000,46.000,-17.745,-31.559,-170.745,-102.559
0.713,-2.113,3.766,-152.000,-71.000,48.000,-17.713,-31.598,-169.713,-102.598
0.712,-2.109,3.782,-152.000,-71.000,49.000,-17.679,-31.731,-169.679,-102.731
0.714,-2.095,3.805,-152.000,-71.000,54.000,-17.558,-31.922,-169.558,-102.922
0.712,-2.085,3.826,-152.000,-71.000,54.000,-17.478,-32.098,-169.478,-103.098
0.714,-2.089,3.830,-153.000,-71.000,53.000,-17.511,-32.131,-170.511,-103.131
0.711,-2.099,3.810,-153.000,-71.000,46.000,-17.589,-31.965,-170.589,-102.965
0.711,-2.104,3.778,-152.000,-71.000,47.000,-17.632,-31.694,-169.632,-102.694
0.711,-2.108,3.762,-152.000,-72.000,45.000,-17.670,-31.565,-169.670,-103.565
0.712,-2.106,3.778,-152.000,-72.000,47.000,-17.651,-31.697,-169.651,-103.697
0.710,-2.086,3.813,-152.000,-72.000,49.000,-17.482,-31.991,-169.482,-103.991
0.711,-2.052,3.853,-152.000,-72.000,56.000,-17.197,-32.324,-169.197,-104.324
0.709,-2.030,3.880,-152.000,-71.000,52.000,-17.016,-32.559,-169.016,-103.559
0.710,-2.040,3.881,-152.000,-71.000,44.000,-17.099,-32.561,-169.099,-103.561
0.710,-2.068,3.862,-152.000,-71.000,40.000,-17.331,-32.404,-169.331,-103.404
0.708,-2.090,3.848,-152.000,-71.000,44.000,-17.518,-32.289,-169.518,-103.289
0.709,-2.102,3.848,-152.000,-71.000,44.000,-17.616,-32.288,-169.616,-103.288
0.709,-2.110,3.866,-152.000,-71.000,52.000,-17.687,-32.438,-169.687,-103.438
0.709,-2.114,3.891,-152.000,-71.000,55.000,-17.721,-32.651,-169.721,-103.651
0.710,-2.106,3.911,-151.000,-71.000,51.000,-17.647,-32.814,-168.647,-103.814
0.710,-2.092,3.923,-152.000,-71.000,46.000,-17.535,-32.920,-169.535,-103.920
0.712,-2.091,3.931,-151.000,-70.000,42.000,-17.528,-32.981,-168.528,-102.981
0.710,-2.102,3.935,-151.000,-69.000,49.000,-17.615,-33.017,-168.615,-102.017
0.711,-2.107,3.937,-152.000,-70.000,49.000,-17.662,-33.037,-169.662,-103.037
0.711,-2.086,3.938,-152.000,-70.000,44.000,-17.487,-33.040,-169.487,-103.040
0.708,-2.045,3.954,-152.000,-71.000,46.000,-17.136,-33.176,-169.136,-104.176
0.711,-2.006,3.981,-153.000,-71.000,52.000,-16.808,-33.407,-169.808,-104.407
0.709,-1.989,4.006,-152.000,-71.000,52.000,-16.671,-33.616,-168.671,-104.616
0.709,-1.996,4.020,-151.000,-69.000,42.000,-16.729,-33.729,-167.729,-102.729
0.711,-2.009,4.010,-151.000,-69.000,44.000,-16.837,-33.651,-167.837,-102.651
0.710,-2.024,3.991,-151.000,-69.000,45.000,-16.961,-33.493,-167.961,-102.493
0.710,-2.037,3.969,-151.000,-70.000,46.000,-17.076,-33.304,-168.076,-103.304
0.711,-2.041,3.948,-152.000,-71.000,56.000,-17.108,-33.123,-169.108,-104.123
0.710,-2.039,3.941,-152.000,-71.000,51.000,-17.087,-33.066,-169.087,-104.066
0.708,-2.033,3.962,-153.000,-71.000,52.000,-17.037,-33.241,-170.037,-104.241
0.707,-2.012,4.003,-153.000,-71.000,45.000,-16.859,-33.590,-169.859,-104.590
0.707,-1.988,4.038,-152.000,-71.000,46.000,-16.662,-33.888,-168.662,-104.888
0.709,-1.984,4.052,-152.000,-70.000,49.000,-16.624,-34.006,-168.624,-104.006
0.707,-2.009,4.043,-152.000,-70.000,46.000,-16.838,-33.928,-168.838,-103.928
0.708,-2.039,4.017,-153.000,-71.000,49.000,-17.086,-33.705,-170.086,-104.705
0.709,-2.061,3.998,-152.000,-70.000,55.000,-17.272,-33.552,-169.272,-103.552
0.709,-2.081,4.012,-151.000,-70.000,57.000,-17.443,-33.665,-168.443,-103.665
0.708,-2.103,4.052,-151.000,-70.000,46.000,-17.629,-34.001,-168.629,-104.001
0.707,-2.126,4.094,-151.000,-70.000,46.000,-17.821,-34.360,-168.821,-104.360
0.709,-2.135,4.124,-151.000,-70.000,43.000,-17.891,-34.605,-168.891,-104.605
0.706,-2.123,4.132,-151.000,-70.000,46.000,-17.797,-34.676,-168.797,-104.676
0.707,-2.103,4.115,-151.000,-70.000,48.000,-17.628,-34.531,-168.628,-104.531
0.708,-2.092,4.074,-150.000,-70.000,57.000,-17.530,-34.184,-167.530,-104.184
0.707,-2.092,4.033,-150.000,-70.000,52.000,-17.533,-33.842,-167.533,-103.842
0.706,-2.090,4.018,-150.000,-70.000,47.000,-17.516,-33.718,-167.516,-103.718
0.707,-2.060,4.025,-151.000,-70.000,47.000,-17.268,-33.773,-168.268,-103.773
0.709,-2.020,4.035,-152.000,-71.000,50.000,-16.927,-33.856,-168.927,-104.856
0.709,-1.999,4.043,-152.000,-71.000,44.000,-16.752,-33.930,-168.752,-104.930
0.709,-2.008,4.053,-152.000,-71.000,51.000,-16.832,-34.011,-168.832,-105.011
0.708,-2.034,4.055,-152.000,-71.000,50.000,-17.049,-34.026,-169.049,-105.026
0.707,-2.055,4.041,-152.000,-71.000,54.000,-17.227,-33.914,-169.227,-104.914
0.708,-2.072,4.028,-152.000,-71.000,45.000,-17.365,-33.802,-169.365,-104.802
0.709,-2.074,4.002,-152.000,-71.000,47.000,-17.379,-33.582,-169.379,-104.582
0.708,-2.057,3.972,-151.000,-71.000,46.000,-17.239,-33.326,-168.239,-104.326
0.707,-2.026,3.968,-151.000,-71.000,47.000,-16.983,-33.291,-167.983,-104.291
0.709,-1.990,4.001,-152.000,-71.000,48.000,-16.675,-33.570,-168.675,-104.570
0.706,-1.954,4.037,-152.000,-71.000,55.000,-16.377,-33.876,-168.377,-104.876
0.709,-1.938,4.057,-153.000,-71.000,59.000,-16.242,-34.048,-169.242,-105.048
0.709,-1.950,4.048,-152.000,-70.000,57.000,-16.345,-33.968,-168.345,-103.968
0.707,-1.974,4.022,-152.000,-70.000,43.000,-16.540,-33.752,-168.540,-103.752
0.709,-1.999,3.997,-152.000,-70.000,43.000,-16.755,-33.542,-168.755,-103.542
0.708,-2.034,3.982,-152.000,-71.000,41.000,-17.047,-33.417,-169.047,-104.417
0.708,-2.070,3.990,-152.000,-71.000,48.000,-17.347,-33.479,-169.347,-104.479
0.708,-2.095,4.019,-152.000,-71.000,51.000,-17.555,-33.721,-169.555,-104.721
0.709,-2.111,4.047,-152.000,-71.000,56.000,-17.693,-33.958,-169.693,-104.958
0.709,-2.129,4.064,-152.000,-71.000,53.000,-17.842,-34.105,-169.842,-105.105
0.708,-2.157,4.071,-152.000,-71.000,43.000,-18.082,-34.166,-170.082,-105.166
0.708,-2.184,4.053,-151.000,-71.000,43.000,-18.302,-34.012,-169.302,-105.012
0.709,-2.211,4.012,-151.000,-71.000,49.000,-18.535,-33.669,-169.535,-104.669
0.709,-2.235,3.984,-151.000,-71.000,46.000,-18.731,-33.430,-169.731,-104.430
0.709,-2.232,3.985,-151.000,-71.000,53.000,-18.708,-33.440,-169.708,-104.440
0.710,-2.200,4.012,-150.000,-71.000,52.000,-18.442,-33.664,-168.442,-104.664
0.707,-2.163,4.060,-150.000,-71.000,51.000,-18.132,-34.067,-168.132,-105.067
0.708,-2.136,4.110,-150.000,-70.000,46.000,-17.905,-34.495,-167.905,-104.495
0.707,-2.117,4.140,-150.000,-70.000,46.000,-17.745,-34.742,-167.745,-104.742
0.708,-2.098,4.148,-151.000,-70.000,42.000,-17.587,-34.810,-168.587,-104.810
0.706,-2.076,4.154,-151.000,-70.000,46.000,-17.397,-34.863,-168.397,-104.863
0.709,-2.043,4.199,-152.000,-70.000,46.000,-17.120,-35.241,-169.120,-105.241
0.708,-1.996,4.279,-151.000,-69.000,52.000,-16.726,-35.912,-167.726,-104.912
0.707,-1.939,4.368,-151.000,-68.000,53.000,-16.252,-36.667,-167.252,-104.667
0.706,-1.895,4.440,-152.000,-68.000,48.000,-15.880,-37.267,-167.880,-105.267
0.708,-1.877,4.476,-152.000,-67.000,41.000,-15.730,-37.577,-167.730,-104.577
0.715,-1.890,4.494,-151.000,-67.000,44.000,-15.838,-37.729,-166.838,-104.729
0.711,-1.908,4.524,-151.000,-66.000,48.000,-15.988,-37.980,-166.988,-103.980
0.709,-1.889,4.592,-150.000,-66.000,50.000,-15.829,-38.553,-165.829,-104.553
0.708,-1.826,4.715,-152.000,-65.000,53.000,-15.302,-39.592,-167.302,-104.592
0.707,-1.703,4.928,-152.000,-63.000,48.000,-14.268,-41.391,-166.268,-104.391
0.706,-1.506,5.243,-154.000,-63.000,43.000,-12.619,-44.048,-166.619,-107.048
0.706,-1.270,5.622,-155.000,-62.000,44.000,-10.644,-47.252,-165.644,-109.252
0.706,-1.043,5.972,-158.000,-59.000,43.000,-8.739,-50.216,-166.739,-109.216
0.708,-0.861,6.229,-159.000,-54.000,40.000,-7.215,-52.387,-166.215,-106.387
0.708,-0.729,6.386,-159.000,-51.000,45.000,-6.107,-53.726,-165.107,-104.726
0.705,-0.644,6.486,-161.000,-49.000,46.000,-5.399,-54.574,-166.399,-103.574
0.706,-0.570,6.588,-162.000,-49.000,53.000,-4.777,-55.433,-166.777,-104.433
0.705,-0.456,6.746,-163.000,-49.000,48.000,-3.822,-56.776,-166.822,-105.776
0.706,-0.269,6.980,-163.000,-47.000,36.000,-2.250,-58.764,-165.250,-105.764
0.703,-0.042,7.265,-164.000,-46.000,37.000,-0.349,-61.194,-164.349,-107.194
0.701,0.201,7.578,-165.000,-43.000,39.000,1.687,-63.862,-163.313,-106.862
0.704,0.444,7.884,-165.000,-41.000,39.000,3.724,-66.471,-161.276,-107.471
0.704,0.662,8.164,-168.000,-37.000,46.000,5.544,-68.862,-162.456,-105.862
0.704,0.868,8.432,-170.000,-35.000,46.000,7.270,-71.157,-162.730,-106.157
0.706,1.071,8.682,-171.000,-33.000,44.000,8.970,-73.299,-162.030,-106.299
0.705,1.259,8.902,-171.000,-32.000,38.000,10.545,-75.181,-160.454,-107.181
0.704,1.417,9.073,-172.000,-31.000,39.000,11.871,-76.651,-160.129,-107.651
0.703,1.546,9.199,-172.000,-31.000,38.000,12.956,-77.738,-159.044,-108.738
0.704,1.668,9.309,-172.000,-31.000,42.000,13.976,-78.680,-158.024,-109.680
0.705,1.791,9.440,-172.000,-31.000,43.000,15.006,-79.804,-156.994,-110.804
0.702,1.933,9.605,-172.000,-31.000,46.000,16.204,-81.226,-155.796,-112.226
0.700,2.097,9.797,-177.000,-25.000,46.000,17.572,-82.885,-159.428,-107.885
0.701,2.270,10.046,-182.000,-21.000,41.000,19.030,-85.038,-162.970,-106.038
0.698,2.477,10.358,-184.000,-17.000,37.000,20.764,-87.735,-163.236,-104.735
0.700,2.702,10.716,-185.000,-16.000,36.000,22.655,-90.836,-162.345,-106.836
0.700,2.910,11.072,-186.000,-15.000,39.000,24.403,-93.926,-161.597,-108.926
0.699,3.093,11.372,-187.000,-10.000,39.000,25.934,-96.541,-161.066,-106.541
0.698,3.231,11.608,-189.000,-5.000,44.000,27.093,-98.601,-161.907,-103.601
0.701,3.337,11.785,-189.000,-3.000,46.000,27.989,-100.150,-161.011,-103.150
0.698,3.439,11.912,-191.000,-3.000,30.000,28.849,-101.256,-162.151,-104.256
0.698,3.549,12.012,-191.000,-3.000,29.000,29.774,-102.132,-161.226,-105.132
0.699,3.659,12.094,-192.000,-3.000,31.000,30.692,-102.849,-161.308,-105.849
0.697,3.764,12.159,-192.000,-2.000,30.000,31.579,-103.416,-160.421,-105.416
0.698,3.869,12.235,-192.000,-2.000,39.000,32.466,-104.086,-159.534,-106.086
0.698,3.991,12.330,-192.000,-2.000,41.000,33.493,-104.923,-158.507,-106.923
0.695,4.112,12.449,-192.000,-1.000,40.000,34.509,-105.969,-157.491,-106.969
0.694,4.217,12.588,-192.000,-1.000,30.000,35.389,-107.184,-156.611,-108.184
0.697,4.314,12.738,-193.000,1.000,28.000,36.212,-108.503,-156.788,-107.503
0.695,4.436,12.911,-193.000,1.000,33.000,37.240,-110.033,-155.760,-109.033
0.694,4.594,13.116,-195.000,1.000,29.000,38.568,-111.839,-156.432,-110.839
0.696,4.768,13.316,-195.000,4.000,31.000,40.034,-113.606,-154.966,-109.606
0.696,4.916,13.494,-195.000,7.000,35.000,41.287,-115.189,-153.713,-108.189
0.695,5.060,13.672,-196.000,12.000,40.000,42.502,-116.764,-153.498,-104.764
0.697,5.240,13.881,-195.000,12.000,36.000,44.019,-118.618,-150.981,-106.618
0.698,5.458,14.120,-195.000,12.000,27.000,45.865,-120.750,-149.135,-108.750
0.695,5.701,14.355,-197.000,14.000,30.000,47.916,-122.844,-149.084,-108.844
0.695,5.960,14.571,-198.000,15.000,28.000,50.108,-124.770,-147.892,-109.770
0.695,6.197,14.764,-198.000,15.000,33.000,52.119,-126.495,-145.881,-111.495
0.695,6.364,14.927,-198.000,16.000,32.000,53.533,-127.958,-144.467,-111.958
0.691,6.449,15.047,-206.000,16.000,37.000,54.261,-129.038,-151.739,-113.038
0.691,6.471,15.119,-209.000,16.000,36.000,54.439,-129.687,-154.561,-113.687
0.695,6.477,15.168,-209.000,17.000,30.000,54.498,-130.122,-154.502,-113.122
0.696,6.496,15.232,-209.000,18.000,31.000,54.655,-130.701,-154.345,-112.701
0.696,6.541,15.314,-209.000,19.000,27.000,55.036,-131.442,-153.964,-112.442
0.694,6.598,15.391,-209.000,19.000,31.000,55.518,-132.132,-153.482,-113.132
0.692,6.656,15.453,-209.000,19.000,36.000,56.017,-132.689,-152.983,-113.689
0.693,6.729,15.510,-209.000,19.000,37.000,56.634,-133.208,-152.366,-114.208
0.694,6.826,15.589,-209.000,20.000,41.000,57.458,-133.921,-151.542,-113.921
0.696,6.926,15.698,-210.000,20.000,35.000,58.304,-134.904,-151.696,-114.904
0.693,7.011,15.826,-210.000,20.000,30.000,59.030,-136.065,-150.970,-116.065
0.692,7.088,15.938,-211.000,20.000,36.000,59.689,-137.072,-151.311,-117.072
0.691,7.164,16.015,-211.000,20.000,32.000,60.332,-137.772,-150.668,-117.772
0.693,7.240,16.066,-211.000,20.000,34.000,60.980,-138.237,-150.020,-118.237
0.693,7.298,16.102,-211.000,20.000,37.000,61.471,-138.567,-149.529,-118.567
0.694,7.332,16.122,-212.000,21.000,36.000,61.760,-138.746,-150.240,-117.746
0.694,7.332,16.125,-212.000,21.000,31.000,61.759,-138.774,-150.241,-117.774
0.695,7.310,16.102,-212.000,21.000,31.000,61.572,-138.566,-150.428,-117.566
0.695,7.279,16.051,-212.000,21.000,35.000,61.313,-138.096,-150.687,-117.096
0.696,7.238,15.981,-212.000,21.000,33.000,60.961,-137.465,-151.039,-116.465
0.696,7.182,15.917,-212.000,21.000,30.000,60.481,-136.883,-151.519,-115.883
0.693,7.131,15.865,-211.000,21.000,38.000,60.050,-136.413,-150.950,-115.413
0.695,7.094,15.824,-210.000,21.000,37.000,59.732,-136.042,-150.268,-115.042
0.695,7.075,15.780,-212.000,21.000,39.000,59.570,-135.650,-152.430,-114.650
0.693,7.058,15.730,-212.000,21.000,29.000,59.432,-135.192,-152.568,-114.192
0.697,7.021,15.653,-211.000,20.000,28.000,59.119,-134.493,-151.881,-114.493
0.696,6.932,15.516,-211.000,20.000,35.000,58.357,-133.256,-152.643,-113.256
0.695,6.792,15.321,-211.000,19.000,32.000,57.171,-131.498,-153.829,-112.498
0.695,6.625,15.100,-211.000,18.000,35.000,55.750,-129.510,-155.250,-111.510
0.697,6.448,14.867,-210.000,17.000,36.000,54.247,-127.422,-155.753,-110.422
0.695,6.267,14.629,-208.000,14.000,37.000,52.710,-125.288,-155.290,-111.288
0.695,6.081,14.376,-208.000,13.000,28.000,51.136,-123.025,-156.864,-110.025
0.695,5.882,14.104,-207.000,12.000,32.000,49.447,-120.607,-157.553,-108.607
0.698,5.666,13.824,-206.000,11.000,29.000,47.624,-118.114,-158.376,-107.114
0.696,5.451,13.539,-205.000,11.000,33.000,45.803,-115.585,-159.197,-104.585
0.695,5.242,13.259,-204.000,8.000,31.000,44.042,-113.104,-159.958,-105.104
0.695,5.043,13.008,-203.000,0.000,38.000,42.355,-110.889,-160.645,-110.889
0.697,4.863,12.793,-202.000,-3.000,43.000,40.840,-108.988,-161.160,-111.988
0.698,4.708,12.611,-201.000,-4.000,25.000,39.530,-107.386,-161.470,-111.386
0.699,4.572,12.436,-201.000,-4.000,31.000,38.384,-105.849,-162.616,-109.849
0.698,4.435,12.247,-200.000,-5.000,30.000,37.231,-104.192,-162.769,-109.192
0.699,4.291,12.041,-200.000,-5.000,29.000,36.012,-102.382,-163.988,-107.382
0.702,4.154,11.834,-200.000,-5.000,34.000,34.864,-100.579,-165.136,-105.579
0.699,4.033,11.657,-199.000,-7.000,42.000,33.846,-99.027,-165.154,-106.027
0.700,3.925,11.511,-197.000,-13.000,42.000,32.930,-97.753,-164.070,-110.753
0.702,3.834,11.382,-196.000,-16.000,30.000,32.171,-96.632,-163.829,-112.632
0.700,3.774,11.254,-196.000,-19.000,33.000,31.662,-95.509,-164.338,-114.509
0.701,3.696,11.111,-196.000,-20.000,38.000,31.008,-94.268,-164.992,-114.268
0.701,3.571,10.924,-195.000,-20.000,31.000,29.952,-92.641,-165.048,-112.641
0.700,3.383,10.671,-194.000,-21.000,35.000,28.371,-90.448,-165.629,-111.448
0.702,3.131,10.365,-193.000,-22.000,41.000,26.260,-87.795,-166.740,-109.795
0.702,2.857,10.028,-193.000,-27.000,49.000,23.951,-84.877,-169.049,-111.877
0.699,2.598,9.700,-194.000,-33.000,48.000,21.776,-82.049,-172.224,-115.049
0.699,2.374,9.438,-192.000,-35.000,39.000,19.900,-79.786,-172.100,-114.786
0.701,2.219,9.260,-190.000,-36.000,38.000,18.598,-78.261,-171.402,-114.261
0.702,2.121,9.169,-189.000,-37.000,40.000,17.776,-77.477,-171.224,-114.477
0.703,2.049,9.131,-188.000,-38.000,39.000,17.170,-77.154,-170.830,-115.154
0.701,1.986,9.083,-188.000,-38.000,43.000,16.646,-76.741,-171.354,-114.741
0.702,1.906,9.002,-188.000,-38.000,50.000,15.976,-76.040,-172.024,-114.040
0.700,1.800,8.868,-188.000,-38.000,48.000,15.086,-74.894,-172.914,-112.894
0.703,1.666,8.681,-188.000,-41.000,37.000,13.958,-73.283,-174.042,-114.283
0.703,1.511,8.462,-188.000,-46.000,42.000,12.665,-71.408,-175.335,-117.408
0.703,1.350,8.241,-184.000,-48.000,43.000,11.312,-69.523,-172.688,-117.523
0.704,1.202,8.033,-184.000,-50.000,38.000,10.070,-67.740,-173.930,-117.740
0.703,1.093,7.832,-184.000,-51.000,44.000,9.155,-66.025,-174.845,-117.025
0.703,1.008,7.646,-183.000,-51.000,47.000,8.441,-64.437,-174.559,-115.437
0.703,0.931,7.480,-182.000,-53.000,49.000,7.798,-63.027,-174.202,-116.027
0.702,0.861,7.333,-182.000,-54.000,40.000,7.215,-61.773,-174.785,-115.773
0.704,0.759,7.200,-181.000,-54.000,35.000,6.355,-60.642,-174.645,-114.642
0.707,0.591,7.055,-181.000,-61.000,40.000,4.948,-59.401,-176.052,-120.401
0.704,0.360,6.868,-178.000,-64.000,43.000,3.018,-57.811,-174.982,-121.811
0.705,0.100,6.632,-176.000,-65.000,44.000,0.837,-55.813,-175.163,-120.813
0.706,-0.149,6.380,-176.000,-66.000,47.000,-1.250,-53.671,-177.250,-119.671
0.704,-0.347,6.151,-176.000,-67.000,46.000,-2.909,-51.727,-178.909,-118.727
0.706,-0.493,5.980,-173.000,-67.000,52.000,-4.126,-50.277,-177.126,-117.277
0.707,-0.600,5.876,-172.000,-68.000,42.000,-5.027,-49.396,-177.027,-117.396
0.706,-0.687,5.791,-171.000,-68.000,46.000,-5.758,-48.679,-176.758,-116.679
0.707,-0.769,5.680,-166.000,-68.000,47.000,-6.446,-47.743,-172.446,-115.743
0.707,-0.846,5.544,-165.000,-70.000,45.000,-7.084,-46.593,-172.084,-116.593
0.706,-0.941,5.401,-165.000,-70.000,45.000,-7.885,-45.378,-172.885,-115.378
0.706,-1.049,5.226,-164.000,-72.000,48.000,-8.788,-43.902,-172.788,-115.902
0.703,-1.168,4.996,-165.000,-73.000,51.000,-9.790,-41.964,-174.790,-114.964
0.704,-1.328,4.738,-165.000,-74.000,45.000,-11.129,-39.782,-176.129,-113.782
0.705,-1.514,4.476,-161.000,-75.000,47.000,-12.684,-37.577,-173.684,-112.577
0.706,-1.693,4.212,-160.000,-79.000,44.000,-14.184,-35.353,-174.184,-114.353
0.706,-1.848,3.988,-159.000,-85.000,50.000,-15.485,-33.467,-174.485,-118.467
0.703,-1.968,3.822,-158.000,-88.000,47.000,-16.495,-32.063,-174.495,-120.063
0.704,-2.063,3.671,-157.000,-88.000,52.000,-17.292,-30.793,-174.292,-118.793
0.705,-2.151,3.505,-156.000,-89.000,53.000,-18.025,-29.398,-174.025,-118.398
0.707,-2.263,3.345,-155.000,-89.000,46.000,-18.966,-28.051,-173.966,-117.051
0.706,-2.408,3.158,-154.000,-90.000,48.000,-20.188,-26.484,-174.188,-116.484
0.706,-2.596,2.921,-153.000,-92.000,47.000,-21.762,-24.489,-174.762,-116.489
0.707,-2.829,2.646,-152.000,-96.000,51.000,-23.716,-22.179,-175.716,-118.179
0.707,-3.088,2.362,-148.000,-100.000,49.000,-25.895,-19.797,-173.895,-119.797
0.709,-3.312,2.082,-146.000,-103.000,53.000,-27.779,-17.451,-173.779,-120.451
0.709,-3.499,1.820,-144.000,-105.000,53.000,-29.351,-15.256,-173.351,-120.256
0.708,-3.686,1.581,-144.000,-106.000,53.000,-30.924,-13.246,-174.924,-119.246
0.711,-3.873,1.339,-142.000,-107.000,51.000,-32.495,-11.220,-174.495,-118.220
0.707,-4.051,1.092,-137.000,-108.000,45.000,-33.992,-9.149,-170.992,-117.149
0.710,-4.224,0.857,-134.000,-109.000,48.000,-35.454,-7.181,-169.454,-116.181
0.710,-4.417,0.644,-133.000,-112.000,51.000,-37.078,-5.397,-170.078,-117.397
0.708,-4.611,0.407,-131.000,-113.000,49.000,-38.714,-3.414,-169.714,-116.414
0.710,-4.791,0.111,-129.000,-113.000,52.000,-40.230,-0.928,-169.230,-113.928
0.710,-4.971,-0.208,-128.000,-115.000,54.000,-41.747,1.739,-169.747,-113.261
0.710,-5.146,-0.484,-127.000,-116.000,45.000,-43.231,4.054,-170.231,-111.946
0.711,-5.315,-0.711,-127.000,-124.000,48.000,-44.654,5.953,-171.654,-118.047
0.710,-5.490,-0.920,-127.000,-127.000,44.000,-46.131,7.705,-173.131,-119.295
0.710,-5.660,-1.123,-124.000,-127.000,47.000,-47.573,9.408,-171.573,-117.592
0.710,-5.804,-1.323,-123.000,-127.000,51.000,-48.792,11.083,-171.792,-115.917
0.711,-5.916,-1.495,-122.000,-129.000,55.000,-49.737,12.524,-171.737,-116.476
0.711,-6.020,-1.615,-122.000,-131.000,54.000,-50.616,13.537,-172.616,-117.463
0.711,-6.124,-1.689,-121.000,-132.000,51.000,-51.501,14.158,-172.501,-117.842
0.711,-6.239,-1.751,-119.000,-132.000,47.000,-52.478,14.670,-171.478,-117.330
0.712,-6.376,-1.830,-116.000,-132.000,47.000,-53.634,15.339,-169.634,-116.661
0.711,-6.536,-1.946,-111.000,-132.000,49.000,-54.999,16.309,-165.999,-115.691
0.711,-6.730,-2.083,-110.000,-133.000,53.000,-56.644,17.462,-166.644,-115.538
0.710,-6.912,-2.223,-109.000,-133.000,51.000,-58.191,18.633,-167.191,-114.367
0.711,-7.053,-2.355,-109.000,-134.000,52.000,-59.388,19.737,-168.388,-114.263
0.711,-7.151,-2.481,-108.000,-135.000,48.000,-60.221,20.796,-168.221,-114.204
0.713,-7.237,-2.588,-108.000,-136.000,48.000,-60.950,21.696,-168.950,-114.304
0.712,-7.326,-2.684,-108.000,-137.000,51.000,-61.709,22.502,-169.709,-114.498
0.712,-7.416,-2.778,-107.000,-137.000,50.000,-62.474,23.291,-169.474,-113.709
0.712,-7.499,-2.896,-107.000,-138.000,50.000,-63.182,24.280,-170.182,-113.719
0.712,-7.584,-3.058,-105.000,-139.000,53.000,-63.912,25.645,-168.912,-113.355
0.711,-7.697,-3.274,-103.000,-143.000,61.000,-64.874,27.457,-167.874,-115.543
0.711,-7.842,-3.511,-103.000,-147.000,48.000,-66.107,29.448,-169.107,-117.552
0.710,-8.002,-3.718,-101.000,-149.000,48.000,-67.478,31.190,-168.478,-117.810
0.711,-8.149,-3.885,-99.000,-150.000,52.000,-68.733,32.596,-167.733,-117.404
0.711,-8.275,-4.023,-98.000,-151.000,52.000,-69.808,33.755,-167.808,-117.245
0.712,-8.385,-4.175,-97.000,-151.000,53.000,-70.755,35.041,-167.755,-115.959
0.712,-8.453,-4.289,-96.000,-152.000,55.000,-71.336,35.995,-167.336,-116.005
0.712,-8.479,-4.321,-96.000,-152.000,55.000,-71.560,36.266,-167.560,-115.734
0.712,-8.490,-4.306,-95.000,-152.000,54.000,-71.649,36.146,-166.649,-115.854
0.711,-8.502,-4.300,-95.000,-152.000,51.000,-71.754,36.094,-166.754,-115.906
0.715,-8.518,-4.321,-95.000,-152.000,52.000,-71.890,36.269,-166.890,-115.731
0.713,-8.562,-4.381,-95.000,-152.000,49.000,-72.264,36.774,-167.264,-115.226
0.713,-8.642,-4.505,-95.000,-152.000,55.000,-72.956,37.821,-167.956,-114.179
0.713,-8.744,-4.658,-95.000,-154.000,58.000,-73.831,39.108,-168.831,-114.892
0.709,-8.837,-4.808,-95.000,-154.000,53.000,-74.622,40.378,-169.622,-113.622
0.712,-8.925,-4.938,-94.000,-158.000,57.000,-75.379,41.467,-169.379,-116.533
0.712,-9.017,-5.043,-93.000,-161.000,54.000,-76.172,42.356,-169.172,-118.644
0.714,-9.099,-5.128,-92.000,-162.000,52.000,-76.875,43.075,-168.875,-118.925
0.712,-9.153,-5.187,-92.000,-163.000,46.000,-77.335,43.574,-169.335,-119.426
0.712,-9.179,-5.213,-91.000,-164.000,52.000,-77.559,43.797,-168.559,-120.203
0.714,-9.206,-5.225,-92.000,-165.000,51.000,-77.796,43.898,-169.796,-121.102
0.713,-9.259,-5.277,-91.000,-165.000,53.000,-78.252,44.335,-169.252,-120.665
0.712,-9.342,-5.374,-91.000,-165.000,57.000,-78.962,45.153,-169.962,-119.847
0.712,-9.444,-5.500,-89.000,-165.000,46.000,-79.844,46.220,-168.844,-118.780
0.713,-9.572,-5.626,-88.000,-165.000,55.000,-80.946,47.282,-168.946,-117.718
0.709,-9.702,-5.755,-88.000,-165.000,50.000,-82.062,48.375,-170.062,-116.625
0.712,-9.844,-5.925,-88.000,-166.000,48.000,-83.293,49.813,-171.293,-116.187
0.719,-9.982,-6.109,-86.000,-167.000,52.000,-84.485,51.374,-170.485,-115.626
0.716,-10.074,-6.241,-85.000,-167.000,55.000,-85.274,52.494,-170.274,-114.506
0.714,-10.083,-6.279,-85.000,-168.000,59.000,-85.350,52.813,-170.350,-115.187
0.713,-10.019,-6.223,-85.000,-168.000,48.000,-84.798,52.342,-169.798,-115.658
0.714,-9.939,-6.131,-85.000,-168.000,50.000,-84.110,51.558,-169.110,-116.441
0.712,-9.915,-6.066,-85.000,-168.000,49.000,-83.902,51.012,-168.902,-116.988
0.711,-9.959,-6.082,-85.000,-168.000,47.000,-84.287,51.146,-169.287,-116.854
0.713,-10.029,-6.163,-85.000,-168.000,52.000,-84.888,51.830,-169.888,-116.170
0.713,-10.108,-6.270,-85.000,-168.000,51.000,-85.566,52.742,-170.566,-115.258
0.712,-10.171,-6.373,-84.000,-168.000,54.000,-86.115,53.615,-170.115,-114.385
0.713,-10.191,-6.417,-83.000,-169.000,46.000,-86.289,53.984,-169.289,-115.016
0.712,-10.162,-6.362,-82.000,-169.000,49.000,-86.040,53.515,-168.040,-115.485
0.712,-10.095,-6.248,-82.000,-168.000,51.000,-85.457,52.552,-167.457,-115.448
0.711,-10.033,-6.149,-84.000,-168.000,49.000,-84.923,51.716,-168.923,-116.284
0.712,-9.999,-6.110,-84.000,-168.000,52.000,-84.629,51.383,-168.629,-116.617
0.711,-9.985,-6.100,-84.000,-168.000,49.000,-84.508,51.295,-168.508,-116.704
0.712,-9.994,-6.104,-84.000,-168.000,55.000,-84.581,51.328,-168.581,-116.672
0.711,-10.028,-6.147,-84.000,-168.000,52.000,-84.879,51.694,-168.879,-116.306
0.709,-10.056,-6.220,-84.000,-168.000,52.000,-85.118,52.312,-169.118,-115.688
0.713,-10.049,-6.259,-84.000,-168.000,52.000,-85.062,52.646,-169.062,-115.354
0.713,-10.010,-6.239,-85.000,-168.000,50.000,-84.723,52.475,-169.723,-115.525
0.713,-9.961,-6.181,-85.000,-168.000,51.000,-84.297,51.983,-169.297,-116.017
0.712,-9.915,-6.106,-85.000,-168.000,54.000,-83.905,51.349,-168.905,-116.651
0.713,-9.875,-6.036,-85.000,-168.000,56.000,-83.558,50.755,-168.558,-117.245
0.713,-9.845,-5.984,-85.000,-168.000,57.000,-83.302,50.314,-168.302,-117.686
0.713,-9.828,-5.929,-85.000,-168.000,49.000,-83.153,49.848,-168.153,-118.152
0.713,-9.808,-5.867,-85.000,-167.000,47.000,-82.980,49.321,-167.980,-117.679
0.712,-9.737,-5.749,-86.000,-166.000,48.000,-82.371,48.322,-168.371,-117.678
0.713,-9.591,-5.537,-86.000,-166.000,46.000,-81.104,46.529,-167.104,-119.471
0.714,-9.373,-5.236,-87.000,-162.000,54.000,-79.231,43.987,-166.231,-118.013
0.715,-9.120,-4.890,-88.000,-160.000,54.000,-77.057,41.066,-165.057,-118.934
0.715,-8.867,-4.550,-92.000,-157.000,55.000,-74.883,38.199,-166.883,-118.801
0.713,-8.622,-4.248,-93.000,-157.000,50.000,-72.778,35.652,-165.778,-121.348
0.714,-8.375,-3.935,-95.000,-155.000,53.000,-70.663,33.018,-165.663,-121.982
0.712,-8.088,-3.539,-97.000,-154.000,44.000,-68.214,29.687,-165.214,-124.313
0.715,-7.708,-3.028,-100.000,-149.000,51.000,-64.969,25.392,-164.969,-123.608
0.714,-7.253,-2.439,-104.000,-143.000,53.000,-61.087,20.448,-165.087,-122.552
0.715,-6.814,-1.822,-106.000,-140.000,56.000,-57.354,15.268,-163.354,-124.732
0.712,-6.470,-1.309,-110.000,-132.000,53.000,-54.432,10.967,-164.432,-121.033
0.712,-6.275,-1.011,-112.000,-128.000,49.000,-52.782,8.471,-164.782,-119.529
0.712,-6.232,-0.895,-113.000,-128.000,46.000,-52.419,7.498,-165.419,-120.502
0.713,-6.276,-0.877,-114.000,-127.000,46.000,-52.791,7.346,-166.791,-119.654
0.712,-6.331,-0.864,-114.000,-127.000,48.000,-53.256,7.238,-167.256,-119.762
0.713,-6.332,-0.773,-114.000,-127.000,51.000,-53.260,6.474,-167.260,-120.526
0.715,-6.238,-0.561,-113.000,-127.000,57.000,-52.465,4.700,-165.465,-122.300
0.711,-6.036,-0.222,-114.000,-125.000,58.000,-50.756,1.859,-164.756,-123.141
0.712,-5.767,0.216,-117.000,-121.000,45.000,-48.475,-1.813,-165.475,-122.813
0.711,-5.464,0.681,-120.000,-118.000,51.000,-45.912,-5.704,-165.912,-123.704
0.710,-5.157,1.103,-121.000,-114.000,44.000,-43.319,-9.244,-164.319,-123.244
0.710,-4.889,1.470,-123.000,-112.000,49.000,-41.054,-12.317,-164.054,-124.317
0.711,-4.701,1.783,-130.000,-107.000,55.000,-39.472,-14.940,-169.472,-121.940
0.711,-4.574,2.041,-131.000,-105.000,60.000,-38.397,-17.104,-169.397,-122.104
0.711,-4.471,2.261,-131.000,-104.000,55.000,-37.529,-18.949,-168.529,-122.949
0.712,-4.347,2.481,-132.000,-104.000,51.000,-36.486,-20.800,-168.486,-124.800
0.710,-4.153,2.759,-134.000,-102.000,47.000,-34.852,-23.130,-168.852,-125.130
0.713,-3.894,3.141,-135.000,-98.000,49.000,-32.674,-26.341,-167.674,-124.341
0.709,-3.599,3.597,-137.000,-92.000,46.000,-30.191,-30.173,-167.191,-122.173
0.708,-3.293,4.027,-139.000,-89.000,50.000,-27.621,-33.794,-166.621,-122.794
0.710,-2.998,4.395,-140.000,-88.000,50.000,-25.140,-36.891,-165.140,-124.891
0.707,-2.723,4.704,-140.000,-87.000,51.000,-22.826,-39.496,-162.826,-126.496
0.708,-2.469,4.967,-150.000,-84.000,55.000,-20.694,-41.714,-170.694,-125.714
0.705,-2.232,5.205,-155.000,-83.000,46.000,-18.712,-43.729,-173.712,-126.729
0.708,-2.005,5.439,-155.000,-81.000,39.000,-16.803,-45.707,-171.803,-126.707
0.708,-1.790,5.710,-155.000,-79.000,42.000,-15.002,-47.997,-170.002,-126.997
0.706,-1.569,6.022,-159.000,-78.000,45.000,-13.146,-50.638,-172.146,-128.638
0.708,-1.331,6.365,-164.000,-76.000,44.000,-11.157,-53.543,-175.157,-129.543
0.706,-1.075,6.757,-169.000,-72.000,50.000,-9.007,-56.870,-178.007,-128.870
0.706,-0.784,7.207,-169.000,-70.000,48.000,-6.568,-60.694,-175.568,-130.694
0.707,-0.490,7.680,-169.000,-68.000,36.000,-4.105,-64.730,-173.105,-132.730
0.705,-0.222,8.104,-172.000,-64.000,40.000,-1.861,-68.348,-173.861,-132.348
0.706,0.001,8.446,-174.000,-56.000,39.000,0.010,-71.271,-173.990,-127.271
0.705,0.203,8.703,-175.000,-54.000,41.000,1.701,-73.474,-173.299,-127.474
0.703,0.389,8.903,-176.000,-53.000,44.000,3.255,-75.188,-172.745,-128.188
0.703,0.554,9.083,-176.000,-53.000,49.000,4.641,-76.736,-171.359,-129.736
0.703,0.757,9.305,-179.000,-48.000,45.000,6.338,-78.648,-172.662,-126.648
0.703,1.005,9.591,-181.000,-46.000,36.000,8.417,-81.110,-172.583,-127.110
0.704,1.284,9.940,-182.000,-43.000,36.000,10.760,-84.118,-171.240,-127.118
0.703,1.587,10.321,-182.000,-40.000,35.000,13.301,-87.408,-168.699,-127.408
0.701,1.899,10.717,-183.000,-36.000,36.000,15.917,-90.847,-167.083,-126.847
0.705,2.205,11.111,-185.000,-29.000,42.000,18.478,-94.272,-166.522,-123.272
0.700,2.492,11.479,-186.000,-24.000,42.000,20.890,-97.470,-165.110,-121.470
0.698,2.736,11.824,-188.000,-24.000,42.000,22.936,-100.483,-165.064,-124.483
0.699,2.946,12.135,-188.000,-24.000,29.000,24.705,-103.206,-163.295,-127.206
0.699,3.133,12.423,-188.000,-20.000,28.000,26.275,-105.739,-161.725,-125.739
0.698,3.312,12.717,-190.000,-14.000,29.000,27.774,-108.326,-162.226,-122.326
0.699,3.499,13.009,-190.000,-12.000,28.000,29.351,-110.893,-160.649,-122.893
0.702,3.706,13.276,-192.000,-11.000,31.000,31.091,-113.253,-160.909,-124.253
0.701,3.930,13.524,-193.000,-10.000,38.000,32.972,-115.447,-160.028,-125.447
0.699,4.168,13.767,-193.000,-7.000,38.000,34.975,-117.609,-158.025,-124.609
0.698,4.395,13.998,-195.000,-2.000,26.000,36.890,-119.664,-158.110,-121.664
0.699,4.592,14.190,-197.000,3.000,32.000,38.552,-121.371,-158.448,-118.371
0.699,4.786,14.359,-197.000,4.000,29.000,40.186,-122.880,-156.814,-118.880
0.698,5.002,14.543,-197.000,5.000,29.000,42.009,-124.521,-154.991,-119.521
0.698,5.232,14.739,-198.000,5.000,36.000,43.954,-126.271,-154.046,-121.271
0.701,5.447,14.916,-198.000,5.000,35.000,45.772,-127.865,-152.228,-122.865
0.699,5.608,15.068,-205.000,5.000,40.000,47.129,-129.223,-157.871,-124.223
0.698,5.695,15.202,-210.000,6.000,41.000,47.868,-130.429,-162.132,-124.429
0.699,5.735,15.324,-210.000,7.000,29.000,48.208,-131.533,-161.792,-124.533
0.699,5.759,15.423,-210.000,9.000,30.000,48.410,-132.420,-161.590,-123.420
0.696,5.783,15.517,-211.000,10.000,29.000,48.614,-133.267,-162.386,-123.267
0.696,5.816,15.625,-211.000,11.000,35.000,48.892,-134.245,-162.108,-123.245
0.696,5.896,15.759,-211.000,12.000,31.000,49.567,-135.454,-161.433,-123.454
0.696,6.046,15.944,-210.000,12.000,35.000,50.841,-137.127,-159.159,-125.127
0.696,6.259,16.195,-212.000,12.000,36.000,52.646,-139.405,-159.354,-127.405
0.696,6.502,16.484,-213.000,12.000,25.000,54.706,-142.040,-158.294,-130.040
0.696,6.737,16.764,-213.000,13.000,30.000,56.703,-144.589,-156.297,-131.589
0.697,6.945,16.998,-213.000,15.000,35.000,58.469,-146.734,-154.531,-131.734
0.695,7.117,17.191,-216.000,23.000,33.000,59.928,-148.503,-156.072,-125.503
0.696,7.233,17.338,-216.000,23.000,38.000,60.918,-149.857,-155.082,-126.857
0.695,7.308,17.483,-219.000,25.000,40.000,61.560,-151.189,-157.440,-126.189
0.694,7.395,17.655,-219.000,26.000,38.000,62.302,-152.773,-156.698,-126.773
0.696,7.513,17.868,-219.000,26.000,29.000,63.302,-154.736,-155.698,-128.736
0.692,7.645,18.105,-219.000,27.000,33.000,64.431,-156.935,-154.569,-129.935
0.691,7.799,18.353,-219.000,27.000,36.000,65.743,-159.242,-153.257,-132.242
0.694,7.988,18.625,-221.000,34.000,34.000,67.354,-161.768,-153.646,-127.768
0.695,8.203,18.910,-224.000,40.000,38.000,69.194,-164.439,-154.806,-124.439
0.692,8.399,19.182,-224.000,41.000,34.000,70.873,-166.986,-153.127,-125.986
0.692,8.548,19.399,-224.000,41.000,38.000,72.146,-169.029,-151.854,-128.029
0.692,8.673,19.549,-224.000,41.000,36.000,73.222,-170.436,-150.778,-129.436
0.694,8.799,19.652,-225.000,41.000,31.000,74.302,-171.414,-150.698,-130.414
0.692,8.944,19.756,-225.000,43.000,33.000,75.544,-172.395,-149.456,-129.395
0.692,9.079,19.881,-231.000,44.000,37.000,76.705,-173.573,-154.295,-129.573
0.693,9.171,19.972,-235.000,45.000,39.000,77.494,-174.436,-157.506,-129.436
0.691,9.220,20.004,-237.000,45.000,40.000,77.918,-174.743,-159.082,-129.743
0.691,9.256,20.015,-236.000,47.000,41.000,78.226,-174.851,-157.774,-127.851
0.692,9.308,20.059,-234.000,47.000,30.000,78.670,-175.269,-155.330,-128.269
0.692,9.428,20.180,-235.000,47.000,34.000,79.702,-176.417,-155.298,-129.417
0.690,9.605,20.374,-237.000,47.000,34.000,81.233,-178.260,-155.767,-131.260
0.690,9.812,20.587,-238.000,47.000,33.000,83.015,-180.299,-154.985,-133.299
0.688,10.017,20.786,-241.000,47.000,37.000,84.783,-182.200,-156.217,-135.200
0.688,10.192,20.969,-241.000,50.000,39.000,86.294,-183.954,-154.706,-133.954
0.689,10.349,21.144,-241.000,50.000,40.000,87.656,-185.645,-153.344,-135.645
0.687,10.503,21.321,-241.000,50.000,41.000,88.985,-187.343,-152.015,-137.343
0.689,10.672,21.497,-243.000,53.000,37.000,90.455,-189.049,-152.544,-136.049
0.688,10.861,21.673,-243.000,60.000,36.000,92.095,-190.753,-150.905,-130.753
0.688,11.056,21.824,-246.000,63.000,35.000,93.786,-192.218,-152.214,-129.218
0.689,11.202,21.931,-248.000,63.000,41.000,95.056,-193.261,-152.944,-130.261
0.687,11.268,21.978,-249.000,63.000,41.000,95.637,-193.719,-153.363,-130.719
0.688,11.267,21.993,-249.000,63.000,41.000,95.622,-193.867,-153.378,-130.867
0.690,11.251,22.009,-249.000,63.000,47.000,95.491,-194.018,-153.509,-131.018
0.690,11.263,22.041,-249.000,63.000,37.000,95.594,-194.329,-153.406,-131.329
0.690,11.307,22.088,-250.000,64.000,39.000,95.977,-194.795,-154.023,-130.795
0.690,11.364,22.136,-250.000,64.000,41.000,96.469,-195.264,-153.531,-131.264
0.690,11.427,22.186,-250.000,64.000,45.000,97.018,-195.746,-152.982,-131.746
0.689,11.511,22.248,-251.000,64.000,47.000,97.753,-196.355,-153.247,-132.355
0.687,11.623,22.316,-251.000,64.000,45.000,98.730,-197.015,-152.270,-133.015
0.688,11.754,22.381,-252.000,64.000,51.000,99.876,-197.659,-152.124,-133.659
0.689,11.885,22.481,-253.000,64.000,36.000,101.021,-198.640,-151.979,-134.640
0.686,12.041,22.622,-253.000,64.000,46.000,102.382,-200.023,-150.618,-136.023
0.683,12.206,22.778,-253.000,70.000,44.000,103.830,-201.560,-149.170,-131.560
0.685,12.329,22.906,-253.000,73.000,44.000,104.911,-202.820,-148.089,-129.820
0.687,12.369,22.981,-253.000,77.000,50.000,105.263,-203.558,-147.737,-126.558
0.687,12.342,23.008,-253.000,77.000,49.000,105.027,-203.831,-147.973,-126.831
0.690,12.295,23.024,-253.000,77.000,53.000,104.613,-203.987,-148.387,-126.987
0.687,12.279,23.049,-253.000,77.000,47.000,104.469,-204.234,-148.531,-127.234
0.689,12.286,23.064,-252.000,77.000,44.000,104.534,-204.383,-147.466,-127.383
0.689,12.295,23.055,-253.000,77.000,44.000,104.616,-204.291,-148.384,-127.291
0.685,12.293,23.034,-253.000,77.000,46.000,104.596,-204.081,-148.404,-127.081
0.687,12.294,22.999,-253.000,77.000,49.000,104.604,-203.741,-148.396,-126.741
0.688,12.305,22.963,-253.000,77.000,46.000,104.702,-203.385,-148.298,-126.385
0.687,12.316,22.923,-253.000,77.000,51.000,104.794,-202.991,-148.206,-125.991
0.690,12.303,22.872,-253.000,77.000,46.000,104.679,-202.488,-148.321,-125.488
0.690,12.249,22.814,-254.000,76.000,45.000,104.206,-201.914,-149.794,-125.914
0.689,12.157,22.737,-254.000,72.000,44.000,103.403,-201.149,-150.597,-129.149
0.690,12.019,22.585,-254.000,72.000,44.000,102.194,-199.655,-151.806,-127.655
0.691,11.790,22.330,-252.000,70.000,44.000,100.193,-197.159,-151.807,-127.159
0.691,11.442,21.978,-251.000,69.000,45.000,97.150,-193.718,-153.850,-124.718
0.691,11.004,21.534,-247.000,68.000,44.000,93.336,-189.403,-153.664,-121.403
0.690,10.525,21.044,-246.000,65.000,39.000,89.175,-184.679,-156.825,-119.679
0.692,10.067,20.575,-245.000,59.000,34.000,85.213,-180.184,-159.787,-121.184
0.692,9.692,20.160,-243.000,54.000,35.000,81.980,-176.225,-161.020,-122.225
0.690,9.400,19.806,-242.000,53.000,36.000,79.460,-172.869,-162.540,-119.869
0.693,9.166,19.496,-240.000,45.000,37.000,77.448,-169.937,-162.552,-124.937
0.696,8.944,19.185,-237.000,39.000,38.000,75.542,-167.013,-161.458,-128.013
0.695,8.693,18.867,-237.000,38.000,42.000,73.388,-164.036,-163.612,-126.036
0.694,8.410,18.558,-236.000,37.000,39.000,70.970,-161.151,-165.030,-124.151
0.693,8.140,18.266,-235.000,37.000,31.000,68.658,-158.428,-166.342,-121.428
0.696,7.902,17.984,-233.000,34.000,31.000,66.626,-155.814,-166.374,-121.814
0.696,7.665,17.703,-227.000,26.000,35.000,64.601,-153.215,-162.399,-127.215
0.694,7.406,17.410,-224.000,22.000,35.000,62.393,-150.518,-161.607,-128.518
0.693,7.126,17.078,-223.000,22.000,33.000,60.012,-147.465,-162.988,-125.465
0.695,6.826,16.689,-222.000,22.000,38.000,57.460,-143.911,-164.540,-121.911
0.695,6.494,16.253,-222.000,21.000,42.000,54.635,-139.935,-167.365,-118.935
0.696,6.157,15.808,-219.000,16.000,33.000,51.778,-135.901,-167.222,-119.901
0.698,5.858,15.388,-216.000,8.000,28.000,49.246,-132.110,-166.754,-124.110
0.699,5.586,14.987,-215.000,7.000,26.000,46.945,-128.496,-168.055,-121.496
0.698,5.330,14.593,-212.000,4.000,31.000,44.779,-124.967,-167.221,-120.967
0.699,5.092,14.247,-210.000,-5.000,32.000,42.774,-121.875,-167.226,-126.875
0.699,4.898,13.948,-209.000,-8.000,31.000,41.133,-119.219,-167.867,-127.219
0.699,4.719,13.674,-208.000,-8.000,39.000,39.625,-116.778,-168.375,-124.778
0.700,4.514,13.382,-206.000,-9.000,24.000,37.894,-114.191,-168.106,-123.191
0.700,4.272,13.058,-206.000,-10.000,26.000,35.851,-111.332,-170.149,-121.332
0.700,4.015,12.730,-207.000,-17.000,27.000,33.693,-108.433,-173.307,-125.433
0.702,3.753,12.413,-205.000,-22.000,33.000,31.488,-105.652,-173.512,-127.652
0.701,3.500,12.118,-202.000,-24.000,35.000,29.362,-103.058,-172.638,-127.058
0.701,3.260,11.844,-200.000,-24.000,36.000,27.342,-100.661,-172.658,-124.661
0.701,3.015,11.567,-200.000,-25.000,38.000,25.281,-98.241,-174.719,-123.241
0.703,2.740,11.269,-200.000,-25.000,42.000,22.972,-95.643,-177.028,-120.643
0.706,2.422,10.918,-199.000,-27.000,35.000,20.299,-92.588,-178.701,-119.588
0.707,2.082,10.530,-194.000,-34.000,37.000,17.449,-89.225,-176.551,-123.225
0.706,1.764,10.152,-192.000,-38.000,35.000,14.782,-85.952,-177.218,-123.952
0.703,1.503,9.802,-191.000,-39.000,42.000,12.594,-82.925,-178.406,-121.925
0.704,1.304,9.459,-189.000,-40.000,43.000,10.925,-79.973,-178.075,-119.973
0.704,1.126,9.123,-189.000,-43.000,49.000,9.435,-77.083,-179.565,-120.083
0.703,0.946,8.832,-187.000,-49.000,49.000,7.930,-74.581,-179.070,-123.581
0.705,0.778,8.570,-187.000,-52.000,38.000,6.522,-72.334,-180.478,-124.334
0.707,0.620,8.307,-185.000,-52.000,39.000,5.197,-70.084,-179.803,-122.084
0.707,0.447,8.021,-183.000,-53.000,43.000,3.746,-67.638,-179.254,-120.638
0.707,0.249,7.688,-183.000,-55.000,39.000,2.090,-64.793,-180.910,-119.793
0.705,0.005,7.308,-183.000,-57.000,43.000,0.042,-61.554,-182.958,-118.554
0.704,-0.274,6.878,-182.000,-62.000,46.000,-2.294,-57.902,-184.294,-119.902
0.708,-0.580,6.419,-179.000,-67.000,52.000,-4.862,-54.003,-183.862,-121.003
0.706,-0.912,5.964,-178.000,-69.000,42.000,-7.639,-50.146,-185.639,-119.146
0.706,-1.240,5.549,-177.000,-72.000,40.000,-10.393,-46.634,-187.393,-118.634
0.709,-1.517,5.186,-175.000,-75.000,45.000,-12.713,-43.563,-187.713,-118.563
0.709,-1.730,4.868,-167.000,-86.000,46.000,-14.495,-40.877,-181.495,-126.877
0.710,-1.920,4.587,-165.000,-89.000,48.000,-16.088,-38.507,-181.088,-127.507
0.713,-2.125,4.325,-164.000,-90.000,52.000,-17.811,-36.301,-181.811,-126.301
0.711,-2.344,4.071,-162.000,-91.000,53.000,-19.648,-34.162,-181.648,-125.162
0.712,-2.561,3.794,-162.000,-91.000,46.000,-21.468,-31.833,-183.468,-122.833
0.710,-2.774,3.495,-159.000,-94.000,44.000,-23.254,-29.320,-182.254,-123.320
0.711,-2.959,3.204,-155.000,-101.000,47.000,-24.811,-26.870,-179.811,-127.870
0.711,-3.117,2.965,-154.000,-104.000,47.000,-26.142,-24.860,-180.142,-128.860
0.710,-3.251,2.746,-152.000,-106.000,48.000,-27.268,-23.022,-179.268,-129.022
0.709,-3.391,2.520,-152.000,-106.000,55.000,-28.440,-21.126,-180.440,-127.126
0.711,-3.554,2.278,-151.000,-109.000,50.000,-29.809,-19.095,-180.809,-128.095
0.711,-3.727,2.018,-150.000,-111.000,52.000,-31.266,-16.913,-181.266,-127.913
0.709,-3.891,1.752,-144.000,-112.000,54.000,-32.645,-14.681,-176.645,-126.681
0.713,-4.050,1.461,-136.000,-113.000,51.000,-33.987,-12.239,-169.987,-125.239
0.712,-4.227,1.137,-136.000,-116.000,43.000,-35.476,-9.525,-171.476,-125.525
0.710,-4.422,0.787,-135.000,-117.000,47.000,-37.122,-6.595,-172.122,-123.595
0.710,-4.648,0.419,-133.000,-119.000,53.000,-39.025,-3.514,-172.025,-122.514
0.713,-4.910,0.060,-127.000,-121.000,52.000,-41.239,-0.506,-168.239,-121.506
0.713,-5.182,-0.251,-122.000,-124.000,51.000,-43.533,2.105,-165.533,-121.895
0.710,-5.420,-0.532,-122.000,-125.000,46.000,-45.542,4.454,-167.542,-120.546
0.712,-5.643,-0.817,-120.000,-127.000,46.000,-47.428,6.843,-167.428,-120.157
0.713,-5.878,-1.103,-116.000,-127.000,44.000,-49.418,9.243,-165.418,-117.757
0.713,-6.082,-1.348,-109.000,-129.000,47.000,-51.143,11.296,-160.143,-117.704
0.713,-6.231,-1.536,-106.000,-130.000,55.000,-52.405,12.872,-158.405,-117.128
0.715,-6.363,-1.695,-105.000,-131.000,54.000,-53.525,14.208,-158.525,-116.792
0.713,-6.496,-1.886,-104.000,-133.000,52.000,-54.653,15.809,-158.653,-117.191
0.713,-6.622,-2.117,-103.000,-133.000,49.000,-55.723,17.741,-158.723,-115.259
0.712,-6.768,-2.371,-103.000,-134.000,46.000,-56.968,19.878,-159.968,-114.122
0.712,-6.953,-2.653,-98.000,-136.000,52.000,-58.540,22.241,-156.540,-113.759
0.713,-7.161,-2.980,-92.000,-138.000,54.000,-60.307,24.991,-152.307,-113.009
0.714,-7.364,-3.329,-92.000,-142.000,51.000,-62.034,27.917,-154.034,-114.083
0.715,-7.566,-3.650,-92.000,-145.000,57.000,-63.759,30.623,-155.759,-114.377
0.713,-7.758,-3.920,-91.000,-145.000,54.000,-65.393,32.889,-156.393,-112.111
0.713,-7.909,-4.119,-90.000,-147.000,50.000,-66.681,34.563,-156.681,-112.437
0.715,-7.992,-4.230,-88.000,-151.000,48.000,-67.393,35.498,-155.393,-115.502
0.716,-8.029,-4.284,-87.000,-152.000,49.000,-67.711,35.953,-154.711,-116.047
0.713,-8.079,-4.351,-87.000,-154.000,48.000,-68.137,36.525,-155.137,-117.475
0.712,-8.189,-4.476,-87.000,-156.000,53.000,-69.071,37.576,-156.071,-118.424
0.712,-8.333,-4.680,-87.000,-156.000,51.000,-70.306,39.292,-157.306,-116.708
0.714,-8.501,-4.914,-84.000,-156.000,57.000,-71.741,41.270,-155.741,-114.730
0.715,-8.680,-5.127,-84.000,-157.000,47.000,-73.282,43.063,-157.282,-113.937
0.712,-8.848,-5.324,-83.000,-159.000,46.000,-74.717,44.735,-157.717,-114.265
0.714,-8.986,-5.500,-82.000,-159.000,49.000,-75.908,46.215,-157.908,-112.785
0.712,-9.075,-5.635,-82.000,-162.000,54.000,-76.671,47.362,-158.671,-114.638
0.712,-9.107,-5.691,-81.000,-162.000,48.000,-76.941,47.834,-157.941,-114.166
0.715,-9.107,-5.662,-81.000,-162.000,56.000,-76.945,47.588,-157.945,-114.412
0.715,-9.067,-5.568,-81.000,-162.000,59.000,-76.596,46.797,-157.596,-115.203
0.715,-8.981,-5.440,-80.000,-159.000,56.000,-75.860,45.713,-155.860,-113.287
0.714,-8.914,-5.356,-81.000,-160.000,48.000,-75.289,45.004,-156.289,-114.996
0.712,-8.936,-5.387,-82.000,-160.000,51.000,-75.471,45.266,-157.471,-114.734
0.711,-9.043,-5.528,-82.000,-161.000,50.000,-76.393,46.451,-158.393,-114.549
0.711,-9.185,-5.706,-81.000,-162.000,50.000,-77.617,47.965,-158.617,-114.035
0.713,-9.336,-5.902,-80.000,-166.000,51.000,-78.914,49.620,-158.914,-116.380
0.710,-9.465,-6.106,-77.000,-167.000,57.000,-80.024,51.349,-157.024,-115.651
0.710,-9.540,-6.260,-76.000,-169.000,54.000,-80.668,52.657,-156.668,-116.343
0.712,-9.550,-6.302,-75.000,-170.000,47.000,-80.758,53.005,-155.758,-116.995
0.711,-9.497,-6.242,-75.000,-170.000,48.000,-80.300,52.499,-155.300,-117.501
0.713,-9.422,-6.130,-75.000,-170.000,49.000,-79.656,51.553,-154.656,-118.447
0.712,-9.345,-6.016,-75.000,-169.000,47.000,-78.987,50.586,-153.987,-118.414
0.713,-9.286,-5.922,-76.000,-168.000,53.000,-78.483,49.789,-154.483,-118.211
0.714,-9.254,-5.871,-77.000,-168.000,57.000,-78.205,49.355,-155.205,-118.645
0.713,-9.256,-5.857,-77.000,-167.000,58.000,-78.222,49.239,-155.222,-117.761
0.713,-9.283,-5.839,-78.000,-167.000,46.000,-78.461,49.086,-156.461,-117.914
0.713,-9.304,-5.812,-78.000,-167.000,49.000,-78.640,48.858,-156.640,-118.142
0.717,-9.283,-5.749,-78.000,-167.000,49.000,-78.457,48.324,-156.457,-118.676
0.715,-9.207,-5.615,-78.000,-166.000,48.000,-77.802,47.188,-155.802,-118.812
0.714,-9.076,-5.410,-79.000,-164.000,57.000,-76.677,45.458,-155.677,-118.542
0.712,-8.912,-5.159,-80.000,-163.000,60.000,-75.272,43.339,-155.272,-119.661
0.711,-8.730,-4.865,-81.000,-162.000,55.000,-73.710,40.859,-154.710,-121.141
0.714,-8.532,-4.532,-83.000,-161.000,52.000,-72.011,38.048,-155.011,-122.952
0.714,-8.328,-4.171,-84.000,-158.000,48.000,-70.267,35.002,-154.267,-122.998
0.712,-8.116,-3.783,-85.000,-155.000,51.000,-68.453,31.738,-153.453,-123.262
0.714,-7.886,-3.367,-87.000,-150.000,52.000,-66.489,28.236,-153.489,-121.764
0.713,-7.630,-2.934,-89.000,-147.000,56.000,-64.301,24.599,-153.301,-122.401
0.715,-7.343,-2.484,-90.000,-145.000,57.000,-61.858,20.821,-151.858,-124.179
0.713,-6.997,-2.017,-93.000,-140.000,53.000,-58.915,16.904,-151.915,-123.096
0.714,-6.600,-1.552,-95.000,-134.000,49.000,-55.538,13.005,-150.538,-120.995
0.714,-6.226,-1.090,-99.000,-131.000,52.000,-52.364,9.132,-151.364,-121.868
0.712,-5.898,-0.659,-102.000,-129.000,48.000,-49.589,5.520,-151.589,-123.480
0.712,-5.605,-0.295,-110.000,-125.000,45.000,-47.108,2.472,-157.108,-122.528
0.712,-5.333,0.029,-114.000,-124.000,49.000,-44.807,-0.244,-158.807,-124.244
0.712,-5.039,0.390,-114.000,-121.000,54.000,-42.324,-3.263,-156.324,-124.263
0.712,-4.639,0.845,-118.000,-119.000,47.000,-38.952,-7.077,-156.952,-126.077
0.711,-4.147,1.385,-127.000,-118.000,56.000,-34.806,-11.605,-161.806,-129.605
0.709,-3.653,1.939,-128.000,-115.000,51.000,-30.641,-16.250,-158.641,-131.250
0.711,-3.214,2.431,-130.000,-111.000,47.000,-26.952,-20.379,-156.952,-131.379
0.712,-2.861,2.840,-133.000,-102.000,50.000,-23.986,-23.813,-156.986,-125.813
0.708,-2.574,3.187,-136.000,-101.000,53.000,-21.581,-26.730,-157.581,-127.730
0.710,-2.315,3.502,-137.000,-98.000,52.000,-19.404,-29.375,-156.404,-127.375
0.709,-2.061,3.834,-141.000,-95.000,48.000,-17.271,-32.166,-158.271,-127.166
0.709,-1.782,4.224,-145.000,-95.000,53.000,-14.937,-35.451,-159.937,-130.451
0.708,-1.459,4.683,-149.000,-94.000,42.000,-12.229,-39.320,-161.229,-133.320
0.706,-1.132,5.195,-152.000,-91.000,46.000,-9.481,-43.638,-161.481,-134.638
0.706,-0.798,5.741,-154.000,-85.000,47.000,-6.686,-48.257,-160.686,-133.257
0.708,-0.437,6.294,-157.000,-79.000,40.000,-3.658,-52.942,-160.658,-131.942
0.705,-0.075,6.843,-160.000,-75.000,47.000,-0.632,-57.598,-160.632,-132.598
0.704,0.277,7.334,-161.000,-72.000,52.000,2.324,-61.779,-158.676,-133.779
0.705,0.597,7.758,-167.000,-66.000,50.000,4.999,-65.392,-162.001,-131.392
0.703,0.883,8.154,-169.000,-63.000,31.000,7.400,-68.777,-161.600,-131.777
0.703,1.171,8.557,-171.000,-59.000,33.000,9.812,-72.223,-161.188,-131.223
0.702,1.479,8.983,-172.000,-58.000,41.000,12.396,-75.876,-159.604,-133.876
0.701,1.806,9.455,-173.000,-53.000,38.000,15.133,-79.939,-157.867,-132.939
0.701,2.167,10.005,-177.000,-46.000,43.000,18.162,-84.680,-158.838,-130.680
0.700,2.613,10.686,-179.000,-44.000,41.000,21.903,-90.580,-157.097,-134.579
0.697,3.164,11.515,-183.000,-35.000,42.000,26.531,-97.788,-156.469,-132.788
0.698,3.794,12.423,-186.000,-30.000,34.000,31.834,-105.734,-154.166,-135.734
0.698,4.425,13.288,-192.000,-22.000,33.000,37.148,-113.358,-154.852,-135.358
0.696,4.963,14.033,-197.000,-14.000,26.000,41.682,-119.973,-155.318,-133.973
0.696,5.375,14.613,-200.000,-10.000,32.000,45.163,-125.146,-154.837,-135.146
0.694,5.639,14.971,-201.000,-6.000,30.000,47.393,-128.352,-153.607,-134.352
0.694,5.763,15.107,-201.000,-3.000,35.000,48.446,-129.579,-152.554,-132.579
0.695,5.797,15.120,-201.000,-1.000,39.000,48.732,-129.690,-152.268,-130.690
0.693,5.797,15.105,-201.000,-1.000,41.000,48.731,-129.556,-152.269,-130.556
0.696,5.833,15.117,-202.000,-1.000,31.000,49.037,-129.667,-152.963,-130.667
0.697,5.925,15.190,-202.000,-1.000,30.000,49.818,-130.321,-152.182,-131.321
0.693,6.061,15.326,-201.000,-1.000,30.000,50.966,-131.544,-150.034,-132.544
0.695,6.235,15.515,-201.000,-1.000,35.000,52.443,-133.253,-148.557,-134.253
0.697,6.432,15.747,-201.000,-1.000,40.000,54.116,-135.348,-146.884,-136.348
0.694,6.632,15.981,-203.000,0.000,35.000,55.811,-137.464,-147.189,-137.464
0.693,6.801,16.185,-211.000,0.000,36.000,57.246,-139.313,-153.754,-139.313
0.694,6.908,16.348,-215.000,1.000,34.000,58.157,-140.800,-156.843,-139.800
0.694,6.968,16.461,-216.000,3.000,35.000,58.661,-141.824,-157.339,-138.824
0.693,7.018,16.524,-216.000,5.000,36.000,59.093,-142.399,-156.907,-137.399
0.695,7.075,16.568,-216.000,5.000,37.000,59.578,-142.802,-156.422,-137.802
0.693,7.120,16.597,-216.000,5.000,33.000,59.959,-143.064,-156.041,-138.064
0.695,7.174,16.642,-216.000,5.000,39.000,60.418,-143.481,-155.582,-138.481
0.694,7.257,16.738,-217.000,5.000,39.000,61.127,-144.351,-155.873,-139.351
0.694,7.374,16.869,-217.000,5.000,30.000,62.119,-145.552,-154.881,-140.552
0.695,7.505,17.022,-218.000,5.000,29.000,63.235,-146.949,-154.765,-141.949
0.694,7.623,17.173,-218.000,5.000,30.000,64.239,-148.337,-153.761,-143.337
0.692,7.725,17.315,-220.000,13.000,35.000,65.113,-149.646,-154.887,-136.646
0.692,7.817,17.433,-221.000,15.000,36.000,65.893,-150.727,-155.107,-135.727
0.693,7.878,17.518,-223.000,17.000,39.000,66.419,-151.507,-156.581,-134.507
0.691,7.907,17.571,-223.000,17.000,34.000,66.664,-151.999,-156.336,-134.999
0.690,7.906,17.592,-223.000,16.000,31.000,66.655,-152.191,-156.345,-136.191
0.693,7.875,17.585,-223.000,17.000,37.000,66.395,-152.129,-156.605,-135.129
0.692,7.824,17.547,-223.000,18.000,38.000,65.954,-151.778,-157.046,-133.778
0.692,7.777,17.500,-221.000,18.000,36.000,65.554,-151.340,-155.446,-133.340
0.693,7.747,17.487,-221.000,17.000,38.000,65.299,-151.220,-155.701,-134.220
0.692,7.744,17.510,-221.000,17.000,39.000,65.276,-151.437,-155.724,-134.437
0.693,7.773,17.548,-221.000,19.000,39.000,65.518,-151.783,-155.482,-132.783
0.692,7.805,17.563,-221.000,19.000,35.000,65.797,-151.925,-155.203,-132.925
0.693,7.807,17.531,-222.000,18.000,35.000,65.816,-151.625,-156.184,-133.625
0.691,7.765,17.448,-223.000,17.000,34.000,65.455,-150.866,-157.545,-133.866
0.692,7.678,17.322,-223.000,16.000,30.000,64.715,-149.702,-158.285,-133.702
0.692,7.575,17.156,-219.000,16.000,36.000,63.829,-148.183,-155.171,-132.183
0.692,7.440,16.969,-219.000,14.000,39.000,62.686,-146.464,-156.314,-132.464
0.692,7.261,16.756,-218.000,14.000,40.000,61.155,-144.521,-156.845,-130.521
0.694,7.050,16.513,-218.000,11.000,38.000,59.361,-142.298,-158.639,-131.298
0.694,6.841,16.239,-218.000,11.000,29.000,57.587,-139.804,-160.413,-128.804
0.696,6.639,15.960,-217.000,11.000,34.000,55.870,-137.276,-161.130,-126.276
0.695,6.448,15.712,-216.000,10.000,29.000,54.247,-135.035,-161.753,-125.035
0.696,6.299,15.499,-215.000,10.000,32.000,52.987,-133.103,-162.013,-123.103
0.697,6.191,15.322,-215.000,9.000,34.000,52.069,-131.515,-162.931,-122.515
0.695,6.095,15.150,-214.000,3.000,32.000,51.253,-129.964,-162.747,-126.964
0.695,5.980,14.937,-214.000,-2.000,40.000,50.281,-128.051,-163.719,-130.051
0.695,5.828,14.672,-214.000,-3.000,30.000,48.990,-125.677,-165.010,-128.677
0.695,5.636,14.367,-213.000,-5.000,28.000,47.371,-122.951,-165.629,-127.951
0.697,5.415,14.038,-212.000,-5.000,30.000,45.498,-120.020,-166.502,-125.020
0.698,5.187,13.712,-211.000,-5.000,30.000,43.577,-117.115,-167.423,-122.115
0.697,4.973,13.406,-209.000,-8.000,34.000,41.770,-114.401,-167.230,-122.401
0.694,4.777,13.125,-209.000,-17.000,38.000,40.113,-111.920,-168.887,-128.920
0.697,4.568,12.848,-209.000,-21.000,35.000,38.349,-109.478,-170.651,-130.478
0.696,4.309,12.534,-206.000,-21.000,26.000,36.167,-106.714,-169.833,-127.714
0.696,3.987,12.134,-205.000,-21.000,34.000,33.457,-103.197,-171.543,-124.197
0.698,3.619,11.648,-205.000,-23.000,34.000,30.362,-98.949,-174.638,-121.949
0.701,3.251,11.140,-203.000,-30.000,33.000,27.264,-94.520,-175.736,-124.520
0.700,2.939,10.701,-203.000,-37.000,34.000,24.643,-90.709,-178.357,-127.709
0.700,2.746,10.400,-201.000,-37.000,45.000,23.023,-88.093,-177.977,-125.093
0.699,2.677,10.223,-200.000,-39.000,49.000,22.439,-86.563,-177.561,-125.563
0.699,2.659,10.096,-200.000,-40.000,36.000,22.291,-85.469,-177.709,-125.469
0.699,2.623,9.941,-199.000,-42.000,33.000,21.993,-84.126,-177.007,-126.126
0.699,2.537,9.716,-199.000,-49.000,36.000,21.268,-82.188,-177.732,-131.188
0.699,2.394,9.422,-197.000,-51.000,37.000,20.069,-79.653,-176.931,-130.653
0.701,2.209,9.081,-197.000,-51.000,45.000,18.514,-76.716,-178.486,-127.716
0.700,2.012,8.733,-196.000,-54.000,50.000,16.866,-73.733,-179.134,-127.733
0.702,1.841,8.421,-195.000,-57.000,46.000,15.431,-71.060,-179.569,-128.060
0.702,1.709,8.167,-195.000,-57.000,50.000,14.325,-68.888,-180.675,-125.888
0.702,1.584,7.975,-194.000,-61.000,40.000,13.271,-67.242,-180.729,-128.242
0.699,1.435,7.800,-193.000,-68.000,42.000,12.027,-65.752,-180.973,-133.752
0.701,1.264,7.606,-191.000,-69.000,38.000,10.588,-64.094,-180.412,-133.094
0.703,1.083,7.389,-190.000,-70.000,41.000,9.076,-62.248,-180.924,-132.248
0.703,0.903,7.130,-190.000,-71.000,47.000,7.569,-60.046,-182.431,-131.046
0.703,0.696,6.832,-188.000,-77.000,51.000,5.833,-57.504,-182.167,-134.504
0.703,0.460,6.533,-185.000,-83.000,51.000,3.850,-54.966,-181.150,-137.966
0.702,0.232,6.272,-185.000,-84.000,44.000,1.940,-52.753,-183.060,-136.753
0.704,0.029,6.056,-185.000,-86.000,44.000,0.240,-50.922,-184.760,-136.922
0.705,-0.163,5.835,-184.000,-88.000,47.000,-1.364,-49.052,-185.364,-137.052
0.705,-0.359,5.579,-183.000,-89.000,46.000,-3.011,-46.886,-186.011,-135.886
0.709,-0.572,5.293,-180.000,-93.000,52.000,-4.791,-44.465,-184.791,-137.465
0.708,-0.796,4.981,-177.000,-99.000,52.000,-6.668,-41.838,-183.668,-140.838
0.705,-1.023,4.682,-177.000,-101.000,50.000,-8.571,-39.310,-185.571,-140.310
0.706,-1.223,4.404,-176.000,-101.000,45.000,-10.247,-36.968,-186.247,-137.968
0.706,-1.414,4.142,-174.000,-103.000,46.000,-11.849,-34.756,-185.849,-137.756
0.707,-1.601,3.891,-174.000,-106.000,47.000,-13.416,-32.647,-187.416,-138.647
0.708,-1.776,3.656,-173.000,-106.000,49.000,-14.884,-30.666,-187.884,-136.666
0.706,-1.940,3.430,-168.000,-114.000,51.000,-16.262,-28.774,-184.262,-142.774
0.707,-2.102,3.210,-166.000,-116.000,51.000,-17.620,-26.918,-183.620,-142.918
0.707,-2.253,3.000,-166.000,-118.000,52.000,-18.887,-25.154,-184.887,-143.154
0.709,-2.398,2.792,-165.000,-119.000,45.000,-20.102,-23.408,-185.102,-142.408
0.710,-2.552,2.581,-165.000,-121.000,49.000,-21.395,-21.639,-186.395,-142.639
0.709,-2.715,2.361,-164.000,-122.000,49.000,-22.763,-19.790,-186.763,-141.790
0.710,-2.888,2.125,-161.000,-124.000,52.000,-24.219,-17.813,-185.219,-141.813
0.710,-3.055,1.879,-154.000,-125.000,56.000,-25.620,-15.745,-179.620,-140.745
0.709,-3.204,1.638,-151.000,-126.000,49.000,-26.871,-13.723,-177.871,-139.723
0.708,-3.344,1.414,-151.000,-129.000,55.000,-28.047,-11.852,-179.047,-140.852
0.710,-3.486,1.212,-151.000,-130.000,50.000,-29.236,-10.158,-180.236,-140.158
0.708,-3.610,1.037,-151.000,-131.000,47.000,-30.282,-8.686,-181.282,-139.686
0.710,-3.722,0.874,-150.000,-132.000,51.000,-31.224,-7.320,-181.224,-139.320
0.709,-3.833,0.710,-149.000,-133.000,50.000,-32.160,-5.947,-181.160,-138.947
0.711,-3.946,0.535,-149.000,-135.000,52.000,-33.108,-4.484,-182.108,-139.484
0.711,-4.075,0.351,-146.000,-140.000,51.000,-34.198,-2.941,-180.198,-142.941
0.717,-4.226,0.150,-145.000,-143.000,53.000,-35.472,-1.258,-180.472,-144.258
0.716,-4.394,-0.079,-145.000,-144.000,51.000,-36.883,0.660,-181.883,-143.340
0.711,-4.553,-0.297,-144.000,-145.000,44.000,-38.227,2.490,-182.227,-142.510
0.711,-4.703,-0.479,-141.000,-146.000,48.000,-39.486,4.011,-180.486,-141.989
0.709,-4.830,-0.635,-140.000,-146.000,48.000,-40.560,5.316,-180.560,-140.684
0.713,-4.933,-0.769,-139.000,-148.000,48.000,-41.431,6.443,-180.431,-141.557
0.712,-5.011,-0.887,-138.000,-148.000,47.000,-42.084,7.433,-180.084,-140.567
0.711,-5.077,-0.989,-135.000,-148.000,55.000,-42.646,8.289,-177.646,-139.711
0.712,-5.149,-1.089,-136.000,-152.000,56.000,-43.255,9.128,-179.255,-142.872
0.712,-5.232,-1.191,-137.000,-154.000,44.000,-43.951,9.983,-180.951,-144.017
0.715,-5.320,-1.301,-137.000,-155.000,49.000,-44.694,10.897,-181.694,-144.103
0.715,-5.413,-1.405,-135.000,-156.000,47.000,-45.486,11.776,-180.486,-144.224
0.714,-5.507,-1.519,-134.000,-157.000,49.000,-46.280,12.730,-180.280,-144.270
0.709,-5.603,-1.634,-133.000,-158.000,50.000,-47.093,13.693,-180.093,-144.307
0.710,-5.696,-1.740,-133.000,-159.000,55.000,-47.880,14.582,-180.880,-144.418
0.714,-5.792,-1.846,-133.000,-160.000,54.000,-48.691,15.474,-181.691,-144.526
0.713,-5.899,-1.975,-133.000,-161.000,47.000,-49.595,16.550,-182.595,-144.450
0.714,-6.016,-2.126,-132.000,-162.000,54.000,-50.582,17.818,-182.582,-144.182
0.711,-6.141,-2.295,-129.000,-162.000,55.000,-51.648,19.233,-180.648,-142.767
0.710,-6.266,-2.465,-126.000,-162.000,52.000,-52.708,20.661,-178.708,-141.339
0.712,-6.368,-2.607,-123.000,-163.000,53.000,-53.573,21.854,-176.573,-141.146
0.715,-6.437,-2.709,-123.000,-166.000,55.000,-54.152,22.712,-177.152,-143.288
0.714,-6.473,-2.770,-122.000,-166.000,58.000,-54.463,23.224,-176.464,-142.776
0.715,-6.482,-2.817,-122.000,-166.000,50.000,-54.538,23.621,-176.538,-142.379
0.714,-6.486,-2.851,-122.000,-166.000,52.000,-54.566,23.906,-176.566,-142.094
0.713,-6.493,-2.868,-123.000,-167.000,53.000,-54.634,24.044,-177.634,-142.956
0.713,-6.523,-2.893,-123.000,-167.000,47.000,-54.886,24.255,-177.886,-142.745
0.713,-6.569,-2.930,-122.000,-167.000,53.000,-55.276,24.571,-177.276,-142.429
0.715,-6.616,-2.970,-119.000,-166.000,55.000,-55.671,24.903,-174.671,-141.097
0.713,-6.658,-3.024,-121.000,-167.000,63.000,-56.029,25.356,-177.029,-141.644
0.714,-6.710,-3.098,-121.000,-167.000,59.000,-56.472,25.975,-177.472,-141.025
0.713,-6.762,-3.179,-120.000,-168.000,51.000,-56.915,26.658,-176.915,-141.342
0.714,-6.809,-3.255,-120.000,-169.000,52.000,-57.314,27.300,-177.314,-141.700
0.714,-6.837,-3.308,-120.000,-169.000,49.000,-57.553,27.746,-177.553,-141.254
0.715,-6.849,-3.339,-119.000,-169.000,55.000,-57.652,28.002,-176.652,-140.998
0.715,-6.855,-3.346,-119.000,-170.000,50.000,-57.708,28.067,-176.708,-141.933
0.714,-6.857,-3.341,-119.000,-170.000,55.000,-57.720,28.020,-176.720,-141.980
0.716,-6.844,-3.321,-119.000,-170.000,56.000,-57.611,27.855,-176.611,-142.145
0.714,-6.813,-3.274,-119.000,-170.000,51.000,-57.348,27.457,-176.348,-142.543
0.712,-6.763,-3.179,-120.000,-169.000,51.000,-56.926,26.658,-176.926,-142.342
0.710,-6.680,-3.034,-120.000,-169.000,52.000,-56.221,25.444,-176.221,-143.556
0.713,-6.578,-2.856,-120.000,-168.000,54.000,-55.349,23.949,-175.349,-144.051
0.712,-6.473,-2.654,-121.000,-168.000,56.000,-54.461,22.249,-175.461,-145.751
0.713,-6.352,-2.416,-121.000,-165.000,59.000,-53.434,20.250,-174.434,-144.750
0.713,-6.193,-2.133,-124.000,-162.000,56.000,-52.084,17.878,-176.084,-144.122
0.713,-5.992,-1.797,-125.000,-162.000,47.000,-50.386,15.063,-175.386,-146.937
0.710,-5.749,-1.414,-125.000,-158.000,49.000,-48.326,11.852,-173.326,-146.148
0.708,-5.451,-0.980,-128.000,-156.000,47.000,-45.806,8.214,-173.806,-147.786
0.712,-5.106,-0.497,-130.000,-156.000,47.000,-42.891,4.165,-172.891,-151.835
0.710,-4.754,0.022,-133.000,-150.000,50.000,-39.921,-0.185,-172.921,-150.185
0.708,-4.417,0.548,-138.000,-144.000,60.000,-37.073,-4.588,-175.073,-148.588
0.710,-4.119,1.040,-141.000,-141.000,57.000,-34.564,-8.716,-175.564,-149.716
0.708,-3.870,1.471,-146.000,-138.000,51.000,-32.467,-12.329,-178.467,-150.329
0.709,-3.670,1.835,-151.000,-136.000,46.000,-30.791,-15.375,-181.791,-151.375
0.710,-3.498,2.157,-152.000,-134.000,49.000,-29.338,-18.077,-181.338,-152.077
0.707,-3.302,2.466,-154.000,-133.000,52.000,-27.694,-20.673,-181.694,-153.673
0.708,-3.059,2.802,-155.000,-127.000,51.000,-25.652,-23.491,-180.652,-150.491
0.707,-2.775,3.181,-157.000,-123.000,50.000,-23.263,-26.678,-180.263,-149.678
0.705,-2.455,3.581,-158.000,-120.000,58.000,-20.577,-30.043,-178.577,-150.043
0.704,-2.137,3.971,-160.000,-119.000,58.000,-17.914,-33.324,-177.914,-152.324
0.703,-1.840,4.337,-163.000,-116.000,46.000,-15.417,-36.404,-178.417,-152.404
0.703,-1.568,4.669,-168.000,-109.000,46.000,-13.140,-39.200,-181.140,-148.200
0.704,-1.323,4.961,-170.000,-108.000,41.000,-11.088,-41.666,-181.088,-149.666
0.703,-1.106,5.220,-171.000,-106.000,44.000,-9.271,-43.849,-180.271,-149.849
0.704,-0.925,5.466,-174.000,-104.000,51.000,-7.751,-45.932,-181.751,-149.932
0.703,-0.754,5.714,-174.000,-102.000,47.000,-6.320,-48.027,-180.320,-150.027
0.700,-0.558,5.970,-174.000,-97.000,45.000,-4.676,-50.198,-178.676,-147.198
0.700,-0.354,6.274,-177.000,-94.000,42.000,-2.970,-52.775,-179.970,-146.775
0.703,-0.152,6.603,-181.000,-92.000,42.000,-1.269,-55.564,-182.269,-147.564
0.699,0.041,6.900,-181.000,-89.000,45.000,0.347,-58.088,-180.653,-147.088
0.700,0.201,7.150,-182.000,-88.000,43.000,1.681,-60.212,-180.319,-148.212
0.698,0.321,7.371,-185.000,-84.000,48.000,2.688,-62.098,-182.312,-146.098
0.700,0.429,7.572,-187.000,-79.000,48.000,3.597,-63.807,-183.403,-142.807
0.698,0.550,7.770,-188.000,-78.000,51.000,4.604,-65.500,-183.396,-143.500
0.700,0.713,8.010,-189.000,-77.000,39.000,5.969,-67.542,-183.031,-144.542
0.698,0.942,8.312,-190.000,-75.000,39.000,7.893,-70.124,-182.107,-145.124
0.698,1.222,8.669,-191.000,-73.000,37.000,10.236,-73.186,-180.764,-146.186
0.699,1.516,9.047,-191.000,-71.000,42.000,12.707,-76.425,-178.293,-147.425
0.698,1.785,9.404,-193.000,-67.000,44.000,14.962,-79.494,-178.038,-146.494
0.698,2.026,9.717,-195.000,-63.000,42.000,16.982,-82.191,-178.018,-145.191
0.698,2.270,9.981,-195.000,-60.000,47.000,19.026,-84.476,-175.974,-144.476
0.695,2.506,10.220,-196.000,-59.000,42.000,21.010,-86.541,-174.990,-145.541
0.694,2.717,10.461,-198.000,-58.000,34.000,22.776,-88.624,-175.224,-146.624
0.692,2.899,10.691,-198.000,-55.000,30.000,24.310,-90.615,-173.690,-145.615
0.693,3.073,10.892,-199.000,-48.000,30.000,25.765,-92.367,-173.235,-140.367
0.694,3.240,11.101,-200.000,-47.000,40.000,27.171,-94.178,-172.829,-141.178
0.696,3.421,11.343,-202.000,-46.000,40.000,28.696,-96.289,-173.304,-142.289
0.693,3.622,11.609,-202.000,-44.000,41.000,30.384,-98.612,-171.616,-142.612
0.693,3.828,11.883,-202.000,-44.000,29.000,32.114,-100.999,-169.886,-144.999
0.692,4.038,12.147,-202.000,-43.000,26.000,33.886,-103.312,-168.114,-146.312
0.693,4.258,12.394,-203.000,-42.000,33.000,35.740,-105.480,-167.260,-147.480
0.693,4.464,12.639,-206.000,-35.000,32.000,37.471,-107.638,-168.529,-142.638
0.695,4.681,12.929,-209.000,-35.000,37.000,39.304,-110.186,-169.696,-145.186
0.694,4.905,13.254,-209.000,-35.000,37.000,41.194,-113.058,-167.806,-148.058
0.694,5.153,13.588,-212.000,-32.000,34.000,43.290,-116.021,-168.710,-148.021
0.691,5.411,13.921,-212.000,-28.000,39.000,45.469,-118.974,-166.531,-146.974
0.691,5.654,14.243,-214.000,-21.000,27.000,47.524,-121.844,-166.476,-142.844
0.693,5.887,14.526,-217.000,-17.000,31.000,49.497,-124.366,-167.503,-141.366
0.694,6.111,14.773,-217.000,-15.000,29.000,51.387,-126.581,-165.613,-141.581
0.694,6.308,15.008,-217.000,-15.000,32.000,53.058,-128.692,-163.942,-143.692
0.689,6.472,15.227,-217.000,-14.000,36.000,54.454,-130.657,-162.546,-144.657
0.689,6.602,15.385,-217.000,-14.000,36.000,55.555,-132.082,-161.445,-146.082
0.691,6.694,15.485,-217.000,-14.000,41.000,56.339,-132.979,-160.661,-146.979
0.689,6.771,15.562,-218.000,-10.000,32.000,56.992,-133.678,-161.008,-143.678
0.691,6.853,15.640,-220.000,-2.000,29.000,57.686,-134.382,-162.314,-136.382
0.692,6.927,15.732,-221.000,-1.000,30.000,58.316,-135.209,-162.684,-136.209
0.689,6.984,15.839,-221.000,-1.000,36.000,58.805,-136.179,-162.195,-137.179
0.687,7.058,15.953,-222.000,0.000,35.000,59.431,-137.212,-162.569,-137.212
0.689,7.164,16.086,-222.000,0.000,44.000,60.334,-138.422,-161.666,-138.422
0.688,7.272,16.237,-222.000,0.000,37.000,61.254,-139.790,-160.746,-139.790
0.690,7.376,16.394,-222.000,0.000,31.000,62.140,-141.218,-159.860,-141.218
0.689,7.465,16.541,-222.000,1.000,31.000,62.898,-142.553,-159.102,-141.553
0.689,7.521,16.660,-222.000,1.000,35.000,63.376,-143.643,-158.624,-142.643
0.689,7.551,16.732,-222.000,1.000,34.000,63.631,-144.301,-158.369,-143.301
0.690,7.580,16.765,-223.000,1.000,38.000,63.872,-144.600,-159.128,-143.600
0.691,7.612,16.799,-223.000,2.000,41.000,64.151,-144.908,-158.849,-142.908
0.689,7.645,16.838,-223.000,2.000,42.000,64.434,-145.265,-158.566,-143.265
0.687,7.671,16.869,-223.000,2.000,28.000,64.647,-145.554,-158.353,-143.554
0.689,7.684,16.886,-223.000,2.000,33.000,64.763,-145.709,-158.237,-143.709
0.688,7.691,16.898,-223.000,2.000,33.000,64.824,-145.821,-158.176,-143.821
0.688,7.688,16.928,-223.000,3.000,33.000,64.799,-146.088,-158.201,-143.088
0.690,7.701,16.976,-223.000,8.000,35.000,64.905,-146.533,-158.095,-138.533
0.690,7.739,17.038,-223.000,12.000,39.000,65.233,-147.095,-157.767,-135.095
0.690,7.774,17.080,-224.000,12.000,37.000,65.527,-147.484,-158.473,-135.484
0.691,7.785,17.071,-224.000,14.000,35.000,65.620,-147.397,-158.380,-133.397
0.692,7.754,16.995,-223.000,14.000,34.000,65.357,-146.705,-157.643,-132.705
0.692,7.659,16.827,-223.000,12.000,36.000,64.551,-145.169,-158.449,-133.169
0.692,7.486,16.549,-224.000,12.000,32.000,63.072,-142.630,-160.928,-130.630
0.692,7.236,16.170,-223.000,8.000,36.000,60.945,-139.180,-162.055,-131.180
0.694,6.939,15.727,-221.000,7.000,40.000,58.421,-135.169,-162.579,-128.169
0.694,6.633,15.271,-220.000,7.000,37.000,55.819,-131.048,-164.181,-124.048
0.694,6.336,14.830,-214.000,-1.000,35.000,53.300,-127.087,-160.700,-128.087
0.696,6.062,14.422,-212.000,-5.000,28.000,50.977,-123.440,-161.023,-128.440
0.696,5.830,14.081,-211.000,-6.000,30.000,49.012,-120.399,-161.988,-126.399
0.694,5.646,13.803,-210.000,-7.000,35.000,47.457,-117.925,-162.543,-124.925
0.697,5.501,13.570,-209.000,-7.000,30.000,46.228,-115.855,-162.772,-122.855
0.697,5.355,13.348,-209.000,-16.000,40.000,44.997,-113.889,-164.003,-129.889
0.697,5.184,13.113,-209.000,-21.000,40.000,43.550,-111.817,-165.450,-132.817
0.697,4.995,12.858,-208.000,-22.000,37.000,41.956,-109.560,-166.044,-131.560
0.696,4.789,12.566,-207.000,-23.000,30.000,40.212,-106.997,-166.788,-129.997
0.695,4.566,12.245,-207.000,-24.000,37.000,38.331,-104.176,-168.669,-128.176
0.699,4.338,11.917,-206.000,-25.000,29.000,36.414,-101.297,-169.586,-126.297
0.696,4.112,11.610,-206.000,-25.000,35.000,34.510,-98.615,-171.490,-123.615
0.698,3.908,11.334,-206.000,-30.000,36.000,32.793,-96.207,-173.207,-126.207
0.699,3.731,11.075,-206.000,-34.000,46.000,31.300,-93.951,-174.700,-127.951
0.699,3.568,10.837,-205.000,-36.000,41.000,29.930,-91.882,-175.070,-127.882
0.697,3.423,10.602,-204.000,-37.000,30.000,28.712,-89.844,-175.288,-126.844
0.697,3.297,10.348,-202.000,-38.000,35.000,27.655,-87.645,-174.345,-125.645
0.699,3.181,10.072,-202.000,-39.000,39.000,26.679,-85.256,-175.321,-124.256
0.699,3.055,9.782,-202.000,-45.000,39.000,25.615,-82.759,-176.385,-127.759
0.699,2.906,9.488,-198.000,-50.000,37.000,24.369,-80.221,-173.631,-130.221
0.700,2.740,9.184,-200.000,-52.000,47.000,22.971,-77.609,-177.029,-129.609
0.698,2.546,8.876,-199.000,-52.000,49.000,21.347,-74.964,-177.653,-126.964
0.701,2.320,8.566,-197.000,-53.000,32.000,19.445,-72.298,-177.555,-125.298
0.702,2.074,8.249,-195.000,-56.000,39.000,17.382,-69.591,-177.618,-125.591
0.702,1.821,7.929,-194.000,-60.000,37.000,15.262,-66.852,-178.738,-126.852
0.703,1.575,7.619,-191.000,-64.000,43.000,13.200,-64.204,-177.800,-128.204
0.706,1.344,7.328,-191.000,-67.000,44.000,11.261,-61.731,-179.739,-128.731
0.705,1.132,7.048,-189.000,-67.000,45.000,9.487,-59.344,-179.513,-126.344
0.703,0.929,6.757,-188.000,-68.000,50.000,7.784,-56.873,-180.216,-124.873
0.703,0.730,6.468,-184.000,-81.000,44.000,6.112,-54.414,-177.888,-135.414
0.702,0.561,6.209,-182.000,-87.000,42.000,4.698,-52.225,-177.302,-139.225
0.704,0.428,6.000,-179.000,-87.000,42.000,3.589,-50.449,-175.411,-137.449
0.706,0.313,5.816,-179.000,-87.000,45.000,2.622,-48.892,-176.378,-135.892
0.704,0.189,5.619,-178.000,-88.000,42.000,1.582,-47.225,-176.418,-135.225
0.705,0.038,5.390,-177.000,-90.000,46.000,0.315,-45.288,-176.685,-135.288
0.708,-0.140,5.136,-177.000,-97.000,52.000,-1.174,-43.144,-178.174,-140.144
0.708,-0.336,4.854,-174.000,-100.000,54.000,-2.815,-40.765,-176.815,-140.765
0.707,-0.553,4.552,-174.000,-101.000,46.000,-4.632,-38.215,-178.632,-139.215
0.709,-0.786,4.241,-173.000,-103.000,47.000,-6.586,-35.597,-179.586,-138.597
0.706,-1.014,3.949,-172.000,-107.000,43.000,-8.495,-33.136,-180.495,-140.136
0.707,-1.219,3.682,-170.000,-111.000,51.000,-10.214,-30.888,-180.214,-141.888
0.708,-1.402,3.459,-170.000,-115.000,48.000,-11.746,-29.010,-181.746,-144.010
0.706,-1.555,3.273,-169.000,-116.000,54.000,-13.031,-27.447,-182.031,-143.447
0.707,-1.680,3.111,-166.000,-117.000,52.000,-14.081,-26.086,-180.081,-143.086
0.707,-1.792,2.952,-165.000,-118.000,48.000,-15.020,-24.749,-180.020,-142.749
0.707,-1.911,2.795,-165.000,-118.000,48.000,-16.012,-23.435,-181.012,-141.435
0.707,-2.026,2.638,-164.000,-119.000,50.000,-16.978,-22.117,-180.978,-141.117
0.707,-2.147,2.464,-164.000,-121.000,51.000,-17.994,-20.651,-181.994,-141.651
0.707,-2.295,2.254,-164.000,-126.000,50.000,-19.238,-18.889,-183.238,-144.889
0.706,-2.483,1.982,-162.000,-127.000,51.000,-20.812,-16.611,-182.812,-143.611
0.706,-2.703,1.665,-161.000,-130.000,57.000,-22.665,-13.952,-183.665,-143.952
0.707,-2.933,1.351,-161.000,-133.000,60.000,-24.593,-11.322,-185.593,-144.322
0.707,-3.145,1.073,-159.000,-134.000,45.000,-26.374,-8.987,-185.374,-142.987
0.709,-3.323,0.859,-156.000,-136.000,50.000,-27.874,-7.193,-183.874,-143.193
0.710,-3.442,0.723,-154.000,-137.000,51.000,-28.868,-6.054,-182.868,-143.054
0.707,-3.496,0.661,-150.000,-138.000,47.000,-29.328,-5.536,-179.328,-143.536
0.708,-3.522,0.630,-150.000,-139.000,52.000,-29.545,-5.279,-179.545,-144.279
0.709,-3.551,0.586,-149.000,-139.000,53.000,-29.783,-4.908,-178.783,-143.908
0.705,-3.593,0.511,-148.000,-139.000,52.000,-30.143,-4.278,-178.143,-143.278
0.706,-3.648,0.412,-146.000,-139.000,50.000,-30.601,-3.452,-176.601,-142.452
0.706,-3.729,0.282,-146.000,-140.000,49.000,-31.284,-2.359,-177.284,-142.359
0.705,-3.853,0.085,-146.000,-142.000,52.000,-32.327,-0.711,-178.327,-142.711
0.705,-4.015,-0.184,-146.000,-144.000,54.000,-33.690,1.542,-179.690,-142.458
0.706,-4.185,-0.476,-144.000,-145.000,52.000,-35.121,3.990,-179.121,-141.010
0.708,-4.346,-0.734,-143.000,-147.000,56.000,-36.477,6.150,-179.477,-140.850
0.710,-4.481,-0.922,-143.000,-149.000,57.000,-37.613,7.725,-180.613,-141.275
0.710,-4.569,-1.021,-141.000,-152.000,49.000,-38.363,8.552,-179.363,-143.448
0.708,-4.598,-1.041,-139.000,-155.000,48.000,-38.599,8.723,-177.599,-146.277
0.711,-4.603,-1.041,-137.000,-155.000,49.000,-38.648,8.725,-175.648,-146.275
0.710,-4.623,-1.066,-136.000,-155.000,42.000,-38.817,8.931,-174.817,-146.069
0.712,-4.658,-1.118,-136.000,-156.000,43.000,-39.110,9.368,-175.110,-146.632
0.709,-4.702,-1.194,-136.000,-156.000,50.000,-39.477,10.004,-175.477,-145.996
0.709,-4.753,-1.293,-133.000,-156.000,53.000,-39.911,10.833,-172.911,-145.167
0.709,-4.817,-1.419,-133.000,-156.000,55.000,-40.451,11.888,-173.451,-144.112
0.709,-4.892,-1.564,-133.000,-157.000,50.000,-41.082,13.109,-174.082,-143.891
0.710,-4.965,-1.708,-133.000,-158.000,43.000,-41.703,14.315,-174.703,-143.685
0.710,-5.017,-1.803,-133.000,-159.000,48.000,-42.137,15.114,-175.137,-143.886
0.708,-5.036,-1.841,-133.000,-160.000,56.000,-42.298,15.425,-175.298,-144.575
0.708,-5.028,-1.854,-132.000,-160.000,55.000,-42.234,15.539,-174.234,-144.461
0.709,-5.020,-1.877,-132.000,-161.000,56.000,-42.164,15.733,-174.164,-145.267
0.709,-5.029,-1.917,-132.000,-161.000,55.000,-42.236,16.068,-174.236,-144.932
0.708,-5.063,-1.966,-132.000,-161.000,51.000,-42.523,16.476,-174.523,-144.524
0.709,-5.125,-2.042,-132.000,-161.000,50.000,-43.052,17.117,-175.052,-143.883
0.708,-5.223,-2.168,-132.000,-161.000,46.000,-43.879,18.170,-175.879,-142.830
0.707,-5.348,-2.340,-131.000,-162.000,49.000,-44.930,19.614,-175.930,-142.386
0.708,-5.474,-2.519,-128.000,-164.000,54.000,-45.997,21.117,-173.997,-142.883
0.708,-5.577,-2.664,-123.000,-164.000,55.000,-46.871,22.330,-169.871,-141.670
0.708,-5.637,-2.753,-122.000,-167.000,62.000,-47.376,23.085,-169.376,-143.915
0.711,-5.666,-2.805,-120.000,-167.000,50.000,-47.622,23.518,-167.622,-143.482
0.710,-5.679,-2.819,-120.000,-167.000,54.000,-47.730,23.633,-167.730,-143.367
0.710,-5.664,-2.791,-120.000,-167.000,51.000,-47.603,23.404,-167.603,-143.596
0.712,-5.609,-2.735,-122.000,-167.000,55.000,-47.145,22.930,-169.145,-144.070
0.711,-5.544,-2.648,-122.000,-167.000,56.000,-46.590,22.203,-168.590,-144.797
0.709,-5.488,-2.539,-122.000,-165.000,57.000,-46.117,21.281,-168.117,-143.719
0.710,-5.438,-2.410,-122.000,-165.000,60.000,-45.691,20.200,-167.691,-144.800
0.709,-5.373,-2.254,-122.000,-163.000,58.000,-45.149,18.890,-167.149,-144.110
0.708,-5.277,-2.068,-123.000,-162.000,47.000,-44.332,17.336,-167.332,-144.664
0.707,-5.143,-1.843,-124.000,-160.000,50.000,-43.206,15.449,-167.206,-144.551
0.708,-4.982,-1.564,-125.000,-159.000,53.000,-41.843,13.107,-166.843,-145.893
0.709,-4.799,-1.249,-127.000,-158.000,50.000,-40.294,10.466,-167.294,-147.534
0.710,-4.577,-0.908,-130.000,-156.000,55.000,-38.430,7.605,-168.430,-148.395
0.709,-4.319,-0.558,-135.000,-153.000,56.000,-36.254,4.677,-171.254,-148.323
0.707,-4.073,-0.229,-139.000,-151.000,58.000,-34.178,1.915,-173.178,-149.085
0.709,-3.867,0.068,-140.000,-150.000,50.000,-32.449,-0.570,-172.449,-150.570
0.709,-3.694,0.345,-141.000,-149.000,54.000,-30.993,-2.889,-171.993,-151.889
0.707,-3.536,0.611,-143.000,-147.000,52.000,-29.663,-5.115,-172.663,-152.115
0.705,-3.395,0.855,-147.000,-146.000,55.000,-28.474,-7.163,-175.474,-153.163
0.705,-3.281,1.085,-152.000,-144.000,52.000,-27.520,-9.087,-179.520,-153.087
0.705,-3.172,1.306,-154.000,-143.000,54.000,-26.604,-10.946,-180.604,-153.946
0.706,-3.039,1.545,-155.000,-140.000,56.000,-25.484,-12.949,-180.484,-152.949
0.706,-2.859,1.826,-156.000,-140.000,48.000,-23.975,-15.306,-179.975,-155.306
0.705,-2.635,2.132,-156.000,-138.000,47.000,-22.089,-17.871,-178.089,-155.871
0.705,-2.381,2.462,-158.000,-134.000,48.000,-19.959,-20.639,-177.959,-154.639
0.702,-2.116,2.809,-162.000,-130.000,47.000,-17.734,-23.550,-179.734,-153.550
0.705,-1.852,3.159,-164.000,-127.000,50.000,-15.523,-26.493,-179.523,-153.493
0.703,-1.609,3.522,-164.000,-124.000,55.000,-13.484,-29.547,-177.484,-153.547
0.704,-1.374,3.896,-165.000,-120.000,55.000,-11.517,-32.691,-176.516,-152.691
0.704,-1.148,4.254,-168.000,-114.000,53.000,-9.620,-35.704,-177.620,-149.704
0.704,-0.952,4.565,-170.000,-112.000,45.000,-7.974,-38.324,-177.974,-150.324
0.705,-0.796,4.831,-170.000,-110.000,47.000,-6.668,-40.570,-176.668,-150.570
0.702,-0.643,5.073,-170.000,-107.000,45.000,-5.391,-42.611,-175.391,-149.611
0.702,-0.481,5.309,-170.000,-106.000,49.000,-4.027,-44.601,-174.027,-150.601
0.702,-0.297,5.562,-171.000,-102.000,52.000,-2.487,-46.744,-173.487,-148.744
0.701,-0.093,5.839,-173.000,-99.000,56.000,-0.776,-49.090,-173.776,-148.090
0.702,0.129,6.140,-175.000,-97.000,51.000,1.078,-51.635,-173.922,-148.635
0.701,0.380,6.474,-175.000,-95.000,40.000,3.181,-54.467,-171.819,-149.467
0.699,0.645,6.846,-176.000,-92.000,39.000,5.406,-57.624,-170.594,-149.624
0.700,0.901,7.241,-176.000,-89.000,43.000,7.548,-60.984,-168.452,-149.984
0.697,1.129,7.632,-178.000,-81.000,39.000,9.461,-64.320,-168.539,-145.320
0.699,1.328,7.999,-180.000,-80.000,44.000,11.124,-67.449,-168.876,-147.449
0.702,1.527,8.297,-180.000,-78.000,51.000,12.795,-70.003,-167.205,-148.003
0.700,1.700,8.518,-182.000,-74.000,49.000,14.247,-71.892,-167.753,-145.892
0.697,1.830,8.670,-182.000,-74.000,38.000,15.333,-73.193,-166.667,-147.193
0.700,1.923,8.802,-182.000,-73.000,42.000,16.113,-74.328,-165.887,-147.328
0.697,2.023,8.982,-183.000,-67.000,41.000,16.956,-75.866,-166.044,-142.866
0.699,2.174,9.225,-183.000,-64.000,40.000,18.217,-77.957,-164.783,-141.957
0.697,2.363,9.509,-184.000,-63.000,42.000,19.805,-80.398,-164.195,-143.398
0.698,2.568,9.798,-185.000,-62.000,44.000,21.531,-82.895,-163.469,-144.895
0.696,2.771,10.085,-186.000,-61.000,49.000,23.229,-85.371,-162.771,-146.371
0.697,2.947,10.366,-187.000,-59.000,48.000,24.711,-87.800,-162.289,-146.800
0.696,3.093,10.616,-187.000,-55.000,36.000,25.934,-89.969,-161.066,-144.969
0.694,3.219,10.819,-187.000,-50.000,32.000,27.000,-91.732,-160.000,-141.732
0.694,3.340,10.985,-189.000,-47.000,34.000,28.013,-93.171,-160.987,-140.171
0.694,3.484,11.145,-191.000,-47.000,41.000,29.221,-94.567,-161.779,-141.567
0.697,3.644,11.343,-192.000,-47.000,36.000,30.566,-96.287,-161.434,-143.287
0.695,3.798,11.564,-193.000,-45.000,42.000,31.865,-98.215,-161.135,-143.215
0.696,3.950,11.781,-193.000,-45.000,41.000,33.146,-100.114,-159.854,-145.114
0.696,4.104,11.997,-193.000,-42.000,31.000,34.443,-101.997,-158.557,-143.997
0.696,4.265,12.205,-193.000,-42.000,33.000,35.800,-103.823,-157.200,-145.823
0.695,4.415,12.419,-193.000,-39.000,32.000,37.057,-105.701,-155.943,-144.701
0.694,4.539,12.640,-192.000,-36.000,34.000,38.106,-107.643,-153.894,-143.643
0.694,4.657,12.861,-192.000,-35.000,36.000,39.100,-109.593,-152.900,-144.593
0.694,4.785,13.077,-193.000,-32.000,35.000,40.176,-111.497,-152.824,-143.497
0.693,4.907,13.291,-194.000,-32.000,42.000,41.211,-113.389,-152.789,-145.389
0.691,5.026,13.511,-196.000,-31.000,31.000,42.212,-115.339,-153.788,-146.339
0.689,5.158,13.744,-196.000,-31.000,29.000,43.327,-117.398,-152.673,-148.398
0.690,5.311,13.980,-197.000,-31.000,29.000,44.622,-119.497,-152.378,-150.497
0.691,5.467,14.195,-197.000,-30.000,26.000,45.941,-121.418,-151.059,-151.418
0.694,5.608,14.362,-200.000,-25.000,33.000,47.133,-122.903,-152.867,-147.903
0.692,5.717,14.490,-200.000,-20.000,36.000,48.054,-124.049,-151.946,-144.049
0.690,5.798,14.608,-200.000,-18.000,35.000,48.737,-125.098,-151.263,-143.098
0.691,5.889,14.703,-201.000,-17.000,38.000,49.511,-125.950,-151.489,-142.950
0.688,5.992,14.759,-201.000,-17.000,31.000,50.385,-126.455,-150.615,-143.455
0.688,6.093,14.806,-202.000,-17.000,28.000,51.236,-126.871,-150.764,-143.871
0.689,6.207,14.886,-202.000,-17.000,36.000,52.202,-127.595,-149.798,-144.595
0.690,6.363,15.023,-203.000,-17.000,30.000,53.525,-128.827,-149.475,-145.827
0.691,6.545,15.187,-203.000,-17.000,37.000,55.070,-130.295,-147.930,-147.295
0.689,6.723,15.361,-204.000,-17.000,39.000,56.580,-131.862,-147.420,-148.862
0.691,6.890,15.550,-204.000,-16.000,39.000,58.002,-133.565,-145.998,-149.565
0.691,7.055,15.755,-203.000,-16.000,33.000,59.406,-135.415,-143.594,-151.415
0.690,7.203,15.972,-204.000,-14.000,37.000,60.660,-137.382,-143.340,-151.382
0.690,7.317,16.152,-206.000,-5.000,36.000,61.635,-139.019,-144.365,-144.019
0.689,7.394,16.257,-206.000,-3.000,31.000,62.292,-139.972,-143.708,-142.972
0.688,7.431,16.295,-206.000,-3.000,37.000,62.605,-140.313,-143.395,-143.313
0.690,7.467,16.286,-207.000,-3.000,41.000,62.912,-140.236,-144.088,-143.236
0.689,7.515,16.251,-209.000,-4.000,39.000,63.324,-139.921,-145.676,-143.921
0.690,7.552,16.196,-209.000,-4.000,34.000,63.638,-139.419,-145.362,-143.419
0.689,7.584,16.152,-209.000,-4.000,26.000,63.909,-139.017,-145.091,-143.017
0.689,7.635,16.166,-209.000,-4.000,32.000,64.348,-139.142,-144.652,-143.142
0.689,7.714,16.232,-208.000,-3.000,30.000,65.021,-139.746,-142.979,-142.746
0.689,7.792,16.291,-207.000,-3.000,35.000,65.683,-140.276,-141.317,-143.276
0.690,7.810,16.277,-208.000,-3.000,41.000,65.835,-140.154,-142.165,-143.154
0.688,7.719,16.165,-208.000,-3.000,41.000,65.058,-139.138,-142.942,-142.138
0.690,7.548,15.959,-208.000,-3.000,32.000,63.603,-137.265,-144.397,-140.265
0.690,7.323,15.691,-208.000,-7.000,34.000,61.682,-134.839,-146.318,-141.839
0.691,7.030,15.349,-206.000,-9.000,37.000,59.194,-131.758,-146.806,-140.758
0.691,6.653,14.909,-206.000,-11.000,29.000,55.989,-127.798,-150.011,-138.798
0.692,6.203,14.387,-202.000,-11.000,37.000,52.173,-123.129,-149.827,-134.129
0.691,5.728,13.826,-202.000,-16.000,35.000,48.148,-118.130,-153.852,-134.130
0.693,5.280,13.276,-201.000,-22.000,36.000,44.355,-113.259,-156.645,-135.259
0.693,4.874,12.745,-198.000,-25.000,40.000,40.934,-108.570,-157.066,-133.570
0.694,4.515,12.223,-198.000,-25.000,31.000,37.902,-103.984,-160.098,-128.984
0.694,4.166,11.720,-198.000,-35.000,34.000,34.960,-99.579,-163.040,-134.579
0.693,3.829,11.253,-195.000,-40.000,34.000,32.127,-95.503,-162.873,-135.503
0.692,3.555,10.845,-194.000,-41.000,44.000,29.818,-91.959,-164.182,-132.959
0.693,3.362,10.521,-193.000,-42.000,43.000,28.197,-89.141,-164.803,-131.141
0.694,3.208,10.272,-193.000,-46.000,46.000,26.899,-86.985,-166.101,-132.985
0.694,3.057,10.053,-193.000,-49.000,46.000,25.631,-85.096,-167.369,-134.096
0.695,2.911,9.832,-192.000,-53.000,37.000,24.410,-83.187,-167.590,-136.187
0.695,2.764,9.602,-192.000,-54.000,39.000,23.174,-81.200,-168.826,-135.200
0.696,2.605,9.352,-191.000,-55.000,38.000,21.841,-79.047,-169.159,-134.047
0.695,2.411,9.064,-190.000,-56.000,39.000,20.213,-76.570,-169.787,-132.570
0.693,2.171,8.731,-192.000,-56.000,47.000,18.198,-73.714,-173.802,-129.714
0.696,1.922,8.376,-186.000,-63.000,47.000,16.104,-70.673,-169.896,-133.673
0.696,1.697,8.048,-184.000,-69.000,49.000,14.217,-67.871,-169.783,-136.871
0.697,1.493,7.753,-184.000,-70.000,35.000,12.510,-65.353,-171.490,-135.353
0.695,1.274,7.470,-182.000,-70.000,35.000,10.676,-62.938,-171.324,-132.938
0.694,1.029,7.192,-181.000,-72.000,43.000,8.619,-60.569,-172.381,-132.569
0.696,0.796,6.917,-181.000,-76.000,43.000,6.668,-58.229,-174.331,-134.229
0.698,0.599,6.621,-177.000,-82.000,44.000,5.016,-55.717,-171.984,-137.717
0.698,0.402,6.307,-176.000,-84.000,51.000,3.369,-53.056,-172.631,-137.056
0.697,0.169,5.982,-176.000,-87.000,51.000,1.412,-50.300,-174.588,-137.300
0.697,-0.087,5.625,-175.000,-89.000,53.000,-0.732,-47.273,-175.732,-136.273
0.698,-0.356,5.237,-175.000,-92.000,43.000,-2.982,-43.998,-177.982,-135.998
0.698,-0.630,4.836,-172.000,-99.000,44.000,-5.277,-40.610,-177.277,-139.610
0.699,-0.902,4.430,-169.000,-101.000,47.000,-7.554,-37.188,-176.554,-138.188
0.700,-1.173,4.038,-168.000,-104.000,49.000,-9.831,-33.887,-177.831,-137.887
0.698,-1.445,3.668,-165.000,-110.000,50.000,-12.109,-30.775,-177.109,-140.775
0.700,-1.695,3.318,-161.000,-114.000,55.000,-14.201,-27.824,-175.201,-141.824
0.700,-1.927,2.986,-161.000,-117.000,56.000,-16.153,-25.039,-177.153,-142.039
0.700,-2.154,2.666,-160.000,-118.000,48.000,-18.057,-22.349,-178.057,-140.349
0.701,-2.395,2.362,-157.000,-119.000,46.000,-20.072,-19.797,-177.072,-138.797
0.705,-2.650,2.067,-150.000,-122.000,53.000,-22.214,-17.325,-172.214,-139.325
0.703,-2.903,1.762,-148.000,-125.000,58.000,-24.340,-14.768,-172.340,-139.768
0.701,-3.169,1.440,-147.000,-127.000,52.000,-26.578,-12.070,-173.578,-139.070
0.702,-3.471,1.103,-145.000,-130.000,53.000,-29.115,-9.240,-174.115,-139.240
0.704,-3.780,0.727,-143.000,-133.000,58.000,-31.714,-6.093,-174.714,-139.093
0.705,-4.085,0.317,-140.000,-137.000,52.000,-34.281,-2.659,-174.281,-139.659
0.704,-4.379,-0.107,-137.000,-140.000,52.000,-36.754,0.894,-173.754,-139.106
0.704,-4.652,-0.532,-136.000,-144.000,53.000,-39.062,4.459,-175.062,-139.541
0.703,-4.902,-0.924,-135.000,-151.000,50.000,-41.171,7.741,-176.171,-143.259
0.702,-5.140,-1.251,-132.000,-153.000,50.000,-43.180,10.485,-175.180,-142.515
0.706,-5.359,-1.505,-132.000,-156.000,58.000,-45.028,12.607,-177.028,-143.393
0.707,-5.540,-1.696,-131.000,-157.000,56.000,-46.558,14.215,-177.558,-142.785
0.707,-5.681,-1.841,-130.000,-159.000,54.000,-47.753,15.428,-177.753,-143.572
0.706,-5.802,-1.964,-130.000,-160.000,52.000,-48.769,16.457,-178.769,-143.543
0.706,-5.912,-2.095,-130.000,-160.000,47.000,-49.701,17.561,-179.701,-142.439
0.707,-6.018,-2.227,-130.000,-164.000,48.000,-50.604,18.669,-180.604,-145.331
0.706,-6.132,-2.370,-129.000,-169.000,51.000,-51.571,19.865,-180.571,-149.135
0.707,-6.262,-2.550,-129.000,-170.000,53.000,-52.670,21.381,-181.670,-148.619
0.706,-6.411,-2.783,-129.000,-172.000,60.000,-53.935,23.331,-182.935,-148.669
0.706,-6.572,-3.040,-128.000,-173.000,56.000,-55.301,25.494,-183.301,-147.506
0.707,-6.730,-3.284,-126.000,-174.000,50.000,-56.640,27.543,-182.640,-146.457
0.708,-6.878,-3.495,-125.000,-175.000,50.000,-57.903,29.313,-182.903,-145.687
0.707,-7.028,-3.703,-125.000,-179.000,50.000,-59.178,31.063,-184.178,-147.937
0.707,-7.184,-3.911,-123.000,-181.000,54.000,-60.505,32.817,-183.505,-148.183
0.707,-7.338,-4.112,-119.000,-181.000,51.000,-61.812,34.506,-180.812,-146.494
0.709,-7.474,-4.310,-118.000,-184.000,55.000,-62.969,36.176,-180.969,-147.824
0.706,-7.614,-4.518,-118.000,-187.000,61.000,-64.163,37.929,-182.163,-149.071
0.707,-7.775,-4.748,-118.000,-187.000,50.000,-65.539,39.867,-183.539,-147.133
0.709,-7.930,-4.959,-117.000,-188.000,49.000,-66.860,41.651,-183.860,-146.349
0.710,-8.049,-5.112,-116.000,-189.000,54.000,-67.882,42.942,-183.882,-146.058
0.708,-8.129,-5.196,-116.000,-190.000,49.000,-68.566,43.652,-184.566,-146.348
0.706,-8.183,-5.244,-115.000,-190.000,51.000,-69.020,44.056,-184.020,-145.944
0.708,-8.230,-5.296,-115.000,-191.000,55.000,-69.423,44.491,-184.423,-146.509
0.710,-8.265,-5.324,-114.000,-191.000,59.000,-69.726,44.734,-183.726,-146.266
0.710,-8.290,-5.336,-110.000,-191.000,60.000,-69.943,44.832,-179.943,-146.168
0.707,-8.325,-5.363,-109.000,-191.000,49.000,-70.240,45.062,-179.240,-145.938
0.707,-8.392,-5.434,-108.000,-191.000,50.000,-70.810,45.660,-178.810,-145.340
0.708,-8.492,-5.551,-106.000,-192.000,47.000,-71.666,46.649,-177.666,-145.351
0.708,-8.599,-5.685,-102.000,-193.000,52.000,-72.587,47.786,-174.587,-145.214
0.710,-8.698,-5.827,-102.000,-194.000,56.000,-73.434,48.983,-175.434,-145.017
0.707,-8.791,-5.979,-102.000,-195.000,57.000,-74.232,50.269,-176.232,-144.731
0.704,-8.890,-6.128,-101.000,-196.000,58.000,-75.081,51.538,-176.081,-144.462
0.706,-8.973,-6.237,-101.000,-197.000,47.000,-75.797,52.454,-176.797,-144.546
0.706,-9.028,-6.280,-101.000,-197.000,48.000,-76.262,52.822,-177.262,-144.178
0.708,-9.032,-6.267,-99.000,-197.000,48.000,-76.303,52.712,-175.303,-144.288
0.708,-8.971,-6.183,-100.000,-197.000,51.000,-75.774,52.000,-175.774,-145.000
0.705,-8.849,-6.013,-101.000,-197.000,58.000,-74.724,50.561,-175.724,-146.439
0.706,-8.688,-5.779,-101.000,-195.000,57.000,-73.344,48.583,-174.344,-146.417
0.707,-8.497,-5.502,-102.000,-192.000,56.000,-71.708,46.234,-173.708,-145.766
0.707,-8.275,-5.172,-105.000,-190.000,52.000,-69.814,43.450,-174.814,-146.550
0.705,-7.994,-4.761,-107.000,-189.000,50.000,-67.411,39.977,-174.411,-149.023
0.706,-7.641,-4.244,-109.000,-186.000,50.000,-64.397,35.622,-173.397,-150.378
0.704,-7.214,-3.611,-112.000,-182.000,56.000,-60.757,30.290,-172.757,-151.710
0.706,-6.736,-2.897,-118.000,-175.000,54.000,-56.694,24.291,-174.694,-150.709
0.707,-6.259,-2.209,-120.000,-171.000,54.000,-52.641,18.517,-172.641,-152.483
0.706,-5.836,-1.613,-129.000,-169.000,54.000,-49.058,13.521,-178.058,-155.479
0.708,-5.486,-1.121,-134.000,-167.000,48.000,-46.099,9.395,-180.099,-157.605
0.704,-5.196,-0.722,-137.000,-164.000,47.000,-43.654,6.050,-180.654,-157.950
0.705,-4.971,-0.393,-140.000,-162.000,51.000,-41.752,3.289,-181.752,-158.711
0.704,-4.782,-0.103,-144.000,-158.000,50.000,-40.157,0.867,-184.157,-157.133
0.702,-4.577,0.171,-146.000,-156.000,49.000,-38.428,-1.432,-184.428,-157.432
0.703,-4.346,0.468,-148.000,-155.000,56.000,-36.478,-3.924,-184.478,-158.924
0.703,-4.083,0.829,-149.000,-154.000,57.000,-34.266,-6.948,-183.266,-160.948
0.700,-3.782,1.277,-150.000,-151.000,55.000,-31.726,-10.700,-181.726,-161.700
0.700,-3.443,1.803,-154.000,-146.000,48.000,-28.875,-15.110,-182.875,-161.110
0.701,-3.094,2.357,-158.000,-140.000,49.000,-25.946,-19.753,-183.946,-159.753
0.700,-2.769,2.887,-160.000,-136.000,50.000,-23.217,-24.211,-183.217,-160.211
0.700,-2.456,3.386,-161.000,-130.000,45.000,-20.586,-28.400,-181.586,-158.400
0.699,-2.156,3.871,-164.000,-124.000,56.000,-18.075,-32.482,-182.075,-156.482
0.697,-1.856,4.384,-166.000,-121.000,51.000,-15.557,-36.796,-181.557,-157.796
0.698,-1.510,4.927,-167.000,-116.000,53.000,-12.651,-41.380,-179.651,-157.380
0.699,-1.086,5.491,-169.000,-112.000,41.000,-9.101,-46.146,-178.101,-158.146
0.698,-0.579,6.069,-171.000,-107.000,47.000,-4.854,-51.031,-175.854,-158.031
0.697,-0.038,6.674,-174.000,-103.000,38.000,-0.315,-56.168,-174.315,-159.168
0.696,0.483,7.300,-179.000,-95.000,35.000,4.047,-61.489,-174.953,-156.489
0.695,0.942,7.888,-180.000,-90.000,46.000,7.892,-66.503,-172.108,-156.503
0.695,1.330,8.397,-185.000,-83.000,45.000,11.141,-70.858,-173.859,-153.858
0.694,1.644,8.813,-186.000,-79.000,48.000,13.779,-74.418,-172.221,-153.418
0.694,1.893,9.157,-188.000,-77.000,40.000,15.863,-77.377,-172.137,-154.377
0.695,2.084,9.463,-188.000,-73.000,41.000,17.469,-80.003,-170.531,-153.003
0.692,2.238,9.749,-190.000,-65.000,34.000,18.755,-82.470,-171.245,-147.470
0.691,2.382,10.053,-191.000,-63.000,39.000,19.965,-85.095,-171.035,-148.095
0.691,2.558,10.388,-192.000,-63.000,41.000,21.445,-87.991,-170.555,-150.991
0.693,2.777,10.764,-192.000,-60.000,46.000,23.286,-91.249,-168.714,-151.249
0.691,3.047,11.161,-194.000,-56.000,46.000,25.554,-94.701,-168.446,-150.701
0.688,3.347,11.578,-195.000,-49.000,44.000,28.069,-98.337,-166.931,-147.337
0.689,3.643,11.985,-197.000,-47.000,32.000,30.564,-101.899,-166.436,-148.899
0.690,3.945,12.382,-198.000,-47.000,38.000,33.100,-105.373,-164.900,-152.373
0.687,4.248,12.779,-199.000,-47.000,30.000,35.655,-108.864,-163.345,-155.864
0.690,4.551,13.132,-201.000,-40.000,33.000,38.203,-111.980,-162.797,-151.980
0.690,4.805,13.384,-202.000,-34.000,29.000,40.352,-114.208,-161.648,-148.208
0.689,4.999,13.553,-204.000,-33.000,37.000,41.989,-115.708,-162.011,-148.708
0.688,5.180,13.710,-205.000,-33.000,38.000,43.514,-117.097,-161.486,-150.097
0.688,5.361,13.883,-205.000,-33.000,32.000,45.040,-118.636,-159.960,-151.636
0.687,5.502,14.066,-206.000,-32.000,28.000,46.238,-120.268,-159.762,-152.268
0.688,5.621,14.240,-208.000,-32.000,27.000,47.241,-121.812,-160.759,-153.812
0.689,5.743,14.412,-213.000,-29.000,27.000,48.274,-123.350,-164.726,-152.350
0.686,5.871,14.597,-213.000,-29.000,33.000,49.358,-125.003,-163.642,-154.003
0.686,5.998,14.815,-213.000,-27.000,36.000,50.431,-126.957,-162.569,-153.957
0.686,6.147,15.059,-213.000,-27.000,39.000,51.692,-129.143,-161.308,-156.143
0.684,6.316,15.304,-216.000,-26.000,33.000,53.128,-131.352,-162.872,-157.352
0.682,6.500,15.543,-219.000,-26.000,30.000,54.693,-133.507,-164.307,-159.507
0.684,6.702,15.790,-218.000,-26.000,30.000,56.405,-135.739,-161.595,-161.739
0.682,6.904,16.058,-220.000,-17.000,33.000,58.121,-138.162,-161.879,-155.162
0.681,7.099,16.341,-222.000,-13.000,36.000,59.779,-140.730,-162.221,-153.730
0.681,7.330,16.638,-222.000,-12.000,37.000,61.748,-143.440,-160.252,-155.440
0.681,7.612,16.979,-223.000,-11.000,39.000,64.147,-146.559,-158.853,-157.559
0.683,7.898,17.329,-224.000,-11.000,42.000,66.585,-149.768,-157.415,-160.768
0.681,8.124,17.611,-224.000,-11.000,32.000,68.521,-152.370,-155.479,-163.370
0.680,8.272,17.770,-226.000,-4.000,36.000,69.789,-153.833,-156.211,-157.833
0.679,8.334,17.813,-226.000,-4.000,34.000,70.317,-154.235,-155.683,-158.235
0.683,8.328,17.776,-226.000,-3.000,34.000,70.264,-153.890,-155.736,-156.890
0.684,8.263,17.712,-226.000,-3.000,38.000,69.708,-153.299,-156.292,-156.299
0.682,8.191,17.664,-226.000,-3.000,39.000,69.096,-152.853,-156.904,-155.853
0.682,8.161,17.629,-225.000,-2.000,36.000,68.840,-152.537,-156.160,-154.537
0.682,8.160,17.607,-225.000,-2.000,33.000,68.823,-152.333,-156.177,-154.333
0.680,8.150,17.587,-225.000,-4.000,30.000,68.738,-152.150,-156.262,-156.150
0.682,8.092,17.531,-225.000,-4.000,35.000,68.242,-151.627,-156.758,-155.627
0.684,7.977,17.406,-225.000,-4.000,33.000,67.260,-150.476,-157.740,-154.476
0.684,7.836,17.209,-224.000,-4.000,36.000,66.063,-148.665,-157.937,-152.665
0.683,7.659,16.930,-223.000,-5.000,37.000,64.547,-146.108,-158.453,-151.108
0.684,7.413,16.570,-223.000,-6.000,42.000,62.450,-142.821,-160.550,-148.821
0.684,7.095,16.150,-222.000,-6.000,38.000,59.741,-138.999,-162.259,-144.999
0.686,6.736,15.704,-220.000,-7.000,30.000,56.697,-134.962,-163.303,-141.962
0.685,6.398,15.257,-220.000,-11.000,32.000,53.821,-130.927,-166.179,-141.927
0.686,6.097,14.839,-218.000,-19.000,26.000,51.273,-127.173,-166.727,-146.173
0.686,5.820,14.459,-217.000,-21.000,33.000,48.926,-123.770,-168.074,-144.770
0.687,5.538,14.093,-216.000,-21.000,35.000,46.542,-120.506,-169.458,-141.506
0.685,5.239,13.705,-216.000,-21.000,41.000,44.014,-117.052,-171.986,-138.052
0.687,4.926,13.270,-210.000,-27.000,39.000,41.372,-113.206,-168.628,-140.206
0.689,4.611,12.798,-205.000,-33.000,29.000,38.716,-109.033,-166.284,-142.033
0.689,4.275,12.293,-202.000,-37.000,30.000,35.884,-104.598,-166.116,-141.598
0.690,3.904,11.762,-201.000,-37.000,35.000,32.756,-99.941,-168.244,-136.941
0.691,3.518,11.234,-199.000,-43.000,37.000,29.511,-95.340,-169.489,-138.340
0.692,3.148,10.741,-195.000,-50.000,40.000,26.398,-91.055,-168.602,-141.055
0.693,2.835,10.272,-195.000,-54.000,46.000,23.769,-86.989,-171.231,-140.989
0.691,2.553,9.836,-194.000,-56.000,47.000,21.402,-83.225,-172.598,-139.225
0.691,2.283,9.423,-193.000,-57.000,39.000,19.134,-79.658,-173.866,-136.658
0.692,2.001,9.041,-186.000,-63.000,37.000,16.772,-76.377,-169.228,-139.377
0.694,1.720,8.678,-183.000,-66.000,39.000,14.418,-73.264,-168.582,-139.264
0.692,1.438,8.298,-182.000,-69.000,35.000,12.052,-70.008,-169.948,-139.008
0.692,1.136,7.874,-182.000,-70.000,43.000,9.519,-66.384,-172.481,-136.384
0.694,0.823,7.391,-174.000,-78.000,47.000,6.898,-62.268,-167.102,-140.268
0.694,0.503,6.885,-169.000,-83.000,47.000,4.216,-57.955,-164.784,-140.955
0.695,0.192,6.386,-168.000,-87.000,49.000,1.606,-53.718,-166.394,-140.718
0.695,-0.102,5.925,-166.000,-90.000,40.000,-0.857,-49.817,-166.857,-139.817
0.696,-0.366,5.513,-164.000,-97.000,45.000,-3.066,-46.329,-167.066,-143.329
0.693,-0.625,5.140,-163.000,-100.000,43.000,-5.233,-43.181,-168.233,-143.181
0.695,-0.877,4.782,-162.000,-102.000,48.000,-7.346,-40.157,-169.346,-142.157
0.696,-1.125,4.391,-160.000,-105.000,50.000,-9.424,-36.862,-169.424,-141.862
0.696,-1.375,3.951,-160.000,-114.000,56.000,-11.524,-33.155,-171.524,-147.155
0.697,-1.649,3.500,-159.000,-116.000,51.000,-13.816,-29.361,-172.816,-145.361
0.696,-1.961,3.060,-157.000,-118.000,51.000,-16.438,-25.664,-173.438,-143.664
0.696,-2.299,2.621,-155.000,-123.000,52.000,-19.273,-21.976,-174.273,-144.976
0.695,-2.624,2.176,-153.000,-130.000,50.000,-21.996,-18.237,-174.996,-148.237
0.699,-2.933,1.703,-150.000,-133.000,52.000,-24.593,-14.270,-174.593,-147.270
0.703,-3.250,1.224,-146.000,-135.000,56.000,-27.258,-10.254,-173.258,-145.254
0.700,-3.575,0.778,-143.000,-140.000,56.000,-29.986,-6.519,-172.986,-146.519
0.701,-3.891,0.360,-139.000,-146.000,58.000,-32.650,-3.019,-171.650,-149.019
0.700,-4.180,-0.038,-135.000,-148.000,56.000,-35.077,0.320,-170.077,-147.680
0.702,-4.438,-0.419,-135.000,-150.000,51.000,-37.254,3.510,-172.254,-146.490
0.701,-4.697,-0.802,-133.000,-155.000,51.000,-39.442,6.721,-172.442,-148.279
0.700,-4.976,-1.239,-129.000,-160.000,48.000,-41.788,10.380,-170.788,-149.620
0.702,-5.280,-1.712,-128.000,-163.000,53.000,-44.356,14.344,-172.356,-148.656
0.703,-5.589,-2.189,-127.000,-167.000,54.000,-46.973,18.345,-173.973,-148.655
0.702,-5.906,-2.635,-119.000,-169.000,54.000,-49.653,22.090,-168.653,-146.910
0.701,-6.244,-3.060,-115.000,-172.000,54.000,-52.515,25.664,-167.515,-146.336
0.705,-6.601,-3.467,-113.000,-173.000,53.000,-55.549,29.084,-168.549,-143.916
0.705,-6.922,-3.826,-111.000,-176.000,50.000,-58.275,32.100,-169.275,-143.900
0.704,-7.165,-4.124,-109.000,-181.000,48.000,-60.339,34.605,-169.339,-146.395
0.703,-7.352,-4.375,-106.000,-184.000,49.000,-61.928,36.723,-167.928,-147.277
0.705,-7.545,-4.602,-106.000,-184.000,54.000,-63.579,38.633,-169.579,-145.367
0.704,-7.754,-4.859,-105.000,-186.000,62.000,-65.357,40.807,-170.357,-145.193
0.704,-7.983,-5.154,-104.000,-187.000,53.000,-67.312,43.295,-171.312,-143.705
0.704,-8.209,-5.447,-102.000,-188.000,49.000,-69.246,45.771,-171.246,-142.229
0.706,-8.412,-5.720,-102.000,-192.000,53.000,-70.982,48.081,-172.982,-143.919
0.703,-8.614,-5.996,-102.000,-197.000,52.000,-72.713,50.417,-174.713,-146.583
0.702,-8.806,-6.273,-101.000,-199.000,48.000,-74.363,52.763,-175.363,-146.237
0.706,-8.972,-6.521,-100.000,-200.000,54.000,-75.786,54.867,-175.786,-145.133
0.701,-9.116,-6.724,-99.000,-202.000,59.000,-77.018,56.587,-176.018,-145.413
0.702,-9.234,-6.885,-98.000,-202.000,57.000,-78.032,57.960,-176.032,-144.040
0.704,-9.303,-7.001,-98.000,-203.000,57.000,-78.628,58.948,-176.628,-144.052
0.704,-9.321,-7.074,-98.000,-203.000,52.000,-78.786,59.567,-176.786,-143.433
0.706,-9.337,-7.141,-98.000,-203.000,50.000,-78.918,60.139,-176.918,-142.861
0.704,-9.397,-7.230,-98.000,-205.000,48.000,-79.434,60.892,-177.434,-144.108
0.704,-9.488,-7.351,-98.000,-208.000,52.000,-80.224,61.921,-178.224,-146.079
0.703,-9.574,-7.481,-98.000,-215.000,55.000,-80.962,63.028,-178.962,-151.972
0.708,-9.637,-7.593,-98.000,-215.000,52.000,-81.504,63.985,-179.504,-151.015
0.707,-9.700,-7.685,-97.000,-217.000,61.000,-82.049,64.772,-179.049,-152.228
0.705,-9.761,-7.775,-96.000,-217.000,47.000,-82.578,65.535,-178.578,-151.465
0.702,-9.809,-7.842,-96.000,-217.000,48.000,-82.987,66.109,-178.987,-150.891
0.702,-9.826,-7.831,-95.000,-217.000,51.000,-83.139,66.016,-178.139,-150.984
0.702,-9.785,-7.711,-95.000,-217.000,47.000,-82.778,64.991,-177.778,-152.009
0.702,-9.677,-7.492,-96.000,-217.000,52.000,-81.851,63.125,-177.851,-153.875
0.703,-9.515,-7.195,-96.000,-215.000,57.000,-80.458,60.592,-176.458,-154.408
0.702,-9.331,-6.838,-98.000,-212.000,61.000,-78.869,57.555,-176.869,-154.445
0.701,-9.123,-6.437,-98.000,-209.000,49.000,-77.080,54.151,-175.080,-154.849
0.703,-8.875,-5.993,-100.000,-208.000,48.000,-74.952,50.393,-174.952,-157.607
0.702,-8.586,-5.525,-102.000,-205.000,52.000,-72.474,46.429,-174.474,-158.571
0.702,-8.288,-5.069,-105.000,-194.000,53.000,-69.919,42.576,-174.919,-151.424
0.705,-8.011,-4.617,-109.000,-193.000,51.000,-67.558,38.765,-176.558,-154.235
0.702,-7.732,-4.133,-111.000,-188.000,52.000,-65.174,34.681,-176.174,-153.319
0.703,-7.419,-3.591,-114.000,-180.000,58.000,-62.503,30.121,-176.503,-149.879
0.702,-7.076,-2.994,-115.000,-177.000,59.000,-59.583,25.103,-174.583,-151.897
0.701,-6.717,-2.369,-118.000,-175.000,47.000,-56.531,19.856,-174.531,-155.144
0.701,-6.355,-1.769,-121.000,-167.000,46.000,-53.456,14.821,-174.456,-152.179
0.701,-6.021,-1.238,-124.000,-162.000,51.000,-50.631,10.374,-174.631,-151.626
0.701,-5.748,-0.827,-126.000,-159.000,50.000,-48.314,6.930,-174.314,-152.070
0.701,-5.564,-0.528,-128.000,-158.000,52.000,-46.763,4.427,-174.763,-153.573
0.701,-5.434,-0.328,-133.000,-157.000,51.000,-45.659,2.749,-178.659,-154.251
0.703,-5.312,-0.170,-136.000,-156.000,55.000,-44.628,1.427,-180.628,-154.573
0.701,-5.182,-0.010,-138.000,-156.000,53.000,-43.530,0.084,-181.530,-155.916
0.702,-5.030,0.167,-138.000,-154.000,42.000,-42.250,-1.401,-180.250,-155.401
0.701,-4.838,0.377,-138.000,-153.000,49.000,-40.628,-3.162,-178.628,-156.162
0.702,-4.616,0.639,-140.000,-152.000,47.000,-38.755,-5.355,-178.755,-157.355
0.701,-4.376,0.971,-144.000,-151.000,54.000,-36.731,-8.131,-180.731,-159.131
0.703,-4.122,1.346,-143.000,-146.000,54.000,-34.588,-11.280,-177.588,-157.280
0.700,-3.893,1.720,-143.000,-140.000,57.000,-32.667,-14.414,-175.667,-154.414
0.699,-3.726,2.048,-144.000,-137.000,58.000,-31.260,-17.161,-175.260,-154.161
0.699,-3.612,2.314,-144.000,-136.000,50.000,-30.299,-19.393,-174.299,-155.393
0.699,-3.536,2.512,-145.000,-133.000,54.000,-29.664,-21.056,-174.664,-154.056
0.698,-3.517,2.632,-145.000,-133.000,45.000,-29.502,-22.068,-174.502,-155.068
0.698,-3.542,2.683,-145.000,-132.000,52.000,-29.712,-22.489,-174.712,-154.490
0.698,-3.593,2.708,-145.000,-130.000,52.000,-30.141,-22.703,-175.141,-152.703
0.698,-3.651,2.734,-145.000,-130.000,55.000,-30.632,-22.919,-175.632,-152.919
0.697,-3.702,2.785,-145.000,-131.000,59.000,-31.059,-23.347,-176.059,-154.347
0.698,-3.732,2.883,-145.000,-131.000,50.000,-31.308,-24.173,-176.308,-155.173
0.696,-3.730,3.025,-145.000,-131.000,52.000,-31.291,-25.363,-176.291,-156.363
0.697,-3.689,3.178,-145.000,-127.000,48.000,-30.944,-26.651,-175.944,-153.651
0.696,-3.638,3.308,-145.000,-126.000,48.000,-30.520,-27.746,-175.520,-153.746
0.696,-3.606,3.391,-145.000,-124.000,52.000,-30.252,-28.443,-175.252,-152.443
0.698,-3.599,3.415,-145.000,-124.000,55.000,-30.192,-28.641,-175.192,-152.641
0.695,-3.607,3.386,-145.000,-123.000,51.000,-30.261,-28.398,-175.261,-151.398
0.697,-3.612,3.330,-145.000,-123.000,45.000,-30.296,-27.931,-175.296,-150.931
0.696,-3.618,3.283,-147.000,-125.000,49.000,-30.348,-27.537,-177.348,-152.537
0.695,-3.622,3.255,-147.000,-124.000,51.000,-30.386,-27.302,-177.386,-151.302
0.694,-3.621,3.235,-146.000,-124.000,54.000,-30.378,-27.133,-176.378,-151.133
0.697,-3.635,3.231,-145.000,-124.000,55.000,-30.491,-27.097,-175.491,-151.097
0.697,-3.681,3.249,-145.000,-124.000,53.000,-30.883,-27.248,-175.883,-151.248
0.697,-3.744,3.276,-145.000,-124.000,57.000,-31.407,-27.478,-176.407,-151.478
0.695,-3.793,3.303,-145.000,-124.000,56.000,-31.824,-27.698,-176.824,-151.698
0.694,-3.844,3.334,-145.000,-124.000,52.000,-32.253,-27.964,-177.253,-151.964
0.697,-3.883,3.363,-142.000,-124.000,46.000,-32.584,-28.203,-174.584,-152.203
0.696,-3.902,3.382,-142.000,-124.000,48.000,-32.741,-28.363,-174.741,-152.363
0.697,-3.907,3.406,-142.000,-122.000,46.000,-32.782,-28.565,-174.782,-150.565
0.697,-3.909,3.463,-142.000,-122.000,52.000,-32.800,-29.047,-174.800,-151.047
0.695,-3.905,3.568,-142.000,-122.000,48.000,-32.763,-29.931,-174.763,-151.931
0.694,-3.890,3.700,-142.000,-121.000,50.000,-32.635,-31.038,-174.635,-152.038
0.694,-3.892,3.839,-142.000,-120.000,44.000,-32.652,-32.206,-174.652,-152.206
0.694,-3.904,3.970,-142.000,-120.000,48.000,-32.756,-33.314,-174.756,-153.314
0.697,-3.895,4.082,-143.000,-120.000,45.000,-32.678,-34.258,-175.678,-154.258
0.697,-3.873,4.190,-143.000,-120.000,46.000,-32.492,-35.166,-175.492,-155.166
0.693,-3.873,4.306,-144.000,-120.000,54.000,-32.494,-36.143,-176.494,-156.143
0.695,-3.896,4.422,-144.000,-118.000,53.000,-32.690,-37.121,-176.690,-155.121
0.696,-3.942,4.545,-144.000,-117.000,51.000,-33.080,-38.158,-177.080,-155.158
0.696,-4.003,4.689,-142.000,-115.000,56.000,-33.592,-39.372,-175.592,-154.372
0.696,-4.055,4.845,-142.000,-114.000,45.000,-34.026,-40.685,-176.026,-154.685
0.694,-4.099,5.008,-139.000,-110.000,42.000,-34.396,-42.059,-173.396,-152.059
0.695,-4.154,5.180,-139.000,-109.000,42.000,-34.862,-43.518,-173.862,-152.518
0.696,-4.215,5.368,-139.000,-108.000,53.000,-35.372,-45.100,-174.372,-153.100
0.693,-4.258,5.575,-137.000,-106.000,57.000,-35.737,-46.850,-172.737,-152.850
0.692,-4.286,5.791,-137.000,-105.000,51.000,-35.976,-48.676,-172.976,-153.676
0.693,-4.348,6.016,-137.000,-104.000,49.000,-36.500,-50.584,-173.500,-154.584
0.692,-4.449,6.231,-137.000,-104.000,42.000,-37.345,-52.409,-174.345,-156.409
0.694,-4.560,6.398,-136.000,-100.000,43.000,-38.279,-53.820,-174.279,-153.820
0.693,-4.658,6.519,-136.000,-96.000,45.000,-39.105,-54.851,-175.105,-150.851
0.693,-4.740,6.617,-135.000,-94.000,42.000,-39.801,-55.684,-174.801,-149.684
0.692,-4.810,6.695,-134.000,-93.000,45.000,-40.392,-56.348,-174.392,-149.348
0.692,-4.883,6.755,-133.000,-93.000,52.000,-41.007,-56.855,-174.007,-149.855
0.691,-4.977,6.808,-133.000,-93.000,46.000,-41.797,-57.307,-174.797,-150.307
0.694,-5.078,6.867,-133.000,-93.000,41.000,-42.651,-57.808,-175.651,-150.808
0.692,-5.172,6.943,-132.000,-93.000,40.000,-43.447,-58.452,-175.447,-151.452
0.696,-5.263,7.035,-132.000,-92.000,40.000,-44.216,-59.236,-176.216,-151.236
0.693,-5.352,7.140,-132.000,-92.000,43.000,-44.964,-60.129,-176.964,-152.129
0.692,-5.421,7.279,-132.000,-91.000,45.000,-45.553,-61.314,-177.553,-152.314
0.694,-5.460,7.445,-132.000,-91.000,51.000,-45.882,-62.727,-177.882,-153.727
0.692,-5.481,7.610,-131.000,-90.000,49.000,-46.055,-64.128,-177.055,-154.128
0.694,-5.515,7.776,-130.000,-89.000,47.000,-46.343,-65.546,-176.343,-154.546
0.693,-5.555,7.947,-130.000,-86.000,39.000,-46.685,-67.004,-176.685,-153.004
0.693,-5.588,8.100,-130.000,-80.000,40.000,-46.964,-68.316,-176.964,-148.316
0.693,-5.628,8.217,-130.000,-79.000,40.000,-47.299,-69.316,-177.299,-148.316
0.692,-5.690,8.306,-133.000,-80.000,41.000,-47.826,-70.075,-180.826,-150.075
0.692,-5.776,8.378,-132.000,-79.000,48.000,-48.550,-70.693,-180.550,-149.693
0.692,-5.859,8.443,-131.000,-78.000,49.000,-49.260,-71.248,-180.260,-149.248
0.691,-5.953,8.522,-130.000,-77.000,53.000,-50.051,-71.924,-180.051,-148.924
0.690,-6.059,8.637,-129.000,-77.000,42.000,-50.951,-72.912,-179.951,-149.912
0.689,-6.156,8.770,-128.000,-77.000,38.000,-51.770,-74.047,-179.770,-151.047
0.690,-6.234,8.909,-127.000,-77.000,35.000,-52.431,-75.240,-179.431,-152.240
0.690,-6.307,9.046,-127.000,-76.000,38.000,-53.048,-76.419,-180.048,-152.419
0.689,-6.357,9.180,-127.000,-76.000,38.000,-53.472,-77.575,-180.472,-153.575
0.687,-6.384,9.333,-127.000,-76.000,47.000,-53.702,-78.886,-180.702,-154.886
0.689,-6.410,9.521,-126.000,-75.000,47.000,-53.925,-80.502,-179.925,-155.502
0.689,-6.435,9.731,-124.000,-70.000,37.000,-54.134,-82.312,-178.134,-152.312
0.689,-6.455,9.942,-123.000,-65.000,35.000,-54.306,-84.134,-177.306,-149.134
0.687,-6.495,10.146,-122.000,-62.000,32.000,-54.649,-85.895,-176.649,-147.895
0.687,-6.574,10.331,-122.000,-61.000,28.000,-55.320,-87.502,-177.320,-148.502
0.687,-6.695,10.491,-122.000,-61.000,39.000,-56.341,-88.883,-178.341,-149.883
0.686,-6.827,10.590,-121.000,-60.000,37.000,-57.464,-89.744,-178.464,-149.744
0.689,-6.943,10.608,-119.000,-58.000,39.000,-58.449,-89.899,-177.449,-147.899
0.686,-7.071,10.578,-119.000,-58.000,43.000,-59.537,-89.638,-178.537,-147.638
0.686,-7.244,10.549,-118.000,-58.000,33.000,-61.012,-89.386,-179.012,-147.386
0.687,-7.434,10.553,-118.000,-58.000,33.000,-62.632,-89.425,-180.632,-147.425
0.688,-7.593,10.593,-115.000,-54.000,36.000,-63.983,-89.767,-178.983,-143.767
0.686,-7.727,10.680,-112.000,-51.000,36.000,-65.128,-90.521,-177.128,-141.521
0.687,-7.824,10.800,-113.000,-51.000,36.000,-65.953,-91.568,-178.953,-142.568
0.687,-7.837,10.905,-111.000,-49.000,40.000,-66.064,-92.480,-177.064,-141.480
0.692,-7.817,11.018,-110.000,-48.000,37.000,-65.898,-93.458,-175.898,-141.458
0.689,-7.820,11.173,-110.000,-47.000,27.000,-65.925,-94.806,-175.925,-141.806
0.686,-7.839,11.349,-111.000,-46.000,29.000,-66.082,-96.345,-177.082,-142.345
0.685,-7.861,11.495,-111.000,-46.000,35.000,-66.273,-97.612,-177.273,-143.612
0.685,-7.917,11.611,-111.000,-46.000,36.000,-66.752,-98.626,-177.752,-144.626
0.685,-8.014,11.727,-111.000,-44.000,37.000,-67.577,-99.643,-178.577,-143.643
0.684,-8.112,11.843,-109.000,-43.000,38.000,-68.414,-100.654,-177.414,-143.654
0.685,-8.182,11.921,-109.000,-43.000,36.000,-69.012,-101.339,-178.012,-144.339
0.684,-8.268,11.988,-109.000,-43.000,29.000,-69.749,-101.921,-178.749,-144.921
0.682,-8.390,12.074,-109.000,-41.000,28.000,-70.794,-102.672,-179.794,-143.672
0.683,-8.512,12.179,-107.000,-35.000,31.000,-71.841,-103.600,-178.841,-138.600
0.682,-8.625,12.298,-106.000,-34.000,35.000,-72.809,-104.638,-178.809,-138.638
0.682,-8.736,12.404,-105.000,-33.000,32.000,-73.760,-105.568,-178.760,-138.568
0.683,-8.855,12.481,-105.000,-32.000,35.000,-74.780,-106.245,-179.780,-138.245
0.682,-8.995,12.530,-105.000,-32.000,38.000,-75.984,-106.680,-180.984,-138.680
0.681,-9.186,12.576,-104.000,-32.000,27.000,-77.621,-107.083,-181.621,-139.083
0.679,-9.405,12.623,-103.000,-32.000,30.000,-79.504,-107.499,-182.504,-139.499
0.681,-9.595,12.668,-103.000,-31.000,27.000,-81.145,-107.887,-184.145,-138.887
0.683,-9.743,12.719,-102.000,-31.000,27.000,-82.423,-108.340,-184.423,-139.340
0.683,-9.883,12.777,-95.000,-31.000,29.000,-83.624,-108.846,-178.624,-139.846
0.683,-10.008,12.821,-90.000,-29.000,41.000,-84.706,-109.237,-174.706,-138.237
0.682,-10.099,12.858,-90.000,-29.000,32.000,-85.494,-109.566,-175.494,-138.566
0.681,-10.163,12.873,-90.000,-29.000,36.000,-86.050,-109.698,-176.050,-138.698
0.683,-10.233,12.856,-90.000,-28.000,26.000,-86.650,-109.545,-176.650,-137.545
0.682,-10.324,12.803,-90.000,-27.000,28.000,-87.439,-109.078,-177.439,-136.078
0.683,-10.429,12.714,-90.000,-27.000,24.000,-88.349,-108.297,-178.349,-135.297
0.684,-10.530,12.580,-90.000,-29.000,37.000,-89.227,-107.113,-179.227,-136.113
0.683,-10.622,12.423,-90.000,-30.000,36.000,-90.018,-105.738,-180.018,-135.738
0.684,-10.718,12.293,-89.000,-31.000,40.000,-90.853,-104.595,-179.853,-135.595
0.684,-10.818,12.218,-89.000,-33.000,34.000,-91.721,-103.935,-180.721,-136.935
0.686,-10.868,12.168,-89.000,-34.000,31.000,-92.158,-103.501,-181.158,-137.501
0.685,-10.851,12.140,-88.000,-34.000,28.000,-92.007,-103.253,-180.007,-137.253
0.685,-10.833,12.162,-88.000,-34.000,27.000,-91.847,-103.450,-179.847,-137.450
0.686,-10.848,12.200,-88.000,-33.000,33.000,-91.983,-103.779,-179.983,-136.779
0.685,-10.864,12.231,-88.000,-32.000,40.000,-92.120,-104.048,-180.120,-136.048
0.683,-10.879,12.255,-88.000,-32.000,39.000,-92.253,-104.265,-180.253,-136.265
0.683,-10.930,12.277,-88.000,-32.000,38.000,-92.696,-104.451,-180.696,-136.451
0.686,-10.990,12.266,-88.000,-32.000,28.000,-93.219,-104.358,-181.219,-136.358
0.685,-11.037,12.241,-88.000,-32.000,31.000,-93.626,-104.135,-181.626,-136.135
0.685,-11.065,12.227,-87.000,-32.000,26.000,-93.865,-104.017,-180.865,-136.017
0.684,-11.071,12.246,-87.000,-33.000,31.000,-93.924,-104.184,-180.924,-137.184
0.688,-11.075,12.305,-87.000,-34.000,31.000,-93.952,-104.700,-180.952,-138.700
0.686,-11.077,12.373,-80.000,-31.000,40.000,-93.970,-105.301,-173.970,-136.301
0.683,-11.056,12.411,-79.000,-29.000,38.000,-93.787,-105.627,-172.787,-134.627
0.683,-11.017,12.395,-79.000,-27.000,28.000,-93.455,-105.492,-172.455,-132.492
0.683,-11.009,12.366,-80.000,-28.000,27.000,-93.384,-105.235,-173.384,-133.235
0.684,-11.028,12.319,-80.000,-28.000,33.000,-93.545,-104.827,-173.545,-132.827
0.685,-11.033,12.248,-80.000,-28.000,31.000,-93.593,-104.198,-173.593,-132.198
0.682,-11.020,12.168,-81.000,-28.000,39.000,-93.478,-103.499,-174.478,-131.499
0.684,-10.998,12.097,-81.000,-30.000,38.000,-93.289,-102.873,-174.289,-132.873
0.685,-10.963,12.053,-81.000,-30.000,40.000,-92.983,-102.492,-173.983,-132.492
0.685,-10.901,12.041,-82.000,-30.000,31.000,-92.444,-102.387,-174.444,-132.387
0.685,-10.806,12.053,-82.000,-30.000,33.000,-91.617,-102.496,-173.617,-132.496
0.685,-10.677,12.068,-82.000,-30.000,28.000,-90.493,-102.619,-172.493,-132.619
0.684,-10.545,12.085,-83.000,-30.000,31.000,-89.357,-102.770,-172.357,-132.770
0.684,-10.431,12.095,-83.000,-30.000,33.000,-88.365,-102.858,-171.365,-132.858
0.683,-10.311,12.069,-84.000,-28.000,32.000,-87.325,-102.627,-171.325,-130.627
0.685,-10.163,11.985,-84.000,-28.000,42.000,-86.045,-101.893,-170.045,-129.893
0.685,-10.026,11.854,-85.000,-30.000,38.000,-84.860,-100.751,-169.860,-130.751
0.683,-9.939,11.700,-87.000,-30.000,28.000,-84.107,-99.402,-171.107,-129.402
0.685,-9.871,11.539,-94.000,-30.000,34.000,-83.522,-97.998,-177.522,-127.998
0.690,-9.789,11.386,-94.000,-31.000,32.000,-82.812,-96.660,-176.812,-127.660
0.686,-9.691,11.240,-94.000,-35.000,31.000,-81.969,-95.387,-175.969,-130.387
0.685,-9.567,11.103,-94.000,-36.000,39.000,-80.905,-94.201,-174.905,-130.201
0.683,-9.436,10.993,-94.000,-36.000,39.000,-79.776,-93.239,-173.776,-129.239
0.684,-9.295,10.901,-94.000,-36.000,38.000,-78.557,-92.441,-172.557,-128.441
0.686,-9.135,10.835,-96.000,-37.000,32.000,-77.183,-91.867,-173.183,-128.867
0.686,-8.955,10.805,-97.000,-38.000,33.000,-75.640,-91.607,-172.640,-129.607
0.688,-8.756,10.802,-98.000,-37.000,33.000,-73.932,-91.584,-171.932,-128.584
0.687,-8.544,10.804,-99.000,-37.000,31.000,-72.118,-91.599,-171.117,-128.599
0.684,-8.355,10.807,-100.000,-37.000,37.000,-70.495,-91.625,-170.495,-128.625
0.685,-8.180,10.793,-100.000,-37.000,41.000,-68.997,-91.506,-168.997,-128.506
0.686,-8.017,10.743,-106.000,-37.000,46.000,-67.603,-91.069,-173.603,-128.069
0.685,-7.893,10.647,-108.000,-38.000,38.000,-66.545,-90.239,-174.545,-128.239
0.684,-7.827,10.504,-110.000,-39.000,33.000,-65.983,-89.000,-175.983,-128.000
0.686,-7.790,10.307,-112.000,-40.000,31.000,-65.663,-87.290,-177.663,-127.290
0.686,-7.759,10.066,-112.000,-41.000,40.000,-65.400,-85.210,-177.400,-126.210
0.687,-7.731,9.816,-112.000,-42.000,38.000,-65.166,-83.047,-177.166,-125.047
0.687,-7.695,9.576,-112.000,-43.000,46.000,-64.859,-80.977,-176.859,-123.977
0.687,-7.619,9.350,-113.000,-44.000,44.000,-64.211,-79.034,-177.211,-123.034
0.689,-7.497,9.166,-113.000,-47.000,34.000,-63.164,-77.449,-176.164,-124.449
0.688,-7.339,9.045,-113.000,-47.000,39.000,-61.825,-76.411,-174.825,-123.411
0.686,-7.133,8.981,-114.000,-48.000,39.000,-60.066,-75.864,-174.066,-123.864
0.686,-6.895,8.952,-115.000,-50.000,44.000,-58.042,-75.608,-173.042,-125.608
0.689,-6.648,8.948,-116.000,-50.000,41.000,-55.946,-75.579,-171.946,-125.579
0.689,-6.422,8.969,-118.000,-50.000,52.000,-54.026,-75.759,-172.026,-125.759
0.688,-6.224,9.013,-119.000,-50.000,49.000,-52.347,-76.138,-171.347,-126.138
0.688,-6.043,9.061,-119.000,-49.000,43.000,-50.816,-76.551,-169.816,-125.551
0.688,-5.870,9.080,-120.000,-48.000,36.000,-49.348,-76.712,-169.348,-124.712
0.689,-5.696,9.062,-124.000,-48.000,36.000,-47.876,-76.557,-171.876,-124.557
0.688,-5.547,9.014,-129.000,-50.000,41.000,-46.619,-76.144,-175.619,-126.144
0.688,-5.425,8.930,-128.000,-51.000,42.000,-45.585,-75.424,-173.585,-126.424
0.691,-5.299,8.796,-129.000,-53.000,50.000,-44.524,-74.277,-173.524,-127.277
0.689,-5.195,8.650,-131.000,-54.000,52.000,-43.643,-73.023,-174.643,-127.023
0.689,-5.127,8.518,-131.000,-54.000,45.000,-43.068,-71.890,-174.068,-125.890
0.690,-5.031,8.385,-131.000,-55.000,37.000,-42.258,-70.750,-173.258,-125.750
0.691,-4.895,8.293,-132.000,-55.000,42.000,-41.108,-69.962,-173.108,-124.962
0.691,-4.743,8.273,-132.000,-55.000,41.000,-39.829,-69.794,-171.829,-124.794
0.689,-4.576,8.301,-133.000,-55.000,45.000,-38.419,-70.036,-171.419,-125.036
0.687,-4.403,8.357,-134.000,-55.000,41.000,-36.963,-70.513,-170.963,-125.513
0.690,-4.230,8.431,-134.000,-55.000,46.000,-35.505,-71.147,-169.505,-126.147
0.689,-4.056,8.495,-134.000,-54.000,47.000,-34.034,-71.690,-168.034,-125.690
0.689,-3.877,8.499,-135.000,-54.000,40.000,-32.528,-71.725,-167.528,-125.725
0.688,-3.726,8.449,-138.000,-54.000,40.000,-31.257,-71.297,-169.257,-125.297
0.688,-3.624,8.367,-138.000,-55.000,42.000,-30.398,-70.601,-168.398,-125.601
0.690,-3.553,8.260,-143.000,-55.000,41.000,-29.801,-69.679,-172.801,-124.679
0.688,-3.486,8.111,-147.000,-56.000,44.000,-29.243,-68.409,-176.243,-124.409
0.691,-3.433,7.932,-147.000,-57.000,48.000,-28.796,-66.881,-175.796,-123.881
0.693,-3.411,7.758,-147.000,-59.000,53.000,-28.607,-65.397,-175.607,-124.397
0.692,-3.377,7.599,-146.000,-59.000,43.000,-28.322,-64.039,-174.322,-123.039
0.693,-3.310,7.460,-146.000,-60.000,43.000,-27.762,-62.852,-173.762,-122.852
0.691,-3.223,7.352,-146.000,-60.000,43.000,-27.033,-61.930,-173.033,-121.930
0.692,-3.120,7.283,-147.000,-60.000,45.000,-26.165,-61.344,-173.165,-121.344
0.691,-2.999,7.273,-149.000,-62.000,43.000,-25.144,-61.258,-174.144,-123.258
0.693,-2.855,7.316,-149.000,-61.000,50.000,-23.937,-61.624,-172.937,-122.624
0.691,-2.700,7.376,-150.000,-61.000,52.000,-22.638,-62.136,-172.638,-123.136
0.692,-2.559,7.421,-150.000,-61.000,37.000,-21.451,-62.517,-171.451,-123.517
0.692,-2.447,7.423,-150.000,-61.000,41.000,-20.514,-62.541,-170.514,-123.541
0.693,-2.381,7.374,-152.000,-61.000,44.000,-19.955,-62.117,-171.955,-123.117
0.695,-2.355,7.266,-153.000,-61.000,44.000,-19.739,-61.202,-172.739,-122.202
0.694,-2.347,7.098,-153.000,-61.000,42.000,-19.671,-59.766,-172.671,-120.766
0.692,-2.334,6.874,-153.000,-61.000,51.000,-19.564,-57.867,-172.564,-118.867
0.691,-2.305,6.635,-152.000,-63.000,58.000,-19.320,-55.835,-171.320,-118.835
0.693,-2.244,6.399,-150.000,-68.000,41.000,-18.812,-53.831,-168.812,-121.831
0.692,-2.145,6.185,-148.000,-72.000,42.000,-17.979,-52.019,-165.979,-124.019
0.694,-1.999,6.018,-152.000,-74.000,45.000,-16.751,-50.606,-168.751,-124.606
0.695,-1.802,5.900,-152.000,-74.000,45.000,-15.101,-49.605,-167.101,-123.605
0.693,-1.599,5.845,-153.000,-74.000,45.000,-13.395,-49.139,-166.395,-123.139
0.692,-1.395,5.828,-155.000,-74.000,49.000,-11.691,-48.993,-166.691,-122.993
0.695,-1.177,5.810,-155.000,-74.000,54.000,-9.865,-48.839,-164.865,-122.839
0.694,-0.962,5.769,-156.000,-74.000,51.000,-8.059,-48.496,-164.059,-122.496
0.694,-0.776,5.713,-157.000,-74.000,38.000,-6.504,-48.021,-163.504,-122.021
0.692,-0.627,5.624,-159.000,-75.000,45.000,-5.256,-47.265,-164.256,-122.265
0.691,-0.510,5.470,-163.000,-76.000,44.000,-4.277,-45.964,-167.277,-121.964
0.695,-0.432,5.259,-163.000,-76.000,57.000,-3.622,-44.186,-166.622,-120.186
0.695,-0.377,5.004,-166.000,-80.000,56.000,-3.156,-42.027,-169.156,-122.027
0.694,-0.341,4.725,-166.000,-82.000,54.000,-2.854,-39.672,-168.854,-121.672
0.695,-0.330,4.440,-166.000,-83.000,53.000,-2.764,-37.274,-168.764,-120.274
0.697,-0.314,4.165,-166.000,-83.000,47.000,-2.627,-34.957,-168.627,-117.957
0.695,-0.259,3.896,-167.000,-88.000,52.000,-2.169,-32.693,-169.169,-120.693
0.695,-0.184,3.671,-167.000,-93.000,49.000,-1.541,-30.795,-168.541,-123.795
0.694,-0.102,3.522,-167.000,-95.000,50.000,-0.857,-29.543,-167.857,-124.543
0.695,0.016,3.443,-167.000,-96.000,52.000,0.135,-28.877,-166.865,-124.877
0.696,0.165,3.405,-169.000,-97.000,52.000,1.379,-28.555,-167.621,-125.555
0.693,0.302,3.393,-170.000,-97.000,60.000,2.529,-28.459,-167.471,-125.459
0.695,0.423,3.389,-170.000,-97.000,45.000,3.540,-28.424,-166.460,-125.424
0.695,0.552,3.361,-171.000,-97.000,49.000,4.629,-28.192,-166.371,-125.192
0.697,0.685,3.312,-172.000,-97.000,49.000,5.736,-27.775,-166.264,-124.775
0.696,0.809,3.249,-172.000,-97.000,47.000,6.774,-27.252,-165.226,-124.252
0.697,0.930,3.172,-173.000,-97.000,53.000,7.788,-26.604,-165.212,-123.604
0.695,1.053,3.069,-175.000,-98.000,58.000,8.823,-25.737,-166.177,-123.737
0.693,1.179,2.928,-176.000,-99.000,61.000,9.880,-24.550,-166.120,-123.550
0.697,1.290,2.752,-180.000,-100.000,50.000,10.806,-23.075,-169.194,-123.075
0.698,1.356,2.560,-183.000,-102.000,47.000,11.359,-21.460,-171.641,-123.460
0.696,1.393,2.362,-183.000,-105.000,49.000,11.672,-19.801,-171.328,-124.801
0.697,1.435,2.151,-184.000,-106.000,49.000,12.020,-18.030,-171.980,-124.030
0.699,1.482,1.942,-185.000,-107.000,51.000,12.416,-16.275,-172.584,-123.275
0.700,1.544,1.741,-185.000,-108.000,63.000,12.937,-14.588,-172.063,-122.588
0.705,1.623,1.547,-185.000,-110.000,61.000,13.602,-12.964,-171.398,-122.964
0.702,1.705,1.373,-185.000,-111.000,54.000,14.284,-11.502,-170.716,-122.502
0.699,1.798,1.207,-186.000,-114.000,51.000,15.066,-10.110,-170.934,-124.110
0.699,1.907,1.037,-188.000,-116.000,51.000,15.980,-8.687,-172.020,-124.687
0.701,2.017,0.864,-189.000,-118.000,56.000,16.907,-7.237,-172.093,-125.237
0.700,2.133,0.705,-189.000,-118.000,56.000,17.874,-5.908,-171.126,-123.908
0.703,2.244,0.562,-190.000,-120.000,57.000,18.813,-4.710,-171.187,-124.710
0.702,2.357,0.423,-191.000,-120.000,60.000,19.757,-3.544,-171.243,-123.544
0.702,2.462,0.281,-192.000,-121.000,60.000,20.639,-2.350,-171.361,-123.350
0.702,2.568,0.148,-192.000,-122.000,53.000,21.529,-1.242,-170.471,-123.242
0.700,2.689,0.022,-193.000,-123.000,56.000,22.547,-0.184,-170.453,-123.184
0.702,2.822,-0.096,-193.000,-123.000,57.000,23.664,0.807,-169.336,-122.193
0.701,2.943,-0.201,-194.000,-123.000,55.000,24.674,1.681,-169.326,-121.319
0.704,3.044,-0.287,-201.000,-125.000,58.000,25.525,2.406,-175.475,-122.594
0.702,3.140,-0.366,-203.000,-125.000,59.000,26.331,3.066,-176.669,-121.934
0.705,3.226,-0.444,-203.000,-125.000,57.000,27.054,3.718,-175.946,-121.282
0.705,3.298,-0.521,-204.000,-126.000,53.000,27.662,4.362,-176.338,-121.638
0.703,3.355,-0.612,-204.000,-126.000,51.000,28.137,5.125,-175.863,-120.875
0.702,3.391,-0.714,-204.000,-126.000,56.000,28.441,5.983,-175.559,-120.017
0.701,3.415,-0.825,-204.000,-128.000,56.000,28.642,6.915,-175.358,-121.085
0.705,3.441,-0.942,-204.000,-128.000,55.000,28.861,7.891,-175.139,-120.109
0.704,3.486,-1.041,-206.000,-129.000,58.000,29.243,8.718,-176.757,-120.282
0.707,3.560,-1.118,-206.000,-130.000,59.000,29.862,9.365,-176.138,-120.635
0.707,3.659,-1.185,-207.000,-131.000,58.000,30.692,9.932,-176.308,-121.068
0.705,3.760,-1.256,-207.000,-131.000,56.000,31.547,10.522,-175.453,-120.478
0.704,3.859,-1.335,-207.000,-131.000,62.000,32.379,11.183,-174.621,-119.817
0.704,3.950,-1.431,-210.000,-132.000,54.000,33.145,11.994,-176.855,-120.006
0.704,4.039,-1.537,-216.000,-132.000,61.000,33.890,12.883,-182.109,-119.117
0.703,4.129,-1.638,-217.000,-132.000,64.000,34.652,13.723,-182.348,-118.277
0.703,4.240,-1.739,-218.000,-132.000,65.000,35.585,14.574,-182.415,-117.426
0.702,4.384,-1.881,-219.000,-133.000,60.000,36.797,15.767,-182.203,-117.233
0.702,4.544,-2.045,-220.000,-135.000,62.000,38.146,17.137,-181.854,-117.863
0.705,4.691,-2.186,-221.000,-136.000,59.000,39.386,18.323,-181.614,-117.677
0.705,4.843,-2.324,-221.000,-137.000,55.000,40.670,19.483,-180.330,-117.517
0.701,4.989,-2.453,-222.000,-137.000,61.000,41.904,20.565,-180.096,-116.435
0.703,5.136,-2.580,-224.000,-138.000,64.000,43.143,21.629,-180.857,-116.371
0.704,5.274,-2.705,-228.000,-140.000,60.000,44.308,22.682,-183.692,-117.318
0.705,5.389,-2.825,-228.000,-140.000,60.000,45.277,23.688,-182.723,-116.312
0.705,5.475,-2.936,-230.000,-140.000,61.000,46.005,24.614,-183.995,-115.386
0.706,5.565,-3.060,-231.000,-141.000,62.000,46.765,25.658,-184.235,-115.342
0.706,5.667,-3.194,-231.000,-142.000,61.000,47.633,26.785,-183.367,-115.215
0.706,5.766,-3.335,-231.000,-144.000,59.000,48.469,27.968,-182.531,-116.032
0.706,5.851,-3.494,-232.000,-145.000,63.000,49.186,29.305,-182.814,-115.695
0.709,5.915,-3.678,-234.000,-146.000,68.000,49.733,30.851,-184.267,-115.149
0.706,5.952,-3.867,-235.000,-147.000,64.000,50.045,32.449,-184.955,-114.551
0.711,5.991,-4.046,-235.000,-147.000,57.000,50.377,33.951,-184.623,-113.049
0.711,6.055,-4.221,-235.000,-149.000,60.000,50.917,35.426,-184.083,-113.574
0.710,6.141,-4.379,-235.000,-151.000,58.000,51.644,36.758,-183.356,-114.242
0.709,6.247,-4.493,-236.000,-152.000,68.000,52.541,37.719,-183.459,-114.281
0.711,6.380,-4.570,-237.000,-154.000,64.000,53.670,38.369,-183.330,-115.631
0.709,6.535,-4.621,-239.000,-155.000,63.000,54.988,38.800,-184.012,-116.200
0.712,6.711,-4.648,-242.000,-156.000,68.000,56.485,39.026,-185.515,-116.974
0.710,6.899,-4.659,-243.000,-157.000,64.000,58.080,39.114,-184.920,-117.886
0.714,7.088,-4.667,-243.000,-157.000,60.000,59.684,39.187,-183.316,-117.813
0.711,7.253,-4.680,-244.000,-157.000,64.000,61.090,39.298,-182.910,-117.702
0.710,7.361,-4.708,-245.000,-157.000,63.000,62.012,39.527,-182.988,-117.473
0.707,7.415,-4.755,-245.000,-157.000,68.000,62.465,39.924,-182.535,-117.076
0.708,7.430,-4.823,-245.000,-157.000,72.000,62.594,40.503,-182.406,-116.497
0.712,7.429,-4.912,-245.000,-157.000,69.000,62.592,41.252,-182.408,-115.748
0.711,7.427,-5.016,-245.000,-157.000,68.000,62.572,42.133,-182.428,-114.867
0.712,7.416,-5.126,-246.000,-158.000,63.000,62.478,43.061,-183.522,-114.939
0.714,7.410,-5.238,-247.000,-160.000,66.000,62.428,44.006,-184.572,-115.994
0.713,7.405,-5.360,-247.000,-161.000,64.000,62.386,45.032,-184.614,-115.968
0.711,7.403,-5.461,-247.000,-162.000,67.000,62.364,45.888,-184.636,-116.112
0.712,7.411,-5.548,-248.000,-163.000,64.000,62.435,46.620,-185.565,-116.380
0.711,7.431,-5.622,-248.000,-164.000,69.000,62.604,47.246,-185.396,-116.754
0.713,7.455,-5.679,-249.000,-164.000,59.000,62.810,47.730,-186.190,-116.270
0.714,7.475,-5.708,-250.000,-164.000,64.000,62.977,47.979,-187.023,-116.021
0.716,7.498,-5.718,-250.000,-164.000,68.000,63.180,48.063,-186.820,-115.937
0.713,7.518,-5.716,-250.000,-164.000,63.000,63.344,48.045,-186.656,-115.955
0.711,7.525,-5.709,-250.000,-163.000,62.000,63.408,47.988,-186.592,-115.012
0.712,7.531,-5.710,-250.000,-163.000,71.000,63.461,47.999,-186.539,-115.001
0.710,7.546,-5.723,-251.000,-163.000,71.000,63.589,48.106,-187.411,-114.894
0.713,7.560,-5.744,-252.000,-163.000,67.000,63.707,48.284,-188.293,-114.716
0.711,7.564,-5.783,-253.000,-164.000,64.000,63.736,48.612,-189.264,-115.388
0.716,7.566,-5.841,-253.000,-164.000,63.000,63.755,49.101,-189.245,-114.899
0.721,7.579,-5.918,-253.000,-165.000,66.000,63.863,49.757,-189.137,-115.243
0.715,7.586,-6.001,-254.000,-165.000,67.000,63.928,50.459,-190.072,-114.541
0.716,7.579,-6.075,-254.000,-166.000,69.000,63.865,51.087,-190.135,-114.913
0.720,7.558,-6.145,-254.000,-166.000,68.000,63.685,51.680,-190.315,-114.320
0.716,7.514,-6.208,-254.000,-167.000,68.000,63.309,52.216,-190.691,-114.784
0.716,7.448,-6.249,-254.000,-168.000,70.000,62.747,52.561,-191.253,-115.439
0.718,7.376,-6.250,-253.000,-168.000,69.000,62.134,52.567,-190.866,-115.433
0.714,7.289,-6.184,-251.000,-168.000,64.000,61.396,52.009,-189.604,-115.991
0.714,7.183,-6.065,-250.000,-167.000,66.000,60.492,51.005,-189.508,-115.995
0.715,7.088,-5.941,-250.000,-166.000,70.000,59.686,49.952,-190.314,-116.048
0.715,7.008,-5.849,-249.000,-166.000,71.000,59.008,49.171,-189.992,-116.829
0.715,6.939,-5.782,-249.000,-165.000,68.000,58.417,48.608,-190.583,-116.392
0.714,6.851,-5.729,-249.000,-165.000,62.000,57.667,48.155,-191.333,-116.845
0.715,6.740,-5.681,-249.000,-164.000,66.000,56.729,47.749,-192.271,-116.251
0.716,6.631,-5.629,-248.000,-163.000,63.000,55.798,47.313,-192.202,-115.687
0.714,6.534,-5.552,-248.000,-162.000,63.000,54.980,46.662,-193.020,-115.338
0.713,6.457,-5.438,-246.000,-161.000,70.000,54.326,45.698,-191.674,-115.302
0.714,6.425,-5.303,-246.000,-161.000,68.000,54.049,44.556,-191.951,-116.444
0.717,6.420,-5.162,-244.000,-160.000,69.000,54.011,43.361,-189.989,-116.639
0.712,6.443,-5.008,-243.000,-159.000,62.000,54.203,42.058,-188.797,-116.942
0.711,6.484,-4.863,-243.000,-159.000,62.000,54.557,40.837,-188.443,-118.163
0.710,6.516,-4.732,-243.000,-158.000,55.000,54.821,39.734,-188.179,-118.266
0.711,6.516,-4.613,-243.000,-158.000,61.000,54.827,38.728,-188.173,-119.272
0.713,6.479,-4.512,-244.000,-158.000,60.000,54.515,37.882,-189.485,-120.118
0.708,6.394,-4.423,-244.000,-157.000,62.000,53.786,37.128,-190.214,-119.872
0.711,6.263,-4.344,-244.000,-157.000,67.000,52.675,36.466,-191.325,-120.534
0.708,6.098,-4.276,-243.000,-154.000,57.000,51.281,35.886,-191.719,-118.114
0.709,5.909,-4.193,-238.000,-147.000,59.000,49.678,35.194,-188.322,-111.806
0.708,5.710,-4.085,-236.000,-147.000,61.000,47.994,34.279,-188.006,-112.721
0.709,5.501,-3.937,-235.000,-146.000,63.000,46.228,33.033,-188.772,-112.967
0.707,5.296,-3.733,-234.000,-145.000,63.000,44.493,31.319,-189.507,-113.681
0.708,5.151,-3.498,-232.000,-143.000,66.000,43.273,29.338,-188.727,-113.662
0.707,5.052,-3.233,-228.000,-140.000,64.000,42.434,27.115,-185.566,-112.885
0.707,4.969,-2.954,-225.000,-137.000,57.000,41.736,24.770,-183.264,-112.230
0.708,4.893,-2.674,-225.000,-135.000,64.000,41.091,22.418,-183.909,-112.582
0.705,4.813,-2.399,-224.000,-134.000,64.000,40.418,20.113,-183.582,-113.887
0.707,4.703,-2.170,-224.000,-133.000,55.000,39.492,18.187,-184.508,-114.813
0.706,4.540,-1.977,-222.000,-131.000,60.000,38.118,16.566,-183.882,-114.434
0.705,4.355,-1.800,-221.000,-129.000,64.000,36.559,15.085,-184.441,-113.915
0.705,4.178,-1.646,-221.000,-127.000,68.000,35.061,13.797,-185.939,-113.203
0.704,3.993,-1.492,-220.000,-127.000,63.000,33.509,12.503,-186.491,-114.497
0.707,3.816,-1.319,-218.000,-125.000,55.000,32.013,11.055,-185.987,-113.945
0.704,3.658,-1.130,-215.000,-122.000,50.000,30.688,9.467,-184.312,-112.533
0.708,3.529,-0.916,-214.000,-122.000,56.000,29.599,7.672,-184.401,-114.328
0.706,3.407,-0.661,-213.000,-121.000,56.000,28.576,5.535,-184.424,-115.465
0.706,3.269,-0.366,-211.000,-117.000,58.000,27.412,3.064,-183.588,-113.936
0.707,3.120,-0.058,-210.000,-115.000,54.000,26.165,0.486,-183.835,-114.514
0.708,2.978,0.247,-210.000,-110.000,57.000,24.970,-2.069,-185.030,-112.069
0.708,2.848,0.538,-210.000,-108.000,51.000,23.876,-4.509,-186.124,-112.509
0.705,2.722,0.812,-207.000,-105.000,52.000,22.818,-6.806,-184.182,-111.806
0.705,2.594,1.055,-205.000,-103.000,47.000,21.748,-8.840,-183.252,-111.840
0.706,2.461,1.251,-205.000,-101.000,53.000,20.626,-10.478,-184.374,-111.478
0.706,2.303,1.396,-204.000,-99.000,57.000,19.304,-11.698,-184.696,-110.698
0.706,2.097,1.500,-204.000,-98.000,57.000,17.572,-12.569,-186.428,-110.569
0.706,1.846,1.596,-201.000,-96.000,59.000,15.471,-13.372,-185.529,-109.372
0.704,1.590,1.709,-197.000,-95.000,50.000,13.327,-14.323,-183.673,-109.323
0.702,1.349,1.830,-193.000,-94.000,47.000,11.304,-15.334,-181.696,-109.334
0.703,1.145,1.965,-192.000,-92.000,50.000,9.593,-16.470,-182.407,-108.470
0.703,0.950,2.132,-192.000,-91.000,50.000,7.959,-17.866,-184.041,-108.866
0.702,0.761,2.300,-190.000,-90.000,49.000,6.372,-19.276,-183.628,-109.276
0.704,0.600,2.468,-189.000,-89.000,58.000,5.023,-20.688,-183.977,-109.688
0.700,0.469,2.654,-185.000,-86.000,55.000,3.930,-22.254,-181.070,-108.254
0.700,0.345,2.861,-181.000,-84.000,53.000,2.894,-23.988,-178.106,-107.988
0.702,0.225,3.066,-179.000,-82.000,51.000,1.887,-25.708,-177.113,-107.708
0.702,0.114,3.256,-178.000,-81.000,52.000,0.956,-27.309,-177.044,-108.309
0.702,0.031,3.427,-178.000,-80.000,51.000,0.256,-28.746,-177.744,-108.746
0.702,-0.038,3.600,-177.000,-78.000,50.000,-0.315,-30.202,-177.315,-108.202
0.702,-0.097,3.773,-177.000,-78.000,50.000,-0.810,-31.653,-177.810,-109.653
0.700,-0.156,3.928,-177.000,-77.000,57.000,-1.303,-32.958,-178.303,-109.958
0.700,-0.243,4.073,-177.000,-75.000,49.000,-2.036,-34.179,-179.036,-109.179
0.699,-0.362,4.231,-177.000,-73.000,50.000,-3.034,-35.512,-180.034,-108.512
0.701,-0.494,4.393,-176.000,-72.000,45.000,-4.138,-36.877,-180.138,-108.877
0.699,-0.614,4.518,-174.000,-70.000,45.000,-5.140,-37.930,-179.140,-107.930
0.697,-0.718,4.621,-173.000,-69.000,46.000,-6.016,-38.793,-179.016,-107.793
0.699,-0.819,4.730,-172.000,-67.000,52.000,-6.863,-39.713,-178.863,-106.713
0.698,-0.932,4.851,-172.000,-67.000,51.000,-7.806,-40.735,-179.806,-107.735
0.700,-1.066,4.983,-171.000,-66.000,53.000,-8.928,-41.849,-179.928,-107.849
0.700,-1.209,5.106,-171.000,-65.000,49.000,-10.130,-42.886,-181.130,-107.886
0.699,-1.349,5.216,-169.000,-65.000,41.000,-11.305,-43.816,-180.305,-108.816
0.701,-1.493,5.335,-169.000,-64.000,42.000,-12.511,-44.825,-181.511,-108.825
0.701,-1.621,5.472,-169.000,-64.000,44.000,-13.584,-45.985,-182.584,-109.985
0.700,-1.722,5.606,-169.000,-64.000,45.000,-14.430,-47.112,-183.430,-111.112
0.698,-1.814,5.735,-169.000,-61.000,51.000,-15.204,-48.210,-184.204,-109.210
0.697,-1.913,5.887,-164.000,-56.000,50.000,-16.032,-49.491,-180.032,-105.491
0.698,-2.011,6.039,-161.000,-54.000,36.000,-16.851,-50.776,-177.851,-104.776
0.698,-2.112,6.179,-161.000,-53.000,36.000,-17.698,-51.970,-178.698,-104.970
0.698,-2.207,6.304,-161.000,-51.000,40.000,-18.502,-53.027,-179.502,-104.027
0.697,-2.313,6.416,-160.000,-50.000,42.000,-19.388,-53.974,-179.388,-103.974
0.698,-2.434,6.527,-159.000,-50.000,44.000,-20.407,-54.917,-179.407,-104.917
0.700,-2.561,6.618,-157.000,-50.000,49.000,-21.471,-55.687,-178.471,-105.687
0.699,-2.687,6.678,-157.000,-50.000,51.000,-22.530,-56.197,-179.530,-106.197
0.697,-2.801,6.732,-157.000,-50.000,44.000,-23.482,-56.662,-180.482,-106.662
0.697,-2.900,6.784,-157.000,-50.000,39.000,-24.315,-57.097,-181.315,-107.097
0.699,-3.001,6.864,-155.000,-49.000,44.000,-25.168,-57.781,-180.168,-106.781
0.699,-3.099,6.977,-154.000,-48.000,43.000,-25.986,-58.743,-179.986,-106.743
0.697,-3.204,7.121,-154.000,-48.000,45.000,-26.873,-59.963,-180.873,-107.963
0.696,-3.304,7.277,-149.000,-43.000,53.000,-27.709,-61.291,-176.709,-104.291
0.695,-3.407,7.449,-145.000,-39.000,51.000,-28.579,-62.763,-173.579,-101.763
0.695,-3.517,7.647,-145.000,-37.000,51.000,-29.498,-64.449,-174.498,-101.449
0.695,-3.615,7.850,-143.000,-37.000,42.000,-30.326,-66.175,-173.326,-103.175
0.692,-3.706,8.042,-143.000,-36.000,40.000,-31.087,-67.822,-174.087,-103.822
0.693,-3.800,8.227,-143.000,-34.000,38.000,-31.885,-69.400,-174.885,-103.400
0.692,-3.927,8.380,-142.000,-34.000,41.000,-32.947,-70.713,-174.947,-104.713
0.696,-4.074,8.487,-141.000,-34.000,46.000,-34.189,-71.624,-175.189,-105.624
0.694,-4.248,8.579,-141.000,-32.000,45.000,-35.655,-72.410,-176.655,-104.410
0.694,-4.428,8.660,-141.000,-32.000,51.000,-37.170,-73.105,-178.170,-105.105
0.695,-4.592,8.720,-141.000,-32.000,39.000,-38.554,-73.621,-179.554,-105.621
0.694,-4.735,8.774,-139.000,-32.000,35.000,-39.755,-74.082,-178.755,-106.082
0.694,-4.873,8.863,-139.000,-32.000,42.000,-40.921,-74.846,-179.921,-106.846
0.693,-5.008,8.988,-139.000,-32.000,40.000,-42.058,-75.923,-181.058,-107.923
0.701,-5.145,9.130,-140.000,-26.000,42.000,-43.216,-77.139,-183.216,-103.139
0.699,-5.276,9.267,-139.000,-21.000,42.000,-44.329,-78.316,-183.329,-99.316
0.695,-5.397,9.399,-137.000,-21.000,41.000,-45.344,-79.453,-182.344,-100.453
0.695,-5.486,9.528,-136.000,-21.000,36.000,-46.097,-80.570,-182.097,-101.570
0.693,-5.575,9.670,-136.000,-20.000,32.000,-46.854,-81.787,-182.854,-101.787
0.693,-5.660,9.807,-136.000,-19.000,38.000,-47.569,-82.973,-183.569,-101.973
0.691,-5.734,9.947,-136.000,-19.000,39.000,-48.198,-84.177,-184.198,-103.177
0.692,-5.814,10.099,-136.000,-18.000,40.000,-48.879,-85.495,-184.879,-103.495
0.691,-5.920,10.269,-135.000,-17.000,39.000,-49.772,-86.965,-184.772,-103.965
0.693,-6.037,10.445,-135.000,-17.000,41.000,-50.761,-88.486,-185.761,-105.486
0.693,-6.131,10.626,-135.000,-16.000,28.000,-51.556,-90.057,-186.556,-106.057
0.691,-6.201,10.830,-135.000,-7.000,32.000,-52.156,-91.824,-187.156,-98.824
0.690,-6.280,11.045,-137.000,-7.000,31.000,-52.820,-93.693,-189.820,-100.693
0.689,-6.348,11.237,-135.000,-4.000,30.000,-53.401,-95.361,-188.401,-99.361
0.688,-6.413,11.403,-133.000,-3.000,34.000,-53.949,-96.808,-186.949,-99.808
0.690,-6.491,11.552,-132.000,-3.000,39.000,-54.613,-98.109,-186.613,-101.109
0.686,-6.590,11.675,-131.000,-2.000,35.000,-55.451,-99.185,-186.451,-101.185
0.688,-6.701,11.779,-131.000,-2.000,31.000,-56.398,-100.089,-187.398,-102.089
0.687,-6.818,11.882,-131.000,-2.000,29.000,-57.392,-100.992,-188.392,-102.992
0.687,-6.934,11.985,-130.000,0.000,35.000,-58.380,-101.897,-188.380,-101.897
0.688,-7.068,12.099,-129.000,7.000,33.000,-59.511,-102.893,-188.511,-95.893
0.689,-7.216,12.201,-125.000,8.000,36.000,-60.777,-103.789,-185.777,-95.789
0.688,-7.342,12.269,-125.000,8.000,35.000,-61.844,-104.389,-186.844,-96.389
0.685,-7.423,12.284,-125.000,9.000,36.000,-62.533,-104.516,-187.533,-95.516
0.685,-7.502,12.280,-124.000,9.000,30.000,-63.208,-104.482,-187.208,-95.482
0.688,-7.602,12.273,-124.000,10.000,30.000,-64.061,-104.420,-188.061,-94.420
0.687,-7.690,12.237,-123.000,10.000,29.000,-64.817,-104.107,-187.817,-94.107
0.685,-7.769,12.198,-123.000,9.000,31.000,-65.488,-103.764,-188.488,-94.764
0.686,-7.860,12.192,-123.000,8.000,32.000,-66.266,-103.709,-189.266,-95.709
0.688,-7.950,12.202,-122.000,8.000,36.000,-67.030,-103.794,-189.030,-95.794
0.688,-8.021,12.212,-122.000,10.000,37.000,-67.638,-103.886,-189.638,-93.886
0.686,-8.062,12.210,-122.000,10.000,38.000,-67.986,-103.869,-189.986,-93.869
0.685,-8.085,12.193,-122.000,10.000,25.000,-68.186,-103.721,-190.186,-93.721
0.686,-8.110,12.182,-122.000,10.000,26.000,-68.396,-103.623,-190.396,-93.623
0.685,-8.135,12.189,-122.000,9.000,32.000,-68.615,-103.681,-190.615,-94.681
0.686,-8.148,12.198,-122.000,10.000,28.000,-68.726,-103.759,-190.726,-93.759
0.688,-8.124,12.197,-122.000,9.000,40.000,-68.522,-103.750,-190.522,-94.750
0.687,-8.094,12.218,-122.000,8.000,37.000,-68.262,-103.937,-190.262,-95.937
0.686,-8.088,12.279,-122.000,8.000,39.000,-68.208,-104.470,-190.208,-96.470
0.687,-8.086,12.355,-122.000,9.000,26.000,-68.194,-105.137,-190.194,-96.137
0.685,-8.061,12.410,-122.000,11.000,27.000,-67.985,-105.625,-189.984,-94.625
0.686,-8.013,12.432,-122.000,11.000,30.000,-67.575,-105.816,-189.575,-94.816
0.688,-7.973,12.460,-122.000,11.000,35.000,-67.232,-106.059,-189.232,-95.059
0.687,-7.966,12.503,-122.000,11.000,34.000,-67.170,-106.438,-189.170,-95.438
0.687,-7.975,12.532,-122.000,11.000,33.000,-67.244,-106.694,-189.244,-95.694
0.686,-7.981,12.551,-122.000,11.000,37.000,-67.299,-106.861,-189.299,-95.861
0.685,-8.013,12.579,-122.000,10.000,28.000,-67.569,-107.108,-189.569,-97.108
0.686,-8.070,12.616,-122.000,10.000,31.000,-68.057,-107.430,-190.057,-97.430
0.683,-8.131,12.649,-122.000,11.000,28.000,-68.576,-107.720,-190.576,-96.720
0.684,-8.182,12.683,-122.000,12.000,24.000,-69.011,-108.025,-191.011,-96.025
0.689,-8.221,12.721,-122.000,12.000,32.000,-69.345,-108.359,-191.345,-96.359
0.686,-8.244,12.746,-121.000,12.000,40.000,-69.549,-108.576,-190.549,-96.576
0.683,-8.241,12.737,-121.000,12.000,33.000,-69.522,-108.499,-190.522,-96.499
0.684,-8.219,12.703,-121.000,12.000,26.000,-69.335,-108.200,-190.335,-96.200
0.684,-8.189,12.651,-121.000,12.000,29.000,-69.071,-107.744,-190.071,-95.744
0.686,-8.161,12.579,-121.000,12.000,27.000,-68.833,-107.106,-189.833,-95.106
0.685,-8.136,12.485,-121.000,12.000,29.000,-68.619,-106.285,-189.619,-94.285
0.685,-8.101,12.375,-121.000,11.000,33.000,-68.321,-105.314,-189.321,-94.314
0.687,-8.057,12.275,-121.000,10.000,34.000,-67.947,-104.437,-188.947,-94.437
0.686,-8.003,12.193,-122.000,9.000,37.000,-67.488,-103.722,-189.488,-94.722
0.685,-7.940,12.114,-122.000,9.000,35.000,-66.945,-103.025,-188.945,-94.025
0.684,-7.867,12.022,-122.000,6.000,29.000,-66.322,-102.220,-188.322,-96.220
0.687,-7.785,11.932,-122.000,6.000,32.000,-65.626,-101.432,-187.626,-95.432
0.687,-7.684,11.843,-123.000,6.000,31.000,-64.760,-100.658,-187.760,-94.658
0.686,-7.559,11.747,-123.000,6.000,30.000,-63.697,-99.815,-186.697,-93.815
0.684,-7.418,11.632,-124.000,5.000,41.000,-62.497,-98.806,-186.497,-93.806
0.685,-7.266,11.506,-126.000,3.000,38.000,-61.199,-97.707,-187.199,-94.707
0.687,-7.095,11.385,-127.000,3.000,32.000,-59.742,-96.656,-186.742,-93.656
0.685,-6.892,11.276,-130.000,3.000,31.000,-58.019,-95.701,-188.018,-92.701
0.685,-6.673,11.179,-131.000,3.000,31.000,-56.154,-94.862,-187.154,-91.862
0.686,-6.452,11.090,-132.000,1.000,29.000,-54.283,-94.087,-186.283,-93.087
0.687,-6.241,10.996,-133.000,0.000,38.000,-52.496,-93.272,-185.496,-93.272
0.685,-6.050,10.913,-134.000,2.000,37.000,-50.873,-92.548,-184.873,-90.548
0.688,-5.877,10.848,-134.000,2.000,42.000,-49.404,-91.979,-183.404,-89.979
0.690,-5.713,10.779,-134.000,0.000,40.000,-48.018,-91.386,-182.018,-91.386
0.689,-5.541,10.676,-135.000,-6.000,37.000,-46.570,-90.485,-181.570,-96.485
0.689,-5.365,10.548,-136.000,-9.000,32.000,-45.080,-89.377,-181.080,-98.377
0.690,-5.182,10.389,-137.000,-10.000,33.000,-43.528,-87.998,-180.528,-97.998
0.687,-4.987,10.203,-138.000,-11.000,39.000,-41.886,-86.391,-179.886,-97.391
0.690,-4.800,9.995,-139.000,-12.000,40.000,-40.310,-84.592,-179.310,-96.592
0.691,-4.633,9.749,-139.000,-14.000,46.000,-38.897,-82.472,-177.897,-96.472
0.690,-4.483,9.472,-139.000,-19.000,48.000,-37.636,-80.080,-176.636,-99.080
0.691,-4.328,9.172,-141.000,-24.000,37.000,-36.327,-77.499,-177.327,-101.499
0.691,-4.150,8.856,-143.000,-26.000,36.000,-34.824,-74.787,-177.824,-100.787
0.693,-3.965,8.554,-143.000,-28.000,38.000,-33.270,-72.195,-176.270,-100.195
0.693,-3.781,8.288,-145.000,-29.000,44.000,-31.719,-69.926,-176.719,-98.926
0.693,-3.586,8.054,-145.000,-31.000,47.000,-30.081,-67.918,-175.081,-98.918
0.692,-3.383,7.865,-145.000,-31.000,48.000,-28.377,-66.306,-173.377,-97.306
0.693,-3.174,7.724,-147.000,-34.000,52.000,-26.620,-65.104,-173.620,-99.104
0.693,-2.956,7.620,-147.000,-37.000,39.000,-24.787,-64.213,-171.787,-101.213
0.693,-2.731,7.547,-148.000,-39.000,37.000,-22.894,-63.593,-170.894,-102.593
0.692,-2.496,7.504,-150.000,-39.000,38.000,-20.927,-63.229,-170.927,-102.229
0.693,-2.251,7.467,-151.000,-39.000,40.000,-18.865,-62.910,-169.865,-101.910
0.695,-1.989,7.416,-151.000,-39.000,45.000,-16.671,-62.476,-167.671,-101.476
0.696,-1.718,7.334,-151.000,-40.000,46.000,-14.394,-61.782,-165.394,-101.782
0.694,-1.446,7.230,-153.000,-42.000,50.000,-12.114,-60.897,-165.114,-102.897
0.692,-1.194,7.106,-157.000,-42.000,43.000,-10.001,-59.842,-167.001,-101.842
0.692,-0.946,6.955,-163.000,-43.000,38.000,-7.922,-58.553,-170.922,-101.553
0.693,-0.701,6.777,-165.000,-43.000,36.000,-5.875,-57.042,-170.875,-100.042
0.693,-0.470,6.580,-166.000,-44.000,45.000,-3.934,-55.370,-169.934,-99.370
0.696,-0.259,6.362,-166.000,-45.000,48.000,-2.169,-53.519,-168.169,-98.519
0.697,-0.060,6.134,-169.000,-47.000,50.000,-0.503,-51.582,-169.503,-98.582
0.697,0.120,5.908,-176.000,-51.000,51.000,1.004,-49.674,-174.996,-100.674
0.696,0.286,5.686,-179.000,-53.000,41.000,2.398,-47.790,-176.602,-100.790
0.696,0.466,5.449,-179.000,-55.000,46.000,3.907,-45.787,-175.093,-100.787
0.699,0.663,5.218,-180.000,-57.000,44.000,5.557,-43.833,-174.443,-100.833
0.698,0.850,5.031,-181.000,-59.000,47.000,7.124,-42.257,-173.876,-101.257
0.701,1.042,4.866,-182.000,-59.000,51.000,8.734,-40.863,-173.266,-99.863
0.700,1.250,4.701,-185.000,-60.000,55.000,10.477,-39.470,-174.523,-99.470
0.701,1.463,4.549,-186.000,-65.000,55.000,12.259,-38.188,-173.741,-103.188
0.699,1.672,4.420,-187.000,-67.000,57.000,14.009,-37.106,-172.991,-104.106
0.700,1.874,4.308,-189.000,-68.000,48.000,15.706,-36.159,-173.294,-104.159
0.698,2.055,4.201,-191.000,-69.000,48.000,17.227,-35.256,-173.773,-104.256
0.703,2.226,4.088,-191.000,-69.000,47.000,18.654,-34.304,-172.346,-103.304
0.701,2.391,3.967,-191.000,-69.000,49.000,20.042,-33.288,-170.958,-102.288
0.703,2.563,3.837,-192.000,-70.000,52.000,21.482,-32.191,-170.518,-102.191
0.704,2.729,3.702,-193.000,-72.000,59.000,22.881,-31.056,-170.119,-103.056
0.702,2.875,3.579,-193.000,-72.000,60.000,24.104,-30.023,-168.896,-102.023
0.702,3.011,3.460,-197.000,-72.000,45.000,25.252,-29.025,-171.748,-101.025
0.701,3.151,3.319,-202.000,-74.000,48.000,26.428,-27.838,-175.572,-101.838
0.701,3.314,3.144,-203.000,-74.000,52.000,27.791,-26.362,-175.209,-100.362
0.703,3.493,2.941,-204.000,-76.000,47.000,29.302,-24.664,-174.698,-100.664
0.705,3.681,2.725,-206.000,-78.000,53.000,30.878,-22.849,-175.122,-100.849
0.705,3.875,2.512,-207.000,-78.000,60.000,32.513,-21.057,-174.487,-99.057
0.705,4.082,2.301,-207.000,-79.000,57.000,34.257,-19.284,-172.743,-98.284
0.705,4.304,2.107,-207.000,-79.000,50.000,36.122,-17.663,-170.878,-96.663
0.704,4.542,1.947,-214.000,-84.000,53.000,38.132,-16.318,-175.868,-100.318
0.705,4.765,1.838,-218.000,-85.000,48.000,40.014,-15.407,-177.986,-100.407
0.706,4.969,1.757,-221.000,-86.000,60.000,41.735,-14.725,-179.265,-100.725
0.705,5.155,1.687,-221.000,-86.000,60.000,43.307,-14.138,-177.693,-100.138
0.704,5.330,1.613,-221.000,-86.000,65.000,44.781,-13.514,-176.219,-99.514
0.708,5.486,1.543,-222.000,-86.000,63.000,46.099,-12.932,-175.901,-98.932
0.707,5.625,1.457,-223.000,-87.000,57.000,47.272,-12.209,-175.728,-99.209
0.706,5.764,1.336,-223.000,-87.000,58.000,48.456,-11.193,-174.544,-98.193
0.707,5.922,1.179,-224.000,-88.000,61.000,49.789,-9.880,-174.211,-97.880
0.708,6.089,0.984,-232.000,-90.000,55.000,51.204,-8.246,-180.796,-98.246
0.708,6.248,0.774,-232.000,-92.000,58.000,52.555,-6.488,-179.445,-98.488
0.705,6.399,0.547,-234.000,-95.000,63.000,53.836,-4.583,-180.164,-99.583
0.705,6.551,0.317,-236.000,-97.000,64.000,55.125,-2.657,-180.875,-99.657
0.708,6.680,0.110,-237.000,-98.000,60.000,56.218,-0.925,-180.782,-98.925
0.708,6.773,-0.065,-238.000,-99.000,56.000,57.004,0.548,-180.996,-98.452
0.705,6.836,-0.216,-238.000,-99.000,59.000,57.544,1.812,-180.456,-97.188
0.707,6.892,-0.349,-238.000,-101.000,59.000,58.022,2.923,-179.978,-98.077
0.707,6.947,-0.472,-238.000,-102.000,60.000,58.482,3.955,-179.518,-98.045
0.709,7.003,-0.580,-238.000,-102.000,64.000,58.965,4.857,-179.035,-97.143
0.708,7.070,-0.684,-237.000,-105.000,65.000,59.535,5.733,-177.465,-99.267
0.709,7.167,-0.795,-237.000,-106.000,70.000,60.355,6.662,-176.645,-99.338
0.710,7.278,-0.879,-238.000,-106.000,61.000,61.299,7.365,-176.701,-98.635
0.711,7.413,-0.958,-239.000,-107.000,63.000,62.454,8.026,-176.546,-98.974
0.711,7.565,-1.029,-240.000,-107.000,59.000,63.749,8.620,-176.251,-98.380
0.709,7.719,-1.092,-242.000,-108.000,60.000,65.064,9.150,-176.936,-98.850
0.710,7.852,-1.145,-243.000,-108.000,70.000,66.197,9.597,-176.803,-98.403
0.706,7.957,-1.172,-243.000,-110.000,72.000,67.094,9.821,-175.906,-100.179
0.709,8.054,-1.189,-243.000,-110.000,62.000,67.923,9.962,-175.077,-100.038
0.710,8.141,-1.225,-245.000,-110.000,62.000,68.667,10.265,-176.333,-99.735
0.712,8.197,-1.269,-251.000,-110.000,66.000,69.146,10.629,-181.854,-99.371
0.711,8.228,-1.298,-251.000,-111.000,66.000,69.411,10.875,-181.589,-100.125
0.710,8.245,-1.329,-251.000,-111.000,63.000,69.551,11.132,-181.449,-99.868
0.710,8.249,-1.372,-251.000,-111.000,61.000,69.584,11.495,-181.416,-99.505
0.715,8.236,-1.414,-251.000,-111.000,66.000,69.477,11.849,-181.523,-99.151
0.710,8.226,-1.460,-251.000,-112.000,68.000,69.389,12.236,-181.611,-99.764
0.706,8.219,-1.514,-251.000,-112.000,62.000,69.335,12.683,-181.665,-99.317
0.709,8.222,-1.555,-251.000,-112.000,66.000,69.355,13.026,-181.645,-98.974
0.710,8.245,-1.585,-251.000,-112.000,59.000,69.556,13.285,-181.444,-98.715
0.715,8.279,-1.618,-250.000,-112.000,66.000,69.842,13.559,-180.158,-98.441
0.711,8.299,-1.641,-250.000,-113.000,70.000,70.017,13.750,-179.983,-99.250
0.711,8.299,-1.643,-250.000,-113.000,67.000,70.016,13.765,-179.984,-99.235
0.708,8.284,-1.633,-250.000,-113.000,68.000,69.884,13.686,-180.116,-99.314
0.707,8.265,-1.626,-250.000,-113.000,58.000,69.726,13.627,-180.274,-99.373
0.711,8.235,-1.615,-250.000,-113.000,63.000,69.468,13.532,-180.532,-99.468
0.711,8.197,-1.595,-250.000,-113.000,66.000,69.143,13.370,-180.857,-99.630
0.709,8.145,-1.569,-250.000,-112.000,64.000,68.700,13.146,-181.300,-98.854
0.709,8.067,-1.529,-250.000,-112.000,59.000,68.035,12.816,-181.965,-99.184
0.711,7.981,-1.481,-249.000,-112.000,66.000,67.297,12.414,-181.703,-99.586
0.714,7.901,-1.436,-248.000,-111.000,66.000,66.618,12.036,-181.382,-98.964
0.712,7.848,-1.405,-247.000,-111.000,60.000,66.161,11.769,-180.839,-99.231
0.713,7.815,-1.376,-247.000,-110.000,63.000,65.880,11.532,-181.120,-98.468
0.712,7.775,-1.325,-247.000,-110.000,64.000,65.539,11.103,-181.461,-98.897
0.712,7.727,-1.263,-247.000,-110.000,66.000,65.128,10.579,-181.872,-99.421
0.710,7.677,-1.207,-247.000,-109.000,68.000,64.700,10.111,-182.300,-98.889
0.713,7.617,-1.157,-247.000,-108.000,65.000,64.194,9.694,-182.806,-98.306
0.714,7.548,-1.097,-247.000,-108.000,70.000,63.600,9.194,-183.400,-98.806
0.713,7.474,-1.027,-247.000,-108.000,66.000,62.972,8.607,-184.028,-99.393
0.712,7.392,-0.949,-246.000,-107.000,61.000,62.274,7.954,-183.726,-99.046
0.713,7.308,-0.865,-245.000,-106.000,61.000,61.555,7.250,-183.445,-98.750
0.714,7.223,-0.776,-245.000,-106.000,61.000,60.830,6.503,-184.170,-99.497
0.717,7.122,-0.677,-242.000,-105.000,67.000,59.977,5.674,-182.023,-99.326
0.712,6.997,-0.555,-242.000,-105.000,63.000,58.912,4.652,-183.088,-100.348
0.713,6.840,-0.396,-240.000,-104.000,65.000,57.577,3.316,-182.423,-100.684
0.713,6.672,-0.252,-237.000,-102.000,63.000,56.145,2.115,-180.855,-99.885
0.712,6.507,-0.125,-235.000,-102.000,57.000,54.744,1.049,-180.256,-100.951
0.712,6.374,-0.009,-232.000,-100.000,57.000,53.620,0.080,-178.380,-99.920
0.712,6.267,0.099,-232.000,-99.000,58.000,52.716,-0.827,-179.284,-99.827
0.715,6.173,0.212,-231.000,-98.000,57.000,51.914,-1.780,-179.086,-99.780
0.715,6.060,0.355,-231.000,-97.000,65.000,50.959,-2.977,-180.041,-99.977
0.713,5.913,0.560,-230.000,-96.000,65.000,49.711,-4.689,-180.289,-100.689
0.714,5.760,0.811,-229.000,-94.000,62.000,48.415,-6.798,-180.585,-100.798
0.713,5.625,1.099,-228.000,-92.000,56.000,47.278,-9.210,-180.722,-101.210
0.713,5.507,1.419,-226.000,-85.000,58.000,46.275,-11.887,-179.725,-96.887
0.712,5.396,1.744,-225.000,-83.000,50.000,45.338,-14.613,-179.662,-97.613
0.711,5.284,2.067,-223.000,-80.000,50.000,44.390,-17.320,-178.610,-97.320
0.713,5.152,2.376,-223.000,-76.000,61.000,43.281,-19.917,-179.719,-95.917
0.712,4.980,2.656,-223.000,-75.000,52.000,41.830,-22.265,-181.170,-97.265
0.712,4.777,2.903,-222.000,-72.000,56.000,40.115,-24.339,-181.885,-96.339
0.710,4.555,3.122,-221.000,-70.000,50.000,38.238,-26.183,-182.762,-96.183
0.711,4.318,3.310,-219.000,-68.000,50.000,36.241,-27.758,-182.759,-95.758
0.710,4.077,3.460,-218.000,-68.000,52.000,34.211,-29.020,-183.789,-97.020
0.711,3.835,3.574,-216.000,-66.000,48.000,32.178,-29.984,-183.822,-95.984
0.710,3.592,3.667,-213.000,-66.000,51.000,30.134,-30.763,-182.866,-96.763
0.709,3.305,3.778,-210.000,-65.000,52.000,27.721,-31.697,-182.279,-96.697
0.710,2.991,3.898,-204.000,-62.000,53.000,25.082,-32.705,-178.918,-94.705
0.709,2.703,3.993,-202.000,-62.000,47.000,22.663,-33.505,-179.337,-95.505
0.709,2.425,4.074,-201.000,-61.000,46.000,20.328,-34.192,-180.672,-95.192
0.710,2.160,4.167,-201.000,-59.000,49.000,18.101,-34.974,-182.899,-93.974
0.713,1.912,4.277,-201.000,-59.000,51.000,16.024,-35.896,-184.976,-94.896
0.709,1.707,4.401,-192.000,-57.000,49.000,14.306,-36.939,-177.694,-93.939
0.710,1.526,4.540,-187.000,-55.000,46.000,12.788,-38.117,-174.212,-93.117
0.710,1.338,4.720,-187.000,-54.000,56.000,11.208,-39.635,-175.792,-93.635
0.709,1.158,4.921,-187.000,-53.000,47.000,9.705,-41.328,-177.295,-94.328
0.712,0.990,5.136,-186.000,-52.000,43.000,8.298,-43.146,-177.702,-95.146
0.711,0.833,5.382,-185.000,-51.000,43.000,6.977,-45.218,-178.023,-96.218
0.709,0.692,5.665,-184.000,-48.000,44.000,5.794,-47.617,-178.206,-95.617
0.711,0.572,5.959,-183.000,-42.000,45.000,4.790,-50.105,-178.210,-92.105
0.712,0.456,6.243,-182.000,-39.000,50.000,3.816,-52.509,-178.184,-91.509
0.710,0.317,6.506,-181.000,-38.000,51.000,2.654,-54.741,-178.346,-92.741
0.710,0.134,6.743,-180.000,-37.000,52.000,1.124,-56.753,-178.876,-93.753
0.709,-0.093,6.955,-178.000,-36.000,41.000,-0.776,-58.550,-178.776,-94.550
0.708,-0.326,7.126,-176.000,-32.000,37.000,-2.733,-60.007,-178.733,-92.007
0.710,-0.547,7.273,-172.000,-27.000,41.000,-4.587,-61.260,-176.587,-88.260
0.710,-0.782,7.412,-170.000,-25.000,45.000,-6.552,-62.447,-176.552,-87.447
0.710,-1.033,7.551,-168.000,-24.000,49.000,-8.651,-63.630,-176.651,-87.630
0.710,-1.250,7.662,-167.000,-24.000,52.000,-10.475,-64.576,-177.475,-88.576
0.709,-1.427,7.776,-167.000,-24.000,49.000,-11.953,-65.545,-178.953,-89.545
0.708,-1.563,7.923,-166.000,-23.000,37.000,-13.093,-66.798,-179.093,-89.798
0.707,-1.679,8.123,-165.000,-22.000,42.000,-14.069,-68.514,-179.069,-90.514
0.708,-1.788,8.345,-165.000,-22.000,39.000,-14.987,-70.413,-179.987,-92.413
0.706,-1.898,8.565,-165.000,-21.000,40.000,-15.904,-72.295,-180.904,-93.295
0.706,-2.013,8.794,-165.000,-19.000,48.000,-16.871,-74.255,-181.871,-93.255
0.704,-2.117,9.014,-164.000,-13.000,48.000,-17.746,-76.141,-181.746,-89.141
0.705,-2.218,9.214,-163.000,-10.000,46.000,-18.594,-77.862,-181.594,-87.862
0.707,-2.317,9.393,-163.000,-7.000,34.000,-19.425,-79.400,-182.425,-86.400
0.705,-2.444,9.558,-162.000,-7.000,37.000,-20.488,-80.822,-182.488,-87.822
0.705,-2.609,9.702,-161.000,-6.000,38.000,-21.875,-82.063,-182.875,-88.063
0.704,-2.795,9.813,-161.000,-5.000,32.000,-23.432,-83.025,-184.432,-88.025
0.704,-3.011,9.911,-160.000,-5.000,38.000,-25.244,-83.871,-185.244,-88.871
0.706,-3.266,10.023,-160.000,-4.000,44.000,-27.392,-84.839,-187.392,-88.839
0.705,-3.537,10.142,-160.000,-5.000,48.000,-29.666,-85.867,-189.666,-90.867
0.703,-3.771,10.241,-155.000,-1.000,31.000,-31.641,-86.722,-186.641,-87.722
0.703,-3.968,10.358,-147.000,7.000,34.000,-33.294,-87.730,-180.294,-80.730
0.700,-4.163,10.539,-147.000,7.000,29.000,-34.934,-89.303,-181.934,-82.303
0.701,-4.354,10.760,-146.000,8.000,31.000,-36.546,-91.221,-182.546,-83.221
0.703,-4.535,11.001,-145.000,9.000,37.000,-38.071,-93.313,-183.071,-84.313
0.701,-4.694,11.242,-144.000,9.000,38.000,-39.412,-95.404,-183.412,-86.404
0.702,-4.846,11.492,-144.000,9.000,40.000,-40.691,-97.585,-184.691,-88.585
0.699,-4.972,11.724,-140.000,16.000,39.000,-41.754,-99.617,-181.754,-83.617
0.702,-5.078,11.935,-137.000,22.000,29.000,-42.650,-101.462,-179.650,-79.462
0.700,-5.169,12.124,-136.000,23.000,29.000,-43.419,-103.113,-179.419,-80.113
0.701,-5.251,12.290,-136.000,24.000,32.000,-44.113,-104.565,-180.113,-80.565
0.702,-5.358,12.450,-136.000,24.000,29.000,-45.019,-105.970,-181.019,-81.970
0.700,-5.478,12.609,-134.000,24.000,32.000,-46.034,-107.374,-180.034,-83.374
0.699,-5.602,12.778,-133.000,24.000,35.000,-47.081,-108.859,-180.081,-84.859
0.702,-5.713,12.922,-133.000,24.000,31.000,-48.016,-110.133,-181.016,-86.133
0.700,-5.824,13.042,-131.000,26.000,30.000,-48.957,-111.191,-179.957,-85.191
0.698,-5.956,13.148,-131.000,26.000,26.000,-50.076,-112.123,-181.076,-86.123
0.698,-6.102,13.232,-131.000,28.000,27.000,-51.314,-112.861,-182.314,-84.861
0.698,-6.223,13.288,-129.000,30.000,29.000,-52.341,-113.364,-181.341,-83.364
0.701,-6.315,13.337,-128.000,34.000,35.000,-53.121,-113.798,-181.121,-79.798
0.696,-6.396,13.402,-128.000,36.000,32.000,-53.805,-114.372,-181.805,-78.372
0.697,-6.445,13.464,-127.000,37.000,37.000,-54.225,-114.919,-181.225,-77.919
0.702,-6.462,13.528,-126.000,37.000,28.000,-54.365,-115.486,-180.365,-78.486
0.701,-6.478,13.619,-124.000,37.000,22.000,-54.501,-116.296,-178.501,-79.296
0.696,-6.511,13.724,-124.000,37.000,27.000,-54.780,-117.223,-178.780,-80.223
0.696,-6.538,13.828,-125.000,38.000,30.000,-55.008,-118.148,-180.008,-80.148
0.697,-6.562,13.936,-125.000,38.000,32.000,-55.217,-119.109,-180.217,-81.109
0.701,-6.599,14.038,-125.000,38.000,34.000,-55.528,-120.012,-180.528,-82.012
0.700,-6.667,14.152,-125.000,39.000,26.000,-56.108,-121.030,-181.108,-82.030
0.696,-6.767,14.266,-125.000,39.000,26.000,-56.957,-122.049,-181.957,-83.049
0.696,-6.876,14.350,-124.000,40.000,27.000,-57.879,-122.799,-181.879,-82.799
0.695,-6.954,14.385,-124.000,40.000,22.000,-58.546,-123.109,-182.546,-83.109
0.693,-7.014,14.374,-123.000,40.000,26.000,-59.057,-123.015,-182.057,-83.015
0.693,-7.090,14.341,-123.000,40.000,33.000,-59.698,-122.715,-182.698,-82.715
0.694,-7.183,14.297,-123.000,40.000,34.000,-60.490,-122.327,-183.490,-82.327
0.693,-7.256,14.234,-123.000,40.000,36.000,-61.114,-121.760,-184.114,-81.760
0.694,-7.303,14.157,-122.000,40.000,31.000,-61.516,-121.076,-183.516,-81.076
0.692,-7.335,14.084,-122.000,40.000,28.000,-61.785,-120.428,-183.785,-80.428
0.692,-7.372,14.030,-121.000,40.000,30.000,-62.102,-119.942,-183.102,-79.942
0.692,-7.413,13.983,-114.000,43.000,28.000,-62.452,-119.529,-176.452,-76.529
0.695,-7.442,13.937,-111.000,43.000,31.000,-62.700,-119.115,-173.700,-76.115
0.693,-7.470,13.909,-111.000,43.000,37.000,-62.936,-118.870,-173.936,-75.870
0.695,-7.515,13.920,-114.000,43.000,38.000,-63.324,-118.962,-177.324,-75.962
0.695,-7.586,13.968,-112.000,43.000,34.000,-63.926,-119.391,-175.926,-76.391
0.694,-7.640,14.020,-112.000,43.000,28.000,-64.383,-119.859,-176.383,-76.859
0.694,-7.664,14.063,-112.000,43.000,26.000,-64.591,-120.242,-176.591,-77.242
0.696,-7.667,14.092,-112.000,43.000,28.000,-64.619,-120.498,-176.619,-77.498
0.697,-7.675,14.112,-109.000,43.000,26.000,-64.683,-120.677,-173.683,-77.677
0.697,-7.692,14.120,-109.000,44.000,33.000,-64.826,-120.743,-173.826,-76.743
0.695,-7.707,14.108,-110.000,44.000,33.000,-64.960,-120.636,-174.960,-76.636
0.697,-7.720,14.084,-110.000,44.000,40.000,-65.070,-120.427,-175.070,-76.427
0.697,-7.719,14.045,-109.000,43.000,24.000,-65.064,-120.077,-174.064,-77.077
0.694,-7.697,13.990,-109.000,42.000,29.000,-64.872,-119.593,-173.872,-77.593
0.698,-7.650,13.920,-111.000,44.000,27.000,-64.472,-118.964,-175.472,-74.964
0.698,-7.589,13.838,-113.000,44.000,28.000,-63.949,-118.237,-176.949,-74.237
0.699,-7.522,13.738,-115.000,40.000,27.000,-63.383,-117.353,-178.383,-77.353
0.698,-7.454,13.620,-116.000,40.000,34.000,-62.804,-116.303,-178.804,-76.303
0.697,-7.390,13.484,-111.000,38.000,33.000,-62.253,-115.093,-173.253,-77.093
0.697,-7.329,13.337,-113.000,37.000,27.000,-61.740,-113.795,-174.740,-76.795
0.697,-7.272,13.182,-115.000,35.000,28.000,-61.251,-112.420,-176.251,-77.420
0.698,-7.204,13.002,-115.000,35.000,26.000,-60.673,-110.838,-175.673,-75.838
0.696,-7.120,12.811,-114.000,35.000,24.000,-59.955,-109.148,-173.955,-74.148
0.699,-7.030,12.634,-115.000,35.000,28.000,-59.194,-107.590,-174.194,-72.590
0.699,-6.942,12.484,-115.000,35.000,35.000,-58.447,-106.275,-173.447,-71.275
0.698,-6.841,12.354,-116.000,34.000,33.000,-57.589,-105.127,-173.589,-71.127
0.697,-6.728,12.250,-116.000,34.000,37.000,-56.624,-104.218,-172.624,-70.218
0.699,-6.618,12.199,-117.000,34.000,29.000,-55.695,-103.769,-172.695,-69.769
0.700,-6.505,12.200,-118.000,32.000,27.000,-54.734,-103.778,-172.734,-71.778
0.700,-6.346,12.210,-118.000,32.000,26.000,-53.381,-103.865,-171.381,-71.865
0.697,-6.139,12.201,-118.000,33.000,33.000,-51.631,-103.785,-169.631,-70.785
0.697,-5.929,12.185,-119.000,30.000,36.000,-49.845,-103.651,-168.845,-73.651
0.699,-5.745,12.161,-120.000,25.000,36.000,-48.287,-103.436,-168.287,-78.436
0.697,-5.565,12.105,-120.000,27.000,35.000,-46.767,-102.951,-166.767,-75.951
0.700,-5.393,12.026,-120.000,27.000,28.000,-45.317,-102.251,-165.317,-75.251
0.697,-5.232,11.920,-123.000,23.000,30.000,-43.954,-101.326,-166.954,-78.326
0.701,-5.070,11.784,-123.000,20.000,24.000,-42.586,-100.135,-165.586,-80.135
0.699,-4.913,11.640,-123.000,20.000,27.000,-41.257,-98.877,-164.257,-78.877
0.697,-4.788,11.514,-124.000,20.000,36.000,-40.207,-97.783,-164.207,-77.783
0.698,-4.685,11.411,-124.000,20.000,33.000,-39.334,-96.878,-163.334,-76.878
0.700,-4.582,11.317,-125.000,20.000,38.000,-38.472,-96.060,-163.472,-76.060
0.698,-4.469,11.209,-125.000,20.000,30.000,-37.518,-95.118,-162.518,-75.118
0.697,-4.340,11.075,-127.000,20.000,25.000,-36.427,-93.958,-163.427,-73.958
0.699,-4.203,10.938,-131.000,20.000,32.000,-35.272,-92.768,-166.272,-72.768
0.697,-4.078,10.808,-136.000,20.000,33.000,-34.223,-91.632,-170.223,-71.632
0.700,-3.959,10.673,-138.000,18.000,39.000,-33.216,-90.461,-171.216,-72.461
0.702,-3.814,10.517,-138.000,16.000,46.000,-32.002,-89.113,-170.002,-73.113
0.702,-3.627,10.338,-138.000,15.000,45.000,-30.426,-87.558,-168.426,-72.558
0.699,-3.407,10.150,-138.000,15.000,36.000,-28.577,-85.929,-166.577,-70.929
0.699,-3.182,9.967,-140.000,15.000,33.000,-26.682,-84.350,-166.682,-69.350
0.700,-2.962,9.800,-141.000,13.000,34.000,-24.833,-82.911,-165.833,-69.911
0.701,-2.744,9.658,-142.000,13.000,34.000,-23.009,-81.683,-165.009,-68.683
0.703,-2.525,9.538,-149.000,13.000,43.000,-21.163,-80.654,-170.163,-67.654
0.704,-2.294,9.423,-152.000,13.000,44.000,-19.226,-79.660,-171.226,-66.660
0.705,-2.066,9.306,-154.000,13.000,51.000,-17.319,-78.653,-171.319,-65.653
0.701,-1.877,9.211,-154.000,11.000,48.000,-15.727,-77.840,-169.727,-66.840
0.702,-1.724,9.140,-154.000,11.000,33.000,-14.445,-77.230,-168.445,-66.230
0.703,-1.597,9.083,-155.000,9.000,39.000,-13.385,-76.737,-168.385,-67.737
0.703,-1.469,9.011,-156.000,8.000,41.000,-12.309,-76.122,-168.309,-68.122
0.704,-1.347,8.946,-158.000,8.000,43.000,-11.289,-75.562,-169.289,-67.562
0.704,-1.225,8.883,-159.000,8.000,46.000,-10.268,-75.023,-169.268,-67.023
0.703,-1.102,8.802,-159.000,8.000,46.000,-9.232,-74.324,-168.232,-66.324
0.705,-0.971,8.698,-164.000,3.000,47.000,-8.138,-73.430,-172.138,-70.430
0.703,-0.835,8.590,-168.000,1.000,33.000,-6.995,-72.505,-174.995,-71.505
0.706,-0.669,8.465,-168.000,0.000,38.000,-5.603,-71.440,-173.603,-71.440
0.704,-0.488,8.328,-168.000,0.000,40.000,-4.091,-70.261,-172.091,-70.261
0.706,-0.337,8.198,-169.000,-2.000,41.000,-2.821,-69.148,-171.821,-71.148
0.706,-0.212,8.085,-169.000,-3.000,49.000,-1.776,-68.184,-170.776,-71.184
0.706,-0.098,7.991,-169.000,-4.000,52.000,-0.819,-67.386,-169.819,-71.386
0.707,0.028,7.903,-170.000,-4.000,48.000,0.233,-66.628,-169.767,-70.628
0.705,0.158,7.833,-170.000,-4.000,38.000,1.325,-66.029,-168.675,-70.029
0.706,0.289,7.756,-171.000,-4.000,37.000,2.420,-65.374,-168.580,-69.374
0.706,0.421,7.653,-171.000,-4.000,40.000,3.529,-64.496,-167.471,-68.496
0.705,0.553,7.524,-171.000,-4.000,40.000,4.634,-63.395,-166.366,-67.395
0.703,0.671,7.382,-173.000,-8.000,43.000,5.620,-62.186,-167.380,-70.186
0.703,0.801,7.228,-179.000,-11.000,51.000,6.712,-60.876,-172.288,-71.876
0.707,0.951,7.057,-182.000,-14.000,46.000,7.967,-59.419,-174.033,-73.419
0.708,1.102,6.887,-183.000,-16.000,35.000,9.233,-57.977,-173.767,-73.977
0.705,1.269,6.730,-183.000,-16.000,36.000,10.636,-56.638,-172.364,-72.638
0.706,1.440,6.590,-184.000,-16.000,40.000,12.069,-55.456,-171.931,-71.456
0.707,1.609,6.464,-185.000,-17.000,45.000,13.486,-54.385,-171.514,-71.385
0.706,1.783,6.341,-186.000,-18.000,48.000,14.946,-53.341,-171.054,-71.341
0.704,1.978,6.223,-187.000,-19.000,49.000,16.576,-52.339,-170.424,-71.339
0.704,2.191,6.117,-191.000,-20.000,50.000,18.361,-51.441,-172.639,-71.441
0.707,2.401,6.020,-196.000,-22.000,42.000,20.125,-50.622,-175.875,-72.622
0.707,2.592,5.911,-197.000,-23.000,44.000,21.728,-49.695,-175.272,-72.695
0.705,2.753,5.785,-198.000,-25.000,47.000,23.082,-48.628,-174.918,-73.628
0.706,2.898,5.653,-199.000,-26.000,41.000,24.300,-47.512,-174.700,-73.512
0.707,3.023,5.527,-200.000,-27.000,44.000,25.348,-46.449,-174.652,-73.449
0.709,3.127,5.412,-200.000,-27.000,52.000,26.220,-45.475,-173.780,-72.475
0.708,3.236,5.298,-200.000,-27.000,58.000,27.140,-44.512,-172.860,-71.512
0.710,3.358,5.183,-200.000,-28.000,52.000,28.163,-43.537,-171.837,-71.537
0.708,3.479,5.051,-201.000,-28.000,42.000,29.185,-42.423,-171.815,-70.423
0.706,3.602,4.882,-201.000,-28.000,45.000,30.212,-41.000,-170.788,-69.000
0.707,3.724,4.645,-203.000,-30.000,46.000,31.240,-39.002,-171.760,-69.002
0.708,3.822,4.369,-208.000,-34.000,49.000,32.066,-36.672,-175.934,-70.672
0.706,3.866,4.088,-210.000,-37.000,52.000,32.440,-34.302,-177.560,-71.302
0.707,3.871,3.822,-210.000,-39.000,56.000,32.480,-32.065,-177.520,-71.065
0.709,3.909,3.562,-211.000,-39.000,61.000,32.795,-29.881,-178.205,-68.881
0.711,3.992,3.323,-212.000,-41.000,51.000,33.495,-27.872,-178.505,-68.872
0.708,4.107,3.120,-213.000,-43.000,48.000,34.467,-26.167,-178.533,-69.167
0.709,4.237,2.958,-214.000,-48.000,47.000,35.557,-24.804,-178.443,-72.804
0.708,4.377,2.823,-215.000,-50.000,50.000,36.743,-23.673,-178.257,-73.673
0.710,4.529,2.696,-216.000,-51.000,51.000,38.020,-22.603,-177.980,-73.603
0.712,4.682,2.568,-217.000,-51.000,47.000,39.313,-21.528,-177.687,-72.528
0.711,4.819,2.462,-218.000,-52.000,57.000,40.468,-20.636,-177.532,-72.636
0.710,4.946,2.368,-219.000,-53.000,49.000,41.537,-19.852,-177.463,-72.852
0.713,5.083,2.231,-221.000,-54.000,53.000,42.695,-18.697,-178.305,-72.697
0.712,5.216,2.050,-221.000,-54.000,51.000,43.823,-17.180,-177.177,-71.180
0.713,5.322,1.853,-221.000,-55.000,52.000,44.716,-15.525,-176.284,-70.525
0.711,5.395,1.657,-222.000,-58.000,54.000,45.334,-13.885,-176.666,-71.885
0.712,5.468,1.469,-226.000,-60.000,58.000,45.949,-12.308,-180.051,-72.308
0.711,5.567,1.294,-226.000,-62.000,60.000,46.786,-10.846,-179.214,-72.846
0.712,5.680,1.181,-227.000,-63.000,64.000,47.738,-9.896,-179.262,-72.896
0.710,5.808,1.138,-229.000,-63.000,55.000,48.827,-9.538,-180.173,-72.538
0.711,5.962,1.118,-229.000,-64.000,55.000,50.126,-9.368,-178.874,-73.368
0.712,6.124,1.092,-230.000,-64.000,53.000,51.503,-9.146,-178.497,-73.146
0.709,6.270,1.073,-231.000,-64.000,59.000,52.741,-8.988,-178.259,-72.988
0.708,6.395,1.055,-232.000,-64.000,66.000,53.795,-8.839,-178.205,-72.839
0.709,6.506,1.003,-234.000,-65.000,65.000,54.736,-8.402,-179.264,-73.402
0.710,6.585,0.923,-234.000,-65.000,59.000,55.409,-7.736,-178.591,-72.736
0.709,6.648,0.817,-234.000,-65.000,56.000,55.944,-6.842,-178.056,-71.842
0.711,6.711,0.702,-235.000,-65.000,58.000,56.484,-5.885,-178.516,-70.885
0.712,6.787,0.592,-236.000,-67.000,55.000,57.124,-4.956,-178.876,-71.956
0.710,6.859,0.502,-236.000,-68.000,55.000,57.734,-4.205,-178.266,-72.205
0.709,6.930,0.429,-242.000,-71.000,59.000,58.344,-3.590,-183.656,-74.590
0.711,7.017,0.351,-242.000,-72.000,63.000,59.082,-2.944,-182.918,-74.944
0.709,7.125,0.262,-242.000,-73.000,60.000,60.000,-2.192,-182.000,-75.192
0.712,7.228,0.170,-243.000,-73.000,53.000,60.879,-1.425,-182.121,-74.425
0.711,7.325,0.080,-243.000,-73.000,54.000,61.698,-0.667,-181.302,-73.667
0.711,7.414,-0.007,-243.000,-74.000,57.000,62.460,0.058,-180.540,-73.942
0.709,7.510,-0.089,-243.000,-75.000,61.000,63.279,0.748,-179.721,-74.252
0.708,7.612,-0.185,-245.000,-76.000,62.000,64.146,1.549,-180.854,-74.451
0.710,7.712,-0.301,-246.000,-76.000,65.000,65.004,2.521,-180.996,-73.479
0.713,7.807,-0.414,-247.000,-77.000,69.000,65.808,3.471,-181.192,-73.529
0.711,7.899,-0.499,-248.000,-77.000,59.000,66.594,4.183,-181.406,-72.817
0.711,7.987,-0.539,-249.000,-78.000,62.000,67.346,4.518,-181.654,-73.482
0.712,8.083,-0.566,-249.000,-78.000,63.000,68.169,4.745,-180.831,-73.255
0.712,8.181,-0.586,-249.000,-78.000,66.000,69.004,4.911,-179.996,-73.089
0.713,8.275,-0.603,-255.000,-80.000,60.000,69.814,5.051,-185.186,-74.949
0.714,8.354,-0.617,-258.000,-81.000,70.000,70.486,5.172,-187.514,-75.828
0.711,8.421,-0.631,-260.000,-81.000,72.000,71.057,5.287,-188.943,-75.713
0.712,8.493,-0.662,-261.000,-81.000,60.000,71.672,5.547,-189.328,-75.453
0.715,8.568,-0.711,-261.000,-81.000,63.000,72.316,5.958,-188.684,-75.042
0.712,8.650,-0.770,-261.000,-81.000,64.000,73.021,6.449,-187.979,-74.551
0.712,8.738,-0.826,-262.000,-82.000,59.000,73.779,6.921,-188.221,-75.079
0.711,8.813,-0.867,-262.000,-83.000,63.000,74.419,7.260,-187.581,-75.740
0.713,8.872,-0.904,-262.000,-83.000,62.000,74.923,7.570,-187.077,-75.430
0.712,8.924,-0.925,-262.000,-83.000,60.000,75.371,7.753,-186.629,-75.247
0.713,8.978,-0.926,-262.000,-83.000,65.000,75.832,7.758,-186.168,-75.242
0.712,9.028,-0.910,-262.000,-83.000,60.000,76.265,7.625,-185.735,-75.375
0.713,9.061,-0.884,-262.000,-83.000,62.000,76.544,7.405,-185.456,-75.595
0.711,9.066,-0.861,-262.000,-83.000,60.000,76.595,7.214,-185.405,-75.786
0.714,9.050,-0.846,-262.000,-83.000,60.000,76.454,7.089,-185.546,-75.911
0.712,9.016,-0.838,-262.000,-83.000,66.000,76.159,7.021,-185.841,-75.979
0.713,8.978,-0.843,-262.000,-83.000,61.000,75.839,7.060,-186.161,-75.940
0.713,8.932,-0.856,-262.000,-83.000,66.000,75.439,7.170,-186.561,-75.830
0.712,8.868,-0.870,-262.000,-83.000,62.000,74.888,7.290,-187.112,-75.710
0.710,8.794,-0.873,-262.000,-83.000,61.000,74.255,7.317,-187.745,-75.683
0.711,8.708,-0.857,-262.000,-83.000,56.000,73.520,7.177,-188.480,-75.823
0.713,8.611,-0.827,-262.000,-83.000,62.000,72.689,6.927,-189.311,-76.073
0.715,8.516,-0.800,-262.000,-83.000,62.000,71.870,6.700,-190.130,-76.300
0.713,8.423,-0.768,-262.000,-83.000,65.000,71.081,6.431,-190.919,-76.569
0.714,8.320,-0.722,-261.000,-83.000,65.000,70.195,6.051,-190.805,-76.949
0.714,8.187,-0.665,-261.000,-83.000,64.000,69.062,5.575,-191.938,-77.425
0.715,8.026,-0.592,-258.000,-82.000,62.000,67.678,4.956,-190.322,-77.044
0.717,7.830,-0.485,-256.000,-81.000,63.000,66.010,4.066,-189.990,-76.934
0.714,7.607,-0.352,-254.000,-81.000,62.000,64.107,2.952,-189.893,-78.048
0.713,7.367,-0.201,-253.000,-79.000,60.000,62.059,1.687,-190.941,-77.313
0.712,7.136,-0.042,-252.000,-78.000,65.000,60.090,0.351,-191.910,-77.649
0.713,6.904,0.145,-250.000,-76.000,64.000,58.118,-1.219,-191.882,-77.219
0.711,6.672,0.369,-245.000,-75.000,62.000,56.146,-3.094,-188.854,-78.094
0.709,6.454,0.614,-242.000,-74.000,53.000,54.301,-5.140,-187.699,-79.140
0.710,6.239,0.873,-239.000,-71.000,51.000,52.475,-7.316,-186.525,-78.316
0.710,6.022,1.146,-238.000,-69.000,55.000,50.639,-9.600,-187.361,-78.600
0.711,5.816,1.414,-236.000,-68.000,55.000,48.891,-11.852,-187.109,-79.852
0.710,5.618,1.666,-235.000,-65.000,61.000,47.212,-13.962,-187.788,-78.962
0.709,5.412,1.913,-233.000,-61.000,60.000,45.479,-16.032,-187.521,-77.033
0.710,5.177,2.163,-230.000,-58.000,58.000,43.489,-18.128,-186.511,-76.128
0.710,4.925,2.434,-229.000,-56.000,49.000,41.360,-20.403,-187.640,-76.403
0.711,4.684,2.714,-226.000,-54.000,52.000,39.331,-22.750,-186.669,-76.750
0.710,4.481,2.985,-225.000,-53.000,55.000,37.615,-25.026,-187.385,-78.026
0.707,4.283,3.258,-222.000,-50.000,52.000,35.950,-27.324,-186.050,-77.324
0.710,4.086,3.537,-221.000,-43.000,53.000,34.290,-29.669,-186.710,-72.669
0.712,3.913,3.806,-218.000,-40.000,54.000,32.831,-31.933,-185.169,-71.933
0.708,3.760,4.068,-215.000,-38.000,57.000,31.547,-34.135,-183.453,-72.135
0.709,3.594,4.336,-215.000,-38.000,41.000,30.146,-36.393,-184.854,-74.393
0.706,3.407,4.605,-215.000,-35.000,45.000,28.578,-38.660,-186.422,-73.660
0.708,3.235,4.839,-214.000,-33.000,39.000,27.129,-40.633,-186.871,-73.633
0.712,3.081,5.031,-208.000,-28.000,46.000,25.839,-42.257,-182.161,-70.257
0.711,2.924,5.202,-207.000,-25.000,47.000,24.514,-43.696,-182.486,-68.696
0.713,2.763,5.357,-207.000,-24.000,49.000,23.168,-45.010,-183.832,-69.010
0.711,2.605,5.495,-206.000,-24.000,49.000,21.838,-46.174,-184.162,-70.174
0.710,2.440,5.626,-205.000,-23.000,44.000,20.450,-47.288,-184.550,-70.288
0.710,2.271,5.762,-204.000,-22.000,42.000,19.036,-48.435,-184.964,-70.435
0.713,2.104,5.907,-204.000,-21.000,46.000,17.636,-49.665,-186.364,-70.665
0.714,1.970,6.055,-203.000,-20.000,45.000,16.514,-50.913,-186.486,-70.913
0.712,1.870,6.222,-200.000,-17.000,46.000,15.673,-52.332,-184.327,-69.332
0.712,1.795,6.421,-198.000,-12.000,46.000,15.046,-54.016,-182.954,-66.016
0.709,1.745,6.646,-198.000,-10.000,49.000,14.626,-55.929,-183.374,-65.929
0.710,1.721,6.883,-198.000,-9.000,50.000,14.425,-57.942,-183.575,-66.942
0.711,1.678,7.107,-198.000,-9.000,40.000,14.065,-59.850,-183.935,-68.850
0.712,1.603,7.304,-197.000,-8.000,36.000,13.430,-61.523,-183.570,-69.523
0.710,1.520,7.468,-197.000,-7.000,34.000,12.738,-62.920,-184.262,-69.920
0.711,1.450,7.621,-195.000,0.000,38.000,12.149,-64.224,-182.851,-64.224
0.709,1.375,7.784,-191.000,2.000,47.000,11.517,-65.614,-179.483,-63.614
0.709,1.278,7.958,-191.000,4.000,49.000,10.706,-67.105,-180.294,-63.105
0.710,1.178,8.140,-191.000,4.000,52.000,9.868,-68.653,-181.132,-64.653
0.708,1.075,8.314,-191.000,6.000,37.000,9.011,-70.141,-181.989,-64.141
0.709,0.962,8.510,-191.000,7.000,35.000,8.057,-71.824,-182.943,-64.824
0.710,0.848,8.716,-189.000,9.000,38.000,7.108,-73.584,-181.892,-64.584
0.709,0.749,8.936,-189.000,12.000,39.000,6.275,-75.473,-182.725,-63.473
0.707,0.669,9.171,-189.000,17.000,43.000,5.604,-77.491,-183.396,-60.491
0.706,0.589,9.438,-188.000,20.000,46.000,4.937,-79.788,-183.063,-59.788
0.708,0.518,9.733,-186.000,21.000,48.000,4.342,-82.335,-181.658,-61.335
0.709,0.469,10.049,-186.000,21.000,32.000,3.931,-85.060,-182.069,-64.060
0.708,0.455,10.372,-187.000,22.000,30.000,3.812,-87.856,-183.188,-65.856
0.706,0.461,10.687,-186.000,27.000,31.000,3.861,-90.585,-182.139,-63.585
0.707,0.465,10.980,-184.000,34.000,35.000,3.893,-93.129,-180.107,-59.129
0.705,0.460,11.236,-184.000,36.000,34.000,3.856,-95.352,-180.144,-59.352
0.706,0.443,11.464,-185.000,36.000,43.000,3.713,-97.341,-181.287,-61.341
0.706,0.382,11.698,-183.000,39.000,40.000,3.196,-99.389,-179.804,-60.389
0.705,0.245,11.936,-183.000,41.000,28.000,2.050,-101.466,-180.950,-60.466
0.706,0.063,12.142,-183.000,41.000,30.000,0.531,-103.274,-182.469,-62.274
0.706,-0.146,12.277,-181.000,48.000,26.000,-1.220,-104.454,-182.220,-56.454
0.707,-0.356,12.331,-178.000,50.000,32.000,-2.987,-104.933,-180.987,-54.933
0.707,-0.573,12.353,-177.000,50.000,32.000,-4.803,-105.121,-181.803,-55.121
0.705,-0.825,12.376,-176.000,51.000,36.000,-6.914,-105.323,-182.914,-54.323
0.705,-1.094,12.412,-176.000,50.000,40.000,-9.166,-105.636,-185.166,-55.636
0.705,-1.362,12.482,-175.000,50.000,26.000,-11.413,-106.256,-186.413,-56.256
0.707,-1.627,12.611,-169.000,51.000,26.000,-13.634,-107.386,-182.634,-56.386
0.705,-1.867,12.787,-164.000,52.000,27.000,-15.647,-108.941,-179.647,-56.941
0.705,-2.051,12.989,-163.000,55.000,28.000,-17.191,-110.718,-180.191,-55.718
0.703,-2.205,13.221,-162.000,55.000,29.000,-18.480,-112.765,-180.480,-57.765
0.702,-2.348,13.472,-161.000,56.000,34.000,-19.678,-114.993,-180.678,-58.993
0.701,-2.465,13.696,-161.000,57.000,36.000,-20.664,-116.980,-181.664,-59.980
0.701,-2.558,13.862,-160.000,64.000,38.000,-21.447,-118.450,-181.447,-54.450
0.701,-2.666,13.965,-160.000,66.000,27.000,-22.347,-119.366,-182.347,-53.366
0.709,-2.831,14.018,-158.000,66.000,30.000,-23.740,-119.837,-181.740,-53.837
0.707,-3.049,14.022,-156.000,70.000,23.000,-25.570,-119.870,-181.570,-49.870
0.703,-3.279,13.978,-155.000,69.000,29.000,-27.499,-119.485,-182.499,-50.485
0.702,-3.488,13.917,-155.000,68.000,30.000,-29.259,-118.940,-184.259,-50.940
0.702,-3.681,13.872,-154.000,69.000,42.000,-30.879,-118.538,-184.879,-49.538
0.704,-3.866,13.858,-154.000,69.000,32.000,-32.437,-118.414,-186.437,-49.414
0.703,-4.041,13.862,-154.000,69.000,32.000,-33.912,-118.450,-187.912,-49.450
0.702,-4.194,13.881,-153.000,69.000,24.000,-35.196,-118.618,-188.196,-49.618
0.703,-4.334,13.923,-151.000,67.000,26.000,-36.378,-118.996,-187.378,-51.996
0.708,-4.480,14.017,-146.000,70.000,27.000,-37.607,-119.827,-183.607,-49.827
0.705,-4.615,14.136,-143.000,73.000,30.000,-38.743,-120.890,-181.743,-47.890
0.702,-4.726,14.240,-143.000,73.000,34.000,-39.686,-121.813,-182.686,-48.813
0.704,-4.825,14.340,-143.000,74.000,31.000,-40.519,-122.705,-183.519,-48.705
0.702,-4.945,14.453,-141.000,76.000,24.000,-41.533,-123.718,-182.533,-47.718
0.702,-5.071,14.551,-141.000,76.000,27.000,-42.594,-124.593,-183.594,-48.593
0.701,-5.151,14.612,-141.000,76.000,23.000,-43.266,-125.140,-184.266,-49.140
0.699,-5.200,14.650,-141.000,76.000,27.000,-43.687,-125.478,-184.687,-49.478
0.700,-5.262,14.686,-141.000,76.000,26.000,-44.208,-125.801,-185.208,-49.801
0.699,-5.333,14.717,-141.000,76.000,31.000,-44.811,-126.074,-185.811,-50.074
0.700,-5.396,14.730,-141.000,76.000,32.000,-45.341,-126.197,-186.341,-50.197
0.700,-5.448,14.728,-141.000,76.000,20.000,-45.777,-126.174,-186.777,-50.174
0.700,-5.510,14.724,-141.000,76.000,22.000,-46.300,-126.139,-187.300,-50.139
0.699,-5.597,14.716,-141.000,76.000,28.000,-47.038,-126.068,-188.038,-50.068
0.698,-5.701,14.704,-141.000,76.000,25.000,-47.916,-125.958,-188.916,-49.958
0.698,-5.805,14.683,-141.000,76.000,32.000,-48.796,-125.774,-189.796,-49.774
0.701,-5.902,14.661,-141.000,76.000,32.000,-49.623,-125.576,-190.623,-49.576
0.699,-5.986,14.627,-141.000,76.000,37.000,-50.336,-125.274,-191.336,-49.274
0.701,-6.048,14.575,-141.000,76.000,34.000,-50.855,-124.808,-191.855,-48.808
0.701,-6.082,14.500,-141.000,76.000,28.000,-51.144,-124.132,-192.144,-48.132
0.704,-6.110,14.407,-141.000,76.000,23.000,-51.386,-123.307,-192.386,-47.307
0.700,-6.151,14.319,-141.000,76.000,23.000,-51.728,-122.521,-192.728,-46.521
0.701,-6.182,14.228,-141.000,76.000,28.000,-51.992,-121.706,-192.992,-45.706
0.704,-6.177,14.137,-141.000,76.000,26.000,-51.953,-120.893,-192.953,-44.893
0.703,-6.137,14.051,-141.000,76.000,35.000,-51.610,-120.132,-192.610,-44.132
0.704,-6.071,13.964,-141.000,76.000,31.000,-51.054,-119.356,-192.054,-43.356
0.702,-5.999,13.881,-141.000,76.000,26.000,-50.438,-118.621,-191.438,-42.621
0.703,-5.924,13.797,-141.000,76.000,29.000,-49.803,-117.869,-190.803,-41.869
0.703,-5.843,13.699,-141.000,76.000,28.000,-49.123,-117.003,-190.123,-41.003
0.705,-5.747,13.589,-141.000,76.000,32.000,-48.309,-116.024,-189.309,-40.024
0.709,-5.644,13.468,-141.000,76.000,28.000,-47.435,-114.955,-188.435,-38.955
0.706,-5.528,13.321,-141.000,76.000,32.000,-46.452,-113.651,-187.452,-37.651
0.706,-5.385,13.144,-141.000,76.000,35.000,-45.243,-112.087,-186.243,-36.087
0.703,-5.219,12.953,-141.000,76.000,36.000,-43.841,-110.399,-184.841,-34.399
0.704,-5.053,12.761,-141.000,76.000,28.000,-42.441,-108.711,-183.441,-32.711
0.705,-4.887,12.574,-141.000,76.000,25.000,-41.042,-107.061,-182.042,-31.061
0.706,-4.724,12.400,-141.000,76.000,30.000,-39.667,-105.539,-180.667,-29.539
0.705,-4.558,12.235,-151.000,75.000,32.000,-38.267,-104.086,-189.267,-29.086
0.705,-4.390,12.088,-156.000,79.000,29.000,-36.849,-102.794,-192.849,-23.794
0.705,-4.223,11.950,-158.000,78.000,31.000,-35.447,-101.590,-193.447,-23.590
0.704,-4.043,11.813,-158.000,76.000,37.000,-33.923,-100.388,-191.923,-24.388
0.707,-3.852,11.660,-160.000,75.000,39.000,-32.315,-99.052,-192.315,-24.052
0.707,-3.681,11.513,-160.000,73.000,27.000,-30.877,-97.773,-190.877,-24.773
0.705,-3.513,11.362,-160.000,73.000,28.000,-29.464,-96.457,-189.464,-23.457
0.711,-3.354,11.197,-162.000,72.000,27.000,-28.131,-95.014,-190.131,-23.014
0.710,-3.210,11.007,-162.000,72.000,38.000,-26.921,-93.359,-188.921,-21.359
0.707,-3.061,10.805,-162.000,72.000,38.000,-25.669,-91.609,-187.669,-19.609
0.707,-2.892,10.604,-162.000,64.000,44.000,-24.247,-89.868,-186.247,-25.868
0.708,-2.703,10.409,-166.000,62.000,43.000,-22.658,-88.171,-188.658,-26.171
0.708,-2.504,10.214,-167.000,62.000,33.000,-20.994,-86.487,-187.994,-24.487
0.711,-2.303,10.009,-167.000,59.000,33.000,-19.302,-84.714,-186.302,-25.714
0.710,-2.109,9.801,-168.000,57.000,32.000,-17.680,-82.916,-185.680,-25.916
0.708,-1.936,9.598,-168.000,56.000,39.000,-16.228,-81.171,-184.228,-25.171
0.709,-1.764,9.400,-168.000,56.000,43.000,-14.781,-79.468,-182.781,-23.468
0.711,-1.575,9.191,-169.000,56.000,45.000,-13.199,-77.667,-182.199,-21.667
0.710,-1.377,8.981,-170.000,49.000,51.000,-11.540,-75.865,-181.540,-26.865
0.712,-1.199,8.801,-171.000,44.000,38.000,-10.046,-74.320,-181.046,-30.320
0.710,-1.031,8.632,-172.000,44.000,39.000,-8.640,-72.864,-180.640,-28.864
0.709,-0.858,8.437,-172.000,43.000,40.000,-7.192,-71.198,-179.192,-28.198
0.710,-0.682,8.216,-172.000,41.000,40.000,-5.714,-69.308,-177.714,-28.308
0.709,-0.512,7.978,-173.000,41.000,38.000,-4.291,-67.276,-177.291,-26.276
0.708,-0.381,7.737,-173.000,40.000,44.000,-3.196,-65.216,-176.196,-25.216
0.708,-0.276,7.468,-175.000,35.000,47.000,-2.313,-62.923,-177.313,-27.923
0.710,-0.159,7.147,-175.000,30.000,51.000,-1.331,-60.186,-176.331,-30.186
0.709,-0.028,6.795,-175.000,28.000,38.000,-0.233,-57.193,-175.233,-29.193
0.709,0.104,6.424,-177.000,26.000,42.000,0.874,-54.042,-176.126,-28.042
0.709,0.223,6.054,-180.000,24.000,39.000,1.864,-50.911,-178.136,-26.911
0.707,0.319,5.692,-181.000,20.000,46.000,2.673,-47.839,-178.327,-27.839
0.709,0.407,5.344,-182.000,14.000,54.000,3.412,-44.902,-178.588,-30.902
0.711,0.496,5.029,-183.000,13.000,47.000,4.159,-42.238,-178.841,-29.238
0.711,0.599,4.752,-184.000,11.000,55.000,5.022,-39.905,-178.978,-28.905
0.709,0.744,4.516,-184.000,10.000,43.000,6.231,-37.913,-177.769,-27.913
0.710,0.928,4.322,-185.000,6.000,43.000,7.777,-36.274,-177.223,-30.274
0.708,1.127,4.162,-187.000,1.000,44.000,9.441,-34.932,-177.559,-33.932
0.710,1.344,4.026,-190.000,0.000,47.000,11.263,-33.787,-178.737,-33.787
0.711,1.586,3.883,-190.000,-1.000,51.000,13.288,-32.581,-176.712,-33.581
0.713,1.820,3.728,-192.000,-3.000,55.000,15.252,-31.278,-176.748,-34.278
0.710,2.045,3.555,-194.000,-3.000,56.000,17.141,-29.820,-176.859,-32.820
0.710,2.249,3.358,-197.000,-4.000,48.000,18.853,-28.164,-178.147,-32.164
0.710,2.426,3.149,-201.000,-5.000,49.000,20.334,-26.404,-180.666,-31.404
0.712,2.588,2.931,-203.000,-6.000,47.000,21.698,-24.573,-181.302,-30.573
0.711,2.741,2.707,-204.000,-8.000,48.000,22.977,-22.698,-181.023,-30.698
0.709,2.874,2.484,-205.000,-10.000,51.000,24.095,-20.823,-180.905,-30.823
0.711,2.982,2.280,-205.000,-12.000,56.000,25.006,-19.110,-179.994,-31.110
0.712,3.081,2.102,-205.000,-13.000,55.000,25.833,-17.620,-179.167,-30.620
0.710,3.180,1.939,-206.000,-16.000,55.000,26.666,-16.254,-179.334,-32.254
0.711,3.289,1.790,-209.000,-20.000,55.000,27.584,-15.003,-181.416,-35.003
0.712,3.412,1.634,-209.000,-21.000,52.000,28.620,-13.689,-180.380,-34.689
0.709,3.546,1.457,-211.000,-23.000,55.000,29.748,-12.207,-181.252,-35.207
0.709,3.686,1.261,-212.000,-24.000,58.000,30.924,-10.566,-181.076,-34.566
0.710,3.834,1.036,-213.000,-26.000,60.000,32.164,-8.681,-180.836,-34.681
0.710,3.981,0.807,-214.000,-28.000,57.000,33.401,-6.762,-180.599,-34.762
0.711,4.117,0.591,-214.000,-29.000,52.000,34.549,-4.955,-179.451,-33.955
0.713,4.250,0.375,-215.000,-30.000,51.000,35.673,-3.145,-179.327,-33.145
0.712,4.383,0.163,-221.000,-36.000,57.000,36.795,-1.369,-184.205,-37.369
0.711,4.512,-0.058,-222.000,-37.000,54.000,37.879,0.488,-184.121,-36.512
0.714,4.629,-0.285,-224.000,-39.000,57.000,38.864,2.384,-185.136,-36.616
0.711,4.713,-0.502,-224.000,-40.000,60.000,39.569,4.209,-184.431,-35.791
0.712,4.768,-0.710,-225.000,-41.000,65.000,40.035,5.945,-184.965,-35.055
0.714,4.813,-0.881,-225.000,-42.000,64.000,40.417,7.378,-184.583,-34.622
0.712,4.859,-1.009,-226.000,-44.000,56.000,40.801,8.452,-185.199,-35.548
0.713,4.926,-1.105,-226.000,-44.000,58.000,41.373,9.261,-184.627,-34.739
0.713,5.017,-1.183,-226.000,-45.000,57.000,42.141,9.909,-183.859,-35.091
0.714,5.131,-1.248,-226.000,-45.000,61.000,43.103,10.460,-182.897,-34.540
0.713,5.256,-1.302,-226.000,-45.000,63.000,44.160,10.913,-181.840,-34.087
0.712,5.380,-1.345,-227.000,-45.000,67.000,45.208,11.271,-181.792,-33.729
0.712,5.493,-1.401,-227.000,-45.000,67.000,46.162,11.738,-180.838,-33.262
0.714,5.605,-1.479,-229.000,-46.000,57.000,47.106,12.395,-181.894,-33.605
0.714,5.707,-1.572,-234.000,-50.000,56.000,47.968,13.172,-186.032,-36.828
0.712,5.798,-1.676,-234.000,-50.000,54.000,48.740,14.047,-185.260,-35.953
0.711,5.887,-1.795,-234.000,-51.000,60.000,49.494,15.040,-184.506,-35.960
0.713,5.981,-1.922,-235.000,-52.000,62.000,50.291,16.110,-184.709,-35.890
0.712,6.065,-2.061,-236.000,-53.000,66.000,51.003,17.270,-184.997,-35.730
0.713,6.140,-2.221,-237.000,-53.000,67.000,51.638,18.619,-185.362,-34.381
0.714,6.206,-2.406,-237.000,-54.000,63.000,52.193,20.171,-184.807,-33.829
0.715,6.257,-2.597,-238.000,-55.000,63.000,52.632,21.768,-185.368,-33.232
0.715,6.285,-2.783,-238.000,-57.000,60.000,52.865,23.329,-185.135,-33.671
0.714,6.301,-2.958,-238.000,-59.000,55.000,52.997,24.800,-185.003,-34.200
0.714,6.314,-3.098,-238.000,-60.000,62.000,53.110,25.977,-184.890,-34.023
0.714,6.325,-3.178,-239.000,-62.000,64.000,53.208,26.655,-185.792,-35.345
0.715,6.352,-3.211,-239.000,-63.000,67.000,53.433,26.931,-185.567,-36.069
0.714,6.399,-3.197,-239.000,-63.000,68.000,53.829,26.813,-185.171,-36.187
0.712,6.455,-3.154,-240.000,-64.000,63.000,54.311,26.451,-185.689,-37.549
0.714,6.506,-3.117,-240.000,-64.000,62.000,54.740,26.135,-185.260,-37.865
0.716,6.544,-3.098,-240.000,-63.000,64.000,55.062,25.978,-184.938,-37.022
0.715,6.567,-3.090,-240.000,-63.000,66.000,55.259,25.909,-184.741,-37.091
0.714,6.586,-3.103,-242.000,-63.000,59.000,55.422,26.019,-186.578,-36.981
0.712,6.604,-3.134,-242.000,-63.000,67.000,55.574,26.282,-186.426,-36.718
0.714,6.630,-3.176,-241.000,-64.000,62.000,55.795,26.639,-185.205,-37.361
0.715,6.660,-3.220,-241.000,-64.000,64.000,56.049,27.001,-184.951,-36.999
0.712,6.691,-3.245,-242.000,-64.000,64.000,56.307,27.216,-185.693,-36.784
0.711,6.727,-3.245,-243.000,-64.000,62.000,56.616,27.217,-186.384,-36.783
0.715,6.779,-3.222,-244.000,-64.000,67.000,57.059,27.025,-186.941,-36.975
0.712,6.836,-3.179,-244.000,-64.000,63.000,57.539,26.656,-186.461,-37.344
0.714,6.877,-3.111,-244.000,-63.000,64.000,57.888,26.090,-186.112,-36.910
0.713,6.894,-3.039,-244.000,-63.000,65.000,58.037,25.480,-185.963,-37.520
0.714,6.897,-2.977,-244.000,-63.000,61.000,58.057,24.959,-185.943,-38.041
0.713,6.884,-2.911,-244.000,-63.000,62.000,57.952,24.410,-186.048,-38.590
0.713,6.854,-2.840,-244.000,-63.000,62.000,57.698,23.816,-186.302,-39.184
0.714,6.812,-2.774,-244.000,-62.000,64.000,57.340,23.255,-186.660,-38.745
0.716,6.750,-2.714,-243.000,-60.000,61.000,56.808,22.750,-186.192,-37.250
0.720,6.655,-2.644,-243.000,-60.000,64.000,56.008,22.168,-186.992,-37.832
0.715,6.531,-2.568,-240.000,-60.000,63.000,54.949,21.528,-185.051,-38.472
0.714,6.379,-2.479,-239.000,-60.000,56.000,53.664,20.783,-185.336,-39.217
0.715,6.218,-2.362,-239.000,-59.000,65.000,52.300,19.803,-186.700,-39.197
0.715,6.050,-2.207,-238.000,-58.000,57.000,50.873,18.499,-187.127,-39.501
0.716,5.890,-2.016,-236.000,-56.000,56.000,49.522,16.895,-186.478,-39.105
0.714,5.751,-1.787,-236.000,-55.000,63.000,48.343,14.972,-187.657,-40.028
0.715,5.628,-1.528,-235.000,-50.000,66.000,47.302,12.803,-187.698,-37.197
0.714,5.508,-1.245,-234.000,-47.000,60.000,46.283,10.431,-187.717,-36.569
0.712,5.404,-0.984,-233.000,-46.000,56.000,45.411,8.241,-187.589,-37.759
0.714,5.321,-0.772,-232.000,-44.000,60.000,44.703,6.471,-187.297,-37.529
0.715,5.229,-0.596,-231.000,-42.000,58.000,43.925,4.989,-187.075,-37.011
0.713,5.114,-0.444,-231.000,-40.000,63.000,42.958,3.721,-188.042,-36.279
0.711,4.972,-0.309,-230.000,-38.000,62.000,41.760,2.588,-188.240,-35.412
0.713,4.800,-0.181,-230.000,-38.000,60.000,40.305,1.517,-189.695,-36.483
0.713,4.619,-0.039,-226.000,-37.000,58.000,38.781,0.325,-187.219,-36.675
0.712,4.440,0.112,-224.000,-35.000,51.000,37.268,-0.941,-186.732,-35.941
0.712,4.282,0.266,-223.000,-34.000,52.000,35.943,-2.232,-187.057,-36.232
0.711,4.161,0.437,-220.000,-33.000,54.000,34.921,-3.662,-185.079,-36.662
0.712,4.050,0.635,-219.000,-30.000,52.000,33.990,-5.316,-185.010,-35.316
0.711,3.957,0.840,-218.000,-29.000,57.000,33.206,-7.037,-184.794,-36.037
0.712,3.872,1.053,-218.000,-28.000,53.000,32.491,-8.827,-185.509,-36.827
0.712,3.770,1.285,-218.000,-27.000,57.000,31.629,-10.769,-186.371,-37.769
0.711,3.644,1.524,-218.000,-27.000,53.000,30.567,-12.771,-187.433,-39.771
0.712,3.507,1.755,-217.000,-22.000,49.000,29.414,-14.703,-187.586,-36.703
0.711,3.363,1.967,-215.000,-20.000,52.000,28.209,-16.485,-186.791,-36.485
0.710,3.219,2.159,-215.000,-18.000,50.000,26.994,-18.093,-188.006,-36.093
0.708,3.077,2.319,-215.000,-17.000,53.000,25.803,-19.437,-189.197,-36.437
0.711,2.927,2.446,-214.000,-16.000,54.000,24.543,-20.507,-189.457,-36.507
0.709,2.766,2.561,-213.000,-16.000,60.000,23.188,-21.468,-189.812,-37.468
0.708,2.594,2.672,-212.000,-15.000,60.000,21.743,-22.398,-190.257,-37.398
0.708,2.412,2.773,-210.000,-15.000,46.000,20.219,-23.251,-189.781,-38.251
0.712,2.214,2.865,-210.000,-15.000,47.000,18.561,-24.021,-191.439,-39.021
0.710,2.029,2.950,-207.000,-14.000,48.000,17.003,-24.732,-189.997,-38.732
0.708,1.857,3.039,-201.000,-9.000,52.000,15.566,-25.483,-185.434,-34.483
0.708,1.708,3.137,-198.000,-9.000,55.000,14.309,-26.303,-183.691,-35.303
0.710,1.581,3.241,-198.000,-9.000,58.000,13.248,-27.180,-184.752,-36.180
0.711,1.472,3.346,-198.000,-7.000,52.000,12.336,-28.067,-185.664,-35.067
0.712,1.371,3.445,-198.000,-7.000,49.000,11.489,-28.899,-186.511,-35.899
0.708,1.271,3.543,-198.000,-7.000,44.000,10.650,-29.723,-187.350,-36.723
0.711,1.169,3.630,-197.000,-6.000,44.000,9.795,-30.454,-187.205,-36.454
0.711,1.053,3.695,-197.000,-6.000,51.000,8.823,-31.001,-188.177,-37.001
0.709,0.935,3.726,-197.000,-5.000,53.000,7.834,-31.255,-189.166,-36.255
0.708,0.822,3.737,-197.000,-5.000,56.000,6.890,-31.354,-190.110,-36.354
0.708,0.718,3.743,-195.000,-5.000,51.000,6.018,-31.406,-188.982,-36.406
0.708,0.627,3.746,-194.000,-5.000,45.000,5.253,-31.428,-188.747,-36.428
0.709,0.556,3.743,-194.000,-5.000,47.000,4.656,-31.400,-189.344,-36.400
0.708,0.500,3.739,-194.000,-5.000,44.000,4.188,-31.367,-189.812,-36.367
0.708,0.458,3.746,-193.000,-5.000,48.000,3.840,-31.428,-189.160,-36.428
0.707,0.414,3.770,-191.000,-5.000,45.000,3.466,-31.631,-187.534,-36.631
0.707,0.364,3.803,-191.000,-5.000,53.000,3.051,-31.908,-187.949,-36.908
0.707,0.315,3.849,-191.000,-5.000,55.000,2.639,-32.297,-188.361,-37.297
0.708,0.268,3.897,-192.000,-5.000,45.000,2.243,-32.697,-189.757,-37.697
0.708,0.215,3.948,-192.000,-5.000,41.000,1.803,-33.131,-190.197,-38.131
0.709,0.154,4.007,-186.000,-4.000,40.000,1.291,-33.620,-184.709,-37.620
0.709,0.082,4.060,-185.000,-4.000,42.000,0.691,-34.074,-184.309,-38.074
0.709,0.004,4.108,-184.000,-4.000,46.000,0.032,-34.476,-183.968,-38.476
0.708,-0.071,4.153,-184.000,-4.000,54.000,-0.599,-34.852,-184.599,-38.852
0.707,-0.140,4.185,-183.000,-4.000,57.000,-1.177,-35.126,-184.177,-39.126
0.709,-0.195,4.193,-183.000,-4.000,50.000,-1.630,-35.192,-184.630,-39.192
0.710,-0.239,4.191,-183.000,-4.000,39.000,-1.999,-35.172,-184.999,-39.172
0.710,-0.280,4.188,-182.000,-2.000,39.000,-2.346,-35.146,-184.346,-37.146
0.708,-0.314,4.189,-182.000,-2.000,45.000,-2.633,-35.156,-184.633,-37.156
0.706,-0.343,4.206,-182.000,-2.000,50.000,-2.875,-35.303,-184.875,-37.303
0.708,-0.366,4.235,-182.000,-2.000,48.000,-3.064,-35.545,-185.064,-37.545
0.708,-0.376,4.250,-182.000,-2.000,50.000,-3.153,-35.674,-185.153,-37.674
0.706,-0.378,4.255,-182.000,-2.000,49.000,-3.169,-35.713,-185.169,-37.713
0.708,-0.373,4.266,-182.000,-2.000,39.000,-3.125,-35.806,-185.125,-37.806
0.707,-0.357,4.275,-182.000,-2.000,42.000,-2.995,-35.881,-184.995,-37.881
0.707,-0.338,4.275,-181.000,-2.000,46.000,-2.833,-35.882,-183.833,-37.882
0.709,-0.335,4.277,-181.000,-3.000,45.000,-2.807,-35.900,-183.807,-38.900
0.707,-0.352,4.282,-181.000,-2.000,47.000,-2.946,-35.940,-183.946,-37.940
0.707,-0.378,4.289,-181.000,-1.000,48.000,-3.168,-35.997,-184.168,-36.997
0.707,-0.411,4.304,-181.000,-1.000,45.000,-3.445,-36.124,-184.445,-37.124
0.708,-0.450,4.319,-181.000,-1.000,45.000,-3.772,-36.254,-184.772,-37.254
0.708,-0.490,4.336,-181.000,-2.000,45.000,-4.105,-36.392,-185.105,-38.392
0.706,-0.524,4.351,-181.000,-2.000,42.000,-4.394,-36.518,-185.394,-38.518
0.710,-0.554,4.354,-181.000,-2.000,47.000,-4.644,-36.548,-185.644,-38.548
0.709,-0.580,4.352,-181.000,-2.000,48.000,-4.855,-36.531,-185.855,-38.531
0.708,-0.599,4.344,-181.000,-2.000,50.000,-5.019,-36.461,-186.019,-38.461
0.706,-0.617,4.345,-181.000,-2.000,51.000,-5.165,-36.469,-186.165,-38.469
0.707,-0.632,4.368,-181.000,-2.000,37.000,-5.292,-36.668,-186.292,-38.668
0.707,-0.633,4.401,-181.000,-2.000,45.000,-5.302,-36.945,-186.302,-38.945
0.707,-0.620,4.439,-181.000,-2.000,44.000,-5.197,-37.265,-186.197,-39.265
0.708,-0.607,4.484,-181.000,-2.000,44.000,-5.087,-37.642,-186.087,-39.642
0.705,-0.599,4.530,-181.000,-2.000,51.000,-5.020,-38.029,-186.020,-40.029
0.707,-0.593,4.564,-181.000,-1.000,51.000,-4.966,-38.314,-185.966,-39.314
0.709,-0.588,4.575,-181.000,0.000,48.000,-4.923,-38.410,-185.923,-38.410
0.708,-0.596,4.557,-180.000,1.000,51.000,-4.992,-38.255,-184.992,-37.255
0.708,-0.619,4.508,-179.000,1.000,44.000,-5.189,-37.848,-184.189,-36.848
0.708,-0.649,4.442,-179.000,1.000,47.000,-5.441,-37.291,-184.441,-36.291
0.707,-0.675,4.381,-181.000,0.000,42.000,-5.654,-36.778,-186.654,-36.778
0.708,-0.674,4.345,-181.000,0.000,47.000,-5.648,-36.471,-186.648,-36.471
0.705,-0.644,4.330,-181.000,0.000,48.000,-5.395,-36.345,-186.395,-36.345
0.708,-0.605,4.332,-181.000,0.000,50.000,-5.069,-36.357,-186.069,-36.357
0.709,-0.573,4.341,-181.000,0.000,53.000,-4.802,-36.436,-185.802,-36.436
0.710,-0.566,4.344,-181.000,0.000,42.000,-4.738,-36.460,-185.738,-36.460
0.707,-0.583,4.326,-181.000,-1.000,42.000,-4.881,-36.311,-185.881,-37.311
0.708,-0.620,4.290,-181.000,-1.000,40.000,-5.191,-36.009,-186.191,-37.009
0.707,-0.660,4.248,-181.000,-1.000,45.000,-5.530,-35.653,-186.530,-36.653
0.709,-0.691,4.213,-181.000,-1.000,50.000,-5.792,-35.359,-186.792,-36.359
0.710,-0.717,4.191,-181.000,-2.000,48.000,-6.005,-35.174,-187.005,-37.174
0.708,-0.721,4.178,-181.000,-2.000,52.000,-6.043,-35.060,-187.043,-37.060
0.710,-0.709,4.164,-181.000,-2.000,42.000,-5.938,-34.950,-186.938,-36.950
0.708,-0.699,4.142,-181.000,-2.000,44.000,-5.858,-34.758,-186.858,-36.758
0.708,-0.720,4.096,-181.000,-2.000,40.000,-6.034,-34.371,-187.034,-36.371
0.707,-0.793,4.010,-181.000,-3.000,44.000,-6.643,-33.646,-187.643,-36.646
0.707,-0.907,3.860,-181.000,-3.000,50.000,-7.597,-32.389,-188.597,-35.389
0.706,-1.044,3.666,-180.000,-5.000,50.000,-8.750,-30.758,-188.750,-35.758
0.710,-1.198,3.449,-176.000,-7.000,55.000,-10.036,-28.927,-186.036,-35.927
0.710,-1.368,3.223,-172.000,-7.000,45.000,-11.464,-27.028,-183.464,-34.028
0.708,-1.540,2.992,-168.000,-7.000,42.000,-12.904,-25.088,-180.904,-32.088
0.709,-1.705,2.766,-167.000,-9.000,47.000,-14.285,-23.188,-181.285,-32.188
0.710,-1.853,2.532,-166.000,-10.000,52.000,-15.532,-21.228,-181.532,-31.228
0.709,-1.999,2.290,-166.000,-12.000,49.000,-16.753,-19.199,-182.753,-31.199
0.709,-2.149,2.044,-166.000,-14.000,53.000,-18.013,-17.133,-184.013,-31.133
0.711,-2.286,1.787,-166.000,-16.000,52.000,-19.164,-14.973,-185.164,-30.973
0.710,-2.421,1.539,-161.000,-20.000,57.000,-20.292,-12.895,-181.292,-32.895
0.713,-2.552,1.310,-159.000,-22.000,43.000,-21.396,-10.976,-180.396,-32.976
0.713,-2.688,1.108,-159.000,-24.000,51.000,-22.533,-9.286,-181.533,-33.286
0.712,-2.818,0.935,-159.000,-25.000,49.000,-23.631,-7.838,-182.631,-32.838
0.709,-2.935,0.789,-158.000,-26.000,54.000,-24.612,-6.614,-182.612,-32.614
0.710,-3.032,0.658,-157.000,-27.000,56.000,-25.427,-5.517,-182.427,-32.517
0.711,-3.116,0.552,-155.000,-28.000,59.000,-26.129,-4.629,-181.129,-32.629
0.712,-3.192,0.470,-155.000,-28.000,62.000,-26.768,-3.936,-181.768,-31.936
0.712,-3.258,0.399,-155.000,-29.000,47.000,-27.320,-3.342,-182.320,-32.342
0.713,-3.324,0.320,-155.000,-30.000,52.000,-27.878,-2.678,-182.878,-32.678
0.712,-3.414,0.215,-155.000,-32.000,49.000,-28.637,-1.804,-183.637,-33.804
0.712,-3.535,0.065,-153.000,-32.000,56.000,-29.651,-0.546,-182.651,-32.546
0.711,-3.671,-0.123,-148.000,-32.000,56.000,-30.798,1.028,-178.798,-30.972
0.712,-3.818,-0.323,-147.000,-33.000,56.000,-32.035,2.706,-179.035,-30.294
0.712,-3.982,-0.534,-145.000,-35.000,64.000,-33.413,4.473,-178.413,-30.527
0.712,-4.173,-0.771,-143.000,-35.000,49.000,-35.017,6.455,-178.017,-28.545
0.712,-4.388,-1.036,-143.000,-38.000,46.000,-36.833,8.683,-179.833,-29.317
0.713,-4.621,-1.330,-141.000,-40.000,49.000,-38.801,11.148,-179.801,-28.852
0.715,-4.868,-1.629,-136.000,-45.000,54.000,-40.882,13.654,-176.882,-31.346
0.714,-5.124,-1.901,-133.000,-46.000,50.000,-43.039,15.929,-176.039,-30.071
0.711,-5.365,-2.141,-132.000,-49.000,54.000,-45.077,17.947,-177.077,-31.053
0.715,-5.584,-2.355,-131.000,-50.000,54.000,-46.929,19.737,-177.929,-30.263
0.714,-5.789,-2.548,-128.000,-51.000,48.000,-48.661,21.358,-176.661,-29.642
0.712,-5.972,-2.746,-126.000,-52.000,47.000,-50.212,23.023,-176.212,-28.977
0.713,-6.133,-2.963,-122.000,-54.000,47.000,-51.573,24.841,-173.573,-29.159
0.712,-6.278,-3.168,-121.000,-55.000,52.000,-52.803,26.568,-173.803,-28.432
0.713,-6.429,-3.355,-120.000,-58.000,54.000,-54.083,28.143,-174.083,-29.857
0.713,-6.563,-3.550,-120.000,-59.000,56.000,-55.228,29.781,-175.228,-29.219
0.713,-6.690,-3.748,-119.000,-60.000,55.000,-56.303,31.440,-175.303,-28.560
0.713,-6.816,-3.941,-118.000,-62.000,63.000,-57.369,33.068,-175.369,-28.932
0.713,-6.937,-4.131,-118.000,-62.000,48.000,-58.405,34.664,-176.405,-27.336
0.717,-7.063,-4.302,-116.000,-67.000,48.000,-59.469,36.112,-175.469,-30.888
0.714,-7.191,-4.452,-115.000,-71.000,49.000,-60.557,37.372,-175.557,-33.628
0.714,-7.321,-4.597,-113.000,-72.000,53.000,-61.671,38.597,-174.671,-33.403
0.714,-7.452,-4.760,-112.000,-72.000,56.000,-62.782,39.973,-174.782,-32.027
0.714,-7.586,-4.945,-111.000,-74.000,59.000,-63.927,41.534,-174.927,-32.466
0.714,-7.721,-5.154,-110.000,-75.000,56.000,-65.078,43.293,-175.078,-31.707
0.712,-7.869,-5.368,-110.000,-75.000,46.000,-66.339,45.101,-176.339,-29.899
0.715,-8.026,-5.567,-109.000,-78.000,48.000,-67.679,46.786,-176.679,-31.214
0.714,-8.186,-5.748,-107.000,-80.000,54.000,-69.050,48.316,-176.050,-31.684
0.714,-8.346,-5.940,-105.000,-82.000,52.000,-70.416,49.944,-175.416,-32.056
0.713,-8.511,-6.148,-105.000,-84.000,59.000,-71.833,51.705,-176.833,-32.295
0.713,-8.683,-6.346,-105.000,-87.000,56.000,-73.306,53.386,-178.306,-33.614
0.712,-8.858,-6.526,-103.000,-88.000,56.000,-74.803,54.913,-177.803,-33.087
0.713,-9.006,-6.693,-102.000,-88.000,47.000,-76.077,56.326,-178.077,-31.674
0.714,-9.127,-6.844,-101.000,-88.000,50.000,-77.112,57.615,-178.112,-30.385
0.713,-9.224,-6.979,-101.000,-89.000,39.000,-77.954,58.755,-178.954,-30.245
0.712,-9.318,-7.096,-96.000,-90.000,50.000,-78.758,59.751,-174.758,-30.249
0.712,-9.416,-7.205,-93.000,-91.000,53.000,-79.602,60.677,-172.602,-30.323
0.715,-9.516,-7.319,-92.000,-93.000,61.000,-80.465,61.649,-172.465,-31.351
0.714,-9.623,-7.454,-91.000,-94.000,54.000,-81.385,62.799,-172.385,-31.201
0.714,-9.740,-7.616,-90.000,-94.000,47.000,-82.389,64.181,-172.389,-29.819
0.714,-9.866,-7.790,-89.000,-94.000,50.000,-83.480,65.662,-172.480,-28.338
0.711,-10.003,-7.961,-89.000,-97.000,48.000,-84.661,67.129,-173.661,-29.871
0.712,-10.147,-8.120,-88.000,-97.000,53.000,-85.909,68.483,-173.909,-28.517
0.717,-10.308,-8.276,-87.000,-97.000,48.000,-87.302,69.817,-174.302,-27.183
0.713,-10.478,-8.438,-84.000,-100.000,58.000,-88.771,71.206,-172.771,-28.794
0.710,-10.643,-8.612,-82.000,-105.000,56.000,-90.206,72.692,-172.206,-32.308
0.711,-10.793,-8.781,-80.000,-106.000,56.000,-91.506,74.142,-171.506,-31.858
0.717,-11.025,-9.082,-78.000,-108.000,47.000,-93.521,76.729,-171.521,-31.271
0.714,-11.107,-9.192,-78.000,-109.000,48.000,-94.234,77.672,-172.234,-31.328
0.718,-11.160,-9.265,-78.000,-110.000,52.000,-94.695,78.305,-172.695,-31.695
0.724,-11.189,-9.298,-78.000,-110.000,56.000,-94.943,78.584,-172.943,-31.416
0.719,-11.192,-9.292,-78.000,-110.000,55.000,-94.975,78.530,-172.975,-31.470
0.713,-11.160,-9.265,-78.000,-110.000,56.000,-94.693,78.302,-172.693,-31.698
0.712,-11.094,-9.191,-78.000,-110.000,43.000,-94.116,77.668,-172.116,-32.332
0.714,-11.008,-9.070,-78.000,-110.000,48.000,-93.374,76.625,-171.374,-33.375
0.714,-10.920,-8.913,-78.000,-108.000,47.000,-92.609,75.279,-170.609,-32.721
0.712,-10.824,-8.750,-78.000,-107.000,55.000,-91.773,73.877,-169.773,-33.123
0.712,-10.707,-8.585,-78.000,-107.000,57.000,-90.757,72.465,-168.757,-34.535
0.714,-10.555,-8.406,-81.000,-106.000,57.000,-89.437,70.931,-170.437,-35.069
0.714,-10.362,-8.178,-81.000,-105.000,56.000,-87.767,68.980,-168.767,-36.020
0.713,-10.133,-7.894,-84.000,-103.000,47.000,-85.785,66.553,-169.785,-36.447
0.713,-9.868,-7.559,-86.000,-102.000,47.000,-83.494,63.697,-169.494,-38.303
0.712,-9.601,-7.197,-88.000,-100.000,50.000,-81.191,60.614,-169.191,-39.386
0.713,-9.317,-6.787,-91.000,-95.000,54.000,-78.746,57.129,-169.746,-37.871
0.712,-9.027,-6.370,-93.000,-89.000,52.000,-76.256,53.589,-169.256,-35.411
0.711,-8.727,-5.971,-96.000,-85.000,55.000,-73.684,50.206,-169.684,-34.794
0.710,-8.427,-5.612,-98.000,-85.000,55.000,-71.114,47.167,-169.114,-37.833
0.710,-8.124,-5.275,-99.000,-84.000,49.000,-68.520,44.316,-167.520,-39.684
0.714,-7.819,-4.920,-101.000,-80.000,47.000,-65.914,41.319,-166.914,-38.681
0.713,-7.500,-4.524,-105.000,-72.000,50.000,-63.192,37.983,-168.192,-34.017
0.712,-7.152,-4.070,-107.000,-70.000,58.000,-60.232,34.157,-167.232,-35.843
0.713,-6.784,-3.576,-109.000,-68.000,54.000,-57.102,29.997,-166.102,-38.003
0.711,-6.411,-3.061,-117.000,-65.000,58.000,-53.931,25.667,-170.931,-39.333
0.713,-6.048,-2.555,-121.000,-59.000,59.000,-50.861,21.420,-171.861,-37.580
0.713,-5.697,-2.070,-122.000,-57.000,51.000,-47.882,17.348,-169.882,-39.652
0.714,-5.366,-1.626,-126.000,-52.000,47.000,-45.082,13.623,-171.082,-38.377
0.713,-5.065,-1.227,-135.000,-51.000,47.000,-42.540,10.278,-177.540,-40.722
0.714,-4.804,-0.865,-137.000,-48.000,52.000,-40.342,7.248,-177.342,-40.752
0.711,-4.564,-0.525,-139.000,-46.000,60.000,-38.319,4.399,-177.319,-41.601
0.711,-4.320,-0.198,-144.000,-44.000,49.000,-36.257,1.655,-180.257,-42.345
0.712,-4.084,0.124,-149.000,-41.000,55.000,-34.275,-1.036,-183.275,-42.036
0.711,-3.867,0.449,-150.000,-40.000,61.000,-32.442,-3.759,-182.442,-43.759
0.713,-3.642,0.773,-151.000,-38.000,49.000,-30.548,-6.478,-181.548,-44.478
0.712,-3.398,1.108,-153.000,-35.000,51.000,-28.499,-9.283,-181.499,-44.283
0.707,-3.143,1.447,-155.000,-30.000,53.000,-26.360,-12.127,-181.360,-42.127
0.709,-2.882,1.778,-157.000,-26.000,54.000,-24.165,-14.903,-181.165,-40.903
0.710,-2.629,2.100,-158.000,-23.000,53.000,-22.036,-17.598,-180.036,-40.598
0.709,-2.373,2.437,-160.000,-22.000,57.000,-19.892,-20.424,-179.892,-42.424
0.710,-2.108,2.814,-160.000,-19.000,55.000,-17.671,-23.591,-177.671,-42.591
0.709,-1.825,3.198,-161.000,-15.000,44.000,-15.290,-26.823,-176.290,-41.823
0.710,-1.540,3.583,-162.000,-12.000,45.000,-12.908,-30.054,-174.908,-42.054
0.708,-1.270,3.968,-163.000,-8.000,46.000,-10.640,-33.293,-173.640,-41.293
0.706,-1.021,4.335,-164.000,-6.000,48.000,-8.554,-36.388,-172.554,-42.388
0.707,-0.801,4.649,-168.000,0.000,48.000,-6.715,-39.032,-174.715,-39.032
0.707,-0.608,4.894,-170.000,4.000,54.000,-5.092,-41.103,-175.092,-37.103
0.704,-0.420,5.105,-171.000,6.000,51.000,-3.517,-42.879,-174.517,-36.879
0.705,-0.224,5.336,-171.000,6.000,42.000,-1.878,-44.834,-172.878,-38.834
0.704,-0.030,5.597,-172.000,7.000,42.000,-0.248,-47.037,-172.248,-40.037
0.702,0.155,5.864,-174.000,9.000,45.000,1.295,-49.298,-172.705,-40.298
0.704,0.338,6.131,-178.000,11.000,42.000,2.836,-51.563,-175.164,-40.563
0.703,0.541,6.405,-184.000,16.000,47.000,4.530,-53.880,-179.470,-37.880
0.702,0.751,6.697,-184.000,19.000,48.000,6.289,-56.365,-177.711,-37.365
0.704,0.942,6.990,-186.000,19.000,47.000,7.891,-58.847,-178.109,-39.847
0.703,1.129,7.268,-187.000,20.000,36.000,9.459,-61.219,-177.541,-41.219
0.704,1.309,7.533,-189.000,25.000,37.000,10.965,-63.479,-178.035,-38.479
0.703,1.494,7.822,-191.000,30.000,40.000,12.515,-65.942,-178.485,-35.942
0.702,1.728,8.150,-192.000,31.000,36.000,14.482,-68.742,-177.518,-37.742
0.702,2.004,8.520,-192.000,35.000,42.000,16.796,-71.908,-175.204,-36.908
0.699,2.286,8.933,-193.000,38.000,46.000,19.163,-75.447,-173.837,-37.447
0.700,2.577,9.358,-197.000,46.000,48.000,21.605,-79.103,-175.395,-33.103
0.699,2.881,9.767,-200.000,49.000,37.000,24.157,-82.624,-175.843,-33.624
0.699,3.164,10.126,-202.000,50.000,35.000,26.531,-85.729,-175.469,-35.729
0.699,3.374,10.431,-204.000,52.000,33.000,28.302,-88.364,-175.698,-36.364
0.701,3.505,10.658,-204.000,53.000,31.000,29.401,-90.333,-174.599,-37.333
0.698,3.588,10.808,-204.000,59.000,32.000,30.097,-91.632,-173.903,-32.632
0.697,3.635,10.887,-207.000,61.000,44.000,30.497,-92.319,-176.503,-31.319
0.697,3.656,10.924,-207.000,64.000,42.000,30.671,-92.642,-176.329,-28.642
0.697,3.685,10.991,-208.000,62.000,38.000,30.918,-93.223,-177.082,-31.223
0.697,3.783,11.134,-209.000,62.000,31.000,31.736,-94.469,-177.264,-32.469
0.696,3.956,11.353,-209.000,64.000,32.000,33.196,-96.372,-175.804,-32.372
0.695,4.179,11.632,-209.000,66.000,29.000,35.072,-98.807,-173.928,-32.807
0.698,4.426,11.949,-211.000,66.000,30.000,37.150,-101.577,-173.850,-35.577
0.697,4.673,12.265,-211.000,66.000,41.000,39.234,-104.351,-171.766,-38.351
0.695,4.892,12.547,-212.000,68.000,37.000,41.086,-106.826,-170.914,-38.826
0.697,5.072,12.775,-214.000,75.000,41.000,42.605,-108.837,-171.395,-33.837
0.696,5.208,12.950,-213.000,77.000,29.000,43.752,-110.373,-169.248,-33.373
0.695,5.300,13.079,-213.000,77.000,29.000,44.526,-111.517,-168.474,-34.517
0.695,5.365,13.183,-214.000,80.000,34.000,45.081,-112.430,-168.919,-32.430
0.697,5.421,13.276,-213.000,80.000,32.000,45.548,-113.256,-167.452,-33.256
0.695,5.486,13.363,-215.000,80.000,37.000,46.099,-114.020,-168.901,-34.020
0.695,5.559,13.461,-215.000,80.000,37.000,46.715,-114.896,-168.285,-34.896
0.694,5.638,13.602,-215.000,80.000,37.000,47.385,-116.141,-167.615,-36.141
0.695,5.748,13.801,-215.000,81.000,26.000,48.320,-117.907,-166.680,-36.907
0.695,5.909,14.034,-216.000,82.000,28.000,49.679,-119.981,-166.321,-37.981
0.693,6.075,14.277,-215.000,83.000,33.000,51.087,-122.148,-163.913,-39.148
0.694,6.223,14.509,-216.000,90.000,25.000,52.340,-124.219,-163.660,-34.219
0.693,6.375,14.738,-216.000,94.000,31.000,53.625,-126.264,-162.375,-32.264
0.694,6.557,14.977,-218.000,94.000,42.000,55.176,-128.413,-162.824,-34.413
0.691,6.761,15.229,-218.000,96.000,36.000,56.902,-130.672,-161.098,-34.672
0.693,6.959,15.484,-219.000,96.000,34.000,58.592,-132.975,-160.408,-36.975
0.691,7.146,15.730,-219.000,96.000,29.000,60.175,-135.195,-158.825,-39.195
0.690,7.323,15.971,-219.000,98.000,32.000,61.685,-137.373,-157.315,-39.373
0.690,7.511,16.218,-223.000,107.000,29.000,63.289,-139.612,-159.711,-32.612
0.692,7.716,16.472,-227.000,110.000,32.000,65.032,-141.931,-161.968,-31.931
0.689,7.920,16.732,-226.000,111.000,37.000,66.778,-144.296,-159.222,-33.296
0.692,8.107,16.985,-227.000,111.000,35.000,68.375,-146.612,-158.625,-35.612
0.688,8.263,17.215,-227.000,111.000,36.000,69.709,-148.725,-157.291,-37.725
0.691,8.394,17.395,-227.000,111.000,31.000,70.825,-150.376,-156.175,-39.376
0.689,8.502,17.519,-228.000,112.000,32.000,71.750,-151.518,-156.250,-39.518
0.688,8.597,17.612,-228.000,112.000,34.000,72.570,-152.375,-155.430,-40.375
0.691,8.691,17.700,-228.000,120.000,33.000,73.376,-153.186,-154.624,-33.186
0.692,8.779,17.811,-230.000,121.000,41.000,74.128,-154.211,-155.872,-33.211
0.690,8.873,17.939,-230.000,123.000,33.000,74.936,-155.400,-155.064,-32.400
0.691,8.976,18.085,-230.000,126.000,36.000,75.815,-156.745,-154.185,-30.745
0.691,9.079,18.242,-232.000,126.000,30.000,76.699,-158.202,-155.301,-32.202
0.690,9.180,18.407,-232.000,126.000,34.000,77.568,-159.736,-154.432,-33.736
0.689,9.274,18.560,-233.000,126.000,35.000,78.377,-161.161,-154.623,-35.161
0.692,9.344,18.698,-233.000,126.000,33.000,78.980,-162.448,-154.020,-36.448
0.690,9.397,18.806,-233.000,127.000,39.000,79.441,-163.465,-153.559,-36.465
0.688,9.442,18.874,-233.000,127.000,39.000,79.823,-164.101,-153.177,-37.101
0.687,9.469,18.910,-233.000,127.000,34.000,80.054,-164.438,-152.946,-37.438
0.688,9.489,18.943,-234.000,127.000,30.000,80.228,-164.743,-153.772,-37.743
0.688,9.552,19.009,-233.000,127.000,31.000,80.773,-165.360,-152.227,-38.360
0.689,9.671,19.134,-234.000,129.000,28.000,81.799,-166.531,-152.201,-37.531
0.692,9.819,19.307,-236.000,132.000,30.000,83.073,-168.164,-152.927,-36.164
0.692,9.962,19.521,-239.000,138.000,36.000,84.305,-170.176,-154.695,-32.176
0.692,10.103,19.749,-240.000,141.000,34.000,85.528,-172.325,-154.472,-31.325
0.690,10.254,19.970,-241.000,141.000,39.000,86.832,-174.424,-154.168,-33.424
0.686,10.408,20.167,-242.000,141.000,33.000,88.162,-176.294,-153.838,-35.294
0.687,10.553,20.347,-243.000,142.000,36.000,89.422,-178.001,-153.578,-36.001
0.686,10.676,20.508,-244.000,142.000,36.000,90.492,-179.539,-153.508,-37.539
0.686,10.794,20.659,-244.000,145.000,34.000,91.513,-180.984,-152.487,-35.984
0.685,10.900,20.790,-245.000,146.000,39.000,92.435,-182.235,-152.565,-36.235
0.686,10.998,20.901,-244.000,145.000,40.000,93.286,-183.306,-150.714,-38.306
0.685,11.103,20.983,-244.000,149.000,42.000,94.195,-184.090,-149.805,-35.090
0.686,11.227,21.057,-245.000,154.000,34.000,95.277,-184.800,-149.723,-30.800
0.686,11.365,21.150,-247.000,154.000,37.000,96.484,-185.697,-150.516,-31.697
0.688,11.516,21.284,-248.000,155.000,40.000,97.798,-186.991,-150.202,-31.991
0.686,11.666,21.441,-250.000,155.000,44.000,99.102,-188.505,-150.898,-33.505
0.686,11.798,21.579,-250.000,156.000,41.000,100.259,-189.838,-149.741,-33.838
0.684,11.889,21.673,-250.000,158.000,44.000,101.055,-190.757,-148.945,-32.757
0.685,11.937,21.713,-251.000,158.000,45.000,101.473,-191.139,-149.527,-33.139
0.686,11.958,21.705,-251.000,158.000,48.000,101.663,-191.061,-149.337,-33.061
0.684,11.958,21.675,-251.000,158.000,44.000,101.661,-190.769,-149.339,-32.769
0.686,11.943,21.639,-251.000,158.000,40.000,101.525,-190.423,-149.475,-32.423
0.686,11.910,21.608,-251.000,158.000,38.000,101.241,-190.128,-149.759,-32.128
0.687,11.881,21.579,-251.000,158.000,44.000,100.987,-189.838,-150.013,-31.838
0.687,11.855,21.538,-251.000,158.000,44.000,100.759,-189.444,-150.241,-31.444
0.686,11.809,21.465,-251.000,158.000,46.000,100.353,-188.736,-150.647,-30.736
0.686,11.725,21.348,-251.000,158.000,50.000,99.623,-187.608,-151.377,-29.608
0.687,11.598,21.184,-251.000,158.000,41.000,98.509,-186.024,-152.491,-28.024
0.687,11.430,20.975,-250.000,156.000,39.000,97.045,-184.011,-152.955,-28.011
0.687,11.217,20.717,-250.000,155.000,35.000,95.194,-181.543,-154.806,-26.543
0.688,10.953,20.410,-248.000,151.000,37.000,92.892,-178.609,-155.108,-27.609
0.690,10.628,20.056,-246.000,149.000,38.000,90.071,-175.238,-155.929,-26.238
0.695,10.247,19.654,-243.000,149.000,39.000,86.775,-171.426,-156.225,-22.426
0.693,9.825,19.191,-240.000,148.000,34.000,83.125,-167.072,-156.875,-19.072
0.694,9.359,18.671,-240.000,145.000,33.000,79.113,-162.201,-160.887,-17.201
0.696,8.861,18.117,-237.000,136.000,32.000,74.829,-157.044,-162.171,-21.044
0.697,8.365,17.565,-235.000,135.000,29.000,70.582,-151.939,-164.418,-16.939
0.694,7.914,17.053,-234.000,127.000,29.000,66.728,-147.233,-167.272,-20.233
0.693,7.534,16.619,-231.000,118.000,34.000,63.481,-143.270,-167.519,-25.270
0.696,7.231,16.252,-231.000,118.000,32.000,60.904,-139.925,-170.096,-21.925
0.700,6.975,15.906,-230.000,117.000,37.000,58.724,-136.784,-171.276,-19.784
0.698,6.746,15.558,-229.000,116.000,30.000,56.779,-133.640,-172.221,-17.640
0.697,6.522,15.186,-233.000,109.000,25.000,54.874,-130.286,-178.126,-21.286
0.698,6.289,14.779,-236.000,103.000,31.000,52.898,-126.632,-183.102,-23.632
0.699,6.027,14.345,-236.000,102.000,32.000,50.682,-122.751,-185.318,-20.751
0.700,5.745,13.902,-236.000,101.000,36.000,48.288,-118.809,-187.712,-17.809
0.701,5.477,13.448,-235.000,101.000,40.000,46.026,-114.777,-188.974,-13.777
0.702,5.222,13.007,-233.000,94.000,39.000,43.870,-110.877,-189.130,-16.877
0.699,4.985,12.618,-232.000,89.000,26.000,41.867,-107.448,-190.133,-18.448
0.702,4.771,12.275,-230.000,88.000,30.000,40.058,-104.440,-189.942,-16.440
0.702,4.577,11.968,-228.000,88.000,33.000,38.429,-101.751,-189.571,-13.751
0.702,4.391,11.685,-227.000,83.000,30.000,36.856,-99.271,-190.144,-16.271
0.704,4.192,11.414,-227.000,76.000,40.000,35.178,-96.908,-191.822,-20.908
0.703,3.992,11.151,-227.000,74.000,40.000,33.495,-94.616,-193.505,-20.616
0.704,3.810,10.878,-226.000,73.000,37.000,31.965,-92.246,-194.035,-19.246
0.706,3.647,10.600,-223.000,72.000,46.000,30.598,-89.827,-192.402,-17.827
0.704,3.475,10.315,-223.000,72.000,29.000,29.145,-87.362,-193.855,-15.362
0.703,3.280,9.997,-221.000,67.000,33.000,27.510,-84.608,-193.490,-17.608
0.706,3.062,9.655,-219.000,61.000,34.000,25.679,-81.656,-193.321,-20.656
0.703,2.828,9.291,-218.000,58.000,36.000,23.712,-78.522,-194.288,-20.522
0.704,2.597,8.909,-218.000,58.000,44.000,21.772,-75.241,-196.228,-17.241
0.705,2.364,8.492,-218.000,54.000,51.000,19.820,-71.672,-198.180,-17.672
0.705,2.105,8.036,-216.000,51.000,44.000,17.643,-67.769,-198.357,-16.769
0.706,1.797,7.540,-215.000,45.000,36.000,15.058,-63.538,-199.942,-18.538
0.705,1.458,7.019,-212.000,42.000,37.000,12.219,-59.098,-199.781,-17.098
0.704,1.110,6.510,-210.000,36.000,40.000,9.301,-54.778,-200.699,-18.778
0.705,0.775,6.046,-208.000,28.000,44.000,6.497,-50.839,-201.503,-22.839
0.707,0.482,5.645,-205.000,25.000,46.000,4.036,-47.449,-200.964,-22.449
0.707,0.235,5.299,-204.000,22.000,49.000,1.970,-44.520,-202.030,-22.520
0.708,0.009,5.007,-202.000,17.000,53.000,0.073,-42.054,-201.927,-25.054
0.708,-0.199,4.760,-200.000,15.000,37.000,-1.664,-39.971,-201.664,-24.971
0.708,-0.399,4.515,-199.000,13.000,43.000,-3.347,-37.907,-202.347,-24.907
0.709,-0.608,4.249,-198.000,12.000,44.000,-5.092,-35.664,-203.092,-23.664
0.706,-0.846,3.956,-197.000,10.000,46.000,-7.088,-33.198,-204.088,-23.198
0.707,-1.083,3.625,-195.000,7.000,45.000,-9.070,-30.407,-204.070,-23.407
0.708,-1.292,3.273,-194.000,0.000,52.000,-10.828,-27.453,-204.828,-27.453
0.710,-1.481,2.946,-192.000,-2.000,51.000,-12.411,-24.704,-204.411,-26.704
0.709,-1.650,2.660,-191.000,-3.000,44.000,-13.830,-22.296,-204.830,-25.296
0.708,-1.813,2.414,-190.000,-5.000,44.000,-15.195,-20.237,-205.195,-25.237
0.708,-1.985,2.192,-189.000,-7.000,48.000,-16.637,-18.374,-205.637,-25.374
0.710,-2.146,1.978,-189.000,-12.000,46.000,-17.987,-16.579,-206.987,-28.579
0.709,-2.284,1.795,-186.000,-14.000,45.000,-19.147,-15.046,-205.147,-29.046
0.712,-2.397,1.645,-186.000,-16.000,56.000,-20.095,-13.786,-206.095,-29.786
0.709,-2.484,1.512,-187.000,-17.000,53.000,-20.826,-12.667,-207.826,-29.667
0.708,-2.563,1.368,-187.000,-18.000,56.000,-21.489,-11.466,-208.489,-29.466
0.708,-2.666,1.202,-186.000,-18.000,53.000,-22.347,-10.073,-208.347,-28.073
0.708,-2.809,0.997,-184.000,-19.000,52.000,-23.553,-8.351,-207.553,-27.351
0.712,-2.983,0.759,-183.000,-20.000,52.000,-25.013,-6.361,-208.013,-26.361
0.709,-3.163,0.494,-183.000,-24.000,53.000,-26.527,-4.141,-209.527,-28.141
0.710,-3.353,0.221,-179.000,-27.000,50.000,-28.120,-1.849,-207.120,-28.849
0.711,-3.578,-0.052,-175.000,-29.000,53.000,-30.011,0.435,-205.011,-28.565
0.711,-3.828,-0.340,-175.000,-32.000,55.000,-32.120,2.845,-207.120,-29.155
0.714,-4.071,-0.646,-174.000,-34.000,49.000,-34.164,5.414,-208.164,-28.586
0.713,-4.307,-0.953,-172.000,-36.000,46.000,-36.149,7.986,-208.149,-28.014
0.711,-4.532,-1.238,-165.000,-39.000,47.000,-38.045,10.375,-203.045,-28.625
0.715,-4.729,-1.490,-160.000,-42.000,47.000,-39.711,12.487,-199.711,-29.513
0.712,-4.883,-1.699,-159.000,-44.000,54.000,-41.008,14.236,-200.008,-29.764
0.712,-5.007,-1.865,-159.000,-46.000,56.000,-42.052,15.629,-201.052,-30.371
0.713,-5.114,-2.011,-158.000,-47.000,55.000,-42.961,16.851,-200.961,-30.149
0.712,-5.219,-2.171,-156.000,-47.000,48.000,-43.843,18.194,-199.843,-28.806
0.710,-5.322,-2.341,-156.000,-48.000,51.000,-44.718,19.623,-200.718,-28.377
0.713,-5.429,-2.502,-156.000,-50.000,48.000,-45.620,20.970,-201.620,-29.030
0.713,-5.543,-2.658,-155.000,-53.000,52.000,-46.583,22.282,-201.583,-30.718
0.715,-5.658,-2.806,-153.000,-56.000,54.000,-47.552,23.524,-200.552,-32.476
0.716,-5.769,-2.909,-153.000,-59.000,51.000,-48.496,24.391,-201.496,-34.609
0.714,-5.853,-2.951,-151.000,-59.000,54.000,-49.201,24.745,-200.201,-34.255
0.711,-5.882,-2.904,-150.000,-59.000,47.000,-49.451,24.349,-199.451,-34.651
0.713,-5.818,-2.749,-150.000,-58.000,50.000,-48.913,23.045,-198.913,-34.955
0.712,-5.646,-2.470,-152.000,-58.000,51.000,-47.456,20.703,-199.456,-37.297
0.710,-5.340,-2.056,-155.000,-55.000,49.000,-44.864,17.229,-199.864,-37.771
0.710,-4.855,-1.458,-157.000,-52.000,52.000,-40.769,12.214,-197.769,-39.786
0.711,-4.163,-0.608,-161.000,-44.000,49.000,-34.934,5.096,-195.934,-38.904
0.713,-3.298,0.498,-168.000,-34.000,59.000,-27.658,-4.173,-195.658,-38.173
0.711,-2.344,1.775,-176.000,-22.000,51.000,-19.647,-14.872,-195.647,-36.872
0.709,-1.370,3.124,-182.000,-14.000,44.000,-11.480,-26.197,-193.480,-40.197
0.710,-0.443,4.428,-191.000,-1.000,42.000,-3.713,-37.168,-194.713,-38.168
0.706,0.362,5.554,-195.000,11.000,38.000,3.037,-46.677,-191.963,-35.677
0.707,1.002,6.406,-198.000,16.000,42.000,8.396,-53.889,-189.604,-37.889
0.705,1.431,6.976,-206.000,26.000,43.000,11.990,-58.732,-194.010,-32.732
0.703,1.650,7.305,-208.000,29.000,44.000,13.826,-61.533,-194.174,-32.533
0.705,1.696,7.452,-209.000,30.000,52.000,14.212,-62.787,-194.788,-32.787
0.704,1.649,7.463,-209.000,30.000,37.000,13.822,-62.877,-195.178,-32.877
0.702,1.604,7.429,-209.000,30.000,40.000,13.439,-62.592,-195.561,-32.592
0.702,1.617,7.480,-209.000,30.000,37.000,13.551,-63.024,-195.449,-33.024
0.703,1.744,7.669,-209.000,30.000,38.000,14.612,-64.638,-194.388,-34.638
0.702,1.981,7.999,-209.000,32.000,48.000,16.605,-67.454,-192.395,-35.454
0.703,2.298,8.437,-209.000,36.000,50.000,19.266,-71.198,-189.734,-35.198
0.702,2.676,8.956,-211.000,42.000,47.000,22.435,-75.646,-188.565,-33.646
0.700,3.105,9.515,-213.000,44.000,34.000,26.040,-80.449,-186.960,-36.449
0.700,3.539,10.049,-214.000,46.000,36.000,29.690,-85.057,-184.310,-39.057
0.700,3.933,10.529,-215.000,51.000,37.000,32.998,-89.217,-182.002,-38.217
0.699,4.250,10.963,-217.000,56.000,33.000,35.672,-92.980,-181.328,-36.980
0.697,4.523,11.358,-219.000,58.000,38.000,37.973,-96.415,-181.027,-38.415
0.695,4.776,11.741,-220.000,59.000,37.000,40.103,-99.759,-179.897,-40.759
0.699,5.014,12.142,-220.000,59.000,38.000,42.112,-103.270,-177.888,-44.270
0.700,5.272,12.561,-226.000,64.000,32.000,44.288,-106.947,-181.712,-42.947
0.700,5.590,12.987,-234.000,72.000,27.000,46.976,-110.702,-187.024,-38.702
0.697,5.946,13.458,-234.000,73.000,30.000,49.992,-114.863,-184.008,-41.863
0.698,6.350,13.962,-235.000,76.000,31.000,53.415,-119.336,-181.585,-43.336
0.696,6.783,14.492,-237.000,87.000,34.000,57.096,-124.063,-179.904,-37.063
0.693,7.206,15.010,-239.000,89.000,39.000,60.688,-128.706,-178.312,-39.706
0.691,7.597,15.481,-241.000,90.000,37.000,64.020,-132.942,-176.980,-42.942
0.691,7.932,15.887,-242.000,96.000,30.000,66.878,-136.617,-175.122,-40.617
0.693,8.199,16.226,-242.000,103.000,32.000,69.158,-139.692,-172.842,-36.692
0.691,8.404,16.504,-244.000,104.000,31.000,70.918,-142.219,-173.082,-38.219
0.688,8.560,16.754,-245.000,104.000,26.000,72.249,-144.501,-172.751,-40.501
0.690,8.697,17.011,-245.000,104.000,31.000,73.428,-146.855,-171.572,-42.855
0.692,8.856,17.294,-245.000,105.000,40.000,74.786,-149.451,-170.214,-44.451
0.693,9.052,17.613,-251.000,111.000,36.000,76.475,-152.382,-174.525,-41.382
0.690,9.287,17.967,-255.000,117.000,38.000,78.488,-155.659,-176.512,-38.659
0.687,9.555,18.340,-256.000,117.000,31.000,80.799,-159.117,-175.201,-42.117
0.688,9.891,18.733,-256.000,118.000,30.000,83.694,-162.776,-172.306,-44.776
0.689,10.279,19.158,-258.000,119.000,36.000,87.047,-166.759,-170.953,-47.759
0.689,10.674,19.628,-262.000,129.000,34.000,90.468,-171.180,-171.532,-42.180
0.686,11.089,20.102,-265.000,133.000,37.000,94.076,-175.670,-170.924,-42.670
0.686,11.501,20.559,-268.000,134.000,43.000,97.662,-180.028,-170.338,-46.028
0.685,11.851,20.976,-272.000,136.000,44.000,100.727,-184.027,-171.273,-48.027
0.685,12.141,21.338,-275.000,138.000,38.000,103.262,-187.507,-171.738,-49.507
0.683,12.373,21.651,-279.000,139.000,39.000,105.294,-190.543,-173.706,-51.543
0.681,12.583,21.940,-281.000,140.000,45.000,107.140,-193.352,-173.860,-53.352
0.680,12.776,22.207,-281.000,143.000,44.000,108.839,-195.950,-172.161,-52.950
0.681,12.929,22.433,-282.000,146.000,46.000,110.193,-198.170,-171.807,-52.170
0.682,13.033,22.620,-282.000,150.000,49.000,111.106,-200.002,-170.894,-50.002
0.683,13.101,22.770,-283.000,152.000,51.000,111.707,-201.480,-171.293,-49.480
0.682,13.169,22.882,-283.000,153.000,42.000,112.305,-202.584,-170.695,-49.584
0.681,13.259,22.985,-285.000,153.000,48.000,113.101,-203.599,-171.899,-50.599
0.680,13.369,23.106,-285.000,154.000,46.000,114.080,-204.801,-170.920,-50.801
0.680,13.493,23.237,-285.000,154.000,49.000,115.180,-206.099,-169.820,-52.099
0.679,13.615,23.375,-285.000,155.000,47.000,116.258,-207.463,-168.742,-52.463
0.679,13.734,23.497,-287.000,155.000,49.000,117.309,-208.681,-169.691,-53.681
0.678,13.839,23.581,-287.000,156.000,53.000,118.249,-209.521,-168.751,-53.521
0.678,13.918,23.632,-287.000,156.000,45.000,118.946,-210.022,-168.054,-54.022
0.679,13.964,23.659,-287.000,157.000,45.000,119.361,-210.299,-167.639,-53.299
0.679,13.989,23.668,-288.000,157.000,48.000,119.576,-210.390,-168.424,-53.390
0.677,13.987,23.649,-288.000,157.000,47.000,119.558,-210.200,-168.442,-53.200
0.680,13.959,23.587,-288.000,157.000,51.000,119.313,-209.574,-168.687,-52.574
0.677,13.894,23.486,-288.000,157.000,53.000,118.733,-208.571,-169.267,-51.571
0.680,13.796,23.365,-287.000,157.000,50.000,117.867,-207.367,-169.133,-50.367
0.681,13.697,23.224,-287.000,157.000,43.000,116.989,-205.964,-170.011,-48.964
0.679,13.594,23.065,-287.000,156.000,45.000,116.071,-204.394,-170.929,-48.394
0.682,13.455,22.884,-287.000,155.000,50.000,114.841,-202.602,-172.159,-47.602
0.680,13.265,22.675,-286.000,154.000,47.000,113.160,-200.542,-172.840,-46.542
0.681,13.046,22.441,-285.000,152.000,49.000,111.220,-198.242,-173.780,-46.242
0.684,12.814,22.181,-285.000,149.000,46.000,109.174,-195.697,-175.826,-46.697
0.684,12.541,21.859,-281.000,146.000,49.000,106.771,-192.556,-174.229,-46.556
0.681,12.192,21.449,-279.000,145.000,43.000,103.712,-188.580,-175.288,-43.580
0.684,11.763,20.943,-277.000,145.000,36.000,99.950,-183.705,-177.050,-38.705
0.684,11.278,20.359,-277.000,135.000,35.000,95.720,-178.123,-181.280,-43.123
0.685,10.769,19.743,-273.000,131.000,36.000,91.294,-172.275,-181.706,-41.275
0.686,10.269,19.132,-271.000,129.000,35.000,86.959,-166.513,-184.041,-37.513
0.687,9.789,18.555,-262.000,118.000,37.000,82.818,-161.116,-179.182,-43.116
0.686,9.363,18.043,-257.000,113.000,38.000,79.149,-156.364,-177.851,-43.364
0.687,9.007,17.613,-255.000,111.000,37.000,76.086,-152.385,-178.914,-41.385
0.689,8.711,17.257,-255.000,105.000,36.000,73.542,-149.105,-181.458,-44.105
0.689,8.456,16.926,-253.000,99.000,34.000,71.359,-146.072,-181.641,-47.072
0.689,8.213,16.568,-251.000,98.000,35.000,69.283,-142.801,-181.717,-44.801
0.689,7.930,16.163,-251.000,97.000,34.000,66.860,-139.115,-184.140,-42.115
0.690,7.577,15.709,-251.000,95.000,37.000,63.850,-135.004,-187.150,-40.004
0.691,7.186,15.209,-245.000,88.000,38.000,60.518,-130.491,-184.482,-42.491
0.691,6.781,14.669,-241.000,84.000,36.000,57.077,-125.651,-183.923,-41.651
0.690,6.377,14.131,-238.000,84.000,31.000,53.647,-120.842,-184.353,-36.842
0.692,5.986,13.621,-229.000,79.000,25.000,50.328,-116.313,-178.672,-37.313
0.695,5.604,13.151,-228.000,78.000,35.000,47.098,-112.151,-180.902,-34.151
0.694,5.213,12.724,-226.000,77.000,28.000,43.795,-108.385,-182.205,-31.385
0.695,4.839,12.314,-230.000,72.000,33.000,40.634,-104.779,-189.366,-32.779
0.698,4.510,11.913,-231.000,65.000,39.000,37.860,-101.262,-193.140,-36.262
0.695,4.213,11.514,-231.000,62.000,40.000,35.356,-97.777,-195.644,-35.777
0.696,3.917,11.105,-231.000,61.000,29.000,32.865,-94.217,-198.135,-33.217
0.695,3.611,10.692,-231.000,61.000,32.000,30.289,-90.631,-200.711,-29.631
0.695,3.314,10.259,-231.000,58.000,36.000,27.793,-86.880,-203.207,-28.880
0.696,3.027,9.822,-228.000,49.000,38.000,25.386,-83.096,-202.614,-34.096
0.696,2.727,9.401,-226.000,46.000,45.000,22.862,-79.472,-203.138,-33.472
0.698,2.417,8.979,-225.000,45.000,42.000,20.264,-75.842,-204.736,-30.842
0.699,2.099,8.537,-222.000,40.000,44.000,17.593,-72.057,-204.407,-32.057
0.700,1.762,8.062,-219.000,33.000,46.000,14.767,-67.989,-204.233,-34.989
0.699,1.397,7.554,-219.000,28.000,36.000,11.704,-63.657,-207.296,-35.657
0.700,1.029,7.013,-218.000,22.000,38.000,8.622,-59.051,-209.378,-37.051
0.700,0.644,6.436,-216.000,15.000,40.000,5.397,-54.149,-210.603,-39.149
0.701,0.246,5.852,-213.000,14.000,44.000,2.064,-49.195,-210.936,-35.195
0.703,-0.132,5.283,-210.000,9.000,50.000,-1.104,-44.388,-211.104,-35.388
0.700,-0.488,4.771,-204.000,0.000,50.000,-4.090,-40.064,-208.090,-40.064
0.702,-0.814,4.305,-204.000,-2.000,53.000,-6.820,-36.137,-210.820,-38.137
0.705,-1.105,3.875,-202.000,-5.000,45.000,-9.261,-32.511,-211.261,-37.511
0.705,-1.374,3.460,-199.000,-15.000,49.000,-11.510,-29.026,-210.510,-44.026
0.705,-1.645,3.050,-198.000,-17.000,51.000,-13.788,-25.575,-211.788,-42.575
0.707,-1.926,2.643,-196.000,-19.000,47.000,-16.139,-22.157,-212.139,-41.157
0.707,-2.203,2.218,-194.000,-23.000,51.000,-18.463,-18.587,-212.464,-41.587
0.706,-2.476,1.766,-189.000,-28.000,58.000,-20.753,-14.796,-209.753,-42.796
0.703,-2.778,1.288,-188.000,-31.000,62.000,-23.291,-10.796,-211.291,-41.796
0.707,-3.130,0.781,-187.000,-34.000,54.000,-26.247,-6.546,-213.247,-40.546
0.705,-3.523,0.250,-186.000,-39.000,50.000,-29.548,-2.097,-215.548,-41.097
0.706,-3.925,-0.304,-182.000,-45.000,52.000,-32.937,2.544,-214.937,-42.456
0.709,-4.326,-0.876,-180.000,-49.000,55.000,-36.309,7.341,-216.309,-41.659
0.708,-4.733,-1.455,-177.000,-55.000,54.000,-39.745,12.193,-216.745,-42.807
0.708,-5.153,-2.030,-175.000,-61.000,58.000,-43.286,17.011,-218.286,-43.989
0.710,-5.587,-2.589,-172.000,-64.000,56.000,-46.957,21.702,-218.957,-42.298
0.712,-6.026,-3.129,-170.000,-67.000,48.000,-50.672,26.236,-220.672,-40.764
0.713,-6.439,-3.636,-169.000,-76.000,47.000,-54.175,30.498,-223.175,-45.502
0.713,-6.823,-4.116,-164.000,-79.000,52.000,-57.433,34.543,-221.433,-44.457
0.712,-7.204,-4.624,-160.000,-82.000,51.000,-60.672,38.825,-220.672,-43.175
0.710,-7.605,-5.192,-152.000,-84.000,50.000,-64.091,43.614,-216.091,-40.386
0.710,-8.050,-5.816,-148.000,-88.000,60.000,-67.885,48.889,-215.885,-39.111
0.710,-8.518,-6.470,-145.000,-97.000,54.000,-71.887,54.433,-216.887,-42.567
0.709,-8.994,-7.109,-143.000,-103.000,45.000,-75.977,59.863,-218.977,-43.137
0.709,-9.436,-7.695,-138.000,-108.000,51.000,-79.774,64.856,-217.774,-43.144
0.712,-9.816,-8.212,-130.000,-113.000,54.000,-83.046,69.274,-213.046,-43.726
0.711,-10.124,-8.642,-125.000,-115.000,49.000,-85.706,72.952,-210.706,-42.048
0.708,-10.354,-8.968,-125.000,-117.000,52.000,-87.702,75.746,-212.702,-41.254
0.712,-10.534,-9.199,-124.000,-118.000,54.000,-89.254,77.733,-213.254,-40.267
0.710,-10.680,-9.357,-124.000,-120.000,55.000,-90.522,79.097,-214.522,-40.903
0.710,-10.796,-9.500,-117.000,-120.000,53.000,-91.527,80.327,-208.527,-39.673
0.713,-10.904,-9.685,-115.000,-122.000,52.000,-92.472,81.918,-207.472,-40.082
0.718,-11.036,-9.914,-115.000,-122.000,45.000,-93.618,83.896,-208.618,-38.104
0.711,-11.199,-10.179,-115.000,-125.000,51.000,-95.034,86.181,-210.034,-38.819
0.716,-11.401,-10.460,-111.000,-127.000,53.000,-96.796,88.616,-207.796,-38.384
0.720,-11.640,-10.763,-111.000,-128.000,56.000,-98.878,91.245,-209.878,-36.755
0.717,-11.894,-11.096,-108.000,-132.000,65.000,-101.099,94.141,-209.099,-37.859
0.723,-12.170,-11.449,-107.000,-139.000,57.000,-103.514,97.217,-210.514,-41.783
0.726,-12.462,-11.810,-105.000,-140.000,53.000,-106.083,100.362,-211.083,-39.638
0.729,-12.758,-12.178,-102.000,-141.000,57.000,-108.683,103.584,-210.683,-37.416
0.725,-13.025,-12.535,-101.000,-145.000,54.000,-111.040,106.720,-212.040,-38.280
0.730,-13.249,-12.825,-98.000,-151.000,59.000,-113.017,109.271,-211.017,-41.729
0.731,-13.401,-12.984,-96.000,-153.000,62.000,-114.365,110.674,-210.365,-42.326
0.727,-13.436,-12.999,-95.000,-153.000,60.000,-114.667,110.805,-209.667,-42.195
0.727,-13.363,-12.896,-94.000,-153.000,61.000,-114.021,109.903,-208.021,-43.097
0.731,-13.217,-12.690,-94.000,-152.000,55.000,-112.732,108.081,-206.732,-43.919
0.725,-13.019,-12.408,-96.000,-151.000,54.000,-110.988,105.604,-206.988,-45.396
0.725,-12.797,-12.109,-98.000,-148.000,56.000,-109.024,102.979,-207.024,-45.021
0.728,-12.597,-11.837,-98.000,-147.000,56.000,-107.268,100.602,-205.268,-46.398
0.723,-12.466,-11.664,-99.000,-146.000,53.000,-106.116,99.091,-205.116,-46.909
0.721,-12.443,-11.635,-101.000,-146.000,59.000,-105.915,98.833,-206.915,-47.167
0.723,-12.529,-11.747,-101.000,-146.000,59.000,-106.671,99.813,-207.671,-46.187
0.726,-12.688,-11.963,-100.000,-146.000,53.000,-108.064,101.699,-208.064,-44.301
0.726,-12.878,-12.217,-99.000,-146.000,54.000,-109.741,103.928,-208.741,-42.072
0.724,-13.064,-12.433,-97.000,-147.000,58.000,-111.385,105.822,-208.385,-41.178
0.723,-13.192,-12.553,-97.000,-150.000,57.000,-112.515,106.881,-209.515,-43.119
0.723,-13.219,-12.539,-97.000,-151.000,57.000,-112.748,106.756,-209.748,-44.244
0.724,-13.128,-12.383,-97.000,-151.000,60.000,-111.947,105.385,-208.947,-45.615
0.728,-12.930,-12.101,-97.000,-149.000,54.000,-110.199,102.915,-207.199,-46.085
0.727,-12.649,-11.725,-99.000,-147.000,58.000,-107.728,99.626,-206.728,-47.374
0.729,-12.310,-11.292,-101.000,-145.000,52.000,-104.744,95.843,-205.744,-49.157
0.727,-11.934,-10.809,-104.000,-140.000,53.000,-101.450,91.644,-205.450,-48.356
0.723,-11.512,-10.281,-105.000,-134.000,51.000,-97.763,87.066,-202.763,-46.934
0.725,-11.057,-9.697,-110.000,-130.000,53.000,-93.801,82.019,-203.801,-47.981
0.722,-10.574,-9.033,-117.000,-125.000,58.000,-89.603,76.311,-206.603,-48.689
0.724,-10.051,-8.301,-123.000,-119.000,52.000,-85.077,70.030,-208.077,-48.970
0.716,-9.496,-7.530,-127.000,-111.000,59.000,-80.289,63.452,-207.289,-47.548
0.713,-8.921,-6.768,-129.000,-105.000,47.000,-75.345,56.968,-204.345,-48.032
0.711,-8.357,-6.054,-134.000,-100.000,49.000,-70.513,50.907,-204.513,-49.093
0.712,-7.844,-5.393,-140.000,-92.000,50.000,-66.129,45.316,-206.129,-46.684
0.712,-7.395,-4.795,-144.000,-89.000,49.000,-62.300,40.261,-206.300,-48.739
0.713,-7.008,-4.265,-149.000,-86.000,61.000,-59.007,35.799,-208.007,-50.201
0.715,-6.673,-3.810,-156.000,-81.000,57.000,-56.158,31.962,-212.158,-49.038
0.712,-6.379,-3.385,-159.000,-79.000,52.000,-53.661,28.388,-212.661,-50.612
0.711,-6.092,-2.981,-161.000,-76.000,50.000,-51.228,25.000,-212.228,-51.000
0.710,-5.810,-2.586,-161.000,-69.000,46.000,-48.841,21.683,-209.841,-47.317
0.709,-5.521,-2.165,-164.000,-68.000,45.000,-46.396,18.150,-210.396,-49.850
0.710,-5.203,-1.708,-165.000,-64.000,54.000,-43.705,14.312,-208.705,-49.688
0.708,-4.840,-1.206,-167.000,-58.000,49.000,-40.643,10.108,-207.643,-47.892
0.708,-4.452,-0.666,-171.000,-54.000,58.000,-37.371,5.581,-208.371,-48.419
0.711,-4.047,-0.099,-172.000,-50.000,61.000,-33.964,0.832,-205.964,-49.168
0.710,-3.622,0.466,-173.000,-44.000,49.000,-30.380,-3.908,-203.380,-47.908
0.707,-3.207,1.008,-176.000,-38.000,48.000,-26.895,-8.445,-202.895,-46.445
0.710,-2.836,1.516,-179.000,-33.000,52.000,-23.778,-12.700,-202.778,-45.700
0.707,-2.517,2.007,-183.000,-26.000,42.000,-21.098,-16.823,-204.098,-42.823
0.709,-2.217,2.485,-185.000,-23.000,45.000,-18.582,-20.828,-203.582,-43.828
0.707,-1.914,2.930,-186.000,-20.000,54.000,-16.040,-24.572,-202.040,-44.572
0.706,-1.593,3.399,-188.000,-14.000,53.000,-13.346,-28.509,-201.346,-42.509
0.705,-1.248,3.925,-191.000,-7.000,50.000,-10.455,-32.932,-201.455,-39.932
0.706,-0.868,4.478,-193.000,-5.000,44.000,-7.273,-37.591,-200.273,-42.591
0.706,-0.472,5.028,-195.000,0.000,45.000,-3.954,-42.229,-198.954,-42.229
0.705,-0.095,5.562,-197.000,5.000,45.000,-0.797,-46.746,-197.797,-41.746
0.703,0.262,6.066,-200.000,9.000,44.000,2.198,-51.011,-197.802,-42.011
0.701,0.632,6.535,-202.000,13.000,42.000,5.292,-54.983,-196.708,-41.983
0.702,0.985,6.988,-207.000,20.000,50.000,8.254,-58.832,-198.746,-38.832
0.703,1.324,7.425,-210.000,22.000,48.000,11.097,-62.551,-198.903,-40.551
0.701,1.642,7.833,-211.000,23.000,34.000,13.758,-66.036,-197.242,-43.036
0.701,1.914,8.177,-213.000,25.000,37.000,16.038,-68.971,-196.962,-43.971
0.698,2.124,8.425,-222.000,26.000,33.000,17.799,-71.091,-204.201,-45.091
0.698,2.271,8.582,-222.000,28.000,41.000,19.037,-72.441,-202.963,-44.441
0.697,2.383,8.701,-222.000,29.000,38.000,19.979,-73.462,-202.021,-44.462
0.699,2.533,8.876,-224.000,29.000,44.000,21.238,-74.959,-202.762,-45.959
0.700,2.745,9.195,-226.000,31.000,43.000,23.012,-77.703,-202.988,-46.703
0.702,3.059,9.630,-226.000,31.000,35.000,25.651,-81.441,-200.349,-50.441
0.698,3.437,10.152,-226.000,37.000,33.000,28.831,-85.948,-197.169,-48.948
0.695,3.865,10.737,-229.000,44.000,32.000,32.428,-91.020,-196.572,-47.020
0.694,4.382,11.390,-230.000,46.000,35.000,36.779,-96.697,-193.221,-50.697
0.695,4.979,12.138,-233.000,51.000,31.000,41.814,-103.237,-191.186,-52.237
0.694,5.642,12.973,-238.000,58.000,33.000,47.416,-110.576,-190.584,-52.576
0.691,6.348,13.837,-240.000,61.000,35.000,53.398,-118.229,-186.602,-57.229
0.692,7.055,14.654,-238.000,63.000,30.000,59.404,-125.510,-178.596,-62.510
0.692,7.679,15.388,-232.000,68.000,29.000,64.722,-132.104,-167.278,-64.104
0.692,8.178,15.999,-233.000,76.000,34.000,68.979,-137.628,-164.021,-61.628
0.693,8.583,16.521,-235.000,79.000,31.000,72.445,-142.371,-162.555,-63.371
0.688,8.911,16.996,-238.000,86.000,36.000,75.262,-146.718,-162.738,-60.718
0.688,9.163,17.414,-241.000,91.000,44.000,77.427,-150.548,-163.573,-59.548
0.687,9.349,17.774,-243.000,92.000,38.000,79.024,-153.869,-163.976,-61.869
0.685,9.522,18.058,-242.000,92.000,36.000,80.516,-156.496,-161.484,-64.496
0.684,9.710,18.306,-242.000,97.000,30.000,82.130,-158.802,-159.870,-61.802
0.684,9.926,18.597,-242.000,104.000,34.000,84.000,-161.505,-158.000,-57.505
0.683,10.164,18.913,-244.000,105.000,31.000,86.057,-164.463,-157.943,-59.463
0.684,10.396,19.234,-246.000,107.000,36.000,88.060,-167.470,-157.940,-60.470
0.683,10.604,19.556,-248.000,107.000,35.000,89.861,-170.504,-158.139,-63.504
0.682,10.782,19.827,-255.000,108.000,38.000,91.410,-173.070,-163.590,-65.070
0.684,10.943,20.055,-260.000,111.000,38.000,92.809,-175.229,-167.191,-64.229
0.683,11.055,20.233,-261.000,111.000,33.000,93.782,-176.916,-167.218,-65.916
0.684,11.111,20.385,-260.000,112.000,36.000,94.264,-178.371,-165.736,-66.371
0.684,11.173,20.517,-260.000,112.000,31.000,94.806,-179.628,-165.194,-67.628
0.681,11.283,20.659,-261.000,113.000,35.000,95.762,-180.983,-165.238,-67.983
0.680,11.432,20.855,-261.000,113.000,40.000,97.062,-182.862,-163.938,-69.862
0.681,11.593,21.097,-261.000,114.000,41.000,98.465,-185.192,-162.535,-71.192
0.681,11.773,21.357,-262.000,115.000,42.000,100.038,-187.697,-161.962,-72.697
0.679,11.955,21.641,-264.000,115.000,38.000,101.630,-190.440,-162.370,-75.440
0.680,12.151,21.922,-265.000,123.000,39.000,103.351,-193.175,-161.649,-70.175
0.679,12.337,22.187,-266.000,128.000,38.000,104.982,-195.755,-161.018,-67.755
0.679,12.455,22.385,-266.000,128.000,42.000,106.018,-197.691,-159.982,-69.691
0.678,12.494,22.482,-267.000,128.000,43.000,106.363,-198.649,-160.637,-70.649
0.678,12.480,22.491,-267.000,129.000,43.000,106.238,-198.730,-160.762,-69.730
0.677,12.443,22.436,-267.000,129.000,46.000,105.909,-198.196,-161.091,-69.196
0.677,12.412,22.362,-267.000,129.000,41.000,105.639,-197.471,-161.361,-68.471
0.676,12.387,22.314,-267.000,129.000,38.000,105.425,-197.002,-161.575,-68.002
0.679,12.351,22.311,-268.000,129.000,39.000,105.107,-196.972,-162.893,-67.972
0.681,12.316,22.331,-268.000,129.000,37.000,104.794,-197.162,-163.206,-68.162
0.678,12.319,22.355,-267.000,129.000,39.000,104.823,-197.402,-162.177,-68.402
0.680,12.340,22.381,-266.000,129.000,47.000,105.011,-197.651,-160.989,-68.651
0.680,12.343,22.377,-266.000,129.000,47.000,105.035,-197.618,-160.965,-68.618
0.681,12.297,22.303,-266.000,129.000,39.000,104.630,-196.892,-161.370,-67.892
0.679,12.189,22.140,-266.000,129.000,39.000,103.683,-195.298,-162.317,-66.298
0.681,12.022,21.890,-265.000,128.000,44.000,102.217,-192.857,-162.783,-64.857
0.681,11.794,21.545,-265.000,122.000,39.000,100.226,-189.513,-164.774,-67.513
0.681,11.490,21.108,-264.000,121.000,37.000,97.570,-185.294,-166.430,-64.294
0.680,11.101,20.595,-260.000,120.000,37.000,94.179,-180.369,-165.821,-60.369
0.685,10.662,20.038,-259.000,118.000,37.000,90.366,-175.062,-168.634,-57.062
0.685,10.229,19.494,-258.000,113.000,39.000,86.617,-169.918,-171.383,-56.918
0.685,9.821,19.006,-256.000,108.000,34.000,83.096,-165.330,-172.904,-57.330
0.687,9.443,18.577,-254.000,104.000,30.000,79.834,-161.319,-174.166,-57.319
0.686,9.089,18.196,-253.000,103.000,32.000,76.789,-157.779,-176.211,-54.779
0.686,8.769,17.843,-246.000,101.000,33.000,74.042,-154.505,-171.958,-53.505
0.686,8.468,17.494,-240.000,98.000,33.000,71.461,-151.284,-168.539,-53.284
0.688,8.145,17.103,-239.000,97.000,36.000,68.701,-147.691,-170.299,-50.691
0.687,7.768,16.629,-240.000,97.000,39.000,65.478,-143.359,-174.522,-46.359
0.688,7.332,16.078,-238.000,92.000,29.000,61.761,-138.342,-176.239,-46.342
0.689,6.875,15.490,-232.000,84.000,32.000,57.877,-133.028,-174.123,-49.028
0.687,6.460,14.907,-230.000,82.000,29.000,54.348,-127.785,-175.652,-45.785
0.690,6.087,14.361,-231.000,81.000,30.000,51.187,-122.892,-179.813,-41.892
0.689,5.717,13.855,-226.000,71.000,31.000,48.051,-118.392,-177.949,-47.392
0.689,5.329,13.380,-223.000,68.000,40.000,44.776,-114.177,-178.224,-46.177
0.689,4.943,12.913,-223.000,67.000,46.000,41.516,-110.053,-181.484,-43.053
0.691,4.568,12.439,-223.000,67.000,27.000,38.350,-105.874,-184.650,-38.874
0.692,4.189,11.942,-222.000,64.000,26.000,35.159,-101.518,-186.841,-37.518
0.692,3.810,11.426,-220.000,52.000,31.000,31.967,-97.013,-188.033,-45.013
0.692,3.447,10.934,-217.000,49.000,31.000,28.911,-92.727,-188.089,-43.727
0.693,3.133,10.505,-216.000,47.000,33.000,26.276,-89.010,-189.724,-42.010
0.692,2.884,10.150,-216.000,44.000,42.000,24.184,-85.936,-191.816,-41.936
0.693,2.709,9.888,-215.000,39.000,39.000,22.711,-83.670,-192.289,-44.670
0.694,2.605,9.720,-214.000,38.000,36.000,21.837,-82.222,-192.163,-44.222
0.693,2.553,9.624,-213.000,35.000,39.000,21.400,-81.393,-191.600,-46.393
0.692,2.513,9.565,-212.000,34.000,36.000,21.071,-80.887,-190.929,-46.887
0.691,2.457,9.489,-214.000,34.000,32.000,20.594,-80.231,-193.406,-46.231
0.694,2.377,9.351,-212.000,34.000,41.000,19.924,-79.043,-192.076,-45.043
0.694,2.269,9.148,-211.000,34.000,45.000,19.016,-77.300,-191.984,-43.300
0.695,2.130,8.907,-211.000,32.000,44.000,17.856,-75.226,-193.144,-43.226
0.696,1.980,8.645,-211.000,30.000,49.000,16.597,-72.977,-194.403,-42.977
0.695,1.831,8.378,-209.000,25.000,34.000,15.341,-70.693,-193.659,-45.693
0.695,1.667,8.131,-208.000,20.000,34.000,13.969,-68.579,-194.031,-48.579
0.696,1.496,7.908,-207.000,19.000,35.000,12.538,-66.671,-194.462,-47.671
0.695,1.325,7.703,-206.000,18.000,36.000,11.106,-64.928,-194.894,-46.928
0.695,1.165,7.517,-206.000,17.000,49.000,9.758,-63.339,-196.242,-46.339
0.695,1.006,7.349,-206.000,12.000,47.000,8.425,-61.906,-197.575,-49.906
0.696,0.853,7.186,-208.000,8.000,47.000,7.145,-60.521,-200.855,-52.521
0.696,0.699,7.029,-206.000,6.000,41.000,5.860,-59.186,-200.140,-53.186
0.692,0.569,6.887,-203.000,6.000,36.000,4.764,-57.973,-198.236,-51.973
0.693,0.469,6.752,-202.000,4.000,37.000,3.933,-56.831,-198.067,-52.831
0.696,0.393,6.627,-202.000,3.000,42.000,3.290,-55.764,-198.710,-52.764
0.696,0.329,6.525,-202.000,3.000,47.000,2.753,-54.904,-199.247,-51.904
0.697,0.293,6.454,-201.000,3.000,50.000,2.454,-54.297,-198.546,-51.297
0.695,0.298,6.435,-201.000,3.000,48.000,2.494,-54.135,-198.506,-51.135
0.694,0.319,6.475,-201.000,3.000,39.000,2.669,-54.475,-198.331,-51.475
0.695,0.330,6.538,-201.000,3.000,40.000,2.765,-55.013,-198.235,-52.013
0.696,0.334,6.593,-201.000,3.000,40.000,2.801,-55.479,-198.199,-52.479
0.694,0.329,6.637,-201.000,3.000,42.000,2.752,-55.849,-198.248,-52.849
0.696,0.304,6.671,-201.000,3.000,44.000,2.551,-56.141,-198.449,-53.141
0.698,0.275,6.699,-201.000,4.000,46.000,2.308,-56.377,-198.692,-52.377
0.696,0.245,6.731,-201.000,4.000,50.000,2.053,-56.649,-198.947,-52.649
0.697,0.222,6.763,-201.000,4.000,38.000,1.861,-56.923,-199.139,-52.923
0.695,0.192,6.803,-201.000,4.000,38.000,1.606,-57.259,-199.394,-53.259
0.696,0.142,6.852,-201.000,4.000,39.000,1.188,-57.676,-199.812,-53.676
0.696,0.095,6.904,-201.000,4.000,38.000,0.799,-58.124,-200.201,-54.124
0.695,0.042,6.964,-201.000,4.000,45.000,0.353,-58.627,-200.647,-54.627
0.694,-0.032,7.031,-201.000,6.000,47.000,-0.269,-59.196,-201.269,-53.196
0.695,-0.110,7.116,-201.000,6.000,44.000,-0.921,-59.926,-201.921,-53.926
0.696,-0.192,7.209,-201.000,6.000,41.000,-1.613,-60.717,-202.613,-54.717
0.695,-0.295,7.299,-201.000,6.000,41.000,-2.473,-61.485,-203.473,-55.485
0.693,-0.425,7.384,-198.000,8.000,42.000,-3.564,-62.205,-201.564,-54.205
0.693,-0.570,7.472,-197.000,10.000,40.000,-4.774,-62.951,-201.774,-52.951
0.693,-0.712,7.579,-194.000,12.000,47.000,-5.967,-63.868,-199.967,-51.868
0.695,-0.831,7.714,-188.000,12.000,49.000,-6.963,-65.016,-194.963,-53.016
0.696,-0.939,7.869,-188.000,14.000,49.000,-7.864,-66.345,-195.864,-52.345
0.695,-1.030,8.039,-188.000,15.000,47.000,-8.633,-67.793,-196.633,-52.793
0.692,-1.075,8.214,-188.000,16.000,39.000,-9.006,-69.285,-197.006,-53.285
0.693,-1.101,8.397,-188.000,16.000,36.000,-9.228,-70.855,-197.228,-54.855
0.693,-1.148,8.584,-188.000,16.000,38.000,-9.622,-72.453,-197.622,-56.453
0.693,-1.236,8.761,-187.000,18.000,43.000,-10.355,-73.970,-197.355,-55.970
0.690,-1.359,8.902,-186.000,23.000,45.000,-11.389,-75.180,-197.389,-52.180
0.690,-1.537,9.030,-186.000,23.000,45.000,-12.880,-76.278,-198.880,-53.278
0.687,-1.769,9.133,-186.000,23.000,48.000,-14.826,-77.165,-200.826,-54.165
0.690,-2.020,9.203,-185.000,24.000,36.000,-16.931,-77.770,-201.931,-53.770
0.692,-2.263,9.245,-184.000,28.000,34.000,-18.972,-78.128,-202.972,-50.128
0.690,-2.476,9.286,-180.000,28.000,40.000,-20.755,-78.485,-200.755,-50.485
0.692,-2.647,9.341,-180.000,28.000,35.000,-22.188,-78.953,-202.188,-50.953
0.692,-2.790,9.425,-180.000,28.000,41.000,-23.393,-79.681,-203.393,-51.681
0.691,-2.918,9.544,-180.000,29.000,50.000,-24.467,-80.703,-204.467,-51.703
0.689,-3.025,9.713,-179.000,30.000,46.000,-25.365,-82.163,-204.365,-52.163
0.690,-3.084,9.910,-178.000,32.000,46.000,-25.860,-83.860,-203.860,-51.860
0.690,-3.121,10.119,-178.000,32.000,32.000,-26.176,-85.668,-204.176,-53.668
0.691,-3.156,10.318,-178.000,34.000,33.000,-26.466,-87.388,-204.466,-53.388
0.690,-3.229,10.507,-179.000,35.000,32.000,-27.083,-89.026,-206.083,-54.026
0.689,-3.347,10.686,-179.000,37.000,33.000,-28.073,-90.574,-207.073,-53.574
0.691,-3.480,10.849,-178.000,44.000,37.000,-29.186,-91.992,-207.186,-47.992
0.687,-3.576,10.969,-175.000,46.000,41.000,-29.997,-93.035,-204.997,-47.035
0.688,-3.637,11.068,-175.000,47.000,40.000,-30.514,-93.898,-205.514,-46.898
0.686,-3.702,11.190,-174.000,47.000,28.000,-31.058,-94.958,-205.058,-47.958
0.685,-3.780,11.335,-173.000,47.000,30.000,-31.716,-96.223,-204.716,-49.223
0.684,-3.851,11.494,-173.000,47.000,33.000,-32.314,-97.603,-205.314,-50.603
0.685,-3.916,11.649,-173.000,48.000,32.000,-32.857,-98.961,-205.857,-50.961
0.687,-3.974,11.793,-173.000,48.000,37.000,-33.348,-100.217,-206.348,-52.217
0.685,-4.047,11.932,-173.000,49.000,39.000,-33.961,-101.428,-206.961,-52.428
0.686,-4.171,12.075,-172.000,49.000,35.000,-35.005,-102.682,-207.005,-53.682
0.687,-4.348,12.217,-172.000,49.000,30.000,-36.493,-103.929,-208.493,-54.929
0.687,-4.550,12.351,-171.000,54.000,29.000,-38.196,-105.107,-209.196,-51.107
0.686,-4.761,12.461,-168.000,59.000,30.000,-39.974,-106.068,-207.974,-47.068
0.687,-4.971,12.532,-168.000,60.000,29.000,-41.748,-106.695,-209.748,-46.695
0.686,-5.171,12.559,-168.000,61.000,30.000,-43.439,-106.934,-211.439,-45.934
0.685,-5.370,12.571,-167.000,60.000,32.000,-45.118,-107.036,-212.118,-47.036
0.683,-5.567,12.589,-166.000,61.000,32.000,-46.785,-107.200,-212.785,-46.200
0.684,-5.752,12.638,-166.000,61.000,37.000,-48.348,-107.625,-214.348,-46.625
0.684,-5.897,12.716,-166.000,62.000,28.000,-49.576,-108.312,-215.576,-46.312
0.683,-5.987,12.823,-166.000,61.000,29.000,-50.343,-109.256,-216.343,-48.256
0.682,-6.050,12.968,-166.000,61.000,27.000,-50.870,-110.538,-216.870,-49.538
0.684,-6.120,13.150,-166.000,64.000,30.000,-51.465,-112.142,-217.465,-48.142
0.686,-6.195,13.343,-163.000,64.000,30.000,-52.101,-113.850,-215.101,-49.850
0.686,-6.286,13.562,-156.000,65.000,35.000,-52.874,-115.785,-208.874,-50.785
0.684,-6.408,13.798,-155.000,68.000,34.000,-53.911,-117.877,-208.911,-49.877
0.681,-6.557,14.022,-154.000,68.000,28.000,-55.174,-119.871,-209.174,-51.871
0.679,-6.722,14.215,-154.000,68.000,26.000,-56.574,-121.591,-210.574,-53.591
0.683,-6.902,14.379,-153.000,69.000,30.000,-58.101,-123.055,-211.101,-54.055
0.680,-7.110,14.538,-152.000,69.000,29.000,-59.875,-124.474,-211.875,-55.474
0.679,-7.349,14.692,-152.000,70.000,32.000,-61.909,-125.853,-213.909,-55.853
0.679,-7.593,14.815,-145.000,72.000,35.000,-63.985,-126.957,-208.985,-54.957
0.685,-7.794,14.892,-142.000,73.000,32.000,-65.702,-127.648,-207.702,-54.648
0.680,-7.924,14.943,-140.000,73.000,25.000,-66.814,-128.105,-206.814,-55.105
0.679,-7.994,15.003,-138.000,72.000,26.000,-67.404,-128.639,-205.404,-56.639
0.678,-8.024,15.070,-138.000,74.000,27.000,-67.668,-129.244,-205.668,-55.244
0.677,-8.058,15.140,-138.000,74.000,25.000,-67.959,-129.872,-205.959,-55.872
0.678,-8.129,15.198,-138.000,74.000,27.000,-68.565,-130.394,-206.565,-56.394
0.676,-8.243,15.220,-138.000,74.000,34.000,-69.539,-130.593,-207.539,-56.593
0.679,-8.387,15.200,-137.000,74.000,32.000,-70.769,-130.414,-207.769,-56.414
0.678,-8.575,15.155,-136.000,74.000,26.000,-72.377,-130.010,-208.377,-56.010
0.679,-8.775,15.079,-136.000,74.000,23.000,-74.093,-129.327,-210.093,-55.327
0.680,-8.983,14.993,-135.000,74.000,26.000,-75.875,-128.549,-210.875,-54.549
0.680,-9.168,14.905,-135.000,73.000,25.000,-77.467,-127.763,-212.467,-54.763
0.678,-9.298,14.864,-128.000,74.000,31.000,-78.587,-127.396,-206.587,-53.396
0.676,-9.376,14.908,-123.000,76.000,32.000,-79.256,-127.787,-202.256,-51.787
0.676,-9.414,15.023,-125.000,78.000,34.000,-79.582,-128.823,-204.582,-50.823
0.676,-9.417,15.176,-125.000,78.000,38.000,-79.607,-130.193,-204.607,-52.193
0.677,-9.395,15.318,-126.000,78.000,24.000,-79.423,-131.478,-205.423,-53.478
0.677,-9.387,15.443,-126.000,79.000,23.000,-79.352,-132.598,-205.352,-53.598
0.678,-9.416,15.516,-125.000,77.000,21.000,-79.597,-133.262,-204.597,-56.262
0.677,-9.499,15.540,-125.000,76.000,28.000,-80.319,-133.481,-205.319,-57.481
0.677,-9.628,15.501,-125.000,78.000,30.000,-81.428,-133.121,-206.428,-55.121
0.677,-9.782,15.419,-125.000,78.000,40.000,-82.758,-132.381,-207.758,-54.381
0.675,-9.953,15.347,-122.000,78.000,35.000,-84.229,-131.732,-206.229,-53.732
0.676,-10.105,15.300,-122.000,78.000,27.000,-85.540,-131.311,-207.540,-53.311
0.676,-10.205,15.303,-122.000,78.000,25.000,-86.407,-131.345,-208.407,-53.345
0.676,-10.257,15.379,-121.000,78.000,26.000,-86.856,-132.026,-207.856,-54.026
0.675,-10.263,15.520,-122.000,79.000,28.000,-86.908,-133.293,-208.908,-54.293
0.674,-10.239,15.703,-122.000,79.000,28.000,-86.706,-134.947,-208.706,-55.947
0.672,-10.216,15.891,-122.000,79.000,39.000,-86.502,-136.647,-208.502,-57.647
0.672,-10.222,16.054,-122.000,80.000,34.000,-86.557,-138.128,-208.557,-58.128
0.674,-10.249,16.161,-122.000,80.000,25.000,-86.793,-139.095,-208.793,-59.095
0.674,-10.307,16.220,-122.000,80.000,25.000,-87.295,-139.633,-209.295,-59.633
0.675,-10.389,16.238,-122.000,80.000,26.000,-88.001,-139.799,-210.001,-59.799
0.671,-10.464,16.245,-121.000,80.000,27.000,-88.650,-139.866,-209.650,-59.866
0.673,-10.511,16.265,-121.000,80.000,30.000,-89.062,-140.041,-210.062,-60.041
0.673,-10.542,16.306,-121.000,81.000,33.000,-89.324,-140.416,-210.324,-59.416
0.674,-10.562,16.370,-121.000,83.000,35.000,-89.502,-140.996,-210.502,-57.996
0.674,-10.581,16.438,-121.000,82.000,34.000,-89.664,-141.614,-210.664,-59.614
0.680,-10.588,16.482,-121.000,81.000,26.000,-89.729,-142.015,-210.729,-61.015
0.677,-10.579,16.495,-121.000,86.000,27.000,-89.646,-142.135,-210.646,-56.135
0.676,-10.563,16.486,-122.000,91.000,29.000,-89.507,-142.059,-211.507,-51.059
0.676,-10.542,16.462,-122.000,89.000,26.000,-89.330,-141.834,-211.330,-52.834
0.675,-10.521,16.436,-122.000,89.000,31.000,-89.145,-141.599,-211.145,-52.599
0.675,-10.493,16.403,-123.000,87.000,34.000,-88.898,-141.296,-211.898,-54.296
0.674,-10.450,16.358,-121.000,89.000,36.000,-88.532,-140.893,-209.532,-51.893
0.673,-10.398,16.302,-122.000,89.000,23.000,-88.076,-140.378,-210.076,-51.378
0.673,-10.351,16.234,-123.000,89.000,29.000,-87.675,-139.757,-210.675,-50.757
0.675,-10.319,16.155,-121.000,87.000,22.000,-87.398,-139.048,-208.398,-52.048
0.675,-10.279,16.058,-123.000,87.000,32.000,-87.047,-138.161,-210.047,-51.161
0.675,-10.209,15.937,-125.000,86.000,31.000,-86.439,-137.070,-211.439,-51.070
0.677,-10.116,15.798,-125.000,85.000,30.000,-85.636,-135.804,-210.636,-50.804
0.678,-10.016,15.648,-125.000,85.000,35.000,-84.777,-134.454,-209.777,-49.454
0.673,-9.904,15.500,-125.000,85.000,25.000,-83.806,-133.118,-208.806,-48.118
0.681,-9.770,15.338,-125.000,85.000,24.000,-82.649,-131.659,-207.649,-46.659
0.679,-9.607,15.149,-125.000,85.000,27.000,-81.243,-129.950,-206.243,-44.950
0.676,-9.402,14.948,-126.000,85.000,27.000,-79.477,-128.152,-205.477,-43.152
0.676,-9.184,14.779,-126.000,84.000,34.000,-77.607,-126.637,-203.607,-42.637
0.676,-8.968,14.643,-130.000,84.000,33.000,-75.746,-125.419,-205.746,-41.419
0.677,-8.744,14.538,-135.000,82.000,35.000,-73.828,-124.479,-208.828,-42.479
0.679,-8.497,14.435,-138.000,82.000,39.000,-71.714,-123.555,-209.714,-41.555
0.677,-8.226,14.309,-139.000,82.000,25.000,-69.391,-122.426,-208.391,-40.426
0.677,-7.938,14.173,-140.000,80.000,27.000,-66.926,-121.218,-206.926,-41.218
0.677,-7.648,14.044,-140.000,80.000,23.000,-64.456,-120.068,-204.456,-40.068
0.678,-7.355,13.920,-142.000,80.000,26.000,-61.960,-118.969,-203.960,-38.969
0.680,-7.064,13.782,-147.000,78.000,32.000,-59.478,-117.743,-206.478,-39.743
0.678,-6.778,13.619,-150.000,75.000,33.000,-57.049,-116.296,-207.049,-41.296
0.680,-6.503,13.442,-155.000,75.000,37.000,-54.711,-114.724,-209.711,-39.724
0.678,-6.249,13.266,-155.000,75.000,28.000,-52.561,-113.168,-207.561,-38.168
0.683,-6.038,13.107,-155.000,74.000,32.000,-50.773,-111.758,-205.773,-37.758
0.680,-5.848,12.924,-157.000,74.000,23.000,-49.166,-110.150,-206.166,-36.150
0.679,-5.661,12.716,-157.000,73.000,28.000,-47.584,-108.311,-204.584,-35.311
0.682,-5.489,12.469,-165.000,72.000,35.000,-46.122,-106.143,-211.122,-34.143
0.685,-5.332,12.192,-169.000,70.000,38.000,-44.802,-103.711,-213.802,-33.711
0.683,-5.159,11.862,-169.000,69.000,36.000,-43.336,-100.824,-212.336,-31.824
0.685,-4.994,11.547,-169.000,68.000,27.000,-41.940,-98.070,-210.940,-30.070
0.684,-4.839,11.267,-169.000,67.000,26.000,-40.636,-95.626,-209.636,-28.626
0.682,-4.670,11.004,-171.000,66.000,29.000,-39.212,-93.340,-210.212,-27.340
0.684,-4.473,10.756,-172.000,65.000,34.000,-37.548,-91.185,-209.548,-26.185
0.686,-4.253,10.509,-173.000,59.000,35.000,-35.692,-89.040,-208.692,-30.040
0.687,-3.995,10.236,-174.000,53.000,41.000,-33.523,-86.673,-207.523,-33.673
0.684,-3.708,9.985,-176.000,53.000,46.000,-31.105,-84.505,-207.105,-31.505
0.686,-3.410,9.805,-178.000,53.000,42.000,-28.599,-82.951,-206.599,-29.951
0.685,-3.097,9.651,-178.000,52.000,34.000,-25.969,-81.625,-203.969,-29.625
0.685,-2.794,9.474,-179.000,51.000,35.000,-23.423,-80.097,-202.423,-29.097
0.688,-2.533,9.285,-181.000,44.000,35.000,-21.232,-78.473,-202.232,-34.473
0.690,-2.317,9.071,-182.000,42.000,42.000,-19.422,-76.634,-201.422,-34.634
0.690,-2.143,8.814,-183.000,39.000,40.000,-17.961,-74.427,-200.961,-35.427
0.692,-2.025,8.521,-183.000,37.000,51.000,-16.968,-71.916,-199.968,-34.916
0.689,-1.961,8.219,-184.000,35.000,54.000,-16.438,-69.331,-200.438,-34.331
0.691,-1.916,7.910,-184.000,33.000,37.000,-16.061,-66.693,-200.061,-33.693
0.692,-1.866,7.618,-184.000,30.000,39.000,-15.641,-64.202,-199.641,-34.202
0.691,-1.816,7.339,-184.000,25.000,38.000,-15.217,-61.822,-199.217,-36.822
0.692,-1.751,7.083,-183.000,22.000,42.000,-14.674,-59.639,-197.674,-37.639
0.691,-1.660,6.863,-184.000,21.000,44.000,-13.912,-57.771,-197.912,-36.771
0.690,-1.553,6.661,-185.000,21.000,53.000,-13.015,-56.057,-198.015,-35.057
0.692,-1.422,6.422,-185.000,20.000,49.000,-11.916,-54.024,-196.916,-34.024
0.693,-1.283,6.107,-185.000,19.000,46.000,-10.748,-51.357,-195.748,-32.357
0.693,-1.210,5.772,-188.000,15.000,41.000,-10.140,-48.518,-198.140,-33.518
0.693,-1.186,5.416,-189.000,8.000,46.000,-9.936,-45.507,-198.936,-37.507
0.694,-1.164,5.034,-189.000,5.000,41.000,-9.750,-42.279,-198.750,-37.279
0.695,-1.113,4.641,-188.000,4.000,47.000,-9.329,-38.964,-197.329,-34.964
0.695,-1.030,4.253,-190.000,0.000,51.000,-8.628,-35.694,-198.628,-35.694
0.697,-0.913,3.909,-191.000,-6.000,54.000,-7.649,-32.798,-198.649,-38.798
0.697,-0.739,3.645,-192.000,-7.000,49.000,-6.188,-30.580,-198.188,-37.580
0.699,-0.501,3.451,-195.000,-8.000,48.000,-4.200,-28.947,-199.200,-36.947
0.696,-0.248,3.284,-196.000,-10.000,42.000,-2.081,-27.546,-198.081,-37.546
0.696,-0.005,3.097,-198.000,-11.000,52.000,-0.041,-25.971,-198.041,-36.971
0.695,0.211,2.843,-198.000,-11.000,54.000,1.770,-23.836,-196.230,-34.836
0.699,0.365,2.538,-199.000,-15.000,55.000,3.056,-21.275,-195.944,-36.275
0.699,0.458,2.186,-201.000,-22.000,58.000,3.840,-18.320,-197.160,-40.320
0.699,0.536,1.789,-203.000,-25.000,60.000,4.490,-14.991,-198.510,-39.991
0.700,0.620,1.409,-204.000,-26.000,47.000,5.193,-11.809,-198.807,-37.809
0.699,0.732,1.083,-205.000,-29.000,51.000,6.131,-9.072,-198.869,-38.072
0.700,0.904,0.791,-205.000,-32.000,53.000,7.572,-6.629,-197.428,-38.629
0.703,1.120,0.530,-205.000,-35.000,54.000,9.384,-4.436,-195.616,-39.436
0.701,1.336,0.317,-207.000,-37.000,57.000,11.192,-2.659,-195.808,-39.659
0.700,1.574,0.156,-211.000,-39.000,64.000,13.190,-1.305,-197.810,-40.305
0.702,1.849,0.049,-212.000,-40.000,62.000,15.494,-0.412,-196.506,-40.412
0.704,2.126,-0.036,-213.000,-41.000,52.000,17.818,0.301,-195.182,-40.699
0.703,2.373,-0.129,-217.000,-42.000,56.000,19.890,1.077,-197.110,-40.923
0.703,2.589,-0.256,-223.000,-44.000,60.000,21.702,2.146,-201.298,-41.854
0.701,2.758,-0.407,-225.000,-45.000,51.000,23.126,3.408,-201.874,-41.592
0.700,2.887,-0.594,-226.000,-46.000,56.000,24.204,4.974,-201.796,-41.026
0.703,2.979,-0.832,-226.000,-48.000,54.000,24.983,6.970,-201.017,-41.030
0.702,3.013,-1.097,-227.000,-51.000,54.000,25.264,9.193,-201.736,-41.807
0.703,3.018,-1.364,-227.000,-52.000,56.000,25.303,11.428,-201.697,-40.572
0.705,3.036,-1.625,-227.000,-52.000,56.000,25.456,13.619,-201.544,-38.381
0.706,3.077,-1.882,-227.000,-56.000,58.000,25.799,15.775,-201.201,-40.225
0.705,3.130,-2.122,-227.000,-60.000,54.000,26.250,17.781,-200.750,-42.219
0.706,3.217,-2.316,-227.000,-62.000,61.000,26.980,19.414,-200.020,-42.586
0.705,3.364,-2.450,-230.000,-64.000,63.000,28.217,20.540,-201.783,-43.460
0.704,3.553,-2.530,-231.000,-65.000,62.000,29.805,21.208,-201.195,-43.792
0.704,3.759,-2.577,-233.000,-65.000,63.000,31.537,21.608,-201.463,-43.392
0.705,3.964,-2.626,-234.000,-65.000,60.000,33.264,22.013,-200.736,-42.987
0.705,4.140,-2.694,-236.000,-65.000,61.000,34.742,22.584,-201.258,-42.416
0.703,4.281,-2.800,-237.000,-65.000,65.000,35.932,23.473,-201.068,-41.527
0.707,4.383,-2.956,-239.000,-65.000,66.000,36.793,24.785,-202.207,-40.215
0.705,4.433,-3.152,-239.000,-66.000,63.000,37.212,26.432,-201.788,-39.568
0.706,4.441,-3.367,-239.000,-69.000,67.000,37.283,28.244,-201.717,-40.756
0.707,4.420,-3.570,-239.000,-72.000,61.000,37.102,29.951,-201.898,-42.049
0.706,4.400,-3.733,-241.000,-77.000,58.000,36.934,31.318,-204.066,-45.682
0.707,4.407,-3.835,-241.000,-78.000,60.000,36.990,32.174,-204.010,-45.826
0.704,4.474,-3.889,-241.000,-79.000,63.000,37.562,32.627,-203.438,-46.373
0.706,4.593,-3.919,-241.000,-79.000,66.000,38.558,32.883,-202.442,-46.117
0.708,4.705,-3.937,-241.000,-79.000,65.000,39.509,33.032,-201.491,-45.968
0.707,4.796,-3.970,-243.000,-79.000,69.000,40.273,33.314,-202.727,-45.686
0.706,4.859,-4.027,-245.000,-79.000,64.000,40.805,33.795,-204.195,-45.205
0.706,4.903,-4.086,-245.000,-79.000,61.000,41.176,34.293,-203.824,-44.707
0.704,4.956,-4.131,-246.000,-79.000,65.000,41.620,34.671,-204.380,-44.329
0.704,5.012,-4.158,-246.000,-79.000,60.000,42.096,34.897,-203.904,-44.103
0.704,5.058,-4.180,-247.000,-79.000,65.000,42.486,35.078,-204.514,-43.922
0.706,5.090,-4.212,-247.000,-80.000,64.000,42.754,35.348,-204.246,-44.652
0.706,5.106,-4.242,-247.000,-80.000,66.000,42.888,35.607,-204.112,-44.393
0.707,5.117,-4.263,-248.000,-80.000,67.000,42.987,35.779,-205.013,-44.221
0.706,5.127,-4.266,-248.000,-80.000,56.000,43.070,35.809,-204.930,-44.191
0.707,5.167,-4.261,-248.000,-81.000,59.000,43.400,35.766,-204.600,-45.234
0.708,5.251,-4.250,-248.000,-81.000,60.000,44.114,35.668,-203.886,-45.332
0.705,5.362,-4.245,-248.000,-81.000,58.000,45.052,35.631,-202.948,-45.369
0.705,5.477,-4.236,-249.000,-81.000,58.000,46.022,35.550,-202.978,-45.450
0.706,5.579,-4.226,-251.000,-81.000,71.000,46.889,35.466,-204.111,-45.534
0.706,5.679,-4.227,-251.000,-81.000,63.000,47.731,35.477,-203.269,-45.523
0.705,5.783,-4.253,-252.000,-81.000,64.000,48.610,35.695,-203.390,-45.305
0.705,5.878,-4.306,-253.000,-81.000,63.000,49.419,36.145,-203.581,-44.855
0.706,5.920,-4.380,-256.000,-83.000,66.000,49.770,36.763,-206.230,-46.237
0.707,5.905,-4.473,-256.000,-84.000,69.000,49.643,37.546,-206.357,-46.454
0.707,5.898,-4.569,-256.000,-84.000,64.000,49.589,38.358,-206.411,-45.642
0.705,5.935,-4.656,-256.000,-84.000,69.000,49.898,39.089,-206.102,-44.911
0.706,5.986,-4.708,-256.000,-85.000,66.000,50.329,39.528,-205.671,-45.472
0.706,6.040,-4.720,-257.000,-85.000,64.000,50.793,39.628,-206.207,-45.372
0.705,6.112,-4.702,-259.000,-86.000,67.000,51.396,39.476,-207.604,-46.524
0.706,6.185,-4.686,-260.000,-86.000,64.000,52.020,39.346,-207.980,-46.654
0.708,6.238,-4.692,-260.000,-86.000,65.000,52.470,39.398,-207.530,-46.602
0.707,6.277,-4.718,-260.000,-86.000,74.000,52.799,39.619,-207.201,-46.381
0.707,6.313,-4.760,-261.000,-86.000,68.000,53.104,39.970,-207.896,-46.030
0.707,6.338,-4.813,-261.000,-86.000,75.000,53.316,40.414,-207.684,-45.586
0.707,6.354,-4.872,-261.000,-87.000,66.000,53.454,40.910,-207.546,-46.090
0.705,6.366,-4.921,-261.000,-87.000,66.000,53.552,41.328,-207.448,-45.672
0.709,6.376,-4.966,-261.000,-87.000,63.000,53.638,41.706,-207.362,-45.294
0.703,6.379,-5.024,-261.000,-87.000,65.000,53.665,42.198,-207.335,-44.802
0.704,6.365,-5.089,-261.000,-88.000,61.000,53.545,42.749,-207.455,-45.251
0.705,6.361,-5.134,-261.000,-88.000,62.000,53.506,43.125,-207.494,-44.875
0.704,6.375,-5.148,-261.000,-88.000,67.000,53.629,43.248,-207.371,-44.752
0.709,6.410,-5.146,-262.000,-88.000,67.000,53.925,43.227,-208.075,-44.773
0.709,6.450,-5.142,-262.000,-89.000,58.000,54.264,43.198,-207.736,-45.802
0.704,6.480,-5.143,-262.000,-89.000,60.000,54.516,43.203,-207.484,-45.797
0.706,6.501,-5.139,-262.000,-89.000,59.000,54.696,43.167,-207.304,-45.833
0.707,6.515,-5.120,-262.000,-89.000,63.000,54.820,43.012,-207.180,-45.988
0.708,6.508,-5.078,-262.000,-89.000,66.000,54.757,42.653,-207.243,-46.347
0.705,6.482,-5.010,-262.000,-89.000,66.000,54.538,42.081,-207.462,-46.919
0.707,6.436,-4.908,-262.000,-88.000,67.000,54.145,41.215,-207.855,-46.785
0.707,6.362,-4.748,-262.000,-87.000,64.000,53.516,39.868,-208.484,-47.132
0.705,6.268,-4.511,-262.000,-87.000,69.000,52.719,37.868,-209.281,-49.132
0.704,6.166,-4.197,-262.000,-85.000,61.000,51.859,35.227,-210.141,-49.773
0.707,6.078,-3.829,-262.000,-82.000,63.000,51.115,32.129,-210.885,-49.871
0.704,5.966,-3.415,-259.000,-79.000,65.000,50.160,28.642,-208.840,-50.358
0.702,5.788,-2.899,-256.000,-76.000,69.000,48.653,24.304,-207.347,-51.696
0.702,5.559,-2.262,-254.000,-69.000,61.000,46.715,18.963,-207.285,-50.037
0.702,5.267,-1.489,-252.000,-65.000,62.000,44.250,12.474,-207.750,-52.526
0.701,4.920,-0.644,-250.000,-58.000,62.000,41.317,5.394,-208.683,-52.606
0.697,4.487,0.189,-245.000,-48.000,54.000,37.669,-1.587,-207.331,-49.587
0.696,3.953,1.005,-241.000,-41.000,52.000,33.166,-8.421,-207.834,-49.421
0.697,3.331,1.767,-236.000,-32.000,56.000,27.933,-14.810,-208.067,-46.810
0.698,2.585,2.463,-229.000,-26.000,59.000,21.672,-20.650,-207.328,-46.650
0.697,1.656,3.174,-221.000,-19.000,57.000,13.877,-26.619,-207.123,-45.619
0.696,0.646,3.900,-210.000,-11.000,53.000,5.416,-32.720,-204.584,-43.720
0.693,-0.373,4.595,-201.000,-6.000,42.000,-3.123,-38.576,-204.123,-44.576
0.690,-1.402,5.264,-191.000,0.000,42.000,-11.749,-44.228,-202.749,-44.228
0.691,-2.479,5.922,-182.000,5.000,43.000,-20.785,-49.794,-202.785,-44.794
0.691,-3.533,6.575,-173.000,11.000,42.000,-29.635,-55.324,-202.635,-44.324
0.689,-4.503,7.264,-164.000,16.000,48.000,-37.805,-61.184,-201.805,-45.184
0.688,-5.358,8.047,-157.000,23.000,48.000,-45.021,-67.865,-202.021,-44.865
0.688,-6.061,8.911,-152.000,33.000,46.000,-50.967,-75.262,-202.967,-42.262
0.688,-6.601,9.829,-148.000,39.000,32.000,-55.550,-83.161,-203.550,-44.161
0.687,-6.979,10.800,-145.000,50.000,32.000,-58.757,-91.566,-203.757,-41.566
0.684,-7.199,11.791,-143.000,55.000,33.000,-60.632,-100.202,-203.632,-45.202
0.684,-7.282,12.789,-142.000,66.000,32.000,-61.338,-108.960,-203.338,-42.960
0.684,-7.256,13.750,-138.000,72.000,33.000,-61.114,-117.452,-199.114,-45.452
0.683,-7.207,14.621,-138.000,79.000,33.000,-60.696,-125.221,-198.696,-46.221
0.682,-7.186,15.352,-140.000,88.000,33.000,-60.517,-131.786,-200.517,-43.786
0.682,-7.232,15.947,-141.000,92.000,27.000,-60.910,-137.156,-201.910,-45.156
0.678,-7.364,16.399,-139.000,94.000,24.000,-62.035,-141.265,-201.035,-47.265
0.678,-7.530,16.648,-139.000,96.000,25.000,-63.451,-143.533,-202.451,-47.533
0.677,-7.702,16.700,-139.000,103.000,27.000,-64.917,-144.009,-203.917,-41.009
0.678,-7.930,16.649,-138.000,105.000,29.000,-66.858,-143.542,-204.858,-38.542
0.685,-8.203,16.539,-136.000,105.000,30.000,-69.194,-142.542,-205.194,-37.542
0.684,-8.434,16.395,-136.000,104.000,37.000,-71.168,-141.225,-207.168,-37.225
0.682,-8.595,16.257,-136.000,102.000,22.000,-72.547,-139.970,-208.547,-37.970
0.682,-8.709,16.146,-135.000,101.000,27.000,-73.530,-138.959,-208.530,-37.959
0.684,-8.801,16.097,-135.000,101.000,27.000,-74.321,-138.518,-209.321,-37.518
0.685,-8.849,16.088,-132.000,99.000,25.000,-74.732,-138.433,-206.732,-39.433
0.683,-8.849,16.113,-126.000,99.000,29.000,-74.729,-138.660,-200.729,-39.660
0.688,-8.831,16.175,-126.000,100.000,34.000,-74.576,-139.230,-200.576,-39.230
0.685,-8.812,16.249,-126.000,99.000,34.000,-74.412,-139.899,-200.412,-40.899
0.682,-8.793,16.306,-126.000,100.000,38.000,-74.249,-140.419,-200.249,-40.419
0.684,-8.798,16.323,-127.000,100.000,23.000,-74.292,-140.571,-201.292,-40.571
0.682,-8.826,16.289,-127.000,99.000,24.000,-74.527,-140.258,-201.527,-41.258
0.684,-8.865,16.221,-126.000,99.000,26.000,-74.867,-139.641,-200.867,-40.641
0.684,-8.902,16.138,-125.000,100.000,30.000,-75.181,-138.887,-200.181,-38.887
0.683,-8.908,16.044,-125.000,100.000,34.000,-75.237,-138.036,-200.237,-38.036
0.684,-8.889,15.956,-125.000,100.000,32.000,-75.075,-137.241,-200.075,-37.241
0.683,-8.888,15.898,-125.000,96.000,34.000,-75.061,-136.710,-200.061,-40.710
0.682,-8.911,15.862,-123.000,96.000,22.000,-75.256,-136.385,-198.256,-40.385
0.683,-8.916,15.847,-123.000,97.000,30.000,-75.302,-136.248,-198.302,-39.248
0.682,-8.880,15.855,-123.000,96.000,29.000,-74.994,-136.328,-197.994,-40.328
0.683,-8.821,15.892,-122.000,97.000,30.000,-74.484,-136.662,-196.484,-39.662
0.688,-8.758,15.945,-122.000,97.000,32.000,-73.947,-137.138,-195.947,-40.138
0.684,-8.696,15.983,-125.000,97.000,35.000,-73.419,-137.487,-198.419,-40.487
0.684,-8.642,15.997,-126.000,97.000,31.000,-72.953,-137.606,-198.953,-40.606
0.680,-8.612,15.989,-126.000,97.000,23.000,-72.698,-137.539,-198.698,-40.539
0.681,-8.584,15.951,-126.000,98.000,26.000,-72.458,-137.191,-198.458,-39.191
0.683,-8.544,15.897,-125.000,99.000,30.000,-72.112,-136.709,-197.112,-37.709
0.682,-8.509,15.844,-125.000,98.000,29.000,-71.818,-136.225,-196.818,-38.225
0.681,-8.489,15.787,-126.000,95.000,30.000,-71.641,-135.710,-197.641,-40.710
0.681,-8.480,15.722,-128.000,95.000,34.000,-71.569,-135.122,-199.569,-40.122
0.681,-8.477,15.662,-128.000,95.000,37.000,-71.540,-134.576,-199.540,-39.576
0.682,-8.464,15.608,-128.000,94.000,26.000,-71.425,-134.093,-199.425,-40.093
0.683,-8.418,15.549,-126.000,94.000,27.000,-71.030,-133.562,-197.030,-39.562
0.682,-8.339,15.473,-128.000,94.000,27.000,-70.356,-132.873,-198.356,-38.873
0.682,-8.238,15.385,-128.000,94.000,25.000,-69.491,-132.077,-197.491,-38.077
0.682,-8.114,15.272,-128.000,94.000,31.000,-68.430,-131.059,-196.430,-37.059
0.683,-7.957,15.123,-129.000,94.000,37.000,-67.090,-129.720,-196.090,-35.720
0.685,-7.778,14.929,-130.000,93.000,29.000,-65.567,-127.974,-195.567,-34.974
0.690,-7.595,14.680,-132.000,93.000,24.000,-64.003,-125.744,-196.003,-32.744
0.688,-7.408,14.384,-139.000,91.000,22.000,-62.412,-123.096,-201.412,-32.096
0.686,-7.216,14.055,-142.000,88.000,23.000,-60.772,-120.165,-202.772,-32.165
0.683,-7.011,13.684,-143.000,87.000,31.000,-59.034,-116.866,-202.034,-29.866
0.686,-6.796,13.291,-145.000,87.000,30.000,-57.206,-113.386,-202.206,-26.386
0.685,-6.582,12.891,-145.000,87.000,38.000,-55.384,-109.859,-200.384,-22.859
0.687,-6.388,12.523,-148.000,75.000,37.000,-53.735,-106.619,-201.735,-31.619
0.688,-6.187,12.170,-150.000,67.000,36.000,-52.031,-103.513,-202.031,-36.513
0.688,-5.941,11.817,-152.000,67.000,31.000,-49.950,-100.422,-201.950,-33.422
0.688,-5.648,11.493,-155.000,65.000,30.000,-47.469,-97.598,-202.469,-32.598
0.687,-5.320,11.225,-156.000,57.000,32.000,-44.694,-95.262,-200.694,-38.262
0.690,-4.933,10.972,-158.000,53.000,30.000,-41.427,-93.062,-199.427,-40.062
0.689,-4.530,10.729,-160.000,53.000,40.000,-38.032,-90.952,-198.032,-37.952
0.690,-4.155,10.476,-160.000,52.000,42.000,-34.866,-88.753,-194.866,-36.753
0.688,-3.825,10.204,-160.000,51.000,40.000,-32.090,-86.398,-192.090,-35.398
0.688,-3.550,9.909,-163.000,49.000,28.000,-29.777,-83.850,-192.777,-34.850
0.690,-3.318,9.571,-176.000,40.000,34.000,-27.831,-80.938,-203.831,-40.938
0.689,-3.107,9.182,-180.000,37.000,37.000,-26.051,-77.591,-206.051,-40.591
0.689,-2.913,8.778,-180.000,34.000,40.000,-24.424,-74.118,-204.424,-40.118
0.690,-2.699,8.382,-181.000,33.000,44.000,-22.629,-70.723,-203.629,-37.723
0.691,-2.458,8.017,-183.000,27.000,49.000,-20.606,-67.606,-203.606,-40.606
0.693,-2.237,7.681,-185.000,21.000,57.000,-18.747,-64.732,-203.747,-43.732
0.695,-2.035,7.362,-185.000,19.000,40.000,-17.056,-62.014,-202.056,-43.014
0.691,-1.821,7.054,-186.000,16.000,37.000,-15.259,-59.398,-201.259,-43.398
0.691,-1.566,6.742,-189.000,9.000,43.000,-13.119,-56.744,-202.119,-47.744
0.694,-1.274,6.401,-191.000,8.000,41.000,-10.672,-53.848,-201.672,-45.848
0.693,-0.958,6.026,-192.000,5.000,48.000,-8.030,-50.671,-200.030,-45.671
0.695,-0.640,5.659,-193.000,3.000,49.000,-5.364,-47.561,-198.364,-44.561
0.696,-0.328,5.318,-196.000,-2.000,53.000,-2.748,-44.684,-198.748,-46.684
0.696,-0.014,4.970,-200.000,-7.000,44.000,-0.118,-41.739,-200.118,-48.739
0.696,0.313,4.573,-202.000,-10.000,43.000,2.626,-38.393,-199.374,-48.393
0.697,0.641,4.165,-203.000,-12.000,46.000,5.366,-34.956,-197.634,-46.956
0.696,0.980,3.764,-205.000,-16.000,47.000,8.214,-31.578,-196.786,-47.578
0.698,1.368,3.376,-207.000,-22.000,42.000,11.466,-28.313,-195.534,-50.313
0.697,1.807,2.985,-212.000,-25.000,54.000,15.140,-25.027,-196.860,-50.027
0.697,2.286,2.569,-214.000,-28.000,64.000,19.164,-21.535,-194.836,-49.535
0.699,2.755,2.158,-221.000,-33.000,61.000,23.099,-18.085,-197.901,-51.085
0.700,3.177,1.788,-226.000,-35.000,50.000,26.643,-14.985,-199.357,-49.985
0.698,3.597,1.421,-230.000,-39.000,51.000,30.173,-11.910,-199.827,-50.910
0.698,3.972,1.109,-236.000,-44.000,50.000,33.326,-9.294,-202.674,-53.294
0.699,4.299,0.826,-241.000,-47.000,55.000,36.081,-6.924,-204.919,-53.924
0.702,4.591,0.525,-243.000,-50.000,60.000,38.547,-4.399,-204.453,-54.399
0.702,4.861,0.173,-246.000,-53.000,64.000,40.824,-1.450,-205.176,-54.450
0.702,5.082,-0.193,-251.000,-55.000,65.000,42.690,1.614,-208.310,-53.386
0.703,5.260,-0.572,-254.000,-58.000,57.000,44.189,4.795,-209.811,-53.205
0.703,5.406,-0.984,-256.000,-61.000,58.000,45.424,8.240,-210.576,-52.760
0.707,5.528,-1.382,-257.000,-64.000,59.000,46.452,11.576,-210.548,-52.424
0.705,5.632,-1.715,-258.000,-68.000,60.000,47.337,14.372,-210.663,-53.628
0.703,5.804,-2.045,-260.000,-72.000,65.000,48.790,17.140,-211.210,-54.860
0.703,6.026,-2.399,-261.000,-75.000,67.000,50.668,20.110,-210.332,-54.890
0.706,6.203,-2.713,-263.000,-77.000,63.000,52.169,22.749,-210.831,-54.251
0.705,6.317,-2.967,-263.000,-79.000,60.000,53.135,24.876,-209.865,-54.124
0.702,6.433,-3.189,-263.000,-82.000,59.000,54.123,26.742,-208.877,-55.258
0.707,6.563,-3.364,-264.000,-84.000,63.000,55.220,28.219,-208.780,-55.781
0.705,6.670,-3.478,-266.000,-86.000,64.000,56.132,29.177,-209.868,-56.823
0.704,6.761,-3.540,-266.000,-86.000,69.000,56.904,29.695,-209.096,-56.305
0.705,6.844,-3.535,-266.000,-86.000,69.000,57.607,29.652,-208.393,-56.348
0.704,6.941,-3.517,-266.000,-86.000,71.000,58.438,29.501,-207.562,-56.499
0.712,7.073,-3.562,-267.000,-87.000,63.000,59.558,29.881,-207.442,-57.119
0.707,7.218,-3.689,-268.000,-87.000,65.000,60.790,30.945,-207.210,-56.055
0.705,7.335,-3.860,-269.000,-88.000,60.000,61.785,32.387,-207.215,-55.613
0.705,7.385,-4.038,-270.000,-90.000,69.000,62.216,33.882,-207.784,-56.118
0.708,7.419,-4.247,-271.000,-91.000,60.000,62.506,35.646,-208.494,-55.354
0.708,7.457,-4.504,-272.000,-93.000,72.000,62.824,37.811,-209.176,-55.189
0.713,7.487,-4.784,-272.000,-97.000,68.000,63.080,40.171,-208.920,-56.829
0.713,7.514,-5.027,-273.000,-101.000,66.000,63.313,42.226,-209.687,-58.774
0.713,7.540,-5.162,-273.000,-102.000,65.000,63.535,43.367,-209.465,-58.633
0.714,7.575,-5.155,-273.000,-103.000,62.000,63.836,43.307,-209.164,-59.693
0.717,7.651,-5.005,-274.000,-103.000,65.000,64.480,42.035,-209.520,-60.965
0.710,7.781,-4.775,-275.000,-102.000,71.000,65.589,40.095,-209.411,-61.905
0.710,7.888,-4.521,-277.000,-100.000,71.000,66.505,37.958,-210.495,-62.042
0.710,7.958,-4.346,-277.000,-99.000,71.000,67.098,36.479,-209.902,-62.521
0.710,7.968,-4.339,-277.000,-99.000,74.000,67.185,36.420,-209.815,-62.580
0.710,7.886,-4.481,-277.000,-99.000,67.000,66.490,37.619,-210.510,-61.381
0.714,7.748,-4.706,-277.000,-99.000,68.000,65.307,39.516,-211.693,-59.484
0.713,7.615,-4.964,-276.000,-101.000,68.000,64.171,41.693,-211.829,-59.307
0.710,7.526,-5.200,-273.000,-103.000,68.000,63.411,43.684,-209.589,-59.316
0.709,7.487,-5.351,-273.000,-104.000,73.000,63.079,44.957,-209.921,-59.043
0.711,7.496,-5.353,-273.000,-104.000,68.000,63.158,44.977,-209.842,-59.023
0.711,7.553,-5.205,-273.000,-104.000,70.000,63.648,43.726,-209.352,-60.274
0.710,7.676,-4.966,-273.000,-104.000,66.000,64.693,41.709,-208.307,-62.291
0.712,7.811,-4.708,-274.000,-103.000,65.000,65.848,39.531,-208.152,-63.469
0.717,7.894,-4.465,-276.000,-100.000,68.000,66.553,37.479,-209.447,-62.521
0.712,7.901,-4.240,-277.000,-99.000,68.000,66.614,35.588,-210.386,-63.412
0.708,7.918,-4.105,-277.000,-98.000,67.000,66.759,34.451,-210.241,-63.549
0.707,7.951,-4.106,-277.000,-96.000,65.000,67.039,34.460,-209.961,-61.540
0.709,7.927,-4.237,-277.000,-97.000,72.000,66.832,35.564,-210.168,-61.436
0.712,7.819,-4.381,-277.000,-97.000,68.000,65.917,36.777,-211.083,-60.223
0.710,7.751,-4.469,-277.000,-98.000,73.000,65.337,37.519,-211.663,-60.481
0.708,7.777,-4.502,-276.000,-99.000,67.000,65.553,37.791,-210.447,-61.209
0.709,7.844,-4.506,-275.000,-99.000,64.000,66.124,37.825,-208.876,-61.175
0.708,7.889,-4.494,-276.000,-99.000,67.000,66.516,37.725,-209.484,-61.275
0.707,7.914,-4.458,-277.000,-99.000,69.000,66.724,37.420,-210.276,-61.580
0.712,7.919,-4.387,-277.000,-99.000,71.000,66.768,36.821,-210.232,-62.179
0.708,7.943,-4.310,-277.000,-99.000,74.000,66.971,36.174,-210.029,-62.826
0.707,7.983,-4.252,-277.000,-99.000,69.000,67.315,35.691,-209.685,-63.309
0.706,8.002,-4.224,-277.000,-99.000,70.000,67.472,35.454,-209.528,-63.546
0.707,7.984,-4.224,-277.000,-99.000,65.000,67.325,35.453,-209.675,-63.547
0.707,7.969,-4.253,-277.000,-98.000,66.000,67.192,35.693,-209.808,-62.307
0.709,7.975,-4.312,-277.000,-98.000,68.000,67.245,36.193,-209.755,-61.807
0.706,7.976,-4.362,-277.000,-98.000,69.000,67.258,36.610,-209.742,-61.390
0.704,7.980,-4.397,-277.000,-98.000,69.000,67.288,36.906,-209.712,-61.094
0.705,7.987,-4.424,-277.000,-99.000,71.000,67.351,37.136,-209.649,-61.864
0.705,7.997,-4.439,-277.000,-99.000,68.000,67.436,37.259,-209.564,-61.741
0.706,8.010,-4.401,-277.000,-99.000,63.000,67.542,36.941,-209.458,-62.059
0.707,8.024,-4.288,-277.000,-99.000,68.000,67.662,35.989,-209.338,-63.011
0.705,8.037,-4.115,-277.000,-98.000,69.000,67.773,34.531,-209.227,-63.469
0.707,8.035,-3.913,-277.000,-98.000,64.000,67.758,32.831,-209.242,-65.169
0.705,7.999,-3.698,-277.000,-95.000,67.000,67.453,31.022,-209.547,-63.978
0.704,7.916,-3.452,-277.000,-94.000,72.000,66.744,28.953,-210.256,-65.047
0.704,7.812,-3.172,-277.000,-93.000,63.000,65.856,26.603,-211.144,-66.397
0.706,7.701,-2.884,-276.000,-91.000,65.000,64.907,24.184,-211.093,-66.816
0.702,7.563,-2.600,-275.000,-90.000,63.000,63.732,21.799,-211.268,-68.201
0.703,7.369,-2.275,-273.000,-84.000,62.000,62.078,19.072,-210.922,-64.928
0.704,7.121,-1.882,-271.000,-81.000,65.000,59.966,15.769,-211.034,-65.231
0.704,6.834,-1.399,-269.000,-77.000,65.000,57.523,11.725,-211.477,-65.275
0.703,6.538,-0.846,-268.000,-70.000,68.000,55.011,7.085,-212.989,-62.915
0.700,6.236,-0.248,-268.000,-66.000,54.000,52.449,2.074,-215.551,-63.926
0.699,5.877,0.385,-264.000,-60.000,56.000,49.405,-3.226,-214.595,-63.226
0.703,5.423,0.991,-261.000,-53.000,58.000,45.571,-8.303,-215.429,-61.303
0.699,4.949,1.534,-257.000,-47.000,57.000,41.561,-12.851,-215.439,-59.851
0.696,4.490,2.015,-253.000,-41.000,51.000,37.689,-16.884,-215.311,-57.884
0.697,4.009,2.462,-248.000,-36.000,58.000,33.638,-20.640,-214.362,-56.640
0.694,3.492,2.913,-244.000,-30.000,61.000,29.293,-24.425,-214.707,-54.425
0.694,2.994,3.391,-238.000,-23.000,56.000,25.107,-28.441,-212.893,-51.441
0.694,2.527,3.911,-236.000,-21.000,43.000,21.188,-32.816,-214.812,-53.816
0.695,2.084,4.490,-234.000,-18.000,45.000,17.466,-37.691,-216.534,-55.691
0.692,1.655,5.108,-228.000,-11.000,44.000,13.867,-42.907,-214.133,-53.907
0.691,1.258,5.727,-225.000,-6.000,45.000,10.538,-48.136,-214.462,-54.136
0.692,0.874,6.343,-224.000,-4.000,44.000,7.323,-53.354,-216.677,-57.354
0.690,0.465,6.962,-221.000,5.000,47.000,3.895,-58.615,-217.105,-53.615
0.693,-0.003,7.588,-218.000,10.000,51.000,-0.023,-63.944,-218.023,-53.944
0.688,-0.523,8.197,-218.000,13.000,35.000,-4.385,-69.144,-222.385,-56.144
0.686,-1.083,8.767,-213.000,20.000,34.000,-9.070,-74.024,-222.070,-54.024
0.688,-1.644,9.312,-209.000,24.000,36.000,-13.777,-78.703,-222.777,-54.703
0.687,-2.189,9.894,-207.000,26.000,35.000,-18.351,-83.723,-225.351,-57.723
0.686,-2.731,10.562,-207.000,25.000,35.000,-22.894,-89.502,-229.894,-64.502
0.686,-3.225,11.253,-198.000,35.000,37.000,-27.048,-95.504,-225.048,-60.504
0.685,-3.646,11.941,-193.000,41.000,38.000,-30.583,-101.515,-223.583,-60.515
0.683,-3.975,12.636,-187.000,51.000,39.000,-33.358,-107.614,-220.358,-56.614
0.681,-4.197,13.351,-185.000,56.000,26.000,-35.220,-113.915,-220.220,-57.915
0.680,-4.337,14.086,-182.000,63.000,25.000,-36.406,-120.443,-218.406,-57.443
0.683,-4.434,14.808,-177.000,71.000,27.000,-37.219,-126.894,-214.219,-55.894
0.681,-4.484,15.492,-177.000,72.000,27.000,-37.642,-133.040,-214.642,-61.040
0.680,-4.526,16.113,-177.000,73.000,33.000,-37.997,-138.666,-214.997,-65.666
0.679,-4.568,16.636,-177.000,82.000,36.000,-38.348,-143.423,-215.348,-61.423
0.684,-4.670,17.078,-173.000,87.000,30.000,-39.212,-147.470,-212.212,-60.470
0.681,-4.849,17.430,-172.000,87.000,23.000,-40.718,-150.698,-212.718,-63.698
0.679,-5.110,17.739,-172.000,87.000,25.000,-42.923,-153.552,-214.923,-66.552
0.678,-5.421,18.005,-170.000,88.000,26.000,-45.547,-156.010,-215.547,-68.010
0.677,-5.717,18.196,-168.000,94.000,27.000,-48.055,-157.781,-216.055,-63.781
0.677,-6.019,18.364,-165.000,97.000,27.000,-50.614,-159.340,-215.614,-62.340
0.674,-6.372,18.532,-165.000,100.000,31.000,-53.605,-160.907,-218.605,-60.907
0.671,-6.723,18.645,-165.000,101.000,30.000,-56.583,-161.960,-221.583,-60.960
0.671,-7.018,18.720,-164.000,101.000,29.000,-59.094,-162.653,-223.094,-61.653
0.678,-7.281,18.809,-162.000,102.000,25.000,-61.327,-163.490,-223.327,-61.490
0.678,-7.481,18.873,-162.000,102.000,28.000,-63.034,-164.089,-225.034,-62.089
0.677,-7.561,18.876,-160.000,102.000,25.000,-63.715,-164.114,-223.715,-62.114
0.673,-7.579,18.874,-160.000,102.000,28.000,-63.864,-164.100,-223.864,-62.100
0.674,-7.621,18.910,-163.000,102.000,27.000,-64.226,-164.434,-227.226,-62.434
0.674,-7.662,18.961,-163.000,102.000,32.000,-64.577,-164.915,-227.577,-62.915
0.674,-7.678,19.015,-163.000,102.000,35.000,-64.708,-165.421,-227.708,-63.421
0.674,-7.666,19.058,-163.000,102.000,24.000,-64.608,-165.817,-227.608,-63.817
0.673,-7.662,19.075,-163.000,102.000,28.000,-64.577,-165.985,-227.577,-63.985
0.675,-7.671,19.056,-163.000,102.000,25.000,-64.653,-165.805,-227.653,-63.805
0.677,-7.687,19.004,-163.000,102.000,22.000,-64.792,-165.313,-227.792,-63.313
0.680,-7.726,18.929,-163.000,102.000,27.000,-65.124,-164.609,-228.124,-62.609
0.678,-7.796,18.849,-163.000,102.000,28.000,-65.718,-163.864,-228.718,-61.864
0.675,-7.870,18.757,-163.000,102.000,31.000,-66.346,-163.003,-229.346,-61.003
0.676,-7.925,18.670,-163.000,102.000,33.000,-66.822,-162.192,-229.822,-60.192
0.675,-7.960,18.615,-163.000,102.000,19.000,-67.114,-161.676,-230.114,-59.676
0.674,-7.982,18.589,-163.000,102.000,22.000,-67.307,-161.434,-230.307,-59.434
0.676,-8.016,18.571,-163.000,102.000,22.000,-67.597,-161.267,-230.597,-59.267
0.675,-8.060,18.544,-163.000,102.000,27.000,-67.973,-161.016,-230.973,-59.016
0.675,-8.090,18.507,-163.000,102.000,27.000,-68.227,-160.671,-231.227,-58.671
0.675,-8.114,18.463,-163.000,102.000,29.000,-68.433,-160.261,-231.433,-58.261
0.674,-8.136,18.420,-163.000,102.000,33.000,-68.623,-159.857,-231.623,-57.857
0.674,-8.159,18.392,-163.000,102.000,34.000,-68.817,-159.597,-231.817,-57.597
0.683,-8.167,18.377,-163.000,102.000,24.000,-68.891,-159.463,-231.891,-57.463
0.681,-8.165,18.357,-163.000,102.000,26.000,-68.866,-159.276,-231.866,-57.276
0.678,-8.146,18.316,-163.000,102.000,21.000,-68.705,-158.892,-231.705,-56.892
0.677,-8.118,18.276,-163.000,102.000,27.000,-68.467,-158.526,-231.467,-56.526
0.677,-8.091,18.244,-163.000,102.000,28.000,-68.238,-158.221,-231.238,-56.221
0.676,-8.081,18.201,-163.000,102.000,29.000,-68.151,-157.824,-231.151,-55.824
0.676,-8.086,18.117,-163.000,102.000,28.000,-68.192,-157.041,-231.192,-55.041
0.675,-8.119,17.997,-163.000,102.000,27.000,-68.480,-155.936,-231.480,-53.936
0.674,-8.181,17.862,-163.000,102.000,24.000,-69.002,-154.685,-232.002,-52.685
0.677,-8.250,17.736,-163.000,102.000,24.000,-69.595,-153.523,-232.595,-51.523
0.676,-8.299,17.625,-163.000,102.000,24.000,-70.018,-152.499,-233.018,-50.499
0.679,-8.305,17.532,-163.000,102.000,31.000,-70.069,-151.639,-233.069,-49.639
0.681,-8.264,17.446,-163.000,102.000,29.000,-69.720,-150.851,-232.720,-48.851
0.680,-8.199,17.366,-163.000,102.000,33.000,-69.161,-150.114,-232.161,-48.114
0.680,-8.118,17.279,-163.000,102.000,34.000,-68.471,-149.311,-231.471,-47.311
0.678,-8.007,17.164,-163.000,102.000,21.000,-67.518,-148.258,-230.518,-46.258
0.677,-7.862,17.012,-163.000,102.000,22.000,-66.282,-146.864,-229.282,-44.864
0.680,-7.692,16.817,-163.000,102.000,26.000,-64.831,-145.076,-227.831,-43.076
0.678,-7.484,16.576,-163.000,102.000,30.000,-63.058,-142.876,-226.058,-40.876
0.679,-7.274,16.330,-163.000,102.000,30.000,-61.264,-140.636,-224.264,-38.636
0.681,-7.092,16.069,-163.000,102.000,35.000,-59.717,-138.264,-222.717,-36.264
0.681,-6.910,15.773,-163.000,102.000,34.000,-58.170,-135.581,-221.170,-33.581
0.682,-6.706,15.450,-163.000,102.000,32.000,-56.438,-132.663,-219.438,-30.663
0.682,-6.508,15.132,-163.000,102.000,25.000,-54.757,-129.804,-217.757,-27.804
0.682,-6.327,14.836,-163.000,102.000,27.000,-53.220,-127.145,-216.220,-25.145
0.683,-6.144,14.561,-163.000,102.000,25.000,-51.671,-124.680,-214.671,-22.680
0.684,-5.935,14.301,-163.000,102.000,27.000,-49.896,-122.362,-212.896,-20.362
0.687,-5.667,14.037,-163.000,102.000,32.000,-47.631,-120.008,-210.631,-18.008
0.685,-5.330,13.762,-163.000,102.000,34.000,-44.781,-117.559,-207.781,-15.559
0.685,-4.942,13.492,-163.000,102.000,39.000,-41.509,-115.169,-204.509,-13.169
0.684,-4.539,13.264,-163.000,102.000,39.000,-38.108,-113.149,-201.108,-11.149
0.684,-4.124,13.082,-163.000,102.000,25.000,-34.612,-111.539,-197.612,-9.539
0.689,-3.688,12.921,-163.000,102.000,26.000,-30.942,-110.116,-193.942,-8.116
0.687,-3.254,12.759,-164.000,102.000,31.000,-27.291,-108.689,-191.291,-6.689
0.686,-2.843,12.544,-166.000,100.000,31.000,-23.836,-106.800,-189.836,-6.800
0.687,-2.475,12.246,-166.000,98.000,42.000,-20.749,-104.181,-186.749,-6.181
0.688,-2.164,11.890,-167.000,93.000,41.000,-18.140,-101.061,-185.140,-8.061
0.686,-1.923,11.483,-170.000,90.000,40.000,-16.114,-97.513,-186.114,-7.513
0.689,-1.725,11.022,-171.000,89.000,30.000,-14.455,-93.494,-185.455,-4.494
0.688,-1.541,10.510,-172.000,89.000,26.000,-12.915,-89.046,-184.915,-0.046
0.689,-1.356,9.969,-174.000,84.000,34.000,-11.361,-84.373,-185.361,-0.373
0.690,-1.158,9.456,-176.000,76.000,35.000,-9.701,-79.942,-185.701,-3.942
0.692,-0.912,8.975,-179.000,72.000,39.000,-7.644,-75.809,-186.644,-3.809
0.693,-0.612,8.523,-179.000,72.000,51.000,-5.129,-71.931,-184.129,0.069
0.692,-0.274,8.071,-183.000,64.000,48.000,-2.296,-68.070,-185.296,-4.070
0.691,0.092,7.589,-186.000,59.000,47.000,0.768,-63.954,-185.232,-4.954
0.692,0.460,7.075,-188.000,58.000,39.000,3.852,-59.577,-184.148,-1.577
0.695,0.787,6.578,-189.000,52.000,42.000,6.590,-55.350,-182.410,-3.350
0.695,1.071,6.144,-193.000,44.000,40.000,8.977,-51.668,-184.023,-7.668
0.695,1.340,5.724,-196.000,41.000,49.000,11.229,-48.112,-184.771,-7.112
0.697,1.573,5.295,-196.000,40.000,46.000,13.181,-44.487,-182.819,-4.487
0.697,1.731,4.869,-197.000,34.000,49.000,14.507,-40.887,-182.493,-6.887
0.695,1.837,4.466,-199.000,28.000,50.000,15.394,-37.493,-183.606,-9.493
0.697,1.955,4.084,-200.000,27.000,43.000,16.388,-34.274,-183.612,-7.274
0.697,2.125,3.704,-202.000,24.000,46.000,17.812,-31.071,-184.188,-7.071
0.697,2.341,3.335,-203.000,20.000,52.000,19.624,-27.968,-183.376,-7.968
0.699,2.580,3.011,-204.000,14.000,50.000,21.626,-25.252,-182.374,-11.252
0.702,2.849,2.765,-208.000,11.000,60.000,23.891,-23.179,-184.109,-12.179
0.700,3.164,2.627,-209.000,10.000,49.000,26.533,-22.027,-182.467,-12.027
0.698,3.511,2.622,-211.000,10.000,59.000,29.454,-21.977,-181.546,-11.977
0.698,3.892,2.663,-216.000,10.000,49.000,32.658,-22.324,-183.342,-12.324
0.699,4.283,2.619,-221.000,8.000,50.000,35.950,-21.959,-185.050,-13.959
0.699,4.656,2.409,-224.000,7.000,53.000,39.096,-20.196,-184.904,-13.196
0.700,4.980,2.065,-226.000,6.000,50.000,41.827,-17.307,-184.173,-11.307
0.699,5.241,1.624,-233.000,1.000,59.000,44.027,-13.606,-188.973,-12.606
0.700,5.426,1.114,-235.000,-4.000,56.000,45.597,-9.336,-189.403,-13.336
0.699,5.541,0.555,-236.000,-10.000,63.000,46.568,-4.647,-189.432,-14.647
0.700,5.592,0.014,-236.000,-15.000,68.000,46.994,-0.121,-189.006,-15.121
0.702,5.627,-0.434,-236.000,-16.000,52.000,47.294,3.633,-188.706,-12.367
0.703,5.693,-0.771,-238.000,-24.000,57.000,47.853,6.462,-190.147,-17.538
0.703,5.789,-1.017,-239.000,-28.000,58.000,48.664,8.523,-190.336,-19.477
0.705,5.907,-1.190,-240.000,-30.000,60.000,49.659,9.971,-190.341,-20.029
0.706,6.033,-1.325,-243.000,-30.000,64.000,50.729,11.099,-192.271,-18.901
0.704,6.137,-1.434,-243.000,-31.000,63.000,51.612,12.012,-191.388,-18.988
0.703,6.200,-1.530,-244.000,-32.000,63.000,52.145,12.817,-191.855,-19.183
0.705,6.230,-1.613,-244.000,-33.000,58.000,52.397,13.520,-191.603,-19.480
0.709,6.265,-1.704,-244.000,-33.000,59.000,52.699,14.276,-191.301,-18.724
0.707,6.327,-1.823,-244.000,-33.000,56.000,53.220,15.277,-190.780,-17.723
0.704,6.375,-1.928,-244.000,-35.000,60.000,53.624,16.162,-190.376,-18.838
0.703,6.405,-2.004,-244.000,-37.000,64.000,53.879,16.794,-190.121,-20.206
0.707,6.434,-2.055,-244.000,-36.000,68.000,54.129,17.227,-189.871,-18.773
0.708,6.453,-2.104,-245.000,-36.000,68.000,54.291,17.632,-190.709,-18.368
0.708,6.439,-2.135,-245.000,-36.000,67.000,54.168,17.899,-190.832,-18.101
0.708,6.397,-2.139,-245.000,-36.000,66.000,53.812,17.928,-191.188,-18.072
0.706,6.353,-2.118,-245.000,-36.000,64.000,53.441,17.754,-191.559,-18.246
0.709,6.316,-2.082,-245.000,-37.000,70.000,53.127,17.450,-191.873,-19.550
0.708,6.274,-2.048,-245.000,-38.000,66.000,52.774,17.169,-192.226,-20.831
0.706,6.235,-2.037,-245.000,-39.000,62.000,52.440,17.070,-192.560,-21.930
0.707,6.200,-2.040,-245.000,-40.000,72.000,52.142,17.097,-192.858,-22.903
0.708,6.154,-2.053,-245.000,-40.000,65.000,51.758,17.203,-193.242,-22.797
0.707,6.121,-2.067,-244.000,-41.000,60.000,51.472,17.325,-192.528,-23.675
0.707,6.094,-2.078,-244.000,-41.000,54.000,51.249,17.418,-192.751,-23.582
0.707,6.072,-2.084,-244.000,-41.000,61.000,51.063,17.468,-192.937,-23.532
0.709,6.050,-2.082,-244.000,-42.000,63.000,50.873,17.448,-193.127,-24.552
0.706,6.012,-2.071,-244.000,-42.000,62.000,50.549,17.355,-193.451,-24.645
0.707,5.954,-2.051,-243.000,-42.000,66.000,50.063,17.187,-192.937,-24.813
0.706,5.896,-2.025,-242.000,-41.000,63.000,49.570,16.968,-192.430,-24.032
0.706,5.855,-1.979,-241.000,-40.000,56.000,49.221,16.582,-191.779,-23.418
0.704,5.822,-1.911,-241.000,-40.000,66.000,48.947,16.020,-192.053,-23.980
0.706,5.778,-1.827,-241.000,-40.000,56.000,48.574,15.311,-192.426,-24.689
0.706,5.721,-1.724,-241.000,-39.000,61.000,48.088,14.447,-192.912,-24.553
0.706,5.650,-1.594,-241.000,-38.000,62.000,47.485,13.354,-193.515,-24.646
0.704,5.556,-1.449,-240.000,-37.000,61.000,46.691,12.143,-193.309,-24.857
0.704,5.432,-1.297,-240.000,-35.000,67.000,45.642,10.866,-194.358,-24.134
0.704,5.283,-1.118,-239.000,-34.000,55.000,44.381,9.363,-194.619,-24.637
0.702,5.122,-0.913,-237.000,-32.000,58.000,43.024,7.651,-193.976,-24.349
0.704,4.977,-0.701,-235.000,-31.000,57.000,41.802,5.876,-193.198,-25.124
0.705,4.830,-0.513,-232.000,-28.000,61.000,40.561,4.296,-191.439,-23.704
0.704,4.658,-0.331,-229.000,-25.000,62.000,39.107,2.770,-189.893,-22.230
0.703,4.452,-0.137,-228.000,-25.000,58.000,37.371,1.146,-190.629,-23.854
0.707,4.192,0.094,-227.000,-24.000,60.000,35.185,-0.788,-191.815,-24.788
0.710,3.906,0.367,-225.000,-22.000,62.000,32.772,-3.072,-192.228,-25.072
0.705,3.639,0.647,-223.000,-20.000,54.000,30.528,-5.423,-192.472,-25.423
0.703,3.401,0.926,-218.000,-17.000,51.000,28.523,-7.756,-189.477,-24.756
0.703,3.164,1.227,-215.000,-14.000,52.000,26.531,-10.277,-188.469,-24.277
0.703,2.931,1.553,-212.000,-10.000,56.000,24.580,-13.014,-187.420,-23.014
0.700,2.707,1.914,-211.000,-8.000,56.000,22.698,-16.039,-188.302,-24.039
0.698,2.460,2.303,-210.000,-4.000,58.000,20.620,-19.301,-189.380,-23.301
0.700,2.188,2.704,-206.000,2.000,56.000,18.338,-22.668,-187.662,-20.668
0.701,1.971,3.069,-203.000,5.000,48.000,16.517,-25.738,-186.483,-20.738
0.698,1.830,3.439,-202.000,8.000,47.000,15.333,-28.844,-186.667,-20.844
0.699,1.721,3.852,-202.000,11.000,48.000,14.419,-32.315,-187.581,-21.315
0.697,1.610,4.318,-202.000,18.000,52.000,13.495,-36.245,-188.505,-18.245
0.697,1.500,4.818,-201.000,21.000,53.000,12.567,-40.461,-188.433,-19.461
0.697,1.405,5.313,-200.000,22.000,53.000,11.774,-44.642,-188.226,-22.642
0.695,1.297,5.796,-200.000,27.000,50.000,10.870,-48.721,-189.130,-21.721
0.695,1.143,6.248,-200.000,33.000,39.000,9.575,-52.548,-190.425,-19.548
0.695,0.929,6.634,-199.000,35.000,38.000,7.780,-55.825,-191.220,-20.825
0.695,0.640,6.960,-196.000,40.000,39.000,5.358,-58.592,-190.642,-18.592
0.692,0.285,7.256,-195.000,41.000,44.000,2.391,-61.118,-192.609,-20.118
0.693,-0.070,7.532,-190.000,49.000,44.000,-0.588,-63.469,-190.588,-14.469
0.694,-0.401,7.784,-186.000,51.000,46.000,-3.358,-65.617,-189.358,-14.617
0.692,-0.723,8.011,-186.000,52.000,48.000,-6.057,-67.555,-192.057,-15.555
0.693,-1.052,8.200,-184.000,52.000,46.000,-8.816,-69.167,-192.816,-17.167
0.692,-1.394,8.368,-181.000,55.000,39.000,-11.684,-70.603,-192.684,-15.603
0.691,-1.758,8.570,-173.000,61.000,32.000,-14.729,-72.337,-187.729,-11.337
0.691,-2.131,8.829,-171.000,62.000,40.000,-17.860,-74.559,-188.860,-12.559
0.690,-2.472,9.129,-170.000,65.000,40.000,-20.726,-77.134,-190.726,-12.134
0.690,-2.724,9.475,-169.000,67.000,39.000,-22.837,-80.107,-191.837,-13.107
0.691,-2.908,9.874,-160.000,74.000,42.000,-24.382,-83.545,-184.382,-9.545
0.691,-3.096,10.331,-156.000,78.000,43.000,-25.960,-87.495,-181.960,-9.495
0.692,-3.287,10.789,-156.000,80.000,33.000,-27.565,-91.472,-183.565,-11.472
0.692,-3.476,11.208,-155.000,85.000,27.000,-29.158,-95.110,-184.158,-10.110
0.690,-3.678,11.562,-154.000,92.000,28.000,-30.855,-98.201,-184.855,-6.201
0.688,-3.894,11.855,-152.000,94.000,31.000,-32.670,-100.759,-184.670,-6.759
0.688,-4.100,12.072,-152.000,96.000,34.000,-34.403,-102.656,-186.403,-6.656
0.688,-4.308,12.219,-151.000,96.000,39.000,-36.159,-103.949,-187.159,-7.949
0.689,-4.545,12.356,-150.000,96.000,33.000,-38.153,-105.150,-188.153,-9.150
0.689,-4.810,12.507,-150.000,96.000,29.000,-40.390,-106.475,-190.390,-10.475
0.687,-5.071,12.670,-149.000,96.000,26.000,-42.597,-107.911,-191.597,-11.911
0.688,-5.301,12.846,-146.000,101.000,26.000,-44.541,-109.459,-190.541,-8.459
0.686,-5.492,13.039,-139.000,109.000,29.000,-46.154,-111.157,-185.154,-2.157
0.686,-5.654,13.248,-138.000,110.000,32.000,-47.524,-113.005,-185.524,-3.005
0.688,-5.783,13.482,-137.000,111.000,32.000,-48.611,-115.081,-185.611,-4.081
0.687,-5.877,13.735,-137.000,112.000,36.000,-49.409,-117.322,-186.409,-5.322
0.685,-5.947,13.983,-135.000,112.000,28.000,-50.003,-119.527,-185.003,-7.527
0.683,-6.023,14.226,-135.000,113.000,27.000,-50.647,-121.693,-185.647,-8.693
0.685,-6.139,14.465,-135.000,113.000,28.000,-51.625,-123.822,-186.625,-10.822
0.687,-6.258,14.665,-134.000,116.000,26.000,-52.636,-125.616,-186.636,-9.616
0.686,-6.352,14.815,-134.000,123.000,31.000,-53.430,-126.954,-187.430,-3.954
0.683,-6.431,14.929,-132.000,125.000,30.000,-54.100,-127.980,-186.100,-2.980
0.682,-6.485,15.010,-133.000,126.000,34.000,-54.561,-128.709,-187.561,-2.709
0.684,-6.506,15.043,-133.000,126.000,28.000,-54.741,-129.006,-187.741,-3.006
0.683,-6.521,15.051,-132.000,127.000,29.000,-54.866,-129.070,-186.866,-2.070
0.689,-6.539,15.038,-131.000,127.000,28.000,-55.021,-128.954,-186.021,-1.954
0.685,-6.558,15.010,-131.000,127.000,28.000,-55.179,-128.703,-186.179,-1.703
0.686,-6.598,14.988,-131.000,127.000,28.000,-55.520,-128.509,-186.520,-1.509
0.682,-6.647,14.980,-131.000,127.000,36.000,-55.941,-128.438,-186.941,-1.438
0.682,-6.667,14.958,-130.000,127.000,38.000,-56.110,-128.240,-186.110,-1.240
0.682,-6.648,14.927,-130.000,127.000,36.000,-55.942,-127.962,-185.942,-0.962
0.682,-6.633,14.915,-130.000,126.000,24.000,-55.820,-127.852,-185.820,-1.852
0.684,-6.658,14.909,-130.000,124.000,24.000,-56.030,-127.797,-186.030,-3.797
0.684,-6.707,14.895,-129.000,124.000,27.000,-56.444,-127.677,-185.444,-3.677
0.683,-6.761,14.869,-129.000,125.000,27.000,-56.905,-127.439,-185.905,-2.439
0.682,-6.815,14.833,-130.000,125.000,34.000,-57.362,-127.115,-187.362,-2.115
0.682,-6.869,14.787,-129.000,126.000,31.000,-57.824,-126.708,-186.824,-0.708
0.690,-6.919,14.742,-129.000,125.000,35.000,-58.247,-126.303,-187.247,-1.303
0.687,-6.962,14.712,-129.000,125.000,26.000,-58.615,-126.031,-187.615,-1.031
0.682,-7.004,14.700,-129.000,126.000,25.000,-58.973,-125.928,-187.973,0.072
0.682,-7.043,14.710,-129.000,126.000,29.000,-59.303,-126.011,-188.303,-0.011
0.681,-7.076,14.743,-129.000,123.000,29.000,-59.580,-126.309,-188.580,-3.309
0.683,-7.085,14.783,-129.000,123.000,31.000,-59.660,-126.672,-188.660,-3.672
0.681,-7.061,14.818,-129.000,124.000,35.000,-59.457,-126.983,-188.457,-2.983
0.681,-7.039,14.848,-129.000,124.000,37.000,-59.267,-127.248,-188.267,-3.248
0.681,-7.053,14.869,-129.000,124.000,26.000,-59.383,-127.438,-188.383,-3.438
0.682,-7.094,14.866,-129.000,125.000,25.000,-59.740,-127.415,-188.740,-2.415
0.683,-7.145,14.837,-129.000,125.000,25.000,-60.173,-127.152,-189.173,-2.152
0.682,-7.205,14.801,-129.000,124.000,27.000,-60.677,-126.833,-189.677,-2.833
0.682,-7.259,14.764,-129.000,124.000,27.000,-61.140,-126.495,-190.140,-2.495
0.681,-7.298,14.724,-129.000,124.000,33.000,-61.473,-126.141,-190.473,-2.141
0.683,-7.344,14.700,-128.000,126.000,31.000,-61.862,-125.928,-189.862,0.072
0.683,-7.405,14.684,-127.000,127.000,33.000,-62.385,-125.785,-189.385,1.215
0.683,-7.481,14.671,-127.000,127.000,25.000,-63.027,-125.664,-190.027,1.336
0.683,-7.539,14.644,-128.000,123.000,21.000,-63.522,-125.425,-191.522,-2.425
0.683,-7.559,14.606,-128.000,123.000,28.000,-63.694,-125.083,-191.694,-2.083
0.685,-7.552,14.572,-128.000,124.000,29.000,-63.641,-124.782,-191.641,-0.782
0.684,-7.539,14.546,-125.000,124.000,31.000,-63.522,-124.550,-188.522,-0.550
0.682,-7.532,14.531,-125.000,124.000,36.000,-63.466,-124.410,-188.466,-0.410
0.683,-7.546,14.531,-127.000,119.000,34.000,-63.588,-124.410,-190.588,-5.410
0.687,-7.569,14.539,-127.000,121.000,32.000,-63.781,-124.488,-190.781,-3.488
0.684,-7.585,14.528,-127.000,127.000,31.000,-63.921,-124.386,-190.921,2.614
0.685,-7.585,14.478,-128.000,123.000,24.000,-63.916,-123.936,-191.916,-0.936
0.683,-7.589,14.403,-128.000,123.000,29.000,-63.954,-123.271,-191.954,-0.271
0.683,-7.593,14.312,-128.000,124.000,30.000,-63.987,-122.460,-191.987,1.540
0.684,-7.592,14.218,-127.000,122.000,36.000,-63.978,-121.621,-190.978,0.379
0.683,-7.577,14.137,-128.000,123.000,34.000,-63.850,-120.894,-191.850,2.106
0.685,-7.530,14.072,-128.000,122.000,28.000,-63.449,-120.315,-191.449,1.685
0.684,-7.431,14.018,-128.000,121.000,22.000,-62.607,-119.839,-190.607,1.161
0.684,-7.302,13.985,-128.000,120.000,28.000,-61.508,-119.545,-189.508,0.455
0.685,-7.179,13.968,-129.000,119.000,28.000,-60.456,-119.396,-189.456,-0.396
0.685,-7.059,13.934,-129.000,119.000,32.000,-59.437,-119.091,-188.437,-0.091
0.685,-6.913,13.848,-130.000,119.000,31.000,-58.193,-118.330,-188.193,0.670
0.685,-6.731,13.710,-130.000,119.000,40.000,-56.653,-117.102,-186.653,1.898
0.685,-6.551,13.575,-132.000,119.000,34.000,-55.122,-115.898,-187.122,3.102
0.686,-6.403,13.456,-131.000,119.000,28.000,-53.864,-114.847,-184.864,4.153
0.685,-6.259,13.313,-133.000,119.000,29.000,-52.641,-113.579,-185.641,5.421
0.687,-6.098,13.128,-134.000,119.000,29.000,-51.284,-111.951,-185.284,7.049
0.686,-5.931,12.927,-137.000,119.000,31.000,-49.865,-110.176,-186.865,8.824
0.687,-5.763,12.718,-137.000,113.000,35.000,-48.440,-108.332,-185.440,4.668
0.685,-5.580,12.490,-139.000,109.000,36.000,-46.896,-106.325,-185.896,2.675
0.688,-5.405,12.260,-141.000,107.000,38.000,-45.420,-104.310,-186.420,2.690
0.689,-5.250,12.040,-142.000,105.000,28.000,-44.107,-102.380,-186.107,2.620
0.687,-5.083,11.826,-142.000,104.000,25.000,-42.692,-100.504,-184.692,3.496
0.689,-4.897,11.619,-143.000,104.000,26.000,-41.126,-98.692,-184.126,5.308
0.689,-4.695,11.427,-144.000,104.000,30.000,-39.425,-97.022,-183.425,6.978
0.690,-4.468,11.244,-145.000,102.000,34.000,-37.508,-95.423,-182.508,6.577
0.691,-4.207,11.059,-151.000,100.000,39.000,-35.308,-93.813,-186.308,6.187
0.690,-3.923,10.864,-156.000,96.000,39.000,-32.916,-92.124,-188.916,3.876
0.691,-3.671,10.680,-158.000,96.000,30.000,-30.796,-90.522,-188.796,5.478
0.691,-3.505,10.508,-159.000,96.000,32.000,-29.403,-89.033,-188.403,6.967
0.692,-3.411,10.309,-159.000,96.000,32.000,-28.610,-87.307,-187.610,8.693
0.692,-3.351,10.063,-160.000,94.000,32.000,-28.105,-85.182,-188.105,8.818
0.692,-3.302,9.794,-160.000,93.000,32.000,-27.691,-82.861,-187.691,10.139
0.691,-3.248,9.536,-160.000,91.000,40.000,-27.239,-80.638,-187.239,10.362
0.691,-3.186,9.321,-161.000,83.000,47.000,-26.720,-78.783,-187.720,4.217
0.691,-3.120,9.155,-163.000,81.000,36.000,-26.164,-77.356,-189.164,3.644
0.690,-3.026,9.004,-164.000,80.000,39.000,-25.371,-76.061,-189.371,3.939
0.692,-2.915,8.852,-165.000,80.000,35.000,-24.438,-74.758,-189.438,5.242
0.692,-2.785,8.696,-165.000,80.000,37.000,-23.350,-73.416,-188.350,6.584
0.690,-2.626,8.524,-166.000,80.000,38.000,-22.011,-71.939,-188.011,8.061
0.691,-2.454,8.342,-166.000,79.000,43.000,-20.575,-70.383,-186.575,8.617
0.690,-2.288,8.172,-166.000,74.000,53.000,-19.177,-68.928,-185.177,5.072
0.691,-2.127,8.002,-167.000,69.000,50.000,-17.829,-67.474,-184.829,1.526
0.692,-1.961,7.809,-171.000,68.000,40.000,-16.439,-65.828,-187.439,2.172
0.694,-1.793,7.602,-171.000,66.000,43.000,-15.022,-64.062,-186.022,1.938
0.694,-1.651,7.417,-171.000,65.000,42.000,-13.832,-62.489,-184.832,2.511
0.692,-1.537,7.242,-171.000,63.000,44.000,-12.882,-60.997,-183.882,2.003
0.694,-1.422,7.042,-172.000,62.000,45.000,-11.919,-59.293,-183.919,2.707
0.692,-1.307,6.829,-172.000,61.000,53.000,-10.948,-57.487,-182.948,3.513
0.692,-1.196,6.625,-172.000,60.000,49.000,-10.024,-55.749,-182.024,4.251
0.695,-1.063,6.405,-172.000,54.000,44.000,-8.904,-53.879,-180.904,0.121
0.694,-0.909,6.162,-174.000,51.000,44.000,-7.618,-51.825,-181.618,-0.825
0.694,-0.765,5.923,-174.000,50.000,45.000,-6.405,-49.798,-180.405,0.202
0.695,-0.623,5.682,-175.000,49.000,43.000,-5.217,-47.759,-180.217,1.241
0.693,-0.477,5.451,-177.000,47.000,46.000,-3.999,-45.802,-180.999,1.198
0.694,-0.348,5.251,-177.000,46.000,53.000,-2.918,-44.117,-179.918,1.883
0.697,-0.226,5.090,-177.000,45.000,56.000,-1.895,-42.753,-178.895,2.247
0.693,-0.104,4.942,-178.000,42.000,44.000,-0.869,-41.505,-178.869,0.495
0.695,-0.005,4.785,-182.000,39.000,43.000,-0.039,-40.182,-182.039,-1.182
0.693,0.054,4.615,-184.000,38.000,48.000,0.449,-38.747,-183.551,-0.747
0.694,0.097,4.416,-184.000,36.000,48.000,0.816,-37.071,-183.184,-1.071
0.696,0.170,4.177,-184.000,34.000,49.000,1.424,-35.053,-182.576,-1.053
0.695,0.261,3.913,-184.000,34.000,51.000,2.188,-32.834,-181.812,1.166
0.694,0.329,3.669,-184.000,29.000,57.000,2.752,-30.779,-181.248,-1.779
0.694,0.402,3.434,-185.000,28.000,48.000,3.370,-28.802,-181.630,-0.802
0.695,0.520,3.200,-185.000,25.000,47.000,4.356,-26.839,-180.644,-1.839
0.695,0.672,2.979,-186.000,24.000,48.000,5.632,-24.978,-180.368,-0.978
0.697,0.852,2.776,-190.000,20.000,51.000,7.142,-23.272,-182.858,-3.272
0.697,1.043,2.599,-190.000,19.000,56.000,8.743,-21.784,-181.257,-2.784
0.696,1.223,2.430,-191.000,18.000,54.000,10.244,-20.367,-180.756,-2.367
0.696,1.362,2.252,-192.000,16.000,57.000,11.414,-18.877,-180.586,-2.877
0.695,1.468,2.078,-193.000,16.000,60.000,12.302,-17.413,-180.698,-1.413
0.695,1.559,1.893,-193.000,16.000,52.000,13.067,-15.868,-179.933,0.132
0.695,1.651,1.696,-194.000,14.000,55.000,13.835,-14.216,-180.165,-0.216
0.695,1.733,1.497,-197.000,8.000,55.000,14.525,-12.542,-182.475,-4.542
0.698,1.819,1.289,-198.000,7.000,54.000,15.245,-10.800,-182.755,-3.800
0.700,1.917,1.089,-200.000,6.000,58.000,16.062,-9.126,-183.938,-3.126
0.698,2.023,0.906,-201.000,3.000,57.000,16.957,-7.588,-184.043,-4.588
0.698,2.117,0.737,-202.000,1.000,64.000,17.745,-6.171,-184.255,-5.171
0.699,2.197,0.573,-202.000,1.000,57.000,18.413,-4.797,-183.587,-3.797
0.700,2.274,0.420,-202.000,1.000,59.000,19.057,-3.521,-182.943,-2.521
0.697,2.361,0.274,-203.000,0.000,55.000,19.791,-2.295,-183.209,-2.295
0.696,2.457,0.117,-204.000,-4.000,55.000,20.594,-0.977,-183.406,-4.977
0.700,2.511,-0.035,-206.000,-8.000,54.000,21.047,0.297,-184.953,-7.703
0.699,2.525,-0.182,-205.000,-9.000,59.000,21.165,1.523,-183.835,-7.477
0.698,2.540,-0.320,-205.000,-10.000,62.000,21.289,2.681,-183.711,-7.319
0.698,2.580,-0.451,-205.000,-10.000,54.000,21.627,3.777,-183.373,-6.223
0.698,2.638,-0.572,-206.000,-12.000,60.000,22.115,4.793,-183.885,-7.207
0.696,2.713,-0.685,-206.000,-13.000,59.000,22.747,5.735,-183.253,-7.265
0.696,2.794,-0.773,-207.000,-14.000,58.000,23.422,6.480,-183.578,-7.520
0.701,2.886,-0.847,-207.000,-14.000,58.000,24.201,7.095,-182.799,-6.905
0.698,2.996,-0.922,-207.000,-14.000,60.000,25.123,7.728,-181.878,-6.272
0.701,3.095,-0.999,-209.000,-15.000,63.000,25.952,8.370,-183.048,-6.630
0.702,3.168,-1.075,-210.000,-16.000,54.000,26.565,9.005,-183.435,-6.995
0.699,3.221,-1.156,-211.000,-16.000,55.000,27.013,9.686,-183.987,-6.314
0.700,3.270,-1.259,-211.000,-17.000,56.000,27.427,10.549,-183.573,-6.451
0.703,3.311,-1.370,-211.000,-17.000,58.000,27.770,11.481,-183.230,-5.519
0.698,3.341,-1.473,-211.000,-20.000,57.000,28.023,12.339,-182.977,-7.661
0.697,3.369,-1.560,-212.000,-24.000,62.000,28.255,13.071,-183.745,-10.929
0.699,3.396,-1.620,-213.000,-25.000,61.000,28.482,13.577,-184.518,-11.423
0.697,3.427,-1.664,-213.000,-25.000,65.000,28.742,13.943,-184.258,-11.057
0.699,3.461,-1.714,-213.000,-25.000,60.000,29.034,14.360,-183.966,-10.640
0.699,3.492,-1.785,-213.000,-25.000,57.000,29.293,14.960,-183.707,-10.040
0.697,3.518,-1.886,-213.000,-25.000,61.000,29.508,15.806,-183.492,-9.194
0.698,3.548,-2.035,-213.000,-26.000,62.000,29.760,17.054,-183.240,-8.946
0.703,3.575,-2.197,-213.000,-28.000,62.000,29.992,18.417,-183.008,-9.583
0.701,3.617,-2.378,-214.000,-29.000,68.000,30.340,19.931,-183.660,-9.069
0.698,3.654,-2.567,-215.000,-30.000,60.000,30.657,21.519,-184.343,-8.481
0.698,3.669,-2.740,-215.000,-30.000,65.000,30.778,22.969,-184.222,-7.031
0.699,3.674,-2.876,-215.000,-31.000,61.000,30.821,24.116,-184.179,-6.884
0.697,3.670,-2.966,-214.000,-31.000,55.000,30.784,24.872,-183.216,-6.128
0.699,3.645,-3.003,-215.000,-32.000,65.000,30.581,25.178,-184.419,-6.822
0.698,3.612,-3.001,-216.000,-33.000,61.000,30.299,25.164,-185.701,-7.836
0.697,3.574,-2.979,-216.000,-33.000,67.000,29.981,24.979,-186.019,-8.021
0.700,3.534,-2.951,-215.000,-32.000,64.000,29.644,24.748,-185.356,-7.252
0.697,3.503,-2.941,-213.000,-31.000,59.000,29.384,24.656,-183.616,-6.344
0.699,3.479,-2.941,-214.000,-31.000,61.000,29.178,24.657,-184.822,-6.343
0.699,3.457,-2.941,-214.000,-31.000,58.000,28.995,24.662,-185.005,-6.338
0.706,3.434,-2.946,-214.000,-31.000,62.000,28.801,24.706,-185.199,-6.294
0.705,3.414,-2.958,-212.000,-31.000,68.000,28.635,24.803,-183.365,-6.197
0.702,3.407,-2.978,-212.000,-31.000,63.000,28.575,24.968,-183.425,-6.032
0.705,3.403,-2.994,-212.000,-31.000,62.000,28.546,25.102,-183.454,-5.898
0.699,3.388,-2.995,-212.000,-31.000,60.000,28.418,25.110,-183.582,-5.890
0.701,3.363,-2.983,-213.000,-32.000,60.000,28.205,25.011,-184.795,-6.989
0.703,3.336,-2.958,-213.000,-32.000,58.000,27.981,24.807,-185.019,-7.193
0.705,3.321,-2.926,-213.000,-31.000,59.000,27.849,24.531,-185.151,-6.469
0.702,3.310,-2.892,-212.000,-31.000,55.000,27.760,24.245,-184.240,-6.755
0.701,3.302,-2.865,-211.000,-31.000,64.000,27.693,24.021,-183.307,-6.979
0.701,3.284,-2.825,-211.000,-31.000,61.000,27.543,23.684,-183.457,-7.316
0.701,3.255,-2.770,-212.000,-31.000,66.000,27.298,23.222,-184.702,-7.778
0.701,3.211,-2.707,-212.000,-31.000,59.000,26.932,22.696,-185.068,-8.304
0.702,3.145,-2.636,-212.000,-31.000,57.000,26.370,22.102,-185.630,-8.898
0.702,3.048,-2.548,-212.000,-31.000,61.000,25.559,21.360,-186.441,-9.640
0.704,2.946,-2.458,-211.000,-31.000,56.000,24.704,20.604,-186.296,-10.396
0.701,2.838,-2.359,-211.000,-30.000,58.000,23.792,19.772,-187.208,-10.228
0.702,2.710,-2.227,-210.000,-29.000,63.000,22.718,18.662,-187.282,-10.338
0.701,2.557,-2.046,-207.000,-28.000,61.000,21.437,17.149,-185.563,-10.851
0.703,2.387,-1.811,-207.000,-27.000,55.000,20.006,15.175,-186.994,-11.825
0.704,2.216,-1.519,-207.000,-24.000,55.000,18.576,12.732,-188.424,-11.268
0.702,2.059,-1.174,-206.000,-22.000,56.000,17.255,9.834,-188.745,-12.166
0.702,1.928,-0.782,-205.000,-20.000,53.000,16.157,6.553,-188.842,-13.447
0.699,1.799,-0.360,-203.000,-17.000,57.000,15.075,3.017,-187.925,-13.983
0.700,1.644,0.078,-202.000,-10.000,62.000,13.777,-0.653,-188.223,-10.653
0.698,1.469,0.494,-200.000,-5.000,59.000,12.306,-4.139,-187.694,-9.139
0.699,1.284,0.844,-200.000,-5.000,55.000,10.762,-7.074,-189.238,-12.074
0.699,1.084,1.142,-198.000,-1.000,50.000,9.082,-9.571,-188.918,-10.571
0.698,0.847,1.402,-196.000,-1.000,52.000,7.093,-11.751,-188.907,-12.751
0.696,0.580,1.650,-195.000,3.000,52.000,4.857,-13.828,-190.143,-10.828
0.697,0.296,1.899,-192.000,7.000,50.000,2.480,-15.917,-189.520,-8.917
0.694,0.008,2.170,-189.000,8.000,51.000,0.066,-18.190,-188.934,-10.190
0.695,-0.253,2.447,-188.000,10.000,57.000,-2.120,-20.514,-190.120,-10.514
0.697,-0.487,2.738,-187.000,11.000,48.000,-4.078,-22.959,-191.078,-11.959
0.696,-0.700,3.055,-185.000,13.000,53.000,-5.864,-25.619,-190.864,-12.619
0.696,-0.889,3.399,-178.000,18.000,47.000,-7.452,-28.509,-185.452,-10.509
0.698,-1.031,3.763,-176.000,21.000,49.000,-8.636,-31.573,-184.636,-10.573
0.696,-1.118,4.146,-176.000,22.000,48.000,-9.363,-34.796,-185.363,-12.796
0.694,-1.171,4.551,-176.000,25.000,49.000,-9.814,-38.209,-185.814,-13.209
0.695,-1.236,4.998,-173.000,31.000,58.000,-10.355,-41.979,-183.355,-10.979
0.695,-1.341,5.476,-173.000,35.000,50.000,-11.240,-46.016,-184.240,-11.016
0.693,-1.485,5.941,-173.000,35.000,41.000,-12.443,-49.946,-185.443,-14.946
0.694,-1.668,6.363,-172.000,44.000,42.000,-13.979,-53.530,-185.979,-9.530
0.692,-1.882,6.739,-170.000,49.000,40.000,-15.776,-56.721,-185.776,-7.721
0.693,-2.121,7.080,-168.000,51.000,44.000,-17.777,-59.613,-185.777,-8.613
0.693,-2.391,7.375,-168.000,53.000,44.000,-20.044,-62.126,-188.044,-9.126
0.691,-2.706,7.633,-168.000,53.000,50.000,-22.684,-64.324,-190.684,-11.324
0.689,-3.039,7.881,-161.000,58.000,50.000,-25.486,-66.442,-186.486,-8.442
0.691,-3.349,8.132,-156.000,62.000,39.000,-28.092,-68.588,-184.092,-6.588
0.690,-3.606,8.370,-154.000,64.000,34.000,-30.250,-70.621,-184.249,-6.621
0.691,-3.818,8.590,-153.000,65.000,33.000,-32.032,-72.505,-185.032,-7.505
0.692,-4.015,8.805,-153.000,68.000,36.000,-33.689,-74.349,-186.689,-6.349
0.689,-4.205,9.030,-153.000,70.000,41.000,-35.288,-76.281,-188.288,-6.281
0.690,-4.382,9.277,-151.000,70.000,45.000,-36.780,-78.403,-187.780,-8.403
0.690,-4.544,9.539,-150.000,71.000,44.000,-38.144,-80.660,-188.144,-9.660
0.690,-4.697,9.812,-146.000,77.000,31.000,-39.437,-83.015,-185.437,-6.015
0.689,-4.847,10.088,-146.000,82.000,33.000,-40.702,-85.400,-186.702,-3.400
0.690,-4.997,10.350,-145.000,83.000,40.000,-41.965,-87.660,-186.965,-4.660
0.689,-5.150,10.587,-144.000,83.000,29.000,-43.260,-89.715,-187.260,-6.715
0.689,-5.303,10.787,-143.000,83.000,28.000,-44.550,-91.449,-187.550,-8.449
0.689,-5.459,10.941,-143.000,91.000,41.000,-45.872,-92.788,-188.872,-1.788
0.690,-5.633,11.059,-141.000,95.000,37.000,-47.344,-93.811,-188.344,1.189
0.689,-5.823,11.180,-140.000,96.000,30.000,-48.954,-94.867,-188.954,1.133
0.686,-6.005,11.320,-139.000,98.000,28.000,-50.491,-96.088,-189.491,1.912
0.688,-6.158,11.476,-138.000,99.000,27.000,-51.791,-97.447,-189.791,1.553
0.687,-6.272,11.643,-138.000,99.000,31.000,-52.754,-98.904,-190.754,0.096
0.686,-6.355,11.835,-138.000,99.000,28.000,-53.462,-100.580,-191.462,-1.580
0.686,-6.420,12.044,-138.000,103.000,37.000,-54.014,-102.413,-192.014,0.587
0.686,-6.475,12.256,-137.000,110.000,39.000,-54.481,-104.273,-191.481,5.727
0.687,-6.506,12.446,-136.000,113.000,28.000,-54.742,-105.941,-190.742,7.059
0.689,-6.517,12.601,-135.000,113.000,26.000,-54.837,-107.298,-189.837,5.702
0.686,-6.535,12.720,-135.000,114.000,27.000,-54.987,-108.345,-189.987,5.655
0.687,-6.584,12.804,-135.000,114.000,30.000,-55.402,-109.088,-190.402,4.912
0.685,-6.652,12.859,-135.000,114.000,34.000,-55.976,-109.575,-190.976,4.425
0.684,-6.722,12.902,-135.000,114.000,33.000,-56.574,-109.951,-191.574,4.049
0.687,-6.788,12.935,-133.000,115.000,35.000,-57.133,-110.241,-190.133,4.759
0.685,-6.847,12.947,-133.000,115.000,34.000,-57.634,-110.347,-190.634,4.653
0.686,-6.901,12.948,-134.000,115.000,29.000,-58.096,-110.357,-192.096,4.643
0.686,-6.972,12.958,-134.000,115.000,29.000,-58.699,-110.443,-192.699,4.557
0.685,-7.048,12.968,-134.000,115.000,26.000,-59.342,-110.530,-193.342,4.470
0.685,-7.116,12.976,-133.000,115.000,32.000,-59.925,-110.601,-192.925,4.399
0.686,-7.175,12.988,-133.000,115.000,29.000,-60.427,-110.709,-193.427,4.291
0.687,-7.218,13.012,-134.000,115.000,35.000,-60.795,-110.924,-194.795,4.076
0.685,-7.255,13.054,-134.000,115.000,37.000,-61.108,-111.292,-195.108,3.708
0.683,-7.279,13.102,-133.000,115.000,28.000,-61.307,-111.718,-194.307,3.282
0.685,-7.286,13.156,-133.000,115.000,29.000,-61.374,-112.195,-194.374,2.805
0.686,-7.288,13.218,-133.000,117.000,29.000,-61.389,-112.738,-194.389,4.262
0.686,-7.291,13.293,-132.000,124.000,29.000,-61.412,-113.403,-193.412,10.597
0.685,-7.292,13.371,-132.000,126.000,38.000,-61.418,-114.094,-193.418,11.906
0.687,-7.289,13.434,-132.000,127.000,35.000,-61.397,-114.652,-193.397,12.348
0.684,-7.298,13.477,-132.000,128.000,35.000,-61.473,-115.038,-193.473,12.962
0.682,-7.326,13.508,-133.000,128.000,25.000,-61.708,-115.306,-194.708,12.694
0.682,-7.361,13.527,-132.000,128.000,31.000,-62.012,-115.479,-194.012,12.521
0.683,-7.398,13.554,-131.000,128.000,27.000,-62.324,-115.721,-193.324,12.279
0.683,-7.435,13.595,-130.000,128.000,30.000,-62.640,-116.082,-192.640,11.918
0.681,-7.468,13.655,-129.000,128.000,33.000,-62.918,-116.616,-191.918,11.384
0.683,-7.503,13.726,-131.000,128.000,32.000,-63.219,-117.241,-194.219,10.759
0.684,-7.528,13.785,-131.000,128.000,35.000,-63.436,-117.764,-194.436,10.236
0.682,-7.549,13.823,-131.000,128.000,33.000,-63.611,-118.100,-194.611,9.900
0.681,-7.592,13.837,-129.000,128.000,27.000,-63.975,-118.230,-192.975,9.770
0.681,-7.656,13.831,-129.000,128.000,23.000,-64.521,-118.173,-193.521,9.827
0.682,-7.724,13.812,-129.000,128.000,26.000,-65.104,-118.002,-194.104,9.998
0.683,-7.775,13.786,-128.000,128.000,25.000,-65.541,-117.772,-193.541,10.228
0.682,-7.810,13.762,-128.000,129.000,32.000,-65.837,-117.565,-193.837,11.435
0.680,-7.836,13.748,-128.000,129.000,33.000,-66.060,-117.440,-194.060,11.560
0.683,-7.859,13.739,-128.000,129.000,39.000,-66.255,-117.357,-194.255,11.643
0.683,-7.880,13.739,-128.000,128.000,24.000,-66.439,-117.356,-194.439,10.644
0.683,-7.905,13.753,-129.000,128.000,28.000,-66.647,-117.486,-195.647,10.514
0.683,-7.943,13.776,-127.000,128.000,29.000,-66.969,-117.683,-193.969,10.317
0.686,-7.982,13.779,-127.000,128.000,30.000,-67.307,-117.709,-194.307,10.291
0.684,-8.035,13.750,-127.000,128.000,29.000,-67.755,-117.459,-194.755,10.541
0.684,-8.098,13.692,-127.000,128.000,36.000,-68.297,-116.943,-195.297,11.057
0.683,-8.164,13.611,-127.000,128.000,34.000,-68.861,-116.222,-195.861,11.778
0.686,-8.220,13.523,-127.000,128.000,27.000,-69.341,-115.446,-196.341,12.554
0.688,-8.251,13.436,-127.000,127.000,28.000,-69.605,-114.675,-196.605,12.325
0.691,-8.266,13.369,-127.000,127.000,28.000,-69.736,-114.078,-196.736,12.922
0.686,-8.266,13.334,-127.000,127.000,27.000,-69.735,-113.765,-196.735,13.235
0.682,-8.246,13.323,-126.000,127.000,35.000,-69.563,-113.670,-195.563,13.330
0.684,-8.194,13.315,-126.000,127.000,36.000,-69.114,-113.598,-195.114,13.402
0.684,-8.119,13.309,-127.000,127.000,34.000,-68.480,-113.550,-195.480,13.450
0.685,-8.049,13.311,-127.000,127.000,30.000,-67.879,-113.566,-194.879,13.434
0.686,-7.986,13.310,-127.000,125.000,32.000,-67.337,-113.559,-194.337,11.441
0.688,-7.919,13.293,-127.000,125.000,27.000,-66.764,-113.408,-193.764,11.592
0.686,-7.834,13.241,-127.000,125.000,28.000,-66.044,-112.942,-193.044,12.058
0.685,-7.729,13.142,-127.000,125.000,29.000,-65.148,-112.072,-192.148,12.928
0.685,-7.610,12.992,-129.000,127.000,39.000,-64.131,-110.747,-193.131,16.253
0.687,-7.492,12.807,-129.000,125.000,38.000,-63.124,-109.116,-192.124,15.884
0.686,-7.381,12.606,-131.000,120.000,40.000,-62.182,-107.342,-193.182,12.658
0.688,-7.263,12.387,-133.000,120.000,27.000,-61.177,-105.421,-194.177,14.579
0.689,-7.129,12.148,-133.000,120.000,27.000,-60.030,-103.320,-193.030,16.680
0.689,-6.970,11.910,-133.000,119.000,29.000,-58.679,-101.243,-191.679,17.757
0.687,-6.784,11.666,-134.000,119.000,27.000,-57.104,-99.110,-191.104,19.890
0.688,-6.569,11.430,-135.000,118.000,34.000,-55.273,-97.050,-190.273,20.950
0.690,-6.339,11.213,-136.000,114.000,39.000,-53.322,-95.152,-189.322,18.848
0.689,-6.101,11.016,-136.000,107.000,39.000,-51.302,-93.441,-187.302,13.559
0.690,-5.846,10.843,-138.000,107.000,30.000,-49.145,-91.935,-187.145,15.065
0.690,-5.570,10.683,-139.000,105.000,32.000,-46.812,-90.545,-185.812,14.455
0.692,-5.289,10.523,-139.000,104.000,29.000,-44.437,-89.164,-183.437,14.836
0.689,-4.998,10.339,-142.000,104.000,32.000,-41.977,-87.569,-183.977,16.431
0.689,-4.698,10.098,-143.000,104.000,39.000,-39.446,-85.480,-182.446,18.520
0.692,-4.416,9.792,-151.000,103.000,39.000,-37.067,-82.841,-188.067,20.159
0.694,-4.190,9.445,-156.000,101.000,43.000,-35.161,-79.848,-191.161,21.152
0.694,-3.997,9.072,-157.000,100.000,38.000,-33.543,-76.647,-190.543,23.353
0.691,-3.817,8.715,-157.000,97.000,38.000,-32.023,-73.581,-189.023,23.419
0.693,-3.640,8.395,-158.000,94.000,41.000,-30.537,-70.840,-188.537,23.160
0.691,-3.448,8.109,-160.000,87.000,41.000,-28.922,-68.387,-188.922,18.613
0.693,-3.236,7.868,-163.000,85.000,44.000,-27.139,-66.331,-190.139,18.669
0.694,-3.018,7.683,-163.000,84.000,40.000,-25.311,-64.749,-188.311,19.251
0.696,-2.813,7.537,-164.000,84.000,49.000,-23.585,-63.505,-187.585,20.495
0.695,-2.634,7.424,-165.000,83.000,38.000,-22.080,-62.544,-187.080,20.456
0.694,-2.482,7.325,-165.000,83.000,39.000,-20.808,-61.705,-185.808,21.295
0.696,-2.343,7.230,-166.000,82.000,40.000,-19.639,-60.894,-185.639,21.106
0.696,-2.211,7.122,-170.000,81.000,38.000,-18.529,-59.975,-188.529,21.025
0.697,-2.075,6.991,-173.000,79.000,46.000,-17.387,-58.863,-190.387,20.137
0.698,-1.925,6.834,-176.000,78.000,47.000,-16.130,-57.521,-192.130,20.479
0.698,-1.772,6.670,-177.000,78.000,48.000,-14.848,-56.132,-191.848,21.868
0.698,-1.647,6.529,-178.000,76.000,47.000,-13.806,-54.936,-191.806,21.064
0.700,-1.537,6.385,-178.000,76.000,43.000,-12.881,-53.713,-190.881,22.287
0.702,-1.415,6.221,-178.000,75.000,41.000,-11.856,-52.327,-189.856,22.673
0.703,-1.283,6.052,-179.000,74.000,41.000,-10.748,-50.892,-189.748,23.108
0.698,-1.143,5.881,-179.000,74.000,44.000,-9.574,-49.439,-188.574,24.561
0.697,-0.976,5.703,-180.000,71.000,49.000,-8.174,-47.935,-188.174,23.065
0.699,-0.790,5.529,-180.000,71.000,47.000,-6.616,-46.464,-186.616,24.536
0.699,-0.608,5.372,-184.000,66.000,49.000,-5.091,-45.137,-189.091,20.863
0.700,-0.436,5.222,-187.000,62.000,41.000,-3.649,-43.871,-190.649,18.129
0.698,-0.258,5.058,-188.000,61.000,44.000,-2.163,-42.485,-190.163,18.515
0.698,-0.083,4.861,-190.000,61.000,45.000,-0.694,-40.818,-190.694,20.182
0.701,0.092,4.626,-190.000,60.000,45.000,0.769,-38.836,-189.231,21.164
0.700,0.260,4.363,-191.000,59.000,46.000,2.176,-36.623,-188.824,22.377
0.702,0.419,4.094,-194.000,54.000,56.000,3.508,-34.360,-190.492,19.640
0.702,0.567,3.788,-195.000,48.000,50.000,4.751,-31.783,-190.249,16.217
0.700,0.712,3.442,-197.000,46.000,49.000,5.963,-28.871,-191.037,17.129
0.701,0.846,3.057,-199.000,45.000,47.000,7.090,-25.637,-191.910,19.363
0.703,0.968,2.629,-201.000,42.000,51.000,8.107,-22.041,-192.893,19.959
0.703,1.073,2.171,-201.000,36.000,56.000,8.991,-18.200,-192.009,17.800
0.704,1.181,1.713,-201.000,32.000,50.000,9.894,-14.356,-191.106,17.644
0.703,1.313,1.306,-205.000,29.000,60.000,11.006,-10.941,-193.994,18.059
0.704,1.465,0.995,-204.000,28.000,55.000,12.279,-8.335,-191.721,19.665
0.702,1.626,0.766,-205.000,24.000,50.000,13.625,-6.421,-191.375,17.579
0.705,1.775,0.585,-208.000,20.000,54.000,14.873,-4.900,-193.127,15.100
0.703,1.907,0.425,-210.000,18.000,54.000,15.979,-3.559,-194.021,14.441
0.701,2.022,0.273,-211.000,17.000,53.000,16.944,-2.288,-194.056,14.712
0.701,2.123,0.094,-211.000,16.000,56.000,17.795,-0.788,-193.205,15.212
0.705,2.216,-0.126,-211.000,15.000,61.000,18.578,1.055,-192.422,16.055
0.705,2.307,-0.398,-212.000,14.000,64.000,19.341,3.335,-192.659,17.335
0.703,2.374,-0.707,-212.000,13.000,51.000,19.903,5.925,-192.097,18.925
0.703,2.402,-1.020,-212.000,10.000,55.000,20.134,8.548,-191.866,18.548
0.703,2.416,-1.322,-212.000,7.000,55.000,20.248,11.073,-191.752,18.073
0.709,2.452,-1.618,-212.000,3.000,62.000,20.553,13.559,-191.447,16.559
0.711,2.527,-1.891,-215.000,1.000,54.000,21.181,15.847,-193.819,16.847
0.707,2.645,-2.120,-215.000,-1.000,55.000,22.172,17.765,-192.828,16.765
0.705,2.789,-2.253,-215.000,-3.000,59.000,23.383,18.881,-191.617,15.881
0.702,2.954,-2.307,-217.000,-3.000,62.000,24.765,19.336,-192.235,16.336
0.702,3.145,-2.325,-218.000,-4.000,54.000,26.370,19.485,-191.630,15.485
0.703,3.345,-2.331,-220.000,-4.000,62.000,28.052,19.540,-191.948,15.540
0.700,3.517,-2.334,-221.000,-4.000,59.000,29.505,19.562,-191.495,15.562
0.700,3.671,-2.354,-223.000,-4.000,58.000,30.798,19.731,-192.202,15.731
0.701,3.824,-2.400,-225.000,-4.000,60.000,32.080,20.120,-192.920,16.120
0.704,3.983,-2.483,-229.000,-5.000,66.000,33.420,20.811,-195.580,15.811
0.703,4.149,-2.599,-230.000,-6.000,69.000,34.824,21.792,-195.176,15.792
0.703,4.306,-2.728,-231.000,-6.000,57.000,36.145,22.872,-194.855,16.872
0.701,4.444,-2.860,-231.000,-7.000,59.000,37.305,23.977,-193.695,16.977
0.702,4.557,-2.989,-232.000,-9.000,62.000,38.254,25.060,-193.746,16.060
0.703,4.651,-3.120,-233.000,-10.000,60.000,39.046,26.167,-193.954,16.167
0.703,4.733,-3.253,-233.000,-12.000,66.000,39.745,27.282,-193.255,15.282
0.711,4.808,-3.387,-234.000,-12.000,64.000,40.374,28.408,-193.626,16.408
0.705,4.852,-3.511,-235.000,-13.000,67.000,40.742,29.448,-194.258,16.448
0.703,4.875,-3.637,-236.000,-13.000,63.000,40.938,30.507,-195.062,17.507
0.704,4.898,-3.759,-235.000,-14.000,63.000,41.130,31.536,-193.870,17.536
0.702,4.933,-3.860,-235.000,-15.000,69.000,41.426,32.386,-193.574,17.386
0.704,4.973,-3.939,-235.000,-15.000,68.000,41.765,33.055,-193.235,18.055
0.703,5.004,-4.008,-235.000,-18.000,63.000,42.027,33.635,-192.973,15.635
0.703,5.021,-4.065,-236.000,-20.000,65.000,42.174,34.113,-193.826,14.113
0.707,5.025,-4.107,-236.000,-20.000,71.000,42.205,34.468,-193.795,14.468
0.707,5.016,-4.137,-236.000,-21.000,60.000,42.130,34.722,-193.870,13.722
0.711,4.997,-4.151,-236.000,-21.000,62.000,41.973,34.839,-194.027,13.839
0.706,4.967,-4.129,-236.000,-21.000,57.000,41.719,34.655,-194.281,13.655
0.703,4.928,-4.076,-236.000,-21.000,64.000,41.386,34.208,-194.614,13.208
0.706,4.889,-4.012,-236.000,-21.000,71.000,41.060,33.665,-194.940,12.665
0.704,4.840,-3.935,-236.000,-20.000,66.000,40.646,33.017,-195.354,13.017
0.704,4.778,-3.835,-236.000,-18.000,67.000,40.118,32.175,-195.882,14.175
0.704,4.704,-3.727,-236.000,-18.000,62.000,39.500,31.268,-196.500,13.268
0.702,4.618,-3.635,-234.000,-18.000,58.000,38.768,30.496,-195.232,12.496
0.700,4.531,-3.574,-233.000,-17.000,57.000,38.039,29.982,-194.961,12.982
0.708,4.443,-3.538,-233.000,-16.000,64.000,37.294,29.674,-195.706,13.674
0.706,4.347,-3.508,-232.000,-16.000,60.000,36.484,29.421,-195.516,13.421
0.706,4.248,-3.471,-232.000,-16.000,64.000,35.657,29.113,-196.343,13.113
0.705,4.165,-3.417,-232.000,-16.000,63.000,34.955,28.660,-197.045,12.660
0.705,4.100,-3.331,-231.000,-16.000,66.000,34.407,27.940,-196.593,11.940
0.702,4.041,-3.197,-230.000,-15.000,63.000,33.908,26.808,-196.092,11.808
0.699,3.964,-3.019,-228.000,-15.000,60.000,33.265,25.313,-194.735,10.313
0.700,3.866,-2.814,-228.000,-13.000,59.000,32.439,23.594,-195.561,10.594
0.701,3.765,-2.608,-229.000,-13.000,57.000,31.584,21.866,-197.416,8.866
0.705,3.659,-2.412,-228.000,-9.000,63.000,30.695,20.223,-197.305,11.223
0.702,3.532,-2.215,-223.000,-5.000,61.000,29.628,18.568,-193.372,13.568
0.701,3.380,-1.994,-222.000,-4.000,64.000,28.350,16.712,-193.650,12.712
0.701,3.231,-1.754,-222.000,-2.000,56.000,27.094,14.698,-194.906,12.698
0.703,3.099,-1.513,-220.000,0.000,53.000,25.989,12.679,-194.011,12.679
0.699,2.982,-1.263,-220.000,2.000,57.000,25.002,10.586,-194.998,12.586
0.699,2.859,-0.985,-219.000,4.000,54.000,23.973,8.256,-195.027,12.256
0.699,2.716,-0.675,-218.000,5.000,60.000,22.767,5.655,-195.233,10.655
0.701,2.562,-0.335,-215.000,12.000,56.000,21.474,2.808,-193.526,14.808
0.699,2.404,0.026,-214.000,14.000,53.000,20.155,-0.215,-193.845,13.785
0.700,2.258,0.411,-212.000,15.000,60.000,18.926,-3.441,-193.074,11.559
0.698,2.130,0.809,-209.000,18.000,53.000,17.855,-6.775,-191.145,11.225
0.701,2.023,1.199,-209.000,21.000,56.000,16.953,-10.046,-192.047,10.954
0.698,1.926,1.584,-208.000,26.000,53.000,16.139,-13.270,-191.861,12.730
0.697,1.825,1.939,-208.000,28.000,57.000,15.295,-16.254,-192.705,11.746
0.698,1.708,2.274,-208.000,29.000,59.000,14.316,-19.062,-193.684,9.938
0.699,1.563,2.586,-207.000,32.000,57.000,13.097,-21.678,-193.903,10.322
0.700,1.376,2.879,-204.000,38.000,46.000,11.533,-24.137,-192.467,13.863
0.697,1.161,3.133,-202.000,43.000,50.000,9.726,-26.270,-192.274,16.730
0.699,0.920,3.358,-201.000,44.000,47.000,7.709,-28.161,-193.291,15.839
0.700,0.663,3.551,-199.000,44.000,49.000,5.552,-29.783,-193.448,14.217
0.698,0.401,3.727,-198.000,45.000,50.000,3.363,-31.269,-194.637,13.731
0.697,0.131,3.905,-193.000,48.000,55.000,1.101,-32.763,-191.899,15.237
0.696,-0.148,4.108,-189.000,51.000,54.000,-1.238,-34.476,-190.238,16.524
0.696,-0.438,4.368,-186.000,53.000,50.000,-3.673,-36.665,-189.673,16.335
0.695,-0.710,4.685,-185.000,54.000,44.000,-5.947,-39.334,-190.947,14.666
0.696,-0.937,5.047,-185.000,57.000,45.000,-7.855,-42.390,-192.855,14.610
0.694,-1.138,5.442,-182.000,62.000,44.000,-9.532,-45.725,-191.532,16.275
0.693,-1.328,5.828,-179.000,68.000,49.000,-11.124,-48.996,-190.124,19.004
0.694,-1.521,6.197,-178.000,70.000,46.000,-12.746,-52.120,-190.746,17.880
0.694,-1.725,6.532,-176.000,72.000,44.000,-14.452,-54.964,-190.452,17.036
0.693,-1.943,6.814,-175.000,75.000,47.000,-16.285,-57.358,-191.285,17.642
0.693,-2.186,7.044,-173.000,79.000,40.000,-18.320,-59.313,-191.320,19.687
0.692,-2.456,7.234,-171.000,80.000,43.000,-20.587,-60.927,-191.587,19.073
0.692,-2.753,7.409,-167.000,83.000,40.000,-23.085,-62.415,-190.085,20.585
0.692,-3.062,7.594,-166.000,84.000,39.000,-25.673,-63.999,-191.673,20.001
0.690,-3.358,7.794,-164.000,86.000,43.000,-28.163,-65.700,-192.163,20.300
0.691,-3.621,7.989,-163.000,86.000,48.000,-30.373,-67.366,-193.373,18.634
0.692,-3.828,8.152,-158.000,86.000,45.000,-32.119,-68.762,-190.119,17.238
0.693,-3.998,8.296,-156.000,87.000,34.000,-33.550,-69.992,-189.550,17.008
0.691,-4.160,8.443,-154.000,91.000,35.000,-34.912,-71.252,-188.912,19.748
0.692,-4.326,8.604,-154.000,91.000,33.000,-36.307,-72.626,-190.307,18.374
0.693,-4.473,8.764,-153.000,92.000,36.000,-37.548,-73.999,-190.548,18.001
0.690,-4.584,8.921,-151.000,94.000,40.000,-38.485,-75.350,-189.485,18.650
0.691,-4.677,9.097,-150.000,94.000,45.000,-39.268,-76.859,-189.268,17.141
0.692,-4.782,9.317,-150.000,96.000,40.000,-40.155,-78.750,-190.155,17.250
0.690,-4.892,9.571,-150.000,101.000,44.000,-41.084,-80.938,-191.084,20.062
0.687,-5.005,9.838,-150.000,102.000,33.000,-42.033,-83.240,-192.033,18.760
0.689,-5.110,10.111,-148.000,107.000,30.000,-42.921,-85.597,-190.921,21.403
0.690,-5.216,10.393,-147.000,108.000,29.000,-43.821,-88.039,-190.821,19.961
0.689,-5.312,10.660,-147.000,108.000,30.000,-44.632,-90.349,-191.632,17.651
0.688,-5.381,10.859,-146.000,110.000,34.000,-45.215,-92.078,-191.215,17.922
0.691,-5.448,10.991,-145.000,110.000,43.000,-45.780,-93.229,-190.780,16.771
0.690,-5.527,11.065,-145.000,110.000,36.000,-46.450,-93.870,-191.450,16.130
0.690,-5.640,11.116,-144.000,113.000,29.000,-47.399,-94.310,-191.399,18.690
0.688,-5.802,11.173,-143.000,125.000,29.000,-48.771,-94.807,-191.771,30.193
0.689,-6.001,11.245,-140.000,125.000,28.000,-50.462,-95.438,-190.462,29.562
0.689,-6.197,11.314,-140.000,126.000,27.000,-52.122,-96.032,-192.122,29.968
0.689,-6.350,11.396,-139.000,127.000,34.000,-53.420,-96.753,-192.420,30.247
0.689,-6.468,11.497,-139.000,127.000,38.000,-54.418,-97.630,-193.418,29.370
0.690,-6.568,11.604,-139.000,127.000,38.000,-55.266,-98.562,-194.266,28.438
0.689,-6.656,11.708,-139.000,127.000,25.000,-56.015,-99.475,-195.015,27.525
0.688,-6.731,11.809,-138.000,130.000,29.000,-56.649,-100.354,-194.649,29.646
0.688,-6.817,11.922,-138.000,130.000,33.000,-57.379,-101.342,-195.379,28.658
0.689,-6.901,12.040,-138.000,130.000,28.000,-58.097,-102.376,-196.097,27.624
0.691,-6.956,12.156,-138.000,130.000,38.000,-58.565,-103.392,-196.565,26.608
0.691,-6.975,12.257,-138.000,131.000,33.000,-58.725,-104.279,-196.725,26.721
0.688,-6.993,12.357,-133.000,129.000,36.000,-58.875,-105.159,-191.875,23.841
0.688,-7.039,12.465,-129.000,129.000,32.000,-59.271,-106.108,-188.271,22.892
0.687,-7.122,12.577,-129.000,133.000,29.000,-59.976,-107.093,-188.976,25.907
0.687,-7.222,12.684,-129.000,135.000,30.000,-60.825,-108.035,-189.825,26.965
0.686,-7.313,12.775,-128.000,135.000,29.000,-61.601,-108.836,-189.601,26.164
0.689,-7.384,12.845,-127.000,135.000,36.000,-62.203,-109.447,-189.203,25.553
0.689,-7.462,12.887,-126.000,135.000,39.000,-62.870,-109.817,-188.870,25.183
0.690,-7.570,12.915,-126.000,135.000,35.000,-63.790,-110.065,-189.790,24.935
0.686,-7.681,12.934,-125.000,135.000,41.000,-64.739,-110.236,-189.739,24.764
0.689,-7.759,12.953,-125.000,135.000,27.000,-65.403,-110.406,-190.403,24.594
0.687,-7.792,12.972,-124.000,135.000,29.000,-65.680,-110.568,-189.680,24.432
0.686,-7.809,13.013,-124.000,135.000,26.000,-65.831,-110.931,-189.831,24.069
0.686,-7.835,13.086,-124.000,135.000,31.000,-66.050,-111.574,-190.050,23.426
0.684,-7.866,13.182,-124.000,135.000,32.000,-66.314,-112.428,-190.314,22.572
0.685,-7.884,13.290,-125.000,135.000,32.000,-66.468,-113.382,-191.468,21.618
0.685,-7.879,13.409,-125.000,135.000,35.000,-66.423,-114.431,-191.423,20.569
0.682,-7.859,13.526,-125.000,135.000,24.000,-66.257,-115.470,-191.257,19.530
0.683,-7.826,13.613,-125.000,135.000,25.000,-65.977,-116.241,-190.977,18.759
0.686,-7.782,13.654,-125.000,136.000,29.000,-65.599,-116.601,-190.599,19.399
0.685,-7.755,13.668,-125.000,136.000,28.000,-65.365,-116.723,-190.365,19.277
0.686,-7.743,13.652,-125.000,141.000,33.000,-65.267,-116.587,-190.267,24.413
0.685,-7.736,13.607,-125.000,143.000,37.000,-65.208,-116.182,-190.208,26.818
0.685,-7.726,13.536,-125.000,143.000,34.000,-65.120,-115.558,-190.120,27.442
0.685,-7.713,13.447,-124.000,142.000,31.000,-65.011,-114.770,-189.011,27.230
0.685,-7.697,13.340,-124.000,142.000,28.000,-64.872,-113.819,-188.872,28.181
0.685,-7.673,13.230,-125.000,142.000,32.000,-64.667,-112.848,-189.667,29.152
0.686,-7.661,13.152,-125.000,142.000,28.000,-64.567,-112.157,-189.567,29.843
0.691,-7.645,13.114,-125.000,142.000,34.000,-64.430,-111.824,-189.430,30.176
0.687,-7.596,13.114,-124.000,142.000,35.000,-64.007,-111.823,-188.007,30.177
0.687,-7.500,13.146,-125.000,142.000,36.000,-63.192,-112.108,-188.192,29.892
0.686,-7.383,13.207,-125.000,142.000,31.000,-62.196,-112.645,-187.196,29.355
0.684,-7.266,13.264,-127.000,142.000,34.000,-61.202,-113.150,-188.202,28.850
0.686,-7.164,13.301,-127.000,142.000,30.000,-60.328,-113.475,-187.328,28.525
0.684,-7.092,13.317,-128.000,142.000,28.000,-59.715,-113.622,-187.715,28.378
0.684,-7.039,13.310,-128.000,142.000,31.000,-59.264,-113.555,-187.264,28.445
0.684,-6.968,13.248,-128.000,142.000,36.000,-58.663,-113.008,-186.663,28.992
0.685,-6.879,13.139,-128.000,142.000,36.000,-57.904,-112.044,-185.904,29.956
0.684,-6.786,13.002,-128.000,142.000,36.000,-57.117,-110.831,-185.117,31.169
0.686,-6.692,12.855,-128.000,142.000,27.000,-56.316,-109.540,-184.316,32.460
0.686,-6.578,12.701,-129.000,142.000,37.000,-55.355,-108.179,-184.355,33.821
0.686,-6.432,12.530,-129.000,142.000,32.000,-54.109,-106.675,-183.109,35.325
0.688,-6.241,12.326,-129.000,141.000,32.000,-52.495,-104.888,-181.495,36.112
0.688,-6.019,12.090,-129.000,141.000,33.000,-50.612,-102.812,-179.612,38.188
0.687,-5.782,11.834,-134.000,133.000,36.000,-48.602,-100.575,-182.602,32.425
0.687,-5.543,11.588,-139.000,130.000,40.000,-46.578,-98.426,-185.578,31.574
0.688,-5.292,11.353,-139.000,129.000,26.000,-44.458,-96.372,-183.458,32.628
0.689,-5.018,11.132,-140.000,128.000,31.000,-42.146,-94.449,-182.146,33.551
0.688,-4.716,10.930,-141.000,128.000,28.000,-39.595,-92.697,-180.595,35.303
0.691,-4.380,10.736,-147.000,127.000,32.000,-36.763,-91.012,-183.763,35.988
0.689,-4.024,10.559,-152.000,125.000,33.000,-33.764,-89.476,-185.764,35.524
0.690,-3.662,10.391,-153.000,125.000,38.000,-30.724,-88.022,-183.724,36.978
0.692,-3.309,10.228,-156.000,124.000,45.000,-27.749,-86.609,-183.749,37.391
0.691,-2.982,10.071,-157.000,123.000,33.000,-25.008,-85.252,-182.008,37.748
0.694,-2.700,9.907,-157.000,123.000,34.000,-22.636,-83.834,-179.636,39.166
0.693,-2.457,9.716,-163.000,123.000,33.000,-20.599,-82.188,-183.599,40.812
0.693,-2.240,9.466,-167.000,123.000,33.000,-18.775,-80.033,-185.775,42.967
0.693,-2.042,9.156,-169.000,120.000,43.000,-17.115,-77.363,-186.115,42.637
0.695,-1.841,8.828,-169.000,118.000,42.000,-15.429,-74.546,-184.429,43.454
0.695,-1.639,8.516,-170.000,118.000,46.000,-13.731,-71.876,-183.731,46.124
0.692,-1.415,8.246,-170.000,115.000,46.000,-11.854,-69.561,-181.854,45.439
0.692,-1.152,8.001,-171.000,111.000,41.000,-9.654,-67.468,-180.654,43.532
0.693,-0.848,7.776,-173.000,104.000,37.000,-7.105,-65.544,-180.105,38.456
0.693,-0.528,7.571,-175.000,104.000,42.000,-4.425,-63.795,-179.425,40.205
0.693,-0.216,7.394,-176.000,103.000,46.000,-1.808,-62.292,-177.808,40.708
0.692,0.086,7.244,-178.000,101.000,46.000,0.724,-61.010,-177.276,39.990
0.695,0.375,7.095,-182.000,100.000,51.000,3.141,-59.744,-178.859,40.256
0.697,0.635,6.935,-188.000,98.000,45.000,5.319,-58.386,-182.681,39.614
0.697,0.858,6.752,-190.000,97.000,40.000,7.185,-56.830,-182.815,40.170
0.697,1.053,6.531,-191.000,96.000,38.000,8.822,-54.956,-182.178,41.044
0.698,1.238,6.263,-191.000,93.000,42.000,10.371,-52.677,-180.629,40.323
0.696,1.431,5.951,-192.000,92.000,45.000,11.993,-50.031,-180.007,41.969
0.697,1.622,5.603,-192.000,90.000,46.000,13.592,-47.088,-178.408,42.912
0.697,1.817,5.249,-192.000,89.000,48.000,15.223,-44.098,-176.777,44.902
0.698,2.028,4.913,-196.000,81.000,56.000,16.994,-41.259,-179.006,39.741
0.699,2.271,4.596,-198.000,77.000,41.000,19.032,-38.587,-178.968,38.413
0.697,2.554,4.306,-201.000,76.000,45.000,21.408,-36.139,-179.592,39.861
0.697,2.841,4.054,-203.000,75.000,45.000,23.820,-34.020,-179.180,40.980
0.697,3.095,3.810,-204.000,73.000,52.000,25.957,-31.968,-178.043,41.032
0.698,3.304,3.561,-206.000,71.000,53.000,27.707,-29.868,-178.293,41.132
0.698,3.461,3.301,-212.000,65.000,55.000,29.031,-27.684,-182.969,37.316
0.699,3.581,3.037,-213.000,63.000,54.000,30.038,-25.464,-182.962,37.536
0.700,3.680,2.779,-213.000,61.000,61.000,30.872,-23.301,-182.128,37.699
0.702,3.763,2.529,-214.000,60.000,48.000,31.566,-21.203,-182.434,38.797
0.701,3.834,2.290,-215.000,58.000,52.000,32.164,-19.196,-182.836,38.804
0.702,3.894,2.051,-215.000,56.000,51.000,32.669,-17.186,-182.331,38.814
0.702,3.947,1.802,-215.000,54.000,50.000,33.119,-15.105,-181.881,38.895
0.700,3.981,1.531,-215.000,49.000,52.000,33.407,-12.829,-181.593,36.171
0.701,3.998,1.232,-215.000,46.000,56.000,33.552,-10.322,-181.448,35.678
0.702,4.012,0.935,-214.000,45.000,64.000,33.662,-7.836,-180.338,37.164
0.705,4.050,0.658,-214.000,44.000,53.000,33.989,-5.517,-180.011,38.483
0.703,4.126,0.413,-215.000,42.000,53.000,34.622,-3.459,-180.378,38.541
0.703,4.225,0.211,-216.000,37.000,54.000,35.456,-1.766,-180.544,35.234
0.703,4.360,0.035,-217.000,35.000,57.000,36.595,-0.293,-180.405,34.707
0.703,4.530,-0.126,-218.000,34.000,61.000,38.033,1.059,-179.967,35.059
0.702,4.719,-0.281,-220.000,32.000,65.000,39.625,2.355,-180.375,34.355
0.699,4.902,-0.425,-221.000,30.000,64.000,41.168,3.562,-179.832,33.562
0.701,5.062,-0.567,-222.000,30.000,59.000,42.519,4.752,-179.481,34.752
0.700,5.179,-0.730,-223.000,29.000,54.000,43.504,6.113,-179.496,35.113
0.701,5.245,-0.906,-223.000,27.000,57.000,44.066,7.587,-178.934,34.587
0.702,5.267,-1.081,-223.000,26.000,58.000,44.246,9.058,-178.754,35.058
0.701,5.253,-1.265,-224.000,21.000,60.000,44.127,10.598,-179.873,31.598
0.703,5.196,-1.450,-225.000,19.000,62.000,43.652,12.146,-181.348,31.146
0.704,5.098,-1.645,-225.000,16.000,70.000,42.822,13.782,-182.178,29.782
0.704,4.974,-1.850,-224.000,15.000,62.000,41.774,15.501,-182.226,30.501
0.702,4.839,-2.044,-223.000,15.000,60.000,40.636,17.134,-182.364,32.134
0.702,4.697,-2.213,-222.000,13.000,64.000,39.440,18.550,-182.560,31.550
0.702,4.545,-2.343,-220.000,11.000,60.000,38.158,19.638,-181.842,30.638
0.702,4.397,-2.444,-220.000,11.000,61.000,36.910,20.486,-183.090,31.486
0.705,4.244,-2.507,-220.000,10.000,70.000,35.623,21.020,-184.377,31.020
0.703,4.079,-2.550,-216.000,6.000,65.000,34.231,21.375,-181.769,27.375
0.704,3.900,-2.593,-213.000,6.000,64.000,32.723,21.742,-180.277,27.742
0.703,3.715,-2.664,-212.000,6.000,56.000,31.163,22.331,-180.837,28.331
0.703,3.514,-2.755,-211.000,5.000,63.000,29.472,23.097,-181.528,28.097
0.699,3.284,-2.861,-208.000,3.000,63.000,27.544,23.989,-180.456,26.989
0.700,3.032,-2.989,-206.000,2.000,62.000,25.428,25.065,-180.572,27.065
0.705,2.769,-3.128,-203.000,1.000,57.000,23.214,26.234,-179.786,27.234
0.708,2.491,-3.252,-198.000,0.000,68.000,20.878,27.270,-177.122,27.270
0.707,2.177,-3.368,-196.000,0.000,60.000,18.250,28.252,-177.750,28.252
0.704,1.809,-3.504,-195.000,-2.000,61.000,15.160,29.392,-179.840,27.392
0.705,1.408,-3.664,-194.000,-4.000,56.000,11.799,30.735,-182.201,26.735
0.709,0.989,-3.850,-189.000,-5.000,59.000,8.284,32.300,-180.716,27.300
0.702,0.571,-4.069,-182.000,-8.000,59.000,4.787,34.142,-177.213,26.142
0.702,0.175,-4.310,-178.000,-9.000,60.000,1.468,36.179,-176.532,27.179
0.700,-0.201,-4.537,-175.000,-11.000,59.000,-1.682,38.085,-176.682,27.085
0.703,-0.568,-4.734,-173.000,-12.000,59.000,-4.761,39.749,-177.761,27.749
0.701,-0.946,-4.914,-168.000,-12.000,54.000,-7.930,41.265,-175.930,29.265
0.698,-1.318,-5.073,-165.000,-14.000,58.000,-11.047,42.607,-176.047,28.607
0.698,-1.665,-5.221,-162.000,-16.000,53.000,-13.954,43.860,-175.954,27.860
0.698,-2.005,-5.363,-159.000,-17.000,55.000,-16.802,45.060,-175.802,28.060
0.698,-2.353,-5.519,-154.000,-18.000,62.000,-19.724,46.379,-173.724,28.379
0.702,-2.710,-5.690,-150.000,-20.000,57.000,-22.716,47.822,-172.716,27.822
0.710,-3.126,-5.891,-148.000,-20.000,61.000,-26.217,49.523,-174.217,29.523
0.708,-3.576,-6.124,-143.000,-22.000,58.000,-29.995,51.501,-172.995,29.501
0.705,-4.056,-6.382,-139.000,-24.000,56.000,-34.037,53.686,-173.037,29.686
0.701,-4.570,-6.632,-134.000,-26.000,55.000,-38.364,55.810,-172.364,29.810
0.700,-5.085,-6.888,-130.000,-28.000,53.000,-42.709,57.983,-172.708,29.983
0.700,-5.542,-7.161,-121.000,-28.000,51.000,-46.570,60.306,-167.570,32.306
0.700,-5.928,-7.398,-118.000,-31.000,61.000,-49.836,62.322,-167.836,31.322
0.701,-6.253,-7.555,-116.000,-33.000,62.000,-52.596,63.663,-168.596,30.663
0.701,-6.547,-7.610,-112.000,-33.000,60.000,-55.088,64.133,-167.088,31.133
0.700,-6.794,-7.543,-110.000,-33.000,54.000,-57.185,63.561,-167.185,30.561
0.703,-6.938,-7.353,-107.000,-33.000,52.000,-58.410,61.942,-165.410,28.942
0.698,-6.954,-7.051,-106.000,-32.000,59.000,-58.543,59.371,-164.543,27.371
0.699,-6.875,-6.631,-107.000,-30.000,51.000,-57.873,55.797,-164.873,25.797
0.700,-6.738,-6.147,-109.000,-29.000,49.000,-56.712,51.697,-165.712,22.697
0.697,-6.596,-5.646,-109.000,-24.000,66.000,-55.506,47.452,-164.506,23.452
0.697,-6.502,-5.172,-109.000,-16.000,58.000,-54.707,43.449,-163.707,27.449
0.698,-6.478,-4.779,-109.000,-14.000,58.000,-54.498,40.126,-163.498,26.126
0.697,-6.517,-4.492,-110.000,-13.000,55.000,-54.835,37.707,-164.835,24.707
0.698,-6.591,-4.311,-111.000,-10.000,54.000,-55.458,36.182,-166.458,26.182
0.697,-6.652,-4.199,-110.000,-7.000,51.000,-55.977,35.236,-165.977,28.236
0.696,-6.693,-4.064,-108.000,-6.000,57.000,-56.324,34.107,-164.324,28.107
0.697,-6.739,-3.853,-108.000,-4.000,57.000,-56.717,32.329,-164.717,28.329
0.697,-6.773,-3.562,-108.000,-2.000,64.000,-57.005,29.880,-165.005,27.880
0.697,-6.767,-3.192,-107.000,0.000,49.000,-56.957,26.770,-163.957,26.770
0.697,-6.715,-2.726,-107.000,1.000,49.000,-56.512,22.853,-163.512,23.853
0.696,-6.601,-2.168,-108.000,4.000,53.000,-55.550,18.175,-163.550,22.175
0.696,-6.458,-1.526,-108.000,13.000,52.000,-54.333,12.788,-162.333,25.788
0.695,-6.300,-0.820,-108.000,18.000,50.000,-52.991,6.873,-160.991,24.873
0.694,-6.146,-0.099,-112.000,24.000,54.000,-51.688,0.829,-163.688,24.829
0.694,-5.997,0.589,-114.000,30.000,55.000,-50.426,-4.937,-164.426,25.063
0.695,-5.838,1.206,-115.000,35.000,59.000,-49.079,-10.103,-164.079,24.897
0.696,-5.668,1.728,-115.000,40.000,49.000,-47.641,-14.484,-162.641,25.516
0.699,-5.481,2.181,-115.000,45.000,43.000,-46.061,-18.280,-161.061,26.720
0.699,-5.291,2.583,-118.000,48.000,48.000,-44.455,-21.654,-162.455,26.346
0.695,-5.136,2.938,-120.000,51.000,46.000,-43.140,-24.632,-163.140,26.368
0.694,-5.018,3.251,-121.000,56.000,50.000,-42.144,-27.267,-163.144,28.733
0.694,-4.934,3.528,-123.000,59.000,54.000,-41.440,-29.595,-164.440,29.405
0.693,-4.849,3.788,-123.000,60.000,53.000,-40.717,-31.783,-163.717,28.217
0.692,-4.735,4.077,-123.000,61.000,45.000,-39.756,-34.215,-162.756,26.785
0.692,-4.575,4.427,-125.000,64.000,48.000,-38.406,-37.165,-163.406,26.835
0.693,-4.365,4.843,-126.000,68.000,47.000,-36.635,-40.673,-162.635,27.327
0.693,-4.112,5.299,-128.000,73.000,43.000,-34.505,-44.516,-162.505,28.484
0.692,-3.812,5.788,-130.000,76.000,51.000,-31.986,-48.658,-161.986,27.342
0.690,-3.448,6.300,-132.000,80.000,51.000,-28.919,-52.995,-160.919,27.005
0.689,-3.031,6.817,-134.000,84.000,47.000,-25.417,-57.377,-159.417,26.623
0.689,-2.590,7.304,-137.000,86.000,40.000,-21.711,-61.521,-158.711,24.479
0.687,-2.150,7.762,-139.000,89.000,40.000,-18.022,-65.431,-157.022,23.569
0.687,-1.718,8.214,-139.000,93.000,40.000,-14.393,-69.287,-153.393,23.713
0.688,-1.292,8.656,-125.000,91.000,38.000,-10.828,-73.072,-135.828,17.928
0.688,-0.866,9.054,-122.000,92.000,42.000,-7.258,-76.485,-129.258,15.515
0.690,-0.462,9.381,-122.000,94.000,43.000,-3.868,-79.297,-125.868,14.703
0.688,-0.071,9.656,-123.000,94.000,39.000,-0.597,-81.672,-123.597,12.328
0.687,0.325,9.911,-128.000,100.000,41.000,2.723,-83.866,-125.277,16.134
0.689,0.726,10.191,-133.000,104.000,34.000,6.084,-86.291,-126.916,17.709
0.687,1.127,10.487,-136.000,105.000,31.000,9.445,-88.846,-126.555,16.154
0.684,1.519,10.760,-138.000,106.000,37.000,12.728,-91.216,-125.272,14.784
0.683,1.923,10.985,-139.000,106.000,33.000,16.117,-93.171,-122.883,12.829
0.685,2.346,11.157,-141.000,107.000,37.000,19.668,-94.669,-121.332,12.331
0.684,2.772,11.301,-149.000,114.000,41.000,23.239,-95.926,-125.761,18.074
0.682,3.198,11.433,-152.000,120.000,41.000,26.821,-97.069,-125.179,22.931
0.682,3.620,11.560,-153.000,120.000,24.000,30.371,-98.181,-122.629,21.819
0.686,4.007,11.653,-160.000,120.000,26.000,33.624,-98.991,-126.376,21.009
0.685,4.354,11.690,-167.000,122.000,31.000,36.543,-99.313,-130.457,22.687
0.682,4.653,11.731,-168.000,124.000,35.000,39.066,-99.678,-128.934,24.322
0.685,4.922,11.816,-169.000,125.000,35.000,41.340,-100.414,-127.660,24.586
0.685,5.187,11.966,-169.000,125.000,34.000,43.571,-101.729,-125.429,23.271
0.681,5.435,12.153,-170.000,127.000,45.000,45.671,-103.368,-124.329,23.632
0.683,5.662,12.345,-173.000,128.000,31.000,47.590,-105.055,-125.410,22.945
0.684,5.849,12.532,-180.000,127.000,35.000,49.171,-106.695,-130.829,20.305
0.684,5.988,12.670,-181.000,130.000,32.000,50.347,-107.913,-130.653,22.087
0.685,6.077,12.743,-182.000,132.000,28.000,51.098,-108.550,-130.902,23.450
0.687,6.097,12.740,-182.000,132.000,41.000,51.271,-108.525,-130.729,23.475
0.687,6.064,12.672,-183.000,132.000,35.000,50.992,-107.927,-132.008,24.073
0.686,6.002,12.557,-182.000,131.000,39.000,50.465,-106.917,-131.535,24.083
0.685,5.914,12.383,-182.000,129.000,33.000,49.724,-105.389,-132.276,23.611
0.686,5.783,12.145,-181.000,128.000,31.000,48.616,-103.296,-132.384,24.704
0.686,5.576,11.829,-180.000,126.000,34.000,46.859,-100.534,-133.141,25.466
0.689,5.274,11.422,-180.000,124.000,32.000,44.307,-96.977,-135.693,27.023
0.688,4.883,10.935,-176.000,123.000,33.000,41.003,-92.739,-134.997,30.261
0.690,4.447,10.389,-172.000,113.000,39.000,37.329,-88.004,-134.671,24.996
0.689,4.018,9.818,-171.000,108.000,40.000,33.718,-83.069,-137.282,24.931
0.690,3.609,9.271,-168.000,106.000,48.000,30.274,-78.351,-137.726,27.649
0.689,3.228,8.769,-166.000,104.000,38.000,27.072,-74.045,-138.928,29.955
0.692,2.877,8.317,-163.000,97.000,43.000,24.120,-70.173,-138.880,26.827
0.693,2.551,7.904,-162.000,93.000,37.000,21.384,-66.644,-140.616,26.356
0.693,2.249,7.523,-161.000,92.000,43.000,18.855,-63.391,-142.145,28.609
0.693,1.956,7.161,-161.000,92.000,42.000,16.396,-60.308,-144.604,31.692
0.693,1.655,6.782,-155.000,84.000,46.000,13.869,-57.082,-141.131,26.918
0.693,1.307,6.382,-150.000,80.000,51.000,10.948,-53.690,-139.052,26.310
0.695,0.917,5.958,-150.000,78.000,42.000,7.683,-50.096,-142.317,27.904
0.696,0.496,5.496,-148.000,73.000,36.000,4.152,-46.188,-143.848,26.812
0.695,0.049,4.977,-146.000,62.000,45.000,0.409,-41.801,-145.591,20.199
0.694,-0.404,4.419,-143.000,60.000,44.000,-3.386,-37.094,-146.386,22.906
0.697,-0.845,3.857,-138.000,51.000,52.000,-7.079,-32.363,-145.079,18.637
0.697,-1.248,3.302,-135.000,46.000,54.000,-10.461,-27.692,-145.461,18.308
0.698,-1.593,2.770,-134.000,42.000,51.000,-13.349,-23.224,-147.349,18.776
0.698,-1.897,2.268,-130.000,39.000,45.000,-15.899,-19.010,-145.899,19.990
0.699,-2.182,1.827,-125.000,33.000,47.000,-18.285,-15.308,-143.285,17.692
0.698,-2.466,1.448,-123.000,29.000,48.000,-20.669,-12.130,-143.669,16.870
0.699,-2.746,1.113,-123.000,25.000,52.000,-23.020,-9.328,-146.020,15.672
0.698,-3.016,0.785,-117.000,21.000,52.000,-25.291,-6.575,-142.291,14.425
0.700,-3.295,0.441,-114.000,18.000,58.000,-27.635,-3.696,-141.635,14.304
0.701,-3.580,0.084,-113.000,14.000,57.000,-30.034,-0.701,-143.034,13.299
0.699,-3.886,-0.286,-112.000,13.000,42.000,-32.606,2.400,-144.606,15.400
0.700,-4.199,-0.660,-110.000,10.000,47.000,-35.237,5.533,-145.237,15.533
0.701,-4.509,-1.050,-103.000,3.000,51.000,-37.852,8.794,-140.852,11.794
0.701,-4.831,-1.460,-102.000,1.000,51.000,-40.570,12.230,-142.570,13.230
0.704,-5.188,-1.878,-99.000,0.000,52.000,-43.584,15.741,-142.584,15.741
0.703,-5.578,-2.312,-94.000,-4.000,56.000,-46.879,19.379,-140.879,15.379
0.704,-5.969,-2.748,-89.000,-8.000,51.000,-50.191,23.041,-139.191,15.041
0.704,-6.344,-3.157,-86.000,-10.000,58.000,-53.362,26.472,-139.362,16.472
0.703,-6.685,-3.508,-83.000,-12.000,48.000,-56.256,29.423,-139.256,17.423
0.702,-6.968,-3.794,-81.000,-14.000,53.000,-58.666,31.835,-139.666,17.835
0.701,-7.161,-3.994,-81.000,-22.000,50.000,-60.310,33.511,-141.310,11.511
0.701,-7.216,-4.050,-80.000,-22.000,54.000,-60.770,33.985,-140.770,11.985
0.703,-7.110,-3.935,-80.000,-22.000,54.000,-59.873,33.014,-139.873,11.014
0.704,-6.865,-3.620,-80.000,-20.000,56.000,-57.786,30.371,-137.786,10.371
0.703,-6.498,-3.099,-82.000,-16.000,55.000,-54.669,25.990,-136.669,9.990
0.703,-5.998,-2.427,-86.000,-14.000,48.000,-50.436,20.341,-136.436,6.341
0.702,-5.406,-1.636,-89.000,-8.000,53.000,-45.424,13.710,-134.424,5.710
0.702,-4.760,-0.763,-94.000,0.000,53.000,-39.967,6.396,-133.967,6.396
0.702,-4.127,0.104,-99.000,10.000,52.000,-34.634,-0.871,-133.634,9.129
0.701,-3.569,0.875,-104.000,17.000,61.000,-29.938,-7.330,-133.938,9.670
0.700,-3.109,1.505,-112.000,21.000,60.000,-26.069,-12.608,-138.069,8.392
0.697,-2.750,1.993,-117.000,26.000,54.000,-23.053,-16.707,-140.053,9.293
0.698,-2.457,2.398,-119.000,27.000,45.000,-20.595,-20.103,-139.595,6.897
0.698,-2.175,2.784,-127.000,31.000,49.000,-18.226,-23.342,-145.226,7.658
0.697,-1.867,3.203,-132.000,35.000,46.000,-15.648,-26.860,-147.648,8.140
0.697,-1.499,3.687,-132.000,38.000,47.000,-12.562,-30.929,-144.562,7.071
0.696,-1.044,4.286,-135.000,43.000,52.000,-8.747,-35.972,-143.747,7.028
0.695,-0.503,4.998,-137.000,51.000,46.000,-4.213,-41.977,-141.213,9.023
0.692,0.071,5.789,-139.000,54.000,54.000,0.596,-48.661,-138.404,5.339
0.692,0.639,6.589,-145.000,60.000,41.000,5.355,-55.448,-139.645,4.552
0.692,1.157,7.295,-152.000,67.000,42.000,9.692,-61.444,-142.308,5.556
0.691,1.584,7.855,-153.000,71.000,35.000,13.270,-66.218,-139.730,4.782
0.693,1.899,8.267,-154.000,81.000,38.000,15.918,-69.740,-138.082,11.260
0.695,2.099,8.542,-157.000,83.000,46.000,17.594,-72.098,-139.406,10.902
0.693,2.207,8.718,-160.000,84.000,48.000,18.501,-73.605,-141.499,10.395
0.692,2.274,8.857,-161.000,85.000,45.000,19.057,-74.796,-141.943,10.204
0.691,2.328,9.008,-161.000,86.000,45.000,19.516,-76.090,-141.484,9.910
0.690,2.420,9.214,-161.000,89.000,35.000,20.284,-77.861,-140.716,11.139
0.692,2.596,9.492,-161.000,96.000,33.000,21.761,-80.252,-139.239,15.748
0.690,2.889,9.868,-164.000,97.000,36.000,24.225,-83.496,-139.775,13.504
0.689,3.312,10.378,-164.000,99.000,37.000,27.776,-87.906,-136.224,11.094
0.687,3.836,10.987,-167.000,106.000,39.000,32.186,-93.188,-134.814,12.812
0.687,4.392,11.638,-171.000,113.000,40.000,36.864,-98.862,-134.136,14.138
0.687,4.904,12.258,-172.000,115.000,36.000,41.188,-104.286,-130.812,10.714
0.684,5.333,12.796,-173.000,120.000,34.000,44.810,-109.019,-128.190,10.981
0.686,5.677,13.241,-175.000,129.000,31.000,47.717,-112.944,-127.283,16.056
0.685,5.945,13.607,-177.000,130.000,34.000,49.983,-116.190,-127.017,13.810
0.682,6.130,13.878,-179.000,130.000,31.000,51.554,-118.591,-127.446,11.409
0.685,6.216,14.028,-179.000,133.000,33.000,52.283,-119.924,-126.717,13.076
0.687,6.196,14.062,-179.000,137.000,36.000,52.109,-120.229,-126.891,16.771
0.686,6.102,14.002,-179.000,137.000,34.000,51.317,-119.693,-127.683,17.307
0.684,5.978,13.885,-179.000,139.000,30.000,50.260,-118.654,-128.740,20.346
0.684,5.838,13.743,-180.000,138.000,30.000,49.077,-117.394,-130.923,20.606
0.686,5.691,13.574,-179.000,136.000,30.000,47.833,-115.893,-131.167,20.107
0.686,5.510,13.353,-179.000,136.000,32.000,46.307,-113.937,-132.693,22.063
0.685,5.274,13.045,-178.000,136.000,41.000,44.308,-111.212,-133.692,24.788
0.687,4.986,12.627,-176.000,136.000,41.000,41.878,-107.533,-134.122,28.467
0.687,4.638,12.110,-175.000,128.000,40.000,38.936,-102.991,-136.064,25.009
0.688,4.211,11.507,-172.000,123.000,32.000,35.344,-97.719,-136.656,25.281
0.687,3.716,10.842,-170.000,119.000,27.000,31.177,-91.931,-138.823,27.069
0.689,3.184,10.140,-169.000,108.000,33.000,26.704,-85.849,-142.296,22.151
0.691,2.647,9.413,-165.000,106.000,33.000,22.190,-79.580,-142.810,26.420
0.690,2.116,8.686,-163.000,96.000,39.000,17.738,-73.327,-145.262,22.673
0.692,1.604,7.974,-161.000,92.000,43.000,13.442,-67.234,-147.558,24.766
0.692,1.114,7.301,-154.000,82.000,41.000,9.337,-61.494,-144.663,20.506
0.691,0.665,6.687,-151.000,76.000,45.000,5.571,-56.273,-145.429,19.727
0.692,0.273,6.155,-150.000,75.000,37.000,2.290,-51.760,-147.710,23.240
0.695,-0.059,5.709,-150.000,72.000,39.000,-0.491,-47.985,-150.491,24.015
0.696,-0.353,5.319,-148.000,65.000,44.000,-2.957,-44.689,-150.957,20.311
0.695,-0.639,4.936,-146.000,62.000,46.000,-5.351,-41.453,-151.351,20.547
0.696,-0.931,4.525,-145.000,60.000,51.000,-7.801,-37.991,-152.801,22.009
0.696,-1.276,4.030,-141.000,52.000,52.000,-10.688,-33.815,-151.688,18.185
0.697,-1.670,3.463,-137.000,48.000,52.000,-13.995,-29.045,-150.995,18.955
0.698,-2.110,2.842,-136.000,45.000,45.000,-17.681,-23.832,-153.681,21.168
0.700,-2.574,2.186,-133.000,39.000,50.000,-21.582,-18.324,-154.582,20.676
0.700,-3.065,1.530,-128.000,34.000,46.000,-25.704,-12.819,-153.704,21.181
0.705,-3.552,0.904,-126.000,29.000,52.000,-29.796,-7.570,-155.796,21.430
0.702,-3.993,0.333,-121.000,22.000,53.000,-33.505,-2.793,-154.505,19.207
0.702,-4.378,-0.166,-119.000,17.000,54.000,-36.745,1.393,-155.745,18.393
0.700,-4.708,-0.579,-113.000,14.000,51.000,-39.535,4.847,-152.535,18.847
0.701,-4.995,-0.914,-107.000,13.000,52.000,-41.953,7.654,-148.953,20.654
0.703,-5.243,-1.207,-105.000,11.000,52.000,-44.044,10.115,-149.044,21.115
0.701,-5.453,-1.491,-105.000,9.000,48.000,-45.821,12.497,-150.821,21.497
0.703,-5.648,-1.760,-102.000,8.000,48.000,-47.471,14.749,-149.471,22.749
0.702,-5.835,-2.018,-98.000,7.000,53.000,-49.053,16.914,-147.053,23.914
0.703,-6.018,-2.276,-94.000,4.000,55.000,-50.598,19.080,-144.598,23.080
0.704,-6.189,-2.523,-92.000,1.000,63.000,-52.051,21.150,-144.051,22.150
0.704,-6.344,-2.722,-91.000,0.000,52.000,-53.362,22.818,-144.362,22.818
0.705,-6.439,-2.808,-91.000,-1.000,49.000,-54.172,23.543,-145.172,22.543
0.703,-6.429,-2.717,-90.000,-1.000,46.000,-54.083,22.777,-144.083,21.777
0.702,-6.265,-2.425,-90.000,-1.000,48.000,-52.695,20.328,-142.695,19.328
0.704,-5.944,-1.930,-90.000,2.000,49.000,-49.980,16.177,-139.980,18.177
0.704,-5.486,-1.251,-94.000,7.000,51.000,-46.097,10.482,-140.097,17.482
0.707,-4.910,-0.421,-99.000,11.000,56.000,-41.231,3.526,-140.231,14.526
0.705,-4.252,0.506,-103.000,21.000,60.000,-35.686,-4.240,-138.686,16.760
0.703,-3.591,1.460,-106.000,27.000,53.000,-30.121,-12.238,-136.121,14.762
0.702,-2.968,2.342,-114.000,36.000,51.000,-24.885,-19.632,-138.885,16.368
0.703,-2.411,3.093,-118.000,46.000,47.000,-20.207,-25.935,-138.207,20.065
0.701,-1.946,3.714,-122.000,53.000,45.000,-16.307,-31.155,-138.307,21.845
0.699,-1.556,4.230,-126.000,59.000,51.000,-13.038,-35.500,-139.038,23.500
0.701,-1.212,4.659,-129.000,67.000,47.000,-10.155,-39.114,-139.155,27.886
0.699,-0.895,5.047,-131.000,68.000,44.000,-7.498,-42.395,-138.498,25.605
0.699,-0.567,5.456,-132.000,71.000,42.000,-4.753,-45.849,-136.753,25.151
0.699,-0.183,5.929,-134.000,74.000,41.000,-1.533,-49.847,-135.533,24.153
0.697,0.276,6.513,-138.000,81.000,39.000,2.311,-54.799,-135.689,26.201
0.698,0.790,7.195,-139.000,86.000,38.000,6.621,-60.597,-132.379,25.403
0.699,1.339,7.921,-144.000,95.000,46.000,11.220,-66.789,-132.780,28.211
0.694,1.879,8.651,-146.000,98.000,42.000,15.749,-73.032,-130.251,24.968
0.695,2.365,9.313,-147.000,106.000,47.000,19.828,-78.714,-127.172,27.286
0.696,2.759,9.834,-150.000,111.000,32.000,23.133,-83.203,-126.867,27.797
0.695,3.049,10.208,-151.000,114.000,32.000,25.566,-86.433,-125.434,27.567
0.693,3.242,10.478,-151.000,118.000,28.000,27.191,-88.771,-123.809,29.229
0.692,3.364,10.683,-151.000,124.000,34.000,28.216,-90.546,-122.784,33.454
0.695,3.456,10.839,-154.000,126.000,33.000,28.988,-91.908,-125.012,34.092
0.696,3.532,10.957,-154.000,127.000,36.000,29.625,-92.932,-124.375,34.068
0.694,3.622,11.068,-154.000,127.000,39.000,30.386,-93.894,-123.614,33.106
0.694,3.744,11.206,-155.000,127.000,28.000,31.412,-95.098,-123.588,31.902
0.692,3.902,11.402,-155.000,127.000,31.000,32.739,-96.806,-122.261,30.194
0.691,4.107,11.660,-156.000,129.000,30.000,34.464,-99.052,-121.536,29.948
0.691,4.358,11.975,-157.000,135.000,31.000,36.579,-101.810,-120.421,33.190
0.692,4.655,12.344,-158.000,140.000,34.000,39.087,-105.046,-118.913,34.954
0.694,4.981,12.745,-160.000,141.000,36.000,41.832,-108.566,-118.168,32.434
0.694,5.287,13.124,-163.000,142.000,37.000,44.420,-111.909,-118.580,30.091
0.694,5.522,13.409,-163.000,142.000,27.000,46.406,-114.435,-116.594,27.565
0.694,5.663,13.555,-163.000,143.000,33.000,47.601,-115.724,-115.399,27.276
0.690,5.671,13.524,-167.000,143.000,31.000,47.662,-115.449,-119.338,27.551
0.693,5.524,13.298,-171.000,141.000,29.000,46.420,-113.451,-124.580,27.549
0.692,5.239,12.888,-171.000,139.000,37.000,44.011,-109.826,-126.989,29.174
0.693,4.837,12.327,-171.000,138.000,41.000,40.615,-104.897,-130.385,33.103
0.696,4.339,11.673,-169.000,136.000,42.000,36.420,-99.165,-132.580,36.835
0.698,3.784,10.969,-167.000,126.000,46.000,31.749,-93.037,-135.251,32.963
0.699,3.210,10.253,-165.000,123.000,22.000,26.920,-86.826,-138.080,36.174
0.698,2.631,9.534,-163.000,120.000,30.000,22.055,-80.621,-140.945,39.379
0.699,2.073,8.815,-160.000,110.000,39.000,17.375,-74.440,-142.625,35.560
0.699,1.563,8.132,-158.000,107.000,38.000,13.098,-68.587,-144.902,38.413
0.701,1.112,7.526,-156.000,102.000,40.000,9.313,-63.414,-146.687,38.586
0.702,0.726,6.993,-153.000,94.000,47.000,6.085,-58.875,-146.915,35.125
0.702,0.409,6.511,-152.000,91.000,47.000,3.430,-54.780,-148.570,36.220
0.701,0.129,6.060,-151.000,88.000,42.000,1.079,-50.958,-149.921,37.042
0.700,-0.137,5.591,-149.000,85.000,40.000,-1.146,-46.991,-150.146,38.009
0.703,-0.424,5.047,-148.000,80.000,45.000,-3.551,-42.391,-151.551,37.609
0.702,-0.781,4.393,-148.000,78.000,42.000,-6.545,-36.876,-154.545,41.124
0.700,-1.236,3.638,-145.000,71.000,49.000,-10.354,-30.519,-155.354,40.481
0.704,-1.801,2.811,-142.000,65.000,55.000,-15.090,-23.570,-157.090,41.430
0.708,-2.430,1.948,-139.000,55.000,54.000,-20.371,-16.326,-159.371,38.674
0.707,-3.070,1.106,-137.000,50.000,48.000,-25.747,-9.267,-162.747,40.733
0.707,-3.688,0.338,-132.000,43.000,50.000,-30.941,-2.828,-162.941,40.172
0.708,-4.232,-0.309,-127.000,36.000,50.000,-35.520,2.592,-162.520,38.592
0.708,-4.671,-0.818,-123.000,31.000,53.000,-39.215,6.856,-162.215,37.856
0.707,-5.003,-1.196,-118.000,24.000,56.000,-42.022,10.022,-160.022,34.022
0.707,-5.238,-1.474,-116.000,21.000,56.000,-44.009,12.353,-160.009,33.353
0.708,-5.396,-1.692,-115.000,19.000,54.000,-45.340,14.176,-160.340,33.176
0.708,-5.515,-1.884,-115.000,18.000,47.000,-46.347,15.791,-161.347,33.791
0.710,-5.636,-2.092,-113.000,16.000,52.000,-47.367,17.532,-160.367,33.532
0.710,-5.797,-2.329,-112.000,15.000,49.000,-48.728,19.523,-160.728,34.523
0.710,-6.015,-2.637,-109.000,11.000,50.000,-50.576,22.110,-159.576,33.110
0.709,-6.317,-3.052,-106.000,7.000,49.000,-53.139,25.591,-159.139,32.591
0.707,-6.718,-3.548,-103.000,5.000,52.000,-56.539,29.762,-159.539,34.762
0.710,-7.154,-4.034,-101.000,-2.000,55.000,-60.243,33.851,-161.243,31.851
0.709,-7.508,-4.413,-97.000,-6.000,49.000,-63.262,37.041,-160.262,31.041
0.708,-7.717,-4.599,-94.000,-8.000,48.000,-65.042,38.612,-159.042,30.612
0.709,-7.739,-4.554,-93.000,-9.000,49.000,-65.232,38.233,-158.232,29.233
0.708,-7.566,-4.243,-93.000,-8.000,55.000,-63.757,35.610,-156.757,27.610
0.710,-7.190,-3.676,-94.000,-6.000,52.000,-60.552,30.836,-154.552,24.836
0.710,-6.656,-2.898,-96.000,-1.000,56.000,-56.011,24.296,-152.011,23.296
0.706,-6.012,-2.000,-101.000,6.000,51.000,-50.551,16.766,-151.551,22.766
0.706,-5.298,-1.050,-108.000,14.000,57.000,-44.512,8.796,-152.512,22.796
0.709,-4.566,-0.081,-115.000,20.000,46.000,-38.331,0.682,-153.331,20.682
0.707,-3.855,0.849,-125.000,29.000,48.000,-32.346,-7.112,-157.346,21.888
0.704,-3.197,1.708,-133.000,38.000,50.000,-26.814,-14.316,-159.814,23.684
0.702,-2.586,2.513,-137.000,46.000,49.000,-21.681,-21.066,-158.681,24.934
0.701,-1.989,3.279,-145.000,54.000,52.000,-16.673,-27.501,-161.673,26.499
0.700,-1.395,4.008,-148.000,59.000,49.000,-11.690,-33.629,-159.690,25.371
0.698,-0.821,4.726,-152.000,67.000,53.000,-6.882,-39.681,-158.882,27.319
0.698,-0.233,5.508,-156.000,73.000,44.000,-1.954,-46.289,-157.954,26.711
0.696,0.404,6.384,-161.000,79.000,41.000,3.387,-53.709,-157.613,25.291
0.696,1.086,7.341,-172.000,88.000,41.000,9.102,-61.840,-162.898,26.160
0.694,1.781,8.313,-178.000,97.000,41.000,14.928,-70.138,-163.072,26.862
0.693,2.415,9.219,-186.000,106.000,45.000,20.246,-77.909,-165.754,28.091
0.695,2.937,10.036,-188.000,113.000,40.000,24.628,-84.947,-163.372,28.053
0.692,3.371,10.763,-192.000,120.000,41.000,28.274,-91.240,-163.726,28.760
0.691,3.792,11.411,-194.000,123.000,27.000,31.810,-96.880,-162.190,26.120
0.690,4.209,12.006,-195.000,126.000,28.000,35.329,-102.079,-159.671,23.921
0.690,4.588,12.532,-195.000,131.000,34.000,38.515,-106.697,-156.485,24.303
0.686,4.900,12.975,-196.000,138.000,30.000,41.149,-110.597,-154.851,27.403
0.685,5.186,13.355,-198.000,139.000,36.000,43.566,-113.956,-154.434,25.044
0.685,5.490,13.717,-199.000,140.000,36.000,46.137,-117.161,-152.863,22.839
0.687,5.798,14.077,-199.000,144.000,35.000,48.737,-120.367,-150.263,23.633
0.686,6.066,14.418,-201.000,151.000,28.000,51.008,-123.407,-149.992,27.593
0.686,6.261,14.644,-203.000,153.000,27.000,52.658,-125.425,-150.342,27.575
0.686,6.319,14.666,-204.000,153.000,32.000,53.157,-125.619,-150.843,27.381
0.685,6.171,14.421,-204.000,153.000,27.000,51.902,-123.427,-152.098,29.573
0.689,5.778,13.860,-204.000,152.000,28.000,48.570,-118.431,-155.430,33.569
0.689,5.165,12.953,-202.000,146.000,38.000,43.390,-110.406,-158.610,35.594
0.689,4.338,11.779,-198.000,138.000,41.000,36.413,-100.092,-161.587,37.908
0.690,3.355,10.451,-193.000,128.000,40.000,28.135,-88.536,-164.865,39.464
0.693,2.324,9.102,-188.000,121.000,32.000,19.484,-76.900,-168.516,44.100
0.692,1.380,7.853,-182.000,108.000,38.000,11.565,-66.200,-170.435,41.800
0.692,0.605,6.826,-176.000,96.000,40.000,5.071,-57.460,-170.929,38.540
0.694,-0.001,6.044,-170.000,84.000,44.000,-0.011,-50.822,-170.011,33.178
0.694,-0.458,5.440,-167.000,80.000,49.000,-3.835,-45.711,-170.835,34.289
0.696,-0.820,4.941,-164.000,77.000,52.000,-6.871,-41.497,-170.871,35.503
0.696,-1.143,4.467,-162.000,69.000,58.000,-9.574,-37.495,-171.574,31.505
0.696,-1.490,3.961,-161.000,66.000,42.000,-12.483,-33.232,-173.483,32.768
0.696,-1.906,3.351,-158.000,63.000,48.000,-15.973,-28.107,-173.973,34.893
0.697,-2.403,2.599,-157.000,57.000,45.000,-20.145,-21.786,-177.145,35.214
0.700,-2.980,1.729,-154.000,49.000,49.000,-24.985,-14.488,-178.985,34.512
0.700,-3.619,0.816,-149.000,43.000,56.000,-30.356,-6.837,-179.356,36.163
0.700,-4.307,-0.089,-144.000,35.000,61.000,-36.153,0.743,-180.153,35.743
0.701,-4.983,-0.963,-139.000,32.000,60.000,-41.847,8.069,-180.847,40.069
0.704,-5.576,-1.722,-135.000,25.000,48.000,-46.858,14.427,-181.858,39.427
0.702,-5.991,-2.205,-127.000,16.000,49.000,-50.374,18.484,-177.374,34.484
0.702,-6.105,-2.261,-125.000,14.000,50.000,-51.336,18.950,-176.336,32.950
0.704,-5.849,-1.795,-125.000,14.000,52.000,-49.171,15.039,-174.171,29.039
0.703,-5.239,-0.850,-128.000,18.000,52.000,-44.009,7.118,-172.009,25.118
0.703,-4.278,0.508,-133.000,27.000,55.000,-35.907,-4.257,-168.907,22.743
0.703,-3.024,2.209,-139.000,40.000,54.000,-25.356,-18.516,-164.356,21.484
0.701,-1.575,4.109,-145.000,55.000,51.000,-13.194,-34.483,-158.194,20.517
0.699,-0.085,6.006,-151.000,64.000,37.000,-0.713,-50.503,-151.713,13.497
0.694,1.276,7.712,-163.000,81.000,39.000,10.691,-65.002,-152.309,15.998
0.691,2.409,9.099,-171.000,94.000,40.000,20.190,-76.877,-150.810,17.123
0.691,3.271,10.132,-181.000,106.000,33.000,27.430,-85.776,-153.570,20.224
0.690,3.825,10.801,-187.000,112.000,36.000,32.095,-91.571,-154.905,20.429
0.690,4.042,11.025,-188.000,116.000,37.000,33.921,-93.522,-154.079,22.478
0.690,3.840,10.686,-188.000,118.000,40.000,32.216,-90.576,-155.784,27.424
0.694,3.162,9.738,-187.000,117.000,32.000,26.516,-82.376,-160.484,34.624
0.696,2.061,8.234,-186.000,111.000,35.000,17.275,-69.457,-168.725,41.543
0.699,0.679,6.326,-179.000,94.000,41.000,5.693,-53.214,-173.307,40.786
0.698,-0.827,4.284,-171.000,73.000,45.000,-6.930,-35.959,-177.930,37.041
0.698,-2.247,2.384,-160.000,50.000,52.000,-18.831,-19.986,-178.831,30.014
0.702,-3.403,0.880,-147.000,33.000,56.000,-28.544,-7.372,-175.544,25.628
0.702,-4.159,-0.021,-137.000,23.000,50.000,-34.900,0.180,-171.900,23.180
0.704,-4.395,-0.215,-132.000,18.000,53.000,-36.895,1.800,-168.895,19.800
0.704,-4.086,0.327,-128.000,17.000,49.000,-34.293,-2.740,-162.293,14.260
0.703,-3.296,1.505,-130.000,21.000,55.000,-27.642,-12.609,-157.642,8.391
0.701,-2.117,3.113,-136.000,33.000,51.000,-17.739,-26.104,-153.739,6.896
0.699,-0.734,4.941,-146.000,49.000,47.000,-6.146,-41.499,-152.146,7.501
0.698,0.646,6.736,-155.000,64.000,43.000,5.411,-56.695,-149.589,7.305
0.693,1.840,8.237,-164.000,80.000,49.000,15.420,-69.485,-148.580,10.515
0.694,2.664,9.206,-168.000,92.000,36.000,22.330,-77.797,-145.670,14.203
0.692,2.966,9.463,-173.000,100.000,35.000,24.866,-80.004,-148.134,19.996
0.695,2.660,8.915,-175.000,100.000,38.000,22.298,-75.292,-152.702,24.708
0.696,1.768,7.641,-173.000,96.000,39.000,14.816,-64.393,-158.184,31.607
0.700,0.497,5.924,-168.000,86.000,46.000,4.167,-49.809,-163.833,36.191
0.700,-0.930,4.070,-160.000,71.000,50.000,-7.791,-34.150,-167.791,36.850
0.698,-2.231,2.398,-151.000,53.000,56.000,-18.701,-20.101,-169.701,32.899
0.700,-3.159,1.309,-143.000,43.000,54.000,-26.490,-10.965,-169.490,32.035
0.702,-3.494,1.050,-135.000,35.000,51.000,-29.309,-8.801,-164.309,26.199
0.701,-3.118,1.692,-134.000,34.000,54.000,-26.150,-14.179,-160.150,19.821
0.701,-2.121,3.102,-138.000,40.000,45.000,-17.773,-26.017,-155.773,13.983
0.699,-0.706,5.024,-145.000,53.000,44.000,-5.911,-42.197,-150.911,10.803
0.697,0.880,7.127,-156.000,69.000,47.000,7.374,-60.019,-148.626,8.981
0.693,2.351,9.007,-171.000,87.000,47.000,19.706,-76.088,-151.294,10.912
0.694,3.395,10.268,-178.000,104.000,46.000,28.479,-86.955,-149.521,17.045
0.693,3.765,10.610,-181.000,110.000,31.000,31.589,-89.916,-149.411,20.084
0.692,3.381,9.933,-183.000,110.000,32.000,28.361,-84.063,-154.639,25.937
0.696,2.296,8.365,-181.000,105.000,39.000,19.249,-70.577,-161.751,34.423
0.697,0.754,6.286,-172.000,88.000,47.000,6.314,-52.873,-165.686,35.127
0.699,-0.910,4.103,-159.000,68.000,50.000,-7.625,-34.429,-166.625,33.571
0.699,-2.370,2.233,-143.000,47.000,60.000,-19.867,-18.720,-162.867,28.280
0.700,-3.343,1.075,-130.000,30.000,58.000,-28.035,-9.006,-158.035,20.994
0.704,-3.633,0.908,-125.000,26.000,53.000,-30.481,-7.605,-155.481,18.395
0.702,-3.198,1.747,-124.000,26.000,50.000,-26.820,-14.637,-150.820,11.363
0.703,-2.150,3.323,-127.000,33.000,47.000,-18.018,-27.868,-145.018,5.132
0.702,-0.703,5.233,-136.000,49.000,46.000,-5.888,-43.961,-141.888,5.039
0.698,0.834,7.117,-146.000,70.000,45.000,6.985,-59.931,-139.015,10.069
0.696,2.150,8.668,-158.000,85.000,47.000,18.023,-73.178,-139.977,11.822
0.692,2.986,9.638,-167.000,97.000,42.000,25.039,-81.517,-141.961,15.483
0.693,3.209,9.857,-168.000,103.000,34.000,26.912,-83.406,-141.088,19.594
0.695,2.860,9.377,-171.000,107.000,39.000,23.977,-79.261,-147.023,27.739
0.695,2.135,8.447,-169.000,102.000,39.000,17.894,-71.287,-151.106,30.713
0.698,1.327,7.410,-165.000,94.000,36.000,11.119,-62.425,-153.881,31.575
0.697,0.671,6.573,-161.000,85.000,45.000,5.621,-55.312,-155.379,29.688
0.697,0.275,6.077,-157.000,75.000,46.000,2.302,-51.099,-154.698,23.901
0.698,0.090,5.888,-156.000,70.000,52.000,0.758,-49.506,-155.242,20.494
0.697,0.027,5.864,-156.000,69.000,44.000,0.224,-49.298,-155.776,19.702
0.699,-0.029,5.787,-155.000,67.000,44.000,-0.244,-48.648,-155.243,18.352
0.700,-0.192,5.485,-154.000,65.000,43.000,-1.611,-46.093,-155.611,18.907
0.698,-0.521,4.921,-153.000,65.000,45.000,-4.367,-41.328,-157.367,23.672
0.699,-1.040,4.150,-152.000,57.000,52.000,-8.715,-34.829,-160.715,22.171
0.700,-1.690,3.279,-150.000,49.000,49.000,-14.165,-27.500,-164.165,21.500
0.701,-2.370,2.377,-148.000,40.000,52.000,-19.862,-19.923,-167.862,20.077
0.703,-3.026,1.530,-143.000,30.000,57.000,-25.371,-12.818,-168.371,17.182
0.702,-3.599,0.798,-139.000,25.000,53.000,-30.193,-6.689,-169.193,18.311
0.701,-4.048,0.215,-134.000,18.000,52.000,-33.972,-1.800,-167.972,16.200
0.702,-4.372,-0.227,-128.000,14.000,53.000,-36.696,1.903,-164.696,15.903
0.703,-4.649,-0.580,-125.000,12.000,56.000,-39.031,4.859,-164.031,16.859
0.702,-4.967,-0.936,-122.000,10.000,54.000,-41.714,7.840,-163.714,17.840
0.706,-5.338,-1.398,-120.000,7.000,55.000,-44.845,11.711,-164.845,18.711
0.705,-5.783,-2.001,-118.000,0.000,53.000,-48.610,16.769,-166.610,16.769
0.706,-6.304,-2.788,-116.000,-3.000,47.000,-53.024,23.371,-169.024,20.371
0.705,-6.908,-3.713,-114.000,-11.000,50.000,-58.152,31.149,-172.152,20.149
0.706,-7.582,-4.694,-109.000,-19.000,51.000,-63.895,39.410,-172.895,20.410
0.707,-8.299,-5.652,-105.000,-26.000,54.000,-70.019,47.501,-175.019,21.501
0.706,-9.018,-6.551,-101.000,-35.000,56.000,-76.176,55.121,-177.176,20.121
0.707,-9.662,-7.388,-98.000,-45.000,59.000,-81.724,62.239,-179.724,17.239
0.706,-10.209,-8.126,-93.000,-50.000,53.000,-86.440,68.540,-179.440,18.540
0.705,-10.638,-8.650,-91.000,-56.000,50.000,-90.155,73.021,-181.155,17.021
0.702,-10.860,-8.898,-87.000,-60.000,50.000,-92.086,75.150,-179.086,15.150
0.704,-10.817,-8.828,-86.000,-60.000,46.000,-91.711,74.550,-177.711,14.550
0.705,-10.506,-8.412,-86.000,-59.000,52.000,-89.017,70.982,-175.017,11.982
0.706,-9.941,-7.601,-89.000,-55.000,53.000,-84.132,64.055,-173.132,9.055
0.706,-9.082,-6.337,-95.000,-50.000,57.000,-76.731,53.308,-171.731,3.308
0.708,-7.884,-4.645,-108.000,-35.000,56.000,-66.468,39.003,-174.468,4.003
0.710,-6.404,-2.615,-119.000,-20.000,51.000,-53.872,21.923,-172.872,1.923
0.710,-4.744,-0.288,-131.000,0.000,46.000,-39.832,2.410,-170.832,2.410
0.704,-3.009,2.276,-145.000,22.000,47.000,-25.233,-19.080,-170.233,2.920
0.703,-1.228,4.881,-159.000,45.000,42.000,-10.287,-40.989,-169.287,4.011
0.698,0.517,7.286,-172.000,67.000,42.000,4.331,-61.371,-167.669,5.629
0.693,2.076,9.328,-180.000,88.000,39.000,17.402,-78.840,-162.598,9.160
0.690,3.308,10.939,-189.000,103.000,40.000,27.742,-92.774,-161.258,10.226
0.690,4.177,12.107,-193.000,112.000,36.000,35.055,-102.966,-157.945,9.034
0.690,4.729,12.861,-195.000,117.000,31.000,39.709,-109.593,-155.291,7.407
0.689,5.017,13.270,-198.000,124.000,29.000,42.141,-113.198,-155.859,10.802
0.689,5.100,13.378,-201.000,125.000,29.000,42.843,-114.159,-158.157,10.841
0.690,4.990,13.230,-201.000,125.000,29.000,41.910,-112.849,-159.090,12.151
0.689,4.711,12.809,-201.000,125.000,38.000,39.559,-109.137,-161.441,15.863
0.691,4.206,12.046,-199.000,121.000,39.000,35.296,-102.429,-163.704,18.571
0.692,3.376,10.797,-196.000,116.000,44.000,28.318,-91.539,-167.682,24.461
0.695,2.152,8.988,-196.000,110.000,40.000,18.036,-75.925,-177.964,34.075
0.699,0.540,6.687,-186.000,94.000,43.000,4.523,-56.273,-181.477,37.727
0.702,-1.373,4.083,-169.000,71.000,40.000,-11.507,-34.268,-180.507,36.732
0.704,-3.388,1.424,-153.000,50.000,50.000,-28.413,-11.931,-181.413,38.069
0.705,-5.262,-1.039,-131.000,24.000,54.000,-44.205,8.701,-175.205,32.701
0.705,-6.822,-3.062,-114.000,7.000,56.000,-57.421,25.678,-171.421,32.678
0.706,-7.979,-4.478,-101.000,-4.000,60.000,-67.283,37.593,-168.283,33.593
0.705,-8.660,-5.248,-94.000,-9.000,54.000,-73.105,44.088,-167.105,35.088
0.705,-8.808,-5.332,-88.000,-11.000,48.000,-74.375,44.800,-162.375,33.800
0.709,-8.389,-4.701,-88.000,-11.000,52.000,-70.784,39.472,-158.784,28.472
0.709,-7.456,-3.406,-93.000,-7.000,51.000,-62.821,28.571,-155.821,21.571
0.710,-6.062,-1.508,-101.000,4.000,54.000,-50.978,12.635,-151.978,16.635
0.709,-4.340,0.845,-115.000,24.000,55.000,-36.427,-7.082,-151.427,16.918
0.703,-2.486,3.407,-132.000,47.000,54.000,-20.840,-28.575,-152.840,18.425
0.701,-0.641,5.879,-148.000,71.000,51.000,-5.367,-49.428,-153.367,21.572
0.697,1.036,8.045,-159.000,86.000,38.000,8.679,-67.848,-150.321,18.152
0.695,2.414,9.790,-172.000,106.000,37.000,20.240,-82.824,-151.760,23.176
0.694,3.410,10.989,-185.000,121.000,31.000,28.602,-93.204,-156.398,27.796
0.693,3.890,11.470,-188.000,127.000,33.000,32.640,-97.392,-155.360,29.608
0.693,3.769,11.162,-190.000,131.000,39.000,31.625,-94.716,-158.375,36.284
0.696,3.082,10.104,-190.000,129.000,40.000,25.848,-85.536,-164.152,43.464
0.696,2.001,8.502,-183.000,117.000,44.000,16.767,-71.751,-166.233,45.249
0.699,0.518,6.339,-173.000,105.000,33.000,4.344,-53.320,-168.656,51.680
0.701,-1.159,3.879,-160.000,82.000,43.000,-9.708,-32.545,-169.708,49.455
0.705,-2.878,1.401,-153.000,58.000,49.000,-24.128,-11.740,-177.128,46.260
0.704,-4.444,-0.786,-140.000,35.000,49.000,-37.301,6.583,-177.301,41.583
0.707,-5.689,-2.421,-129.000,15.000,56.000,-47.818,20.297,-176.818,35.297
0.709,-6.481,-3.338,-121.000,1.000,58.000,-54.531,27.994,-175.531,28.994
0.712,-6.684,-3.477,-119.000,-6.000,57.000,-56.249,29.167,-175.249,23.167
0.709,-6.275,-2.793,-119.000,-6.000,51.000,-52.776,23.418,-171.776,17.418
0.710,-5.310,-1.354,-120.000,0.000,48.000,-44.616,11.347,-164.616,11.347
0.709,-3.867,0.691,-127.000,15.000,49.000,-32.444,-5.793,-159.444,9.207
0.707,-2.097,3.124,-137.000,41.000,50.000,-17.572,-26.195,-154.572,14.805
0.704,-0.210,5.679,-148.000,66.000,48.000,-1.758,-47.734,-149.758,18.266
0.699,1.576,8.102,-157.000,89.000,44.000,13.205,-68.327,-143.795,20.673
0.697,3.071,10.083,-166.000,106.000,47.000,25.749,-85.352,-140.251,20.648
0.697,4.093,11.372,-172.000,122.000,42.000,34.350,-96.541,-137.650,25.459
0.695,4.516,11.803,-175.000,129.000,30.000,37.908,-100.304,-137.092,28.696
0.693,4.267,11.314,-177.000,131.000,25.000,35.812,-96.037,-141.188,34.963
0.695,3.431,10.044,-175.000,126.000,31.000,28.776,-85.020,-146.224,40.980
0.700,2.135,8.167,-168.000,118.000,40.000,17.895,-68.890,-150.105,49.110
0.703,0.534,5.912,-163.000,101.000,45.000,4.476,-49.709,-158.524,51.291
0.703,-1.184,3.510,-150.000,77.000,52.000,-9.924,-29.441,-159.924,47.559
0.705,-2.852,1.234,-135.000,56.000,56.000,-23.910,-10.338,-158.910,45.662
0.707,-4.293,-0.687,-122.000,45.000,54.000,-36.034,5.759,-158.034,50.759
0.707,-5.346,-2.044,-107.000,31.000,49.000,-44.914,17.132,-151.914,48.132
0.708,-5.884,-2.631,-102.000,19.000,55.000,-49.466,22.054,-151.466,41.054
0.710,-5.837,-2.346,-99.000,16.000,55.000,-49.069,19.665,-148.069,35.665
0.711,-5.229,-1.278,-100.000,20.000,52.000,-43.925,10.711,-143.925,30.711
0.708,-4.125,0.386,-107.000,30.000,60.000,-34.621,-3.234,-141.621,26.766
0.709,-2.674,2.429,-115.000,46.000,53.000,-22.416,-20.360,-137.416,25.640
0.706,-1.043,4.596,-127.000,58.000,44.000,-8.736,-38.585,-135.736,19.415
0.701,0.569,6.665,-141.000,77.000,40.000,4.766,-56.087,-136.234,20.913
0.699,2.003,8.432,-151.000,95.000,39.000,16.786,-71.158,-134.214,23.842
0.698,3.124,9.775,-164.000,113.000,33.000,26.199,-82.695,-137.801,30.305
0.695,3.816,10.566,-170.000,125.000,36.000,32.019,-89.533,-137.981,35.467
0.694,3.975,10.630,-171.000,127.000,36.000,33.352,-90.087,-137.648,36.913
0.696,3.554,9.894,-171.000,126.000,43.000,29.811,-83.719,-141.189,42.281
0.699,2.603,8.466,-171.000,122.000,31.000,21.826,-71.443,-149.174,50.557
0.700,1.268,6.549,-171.000,112.000,41.000,10.626,-55.108,-160.374,56.892
0.702,-0.279,4.407,-167.000,96.000,43.000,-2.341,-36.989,-169.341,59.011
0.704,-1.843,2.322,-156.000,78.000,46.000,-15.448,-19.460,-171.448,58.540
0.703,-3.235,0.580,-145.000,61.000,54.000,-27.131,-4.859,-172.131,56.141
0.705,-4.266,-0.597,-137.000,48.000,54.000,-35.809,5.000,-172.809,53.000
0.709,-4.823,-1.067,-131.000,40.000,57.000,-40.503,8.939,-171.503,48.939
0.707,-4.883,-0.880,-130.000,38.000,59.000,-41.007,7.369,-171.007,45.369
0.707,-4.475,-0.135,-128.000,40.000,49.000,-37.568,1.129,-165.568,41.129
0.709,-3.673,1.080,-128.000,48.000,51.000,-30.813,-9.048,-158.813,38.952
0.708,-2.558,2.634,-131.000,63.000,52.000,-21.447,-22.079,-152.447,40.921
0.705,-1.232,4.416,-141.000,79.000,46.000,-10.320,-37.065,-151.320,41.935
0.702,0.180,6.287,-152.000,97.000,45.000,1.510,-52.885,-150.490,44.115
0.699,1.546,8.056,-159.000,117.000,46.000,12.956,-67.937,-146.044,49.063
0.699,2.718,9.495,-169.000,133.000,44.000,22.790,-80.281,-146.210,52.719
0.695,3.529,10.407,-175.000,140.000,30.000,29.599,-88.153,-145.401,51.847
0.691,3.829,10.639,-183.000,151.000,30.000,32.126,-90.165,-150.874,60.835
0.693,3.561,10.145,-185.000,152.000,29.000,29.874,-85.892,-155.126,66.108
0.696,2.782,8.975,-182.000,146.000,35.000,23.326,-75.806,-158.674,70.194
0.697,1.580,7.278,-175.000,132.000,41.000,13.237,-61.300,-161.763,70.700
0.700,0.083,5.233,-165.000,112.000,49.000,0.695,-43.965,-164.305,68.035
0.701,-1.573,3.037,-155.000,93.000,55.000,-13.178,-25.467,-168.178,67.533
0.704,-3.233,0.890,-144.000,79.000,44.000,-27.110,-7.455,-171.110,71.545
0.705,-4.729,-1.001,-122.000,63.000,50.000,-39.705,8.390,-161.705,71.390
0.703,-5.878,-2.406,-106.000,46.000,50.000,-49.413,20.170,-155.413,66.170
0.705,-6.506,-3.111,-97.000,35.000,53.000,-54.736,26.089,-151.736,61.089
0.706,-6.492,-2.991,-95.000,32.000,57.000,-54.623,25.076,-149.623,57.076
0.705,-5.847,-2.027,-95.000,34.000,61.000,-49.156,16.991,-144.156,50.991
0.706,-4.656,-0.336,-102.000,43.000,58.000,-39.092,2.813,-141.092,45.813
0.703,-3.027,1.890,-114.000,64.000,60.000,-25.381,-15.841,-139.381,48.159
0.698,-1.135,4.400,-122.000,80.000,44.000,-9.511,-36.932,-131.511,43.068
0.698,0.777,6.881,-136.000,103.000,43.000,6.507,-57.923,-129.493,45.077
0.695,2.489,9.038,-148.000,125.000,39.000,20.868,-76.352,-127.132,48.648
0.692,3.793,10.642,-156.000,142.000,30.000,31.825,-90.197,-124.175,51.803
0.691,4.518,11.483,-159.000,151.000,34.000,37.931,-97.505,-121.069,53.495
0.694,4.586,11.471,-168.000,150.000,38.000,38.505,-97.404,-129.495,52.596
0.694,4.064,10.671,-169.000,147.000,41.000,34.107,-90.449,-134.893,56.551
0.695,3.086,9.251,-167.000,145.000,33.000,25.875,-78.185,-141.125,66.815
0.698,1.752,7.388,-163.000,130.000,36.000,14.678,-62.236,-148.322,67.764
0.699,0.198,5.238,-156.000,110.000,41.000,1.657,-44.004,-154.343,65.996
0.699,-1.420,2.990,-147.000,88.000,53.000,-11.901,-25.070,-158.901,62.930
0.700,-2.977,0.895,-135.000,66.000,53.000,-24.963,-7.500,-159.963,58.500
0.701,-4.314,-0.785,-123.000,50.000,60.000,-36.209,6.580,-159.209,56.580
0.704,-5.251,-1.868,-113.000,37.000,57.000,-44.111,15.653,-157.111,52.653
0.706,-5.649,-2.257,-110.000,33.000,48.000,-47.481,18.916,-157.481,51.916
0.706,-5.467,-1.908,-109.000,31.000,48.000,-45.941,15.990,-154.941,46.990
0.706,-4.765,-0.857,-109.000,34.000,49.000,-40.014,7.180,-149.014,41.180
0.707,-3.612,0.805,-116.000,44.000,57.000,-30.302,-6.747,-146.302,37.253
0.706,-2.087,2.943,-122.000,62.000,49.000,-17.494,-24.679,-139.494,37.321
0.701,-0.313,5.361,-134.000,84.000,48.000,-2.623,-45.044,-136.623,38.956
0.699,1.536,7.804,-147.000,105.000,46.000,12.872,-65.783,-134.128,39.217
0.694,3.251,9.976,-157.000,124.000,33.000,27.263,-84.429,-129.737,39.571
0.692,4.579,11.558,-171.000,152.000,33.000,38.444,-98.167,-132.556,53.833
0.692,5.339,12.327,-178.000,167.000,29.000,44.859,-104.892,-133.141,62.108
0.691,5.402,12.201,-181.000,172.000,32.000,45.387,-103.786,-135.613,68.214
0.694,4.794,11.234,-181.000,169.000,36.000,40.253,-95.336,-140.747,73.664
0.697,3.646,9.593,-176.000,161.000,44.000,30.586,-81.128,-145.414,79.872
0.701,2.108,7.523,-168.000,146.000,45.000,17.667,-63.385,-150.333,82.615
0.703,0.382,5.244,-163.000,133.000,53.000,3.199,-44.055,-159.801,88.945
0.705,-1.328,3.010,-154.000,115.000,46.000,-11.131,-25.237,-165.131,89.763
0.706,-2.867,1.058,-140.000,88.000,50.000,-24.037,-8.861,-164.037,79.139
0.710,-4.097,-0.418,-129.000,70.000,53.000,-34.385,3.501,-163.385,73.501
0.709,-4.889,-1.295,-122.000,56.000,54.000,-41.054,10.853,-163.054,66.853
0.709,-5.143,-1.536,-117.000,51.000,58.000,-43.205,12.873,-160.205,63.873
0.707,-4.860,-1.136,-117.000,51.000,53.000,-40.811,9.515,-157.811,60.515
0.707,-4.112,-0.136,-118.000,55.000,61.000,-34.511,1.142,-152.511,56.142
0.707,-2.982,1.390,-124.000,63.000,55.000,-25.004,-11.648,-149.004,51.352
0.706,-1.563,3.294,-133.000,77.000,50.000,-13.099,-27.623,-146.099,49.377
0.704,0.034,5.362,-150.000,96.000,41.000,0.287,-45.051,-149.713,50.949
0.701,1.656,7.381,-164.000,114.000,41.000,13.877,-62.177,-150.123,51.823
0.699,3.134,9.171,-178.000,130.000,45.000,26.281,-77.492,-151.719,52.508
0.696,4.323,10.564,-184.000,143.000,42.000,36.284,-89.514,-147.716,53.486
0.695,5.121,11.478,-188.000,154.000,35.000,43.013,-97.464,-144.987,56.536
0.695,5.495,11.923,-191.000,159.000,26.000,46.175,-101.355,-144.825,57.645
0.694,5.506,11.935,-191.000,160.000,27.000,46.265,-101.456,-144.735,58.544
0.693,5.237,11.629,-192.000,160.000,26.000,43.998,-98.784,-148.002,61.216
0.696,4.824,11.132,-192.000,160.000,33.000,40.511,-94.454,-151.489,65.546
0.694,4.420,10.617,-191.000,155.000,37.000,37.100,-89.981,-153.900,65.019
0.695,4.118,10.307,-185.000,152.000,37.000,34.562,-87.287,-150.438,64.713
0.694,4.024,10.330,-183.000,151.000,41.000,33.765,-87.493,-149.235,63.507
0.694,4.232,10.709,-183.000,151.000,35.000,35.521,-90.772,-147.479,60.228
0.691,4.767,11.354,-185.000,152.000,33.000,40.027,-96.387,-144.973,55.613
0.692,5.465,12.198,-189.000,158.000,31.000,45.921,-103.761,-143.079,54.239
0.692,6.185,13.193,-191.000,163.000,33.000,52.015,-112.519,-138.985,50.481
0.692,6.976,14.285,-195.000,173.000,32.000,58.734,-122.214,-136.266,50.786
0.689,7.816,15.407,-199.000,179.000,37.000,65.886,-132.280,-133.114,46.720
0.685,8.603,16.466,-211.000,190.000,37.000,72.617,-141.875,-138.383,48.125
0.683,9.270,17.364,-214.000,195.000,31.000,78.347,-150.089,-135.653,44.911
0.683,9.771,18.027,-219.000,206.000,32.000,82.657,-156.213,-136.343,49.787
0.684,10.054,18.464,-221.000,210.000,34.000,85.103,-160.269,-135.897,49.731
0.682,10.158,18.677,-223.000,217.000,36.000,86.001,-162.256,-136.999,54.744
0.679,10.146,18.736,-224.000,220.000,34.000,85.897,-162.805,-138.103,57.195
0.680,10.068,18.721,-224.000,220.000,35.000,85.226,-162.668,-138.774,57.332
0.681,10.000,18.699,-222.000,220.000,39.000,84.638,-162.466,-137.362,57.534
0.682,10.002,18.702,-221.000,219.000,39.000,84.654,-162.494,-136.346,56.506
0.682,10.058,18.732,-223.000,219.000,26.000,85.134,-162.771,-137.866,56.229
0.684,10.083,18.738,-223.000,219.000,32.000,85.356,-162.827,-137.644,56.173
0.684,9.997,18.607,-223.000,219.000,33.000,84.614,-161.600,-138.386,57.400
0.686,9.712,18.218,-223.000,216.000,32.000,82.151,-157.987,-140.849,58.013
0.688,9.189,17.527,-221.000,212.000,40.000,77.651,-151.590,-143.349,60.410
0.690,8.405,16.505,-217.000,205.000,41.000,70.920,-142.225,-146.080,62.775
0.691,7.357,15.177,-213.000,195.000,38.000,61.977,-130.202,-151.023,64.798
0.690,6.116,13.616,-206.000,188.000,32.000,51.430,-116.267,-154.570,71.733
0.693,4.762,11.918,-200.000,174.000,32.000,39.986,-101.307,-160.014,72.693
0.695,3.388,10.174,-197.000,159.000,29.000,28.420,-86.143,-168.580,72.857
0.697,2.093,8.491,-192.000,145.000,43.000,17.540,-71.656,-174.460,73.344
0.698,0.914,6.927,-186.000,131.000,39.000,7.656,-58.318,-178.344,72.682
0.698,-0.138,5.499,-179.000,117.000,50.000,-1.157,-46.214,-180.157,70.786
0.701,-1.064,4.193,-175.000,104.000,47.000,-8.913,-35.194,-183.913,68.806
0.703,-1.906,3.004,-168.000,97.000,43.000,-15.972,-25.193,-183.972,71.807
0.704,-2.682,1.891,-157.000,87.000,47.000,-22.484,-15.844,-179.484,71.156
0.702,-3.435,0.798,-152.000,77.000,47.000,-28.808,-6.689,-180.808,70.311
0.705,-4.218,-0.327,-144.000,69.000,50.000,-35.398,2.744,-179.398,71.744
0.704,-5.089,-1.535,-137.000,57.000,49.000,-42.742,12.859,-179.742,69.859
0.705,-6.099,-2.858,-132.000,45.000,53.000,-51.289,23.960,-183.289,68.960
0.706,-7.263,-4.307,-120.000,38.000,56.000,-61.170,36.151,-181.170,74.151
0.707,-8.533,-5.849,-106.000,29.000,56.000,-72.021,49.174,-178.021,78.174
0.705,-9.873,-7.463,-95.000,21.000,48.000,-83.541,62.881,-178.541,83.881
0.705,-11.235,-9.056,-83.000,11.000,53.000,-95.351,76.503,-178.351,87.503
0.708,-12.473,-10.540,-68.000,-5.000,53.000,-106.173,89.308,-174.173,84.308
0.719,-13.454,-11.783,-60.000,-18.000,58.000,-114.832,100.127,-174.832,82.127
0.719,-14.100,-12.663,-52.000,-25.000,59.000,-120.566,107.845,-172.566,82.845
0.724,-14.374,-13.054,-47.000,-32.000,57.000,-123.011,111.289,-170.011,79.289
0.728,-14.240,-12.865,-47.000,-32.000,66.000,-121.819,109.628,-168.819,77.628
0.723,-13.590,-12.046,-48.000,-29.000,52.000,-116.032,102.430,-164.032,73.430
0.725,-12.420,-10.596,-54.000,-20.000,49.000,-105.710,89.793,-159.710,69.793
0.724,-10.819,-8.574,-67.000,-5.000,45.000,-91.730,72.367,-158.730,67.367
0.717,-8.885,-6.112,-85.000,15.000,53.000,-75.036,51.399,-160.036,66.399
0.714,-6.776,-3.359,-101.000,38.000,53.000,-57.034,28.176,-158.034,66.176
0.712,-4.624,-0.491,-117.000,62.000,59.000,-38.819,4.113,-155.819,66.113
0.706,-2.520,2.310,-135.000,87.000,53.000,-21.129,-19.359,-156.129,67.641
0.704,-0.521,4.905,-147.000,104.000,46.000,-4.366,-41.194,-151.366,62.806
0.701,1.321,7.245,-161.000,130.000,37.000,11.065,-61.023,-149.935,68.977
0.698,2.951,9.333,-174.000,153.000,32.000,24.743,-78.883,-149.257,74.117
0.696,4.344,11.144,-179.000,167.000,27.000,36.464,-94.559,-142.536,72.441
0.691,5.529,12.712,-189.000,182.000,34.000,46.468,-108.276,-142.532,73.724
0.689,6.520,14.151,-194.000,194.000,34.000,54.860,-121.022,-139.140,72.978
0.686,7.418,15.462,-195.000,202.000,38.000,62.496,-132.772,-132.504,69.228
0.685,8.265,16.659,-199.000,211.000,27.000,69.724,-143.632,-129.276,67.368
0.683,9.009,17.696,-206.000,222.000,31.000,76.100,-153.147,-129.900,68.853
0.682,9.583,18.522,-208.000,233.000,34.000,81.041,-160.810,-126.959,72.190
0.682,9.960,19.079,-211.000,238.000,38.000,84.293,-166.022,-126.707,71.978
0.684,10.122,19.331,-213.000,246.000,39.000,85.691,-168.387,-127.309,77.613
0.682,10.027,19.277,-213.000,249.000,41.000,84.874,-167.880,-128.126,81.120
0.682,9.642,18.815,-211.000,246.000,34.000,81.551,-163.548,-129.449,82.452
0.686,8.922,17.868,-210.000,243.000,35.000,75.358,-154.743,-134.642,88.257
0.691,7.846,16.423,-207.000,237.000,28.000,66.146,-141.485,-140.854,95.515
0.689,6.436,14.553,-199.000,224.000,30.000,54.149,-124.607,-144.851,99.393
0.696,4.776,12.322,-189.000,206.000,32.000,40.100,-104.850,-148.900,101.150
0.696,2.954,9.860,-192.000,197.000,33.000,24.770,-83.431,-167.230,113.569
0.698,1.095,7.294,-192.000,179.000,42.000,9.178,-61.441,-182.822,117.559
0.701,-0.692,4.786,-179.000,158.000,49.000,-5.797,-40.192,-184.797,117.808
0.699,-2.318,2.467,-163.000,134.000,54.000,-19.432,-20.676,-182.432,113.324
0.703,-3.696,0.470,-153.000,120.000,53.000,-31.006,-3.938,-184.006,116.062
0.706,-4.751,-1.184,-143.000,103.000,52.000,-39.895,9.918,-182.895,112.918
0.706,-5.487,-2.507,-134.000,84.000,53.000,-46.112,21.015,-180.112,105.015
0.706,-6.005,-3.505,-128.000,75.000,50.000,-50.490,29.397,-178.490,104.397
0.709,-6.425,-4.255,-124.000,68.000,56.000,-54.053,35.714,-178.053,103.714
0.712,-6.826,-4.919,-120.000,64.000,57.000,-57.458,41.309,-177.458,105.309
0.712,-7.273,-5.635,-119.000,56.000,59.000,-61.261,47.364,-180.261,103.364
0.714,-7.827,-6.442,-118.000,50.000,49.000,-65.979,54.199,-183.979,104.199
0.712,-8.497,-7.303,-114.000,47.000,51.000,-71.709,61.511,-185.709,108.511
0.712,-9.243,-8.175,-110.000,37.000,48.000,-78.111,68.954,-188.111,105.954
0.717,-10.005,-9.029,-104.000,33.000,55.000,-84.682,76.271,-188.682,109.271
0.713,-10.717,-9.805,-104.000,32.000,50.000,-90.842,82.950,-194.842,114.950
0.711,-11.311,-10.405,-104.000,32.000,55.000,-96.009,88.144,-200.009,120.144
0.718,-11.705,-10.747,-99.000,32.000,57.000,-99.449,91.107,-198.449,123.107
0.717,-11.829,-10.731,-93.000,31.000,60.000,-100.533,90.965,-193.533,121.965
0.719,-11.606,-10.251,-93.000,33.000,44.000,-98.578,86.807,-191.578,119.807
0.714,-10.949,-9.222,-99.000,37.000,50.000,-92.863,77.930,-191.863,114.930
0.714,-9.779,-7.570,-105.000,50.000,47.000,-82.725,63.790,-187.725,113.790
0.713,-8.084,-5.269,-121.000,70.000,55.000,-68.175,44.262,-189.175,114.262
0.714,-5.956,-2.408,-140.000,92.000,55.000,-50.078,20.183,-190.078,112.183
0.714,-3.579,0.798,-161.000,118.000,59.000,-30.022,-6.683,-191.021,111.317
0.711,-1.135,4.031,-182.000,145.000,47.000,-9.510,-33.823,-191.510,111.177
0.706,1.155,7.057,-196.000,163.000,38.000,9.676,-59.420,-186.324,103.580
0.699,3.156,9.758,-213.000,187.000,36.000,26.467,-82.552,-186.533,104.448
0.695,4.847,12.039,-222.000,205.000,29.000,40.700,-102.365,-181.300,102.635
0.690,6.193,13.859,-229.000,220.000,28.000,52.089,-118.424,-176.911,101.576
0.690,7.097,15.197,-234.000,232.000,26.000,59.764,-130.388,-174.236,101.612
0.688,7.567,16.054,-237.000,239.000,35.000,63.766,-138.125,-173.234,100.875
0.690,7.746,16.533,-238.000,242.000,36.000,65.292,-142.486,-172.708,99.514
0.691,7.782,16.829,-238.000,248.000,31.000,65.596,-145.190,-172.404,102.810
0.690,7.814,17.075,-241.000,254.000,28.000,65.872,-147.437,-175.128,106.563
0.689,7.989,17.369,-241.000,255.000,31.000,67.365,-150.133,-173.635,104.867
0.688,8.333,17.765,-242.000,256.000,29.000,70.305,-153.789,-171.695,102.211
0.686,8.777,18.285,-246.000,264.000,32.000,74.108,-158.602,-171.892,105.398
0.686,9.241,18.829,-249.000,268.000,34.000,78.094,-163.676,-170.906,104.324
0.684,9.648,19.255,-252.000,270.000,36.000,81.596,-167.668,-170.404,102.332
0.684,9.826,19.424,-257.000,278.000,35.000,83.138,-169.258,-173.862,108.742
0.686,9.681,19.212,-260.000,279.000,29.000,81.885,-167.270,-178.115,111.730
0.688,9.176,18.533,-258.000,277.000,31.000,77.541,-160.913,-180.459,116.087
0.690,8.307,17.385,-254.000,271.000,32.000,70.082,-150.283,-183.918,120.717
0.692,7.121,15.818,-250.000,257.000,33.000,59.964,-135.985,-190.036,121.015
0.693,5.671,13.904,-244.000,243.000,39.000,47.662,-118.823,-196.338,124.177
0.696,4.041,11.752,-228.000,220.000,44.000,33.911,-99.861,-194.089,120.139
0.699,2.325,9.504,-216.000,198.000,44.000,19.488,-80.362,-196.512,117.638
0.701,0.658,7.271,-209.000,186.000,36.000,5.510,-61.242,-203.490,124.758
0.703,-0.882,5.136,-195.000,169.000,39.000,-7.386,-43.141,-202.386,125.859
0.704,-2.274,3.148,-186.000,153.000,48.000,-19.064,-26.397,-205.064,126.603
0.705,-3.512,1.365,-178.000,137.000,48.000,-29.455,-11.435,-207.455,125.565
0.707,-4.597,-0.179,-168.000,121.000,55.000,-38.596,1.497,-206.596,122.497
0.709,-5.549,-1.536,-161.000,108.000,57.000,-46.630,12.875,-207.630,120.875
0.709,-6.426,-2.782,-155.000,98.000,58.000,-54.062,23.328,-209.062,121.328
0.708,-7.285,-3.995,-152.000,90.000,51.000,-61.358,33.519,-213.358,123.519
0.712,-8.164,-5.244,-147.000,80.000,47.000,-68.863,44.059,-215.863,124.059
0.714,-9.063,-6.545,-142.000,69.000,52.000,-76.568,55.075,-218.568,124.075
0.713,-9.994,-7.799,-137.000,58.000,50.000,-84.582,65.744,-221.582,123.744
0.713,-10.856,-8.894,-133.000,52.000,52.000,-92.049,75.119,-225.049,127.119
0.713,-11.498,-9.676,-129.000,45.000,58.000,-97.638,81.845,-226.638,126.845
0.712,-11.771,-9.971,-129.000,44.000,56.000,-100.024,84.389,-229.024,128.389
0.715,-11.541,-9.602,-131.000,44.000,57.000,-98.016,81.200,-229.016,125.200
0.717,-10.753,-8.426,-132.000,49.000,49.000,-91.153,71.103,-223.153,120.103
0.716,-9.342,-6.416,-134.000,54.000,51.000,-78.962,53.976,-212.962,107.976
0.719,-7.362,-3.724,-134.000,51.000,54.000,-62.019,31.242,-196.019,82.242
0.716,-4.999,-0.546,-137.000,51.000,48.000,-41.983,4.573,-178.983,55.573
0.712,-2.450,2.864,-136.000,51.000,47.000,-20.542,-24.013,-156.542,26.987
0.708,0.093,6.214,-136.000,48.000,47.000,0.782,-52.260,-135.218,-4.260
0.701,2.353,9.200,-141.000,42.000,35.000,19.724,-77.745,-121.276,-35.745
0.696,4.203,11.631,-146.000,49.000,25.000,35.276,-98.798,-110.724,-49.798
0.692,5.609,13.452,-148.000,56.000,29.000,47.145,-114.814,-100.855,-58.814
0.696,6.544,14.655,-146.000,60.000,30.000,55.066,-125.521,-90.934,-65.521
0.695,7.043,15.335,-147.000,67.000,29.000,59.304,-131.630,-87.696,-64.630
0.692,7.244,15.672,-151.000,68.000,36.000,61.016,-134.665,-89.984,-66.665
0.691,7.291,15.808,-153.000,69.000,32.000,61.412,-135.897,-91.588,-66.897
0.690,7.250,15.869,-153.000,70.000,38.000,61.065,-136.447,-91.935,-66.447
0.691,7.139,15.844,-155.000,76.000,32.000,60.116,-136.225,-94.884,-60.225
0.691,6.975,15.672,-156.000,80.000,32.000,58.724,-134.669,-97.276,-54.669
0.690,6.738,15.272,-157.000,80.000,30.000,56.708,-131.058,-100.292,-51.058
0.690,6.320,14.588,-160.000,80.000,33.000,53.160,-124.919,-106.840,-44.919
0.695,5.640,13.561,-154.000,71.000,29.000,47.401,-115.776,-106.599,-44.776
0.696,4.652,12.125,-152.000,64.000,35.000,39.056,-103.118,-112.944,-39.118
0.698,3.323,10.257,-152.000,53.000,44.000,27.869,-86.858,-124.131,-33.858
0.698,1.694,7.973,-147.000,41.000,49.000,14.199,-67.229,-132.801,-26.229
0.702,-0.141,5.392,-138.000,29.000,40.000,-1.181,-45.307,-139.181,-16.307
0.706,-2.040,2.736,-121.000,8.000,46.000,-17.100,-22.941,-138.100,-14.941
0.708,-3.839,0.220,-100.000,-16.000,53.000,-32.206,-1.844,-132.206,-17.844
0.708,-5.426,-1.982,-81.000,-37.000,57.000,-45.590,16.612,-126.590,-20.388
0.711,-6.727,-3.768,-65.000,-52.000,63.000,-56.619,31.612,-121.619,-20.388
0.713,-7.685,-5.063,-55.000,-66.000,54.000,-64.772,42.527,-119.772,-23.473
0.714,-8.273,-5.865,-49.000,-75.000,56.000,-69.793,49.307,-118.793,-25.693
0.718,-8.522,-6.227,-44.000,-76.000,52.000,-71.926,52.375,-115.926,-23.625
0.715,-8.483,-6.225,-40.000,-76.000,51.000,-71.587,52.354,-111.587,-23.646
0.716,-8.202,-5.813,-40.000,-74.000,47.000,-69.188,48.864,-109.188,-25.136
0.717,-7.611,-4.914,-45.000,-71.000,49.000,-64.137,41.267,-109.137,-29.733
0.717,-6.585,-3.464,-50.000,-61.000,55.000,-55.410,29.056,-105.410,-31.944
0.715,-5.116,-1.481,-61.000,-44.000,52.000,-42.978,12.411,-103.978,-31.589
0.712,-3.351,0.924,-74.000,-24.000,54.000,-28.104,-7.738,-102.104,-31.738
0.707,-1.403,3.623,-86.000,-8.000,43.000,-11.759,-30.391,-97.759,-38.391
0.704,0.638,6.497,-106.000,16.000,40.000,5.342,-54.661,-100.658,-38.661
0.699,2.764,9.455,-127.000,40.000,34.000,23.176,-79.936,-103.824,-39.936
0.695,4.898,12.299,-143.000,69.000,32.000,41.137,-104.651,-101.863,-35.651
0.690,6.867,14.835,-159.000,100.000,32.000,57.804,-127.137,-101.196,-27.137
0.690,8.432,16.825,-169.000,126.000,35.000,71.151,-145.145,-97.849,-19.145
0.687,9.499,18.192,-172.000,140.000,39.000,80.316,-157.740,-91.684,-17.740
0.686,10.145,19.060,-178.000,150.000,40.000,85.888,-165.837,-92.112,-15.837
0.683,10.533,19.547,-184.000,155.000,31.000,89.247,-170.425,-94.753,-15.425
0.686,10.755,19.803,-185.000,157.000,35.000,91.173,-172.835,-93.827,-15.835
0.685,10.827,19.887,-188.000,161.000,34.000,91.802,-173.631,-96.198,-12.631
0.683,10.816,19.828,-189.000,166.000,30.000,91.706,-173.078,-97.294,-7.078
0.685,10.832,19.743,-189.000,166.000,36.000,91.839,-172.275,-97.161,-6.275
0.685,10.969,19.814,-191.000,164.000,40.000,93.031,-172.946,-97.969,-8.946
0.685,11.330,20.158,-192.000,168.000,44.000,96.177,-176.206,-95.823,-8.206
0.684,11.910,20.780,-193.000,170.000,37.000,101.239,-182.139,-91.761,-12.139
0.683,12.692,21.569,-196.000,171.000,41.000,108.102,-189.746,-87.898,-18.746
0.677,13.571,22.396,-205.000,182.000,46.000,115.870,-197.801,-89.130,-15.801
0.674,14.335,23.102,-211.000,189.000,50.000,122.665,-204.762,-88.335,-15.762
0.677,14.794,23.472,-214.000,199.000,50.000,126.769,-208.431,-87.231,-9.431
0.682,14.778,23.301,-215.000,200.000,52.000,126.624,-206.730,-88.376,-6.730
0.681,14.175,22.531,-214.000,198.000,49.000,121.240,-199.123,-92.760,-1.123
0.685,13.019,21.203,-210.000,195.000,41.000,110.981,-186.213,-99.019,8.787
0.691,11.458,19.423,-203.000,182.000,38.000,97.292,-169.251,-105.708,12.749
0.691,9.669,17.350,-193.000,164.000,32.000,81.782,-149.964,-111.218,14.036
0.693,7.835,15.174,-179.000,144.000,36.000,66.049,-130.183,-112.951,13.817
0.696,6.065,13.037,-166.000,128.000,32.000,50.997,-111.143,-115.003,16.857
0.699,4.396,10.995,-159.000,111.000,45.000,36.901,-93.257,-122.099,17.743
0.701,2.852,9.074,-153.000,96.000,48.000,23.915,-76.661,-129.085,19.339
0.704,1.448,7.257,-150.000,87.000,39.000,12.134,-61.127,-137.866,25.873
0.704,0.198,5.548,-144.000,73.000,43.000,1.660,-46.626,-142.340,26.374
0.706,-0.926,3.951,-135.000,61.000,44.000,-7.760,-33.152,-142.760,27.848
0.708,-1.966,2.470,-123.000,46.000,43.000,-16.474,-20.702,-139.474,25.298
0.710,-2.914,1.102,-115.000,34.000,51.000,-24.433,-9.235,-139.433,24.765
0.711,-3.764,-0.141,-106.000,23.000,50.000,-31.581,1.181,-137.581,24.181
0.714,-4.537,-1.214,-103.000,12.000,58.000,-38.091,10.173,-141.091,22.173
0.714,-5.248,-2.128,-98.000,6.000,60.000,-44.092,17.833,-142.092,23.833
0.713,-5.910,-2.926,-96.000,1.000,48.000,-49.688,24.530,-145.688,25.530
0.714,-6.497,-3.664,-91.000,-7.000,51.000,-54.666,30.736,-145.666,23.736
0.715,-7.016,-4.348,-89.000,-11.000,51.000,-59.072,36.498,-148.072,25.498
0.722,-7.511,-4.999,-88.000,-20.000,54.000,-63.285,41.985,-151.285,21.985
0.719,-8.020,-5.662,-86.000,-24.000,57.000,-67.633,47.592,-153.633,23.592
0.715,-8.517,-6.324,-84.000,-28.000,60.000,-71.879,53.197,-155.879,25.197
0.715,-8.981,-6.932,-81.000,-34.000,60.000,-75.864,58.359,-156.864,24.359
0.715,-9.428,-7.500,-79.000,-37.000,54.000,-79.705,63.196,-158.705,26.196
0.713,-9.879,-8.071,-76.000,-39.000,50.000,-83.589,68.068,-159.589,29.068
0.717,-10.331,-8.668,-69.000,-40.000,49.000,-87.503,73.174,-156.503,33.174
0.714,-10.806,-9.268,-64.000,-44.000,52.000,-91.620,78.332,-155.620,34.332
0.714,-11.271,-9.824,-63.000,-46.000,55.000,-95.662,83.117,-158.662,37.117
0.722,-11.670,-10.271,-54.000,-54.000,62.000,-99.144,86.979,-153.145,32.979
0.717,-11.920,-10.543,-50.000,-59.000,58.000,-101.325,89.334,-151.325,30.334
0.720,-11.970,-10.570,-48.000,-59.000,50.000,-101.761,89.571,-149.761,30.571
0.727,-11.794,-10.274,-48.000,-60.000,49.000,-100.223,87.006,-148.223,27.006
0.727,-11.380,-9.649,-48.000,-57.000,47.000,-96.615,81.611,-144.615,24.611
0.717,-10.758,-8.710,-53.000,-52.000,51.000,-91.204,73.533,-144.204,21.533
0.714,-9.949,-7.507,-61.000,-42.000,61.000,-84.200,63.256,-145.200,21.256
0.719,-9.002,-6.126,-66.000,-29.000,55.000,-76.041,51.514,-142.041,22.514
0.717,-7.955,-4.652,-74.000,-16.000,59.000,-67.077,39.063,-141.077,23.063
0.716,-6.864,-3.174,-80.000,-9.000,52.000,-57.781,26.617,-137.781,17.617
0.715,-5.809,-1.759,-89.000,2.000,47.000,-48.831,14.737,-137.831,16.737
0.716,-4.852,-0.469,-98.000,16.000,49.000,-40.746,3.927,-138.746,19.927
0.714,-4.018,0.674,-102.000,27.000,45.000,-33.713,-5.644,-135.713,21.356
0.711,-3.316,1.665,-107.000,36.000,46.000,-27.814,-13.952,-134.814,22.048
0.711,-2.722,2.489,-111.000,44.000,50.000,-22.817,-20.869,-133.817,23.131
0.710,-2.168,3.202,-119.000,54.000,50.000,-18.173,-26.852,-137.173,27.148
0.707,-1.583,3.938,-120.000,59.000,52.000,-13.268,-33.046,-133.268,25.954
0.706,-0.894,4.855,-127.000,64.000,41.000,-7.489,-40.770,-134.489,23.230
0.705,-0.087,5.989,-135.000,70.000,39.000,-0.730,-50.355,-135.730,19.645
0.703,0.774,7.183,-140.000,83.000,41.000,6.485,-60.491,-133.515,22.509
0.702,1.650,8.392,-146.000,93.000,39.000,13.828,-70.808,-132.172,22.192
0.702,2.547,9.607,-150.000,102.000,44.000,21.350,-81.248,-128.650,20.752
0.700,3.474,10.827,-155.000,112.000,36.000,29.137,-91.797,-125.863,20.203
0.699,4.353,12.008,-159.000,124.000,41.000,36.537,-102.095,-122.463,21.905
0.697,5.148,13.085,-163.000,129.000,29.000,43.245,-111.564,-119.755,17.436
0.696,5.900,14.085,-168.000,138.000,30.000,49.607,-120.438,-118.393,17.562
0.693,6.675,15.073,-172.000,146.000,27.000,56.174,-129.268,-115.826,16.732
0.692,7.536,16.105,-174.000,157.000,35.000,63.504,-138.593,-110.496,18.407
0.690,8.427,17.152,-177.000,162.000,37.000,71.110,-148.145,-105.890,13.855
0.688,9.191,18.008,-191.000,177.000,37.000,77.664,-156.033,-113.336,20.967
0.687,9.691,18.518,-199.000,185.000,40.000,81.969,-160.772,-117.031,24.228
0.686,9.851,18.601,-201.000,186.000,31.000,83.352,-161.546,-117.648,24.454
0.688,9.668,18.285,-201.000,186.000,29.000,81.771,-158.609,-119.229,27.391
0.688,9.189,17.658,-200.000,186.000,33.000,77.650,-152.803,-122.350,33.197
0.690,8.459,16.764,-198.000,181.000,30.000,71.388,-144.591,-126.612,36.409
0.692,7.525,15.642,-192.000,173.000,35.000,63.410,-134.394,-128.590,38.606
0.696,6.454,14.318,-188.000,162.000,35.000,54.296,-122.515,-133.704,39.485
0.697,5.302,12.860,-179.000,150.000,39.000,44.545,-109.583,-134.455,40.417
0.698,4.143,11.343,-171.000,138.000,30.000,34.769,-96.285,-136.231,41.715
0.700,3.051,9.850,-166.000,126.000,26.000,25.585,-83.340,-140.415,42.660
0.701,2.044,8.456,-159.000,114.000,37.000,17.132,-71.362,-141.868,42.638
0.702,1.109,7.185,-152.000,102.000,39.000,9.294,-60.512,-142.706,41.488
0.703,0.254,6.015,-147.000,91.000,41.000,2.132,-50.580,-144.868,40.420
0.704,-0.559,4.923,-144.000,78.000,49.000,-4.681,-41.349,-148.681,36.651
0.704,-1.342,3.875,-140.000,71.000,50.000,-11.241,-32.514,-151.241,38.486
0.707,-2.095,2.865,-137.000,63.000,50.000,-17.558,-24.024,-154.558,38.976
0.705,-2.832,1.904,-134.000,58.000,47.000,-23.747,-15.956,-157.747,42.044
0.708,-3.546,0.990,-128.000,47.000,50.000,-29.742,-8.294,-157.742,38.706
0.709,-4.218,0.130,-124.000,39.000,46.000,-35.402,-1.091,-159.402,37.909
0.713,-4.835,-0.684,-120.000,30.000,50.000,-40.603,5.733,-160.603,35.733
0.711,-5.417,-1.476,-116.000,23.000,55.000,-45.518,12.370,-161.518,35.370
0.711,-6.000,-2.266,-113.000,18.000,57.000,-50.448,18.991,-163.448,36.991
0.711,-6.569,-3.037,-109.000,9.000,55.000,-55.274,25.469,-164.274,34.469
0.710,-7.106,-3.762,-107.000,3.000,46.000,-59.837,31.565,-166.837,34.565
0.712,-7.598,-4.420,-102.000,-2.000,54.000,-64.031,37.104,-166.031,35.104
0.713,-8.045,-5.012,-93.000,-6.000,53.000,-67.845,42.097,-160.845,36.097
0.713,-8.464,-5.539,-90.000,-10.000,57.000,-71.431,46.550,-161.431,36.550
0.711,-8.843,-5.973,-87.000,-15.000,58.000,-74.676,50.219,-161.676,35.219
0.713,-9.119,-6.277,-81.000,-20.000,64.000,-77.051,52.796,-158.051,32.796
0.713,-9.254,-6.395,-80.000,-21.000,58.000,-78.206,53.801,-158.206,32.801
0.712,-9.191,-6.260,-80.000,-21.000,58.000,-77.666,52.654,-157.666,31.654
0.712,-8.866,-5.797,-80.000,-21.000,52.000,-74.874,48.727,-154.874,27.727
0.713,-8.257,-4.965,-82.000,-17.000,50.000,-69.659,41.699,-151.659,24.699
0.714,-7.390,-3.783,-88.000,-10.000,45.000,-62.257,31.738,-150.257,21.738
0.711,-6.312,-2.312,-95.000,2.000,53.000,-53.098,19.382,-148.098,21.382
0.711,-5.084,-0.612,-105.000,16.000,59.000,-42.700,5.130,-147.700,21.130
0.711,-3.797,1.203,-118.000,33.000,54.000,-31.857,-10.079,-149.857,22.921
0.707,-2.545,2.971,-128.000,50.000,50.000,-21.336,-24.912,-149.336,25.088
0.705,-1.406,4.629,-133.000,60.000,47.000,-11.778,-38.863,-144.778,21.137
0.701,-0.393,6.143,-141.000,72.000,38.000,-3.288,-51.658,-144.288,20.342
0.701,0.512,7.543,-152.000,90.000,37.000,4.287,-63.557,-147.713,26.443
0.700,1.339,8.855,-159.000,103.000,40.000,11.217,-74.781,-147.783,28.219
0.698,2.143,10.067,-166.000,115.000,36.000,17.962,-85.219,-148.038,29.781
0.695,2.978,11.160,-170.000,127.000,37.000,24.969,-94.691,-145.031,32.309
0.695,3.781,12.180,-174.000,136.000,43.000,31.724,-103.602,-142.276,32.398
0.692,4.528,13.160,-176.000,142.000,26.000,38.013,-112.227,-137.987,29.773
0.691,5.223,14.057,-180.000,151.000,25.000,43.874,-120.185,-136.126,30.815
0.691,5.852,14.836,-181.000,157.000,28.000,49.199,-127.140,-131.801,29.860
0.690,6.421,15.513,-185.000,167.000,34.000,54.018,-133.233,-130.982,33.767
0.688,6.931,16.137,-187.000,170.000,32.000,58.351,-138.882,-128.649,31.118
0.690,7.398,16.739,-189.000,176.000,37.000,62.323,-144.362,-126.677,31.638
0.690,7.812,17.315,-191.000,184.000,39.000,65.856,-149.640,-125.144,34.360
0.689,8.128,17.800,-191.000,185.000,29.000,68.556,-154.108,-122.444,30.892
0.688,8.345,18.145,-193.000,190.000,35.000,70.412,-157.308,-122.588,32.692
0.688,8.464,18.372,-194.000,202.000,32.000,71.425,-159.418,-122.575,42.582
0.687,8.486,18.477,-194.000,202.000,27.000,71.613,-160.388,-122.387,41.612
0.686,8.423,18.452,-196.000,208.000,31.000,71.074,-160.156,-124.926,47.844
0.688,8.292,18.335,-196.000,206.000,36.000,69.952,-159.073,-126.048,46.927
0.687,8.096,18.135,-194.000,205.000,34.000,68.278,-157.211,-125.722,47.789
0.688,7.815,17.804,-192.000,204.000,32.000,65.879,-154.144,-126.121,49.856
0.689,7.393,17.242,-191.000,201.000,33.000,62.278,-148.969,-128.722,52.031
0.691,6.765,16.361,-186.000,198.000,30.000,56.943,-140.919,-129.057,57.081
0.693,5.911,15.160,-175.000,187.000,32.000,49.694,-130.054,-125.306,56.946
0.696,4.869,13.738,-172.000,175.000,32.000,40.892,-117.351,-131.108,57.649
0.697,3.713,12.227,-170.000,165.000,37.000,31.150,-104.017,-138.850,60.983
0.696,2.534,10.702,-167.000,151.000,44.000,21.243,-90.714,-145.757,60.286
0.698,1.394,9.241,-159.000,138.000,44.000,11.679,-78.096,-147.321,59.904
0.701,0.350,7.883,-154.000,131.000,42.000,2.933,-66.461,-151.067,64.539
0.703,-0.568,6.681,-146.000,120.000,38.000,-4.755,-56.226,-150.755,63.774
0.705,-1.343,5.658,-141.000,112.000,41.000,-11.256,-47.555,-152.256,64.445
0.705,-2.004,4.768,-137.000,102.000,46.000,-16.797,-40.041,-153.797,61.959
0.704,-2.587,3.937,-134.000,96.000,49.000,-21.686,-33.035,-155.686,62.965
0.704,-3.138,3.110,-129.000,86.000,51.000,-26.311,-26.083,-155.311,59.917
0.706,-3.687,2.269,-127.000,82.000,52.000,-30.929,-19.015,-157.929,62.985
0.707,-4.284,1.401,-123.000,77.000,44.000,-35.960,-11.740,-158.960,65.260
0.710,-4.948,0.460,-117.000,68.000,48.000,-41.553,-3.855,-158.553,64.145
0.710,-5.679,-0.576,-114.000,58.000,51.000,-47.731,4.822,-161.731,62.822
0.709,-6.467,-1.708,-110.000,49.000,53.000,-54.408,14.315,-164.408,63.315
0.710,-7.286,-2.899,-105.000,39.000,57.000,-61.372,24.306,-166.372,63.306
0.712,-8.082,-4.068,-100.000,30.000,52.000,-68.160,34.135,-168.160,64.135
0.714,-8.803,-5.119,-93.000,20.000,59.000,-74.338,43.003,-167.338,63.003
0.713,-9.385,-5.959,-91.000,14.000,49.000,-79.332,50.106,-170.332,64.106
0.713,-9.870,-6.662,-89.000,6.000,48.000,-83.515,56.066,-172.515,62.066
0.712,-10.224,-7.193,-86.000,1.000,52.000,-86.574,60.580,-172.574,61.580
0.714,-10.482,-7.575,-77.000,-3.000,58.000,-88.804,63.830,-165.804,60.830
0.713,-10.692,-7.884,-76.000,-6.000,52.000,-90.629,66.469,-166.629,60.469
0.713,-10.892,-8.188,-75.000,-8.000,58.000,-92.361,69.071,-167.361,61.071
0.712,-11.101,-8.548,-73.000,-10.000,61.000,-94.184,72.147,-167.184,62.147
0.713,-11.331,-8.995,-71.000,-12.000,50.000,-96.184,75.983,-167.184,63.983
0.718,-11.620,-9.512,-62.000,-21.000,49.000,-98.708,80.430,-160.708,59.430
0.726,-11.977,-10.035,-58.000,-23.000,50.000,-101.822,84.942,-159.822,61.942
0.727,-12.322,-10.475,-56.000,-27.000,50.000,-104.849,88.750,-160.849,61.750
0.726,-12.550,-10.765,-56.000,-34.000,47.000,-106.855,91.260,-162.855,57.260
0.727,-12.604,-10.822,-57.000,-37.000,57.000,-107.328,91.753,-164.328,54.753
0.728,-12.448,-10.576,-57.000,-37.000,53.000,-105.956,89.618,-162.956,52.618
0.725,-12.048,-9.989,-60.000,-35.000,51.000,-102.449,84.545,-162.449,49.545
0.718,-11.394,-9.081,-61.000,-29.000,46.000,-96.736,76.722,-157.736,47.722
0.715,-10.554,-7.912,-64.000,-20.000,47.000,-89.430,66.706,-153.430,46.706
0.714,-9.614,-6.601,-71.000,-8.000,46.000,-81.304,55.545,-152.304,47.545
0.717,-8.661,-5.288,-77.000,4.000,49.000,-73.114,44.426,-150.114,48.426
0.719,-7.781,-4.104,-82.000,16.000,58.000,-65.591,34.444,-147.591,50.444
0.719,-7.054,-3.153,-86.000,25.000,56.000,-59.395,26.442,-145.395,51.442
0.719,-6.523,-2.434,-91.000,32.000,57.000,-54.884,20.405,-145.884,52.405
0.715,-6.138,-1.876,-95.000,34.000,49.000,-51.617,15.721,-146.617,49.721
0.716,-5.814,-1.405,-102.000,42.000,52.000,-48.878,11.775,-150.878,53.775
0.716,-5.509,-0.930,-104.000,45.000,55.000,-46.293,7.794,-150.293,52.794
0.720,-5.175,-0.399,-106.000,47.000,54.000,-43.471,3.343,-149.471,50.343
0.716,-4.783,0.190,-110.000,52.000,56.000,-40.164,-1.593,-150.164,50.407
0.714,-4.324,0.849,-115.000,59.000,56.000,-36.296,-7.111,-151.296,51.889
0.712,-3.801,1.582,-117.000,65.000,53.000,-31.893,-13.257,-148.893,51.743
0.711,-3.257,2.341,-120.000,71.000,45.000,-27.312,-19.620,-147.312,51.380
0.711,-2.765,3.042,-123.000,79.000,45.000,-23.179,-25.507,-146.179,53.493
0.711,-2.359,3.604,-125.000,84.000,43.000,-19.774,-30.234,-144.774,53.766
0.713,-2.043,4.017,-128.000,90.000,45.000,-17.126,-33.705,-145.126,56.295
0.710,-1.816,4.309,-130.000,93.000,48.000,-15.218,-36.170,-145.218,56.830
0.714,-1.664,4.538,-131.000,93.000,52.000,-13.942,-38.097,-144.942,54.903
0.711,-1.543,4.748,-132.000,95.000,53.000,-12.930,-39.868,-144.930,55.132
0.708,-1.398,4.986,-132.000,97.000,40.000,-11.716,-41.874,-143.716,55.126
0.709,-1.204,5.303,-132.000,101.000,43.000,-10.084,-44.551,-142.084,56.449
0.707,-0.959,5.687,-135.000,105.000,40.000,-8.036,-47.800,-143.036,57.200
0.704,-0.697,6.083,-136.000,108.000,43.000,-5.840,-51.153,-141.840,56.847
0.706,-0.447,6.437,-137.000,109.000,46.000,-3.742,-54.152,-140.742,54.848
0.709,-0.225,6.714,-139.000,110.000,46.000,-1.884,-56.508,-140.884,53.492
0.705,-0.052,6.925,-139.000,116.000,48.000,-0.438,-58.303,-139.438,57.697
0.704,0.083,7.087,-142.000,118.000,36.000,0.693,-59.673,-141.307,58.327
0.706,0.184,7.217,-142.000,122.000,37.000,1.540,-60.779,-140.460,61.221
0.703,0.251,7.317,-142.000,123.000,39.000,2.102,-61.630,-139.898,61.370
0.707,0.331,7.410,-142.000,123.000,42.000,2.773,-62.426,-139.227,60.574
0.707,0.444,7.543,-142.000,123.000,36.000,3.721,-63.561,-138.279,59.439
0.706,0.591,7.745,-144.000,126.000,46.000,4.954,-65.282,-139.046,60.718
0.706,0.760,7.993,-144.000,129.000,47.000,6.367,-67.400,-137.633,61.600
0.707,0.962,8.290,-150.000,133.000,45.000,8.056,-69.939,-141.944,63.061
0.703,1.224,8.619,-154.000,135.000,33.000,10.257,-72.758,-143.743,62.242
0.703,1.522,8.969,-154.000,137.000,33.000,12.755,-75.755,-141.245,61.245
0.703,1.830,9.347,-155.000,139.000,30.000,15.333,-79.010,-139.667,59.990
0.703,2.122,9.768,-156.000,143.000,36.000,17.786,-82.637,-138.214,60.363
0.703,2.408,10.179,-156.000,150.000,39.000,20.187,-86.186,-135.813,63.814
0.701,2.663,10.549,-158.000,153.000,36.000,22.322,-89.386,-135.678,63.614
0.700,2.852,10.864,-158.000,153.000,43.000,23.914,-92.121,-134.086,60.879
0.700,2.990,11.111,-158.000,154.000,28.000,25.071,-94.269,-132.929,59.731
0.700,3.084,11.283,-160.000,156.000,28.000,25.858,-95.767,-134.142,60.233
0.699,3.136,11.390,-160.000,164.000,30.000,26.297,-96.699,-133.703,67.301
0.700,3.148,11.458,-158.000,162.000,33.000,26.401,-97.288,-131.599,64.712
0.700,3.145,11.498,-159.000,166.000,36.000,26.373,-97.638,-132.627,68.362
0.700,3.156,11.539,-157.000,165.000,46.000,26.466,-98.000,-130.534,67.000
0.698,3.207,11.615,-157.000,165.000,41.000,26.895,-98.664,-130.105,66.336
0.698,3.301,11.730,-158.000,166.000,33.000,27.688,-99.666,-130.312,66.334
0.699,3.405,11.877,-160.000,168.000,33.000,28.563,-100.947,-131.437,67.053
0.697,3.498,12.032,-161.000,168.000,31.000,29.337,-102.306,-131.663,65.694
0.696,3.566,12.163,-161.000,168.000,30.000,29.915,-103.459,-131.085,64.541
0.697,3.607,12.245,-162.000,168.000,36.000,30.262,-104.176,-131.738,63.824
0.699,3.638,12.283,-163.000,168.000,43.000,30.522,-104.511,-132.478,63.489
0.698,3.680,12.323,-163.000,168.000,36.000,30.868,-104.856,-132.132,63.144
0.699,3.757,12.388,-163.000,168.000,28.000,31.520,-105.427,-131.480,62.573
0.697,3.853,12.484,-163.000,169.000,31.000,32.325,-106.276,-130.675,62.724
0.700,3.941,12.576,-163.000,169.000,30.000,33.070,-107.081,-129.930,61.919
0.699,4.018,12.646,-165.000,169.000,29.000,33.713,-107.695,-131.287,61.305
0.698,4.082,12.682,-165.000,172.000,33.000,34.257,-108.014,-130.743,63.986
0.697,4.116,12.679,-165.000,176.000,37.000,34.539,-107.987,-130.461,68.013
0.695,4.086,12.626,-166.000,177.000,35.000,34.286,-107.524,-131.714,69.476
0.698,3.988,12.497,-166.000,177.000,26.000,33.463,-106.387,-132.537,70.613
0.696,3.830,12.303,-166.000,175.000,29.000,32.138,-104.682,-133.862,70.318
0.700,3.638,12.055,-166.000,174.000,31.000,30.521,-102.505,-135.479,71.495
0.700,3.423,11.749,-164.000,174.000,31.000,28.715,-99.828,-135.285,74.172
0.700,3.178,11.389,-163.000,174.000,32.000,26.651,-96.690,-136.349,77.310
0.700,2.880,10.976,-161.000,169.000,37.000,24.147,-93.096,-136.853,75.904
0.703,2.547,10.527,-159.000,161.000,43.000,21.352,-89.197,-137.648,71.803
0.702,2.197,10.071,-156.000,158.000,45.000,18.413,-85.249,-137.587,72.751
0.703,1.838,9.606,-155.000,157.000,32.000,15.406,-81.237,-139.594,75.763
0.703,1.460,9.104,-155.000,154.000,35.000,12.236,-76.914,-142.764,77.086
0.701,1.057,8.544,-152.000,146.000,36.000,8.855,-72.112,-143.145,73.888
0.701,0.617,7.933,-150.000,143.000,40.000,5.169,-66.886,-144.831,76.114
0.702,0.140,7.287,-147.000,137.000,48.000,1.175,-61.381,-145.825,75.619
0.703,-0.371,6.637,-142.000,130.000,46.000,-3.105,-55.853,-145.105,74.147
0.704,-0.894,5.985,-139.000,126.000,46.000,-7.491,-50.325,-146.491,75.675
0.704,-1.419,5.316,-137.000,120.000,41.000,-11.888,-44.664,-148.888,75.336
0.705,-1.921,4.634,-134.000,112.000,44.000,-16.101,-38.905,-150.101,73.095
0.706,-2.382,3.983,-133.000,108.000,42.000,-19.971,-33.425,-152.971,74.575
0.707,-2.799,3.400,-129.000,100.000,44.000,-23.467,-28.520,-152.467,71.480
0.711,-3.187,2.878,-126.000,95.000,50.000,-26.731,-24.129,-152.731,70.871
0.707,-3.567,2.361,-125.000,92.000,54.000,-29.920,-19.792,-154.920,72.208
0.708,-3.955,1.813,-121.000,85.000,59.000,-33.188,-15.194,-154.188,69.806
0.709,-4.365,1.222,-119.000,81.000,49.000,-36.640,-10.241,-155.640,70.759
0.711,-4.789,0.639,-117.000,77.000,53.000,-40.211,-5.353,-157.211,71.647
0.712,-5.190,0.100,-113.000,73.000,44.000,-43.599,-0.836,-156.599,72.164
0.714,-5.541,-0.394,-104.000,63.000,52.000,-46.569,3.300,-150.569,66.300
0.710,-5.867,-0.838,-103.000,60.000,51.000,-49.328,7.023,-152.328,67.023
0.712,-6.184,-1.253,-101.000,57.000,54.000,-52.009,10.497,-153.009,67.497
0.714,-6.496,-1.642,-99.000,52.000,61.000,-54.654,13.763,-153.654,65.763
0.711,-6.793,-1.999,-96.000,50.000,50.000,-57.181,16.753,-153.181,66.753
0.713,-7.055,-2.339,-96.000,46.000,46.000,-59.403,19.603,-155.403,65.603
0.715,-7.293,-2.675,-94.000,44.000,51.000,-61.426,22.423,-155.426,66.423
0.712,-7.515,-3.008,-90.000,43.000,47.000,-63.324,25.225,-153.324,68.225
0.711,-7.722,-3.319,-84.000,40.000,53.000,-65.089,27.836,-149.089,67.836
0.713,-7.911,-3.591,-81.000,38.000,59.000,-66.700,30.127,-147.700,68.127
0.713,-8.058,-3.805,-81.000,35.000,56.000,-67.952,31.925,-148.952,66.925
0.713,-8.116,-3.933,-81.000,35.000,50.000,-68.450,33.002,-149.450,68.002
0.715,-8.061,-3.915,-81.000,35.000,48.000,-67.984,32.853,-148.984,67.853
0.716,-7.882,-3.679,-81.000,35.000,46.000,-66.450,30.867,-147.450,65.867
0.716,-7.556,-3.210,-81.000,36.000,57.000,-63.674,26.921,-144.674,62.921
0.715,-7.086,-2.528,-85.000,40.000,50.000,-59.669,21.195,-144.669,61.195
0.715,-6.508,-1.723,-90.000,44.000,60.000,-54.758,14.437,-144.758,58.437
0.714,-5.892,-0.886,-98.000,51.000,60.000,-49.534,7.420,-147.534,58.420
0.713,-5.303,-0.072,-103.000,57.000,58.000,-44.553,0.604,-147.553,57.604
0.713,-4.787,0.675,-106.000,63.000,50.000,-40.200,-5.659,-146.200,57.341
0.715,-4.354,1.338,-108.000,70.000,50.000,-36.543,-11.211,-144.543,58.789
0.713,-3.982,1.909,-112.000,72.000,53.000,-33.413,-16.003,-145.413,55.997
0.709,-3.647,2.386,-116.000,79.000,47.000,-30.596,-19.996,-146.596,59.004
0.706,-3.353,2.793,-118.000,85.000,49.000,-28.124,-23.414,-146.124,61.586
0.708,-3.098,3.158,-120.000,86.000,44.000,-25.979,-26.481,-145.979,59.519
0.707,-2.878,3.485,-121.000,86.000,56.000,-24.128,-29.233,-145.128,56.767
0.709,-2.655,3.814,-123.000,88.000,42.000,-22.259,-32.003,-145.259,55.997
0.710,-2.389,4.177,-130.000,96.000,41.000,-20.025,-35.051,-150.025,60.949
0.709,-2.093,4.586,-130.000,100.000,45.000,-17.544,-38.500,-147.544,61.500
0.707,-1.768,5.044,-131.000,102.000,47.000,-14.819,-42.365,-145.819,59.635
0.708,-1.417,5.544,-134.000,107.000,43.000,-11.877,-46.587,-145.877,60.413
0.708,-1.052,6.056,-139.000,114.000,51.000,-8.818,-50.927,-147.818,63.073
0.705,-0.695,6.555,-140.000,116.000,51.000,-5.821,-55.153,-145.821,60.847
0.704,-0.358,6.999,-141.000,119.000,36.000,-3.001,-58.929,-144.001,60.071
0.702,-0.079,7.355,-143.000,126.000,34.000,-0.665,-61.957,-143.665,64.043
0.704,0.113,7.612,-144.000,129.000,36.000,0.943,-64.149,-143.057,64.851
0.704,0.231,7.785,-145.000,131.000,37.000,1.939,-65.622,-143.061,65.378
0.704,0.330,7.926,-147.000,132.000,45.000,2.763,-66.826,-144.237,65.174
0.704,0.459,8.085,-147.000,132.000,49.000,3.848,-68.186,-143.152,63.814
0.703,0.613,8.274,-148.000,133.000,46.000,5.132,-69.804,-142.868,63.196
0.704,0.760,8.474,-148.000,133.000,34.000,6.368,-71.512,-141.632,61.488
0.705,0.904,8.667,-148.000,134.000,38.000,7.577,-73.164,-140.423,60.836
0.703,1.060,8.855,-149.000,143.000,35.000,8.882,-74.781,-140.118,68.219
0.704,1.211,9.049,-151.000,145.000,36.000,10.148,-76.446,-140.852,68.554
0.705,1.344,9.234,-153.000,146.000,34.000,11.258,-78.035,-141.742,67.965
0.703,1.461,9.403,-153.000,146.000,40.000,12.239,-79.493,-140.761,66.507
0.701,1.573,9.567,-153.000,146.000,41.000,13.178,-80.905,-139.822,65.095
0.701,1.681,9.716,-153.000,147.000,41.000,14.087,-82.185,-138.913,64.815
0.702,1.766,9.831,-154.000,147.000,34.000,14.800,-83.177,-139.200,63.823
0.702,1.811,9.881,-155.000,149.000,29.000,15.178,-83.608,-139.822,65.392
0.701,1.789,9.831,-155.000,149.000,33.000,14.994,-83.178,-140.006,65.822
0.702,1.678,9.654,-155.000,148.000,35.000,14.060,-81.647,-140.940,66.353
0.702,1.473,9.343,-155.000,148.000,42.000,12.343,-78.975,-142.657,69.025
0.702,1.195,8.915,-154.000,146.000,43.000,10.012,-75.299,-143.988,70.701
0.702,0.856,8.408,-153.000,143.000,48.000,7.171,-70.948,-145.829,72.052
0.703,0.478,7.851,-151.000,139.000,36.000,4.002,-66.190,-146.998,72.810
0.704,0.075,7.271,-147.000,137.000,40.000,0.625,-61.241,-146.375,75.759
0.705,-0.340,6.713,-142.000,128.000,41.000,-2.851,-56.499,-144.851,71.501
0.706,-0.712,6.181,-140.000,121.000,40.000,-5.964,-51.983,-145.964,69.017
0.708,-1.042,5.691,-139.000,118.000,45.000,-8.733,-47.837,-147.733,70.163
0.706,-1.364,5.246,-137.000,111.000,52.000,-11.426,-44.070,-148.426,66.930
0.705,-1.672,4.838,-137.000,107.000,52.000,-14.011,-40.631,-151.011,66.369
0.706,-1.960,4.464,-135.000,107.000,46.000,-16.423,-37.471,-151.423,69.529
0.705,-2.247,4.100,-133.000,104.000,38.000,-18.832,-34.410,-151.832,69.590
0.706,-2.550,3.707,-132.000,101.000,46.000,-21.378,-31.103,-153.378,69.897
0.707,-2.883,3.250,-126.000,94.000,43.000,-24.175,-27.256,-150.175,66.744
0.708,-3.257,2.713,-123.000,90.000,48.000,-27.314,-22.749,-150.314,67.251
0.706,-3.688,2.101,-121.000,84.000,54.000,-30.936,-17.610,-151.936,66.390
0.709,-4.167,1.434,-117.000,77.000,51.000,-34.967,-12.017,-151.967,64.983
0.712,-4.658,0.765,-115.000,74.000,45.000,-39.111,-6.407,-154.111,67.593
0.712,-5.105,0.143,-112.000,68.000,49.000,-42.877,-1.199,-154.877,66.801
0.712,-5.475,-0.386,-107.000,61.000,48.000,-46.004,3.236,-153.004,64.236
0.712,-5.759,-0.815,-106.000,58.000,50.000,-48.414,6.830,-154.414,64.830
0.713,-5.988,-1.159,-105.000,52.000,54.000,-50.347,9.712,-155.347,61.712
0.713,-6.200,-1.452,-103.000,49.000,54.000,-52.141,12.166,-155.141,61.166
0.713,-6.404,-1.734,-103.000,47.000,60.000,-53.874,14.534,-156.874,61.534
0.713,-6.608,-2.031,-103.000,46.000,48.000,-55.605,17.020,-158.605,63.020
0.713,-6.831,-2.340,-100.000,44.000,49.000,-57.499,19.615,-157.499,63.615
0.710,-7.082,-2.683,-99.000,41.000,49.000,-59.634,22.492,-158.634,63.492
0.712,-7.356,-3.063,-96.000,37.000,48.000,-61.967,25.683,-157.967,62.683
0.710,-7.651,-3.471,-95.000,33.000,54.000,-64.483,29.114,-159.483,62.114
0.712,-7.968,-3.900,-93.000,30.000,56.000,-67.187,32.722,-160.188,62.722
0.715,-8.293,-4.340,-89.000,28.000,55.000,-69.967,36.430,-158.967,64.430
0.712,-8.608,-4.760,-81.000,22.000,55.000,-72.662,39.971,-153.662,61.971
0.712,-8.895,-5.136,-80.000,20.000,51.000,-75.122,43.140,-155.122,63.140
0.713,-9.139,-5.453,-77.000,19.000,51.000,-77.223,45.818,-154.223,64.818
0.712,-9.335,-5.710,-75.000,18.000,49.000,-78.907,47.997,-153.907,65.997
0.713,-9.483,-5.911,-67.000,14.000,49.000,-80.178,49.694,-147.178,63.694
0.711,-9.597,-6.049,-67.000,13.000,52.000,-81.156,50.861,-148.156,63.861
0.709,-9.672,-6.136,-66.000,12.000,56.000,-81.809,51.602,-147.809,63.602
0.712,-9.711,-6.183,-64.000,12.000,58.000,-82.139,51.998,-146.139,63.998
0.712,-9.726,-6.199,-64.000,11.000,50.000,-82.273,52.134,-146.273,63.134
0.710,-9.732,-6.200,-65.000,11.000,51.000,-82.327,52.141,-147.327,63.141
0.712,-9.730,-6.182,-65.000,11.000,52.000,-82.304,51.990,-147.304,62.990
0.712,-9.699,-6.130,-64.000,11.000,45.000,-82.042,51.549,-146.042,62.549
0.712,-9.619,-6.025,-65.000,11.000,52.000,-81.350,50.663,-146.350,61.663
0.714,-9.479,-5.845,-65.000,13.000,56.000,-80.144,49.140,-145.144,62.140
0.712,-9.261,-5.557,-67.000,14.000,55.000,-78.269,46.701,-145.269,60.701
0.712,-8.943,-5.124,-71.000,15.000,51.000,-75.532,43.045,-146.532,58.045
0.711,-8.510,-4.528,-73.000,19.000,46.000,-71.819,38.011,-144.819,57.011
0.712,-7.980,-3.797,-76.000,25.000,50.000,-67.290,31.853,-143.290,56.853
0.712,-7.393,-3.006,-82.000,33.000,45.000,-62.284,25.205,-144.284,58.205
0.711,-6.814,-2.222,-84.000,42.000,56.000,-57.352,18.625,-141.352,60.625
0.713,-6.293,-1.516,-89.000,49.000,54.000,-52.936,12.705,-141.936,61.705
0.713,-5.852,-0.926,-93.000,51.000,53.000,-49.196,7.759,-142.196,58.759
0.712,-5.497,-0.450,-98.000,53.000,52.000,-46.195,3.771,-144.195,56.771
0.710,-5.218,-0.077,-105.000,56.000,50.000,-43.840,0.643,-148.840,56.643
0.708,-5.007,0.226,-105.000,59.000,50.000,-42.057,-1.895,-147.057,57.105
0.708,-4.835,0.501,-106.000,61.000,55.000,-40.602,-4.195,-146.602,56.805
0.709,-4.638,0.815,-108.000,62.000,53.000,-38.937,-6.828,-146.937,55.172
0.709,-4.354,1.233,-112.000,68.000,50.000,-36.549,-10.327,-148.549,57.673
0.710,-3.964,1.783,-115.000,74.000,54.000,-33.259,-14.946,-148.259,59.054
0.708,-3.487,2.473,-117.000,78.000,57.000,-29.250,-20.732,-146.250,57.268
0.710,-2.927,3.281,-119.000,83.000,44.000,-24.541,-27.516,-143.541,55.484
0.707,-2.307,4.200,-125.000,91.000,44.000,-19.338,-35.249,-144.338,55.751
0.705,-1.653,5.170,-130.000,100.000,48.000,-13.852,-43.430,-143.852,56.570
0.703,-0.993,6.105,-137.000,107.000,43.000,-8.317,-51.337,-145.317,55.663
0.703,-0.405,6.925,-143.000,117.000,42.000,-3.393,-58.298,-146.393,58.702
0.704,0.076,7.641,-147.000,124.000,44.000,0.637,-64.395,-146.363,59.605
0.704,0.481,8.261,-148.000,130.000,43.000,4.030,-69.690,-143.970,60.310
0.701,0.848,8.798,-151.000,135.000,34.000,7.106,-74.290,-143.894,60.710
0.700,1.186,9.257,-154.000,139.000,32.000,9.938,-78.235,-144.062,60.765
0.700,1.475,9.633,-156.000,140.000,30.000,12.360,-81.472,-143.640,58.528
0.699,1.707,9.930,-156.000,144.000,38.000,14.304,-84.030,-141.696,59.970
0.699,1.872,10.152,-157.000,150.000,39.000,15.685,-85.949,-141.315,64.051
0.698,1.964,10.298,-159.000,153.000,41.000,16.457,-87.212,-142.543,65.788
0.700,2.030,10.393,-159.000,153.000,46.000,17.011,-88.039,-141.989,64.961
0.700,2.107,10.495,-159.000,153.000,29.000,17.658,-88.921,-141.342,64.079
0.698,2.205,10.634,-158.000,154.000,29.000,18.485,-90.126,-139.515,63.874
0.701,2.331,10.809,-159.000,154.000,25.000,19.538,-91.646,-139.462,62.354
0.700,2.476,11.015,-159.000,154.000,30.000,20.752,-93.433,-138.248,60.567
0.698,2.640,11.208,-159.000,154.000,32.000,22.130,-95.110,-136.870,58.890
0.699,2.763,11.341,-161.000,156.000,39.000,23.162,-96.275,-137.838,59.725
0.699,2.805,11.378,-161.000,162.000,39.000,23.519,-96.594,-137.481,65.406
0.699,2.758,11.287,-162.000,166.000,27.000,23.123,-95.802,-138.877,70.198
0.701,2.607,11.052,-162.000,162.000,26.000,21.858,-93.758,-140.142,68.242
0.701,2.371,10.713,-161.000,160.000,34.000,19.871,-90.808,-141.129,69.192
0.701,2.092,10.314,-159.000,159.000,34.000,17.536,-87.350,-141.464,71.650
0.700,1.817,9.887,-157.000,158.000,33.000,15.225,-83.664,-141.775,74.336
0.700,1.553,9.468,-157.000,156.000,40.000,13.011,-80.052,-143.989,75.948
0.700,1.258,9.051,-154.000,149.000,44.000,10.542,-76.465,-143.458,72.535
0.701,0.899,8.581,-152.000,145.000,34.000,7.532,-72.431,-144.468,72.569
0.702,0.469,8.008,-149.000,139.000,35.000,3.925,-67.527,-145.075,71.473
0.702,-0.040,7.298,-148.000,131.000,37.000,-0.336,-61.470,-148.336,69.530
0.702,-0.629,6.462,-145.000,127.000,41.000,-5.271,-54.368,-150.271,72.632
0.703,-1.285,5.536,-142.000,119.000,46.000,-10.771,-46.523,-152.771,72.477
0.705,-1.983,4.561,-140.000,113.000,47.000,-16.621,-38.290,-156.621,74.710
0.705,-2.681,3.567,-132.000,103.000,51.000,-22.475,-29.920,-154.475,73.080
0.706,-3.330,2.602,-123.000,92.000,48.000,-27.925,-21.815,-150.925,70.185
0.708,-3.898,1.744,-122.000,86.000,46.000,-32.710,-14.615,-154.710,71.385
0.710,-4.366,1.043,-120.000,79.000,48.000,-36.645,-8.738,-156.645,70.262
0.712,-4.728,0.524,-115.000,72.000,51.000,-39.697,-4.388,-154.697,67.612
0.707,-4.995,0.144,-111.000,68.000,47.000,-41.956,-1.203,-152.956,66.797
0.711,-5.213,-0.187,-111.000,64.000,53.000,-43.793,1.570,-154.793,65.570
0.712,-5.454,-0.563,-109.000,62.000,59.000,-45.828,4.715,-154.828,66.715
0.711,-5.763,-1.040,-108.000,60.000,57.000,-48.445,8.713,-156.445,68.713
0.713,-6.146,-1.603,-104.000,55.000,47.000,-51.684,13.436,-155.684,68.436
0.712,-6.593,-2.225,-102.000,49.000,47.000,-55.479,18.646,-157.479,67.646
0.710,-7.074,-2.868,-100.000,43.000,53.000,-59.563,24.046,-159.563,67.046
0.712,-7.528,-3.505,-96.000,37.000,49.000,-63.435,29.399,-159.435,66.399
0.713,-7.926,-4.092,-94.000,33.000,57.000,-66.827,34.338,-160.827,67.338
0.713,-8.236,-4.569,-94.000,31.000,53.000,-69.480,38.357,-163.480,69.357
0.712,-8.435,-4.893,-90.000,24.000,58.000,-71.183,41.091,-161.183,65.091
0.711,-8.509,-5.073,-87.000,22.000,44.000,-71.816,42.611,-158.816,64.611
0.715,-8.496,-5.138,-86.000,21.000,46.000,-71.703,43.158,-157.703,64.158
0.712,-8.467,-5.112,-86.000,19.000,52.000,-71.458,42.944,-157.458,61.944
0.712,-8.428,-5.019,-86.000,19.000,52.000,-71.123,42.155,-157.123,61.155
0.713,-8.346,-4.859,-86.000,19.000,59.000,-70.418,40.803,-156.418,59.803
0.714,-8.188,-4.596,-87.000,20.000,57.000,-69.070,38.589,-156.070,58.589
0.715,-7.924,-4.196,-91.000,23.000,58.000,-66.814,35.217,-157.814,58.217
0.713,-7.536,-3.616,-92.000,26.000,49.000,-63.497,30.332,-155.497,56.332
0.713,-7.004,-2.839,-96.000,28.000,52.000,-58.970,23.806,-154.970,51.806
0.712,-6.324,-1.871,-100.000,41.000,48.000,-53.193,15.677,-153.193,56.677
0.715,-5.533,-0.782,-106.000,51.000,50.000,-46.497,6.550,-152.497,57.550
0.711,-4.696,0.340,-115.000,62.000,51.000,-39.431,-2.847,-154.431,59.153
0.712,-3.855,1.424,-121.000,70.000,54.000,-32.343,-11.932,-153.343,58.068
0.710,-3.030,2.446,-127.000,79.000,56.000,-25.404,-20.507,-152.404,58.493
0.709,-2.260,3.455,-131.000,86.000,43.000,-18.947,-28.978,-149.947,57.022
0.708,-1.559,4.443,-137.000,95.000,47.000,-13.064,-37.298,-150.064,57.702
0.703,-0.909,5.374,-145.000,105.000,44.000,-7.612,-45.152,-152.612,59.848
0.706,-0.315,6.237,-150.000,111.000,41.000,-2.642,-52.454,-152.642,58.546
0.705,0.209,7.019,-153.000,120.000,41.000,1.748,-59.100,-151.252,60.900
0.704,0.669,7.702,-156.000,125.000,41.000,5.604,-64.918,-150.396,60.082
0.702,1.050,8.276,-159.000,133.000,43.000,8.798,-69.818,-150.202,63.182
0.702,1.343,8.730,-161.000,137.000,44.000,11.252,-73.711,-149.748,63.289
0.700,1.562,9.078,-162.000,139.000,34.000,13.091,-76.697,-148.909,62.303
0.701,1.727,9.370,-164.000,141.000,33.000,14.473,-79.207,-149.527,61.793
0.700,1.871,9.612,-164.000,148.000,33.000,15.679,-81.286,-148.321,66.714
0.700,2.008,9.832,-164.000,149.000,38.000,16.833,-83.190,-147.167,65.810
0.701,2.115,9.994,-166.000,150.000,33.000,17.728,-84.586,-148.272,65.414
0.699,2.169,10.090,-166.000,151.000,41.000,18.180,-85.418,-147.820,65.582
0.699,2.178,10.093,-166.000,152.000,42.000,18.257,-85.438,-147.743,66.562
0.703,2.136,9.994,-166.000,152.000,31.000,17.905,-84.583,-148.095,67.417
0.701,2.030,9.792,-166.000,151.000,32.000,17.015,-82.841,-148.985,68.159
0.701,1.835,9.485,-166.000,146.000,34.000,15.375,-80.196,-150.625,65.804
0.699,1.528,9.048,-164.000,144.000,36.000,12.801,-76.438,-151.199,67.562
0.702,1.105,8.465,-161.000,143.000,41.000,9.259,-71.439,-151.741,71.561
0.702,0.595,7.763,-160.000,140.000,48.000,4.986,-65.432,-155.014,74.568
0.702,0.038,6.994,-158.000,133.000,49.000,0.322,-58.882,-157.678,74.118
0.701,-0.562,6.190,-156.000,127.000,37.000,-4.712,-52.062,-160.712,74.938
0.703,-1.203,5.365,-152.000,120.000,42.000,-10.082,-45.079,-162.082,74.921
0.705,-1.847,4.532,-147.000,110.000,43.000,-15.478,-38.050,-162.478,71.950
0.707,-2.454,3.728,-144.000,102.000,43.000,-20.568,-31.276,-164.568,70.724
0.706,-3.007,2.987,-141.000,97.000,54.000,-25.211,-25.048,-166.211,71.952
0.706,-3.518,2.321,-137.000,88.000,55.000,-29.510,-19.452,-166.510,68.548
0.707,-3.988,1.714,-134.000,82.000,59.000,-33.467,-14.365,-167.467,67.635
0.709,-4.419,1.143,-132.000,80.000,49.000,-37.096,-9.576,-169.096,70.424
0.710,-4.813,0.615,-130.000,75.000,46.000,-40.414,-5.153,-170.414,69.847
0.711,-5.179,0.131,-126.000,69.000,47.000,-43.504,-1.095,-169.504,67.905
0.710,-5.515,-0.332,-124.000,65.000,49.000,-46.343,2.779,-170.343,67.779
0.710,-5.819,-0.761,-120.000,62.000,46.000,-48.920,6.373,-168.920,68.373
0.710,-6.072,-1.128,-114.000,58.000,55.000,-51.058,9.453,-165.058,67.453
0.711,-6.280,-1.419,-111.000,56.000,58.000,-52.822,11.890,-163.822,67.890
0.707,-6.430,-1.609,-110.000,54.000,58.000,-54.097,13.484,-164.097,67.484
0.709,-6.479,-1.665,-110.000,54.000,46.000,-54.514,13.951,-164.514,67.951
0.712,-6.390,-1.542,-110.000,54.000,50.000,-53.756,12.922,-163.756,66.922
0.711,-6.140,-1.171,-110.000,54.000,45.000,-51.634,9.814,-161.634,63.814
0.712,-5.669,-0.497,-113.000,57.000,51.000,-47.651,4.163,-160.651,61.163
0.711,-4.973,0.466,-117.000,63.000,52.000,-41.769,-3.905,-158.769,59.095
0.711,-4.113,1.665,-124.000,74.000,56.000,-34.517,-13.955,-158.517,60.045
0.710,-3.176,2.973,-135.000,85.000,54.000,-26.638,-24.925,-161.638,60.075
0.709,-2.271,4.244,-142.000,94.000,38.000,-19.036,-35.619,-161.036,58.381
0.707,-1.507,5.355,-147.000,105.000,43.000,-12.629,-44.989,-159.629,60.011
0.707,-0.932,6.244,-152.000,117.000,36.000,-7.812,-52.520,-159.812,64.480
0.705,-0.492,6.932,-155.000,120.000,43.000,-4.122,-58.361,-159.122,61.639
0.704,-0.112,7.497,-157.000,123.000,40.000,-0.938,-63.170,-157.938,59.830
0.705,0.277,8.026,-160.000,131.000,47.000,2.324,-67.685,-157.676,63.315
0.704,0.698,8.587,-165.000,137.000,45.000,5.851,-72.482,-159.149,64.518
0.704,1.153,9.217,-167.000,142.000,30.000,9.664,-77.889,-157.336,64.111
0.703,1.626,9.920,-169.000,149.000,28.000,13.624,-83.946,-155.376,65.054
0.700,2.117,10.656,-170.000,151.000,33.000,17.743,-90.312,-152.257,60.688
0.698,2.644,11.389,-172.000,159.000,33.000,22.165,-96.689,-149.835,62.311
0.697,3.191,12.121,-176.000,166.000,33.000,26.759,-103.090,-149.241,62.910
0.696,3.779,12.887,-177.000,169.000,40.000,31.707,-109.822,-145.293,59.178
0.697,4.359,13.640,-178.000,178.000,36.000,36.591,-116.483,-141.409,61.517
0.698,4.853,14.324,-180.000,183.000,29.000,40.756,-122.565,-139.244,60.435
0.693,5.283,14.925,-182.000,184.000,29.000,44.383,-127.939,-137.617,56.061
0.691,5.652,15.448,-186.000,190.000,30.000,47.503,-132.643,-138.497,57.357
0.692,5.964,15.896,-189.000,196.000,31.000,50.145,-136.697,-138.855,59.303
0.693,6.170,16.179,-189.000,198.000,35.000,51.888,-139.261,-137.112,58.739
0.693,6.175,16.181,-188.000,198.000,38.000,51.937,-139.279,-136.063,58.721
0.692,5.925,15.832,-189.000,198.000,37.000,49.817,-136.114,-139.183,61.886
0.693,5.408,15.111,-189.000,198.000,26.000,45.444,-129.612,-143.556,68.388
0.694,4.655,14.064,-186.000,193.000,28.000,39.083,-120.248,-146.917,72.752
0.698,3.746,12.796,-183.000,186.000,28.000,31.426,-109.015,-151.574,76.985
0.699,2.766,11.455,-182.000,177.000,31.000,23.194,-97.264,-158.806,79.736
0.701,1.807,10.125,-180.000,167.000,39.000,15.146,-85.713,-164.854,81.287
0.701,0.883,8.838,-175.000,155.000,48.000,7.397,-74.638,-167.603,80.362
0.701,-0.004,7.619,-170.000,146.000,48.000,-0.035,-64.205,-170.035,81.795
0.703,-0.810,6.496,-166.000,134.000,50.000,-6.785,-54.654,-172.785,79.346
0.706,-1.492,5.523,-163.000,126.000,38.000,-12.501,-46.412,-175.501,79.588
0.704,-2.043,4.718,-160.000,118.000,45.000,-17.119,-39.617,-177.119,78.383
0.705,-2.493,4.047,-157.000,115.000,42.000,-20.895,-33.959,-177.895,81.041
0.703,-2.878,3.477,-152.000,106.000,45.000,-24.129,-29.167,-176.129,76.833
0.708,-3.252,2.943,-149.000,102.000,46.000,-27.274,-24.680,-176.274,77.320
0.707,-3.655,2.362,-148.000,98.000,54.000,-30.658,-19.798,-178.658,78.202
0.709,-4.106,1.691,-143.000,89.000,57.000,-34.458,-14.170,-177.458,74.830
0.709,-4.598,0.961,-140.000,85.000,45.000,-38.607,-8.055,-178.607,76.945
0.709,-5.101,0.225,-135.000,81.000,51.000,-42.849,-1.882,-177.849,79.118
0.710,-5.585,-0.481,-127.000,73.000,56.000,-46.935,4.033,-173.935,77.033
0.711,-6.044,-1.128,-125.000,68.000,48.000,-50.825,9.448,-175.825,77.448
0.712,-6.463,-1.700,-123.000,60.000,55.000,-54.374,14.246,-177.374,74.246
0.711,-6.822,-2.181,-120.000,55.000,54.000,-57.425,18.280,-177.425,73.280
0.713,-7.096,-2.560,-117.000,52.000,58.000,-59.751,21.457,-176.751,73.457
0.715,-7.291,-2.824,-117.000,50.000,50.000,-61.414,23.679,-178.414,73.679
0.713,-7.423,-2.998,-116.000,45.000,47.000,-62.535,25.138,-178.535,70.138
0.711,-7.492,-3.106,-114.000,43.000,53.000,-63.126,26.048,-177.126,69.048
0.713,-7.506,-3.143,-114.000,41.000,45.000,-63.243,26.358,-177.243,67.358
0.714,-7.464,-3.061,-113.000,42.000,53.000,-62.887,25.670,-175.887,67.670
0.714,-7.324,-2.788,-113.000,43.000,61.000,-61.694,23.376,-174.694,66.376
0.714,-7.005,-2.228,-115.000,46.000,60.000,-58.983,18.678,-173.983,64.678
0.713,-6.456,-1.322,-117.000,50.000,46.000,-54.314,11.079,-171.314,61.079
0.713,-5.659,-0.070,-123.000,53.000,48.000,-47.562,0.586,-170.562,53.586
0.709,-4.634,1.434,-130.000,64.000,47.000,-38.907,-12.018,-168.907,51.982
0.709,-3.448,3.035,-137.000,77.000,45.000,-28.921,-25.450,-165.921,51.550
0.708,-2.233,4.606,-143.000,91.000,46.000,-18.720,-38.669,-161.720,52.331
0.705,-1.097,6.082,-152.000,105.000,46.000,-9.194,-51.142,-161.194,53.858
0.706,-0.093,7.424,-157.000,113.000,46.000,-0.776,-62.541,-157.776,50.459
0.704,0.778,8.590,-163.000,124.000,48.000,6.521,-72.503,-156.479,51.497
0.702,1.521,9.592,-164.000,127.000,31.000,12.746,-81.114,-151.254,45.886
0.698,2.157,10.450,-165.000,133.000,30.000,18.083,-88.532,-146.917,44.468
0.699,2.729,11.208,-169.000,140.000,34.000,22.880,-95.112,-146.120,44.888
0.697,3.303,11.936,-169.000,142.000,38.000,27.701,-101.466,-141.299,40.534
0.696,3.929,12.682,-169.000,142.000,37.000,32.964,-108.016,-136.036,33.984
0.696,4.602,13.453,-170.000,151.000,37.000,38.640,-114.826,-131.360,36.174
0.694,5.219,14.159,-174.000,157.000,37.000,43.842,-121.096,-130.158,35.904
0.694,5.731,14.706,-174.000,157.000,28.000,48.170,-125.982,-125.830,31.018
0.691,6.111,15.040,-180.000,158.000,25.000,51.391,-128.975,-128.609,29.025
0.694,6.321,15.165,-185.000,160.000,35.000,53.167,-130.102,-131.833,29.898
0.693,6.339,15.094,-185.000,162.000,29.000,53.320,-129.460,-131.680,32.540
0.693,6.189,14.848,-185.000,161.000,35.000,52.055,-127.248,-132.945,33.752
0.695,5.913,14.457,-185.000,157.000,35.000,49.713,-123.754,-135.287,33.246
0.695,5.506,13.941,-184.000,154.000,37.000,46.267,-119.153,-137.733,34.847
0.695,4.982,13.296,-183.000,153.000,25.000,41.843,-113.436,-141.157,39.564
0.696,4.358,12.522,-181.000,147.000,28.000,36.579,-106.611,-144.421,40.389
0.699,3.674,11.628,-177.000,139.000,33.000,30.824,-98.777,-146.176,40.223
0.698,2.965,10.629,-172.000,129.000,34.000,24.860,-90.084,-147.140,38.916
0.701,2.263,9.570,-169.000,119.000,36.000,18.969,-80.926,-150.031,38.074
0.702,1.581,8.521,-164.000,109.000,48.000,13.250,-71.919,-150.750,37.081
0.701,0.923,7.539,-162.000,102.000,47.000,7.737,-63.524,-154.263,38.476
0.701,0.305,6.644,-160.000,94.000,36.000,2.555,-55.913,-157.445,38.087
0.705,-0.273,5.822,-156.000,88.000,36.000,-2.284,-48.940,-158.284,39.060
0.702,-0.839,5.056,-154.000,82.000,48.000,-7.032,-42.464,-161.032,39.536
0.704,-1.402,4.317,-152.000,75.000,46.000,-11.749,-36.238,-163.749,38.762
0.707,-1.944,3.607,-146.000,66.000,43.000,-16.295,-30.255,-162.295,35.745
0.707,-2.454,2.932,-144.000,62.000,53.000,-20.571,-24.586,-164.571,37.414
0.707,-2.942,2.275,-141.000,54.000,52.000,-24.665,-19.067,-165.665,34.933
0.707,-3.425,1.615,-138.000,50.000,42.000,-28.727,-13.531,-166.727,36.469
0.707,-3.903,0.955,-135.000,44.000,43.000,-32.745,-7.999,-167.745,36.001
0.710,-4.368,0.303,-130.000,35.000,49.000,-36.666,-2.536,-166.666,32.464
0.708,-4.840,-0.354,-128.000,31.000,45.000,-40.641,2.962,-168.641,33.962
0.709,-5.330,-1.027,-123.000,24.000,51.000,-44.780,8.608,-167.780,32.608
0.710,-5.833,-1.729,-120.000,17.000,60.000,-49.037,14.492,-169.037,31.492
0.710,-6.330,-2.439,-117.000,10.000,56.000,-53.243,20.448,-170.243,30.448
0.713,-6.803,-3.129,-114.000,5.000,58.000,-57.258,26.239,-171.258,31.239
0.713,-7.248,-3.773,-110.000,1.000,53.000,-61.044,31.658,-171.044,32.658
0.718,-7.664,-4.379,-101.000,-3.000,55.000,-64.596,36.753,-165.596,33.753
0.714,-8.055,-4.920,-99.000,-9.000,53.000,-67.928,41.320,-166.928,32.320
0.715,-8.395,-5.387,-96.000,-17.000,59.000,-70.839,45.262,-166.839,28.262
0.715,-8.691,-5.770,-92.000,-19.000,60.000,-73.372,48.500,-165.372,29.500
0.714,-8.938,-6.074,-90.000,-22.000,58.000,-75.493,51.076,-165.493,29.076
0.713,-9.111,-6.286,-87.000,-24.000,58.000,-76.982,52.874,-163.982,28.874
0.715,-9.176,-6.355,-82.000,-24.000,46.000,-77.538,53.455,-159.538,29.455
0.714,-9.079,-6.226,-81.000,-25.000,55.000,-76.707,52.365,-157.707,27.365
0.714,-8.790,-5.865,-80.000,-23.000,55.000,-74.222,49.306,-154.222,26.306
0.716,-8.308,-5.257,-82.000,-20.000,49.000,-70.097,44.163,-152.097,24.163
0.717,-7.674,-4.434,-86.000,-15.000,51.000,-64.678,37.224,-150.678,22.224
0.713,-6.923,-3.430,-89.000,-6.000,64.000,-58.285,28.771,-147.285,22.771
0.714,-6.086,-2.286,-94.000,4.000,61.000,-51.178,19.162,-145.178,23.162
0.712,-5.200,-1.069,-98.000,11.000,49.000,-43.681,8.954,-141.681,19.954
0.713,-4.325,0.138,-107.000,22.000,45.000,-36.305,-1.158,-143.305,20.842
0.712,-3.556,1.260,-112.000,33.000,47.000,-29.828,-10.555,-141.828,22.445
0.710,-2.926,2.209,-117.000,43.000,45.000,-24.531,-18.513,-141.531,24.487
0.712,-2.425,2.969,-121.000,52.000,50.000,-20.329,-24.894,-141.329,27.106
0.707,-2.009,3.602,-124.000,59.000,50.000,-16.840,-30.219,-140.840,28.781
0.707,-1.595,4.184,-125.000,67.000,56.000,-13.366,-35.114,-138.366,31.886
0.706,-1.121,4.796,-128.000,73.000,46.000,-9.392,-40.273,-137.392,32.727
0.704,-0.556,5.507,-132.000,74.000,39.000,-4.654,-46.279,-136.654,27.721
0.704,0.088,6.329,-135.000,83.000,44.000,0.734,-53.236,-134.266,29.764
0.702,0.743,7.198,-138.000,90.000,39.000,6.227,-60.618,-131.773,29.382
0.704,1.321,8.011,-140.000,97.000,41.000,11.066,-67.550,-128.934,29.450
0.703,1.864,8.822,-143.000,105.000,43.000,15.623,-74.499,-127.377,30.501
0.700,2.370,9.540,-145.000,106.000,42.000,19.868,-80.670,-125.132,25.330
0.700,2.843,10.185,-146.000,112.000,32.000,23.839,-86.238,-122.161,25.762
0.700,3.268,10.766,-149.000,121.000,33.000,27.408,-91.266,-121.592,29.734
0.699,3.650,11.253,-152.000,128.000,28.000,30.622,-95.508,-121.378,32.492
0.699,3.975,11.670,-152.000,135.000,27.000,33.355,-99.144,-118.645,35.856
0.698,4.289,12.096,-155.000,136.000,28.000,35.996,-102.865,-119.004,33.135
0.697,4.672,12.583,-156.000,136.000,37.000,39.226,-107.145,-116.774,28.855
0.698,5.114,13.110,-158.000,143.000,37.000,42.958,-111.787,-115.042,31.213
0.696,5.536,13.629,-160.000,152.000,38.000,46.522,-116.380,-113.479,35.620
0.695,5.958,14.133,-162.000,152.000,29.000,50.092,-120.858,-111.908,31.142
0.695,6.389,14.644,-163.000,157.000,31.000,53.751,-125.425,-109.249,31.575
0.695,6.773,15.110,-164.000,164.000,27.000,57.006,-129.600,-106.994,34.400
0.694,7.050,15.454,-165.000,167.000,29.000,59.365,-132.705,-105.635,34.295
0.695,7.207,15.659,-166.000,167.000,31.000,60.698,-134.549,-105.302,32.451
0.694,7.275,15.756,-166.000,167.000,39.000,61.281,-135.432,-104.719,31.568
0.696,7.292,15.773,-166.000,167.000,41.000,61.422,-135.578,-104.578,31.422
0.698,7.245,15.703,-168.000,167.000,30.000,61.017,-134.950,-106.983,32.050
0.696,7.116,15.546,-167.000,167.000,33.000,59.920,-133.532,-107.080,33.468
0.696,6.918,15.299,-166.000,167.000,30.000,58.243,-131.300,-107.757,35.700
0.697,6.613,14.923,-166.000,167.000,33.000,55.652,-127.921,-110.348,39.079
0.697,6.168,14.363,-163.000,165.000,35.000,51.875,-122.909,-111.125,42.091
0.700,5.572,13.597,-161.000,158.000,36.000,46.829,-116.101,-114.171,41.899
0.698,4.862,12.668,-151.000,157.000,42.000,40.832,-107.891,-110.168,49.109
0.699,4.087,11.637,-145.000,155.000,26.000,34.295,-98.849,-110.705,56.151
0.702,3.293,10.558,-141.000,150.000,26.000,27.621,-89.461,-113.379,60.539
0.701,2.508,9.468,-131.000,140.000,30.000,21.025,-80.051,-109.975,59.949
0.702,1.731,8.410,-126.000,134.000,36.000,14.505,-70.966,-111.495,63.034
0.704,0.977,7.392,-120.000,127.000,42.000,8.185,-62.270,-111.815,64.730
0.706,0.249,6.397,-116.000,116.000,49.000,2.086,-53.819,-113.914,62.181
0.705,-0.470,5.420,-113.000,107.000,46.000,-3.937,-45.543,-116.937,61.457
0.705,-1.175,4.467,-110.000,102.000,44.000,-9.843,-37.503,-119.843,64.497
0.706,-1.835,3.583,-104.000,93.000,39.000,-15.380,-30.057,-119.380,62.943
0.708,-2.440,2.773,-102.000,87.000,44.000,-20.451,-23.246,-122.451,63.754
0.709,-2.994,2.029,-99.000,77.000,46.000,-25.104,-17.005,-124.104,59.995
0.710,-3.512,1.333,-96.000,73.000,51.000,-29.456,-11.165,-125.456,61.835
0.711,-4.009,0.652,-90.000,65.000,55.000,-33.637,-5.461,-123.637,59.539
0.710,-4.508,-0.016,-88.000,60.000,57.000,-37.845,0.131,-125.845,60.131
0.711,-4.997,-0.662,-83.000,58.000,47.000,-41.972,5.545,-124.972,63.545
0.710,-5.463,-1.269,-74.000,54.000,50.000,-45.909,10.635,-119.909,64.635
0.712,-5.883,-1.826,-71.000,51.000,44.000,-49.462,15.301,-120.462,66.301
0.713,-6.245,-2.304,-68.000,45.000,53.000,-52.523,19.314,-120.523,64.314
0.714,-6.535,-2.701,-66.000,40.000,56.000,-54.982,22.644,-120.982,62.644
0.716,-6.757,-3.030,-64.000,37.000,55.000,-56.871,25.411,-120.871,62.411
0.715,-6.918,-3.290,-64.000,35.000,53.000,-58.236,27.595,-122.236,62.595
0.715,-7.012,-3.425,-64.000,34.000,57.000,-59.042,28.729,-123.042,62.729
0.714,-7.010,-3.373,-63.000,32.000,48.000,-59.019,28.292,-122.019,60.292
0.713,-6.848,-3.068,-63.000,30.000,50.000,-57.647,25.731,-120.647,55.730
0.713,-6.490,-2.481,-63.000,32.000,52.000,-54.608,20.798,-117.608,52.798
0.710,-5.923,-1.608,-67.000,36.000,54.000,-49.800,13.475,-116.800,49.475
0.711,-5.164,-0.501,-75.000,44.000,56.000,-43.379,4.194,-118.379,48.194
0.711,-4.250,0.785,-82.000,55.000,58.000,-35.670,-6.578,-117.670,48.422
0.711,-3.237,2.176,-89.000,68.000,47.000,-27.144,-18.236,-116.144,49.764
0.711,-2.195,3.589,-94.000,76.000,42.000,-18.400,-30.109,-112.400,45.891
0.709,-1.186,4.963,-102.000,88.000,43.000,-9.939,-41.679,-111.939,46.321
0.708,-0.272,6.224,-108.000,99.000,41.000,-2.281,-52.350,-110.281,46.650
0.706,0.490,7.334,-113.000,111.000,38.000,4.102,-61.781,-108.898,49.219
0.702,1.115,8.285,-120.000,119.000,41.000,9.340,-69.897,-110.660,49.103
0.702,1.631,9.082,-126.000,128.000,46.000,13.670,-76.728,-112.330,51.272
0.700,2.048,9.745,-128.000,136.000,43.000,17.166,-82.433,-110.834,53.567
0.702,2.386,10.294,-129.000,140.000,29.000,19.997,-87.179,-109.004,52.821
0.700,2.683,10.765,-134.000,143.000,30.000,22.495,-91.258,-111.505,51.742
0.700,2.989,11.200,-134.000,146.000,30.000,25.066,-95.040,-108.934,50.960
0.698,3.310,11.647,-135.000,153.000,32.000,27.764,-98.937,-107.236,54.063
0.700,3.681,12.122,-137.000,156.000,34.000,30.880,-103.092,-106.120,52.908
0.697,4.059,12.577,-138.000,156.000,39.000,34.059,-107.091,-103.941,48.909
0.698,4.405,12.983,-140.000,161.000,37.000,36.979,-110.666,-103.021,50.334
0.698,4.701,13.361,-141.000,168.000,23.000,39.470,-114.003,-101.530,53.997
0.697,4.973,13.716,-142.000,170.000,25.000,41.765,-117.154,-100.235,52.846
0.698,5.240,14.022,-142.000,171.000,30.000,44.023,-119.875,-97.977,51.125
0.696,5.460,14.214,-143.000,171.000,31.000,45.877,-121.586,-97.123,49.414
0.696,5.537,14.209,-144.000,171.000,32.000,46.529,-121.540,-97.471,49.460
0.698,5.411,13.955,-143.000,171.000,38.000,45.466,-119.276,-97.534,51.724
0.697,5.072,13.440,-142.000,171.000,35.000,42.604,-114.707,-99.396,56.293
0.697,4.530,12.670,-144.000,170.000,29.000,38.032,-107.907,-105.968,62.093
0.698,3.829,11.666,-143.000,165.000,28.000,32.122,-99.102,-110.878,65.898
0.699,3.018,10.500,-136.000,157.000,29.000,25.309,-88.963,-110.691,68.037
0.700,2.173,9.270,-131.000,146.000,36.000,18.211,-78.349,-112.789,67.651
0.702,1.354,8.087,-130.000,136.000,42.000,11.345,-68.203,-118.655,67.797
0.705,0.593,7.025,-125.000,126.000,44.000,4.967,-59.149,-120.033,66.851
0.708,-0.115,6.102,-122.000,117.000,46.000,-0.967,-51.314,-122.967,65.686
0.706,-0.767,5.284,-120.000,110.000,46.000,-6.423,-44.394,-126.423,65.606
0.706,-1.346,4.539,-117.000,106.000,39.000,-11.276,-38.106,-128.276,67.894
0.706,-1.884,3.822,-114.000,100.000,43.000,-15.791,-32.069,-129.791,67.931
0.708,-2.440,3.106,-109.000,94.000,40.000,-20.455,-26.049,-129.455,67.951
0.710,-3.058,2.337,-101.000,86.000,45.000,-25.644,-19.591,-126.644,66.409
0.712,-3.740,1.484,-98.000,83.000,56.000,-31.377,-12.438,-129.377,70.562
0.711,-4.475,0.536,-92.000,73.000,52.000,-37.562,-4.490,-129.562,68.510
0.710,-5.240,-0.478,-88.000,64.000,56.000,-44.024,4.006,-132.024,68.006
0.709,-6.013,-1.500,-84.000,58.000,46.000,-50.564,12.565,-134.564,70.565
0.710,-6.732,-2.480,-81.000,50.000,50.000,-56.662,20.793,-137.662,70.793
0.714,-7.348,-3.360,-77.000,42.000,53.000,-61.901,28.184,-138.901,70.184
0.715,-7.808,-4.045,-73.000,35.000,51.000,-65.821,33.941,-138.821,68.941
0.716,-8.075,-4.480,-64.000,28.000,54.000,-68.101,37.608,-132.101,65.608
0.717,-8.157,-4.680,-64.000,25.000,59.000,-68.804,39.291,-132.804,64.291
0.715,-8.108,-4.717,-65.000,24.000,58.000,-68.381,39.604,-133.381,63.604
0.715,-8.025,-4.688,-66.000,24.000,50.000,-67.677,39.361,-133.677,63.361
0.717,-7.988,-4.658,-66.000,24.000,48.000,-67.355,39.107,-133.355,63.107
0.718,-7.990,-4.665,-66.000,24.000,54.000,-67.377,39.166,-133.377,63.166
0.716,-7.980,-4.638,-65.000,24.000,50.000,-67.287,38.944,-132.287,62.944
0.716,-7.892,-4.452,-65.000,25.000,55.000,-66.536,37.369,-131.536,62.369
0.714,-7.635,-4.005,-65.000,26.000,60.000,-64.344,33.610,-129.344,59.610
0.715,-7.155,-3.234,-68.000,32.000,57.000,-60.255,27.126,-128.255,59.126
0.716,-6.427,-2.117,-71.000,37.000,49.000,-54.067,17.743,-125.067,54.743
0.716,-5.446,-0.712,-79.000,46.000,46.000,-45.760,5.964,-124.760,51.964
0.713,-4.281,0.856,-87.000,58.000,44.000,-35.934,-7.170,-122.934,50.830
0.713,-3.107,2.415,-95.000,70.000,42.000,-26.058,-20.247,-121.058,49.753
0.712,-2.055,3.803,-105.000,84.000,46.000,-17.224,-31.909,-122.224,52.091
0.710,-1.208,4.906,-113.000,96.000,47.000,-10.121,-41.202,-123.121,54.798
0.710,-0.595,5.664,-120.000,105.000,46.000,-4.982,-47.609,-124.982,57.391
0.709,-0.179,6.132,-123.000,108.000,45.000,-1.498,-51.569,-124.498,56.431
0.709,0.111,6.433,-124.000,114.000,36.000,0.933,-54.122,-123.067,59.878
0.707,0.350,6.699,-127.000,120.000,37.000,2.930,-56.380,-124.070,63.620
0.705,0.621,7.051,-129.000,121.000,40.000,5.204,-59.372,-123.796,61.628
0.709,0.915,7.509,-129.000,124.000,42.000,7.669,-63.266,-121.331,60.734
0.707,1.229,8.020,-132.000,131.000,45.000,10.294,-67.631,-121.706,63.369
0.704,1.565,8.608,-133.000,135.000,42.000,13.117,-72.665,-119.883,62.335
0.705,1.967,9.327,-135.000,137.000,42.000,16.488,-78.839,-118.512,58.161
0.702,2.484,10.157,-137.000,141.000,36.000,20.823,-85.996,-116.177,55.004
0.700,3.044,11.016,-142.000,150.000,33.000,25.522,-93.446,-116.478,56.554
0.700,3.592,11.752,-144.000,155.000,30.000,30.135,-99.860,-113.865,55.140
0.697,4.058,12.350,-146.000,164.000,31.000,34.055,-105.094,-111.945,58.906
0.697,4.433,12.813,-149.000,166.000,39.000,37.216,-109.165,-111.784,56.835
0.696,4.718,13.163,-149.000,166.000,42.000,39.614,-112.252,-109.386,53.748
0.698,4.949,13.469,-148.000,167.000,38.000,41.562,-114.962,-106.438,52.038
0.697,5.165,13.760,-148.000,169.000,29.000,43.389,-117.542,-104.611,51.458
0.698,5.335,13.959,-150.000,178.000,29.000,44.824,-119.308,-105.176,58.692
0.698,5.368,13.957,-153.000,182.000,31.000,45.102,-119.294,-107.898,62.706
0.700,5.207,13.700,-153.000,181.000,27.000,43.738,-117.013,-109.262,63.987
0.699,4.816,13.168,-153.000,177.000,30.000,40.445,-112.301,-112.555,64.699
0.700,4.200,12.361,-150.000,173.000,36.000,35.248,-105.196,-114.752,67.804
0.701,3.400,11.339,-144.000,170.000,38.000,28.516,-96.250,-115.484,73.750
0.704,2.509,10.206,-136.000,162.000,30.000,21.032,-86.417,-114.968,75.583
0.703,1.643,9.065,-130.000,153.000,30.000,13.769,-76.584,-116.231,76.416
0.705,0.878,7.979,-128.000,143.000,38.000,7.352,-67.278,-120.648,75.722
0.707,0.210,6.951,-122.000,137.000,40.000,1.762,-58.523,-120.238,78.477
0.706,-0.396,5.974,-111.000,125.000,50.000,-3.318,-50.231,-114.318,74.769
0.705,-0.922,5.074,-108.000,118.000,43.000,-7.726,-42.619,-115.726,75.381
0.708,-1.366,4.313,-105.000,110.000,50.000,-11.443,-36.200,-116.443,73.800
0.709,-1.772,3.636,-103.000,107.000,51.000,-14.853,-30.499,-117.853,76.501
0.709,-2.210,2.922,-101.000,102.000,39.000,-18.525,-24.497,-119.525,77.503
0.713,-2.726,2.118,-97.000,94.000,44.000,-22.857,-17.748,-119.857,76.252
0.713,-3.296,1.259,-93.000,86.000,43.000,-27.644,-10.553,-120.644,75.447
0.715,-3.887,0.374,-88.000,78.000,51.000,-32.617,-3.136,-120.617,74.864
0.715,-4.530,-0.512,-87.000,73.000,48.000,-38.030,4.291,-125.030,77.291
0.716,-5.207,-1.390,-84.000,65.000,57.000,-43.742,11.648,-127.742,76.648
0.715,-5.877,-2.215,-80.000,58.000,63.000,-49.405,18.568,-129.405,76.568
0.717,-6.456,-2.920,-76.000,52.000,44.000,-54.319,24.483,-130.319,76.483
0.715,-6.894,-3.427,-73.000,47.000,46.000,-58.035,28.743,-131.035,75.743
0.712,-7.188,-3.756,-70.000,44.000,53.000,-60.538,31.509,-130.538,75.509
0.717,-7.362,-3.991,-68.000,41.000,53.000,-62.017,33.491,-130.017,74.491
0.714,-7.455,-4.106,-68.000,37.000,56.000,-62.812,34.455,-130.812,71.455
0.716,-7.435,-4.088,-65.000,37.000,59.000,-62.642,34.304,-127.642,71.304
0.716,-7.295,-3.976,-69.000,36.000,57.000,-61.445,33.359,-130.445,69.359
0.717,-7.087,-3.752,-72.000,36.000,52.000,-59.678,31.474,-131.678,67.474
0.715,-6.846,-3.397,-73.000,37.000,52.000,-57.626,28.490,-130.626,65.490
0.718,-6.533,-2.876,-73.000,41.000,52.000,-54.969,24.118,-127.969,65.118
0.717,-6.092,-2.126,-74.000,46.000,53.000,-51.228,17.816,-125.228,63.816
0.717,-5.453,-1.075,-77.000,55.000,50.000,-45.820,9.004,-122.820,64.004
0.713,-4.580,0.326,-82.000,64.000,55.000,-38.454,-2.730,-120.454,61.270
0.714,-3.467,2.015,-92.000,80.000,52.000,-29.080,-16.891,-121.080,63.109
0.715,-2.159,3.917,-99.000,92.000,42.000,-18.097,-32.864,-117.097,59.136
0.712,-0.771,5.945,-106.000,109.000,37.000,-6.460,-49.986,-112.460,59.014
0.706,0.600,7.966,-114.000,126.000,35.000,5.025,-67.168,-108.975,58.832
0.704,1.881,9.803,-121.000,141.000,30.000,15.765,-82.935,-105.235,58.065
0.702,2.993,11.342,-127.000,154.000,29.000,25.099,-96.277,-101.901,57.723
0.698,3.872,12.526,-131.000,165.000,33.000,32.488,-106.645,-98.512,58.355
0.696,4.500,13.365,-134.000,170.000,39.000,37.777,-114.046,-96.223,55.954
0.695,4.936,13.959,-138.000,174.000,29.000,41.451,-119.311,-96.549,54.689
0.696,5.274,14.417,-145.000,184.000,30.000,44.309,-123.396,-100.691,60.604
0.695,5.597,14.833,-148.000,186.000,28.000,47.041,-127.120,-100.959,58.880
0.697,5.973,15.281,-150.000,187.000,29.000,50.221,-131.141,-99.779,55.859
0.697,6.420,15.796,-150.000,187.000,34.000,54.014,-135.787,-95.986,51.213
0.696,6.887,16.345,-154.000,193.000,31.000,57.972,-140.771,-96.028,52.229
0.692,7.314,16.837,-163.000,202.000,38.000,61.606,-145.263,-101.394,56.737
0.693,7.695,17.217,-164.000,204.000,36.000,64.860,-148.741,-99.140,55.259
0.691,7.981,17.454,-165.000,204.000,33.000,67.295,-150.923,-97.705,53.077
0.692,8.122,17.546,-165.000,208.000,28.000,68.503,-151.770,-96.497,56.230
0.696,8.130,17.484,-165.000,209.000,33.000,68.567,-151.195,-96.433,57.805
0.695,8.010,17.229,-166.000,210.000,33.000,67.545,-148.848,-98.455,61.152
0.694,7.722,16.721,-166.000,210.000,35.000,65.084,-144.199,-100.916,65.801
0.696,7.174,15.929,-163.000,207.000,39.000,60.415,-136.991,-102.585,70.009
0.698,6.368,14.850,-159.000,199.000,37.000,53.569,-127.272,-105.431,71.728
0.700,5.392,13.550,-154.000,193.000,28.000,45.302,-115.681,-108.698,77.319
0.701,4.344,12.145,-152.000,182.000,31.000,36.466,-103.295,-115.534,78.705
0.702,3.337,10.738,-148.000,170.000,33.000,27.992,-91.027,-120.008,78.973
0.703,2.426,9.402,-142.000,161.000,35.000,20.337,-79.478,-121.663,81.522
0.705,1.617,8.164,-138.000,152.000,44.000,13.546,-68.864,-124.454,83.136
0.707,0.897,7.013,-135.000,143.000,43.000,7.512,-59.047,-127.488,83.953
0.706,0.247,5.957,-131.000,132.000,46.000,2.070,-50.087,-128.930,81.913
0.706,-0.374,4.997,-129.000,128.000,37.000,-3.131,-41.966,-132.131,86.034
0.705,-0.972,4.105,-125.000,119.000,41.000,-8.140,-34.449,-133.140,84.551
0.707,-1.564,3.237,-121.000,112.000,40.000,-13.105,-27.148,-134.105,84.852
0.709,-2.205,2.321,-119.000,104.000,41.000,-18.483,-19.459,-137.483,84.541
0.712,-2.924,1.317,-114.000,94.000,48.000,-24.519,-11.031,-138.519,82.969
0.711,-3.734,0.218,-111.000,84.000,56.000,-31.329,-1.827,-142.329,82.173
0.710,-4.623,-0.945,-100.000,75.000,61.000,-38.812,7.918,-138.812,82.918
0.711,-5.513,-2.125,-91.000,68.000,53.000,-46.331,17.814,-137.331,85.814
0.715,-6.335,-3.236,-82.000,58.000,56.000,-53.288,27.137,-135.288,85.137
0.719,-7.042,-4.219,-77.000,46.000,55.000,-59.293,35.411,-136.293,81.411
0.715,-7.626,-5.015,-73.000,37.000,50.000,-64.263,42.118,-137.263,79.118
0.714,-8.048,-5.548,-71.000,33.000,54.000,-67.866,46.625,-138.866,79.625
0.720,-8.266,-5.763,-66.000,27.000,56.000,-69.737,48.442,-135.737,75.442
0.719,-8.238,-5.640,-63.000,24.000,62.000,-69.495,47.403,-132.495,71.403
0.716,-7.931,-5.132,-63.000,27.000,57.000,-66.868,43.112,-129.868,70.112
0.715,-7.314,-4.217,-66.000,30.000,48.000,-61.605,35.388,-127.605,65.388
0.718,-6.376,-2.917,-72.000,39.000,49.000,-53.633,24.460,-125.633,63.460
0.715,-5.181,-1.292,-77.000,51.000,48.000,-43.520,10.826,-120.520,61.826
0.716,-3.862,0.484,-83.000,67.000,52.000,-32.399,-4.057,-115.399,62.943
0.715,-2.562,2.197,-92.000,84.000,49.000,-21.475,-18.418,-113.475,65.582
0.713,-1.400,3.690,-106.000,98.000,50.000,-11.733,-30.960,-117.733,67.040
0.712,-0.443,4.903,-113.000,109.000,49.000,-3.715,-41.177,-116.715,67.823
0.709,0.316,5.834,-116.000,115.000,33.000,2.644,-49.045,-113.356,65.955
0.709,0.869,6.507,-118.000,121.000,41.000,7.281,-54.750,-110.719,66.250
0.706,1.266,7.010,-120.000,127.000,38.000,10.610,-59.025,-109.390,67.975
0.706,1.655,7.482,-123.000,134.000,39.000,13.869,-63.043,-109.131,70.957
0.707,2.132,8.057,-124.000,137.000,41.000,17.867,-67.947,-106.133,69.053
0.705,2.737,8.830,-125.000,143.000,44.000,22.945,-74.564,-102.055,68.436
0.704,3.494,9.824,-128.000,149.000,41.000,29.310,-83.119,-98.690,65.881
0.705,4.373,10.967,-129.000,152.000,29.000,36.706,-93.017,-92.294,58.983
0.701,5.280,12.146,-133.000,164.000,34.000,44.359,-103.306,-88.641,60.694
0.701,6.133,13.230,-136.000,172.000,34.000,51.574,-112.848,-84.426,59.152
0.699,6.899,14.173,-140.000,181.000,32.000,58.082,-121.219,-81.918,59.781
0.698,7.541,14.957,-143.000,186.000,34.000,63.543,-128.234,-79.457,57.766
0.694,8.044,15.568,-144.000,195.000,41.000,67.834,-133.727,-76.166,61.273
0.695,8.418,16.026,-147.000,198.000,43.000,71.033,-137.871,-75.967,60.129
0.695,8.691,16.354,-148.000,199.000,33.000,73.374,-140.851,-74.626,58.149
0.696,8.856,16.591,-150.000,208.000,35.000,74.787,-143.011,-75.213,64.989
0.696,8.921,16.760,-151.000,211.000,34.000,75.349,-144.556,-75.651,66.444
0.693,8.916,16.850,-151.000,211.000,35.000,75.300,-145.376,-75.700,65.624
0.694,8.868,16.833,-151.000,211.000,33.000,74.894,-145.218,-76.106,65.782
0.697,8.761,16.659,-149.000,211.000,35.000,73.973,-143.629,-75.027,67.371
0.699,8.545,16.271,-151.000,211.000,40.000,72.125,-140.096,-78.875,70.904
0.700,8.148,15.631,-149.000,205.000,42.000,68.728,-134.301,-80.272,70.699
0.699,7.533,14.711,-146.000,202.000,33.000,63.475,-126.021,-82.525,75.979
0.704,6.733,13.518,-144.000,192.000,35.000,56.664,-115.398,-87.336,76.602
0.701,5.785,12.106,-142.000,186.000,32.000,48.627,-102.960,-93.373,83.040
0.704,4.756,10.581,-146.000,188.000,34.000,39.938,-89.666,-106.062,98.334
0.706,3.720,9.093,-150.000,188.000,38.000,31.211,-76.822,-118.789,111.178
0.708,2.770,7.776,-145.000,164.000,46.000,23.224,-65.545,-121.776,98.455
0.708,1.962,6.667,-138.000,149.000,50.000,16.445,-56.105,-121.555,92.895
0.708,1.270,5.694,-134.000,141.000,38.000,10.641,-47.864,-123.359,93.136
0.710,0.644,4.746,-128.000,131.000,38.000,5.398,-39.851,-122.602,91.149
0.711,0.025,3.770,-126.000,127.000,45.000,0.212,-31.628,-125.788,95.372
0.713,-0.652,2.750,-121.000,117.000,43.000,-5.465,-23.056,-126.465,93.944
0.713,-1.390,1.667,-116.000,108.000,48.000,-11.644,-13.968,-127.644,94.032
0.713,-2.165,0.541,-111.000,99.000,56.000,-18.149,-4.532,-129.149,94.468
0.716,-2.955,-0.583,-106.000,90.000,58.000,-24.777,4.884,-130.777,94.884
0.716,-3.735,-1.672,-102.000,84.000,51.000,-31.331,14.009,-133.331,98.009
0.719,-4.496,-2.720,-95.000,73.000,49.000,-37.739,22.807,-132.739,95.807
0.717,-5.213,-3.678,-89.000,64.000,48.000,-43.789,30.853,-132.789,94.853
0.719,-5.860,-4.499,-83.000,54.000,54.000,-49.269,37.772,-132.269,91.772
0.719,-6.382,-5.145,-78.000,50.000,50.000,-53.691,43.216,-131.691,93.216
0.720,-6.717,-5.532,-72.000,44.000,54.000,-56.528,46.491,-128.528,90.491
0.722,-6.784,-5.514,-68.000,43.000,59.000,-57.101,46.337,-125.101,89.337
0.723,-6.480,-4.978,-68.000,44.000,50.000,-54.523,41.806,-122.523,85.806
0.722,-5.753,-3.940,-72.000,50.000,57.000,-48.362,33.062,-120.362,83.062
0.723,-4.704,-2.516,-78.000,59.000,49.000,-39.500,21.087,-117.500,80.087
0.721,-3.455,-0.882,-86.000,74.000,52.000,-28.982,7.393,-114.982,81.393
0.719,-2.152,0.822,-96.000,89.000,47.000,-18.039,-6.890,-114.039,82.110
0.719,-0.908,2.505,-106.000,105.000,55.000,-7.610,-21.002,-113.610,83.998
0.714,0.221,4.060,-114.000,121.000,50.000,1.854,-34.069,-112.146,86.931
0.715,1.185,5.391,-119.000,129.000,37.000,9.925,-45.298,-109.075,83.702
0.714,1.983,6.501,-126.000,139.000,33.000,16.622,-54.701,-109.378,84.299
0.712,2.691,7.454,-132.000,149.000,33.000,22.559,-62.797,-109.441,86.203
0.712,3.371,8.350,-142.000,159.000,32.000,28.276,-70.448,-113.724,88.552
0.710,4.046,9.264,-145.000,168.000,38.000,33.954,-78.294,-111.046,89.706
0.708,4.733,10.198,-148.000,176.000,38.000,39.737,-86.350,-108.263,89.650
0.706,5.389,11.116,-149.000,181.000,37.000,45.277,-94.310,-103.723,86.690
0.703,6.010,11.972,-153.000,190.000,42.000,50.535,-101.786,-102.465,88.214
0.701,6.618,12.742,-155.000,193.000,36.000,55.687,-108.541,-99.313,84.459
0.705,7.199,13.427,-156.000,199.000,30.000,60.630,-114.589,-95.370,84.411
0.702,7.677,14.010,-157.000,206.000,31.000,64.705,-119.767,-92.295,86.233
0.703,8.040,14.441,-160.000,208.000,34.000,67.798,-123.613,-92.202,84.387
0.700,8.287,14.737,-161.000,210.000,36.000,69.915,-126.253,-91.085,83.747
0.700,8.436,14.926,-161.000,220.000,40.000,71.189,-127.947,-89.811,92.053
0.700,8.496,15.021,-162.000,221.000,44.000,71.705,-128.805,-90.295,92.195
0.701,8.472,15.003,-163.000,221.000,34.000,71.501,-128.639,-91.499,92.361
0.704,8.350,14.844,-163.000,221.000,33.000,70.449,-127.219,-92.551,93.781
0.703,8.099,14.541,-161.000,218.000,32.000,68.308,-124.499,-92.692,93.501
0.705,7.720,14.055,-160.000,214.000,35.000,65.065,-120.166,-94.935,93.834
0.703,7.172,13.353,-158.000,214.000,39.000,60.396,-113.935,-97.604,100.065
0.705,6.443,12.404,-149.000,205.000,45.000,54.201,-105.570,-94.799,99.430
0.706,5.532,11.199,-144.000,197.000,45.000,46.486,-95.037,-97.514,101.963
0.709,4.471,9.767,-142.000,190.000,35.000,37.530,-82.626,-104.470,107.374
0.709,3.305,8.158,-134.000,177.000,33.000,27.716,-68.806,-106.284,108.194
0.711,2.057,6.454,-124.000,163.000,41.000,17.237,-54.299,-106.763,108.701
0.712,0.772,4.744,-117.000,149.000,45.000,6.469,-39.836,-110.531,109.164
0.714,-0.448,3.125,-109.000,134.000,53.000,-3.757,-26.209,-112.757,107.791
0.714,-1.528,1.716,-99.000,119.000,45.000,-12.802,-14.377,-111.802,104.623
0.716,-2.413,0.553,-92.000,107.000,52.000,-20.224,-4.633,-112.224,102.367
0.717,-3.126,-0.418,-89.000,100.000,45.000,-26.215,3.499,-115.215,103.499
0.719,-3.719,-1.259,-85.000,93.000,54.000,-31.198,10.552,-116.198,103.552
0.719,-4.246,-2.038,-83.000,84.000,49.000,-35.635,17.082,-118.635,101.082
0.716,-4.798,-2.807,-80.000,78.000,52.000,-40.290,23.533,-120.290,101.533
0.720,-5.425,-3.607,-73.000,68.000,50.000,-45.584,30.259,-118.584,98.259
0.718,-6.122,-4.478,-67.000,62.000,53.000,-51.480,37.594,-118.480,99.594
0.719,-6.869,-5.404,-63.000,54.000,64.000,-57.820,45.406,-120.820,99.406
0.718,-7.657,-6.344,-59.000,49.000,57.000,-64.535,53.363,-123.535,102.363
0.719,-8.453,-7.268,-53.000,38.000,51.000,-71.332,61.218,-124.332,99.218
0.717,-9.192,-8.144,-47.000,29.000,55.000,-77.673,68.686,-124.673,97.686
0.717,-9.833,-8.905,-38.000,20.000,55.000,-83.193,75.210,-121.193,95.210
0.718,-10.338,-9.465,-34.000,16.000,54.000,-87.561,80.021,-121.561,96.021
0.718,-10.647,-9.720,-28.000,16.000,58.000,-90.233,82.217,-118.233,98.217
0.716,-10.677,-9.578,-25.000,16.000,62.000,-90.494,81.000,-115.494,97.000
0.716,-10.367,-9.032,-27.000,18.000,56.000,-87.813,76.303,-114.813,94.303
0.717,-9.716,-8.090,-29.000,22.000,47.000,-82.184,68.229,-111.184,90.229
0.718,-8.750,-6.744,-34.000,33.000,55.000,-73.877,56.761,-107.877,89.761
0.718,-7.507,-5.010,-41.000,47.000,47.000,-63.254,42.078,-104.254,89.078
0.722,-6.058,-3.008,-50.000,63.000,53.000,-50.946,25.219,-100.946,88.219
0.719,-4.490,-0.856,-65.000,83.000,51.000,-37.689,7.169,-102.689,90.169
0.718,-2.928,1.302,-81.000,103.000,57.000,-24.555,-10.913,-105.555,92.087
0.713,-1.485,3.343,-93.000,118.000,47.000,-12.447,-28.037,-105.447,89.963
0.712,-0.195,5.196,-103.000,132.000,41.000,-1.631,-43.652,-104.631,88.348
0.707,0.983,6.872,-114.000,151.000,34.000,8.238,-57.846,-105.762,93.154
0.706,2.107,8.421,-119.000,164.000,35.000,17.663,-71.063,-101.337,92.937
0.704,3.219,9.918,-126.000,176.000,32.000,26.995,-83.926,-99.005,92.074
0.702,4.281,11.351,-132.000,187.000,36.000,35.930,-96.354,-96.070,90.646
0.701,5.273,12.710,-135.000,190.000,36.000,44.300,-108.261,-90.700,81.739
0.699,6.194,13.988,-146.000,211.000,39.000,52.096,-119.574,-93.904,91.426
0.697,7.072,15.151,-152.000,222.000,30.000,59.553,-129.971,-92.447,92.029
0.696,7.865,16.171,-157.000,234.000,30.000,66.303,-139.193,-90.697,94.807
0.695,8.537,17.037,-162.000,245.000,33.000,72.050,-147.094,-89.950,97.906
0.693,9.098,17.743,-165.000,251.000,38.000,76.868,-153.583,-88.132,97.417
0.693,9.575,18.324,-166.000,256.000,33.000,80.974,-158.967,-85.026,97.033
0.692,9.972,18.809,-170.000,264.000,42.000,84.393,-163.487,-85.607,100.513
0.692,10.301,19.250,-171.000,266.000,40.000,87.237,-167.623,-83.763,98.377
0.691,10.611,19.643,-172.000,266.000,34.000,89.921,-171.330,-82.079,94.670
0.689,10.891,19.964,-172.000,271.000,37.000,92.354,-174.369,-79.646,96.631
0.690,11.072,20.175,-174.000,278.000,36.000,93.926,-176.372,-80.074,101.628
0.687,11.094,20.199,-174.000,280.000,36.000,94.123,-176.600,-79.877,103.400
0.691,10.927,19.949,-174.000,280.000,40.000,92.667,-174.221,-81.333,105.779
0.694,10.519,19.359,-174.000,275.000,40.000,89.131,-168.645,-84.869,106.355
0.692,9.831,18.411,-171.000,271.000,39.000,83.178,-159.777,-87.822,111.223
0.695,8.891,17.163,-167.000,264.000,36.000,75.089,-148.242,-91.911,115.758
0.698,7.790,15.706,-160.000,250.000,33.000,65.670,-134.973,-94.330,115.027
0.701,6.618,14.138,-154.000,235.000,32.000,55.690,-120.908,-98.310,114.092
0.703,5.439,12.550,-149.000,221.000,27.000,45.702,-106.850,-103.298,114.150
0.703,4.275,10.964,-145.000,205.000,37.000,35.881,-92.989,-109.119,112.011
0.705,3.105,9.403,-140.000,193.000,45.000,26.035,-79.490,-113.965,113.510
0.707,1.950,7.884,-136.000,182.000,43.000,16.341,-66.472,-119.659,115.528
0.708,0.891,6.422,-130.000,170.000,45.000,7.466,-54.031,-122.534,115.969
0.707,-0.043,5.075,-126.000,162.000,41.000,-0.363,-42.628,-126.363,119.372
0.710,-0.851,3.887,-118.000,150.000,46.000,-7.132,-32.616,-125.132,117.384
0.712,-1.553,2.857,-114.000,139.000,42.000,-13.017,-23.954,-127.017,115.046
0.711,-2.158,1.974,-112.000,130.000,42.000,-18.089,-16.544,-130.089,113.456
0.712,-2.657,1.261,-109.000,122.000,53.000,-22.274,-10.567,-131.274,111.433
0.713,-3.055,0.684,-107.000,120.000,55.000,-25.620,-5.728,-132.620,114.272
0.714,-3.376,0.224,-104.000,114.000,57.000,-28.318,-1.875,-132.318,112.125
0.715,-3.644,-0.144,-101.000,109.000,51.000,-30.570,1.206,-131.570,110.206
0.715,-3.848,-0.385,-99.000,107.000,48.000,-32.286,3.222,-131.286,110.222
0.715,-3.930,-0.448,-99.000,106.000,52.000,-32.976,3.756,-131.976,109.756
0.715,-3.885,-0.335,-100.000,105.000,55.000,-32.597,2.803,-132.597,107.803
0.713,-3.763,-0.094,-100.000,106.000,51.000,-31.573,0.790,-131.573,106.790
0.714,-3.621,0.188,-100.000,108.000,57.000,-30.373,-1.575,-130.373,106.425
0.715,-3.495,0.439,-102.000,111.000,58.000,-29.316,-3.680,-131.316,107.320
0.715,-3.422,0.635,-103.000,113.000,46.000,-28.702,-5.319,-131.702,107.681
0.715,-3.418,0.787,-104.000,113.000,49.000,-28.666,-6.594,-132.666,106.406
0.715,-3.471,0.901,-104.000,114.000,45.000,-29.116,-7.551,-133.116,106.449
0.715,-3.578,0.993,-104.000,114.000,43.000,-30.016,-8.323,-134.016,105.677
0.717,-3.727,1.113,-103.000,114.000,50.000,-31.267,-9.321,-134.267,104.679
0.715,-3.869,1.292,-101.000,116.000,57.000,-32.459,-10.824,-133.459,105.176
0.716,-3.954,1.536,-99.000,116.000,57.000,-33.178,-12.870,-132.178,103.130
0.713,-3.973,1.828,-99.000,117.000,47.000,-33.340,-15.316,-132.340,101.684
0.713,-3.942,2.150,-99.000,122.000,46.000,-33.078,-18.023,-132.078,103.977
0.711,-3.882,2.507,-99.000,128.000,49.000,-32.572,-21.016,-131.572,106.984
0.713,-3.795,2.910,-99.000,129.000,48.000,-31.836,-24.399,-130.836,104.601
0.713,-3.687,3.333,-99.000,131.000,44.000,-30.932,-27.954,-129.932,103.046
0.710,-3.588,3.726,-101.000,134.000,48.000,-30.098,-31.260,-131.098,102.740
0.709,-3.530,4.068,-100.000,139.000,49.000,-29.611,-34.134,-129.611,104.866
0.710,-3.520,4.356,-100.000,142.000,45.000,-29.527,-36.560,-129.527,105.440
0.711,-3.552,4.594,-97.000,144.000,43.000,-29.799,-38.573,-126.799,105.427
0.710,-3.611,4.798,-98.000,145.000,40.000,-30.292,-40.293,-128.292,104.707
0.710,-3.683,5.006,-97.000,145.000,40.000,-30.896,-42.045,-127.896,102.955
0.707,-3.742,5.241,-96.000,146.000,45.000,-31.396,-44.031,-127.396,101.969
0.709,-3.791,5.517,-96.000,146.000,45.000,-31.807,-46.365,-127.807,99.635
0.708,-3.833,5.828,-97.000,150.000,46.000,-32.158,-48.993,-129.158,101.007
0.711,-3.867,6.144,-96.000,155.000,49.000,-32.442,-51.674,-128.442,103.326
0.711,-3.894,6.455,-94.000,158.000,40.000,-32.671,-54.310,-126.671,103.690
0.709,-3.950,6.776,-92.000,162.000,40.000,-33.147,-57.037,-125.147,104.963
0.709,-4.066,7.067,-90.000,163.000,42.000,-34.119,-59.509,-124.119,103.491
0.711,-4.226,7.295,-89.000,163.000,38.000,-35.469,-61.446,-124.469,101.554
0.708,-4.374,7.435,-90.000,170.000,47.000,-36.717,-62.638,-126.717,107.362
0.708,-4.491,7.515,-88.000,174.000,41.000,-37.702,-63.323,-125.702,110.677
0.707,-4.618,7.585,-87.000,174.000,45.000,-38.771,-63.914,-125.771,110.086
0.707,-4.756,7.647,-87.000,174.000,33.000,-39.938,-64.446,-126.938,109.554
0.708,-4.893,7.704,-86.000,177.000,35.000,-41.091,-64.933,-127.091,112.067
0.708,-5.029,7.799,-85.000,176.000,33.000,-42.236,-65.742,-127.236,110.258
0.707,-5.156,7.959,-85.000,176.000,33.000,-43.308,-67.108,-128.308,108.892
0.707,-5.248,8.183,-85.000,178.000,41.000,-44.089,-69.020,-129.089,108.980
0.707,-5.297,8.445,-85.000,180.000,37.000,-44.500,-71.267,-129.500,108.733
0.708,-5.324,8.727,-84.000,180.000,44.000,-44.733,-73.683,-128.733,106.317
0.706,-5.351,8.982,-84.000,186.000,34.000,-44.962,-75.872,-128.962,110.128
0.707,-5.403,9.194,-83.000,189.000,32.000,-45.403,-77.688,-128.403,111.312
0.708,-5.510,9.345,-83.000,193.000,26.000,-46.302,-78.988,-129.302,114.012
0.704,-5.658,9.450,-82.000,194.000,34.000,-47.552,-79.894,-129.552,114.106
0.706,-5.818,9.535,-80.000,194.000,32.000,-48.909,-80.629,-128.909,113.371
0.706,-5.991,9.614,-79.000,194.000,34.000,-50.375,-81.306,-129.375,112.694
0.705,-6.155,9.681,-79.000,194.000,40.000,-51.764,-81.888,-130.764,112.112
0.707,-6.318,9.746,-79.000,194.000,34.000,-53.149,-82.446,-132.149,111.554
0.707,-6.480,9.840,-79.000,195.000,32.000,-54.519,-83.251,-133.519,111.749
0.708,-6.625,9.954,-76.000,195.000,30.000,-55.753,-84.236,-131.753,110.764
0.704,-6.743,10.081,-72.000,195.000,26.000,-56.751,-85.334,-128.751,109.666
0.705,-6.852,10.224,-68.000,197.000,30.000,-57.679,-86.576,-125.679,110.424
0.705,-6.950,10.371,-68.000,199.000,29.000,-58.511,-87.847,-126.511,111.153
0.705,-7.013,10.500,-66.000,200.000,34.000,-59.048,-88.963,-125.048,111.037
0.703,-7.039,10.615,-66.000,200.000,37.000,-59.272,-89.962,-125.272,110.038
0.704,-7.051,10.739,-66.000,200.000,33.000,-59.370,-91.034,-125.370,108.966
0.704,-7.073,10.867,-66.000,201.000,25.000,-59.559,-92.150,-125.559,108.850
0.702,-7.127,10.964,-66.000,201.000,30.000,-60.021,-92.990,-126.021,108.010
0.703,-7.227,11.004,-66.000,201.000,36.000,-60.866,-93.340,-126.866,107.660
0.705,-7.361,11.003,-65.000,201.000,33.000,-62.010,-93.331,-127.010,107.669
0.704,-7.526,11.015,-64.000,201.000,36.000,-63.413,-93.430,-127.413,107.570
0.704,-7.715,11.035,-64.000,201.000,38.000,-65.023,-93.603,-129.023,107.397
0.703,-7.903,11.043,-64.000,202.000,28.000,-66.635,-93.677,-130.635,108.323
0.705,-8.082,11.054,-64.000,202.000,30.000,-68.162,-93.770,-132.162,108.230
0.705,-8.238,11.086,-63.000,202.000,31.000,-69.494,-94.054,-132.494,107.946
0.702,-8.341,11.163,-62.000,202.000,28.000,-70.377,-94.718,-132.377,107.282
0.703,-8.385,11.312,-62.000,202.000,31.000,-70.749,-96.015,-132.749,105.985
0.703,-8.384,11.528,-62.000,202.000,37.000,-70.741,-97.905,-132.741,104.095
0.703,-8.375,11.785,-56.000,203.000,36.000,-70.664,-100.149,-126.664,102.851
0.701,-8.379,12.036,-54.000,206.000,29.000,-70.702,-102.345,-124.702,103.655
0.700,-8.396,12.249,-53.000,206.000,21.000,-70.849,-104.205,-123.849,101.795
0.700,-8.421,12.424,-51.000,206.000,28.000,-71.061,-105.742,-122.061,100.258
0.699,-8.456,12.529,-52.000,207.000,30.000,-71.360,-106.672,-123.360,100.328
0.699,-8.527,12.567,-52.000,207.000,31.000,-71.968,-107.001,-123.968,99.999
0.699,-8.654,12.558,-51.000,207.000,35.000,-73.056,-106.922,-124.056,100.078
0.700,-8.811,12.515,-49.000,207.000,36.000,-74.400,-106.548,-123.400,100.452
0.698,-8.952,12.466,-49.000,207.000,25.000,-75.612,-106.111,-124.612,100.889
0.696,-9.059,12.454,-49.000,207.000,27.000,-76.534,-106.006,-125.534,100.994
0.698,-9.148,12.494,-48.000,207.000,31.000,-77.298,-106.365,-125.298,100.635
0.698,-9.226,12.561,-48.000,207.000,33.000,-77.971,-106.948,-125.971,100.052
0.698,-9.302,12.619,-47.000,207.000,32.000,-78.618,-107.460,-125.618,99.540
0.695,-9.395,12.658,-47.000,207.000,34.000,-79.418,-107.800,-126.418,99.200
0.696,-9.496,12.655,-40.000,208.000,39.000,-80.293,-107.773,-120.293,100.227
0.697,-9.597,12.628,-38.000,208.000,38.000,-81.162,-107.536,-119.162,100.464
0.698,-9.697,12.598,-37.000,208.000,28.000,-82.025,-107.271,-119.025,100.729
0.697,-9.768,12.573,-35.000,208.000,29.000,-82.636,-107.054,-117.636,100.946
0.693,-9.783,12.571,-35.000,208.000,26.000,-82.767,-107.036,-117.767,100.964
0.694,-9.758,12.599,-35.000,208.000,27.000,-82.547,-107.281,-117.547,100.719
0.693,-9.701,12.652,-35.000,208.000,38.000,-82.058,-107.753,-117.058,100.247
0.693,-9.621,12.721,-35.000,208.000,34.000,-81.363,-108.359,-116.363,99.641
0.695,-9.534,12.785,-36.000,209.000,41.000,-80.620,-108.923,-116.620,100.077
0.693,-9.475,12.838,-39.000,210.000,25.000,-80.105,-109.387,-119.105,100.613
0.694,-9.450,12.866,-38.000,210.000,28.000,-79.894,-109.634,-117.894,100.366
0.695,-9.435,12.838,-38.000,210.000,27.000,-79.765,-109.387,-117.765,100.613
0.696,-9.414,12.746,-38.000,210.000,31.000,-79.583,-108.576,-117.583,101.424
0.696,-9.371,12.613,-38.000,208.000,30.000,-79.214,-107.407,-117.214,100.593
0.694,-9.291,12.480,-38.000,208.000,36.000,-78.526,-106.238,-116.526,101.762
0.694,-9.177,12.377,-38.000,208.000,37.000,-77.547,-105.330,-115.547,102.670
0.699,-9.032,12.306,-40.000,205.000,28.000,-76.301,-104.706,-116.301,100.294
0.696,-8.834,12.248,-42.000,203.000,26.000,-74.604,-104.199,-116.604,98.801
0.695,-8.572,12.192,-42.000,203.000,30.000,-72.353,-103.711,-114.353,99.289
0.697,-8.286,12.153,-44.000,203.000,28.000,-69.906,-103.371,-113.906,99.629
0.696,-8.016,12.121,-45.000,203.000,29.000,-67.596,-103.083,-112.596,99.917
0.696,-7.742,12.059,-46.000,203.000,33.000,-65.261,-102.539,-111.261,100.461
0.697,-7.468,11.937,-59.000,203.000,39.000,-62.923,-101.479,-121.923,101.521
0.700,-7.199,11.753,-68.000,202.000,37.000,-60.627,-99.865,-128.628,102.135
0.696,-6.920,11.486,-70.000,202.000,28.000,-58.258,-97.539,-128.258,104.461
0.696,-6.639,11.196,-70.000,199.000,26.000,-55.866,-95.005,-125.866,103.995
0.698,-6.388,10.941,-70.000,197.000,28.000,-53.737,-92.786,-123.737,104.214
0.698,-6.130,10.694,-78.000,195.000,31.000,-51.556,-90.643,-129.556,104.357
0.696,-5.866,10.438,-82.000,192.000,37.000,-49.316,-88.426,-131.316,103.574
0.699,-5.632,10.213,-83.000,191.000,37.000,-47.336,-86.480,-130.336,104.520
0.700,-5.406,10.003,-85.000,191.000,41.000,-45.425,-84.661,-130.425,106.339
0.703,-5.178,9.792,-86.000,191.000,29.000,-43.495,-82.840,-129.495,108.160
0.700,-4.985,9.605,-86.000,188.000,33.000,-41.865,-81.232,-127.865,106.768
0.701,-4.819,9.447,-86.000,180.000,34.000,-40.471,-79.868,-126.471,100.132
0.701,-4.647,9.303,-87.000,177.000,37.000,-39.018,-78.632,-126.018,98.368
0.702,-4.444,9.159,-90.000,177.000,38.000,-37.302,-77.390,-127.302,99.610
0.704,-4.230,9.035,-91.000,177.000,40.000,-35.501,-76.327,-126.501,100.673
0.703,-4.001,8.927,-91.000,177.000,44.000,-33.570,-75.399,-124.570,101.601
0.700,-3.761,8.812,-91.000,177.000,35.000,-31.552,-74.411,-122.552,102.589
0.701,-3.516,8.668,-92.000,176.000,36.000,-29.492,-73.173,-121.492,102.827
0.704,-3.256,8.480,-97.000,176.000,35.000,-27.308,-71.569,-124.308,104.431
0.702,-2.986,8.266,-103.000,173.000,35.000,-25.034,-69.734,-128.034,103.266
0.701,-2.736,8.057,-105.000,172.000,39.000,-22.943,-67.950,-127.943,104.050
0.701,-2.516,7.847,-106.000,171.000,41.000,-21.089,-66.151,-127.089,104.849
0.700,-2.313,7.624,-107.000,170.000,49.000,-19.388,-64.249,-126.388,105.751
0.701,-2.127,7.413,-108.000,165.000,37.000,-17.825,-62.450,-125.825,102.550
0.700,-1.948,7.214,-110.000,159.000,37.000,-16.328,-60.755,-126.328,98.245
0.700,-1.756,7.024,-110.000,159.000,36.000,-14.715,-59.145,-124.715,99.855
0.701,-1.537,6.843,-111.000,158.000,40.000,-12.876,-57.605,-123.876,100.395
0.702,-1.310,6.664,-112.000,157.000,42.000,-10.977,-56.079,-122.977,100.921
0.703,-1.097,6.444,-113.000,155.000,43.000,-9.188,-54.217,-122.188,100.783
0.702,-0.902,6.177,-113.000,155.000,53.000,-7.557,-51.948,-120.557,103.052
0.703,-0.737,5.890,-115.000,151.000,49.000,-6.177,-49.519,-121.177,101.481
0.705,-0.611,5.602,-118.000,147.000,34.000,-5.118,-47.079,-123.118,99.921
0.703,-0.516,5.304,-118.000,144.000,42.000,-4.319,-44.561,-122.319,99.439
0.704,-0.438,5.018,-120.000,142.000,42.000,-3.668,-42.147,-123.668,99.853
0.704,-0.369,4.758,-120.000,140.000,42.000,-3.092,-39.952,-123.092,100.048
0.705,-0.301,4.510,-121.000,138.000,50.000,-2.524,-37.864,-123.524,100.136
0.708,-0.244,4.259,-123.000,133.000,53.000,-2.043,-35.744,-125.043,97.256
0.706,-0.206,3.982,-125.000,129.000,50.000,-1.726,-33.416,-126.726,95.584
0.708,-0.190,3.701,-125.000,127.000,42.000,-1.593,-31.048,-126.593,95.952
0.705,-0.181,3.415,-124.000,125.000,41.000,-1.514,-28.644,-125.514,96.356
0.708,-0.186,3.151,-123.000,125.000,42.000,-1.557,-26.424,-124.557,98.576
0.707,-0.196,2.904,-123.000,124.000,46.000,-1.645,-24.348,-124.645,99.652
0.708,-0.187,2.675,-125.000,121.000,47.000,-1.569,-22.423,-126.569,98.577
0.709,-0.143,2.477,-124.000,118.000,52.000,-1.200,-20.766,-125.200,97.234
0.709,-0.058,2.314,-124.000,114.000,51.000,-0.484,-19.400,-124.484,94.600
0.712,0.067,2.169,-126.000,112.000,44.000,0.557,-18.180,-125.443,93.820
0.713,0.228,2.046,-126.000,111.000,46.000,1.911,-17.151,-124.089,93.849
0.713,0.412,1.919,-127.000,110.000,42.000,3.452,-16.080,-123.548,93.920
0.710,0.583,1.763,-129.000,110.000,48.000,4.884,-14.777,-124.116,95.223
0.710,0.728,1.580,-130.000,107.000,46.000,6.100,-13.239,-123.900,93.761
0.711,0.832,1.380,-130.000,106.000,58.000,6.969,-11.563,-123.031,94.437
0.712,0.879,1.193,-131.000,106.000,53.000,7.364,-9.998,-123.636,96.002
0.712,0.874,1.017,-132.000,103.000,50.000,7.326,-8.523,-124.674,94.477
0.713,0.836,0.831,-132.000,99.000,51.000,7.008,-6.964,-124.992,92.036
0.711,0.741,0.626,-131.000,97.000,48.000,6.210,-5.245,-124.790,91.755
0.712,0.606,0.410,-131.000,95.000,48.000,5.076,-3.433,-125.924,91.567
0.713,0.481,0.200,-130.000,94.000,50.000,4.027,-1.677,-125.973,92.323
0.712,0.381,0.012,-129.000,94.000,56.000,3.189,-0.104,-125.811,93.896
0.715,0.308,-0.147,-128.000,91.000,60.000,2.583,1.228,-125.417,92.228
0.714,0.283,-0.293,-128.000,91.000,44.000,2.372,2.455,-125.628,93.455
0.714,0.307,-0.453,-128.000,90.000,46.000,2.572,3.793,-125.428,93.793
0.715,0.362,-0.628,-128.000,86.000,50.000,3.035,5.257,-124.965,91.257
0.715,0.442,-0.773,-129.000,84.000,49.000,3.704,6.476,-125.296,90.476
0.716,0.566,-0.845,-129.000,84.000,50.000,4.740,7.079,-124.260,91.079
0.715,0.737,-0.832,-130.000,84.000,57.000,6.172,6.968,-123.828,90.968
0.713,0.938,-0.751,-131.000,84.000,56.000,7.857,6.288,-123.143,90.288
0.717,1.147,-0.640,-132.000,85.000,57.000,9.613,5.362,-122.387,90.362
0.716,1.338,-0.528,-133.000,85.000,45.000,11.215,4.420,-121.785,89.420
0.716,1.440,-0.403,-134.000,85.000,52.000,12.068,3.373,-121.932,88.373
0.715,1.464,-0.325,-134.000,85.000,53.000,12.270,2.726,-121.730,87.726
0.716,1.471,-0.319,-135.000,86.000,53.000,12.324,2.673,-122.676,88.673
0.716,1.504,-0.347,-139.000,85.000,53.000,12.601,2.903,-126.399,87.903
0.713,1.575,-0.424,-140.000,84.000,58.000,13.197,3.549,-126.803,87.549
0.718,1.647,-0.535,-142.000,84.000,58.000,13.800,4.479,-128.200,88.479
0.715,1.693,-0.668,-143.000,82.000,52.000,14.186,5.593,-128.814,87.593
0.712,1.722,-0.824,-143.000,81.000,54.000,14.430,6.901,-128.570,87.901
0.715,1.767,-1.019,-143.000,80.000,51.000,14.810,8.540,-128.190,88.540
0.712,1.837,-1.227,-145.000,79.000,55.000,15.393,10.283,-129.607,89.283
0.717,1.894,-1.339,-146.000,77.000,56.000,15.872,11.222,-130.128,88.222
0.719,1.979,-1.360,-146.000,77.000,61.000,16.585,11.399,-129.415,88.399
0.717,2.128,-1.330,-146.000,77.000,61.000,17.832,11.140,-128.168,88.140
0.716,2.283,-1.246,-147.000,77.000,50.000,19.136,10.443,-127.864,87.443
0.714,2.457,-1.154,-148.000,77.000,56.000,20.600,9.670,-127.400,86.670
0.715,2.647,-1.114,-148.000,78.000,52.000,22.190,9.331,-125.810,87.331
0.716,2.801,-1.131,-149.000,78.000,59.000,23.488,9.475,-125.512,87.475
0.715,2.902,-1.213,-151.000,78.000,56.000,24.332,10.161,-126.668,88.161
0.719,2.961,-1.393,-152.000,78.000,59.000,24.831,11.672,-127.169,89.672
0.715,3.005,-1.655,-152.000,78.000,61.000,25.202,13.865,-126.798,91.865
0.716,3.035,-1.949,-150.000,78.000,58.000,25.446,16.333,-124.554,94.333
0.715,3.059,-2.263,-155.000,69.000,54.000,25.654,18.972,-129.346,87.972
0.717,3.112,-2.601,-157.000,66.000,55.000,26.097,21.808,-130.903,87.808
0.719,3.166,-2.927,-159.000,63.000,53.000,26.547,24.545,-132.453,87.545
0.720,3.209,-3.189,-160.000,61.000,60.000,26.909,26.742,-133.091,87.742
0.719,3.273,-3.383,-160.000,60.000,61.000,27.453,28.378,-132.547,88.378
0.720,3.389,-3.541,-160.000,60.000,64.000,28.421,29.701,-131.579,89.701
0.721,3.551,-3.683,-160.000,56.000,62.000,29.791,30.895,-130.209,86.895
0.718,3.752,-3.814,-161.000,54.000,59.000,31.475,32.002,-129.525,86.002
0.721,3.986,-3.914,-163.000,52.000,57.000,33.443,32.839,-129.557,84.839
0.718,4.218,-3.972,-165.000,51.000,56.000,35.400,33.325,-129.600,84.325
0.721,4.431,-4.020,-166.000,51.000,59.000,37.198,33.734,-128.802,84.734
0.720,4.604,-4.107,-169.000,50.000,58.000,38.657,34.468,-130.343,84.468
0.721,4.722,-4.225,-172.000,49.000,59.000,39.650,35.457,-132.350,84.457
0.721,4.816,-4.367,-175.000,47.000,60.000,40.444,36.655,-134.556,83.655
0.719,4.906,-4.529,-175.000,47.000,60.000,41.200,38.020,-133.800,85.020
0.721,4.983,-4.666,-176.000,46.000,62.000,41.854,39.176,-134.146,85.176
0.722,5.060,-4.752,-177.000,44.000,68.000,42.501,39.904,-134.499,83.904
0.721,5.167,-4.792,-178.000,43.000,65.000,43.407,40.242,-134.592,83.242
0.723,5.310,-4.806,-179.000,43.000,63.000,44.615,40.357,-134.385,83.357
0.722,5.459,-4.828,-180.000,43.000,63.000,45.869,40.542,-134.131,83.542
0.721,5.586,-4.871,-181.000,43.000,68.000,46.944,40.903,-134.056,83.903
0.723,5.693,-4.930,-181.000,42.000,62.000,47.849,41.406,-133.151,83.406
0.724,5.774,-4.981,-183.000,42.000,62.000,48.537,41.835,-134.463,83.835
0.724,5.833,-5.022,-183.000,42.000,58.000,49.039,42.180,-133.961,84.180
0.728,5.889,-5.041,-183.000,41.000,61.000,49.511,42.338,-133.489,83.338
0.725,5.925,-5.012,-184.000,41.000,64.000,49.818,42.098,-134.182,83.098
0.722,5.931,-4.939,-184.000,41.000,67.000,49.869,41.483,-134.131,82.483
0.727,5.915,-4.877,-185.000,41.000,70.000,49.728,40.953,-135.272,81.953
0.731,5.857,-4.840,-185.000,42.000,60.000,49.238,40.642,-135.762,82.642
0.729,5.753,-4.805,-184.000,42.000,65.000,48.359,40.347,-135.641,82.347
0.726,5.617,-4.770,-182.000,43.000,68.000,47.211,40.056,-134.789,83.056
0.724,5.483,-4.723,-181.000,43.000,62.000,46.076,39.658,-134.924,82.658
0.727,5.366,-4.645,-181.000,44.000,63.000,45.083,38.998,-135.917,82.998
0.729,5.246,-4.506,-181.000,44.000,62.000,44.071,37.825,-136.929,81.825
0.729,5.122,-4.290,-181.000,46.000,64.000,43.022,36.010,-137.978,82.010
0.727,5.017,-3.974,-181.000,46.000,64.000,42.134,33.342,-138.866,79.342
0.728,4.962,-3.537,-179.000,50.000,61.000,41.674,29.673,-137.326,79.673
0.725,4.952,-2.999,-178.000,53.000,58.000,41.586,25.151,-136.414,78.151
0.726,4.926,-2.382,-179.000,58.000,59.000,41.368,19.965,-137.632,77.965
0.724,4.875,-1.744,-179.000,65.000,61.000,40.936,14.612,-138.064,79.612
0.725,4.780,-1.095,-179.000,68.000,61.000,40.136,9.178,-138.864,77.178
0.723,4.631,-0.479,-178.000,76.000,62.000,38.877,4.012,-139.123,80.012
0.723,4.410,0.076,-175.000,83.000,62.000,37.015,-0.635,-137.985,82.365
0.724,4.151,0.546,-173.000,85.000,49.000,34.835,-4.571,-138.165,80.429
0.725,3.869,0.970,-172.000,90.000,52.000,32.461,-8.124,-139.539,81.876
0.722,3.566,1.385,-170.000,94.000,45.000,29.917,-11.602,-140.083,82.398
0.719,3.284,1.799,-167.000,98.000,44.000,27.540,-15.075,-139.460,82.925
0.722,3.075,2.168,-166.000,102.000,52.000,25.782,-18.173,-140.218,83.827
0.719,2.933,2.521,-164.000,106.000,52.000,24.594,-21.137,-139.406,84.863
0.719,2.826,2.900,-162.000,111.000,53.000,23.693,-24.320,-138.307,86.680
0.715,2.729,3.312,-162.000,112.000,45.000,22.876,-27.779,-139.124,84.221
0.716,2.622,3.735,-160.000,117.000,42.000,21.978,-31.335,-138.022,85.665
0.719,2.480,4.146,-160.000,123.000,47.000,20.793,-34.790,-139.207,88.210
0.718,2.310,4.514,-158.000,126.000,42.000,19.361,-37.896,-138.639,88.104
0.720,2.103,4.843,-157.000,128.000,45.000,17.626,-40.670,-139.374,87.330
0.720,1.862,5.172,-152.000,135.000,49.000,15.601,-43.450,-136.399,91.550
0.718,1.611,5.502,-151.000,141.000,51.000,13.496,-46.232,-137.504,94.768
0.720,1.380,5.825,-151.000,142.000,37.000,11.567,-48.967,-139.433,93.033
0.718,1.171,6.151,-148.000,144.000,35.000,9.813,-51.730,-138.187,92.270
0.718,0.954,6.469,-147.000,150.000,41.000,7.990,-54.427,-139.010,95.573
0.717,0.701,6.750,-147.000,154.000,34.000,5.874,-56.812,-141.126,97.188
0.718,0.371,6.944,-145.000,157.000,46.000,3.110,-58.457,-141.890,98.543
0.719,0.008,7.039,-140.000,158.000,45.000,0.066,-59.265,-139.934,98.735
0.719,-0.364,7.076,-140.000,158.000,45.000,-3.046,-59.582,-143.046,98.418
0.717,-0.704,7.053,-137.000,158.000,32.000,-5.899,-59.384,-142.899,98.616
0.717,-1.017,7.020,-130.000,158.000,36.000,-8.525,-59.107,-138.525,98.893
0.714,-1.372,7.020,-128.000,158.000,35.000,-11.493,-59.104,-139.493,98.896
0.715,-1.762,7.029,-127.000,159.000,35.000,-14.767,-59.182,-141.767,99.818
0.717,-2.149,7.092,-126.000,161.000,39.000,-18.010,-59.719,-144.010,101.281
0.713,-2.531,7.262,-126.000,162.000,40.000,-21.215,-61.162,-147.215,100.838
0.715,-2.849,7.544,-124.000,164.000,47.000,-23.885,-63.572,-147.885,100.428
0.715,-3.109,7.941,-123.000,164.000,32.000,-26.074,-66.955,-149.074,97.045
0.714,-3.355,8.435,-114.000,166.000,28.000,-28.141,-71.178,-142.141,94.822
0.714,-3.641,8.975,-113.000,168.000,28.000,-30.542,-75.809,-143.542,92.191
0.713,-3.964,9.498,-111.000,169.000,29.000,-33.260,-80.310,-144.260,88.690
0.710,-4.281,9.965,-108.000,177.000,32.000,-35.935,-84.336,-143.935,92.664
0.710,-4.597,10.357,-106.000,184.000,40.000,-38.594,-87.725,-144.594,96.275
0.711,-4.931,10.689,-105.000,185.000,38.000,-41.411,-90.599,-146.411,94.401
0.712,-5.281,10.964,-104.000,186.000,29.000,-44.369,-92.992,-148.369,93.008
0.710,-5.603,11.185,-103.000,190.000,30.000,-47.090,-94.915,-150.090,95.085
0.708,-5.879,11.383,-101.000,195.000,28.000,-49.424,-96.638,-150.424,98.362
0.707,-6.095,11.554,-99.000,197.000,23.000,-51.253,-98.132,-150.253,98.868
0.706,-6.238,11.703,-98.000,200.000,26.000,-52.465,-99.427,-150.465,100.573
0.710,-6.346,11.855,-98.000,200.000,34.000,-53.381,-100.755,-151.381,99.245
0.707,-6.453,12.011,-98.000,200.000,35.000,-54.288,-102.120,-152.288,97.880
0.706,-6.537,12.161,-97.000,200.000,32.000,-55.005,-103.437,-152.005,96.563
0.705,-6.566,12.313,-96.000,200.000,25.000,-55.251,-104.774,-151.251,95.226
0.706,-6.571,12.514,-90.000,200.000,27.000,-55.295,-106.539,-145.295,93.461
0.706,-6.589,12.763,-90.000,203.000,21.000,-55.447,-108.724,-145.447,94.276
0.705,-6.601,12.999,-89.000,204.000,28.000,-55.547,-110.807,-144.547,93.193
0.705,-6.591,13.195,-89.000,204.000,32.000,-55.461,-112.537,-144.461,91.463
0.709,-6.602,13.359,-88.000,204.000,33.000,-55.551,-113.993,-143.551,90.007
0.706,-6.662,13.498,-88.000,205.000,32.000,-56.068,-115.222,-144.068,89.778
0.705,-6.746,13.629,-88.000,206.000,26.000,-56.777,-116.383,-144.777,89.617
0.705,-6.841,13.747,-87.000,206.000,28.000,-57.587,-117.427,-144.587,88.573
0.704,-6.934,13.838,-88.000,207.000,25.000,-58.375,-118.241,-146.375,88.759
0.704,-7.016,13.894,-86.000,211.000,28.000,-59.069,-118.730,-145.069,92.270
0.706,-7.095,13.892,-86.000,214.000,31.000,-59.748,-118.716,-145.748,95.284
0.706,-7.154,13.829,-84.000,215.000,31.000,-60.243,-118.158,-144.243,96.842
0.706,-7.189,13.726,-85.000,215.000,34.000,-60.541,-117.246,-145.541,97.754
0.705,-7.210,13.632,-85.000,215.000,25.000,-60.722,-116.410,-145.722,98.590
0.705,-7.233,13.576,-85.000,212.000,27.000,-60.921,-115.913,-145.921,96.087
0.705,-7.273,13.572,-85.000,212.000,28.000,-61.260,-115.878,-146.260,96.122
0.703,-7.306,13.600,-86.000,212.000,28.000,-61.544,-116.122,-147.544,95.878
0.704,-7.307,13.638,-86.000,212.000,28.000,-61.550,-116.465,-147.550,95.535
0.703,-7.277,13.681,-86.000,212.000,36.000,-61.297,-116.843,-147.297,95.157
0.702,-7.246,13.720,-86.000,212.000,33.000,-61.032,-117.190,-147.032,94.810
0.701,-7.229,13.751,-86.000,213.000,29.000,-60.885,-117.465,-146.885,95.535
0.700,-7.222,13.766,-85.000,213.000,27.000,-60.828,-117.601,-145.828,95.399
0.702,-7.218,13.744,-84.000,213.000,27.000,-60.789,-117.402,-144.789,95.598
0.702,-7.232,13.684,-84.000,213.000,30.000,-60.912,-116.872,-144.912,96.128
0.704,-7.255,13.608,-84.000,212.000,31.000,-61.110,-116.196,-145.110,95.804
0.704,-7.260,13.550,-84.000,212.000,34.000,-61.145,-115.685,-145.145,96.315
0.703,-7.260,13.514,-84.000,212.000,34.000,-61.145,-115.366,-145.145,96.634
0.702,-7.255,13.475,-85.000,212.000,26.000,-61.105,-115.015,-146.105,96.985
0.704,-7.235,13.426,-85.000,212.000,28.000,-60.933,-114.586,-145.933,97.414
0.703,-7.192,13.361,-86.000,212.000,29.000,-60.567,-114.006,-146.567,97.994
0.701,-7.121,13.260,-86.000,211.000,24.000,-59.964,-113.110,-145.964,97.890
0.704,-7.032,13.108,-85.000,211.000,34.000,-59.211,-111.767,-144.211,99.233
0.705,-6.945,12.911,-83.000,211.000,32.000,-58.468,-110.030,-141.468,100.970
0.703,-6.861,12.675,-85.000,210.000,37.000,-57.755,-107.954,-142.755,102.046
0.704,-6.790,12.413,-88.000,207.000,31.000,-57.154,-105.651,-145.154,101.349
0.705,-6.727,12.135,-89.000,204.000,26.000,-56.613,-103.211,-145.613,100.789
0.705,-6.628,11.849,-90.000,197.000,25.000,-55.780,-100.709,-145.780,96.291
0.706,-6.483,11.579,-89.000,196.000,30.000,-54.547,-98.345,-143.547,97.655
0.706,-6.300,11.333,-91.000,196.000,29.000,-52.990,-96.199,-143.990,99.801
0.704,-6.078,11.098,-92.000,196.000,35.000,-51.114,-94.152,-143.114,101.848
0.704,-5.817,10.880,-93.000,195.000,33.000,-48.902,-92.257,-141.902,102.743
0.704,-5.517,10.677,-94.000,186.000,38.000,-46.366,-90.494,-140.366,95.506
0.705,-5.177,10.497,-96.000,183.000,25.000,-43.492,-88.937,-139.492,94.063
0.706,-4.789,10.344,-97.000,182.000,31.000,-40.213,-87.615,-137.213,94.385
0.707,-4.375,10.222,-99.000,181.000,29.000,-36.721,-86.555,-135.721,94.445
0.705,-4.006,10.132,-99.000,180.000,33.000,-33.618,-85.776,-132.618,94.224
0.706,-3.692,10.011,-105.000,180.000,31.000,-30.974,-84.735,-135.974,95.265
0.706,-3.404,9.827,-111.000,177.000,39.000,-28.551,-83.146,-139.551,93.854
0.708,-3.162,9.584,-111.000,175.000,43.000,-26.520,-81.047,-137.520,93.953
0.708,-2.973,9.283,-113.000,175.000,28.000,-24.931,-78.454,-137.931,96.546
0.708,-2.810,8.928,-113.000,175.000,32.000,-23.557,-75.408,-136.557,99.592
0.708,-2.661,8.540,-115.000,174.000,35.000,-22.311,-72.078,-137.311,101.922
0.709,-2.491,8.120,-115.000,169.000,32.000,-20.883,-68.487,-135.883,100.513
0.708,-2.300,7.691,-115.000,161.000,39.000,-19.279,-64.818,-134.279,96.182
0.710,-2.126,7.274,-115.000,159.000,47.000,-17.823,-61.272,-132.823,97.728
0.708,-1.969,6.876,-118.000,158.000,44.000,-16.502,-57.880,-134.502,100.120
0.709,-1.799,6.475,-120.000,151.000,36.000,-15.075,-54.478,-135.075,96.522
0.711,-1.602,6.060,-121.000,146.000,34.000,-13.424,-50.962,-134.424,95.038
0.715,-1.379,5.644,-122.000,145.000,36.000,-11.551,-47.438,-133.551,97.562
0.714,-1.136,5.245,-126.000,139.000,39.000,-9.521,-44.066,-135.521,94.934
0.712,-0.868,4.851,-127.000,135.000,39.000,-7.276,-40.735,-134.276,94.265
0.714,-0.567,4.441,-127.000,131.000,48.000,-4.752,-37.280,-131.751,93.720
0.716,-0.243,4.018,-131.000,127.000,47.000,-2.035,-33.718,-133.035,93.282
0.715,0.079,3.614,-132.000,123.000,44.000,0.665,-30.320,-131.335,92.680
0.715,0.401,3.253,-136.000,115.000,42.000,3.362,-27.279,-132.638,87.721
0.717,0.705,2.939,-139.000,113.000,42.000,5.908,-24.647,-133.092,88.353
0.717,0.996,2.644,-141.000,110.000,41.000,8.344,-22.163,-132.656,87.837
0.717,1.281,2.356,-144.000,110.000,46.000,10.736,-19.751,-133.264,90.249
0.716,1.570,2.085,-149.000,106.000,50.000,13.152,-17.476,-135.848,88.524
0.716,1.851,1.841,-150.000,103.000,55.000,15.512,-15.428,-134.488,87.572
0.718,2.107,1.633,-154.000,102.000,56.000,17.657,-13.681,-136.343,88.319
0.718,2.333,1.457,-156.000,102.000,47.000,19.552,-12.210,-136.448,89.790
0.716,2.531,1.292,-159.000,101.000,49.000,21.220,-10.824,-137.780,90.176
0.716,2.713,1.128,-164.000,98.000,47.000,22.741,-9.449,-141.259,88.551
0.718,2.902,0.942,-166.000,96.000,52.000,24.334,-7.890,-141.666,88.110
0.720,3.092,0.751,-168.000,94.000,53.000,25.925,-6.296,-142.075,87.704
0.716,3.257,0.582,-169.000,92.000,55.000,27.312,-4.877,-141.688,87.123
0.717,3.416,0.422,-169.000,91.000,58.000,28.652,-3.535,-140.348,87.465
0.718,3.577,0.266,-170.000,89.000,51.000,30.009,-2.231,-139.991,86.769
0.719,3.746,0.094,-171.000,88.000,52.000,31.424,-0.790,-139.576,87.210
0.718,3.908,-0.091,-172.000,87.000,52.000,32.794,0.759,-139.206,87.759
0.717,4.050,-0.290,-175.000,83.000,57.000,33.987,2.432,-141.013,85.432
0.719,4.163,-0.476,-177.000,80.000,53.000,34.939,3.991,-142.061,83.991
0.720,4.268,-0.655,-178.000,79.000,57.000,35.822,5.486,-142.178,84.486
0.719,4.365,-0.824,-178.000,79.000,61.000,36.641,6.903,-141.359,85.903
0.718,4.452,-0.950,-179.000,78.000,54.000,37.374,7.957,-141.626,85.957
0.719,4.529,-1.040,-180.000,76.000,53.000,38.022,8.711,-141.978,84.711
0.719,4.599,-1.118,-180.000,76.000,57.000,38.609,9.371,-141.391,85.371
0.718,4.685,-1.243,-181.000,76.000,58.000,39.333,10.418,-141.667,86.418
0.720,4.806,-1.426,-181.000,75.000,70.000,40.356,11.952,-140.644,86.952
0.720,4.966,-1.629,-181.000,75.000,65.000,41.707,13.654,-139.293,88.654
0.719,5.132,-1.790,-183.000,71.000,65.000,43.111,15.000,-139.889,86.000
0.720,5.294,-1.912,-185.000,68.000,56.000,44.479,16.024,-140.521,84.024
0.720,5.453,-2.017,-188.000,68.000,57.000,45.818,16.902,-142.182,84.902
0.719,5.589,-2.109,-189.000,67.000,63.000,46.975,17.678,-142.025,84.678
0.717,5.700,-2.194,-190.000,66.000,60.000,47.911,18.393,-142.089,84.393
0.717,5.806,-2.266,-190.000,65.000,66.000,48.805,18.990,-141.195,83.990
0.716,5.937,-2.345,-192.000,64.000,59.000,49.919,19.653,-142.081,83.653
0.716,6.099,-2.454,-193.000,63.000,70.000,51.291,20.569,-141.709,83.569
0.717,6.264,-2.567,-194.000,62.000,58.000,52.683,21.522,-141.317,83.522
0.719,6.417,-2.670,-196.000,61.000,61.000,53.987,22.380,-142.013,83.380
0.720,6.546,-2.736,-200.000,60.000,65.000,55.083,22.937,-144.917,82.937
0.720,6.665,-2.779,-201.000,59.000,57.000,56.086,23.297,-144.914,82.297
0.717,6.807,-2.816,-202.000,59.000,66.000,57.294,23.613,-144.706,82.613
0.716,6.968,-2.853,-203.000,58.000,65.000,58.663,23.922,-144.337,81.922
0.717,7.121,-2.906,-205.000,58.000,69.000,59.964,24.366,-145.036,82.366
0.717,7.229,-2.952,-205.000,58.000,65.000,60.888,24.750,-144.112,82.750
0.716,7.301,-2.999,-205.000,57.000,64.000,61.494,25.151,-143.506,82.151
0.716,7.347,-3.064,-205.000,57.000,64.000,61.892,25.696,-143.108,82.696
0.718,7.380,-3.162,-205.000,57.000,61.000,62.169,26.520,-142.831,83.520
0.718,7.378,-3.284,-205.000,56.000,61.000,62.153,27.539,-142.847,83.539
0.718,7.352,-3.427,-207.000,55.000,64.000,61.931,28.747,-145.069,83.747
0.723,7.348,-3.594,-207.000,54.000,71.000,61.896,30.147,-145.104,84.147
0.722,7.354,-3.751,-207.000,52.000,66.000,61.953,31.471,-145.047,83.471
0.724,7.362,-3.878,-207.000,52.000,63.000,62.015,32.540,-144.985,84.540
0.717,7.397,-3.976,-207.000,51.000,67.000,62.317,33.365,-144.683,84.365
0.717,7.463,-4.047,-207.000,50.000,68.000,62.879,33.964,-144.121,83.964
0.717,7.525,-4.079,-207.000,49.000,68.000,63.407,34.234,-143.593,83.234
0.719,7.588,-4.093,-208.000,46.000,69.000,63.946,34.351,-144.054,80.351
0.716,7.649,-4.101,-209.000,45.000,72.000,64.467,34.419,-144.533,79.419
0.717,7.688,-4.078,-210.000,45.000,71.000,64.792,34.221,-145.208,79.221
0.717,7.700,-4.019,-210.000,45.000,68.000,64.897,33.728,-145.103,78.728
0.717,7.719,-3.967,-210.000,45.000,68.000,65.059,33.285,-144.941,78.285
0.718,7.734,-3.922,-210.000,45.000,65.000,65.185,32.907,-144.815,77.907
0.716,7.720,-3.870,-211.000,46.000,68.000,65.070,32.471,-145.930,78.471
0.716,7.680,-3.798,-211.000,46.000,64.000,64.727,31.865,-146.273,77.865
0.718,7.637,-3.705,-210.000,47.000,68.000,64.361,31.085,-145.639,78.085
0.718,7.593,-3.591,-210.000,47.000,69.000,63.985,30.121,-146.015,77.121
0.715,7.547,-3.459,-210.000,48.000,63.000,63.596,29.014,-146.404,77.014
0.718,7.488,-3.313,-210.000,49.000,64.000,63.094,27.783,-146.906,76.783
0.716,7.416,-3.149,-210.000,49.000,63.000,62.474,26.405,-147.526,75.405
0.716,7.339,-2.968,-208.000,51.000,68.000,61.819,24.890,-146.181,75.890
0.718,7.245,-2.768,-207.000,52.000,70.000,61.017,23.207,-145.983,75.207
0.714,7.142,-2.533,-207.000,56.000,68.000,60.143,21.238,-146.857,77.238
0.714,7.043,-2.275,-206.000,60.000,67.000,59.304,19.066,-146.696,79.065
0.714,6.929,-2.005,-205.000,62.000,65.000,58.334,16.807,-146.666,78.807
0.714,6.787,-1.717,-204.000,64.000,65.000,57.129,14.389,-146.871,78.389
0.714,6.630,-1.422,-203.000,65.000,64.000,55.792,11.914,-147.208,76.914
0.711,6.445,-1.134,-202.000,69.000,60.000,54.224,9.500,-147.776,78.500
0.712,6.212,-0.831,-198.000,74.000,58.000,52.250,6.964,-145.750,80.964
0.710,5.942,-0.498,-194.000,77.000,62.000,49.962,4.169,-144.038,81.169
0.711,5.665,-0.131,-191.000,79.000,60.000,47.617,1.097,-143.383,80.097
0.709,5.435,0.212,-189.000,82.000,65.000,45.672,-1.776,-143.328,80.224
0.708,5.234,0.527,-188.000,85.000,57.000,43.974,-4.413,-144.026,80.587
0.713,5.025,0.835,-186.000,90.000,58.000,42.203,-6.999,-143.797,83.001
0.711,4.802,1.122,-184.000,93.000,54.000,40.321,-9.403,-143.679,83.597
0.708,4.569,1.391,-182.000,95.000,49.000,38.359,-11.652,-143.641,83.348
0.706,4.352,1.650,-181.000,97.000,57.000,36.532,-13.829,-144.468,83.171
0.706,4.158,1.916,-179.000,100.000,57.000,34.896,-16.058,-144.104,83.942
0.705,3.959,2.251,-175.000,105.000,53.000,33.220,-18.870,-141.780,86.130
0.706,3.732,2.669,-174.000,107.000,45.000,31.313,-22.379,-142.687,84.621
0.705,3.529,3.125,-172.000,110.000,43.000,29.602,-26.203,-142.398,83.797
0.705,3.371,3.601,-169.000,115.000,43.000,28.274,-30.210,-140.726,84.790
0.703,3.248,4.103,-168.000,121.000,49.000,27.236,-34.435,-140.764,86.565
0.703,3.144,4.602,-166.000,124.000,49.000,26.364,-38.636,-139.636,85.364
0.702,3.036,5.079,-166.000,128.000,53.000,25.458,-42.659,-140.542,85.341
0.704,2.892,5.500,-164.000,133.000,48.000,24.250,-46.216,-139.750,86.784
0.701,2.716,5.850,-163.000,135.000,43.000,22.769,-49.183,-140.231,85.817
0.699,2.460,6.135,-162.000,138.000,37.000,20.621,-51.592,-141.379,86.408
0.698,2.166,6.396,-159.000,140.000,42.000,18.157,-53.805,-140.842,86.195
0.700,1.877,6.657,-158.000,141.000,39.000,15.729,-56.026,-142.271,84.974
0.699,1.613,6.928,-158.000,141.000,41.000,13.515,-58.327,-144.485,82.673
0.695,1.398,7.174,-156.000,146.000,47.000,11.717,-60.417,-144.283,85.583
0.695,1.216,7.374,-154.000,150.000,44.000,10.189,-62.120,-143.811,87.880
0.695,0.985,7.554,-152.000,149.000,34.000,8.254,-63.652,-143.746,85.348
0.698,0.703,7.730,-152.000,150.000,33.000,5.893,-65.158,-146.107,84.842
0.697,0.407,7.910,-150.000,154.000,34.000,3.409,-66.691,-146.591,87.309
0.697,0.106,8.101,-149.000,154.000,34.000,0.890,-68.324,-148.110,85.676
0.695,-0.185,8.288,-148.000,156.000,38.000,-1.552,-69.924,-149.552,86.076
0.694,-0.454,8.440,-137.000,159.000,43.000,-3.804,-71.226,-140.804,87.774
0.694,-0.720,8.559,-130.000,163.000,40.000,-6.035,-72.246,-136.035,90.754
0.694,-1.003,8.676,-129.000,164.000,47.000,-8.402,-73.240,-137.402,90.760
0.696,-1.310,8.818,-129.000,165.000,35.000,-10.978,-74.466,-139.978,90.534
0.695,-1.619,8.971,-128.000,166.000,35.000,-13.569,-75.778,-141.569,90.222
0.693,-1.913,9.121,-127.000,168.000,34.000,-16.033,-77.063,-143.033,90.937
0.695,-2.192,9.250,-125.000,168.000,46.000,-18.377,-78.170,-143.377,89.830
0.696,-2.429,9.364,-117.000,169.000,44.000,-20.360,-79.156,-137.360,89.844
0.696,-2.601,9.480,-113.000,171.000,42.000,-21.805,-80.156,-134.805,90.844
0.694,-2.722,9.631,-113.000,172.000,47.000,-22.819,-81.453,-135.819,90.547
0.695,-2.807,9.822,-113.000,174.000,33.000,-23.534,-83.100,-136.534,90.900
0.694,-2.867,10.050,-113.000,174.000,35.000,-24.037,-85.070,-137.037,88.930
0.693,-2.916,10.313,-112.000,175.000,27.000,-24.447,-87.344,-136.447,87.656
0.693,-2.923,10.588,-112.000,179.000,35.000,-24.509,-89.730,-136.509,89.270
0.695,-2.889,10.862,-112.000,185.000,32.000,-24.220,-92.101,-136.220,92.899
0.693,-2.830,11.147,-111.000,188.000,37.000,-23.730,-94.582,-134.730,93.418
0.692,-2.790,11.452,-110.000,189.000,38.000,-23.394,-97.240,-133.394,91.760
0.690,-2.775,11.745,-110.000,189.000,29.000,-23.263,-99.792,-133.263,89.208
0.691,-2.787,11.987,-110.000,190.000,32.000,-23.365,-101.916,-133.365,88.084
0.693,-2.814,12.159,-109.000,191.000,30.000,-23.591,-103.419,-132.591,87.581
0.690,-2.875,12.270,-109.000,191.000,30.000,-24.108,-104.390,-133.108,86.610
0.689,-2.993,12.347,-108.000,192.000,38.000,-25.093,-105.070,-133.093,86.930
0.689,-3.149,12.402,-108.000,195.000,43.000,-26.406,-105.556,-134.406,89.444
0.690,-3.307,12.439,-105.000,197.000,35.000,-27.738,-105.882,-132.738,91.118
0.690,-3.479,12.475,-105.000,201.000,28.000,-29.185,-106.190,-134.185,94.810
0.691,-3.689,12.508,-103.000,201.000,28.000,-30.950,-106.486,-133.950,94.514
0.691,-3.917,12.554,-102.000,201.000,33.000,-32.868,-106.885,-134.868,94.115
0.689,-4.113,12.628,-101.000,200.000,30.000,-34.520,-107.538,-135.520,92.462
0.690,-4.207,12.740,-101.000,204.000,35.000,-35.311,-108.523,-136.311,95.477
0.687,-4.200,12.893,-101.000,204.000,34.000,-35.245,-109.871,-136.245,94.129
0.689,-4.156,13.074,-101.000,204.000,39.000,-34.876,-111.466,-135.876,92.534
0.688,-4.125,13.238,-99.000,204.000,28.000,-34.616,-112.920,-133.616,91.080
0.691,-4.113,13.371,-99.000,205.000,26.000,-34.516,-114.094,-133.516,90.906
0.690,-4.119,13.468,-100.000,205.000,25.000,-34.569,-114.953,-134.569,90.047
0.690,-4.151,13.519,-100.000,205.000,30.000,-34.836,-115.407,-134.836,89.593
0.690,-4.209,13.521,-100.000,205.000,32.000,-35.328,-115.423,-135.328,89.577
0.692,-4.282,13.488,-101.000,205.000,31.000,-35.938,-115.133,-136.938,89.867
0.691,-4.361,13.450,-95.000,207.000,34.000,-36.603,-114.797,-131.603,92.203
0.691,-4.438,13.415,-94.000,208.000,38.000,-37.257,-114.486,-131.257,93.514
0.692,-4.507,13.404,-94.000,206.000,22.000,-37.833,-114.389,-131.833,91.611
0.690,-4.558,13.435,-94.000,205.000,24.000,-38.268,-114.659,-132.268,90.341
0.689,-4.584,13.495,-91.000,205.000,31.000,-38.481,-115.196,-129.481,89.804
0.690,-4.579,13.568,-91.000,205.000,27.000,-38.440,-115.839,-129.440,89.161
0.690,-4.553,13.631,-91.000,205.000,33.000,-38.227,-116.403,-129.227,88.597
0.689,-4.524,13.652,-91.000,208.000,36.000,-37.982,-116.581,-128.982,91.419
0.689,-4.507,13.618,-91.000,210.000,38.000,-37.836,-116.281,-128.837,93.719
0.689,-4.518,13.548,-91.000,210.000,25.000,-37.928,-115.662,-128.928,94.338
0.691,-4.554,13.465,-91.000,208.000,29.000,-38.236,-114.928,-129.236,93.072
0.692,-4.603,13.398,-91.000,210.000,29.000,-38.646,-114.336,-129.646,95.664
0.689,-4.637,13.370,-91.000,210.000,26.000,-38.929,-114.087,-129.929,95.913
0.691,-4.646,13.380,-90.000,208.000,36.000,-39.008,-114.175,-129.008,93.825
0.691,-4.644,13.405,-91.000,208.000,38.000,-38.989,-114.400,-129.989,93.600
0.692,-4.640,13.415,-91.000,208.000,34.000,-38.961,-114.486,-129.961,93.514
0.689,-4.653,13.395,-91.000,207.000,25.000,-39.070,-114.312,-130.070,92.688
0.692,-4.686,13.336,-91.000,207.000,23.000,-39.344,-113.788,-130.344,93.212
0.694,-4.720,13.242,-90.000,207.000,25.000,-39.635,-112.955,-129.635,94.045
0.694,-4.739,13.131,-90.000,204.000,23.000,-39.795,-111.977,-129.795,92.023
0.694,-4.744,13.027,-90.000,203.000,31.000,-39.838,-111.057,-129.838,91.943
0.692,-4.732,12.934,-90.000,203.000,31.000,-39.732,-110.235,-129.732,92.765
0.693,-4.693,12.857,-90.000,203.000,36.000,-39.404,-109.553,-129.404,93.447
0.691,-4.634,12.783,-91.000,203.000,29.000,-38.910,-108.903,-129.910,94.097
0.690,-4.572,12.684,-91.000,202.000,29.000,-38.382,-108.032,-129.382,93.968
0.691,-4.514,12.542,-91.000,202.000,25.000,-37.892,-106.786,-128.892,95.214
0.692,-4.442,12.338,-91.000,202.000,32.000,-37.290,-104.990,-128.290,97.010
0.693,-4.358,12.062,-94.000,202.000,36.000,-36.584,-102.569,-130.584,99.431
0.696,-4.278,11.727,-94.000,201.000,35.000,-35.903,-99.640,-129.902,101.360
0.696,-4.220,11.375,-94.000,198.000,44.000,-35.418,-96.568,-129.418,101.432
0.695,-4.170,11.029,-95.000,193.000,42.000,-34.994,-93.557,-129.994,99.443
0.693,-4.096,10.711,-95.000,189.000,32.000,-34.377,-90.791,-129.377,98.209
0.696,-3.981,10.439,-96.000,187.000,30.000,-33.406,-88.435,-129.406,98.565
0.697,-3.817,10.212,-97.000,187.000,29.000,-32.028,-86.470,-129.028,100.530
0.695,-3.608,10.028,-97.000,187.000,37.000,-30.270,-84.881,-127.270,102.119
0.697,-3.354,9.881,-99.000,186.000,37.000,-28.127,-83.612,-127.127,102.388
0.696,-3.032,9.753,-101.000,185.000,40.000,-25.423,-82.508,-126.423,102.492
0.696,-2.666,9.626,-101.000,185.000,42.000,-22.353,-81.412,-123.353,103.588
0.695,-2.318,9.458,-106.000,185.000,28.000,-19.428,-79.960,-125.428,105.040
0.697,-2.033,9.227,-114.000,183.000,38.000,-17.042,-77.971,-131.042,105.029
0.698,-1.834,8.923,-116.000,181.000,34.000,-15.367,-75.363,-131.367,105.637
0.700,-1.707,8.570,-116.000,180.000,38.000,-14.303,-72.340,-130.303,107.660
0.700,-1.651,8.172,-116.000,177.000,43.000,-13.839,-68.932,-129.839,108.068
0.701,-1.645,7.702,-116.000,170.000,42.000,-13.786,-64.917,-129.786,105.083
0.702,-1.644,7.159,-116.000,166.000,49.000,-13.774,-60.286,-129.774,105.714
0.702,-1.622,6.576,-116.000,163.000,37.000,-13.590,-55.330,-129.590,107.670
0.705,-1.545,5.992,-118.000,155.000,43.000,-12.942,-50.386,-130.942,104.614
0.706,-1.390,5.500,-118.000,151.000,46.000,-11.649,-46.217,-129.649,104.783
0.706,-1.183,5.143,-120.000,149.000,40.000,-9.909,-43.205,-129.909,105.795
0.706,-0.914,4.898,-122.000,143.000,46.000,-7.655,-41.138,-129.655,101.862
0.705,-0.593,4.736,-127.000,139.000,49.000,-4.972,-39.768,-131.972,99.232
0.703,-0.226,4.625,-127.000,138.000,52.000,-1.894,-38.828,-128.894,99.172
0.704,0.128,4.562,-128.000,137.000,57.000,1.070,-38.299,-126.930,98.701
0.704,0.403,4.548,-129.000,137.000,42.000,3.377,-38.181,-125.623,98.819
0.706,0.547,4.554,-132.000,137.000,41.000,4.585,-38.235,-127.415,98.765
0.706,0.569,4.545,-137.000,134.000,42.000,4.771,-38.157,-132.229,95.843
0.705,0.504,4.493,-137.000,133.000,42.000,4.227,-37.714,-132.773,95.286
0.706,0.382,4.396,-136.000,133.000,50.000,3.199,-36.898,-132.801,96.102
0.707,0.216,4.264,-134.000,133.000,49.000,1.813,-35.789,-132.187,97.211
0.706,0.027,4.116,-133.000,133.000,51.000,0.228,-34.541,-132.772,98.459
0.706,-0.143,3.957,-133.000,133.000,41.000,-1.197,-33.203,-134.197,99.797
0.707,-0.276,3.808,-133.000,131.000,45.000,-2.313,-31.946,-135.313,99.054
0.705,-0.375,3.681,-132.000,130.000,47.000,-3.142,-30.882,-135.142,99.118
0.708,-0.450,3.578,-132.000,129.000,48.000,-3.769,-30.013,-135.769,98.987
0.707,-0.510,3.486,-131.000,129.000,50.000,-4.276,-29.243,-135.276,99.757
0.708,-0.571,3.420,-131.000,129.000,52.000,-4.785,-28.684,-135.785,100.316
0.709,-0.637,3.406,-131.000,128.000,52.000,-5.340,-28.568,-136.340,99.432
0.707,-0.706,3.432,-131.000,128.000,39.000,-5.918,-28.790,-136.918,99.210
0.706,-0.775,3.465,-130.000,128.000,41.000,-6.493,-29.068,-136.493,98.932
0.706,-0.836,3.477,-129.000,129.000,43.000,-7.003,-29.164,-136.003,99.836
0.706,-0.895,3.455,-129.000,129.000,45.000,-7.502,-28.984,-136.502,100.016
0.706,-0.963,3.396,-129.000,129.000,48.000,-8.067,-28.481,-137.067,100.519
0.706,-1.042,3.311,-127.000,129.000,49.000,-8.728,-27.769,-135.728,101.231
0.706,-1.118,3.226,-124.000,129.000,50.000,-9.365,-27.055,-133.365,101.945
0.708,-1.182,3.159,-122.000,127.000,44.000,-9.902,-26.488,-131.902,100.512
0.707,-1.215,3.106,-121.000,127.000,43.000,-10.183,-26.042,-131.183,100.958
0.706,-1.224,3.085,-119.000,127.000,41.000,-10.256,-25.869,-129.256,101.131
0.705,-1.212,3.094,-119.000,127.000,40.000,-10.156,-25.945,-129.156,101.055
0.706,-1.183,3.125,-120.000,127.000,47.000,-9.909,-26.203,-129.909,100.797
0.705,-1.154,3.175,-121.000,126.000,49.000,-9.665,-26.629,-130.665,99.371
0.705,-1.132,3.230,-122.000,126.000,50.000,-9.484,-27.089,-131.484,98.911
0.706,-1.122,3.270,-122.000,126.000,47.000,-9.399,-27.424,-131.399,98.576
0.707,-1.122,3.302,-122.000,128.000,48.000,-9.401,-27.690,-131.401,100.310
0.706,-1.121,3.329,-122.000,128.000,46.000,-9.392,-27.923,-131.392,100.077
0.706,-1.119,3.344,-122.000,128.000,43.000,-9.380,-28.044,-131.380,99.956
0.704,-1.142,3.352,-121.000,128.000,49.000,-9.566,-28.114,-130.566,99.886
0.704,-1.195,3.350,-121.000,128.000,44.000,-10.015,-28.100,-131.015,99.900
0.706,-1.260,3.337,-121.000,127.000,52.000,-10.561,-27.989,-131.561,99.011
0.705,-1.317,3.310,-121.000,126.000,53.000,-11.036,-27.762,-132.036,98.238
0.706,-1.347,3.272,-120.000,126.000,42.000,-11.287,-27.438,-131.287,98.562
0.705,-1.358,3.237,-119.000,126.000,49.000,-11.378,-27.150,-130.378,98.850
0.707,-1.361,3.232,-120.000,126.000,49.000,-11.403,-27.101,-131.403,98.899
0.705,-1.363,3.268,-120.000,126.000,49.000,-11.421,-27.404,-131.421,98.596
0.704,-1.359,3.324,-119.000,128.000,51.000,-11.389,-27.877,-130.389,100.123
0.704,-1.351,3.375,-119.000,128.000,48.000,-11.323,-28.308,-130.323,99.692
0.705,-1.350,3.430,-118.000,129.000,51.000,-11.311,-28.766,-129.311,100.234
0.705,-1.356,3.482,-118.000,129.000,41.000,-11.363,-29.210,-129.363,99.790
0.706,-1.360,3.520,-118.000,129.000,44.000,-11.395,-29.528,-129.395,99.472
0.706,-1.366,3.542,-118.000,129.000,40.000,-11.446,-29.714,-129.446,99.286
0.706,-1.382,3.552,-118.000,129.000,43.000,-11.584,-29.799,-129.584,99.201
0.704,-1.399,3.555,-118.000,129.000,47.000,-11.726,-29.817,-129.726,99.183
0.703,-1.405,3.557,-118.000,130.000,54.000,-11.774,-29.841,-129.774,100.159
0.702,-1.396,3.570,-118.000,130.000,52.000,-11.699,-29.950,-129.699,100.050
0.704,-1.391,3.585,-119.000,128.000,41.000,-11.654,-30.072,-130.654,97.928
0.702,-1.394,3.594,-119.000,128.000,42.000,-11.677,-30.145,-130.677,97.855
0.703,-1.405,3.608,-118.000,132.000,46.000,-11.771,-30.265,-129.771,101.735
0.704,-1.425,3.626,-118.000,132.000,48.000,-11.943,-30.418,-129.943,101.582
0.704,-1.460,3.631,-118.000,131.000,50.000,-12.235,-30.460,-130.235,100.540
0.706,-1.497,3.612,-118.000,130.000,48.000,-12.545,-30.304,-130.545,99.696
0.705,-1.537,3.589,-118.000,129.000,45.000,-12.883,-30.104,-130.883,98.896
0.706,-1.583,3.573,-118.000,129.000,38.000,-13.264,-29.972,-131.264,99.028
0.705,-1.627,3.568,-118.000,131.000,44.000,-13.632,-29.927,-131.632,101.073
0.704,-1.658,3.573,-118.000,131.000,43.000,-13.895,-29.970,-131.895,101.030
0.703,-1.668,3.588,-118.000,131.000,46.000,-13.977,-30.098,-131.977,100.902
0.705,-1.669,3.608,-118.000,131.000,52.000,-13.985,-30.264,-131.985,100.736
0.703,-1.676,3.624,-118.000,131.000,47.000,-14.041,-30.404,-132.041,100.596
0.701,-1.691,3.640,-118.000,132.000,51.000,-14.166,-30.535,-132.166,101.465
0.705,-1.700,3.653,-118.000,132.000,55.000,-14.244,-30.649,-132.244,101.351
0.704,-1.705,3.661,-118.000,132.000,43.000,-14.292,-30.710,-132.292,101.290
0.706,-1.726,3.656,-118.000,132.000,46.000,-14.465,-30.672,-132.465,101.328
0.705,-1.762,3.615,-118.000,131.000,43.000,-14.765,-30.326,-132.765,100.674
0.706,-1.815,3.558,-118.000,131.000,45.000,-15.213,-29.843,-133.213,101.157
0.707,-1.879,3.510,-118.000,131.000,46.000,-15.743,-29.444,-133.743,101.556
0.705,-1.933,3.496,-117.000,130.000,49.000,-16.204,-29.324,-133.204,100.676
0.706,-1.960,3.505,-117.000,130.000,50.000,-16.428,-29.401,-133.428,100.599
0.706,-1.960,3.528,-117.000,130.000,45.000,-16.426,-29.591,-133.426,100.409
0.707,-1.947,3.557,-117.000,130.000,42.000,-16.315,-29.840,-133.315,100.160
0.706,-1.929,3.567,-117.000,130.000,42.000,-16.170,-29.922,-133.170,100.078
0.705,-1.923,3.556,-117.000,130.000,46.000,-16.116,-29.832,-133.116,100.168
0.704,-1.938,3.543,-117.000,130.000,47.000,-16.245,-29.716,-133.245,100.284
0.709,-1.967,3.531,-117.000,131.000,48.000,-16.484,-29.622,-133.484,101.378
0.708,-2.000,3.510,-116.000,131.000,50.000,-16.759,-29.446,-132.759,101.554
0.706,-2.043,3.492,-115.000,131.000,41.000,-17.123,-29.290,-132.123,101.710
0.706,-2.090,3.484,-115.000,131.000,42.000,-17.516,-29.227,-132.516,101.773
0.708,-2.128,3.491,-115.000,131.000,44.000,-17.834,-29.285,-132.834,101.715
0.705,-2.148,3.510,-115.000,131.000,47.000,-18.002,-29.443,-133.002,101.557
0.706,-2.151,3.536,-115.000,130.000,40.000,-18.025,-29.660,-133.025,100.340
0.707,-2.149,3.564,-115.000,131.000,44.000,-18.015,-29.895,-133.015,101.105
0.707,-2.155,3.590,-116.000,131.000,51.000,-18.062,-30.118,-134.062,100.882
0.707,-2.182,3.605,-115.000,131.000,44.000,-18.292,-30.237,-133.292,100.763
0.706,-2.219,3.596,-115.000,131.000,47.000,-18.600,-30.164,-133.600,100.836
0.704,-2.242,3.561,-115.000,131.000,43.000,-18.796,-29.872,-133.796,101.128
0.708,-2.250,3.519,-115.000,132.000,42.000,-18.859,-29.519,-133.859,102.481
0.707,-2.253,3.491,-116.000,129.000,44.000,-18.888,-29.285,-134.888,99.715
0.708,-2.263,3.484,-112.000,130.000,52.000,-18.966,-29.224,-130.966,100.776
0.706,-2.277,3.492,-111.000,130.000,52.000,-19.085,-29.288,-130.085,100.712
0.707,-2.302,3.511,-110.000,130.000,42.000,-19.295,-29.453,-129.295,100.547
0.705,-2.331,3.535,-110.000,132.000,43.000,-19.540,-29.656,-129.540,102.344
0.709,-2.356,3.555,-109.000,132.000,45.000,-19.750,-29.817,-128.750,102.183
0.707,-2.373,3.560,-108.000,132.000,45.000,-19.888,-29.865,-127.888,102.135
0.710,-2.393,3.556,-108.000,131.000,47.000,-20.061,-29.832,-128.061,101.168
0.708,-2.430,3.544,-106.000,131.000,48.000,-20.367,-29.729,-126.367,101.271
0.707,-2.481,3.529,-108.000,130.000,50.000,-20.798,-29.600,-128.798,100.400
0.705,-2.541,3.514,-107.000,132.000,52.000,-21.298,-29.472,-128.298,102.528
0.706,-2.591,3.504,-106.000,133.000,42.000,-21.720,-29.389,-127.720,103.611
0.705,-2.622,3.498,-106.000,133.000,44.000,-21.983,-29.341,-127.983,103.659
0.706,-2.633,3.495,-104.000,133.000,40.000,-22.072,-29.319,-126.072,103.681
0.706,-2.628,3.491,-105.000,132.000,46.000,-22.032,-29.283,-127.032,102.717
0.708,-2.620,3.487,-105.000,133.000,54.000,-21.963,-29.249,-126.963,103.751
0.708,-2.617,3.484,-105.000,133.000,51.000,-21.940,-29.225,-126.940,103.775
0.707,-2.622,3.489,-105.000,132.000,48.000,-21.985,-29.264,-126.985,102.736
0.708,-2.626,3.496,-104.000,132.000,41.000,-22.019,-29.325,-126.019,102.675
0.709,-2.624,3.496,-106.000,130.000,42.000,-21.995,-29.324,-127.995,100.676
0.708,-2.627,3.494,-107.000,131.000,42.000,-22.025,-29.306,-129.025,101.694
0.708,-2.648,3.482,-107.000,132.000,39.000,-22.196,-29.206,-129.196,102.794
0.709,-2.681,3.455,-107.000,132.000,47.000,-22.475,-28.976,-129.475,103.024
0.710,-2.718,3.420,-106.000,131.000,51.000,-22.785,-28.684,-128.785,102.316
0.710,-2.751,3.387,-106.000,131.000,48.000,-23.063,-28.405,-129.063,102.595
0.706,-2.776,3.362,-106.000,131.000,46.000,-23.277,-28.201,-129.277,102.799
0.707,-2.792,3.353,-106.000,131.000,39.000,-23.406,-28.118,-129.406,102.882
0.707,-2.806,3.355,-105.000,131.000,42.000,-23.527,-28.143,-128.527,102.857
0.714,-2.814,3.357,-105.000,131.000,45.000,-23.597,-28.156,-128.597,102.844
0.711,-2.807,3.348,-104.000,131.000,43.000,-23.538,-28.083,-127.538,102.917
0.709,-2.793,3.333,-104.000,131.000,50.000,-23.416,-27.957,-127.416,103.043
0.709,-2.783,3.319,-105.000,131.000,48.000,-23.333,-27.832,-128.333,103.168
0.708,-2.786,3.310,-105.000,131.000,43.000,-23.361,-27.762,-128.361,103.238
0.711,-2.801,3.311,-106.000,130.000,41.000,-23.481,-27.770,-129.481,102.230
0.713,-2.813,3.320,-105.000,130.000,44.000,-23.586,-27.845,-128.586,102.155
0.710,-2.821,3.329,-105.000,131.000,41.000,-23.650,-27.918,-128.650,103.082
0.709,-2.839,3.332,-105.000,131.000,46.000,-23.802,-27.946,-128.802,103.054
0.707,-2.870,3.328,-105.000,131.000,55.000,-24.063,-27.908,-129.063,103.092
0.708,-2.895,3.306,-105.000,130.000,50.000,-24.277,-27.731,-129.277,102.269
0.710,-2.906,3.274,-104.000,130.000,49.000,-24.363,-27.459,-128.363,102.541
0.710,-2.903,3.243,-103.000,131.000,42.000,-24.343,-27.198,-127.343,103.802
0.710,-2.891,3.217,-103.000,131.000,42.000,-24.242,-26.980,-127.242,104.020
0.709,-2.872,3.200,-103.000,131.000,44.000,-24.084,-26.838,-127.084,104.162
0.709,-2.854,3.198,-103.000,131.000,47.000,-23.927,-26.817,-126.927,104.183
0.711,-2.839,3.199,-104.000,131.000,51.000,-23.804,-26.826,-127.804,104.174
0.711,-2.834,3.196,-104.000,131.000,49.000,-23.765,-26.805,-127.765,104.195
0.709,-2.840,3.191,-104.000,131.000,53.000,-23.813,-26.764,-127.813,104.236
0.711,-2.854,3.181,-104.000,131.000,43.000,-23.930,-26.679,-127.930,104.321
0.710,-2.863,3.161,-103.000,131.000,41.000,-24.008,-26.510,-127.008,104.490
0.712,-2.862,3.135,-104.000,131.000,45.000,-23.999,-26.287,-127.999,104.713
0.713,-2.858,3.112,-105.000,131.000,49.000,-23.964,-26.097,-128.964,104.903
0.711,-2.857,3.100,-104.000,131.000,48.000,-23.956,-25.993,-127.956,105.007
0.710,-2.860,3.096,-105.000,129.000,50.000,-23.981,-25.963,-128.981,103.037
0.708,-2.863,3.093,-105.000,129.000,47.000,-24.003,-25.933,-129.003,103.067
0.709,-2.868,3.086,-104.000,129.000,45.000,-24.044,-25.876,-128.044,103.124
0.708,-2.878,3.077,-104.000,129.000,41.000,-24.127,-25.801,-128.127,103.199
0.708,-2.892,3.060,-104.000,130.000,46.000,-24.246,-25.661,-128.246,104.339
0.709,-2.906,3.035,-104.000,130.000,44.000,-24.367,-25.448,-128.367,104.552
0.707,-2.912,3.007,-104.000,129.000,49.000,-24.418,-25.217,-128.418,103.783
0.712,-2.904,2.984,-104.000,129.000,51.000,-24.349,-25.020,-128.349,103.980
0.709,-2.886,2.972,-104.000,129.000,46.000,-24.194,-24.920,-128.194,104.080
0.708,-2.867,2.968,-104.000,129.000,40.000,-24.041,-24.884,-128.041,104.116
0.708,-2.859,2.974,-104.000,129.000,41.000,-23.972,-24.938,-127.972,104.062
0.711,-2.859,2.994,-104.000,129.000,38.000,-23.972,-25.101,-127.972,103.899
0.710,-2.867,3.012,-104.000,129.000,43.000,-24.038,-25.261,-128.038,103.739
0.715,-2.883,3.022,-103.000,130.000,48.000,-24.172,-25.341,-127.172,104.659
0.711,-2.913,3.026,-103.000,130.000,51.000,-24.426,-25.371,-127.426,104.629
0.710,-2.945,3.025,-103.000,130.000,52.000,-24.698,-25.369,-127.698,104.631
0.710,-2.959,3.018,-103.000,130.000,43.000,-24.815,-25.306,-127.815,104.694
0.711,-2.948,3.008,-103.000,130.000,44.000,-24.718,-25.226,-127.718,104.774
0.709,-2.920,3.005,-103.000,130.000,36.000,-24.488,-25.201,-127.488,104.799
0.710,-2.888,3.017,-103.000,130.000,42.000,-24.214,-25.295,-127.214,104.705
0.712,-2.856,3.034,-103.000,130.000,44.000,-23.945,-25.440,-126.945,104.560
0.708,-2.834,3.048,-104.000,130.000,49.000,-23.763,-25.562,-127.763,104.438
0.710,-2.827,3.056,-104.000,130.000,53.000,-23.702,-25.630,-127.702,104.370
0.711,-2.833,3.058,-104.000,129.000,47.000,-23.753,-25.641,-127.753,103.359
0.710,-2.852,3.053,-104.000,129.000,39.000,-23.909,-25.605,-127.909,103.395
0.710,-2.873,3.042,-105.000,131.000,41.000,-24.090,-25.505,-129.090,105.495
0.712,-2.890,3.030,-103.000,131.000,41.000,-24.235,-25.411,-127.235,105.589
0.713,-2.895,3.026,-106.000,128.000,43.000,-24.277,-25.371,-130.277,102.629
0.709,-2.885,3.022,-106.000,128.000,51.000,-24.192,-25.344,-130.192,102.656
0.711,-2.867,3.026,-106.000,128.000,52.000,-24.039,-25.378,-130.039,102.622
0.708,-2.849,3.037,-105.000,128.000,52.000,-23.887,-25.470,-128.887,102.530
0.710,-2.837,3.055,-104.000,129.000,43.000,-23.787,-25.617,-127.787,103.383
0.710,-2.830,3.068,-104.000,129.000,41.000,-23.732,-25.731,-127.732,103.269
0.710,-2.831,3.077,-104.000,131.000,48.000,-23.740,-25.805,-127.740,105.195
0.710,-2.839,3.080,-105.000,129.000,42.000,-23.801,-25.825,-128.801,103.175
