I0,I1,I2,I3,I4,I5,I6,I7,I8,I9,I10,I11,I12,I13,I14,I15
0.000000,0.000000,0.000000,0.000000,0.000000,0.000000,0.000000,0.000000,0.000000,0.000000,0.000000,0.000000,0.000000,0.000000,0.000000,0.000000
-35.022640,-54.773586,0.000000,0.000000,0.000000,0.000000,0.000000,0.000000,0.000000,0.000000,-25.300001,-15.000000,-23.991478,-15.456333,1.100000,0.704000
-32.068180,-54.045456,0.000000,0.000000,0.000000,0.000000,0.000000,0.000000,0.000000,0.000000,-19.900000,0.000000,-29.944782,-15.081125,1.100000,0.719000
-29.133118,-54.019482,0.000000,0.000000,0.000000,0.000000,0.000000,0.000000,0.000000,0.000000,-40.100002,-12.500000,-26.436636,-18.285126,1.100000,0.728000
-28.188156,-54.456448,0.000000,0.000000,0.000000,0.000000,0.000000,0.000000,0.000000,0.000000,-27.000000,-33.100002,-21.108627,-18.252041,1.100000,0.735000
-26.247787,-55.623894,0.000000,0.000000,0.000000,0.000000,0.000000,0.000000,0.000000,0.000000,-18.900000,-28.700001,-31.088352,-15.452063,1.100000,0.744000
-22.897537,-55.262295,0.000000,0.000000,0.000000,0.000000,0.000000,0.000000,0.000000,0.000000,-1.900000,-30.400002,-19.324589,-13.566308,1.100000,0.751000
-20.712730,-54.818184,0.000000,0.000000,0.000000,0.000000,0.000000,0.000000,0.000000,0.000000,0.000000,-30.900002,-15.053352,-5.241581,1.100000,0.763000
-20.714859,-55.244980,0.000000,0.000000,0.000000,0.000000,0.000000,0.000000,0.000000,0.000000,0.000000,-17.400000,-10.000406,-20.698402,1.100000,0.779000
-21.329826,-54.614037,-21.023403,-54.804615,-46.251488,0.000000,-0.065662,-120.570152,0.000000,0.040838,-46.317150,-100.000000,-2.120292,-14.366048,1.100000,0.796000
-23.572769,-55.967136,-22.734737,-55.451656,-50.016422,0.000000,-0.179578,-121.993645,0.000000,-0.110460,-50.195999,-100.000000,-15.138783,-23.797649,1.100000,0.808000
-24.453606,-56.329895,-24.199142,-56.204956,-53.238113,0.000000,-0.054527,-123.650909,0.000000,-0.026772,-53.292641,-100.000000,-9.891836,-38.646572,1.100000,0.820000
-23.704407,2.830750,-23.704407,2.830750,-52.149696,0.000000,0.000000,6.227649,0.000000,0.000000,-52.149696,6.227649,57.555771,-30.240599,1.100000,0.607000
-82.873032,27.431458,-66.850464,20.016018,-147.071030,0.000000,-3.433405,44.035240,0.000000,1.589023,-100.000000,45.624264,81.806084,-7.050724,1.100000,0.603000
-45.306740,11.482803,-45.392746,11.692257,-99.864044,0.000000,0.018429,25.722965,0.000000,-0.044883,-99.845619,25.678083,52.674828,-25.422031,1.100000,0.608000
-48.717766,14.353867,-48.151653,13.314158,-105.933640,0.000000,-0.121311,29.291149,0.000000,0.222795,-100.000000,29.513943,6.851604,-14.372118,1.100000,0.633000
-44.081120,17.700592,-45.749153,16.405499,-100.648140,0.000000,0.357435,36.092098,0.000000,0.277521,-100.000000,36.369617,-5.209541,-8.971764,1.100000,0.666000
-38.877583,19.615044,-40.925476,18.975250,-90.036049,0.000000,0.438835,41.745552,0.000000,0.137098,-89.597214,41.882648,-35.061245,-6.195740,1.100000,0.697000
-31.771931,20.121346,-34.510689,19.941492,-75.923515,0.000000,0.586876,43.871284,0.000000,0.038540,-75.336639,43.909824,11.118778,-0.111218,1.100000,0.720000
-26.624641,19.431229,-28.508635,19.732035,-62.718998,0.000000,0.403712,43.410477,0.000000,-0.064458,-62.315285,43.346020,-19.400587,-12.816042,1.100000,0.732000
-18.529083,18.976456,-21.836395,19.056364,-48.040070,0.000000,0.708710,41.924004,0.000000,-0.017123,-47.331360,41.906879,-52.863544,25.961704,1.100000,0.747000
-6.241791,16.872536,-11.149406,17.912840,-24.528694,0.000000,1.051632,39.408249,0.000000,-0.222922,-23.477062,39.185326,-105.395836,3.912252,1.100000,0.756000
9.446335,14.395287,3.651790,15.291632,8.033938,0.000000,1.241688,33.641590,0.000000,-0.192074,9.275626,33.449516,-92.285835,27.932323,1.100000,0.766000
22.415894,10.041061,17.463482,11.678681,38.419662,0.000000,1.061231,25.693100,0.000000,-0.350918,39.480892,25.342182,-92.714241,34.470345,1.100000,0.784000
31.294197,5.950279,27.830151,7.649846,61.226334,0.000000,0.742296,16.829660,0.000000,-0.364193,61.968628,16.465467,-54.908234,31.270100,1.100000,0.806000
36.206558,1.699429,34.353275,3.404331,75.577209,0.000000,0.397131,7.489528,0.000000,-0.365336,75.974342,7.124192,-44.243450,37.026123,1.100000,0.832000
37.638489,-2.676384,37.065548,-1.022063,81.544205,0.000000,0.122774,-2.248538,0.000000,-0.354497,81.666977,-2.603035,-39.757633,37.833950,1.100000,0.854000
36.694443,-6.010235,36.850864,-4.728168,81.071907,0.000000,-0.033520,-10.401969,0.000000,-0.274729,81.038391,-10.676698,2.644947,21.426371,1.100000,0.863000
34.200867,-7.788937,35.270126,-6.974718,77.594276,0.000000,-0.229128,-15.344380,0.000000,-0.174475,77.365150,-15.518856,19.026112,30.781595,1.100000,0.870000
28.099281,-10.802879,30.427830,-9.646111,66.941223,0.000000,-0.498975,-21.221445,0.000000,-0.247879,66.442245,-21.469324,42.660351,12.878610,1.100000,0.871000
19.865440,-13.019829,22.913790,-12.273956,50.410339,0.000000,-0.653217,-27.002705,0.000000,-0.159830,49.757122,-27.162535,75.519295,12.086065,1.100000,0.879000
10.791252,-15.290550,14.321458,-14.363812,31.507208,0.000000,-0.756473,-31.600388,0.000000,-0.198586,30.750736,-31.798973,51.889954,11.853823,1.100000,0.888000
4.441299,-15.980198,6.848292,-15.824692,15.066242,0.000000,-0.515784,-34.814323,0.000000,-0.033323,14.550458,-34.847645,60.930382,5.026377,1.100000,0.897000
-0.637932,-14.965519,1.409773,-15.328248,3.101501,0.000000,-0.438794,-33.722145,0.000000,0.077728,2.662707,-33.644417,62.467274,6.461876,1.100000,0.908000
-7.185776,-14.233673,-4.902864,-14.556058,-10.786301,0.000000,-0.489195,-32.023327,0.000000,0.069083,-11.275496,-31.954245,20.518169,-18.139606,1.100000,0.922000
-9.075912,-11.338688,-8.285378,-12.367537,-18.227833,0.000000,-0.169400,-27.208584,0.000000,0.220468,-18.397232,-26.988117,22.004181,-12.825899,1.100000,0.924000
-8.737297,-9.615383,-8.933170,-10.442417,-19.652975,0.000000,0.041973,-22.973318,0.000000,0.177222,-19.611002,-22.796097,-15.193863,-26.618715,1.100000,0.932000
-5.507912,-6.525181,-6.893456,-7.748994,-15.165604,0.000000,0.296902,-17.047787,0.000000,0.262246,-14.868701,-16.785542,-23.690449,-18.307800,1.100000,0.922000
-0.471863,-3.079365,-2.252074,-4.280092,-4.954564,0.000000,0.381474,-9.416203,0.000000,0.257299,-4.573090,-9.158904,-30.971458,-9.879089,1.100000,0.924000
3.002922,-2.925549,1.582814,-3.124528,3.482191,0.000000,0.304309,-6.873961,0.000000,0.042638,3.786500,-6.831323,-34.151554,-11.642828,1.100000,0.935000
7.955688,-0.927624,5.894190,-1.663213,12.967217,0.000000,0.441750,-3.659069,0.000000,0.157626,13.408967,-3.501443,-34.587288,-9.945605,1.100000,0.940000
11.823357,-0.067364,10.542890,-0.258627,23.194357,0.000000,0.274386,-0.568979,0.000000,0.040985,23.468742,-0.527994,-12.915974,-8.430957,1.100000,0.947000
12.584709,-0.895054,11.992914,-0.733521,26.384411,0.000000,0.126813,-1.613745,0.000000,-0.034614,26.511223,-1.648360,-16.719908,-5.543132,1.100000,0.948000
14.705170,0.053192,13.890324,-0.140447,30.558712,0.000000,0.174610,-0.308983,0.000000,0.041494,30.733322,-0.267489,-16.495995,-5.525549,1.100000,0.957000
16.471756,-0.377098,15.784325,-0.125621,34.725513,0.000000,0.147307,-0.276366,0.000000,-0.053888,34.872822,-0.330254,-11.203803,2.772965,1.100000,0.965000
17.589043,-1.558601,17.202332,-1.250379,37.845131,0.000000,0.082867,-2.750834,0.000000,-0.066048,37.927998,-2.816882,6.258816,-0.268995,1.100000,0.966000
16.629181,-1.500000,17.048611,-1.565236,37.506943,0.000000,-0.089877,-3.443519,0.000000,0.013979,37.417065,-3.429540,24.168797,12.264085,1.100000,0.961000
11.226669,-2.882961,13.286610,-2.324545,29.230541,0.000000,-0.441416,-5.113999,0.000000,-0.119661,28.789125,-5.233660,38.580177,1.685378,1.100000,0.956000
6.038521,-3.626667,8.124609,-3.224142,17.874140,0.000000,-0.447019,-7.093113,0.000000,-0.086255,17.427120,-7.179368,47.808216,-2.486573,1.100000,0.958000
2.168388,-4.872971,3.693580,-4.534719,8.125875,0.000000,-0.326827,-9.976381,0.000000,-0.072483,7.799049,-10.048863,39.831223,9.608325,1.100000,0.967000
0.130829,-5.362408,0.872125,-5.113501,1.918676,0.000000,-0.158849,-11.249702,0.000000,-0.053337,1.759827,-11.303040,26.473669,2.775737,1.100000,0.962000
-3.052711,-6.164158,-1.726544,-5.809275,-3.798397,0.000000,-0.284179,-12.780404,0.000000,-0.076046,-4.082576,-12.856450,38.908813,5.763321,1.100000,0.965000
-7.502296,-6.822357,-5.877256,-6.697122,-12.929964,0.000000,-0.348223,-14.733669,0.000000,-0.026836,-13.278187,-14.760506,39.527309,7.317870,1.100000,0.967000
-9.510834,-6.167183,-8.659101,-6.343923,-19.050024,0.000000,-0.182514,-13.956631,0.000000,0.037873,-19.232538,-13.918757,38.684612,0.085045,1.100000,0.980000
-12.918747,-6.654686,-11.635729,-6.560662,-25.598604,0.000000,-0.274932,-14.433457,0.000000,-0.020148,-25.873537,-14.453605,41.202515,-1.935012,1.100000,0.974000
-16.087303,-7.084126,-14.946693,-6.965446,-32.882725,0.000000,-0.244416,-15.323980,0.000000,-0.025431,-33.127140,-15.349412,17.145073,-2.123877,1.100000,0.982000
-16.379745,-6.485760,-16.264055,-6.780959,-35.780922,0.000000,-0.024791,-14.918111,0.000000,0.063257,-35.805714,-14.854854,-0.848326,3.748932,1.100000,0.984000
-14.042923,-4.597775,-14.874321,-5.129427,-32.723507,0.000000,0.178157,-11.284739,0.000000,0.113925,-32.545349,-11.170815,-14.285386,-8.268784,1.100000,0.990000
-11.691574,-3.750397,-12.574945,-3.984954,-27.664881,0.000000,0.199257,-8.766899,0.000000,0.052908,-27.465624,-8.713991,-12.792562,-4.763793,1.100000,0.987000
-9.899055,-4.466877,-10.668679,-4.295503,-23.471094,0.000000,0.173599,-9.450106,0.000000,-0.038656,-23.297495,-9.488762,-7.999349,-5.121803,1.100000,0.987000
-10.029152,-53.332363,-10.924108,-53.395203,-24.033037,0.000000,0.191776,-117.469452,0.000000,0.013466,-23.841261,-100.000000,-32.812534,-0.659922,1.100000,0.991000
-8.557076,-55.698631,-9.033572,-54.836399,-19.873859,0.000000,0.102107,-120.640083,0.000000,-0.184763,-19.771753,-100.000000,-14.543817,-6.952372,1.100000,0.992000
-8.853500,-56.828026,-8.705984,-56.466454,-19.153166,0.000000,-0.031611,-124.226204,0.000000,-0.077480,-19.184776,-100.000000,-9.573135,-20.188099,1.100000,1.001000
-9.158470,-56.377048,-9.157752,-56.605381,-20.147055,0.000000,-0.000154,-124.531837,0.000000,0.048927,-20.147209,-100.000000,-16.038498,-50.274269,1.100000,1.007000
-9.084251,-54.791210,-9.110798,-55.379276,-20.043756,0.000000,0.005688,-121.834412,0.000000,0.126015,-20.038069,-100.000000,-13.116556,-44.645214,1.100000,1.008000
-9.427742,-53.563583,-9.383245,-54.069748,-20.643141,0.000000,-0.009535,-118.953445,0.000000,0.108463,-20.652676,-100.000000,-14.126299,-64.254532,1.100000,1.013000
-9.239708,-52.181599,-9.366972,-52.755524,-20.607338,0.000000,0.027271,-116.062157,0.000000,0.122984,-20.580067,-100.000000,-13.169703,-70.319054,1.100000,1.005000
-8.256363,-49.694717,-8.504827,-50.654297,-18.710621,0.000000,0.053243,-111.439453,0.000000,0.205624,-18.657379,-100.000000,-10.371429,-63.059879,1.100000,1.000000
-7.789192,-46.778378,-7.981633,-47.874195,-17.559593,0.000000,0.041237,-105.323235,0.000000,0.234819,-17.518356,-100.000000,-25.662010,-105.049652,1.100000,1.007000
-6.667252,-41.610916,-6.951869,-43.645138,-15.294112,0.000000,0.060990,-96.019302,0.000000,0.435903,-15.233123,-95.583397,-5.530721,-81.874603,1.100000,1.011000
-5.701187,-35.745331,-6.103355,-38.108673,-13.427382,0.000000,0.086179,-83.839081,0.000000,0.506430,-13.341204,-83.332649,-6.155346,-71.870110,1.100000,1.016000
-3.607262,-29.396040,-4.367099,-31.894581,-9.607617,0.000000,0.162822,-70.168076,0.000000,0.535402,-9.444796,-69.632675,-7.689781,-88.081108,1.100000,1.017000
-2.556091,-21.250000,-2.976020,-24.356398,-6.547245,0.000000,0.089985,-53.584076,0.000000,0.665657,-6.457260,-52.918419,-2.440302,-79.774948,1.100000,1.013000
-2.223785,-11.904537,-2.360381,-15.505310,-5.192838,0.000000,0.029270,-34.111683,0.000000,0.771594,-5.163568,-33.340088,0.483343,-96.595802,1.100000,1.013000
-1.308411,-3.679127,-1.600783,-6.838454,-3.521722,0.000000,0.062651,-15.044600,0.000000,0.676999,-3.459070,-14.367601,1.629896,-66.596931,1.100000,1.021000
-1.866768,2.316616,-1.778599,-0.007582,-3.912917,0.000000,-0.018893,-0.016680,0.000000,0.498042,-3.931810,0.481362,2.899347,-74.583794,1.100000,1.016000
-1.461784,8.506371,-1.415832,6.091877,-3.114830,0.000000,-0.009847,13.402130,0.000000,0.517392,-3.124677,13.919521,11.373520,-60.595531,1.100000,1.013000
-3.328499,11.531403,-2.776586,10.340283,-6.108490,0.000000,-0.118267,22.748625,0.000000,0.255240,-6.226757,23.003864,3.409641,-55.925591,1.100000,1.017000
-4.255318,13.957443,-3.788369,13.087476,-8.334413,0.000000,-0.100060,28.792448,0.000000,0.186422,-8.434473,28.978870,6.562044,-14.274116,1.100000,1.014000
-5.418831,14.514610,-4.948828,14.326452,-10.887422,0.000000,-0.100715,31.518196,0.000000,0.040319,-10.988136,31.558516,13.920838,-22.711014,1.100000,1.011000
-5.574921,14.631920,-5.449327,14.583587,-11.988519,0.000000,-0.026913,32.083893,0.000000,0.010357,-12.015431,32.094250,5.267121,-5.225711,1.100000,1.009000
-7.106453,12.193550,-6.609135,13.228150,-14.540097,0.000000,-0.106568,29.101931,0.000000,-0.221700,-14.646666,28.880230,13.163445,-5.261315,1.100000,1.005000
-7.684975,10.158318,-7.613796,10.937871,-16.750351,0.000000,-0.015253,24.063316,0.000000,-0.167047,-16.765604,23.896269,0.860261,11.740602,1.100000,1.002000
-7.651688,6.654892,-7.550341,8.063860,-16.610750,0.000000,-0.021717,17.740492,0.000000,-0.301921,-16.632467,17.438570,-2.449970,30.452705,1.100000,1.004000
-9.028572,1.766666,-8.528753,3.599740,-18.763258,0.000000,-0.107104,7.919428,0.000000,-0.392801,-18.870361,7.526627,-0.041296,25.503649,1.100000,1.003000
-8.241653,-1.546902,-8.586318,-0.269053,-18.889900,0.000000,0.073857,-0.591917,0.000000,-0.273825,-18.816044,-0.865742,-6.971747,31.371510,1.100000,1.005000
-7.748810,-4.802860,-7.948195,-3.589165,-17.486029,0.000000,0.042725,-7.896164,0.000000,-0.260077,-17.443304,-8.156241,-9.783524,27.446098,1.100000,1.022000
-6.312103,-6.359871,-6.857521,-5.867857,-15.086547,0.000000,0.116875,-12.909286,0.000000,-0.105431,-14.969671,-13.014718,-9.917624,12.355495,1.100000,1.029000
-5.272438,-6.330708,-5.547342,-6.256058,-12.204153,0.000000,0.058908,-13.763329,0.000000,-0.015996,-12.145246,-13.779325,5.407528,16.433002,1.100000,1.020000
-5.717461,-7.109524,-5.585156,-6.832269,-12.287344,0.000000,-0.028351,-15.030993,0.000000,-0.059412,-12.315695,-15.090405,-2.129010,1.919180,1.100000,1.017000
0.000000,0.000000,0.000000,0.000000,0.000000,0.000000,0.000000,0.000000,0.000000,0.000000,0.000000,0.000000,-4.541339,-4.015436,1.100000,1.017000
0.000000,0.000000,0.000000,0.000000,0.000000,0.000000,0.000000,0.000000,0.000000,0.000000,0.000000,0.000000,13.607000,3.393262,1.100000,1.020000
0.000000,0.000000,0.000000,0.000000,0.000000,0.000000,0.000000,0.000000,0.000000,0.000000,0.000000,0.000000,1.751226,-3.298731,1.100000,1.014000
0.000000,0.000000,0.000000,0.000000,0.000000,0.000000,0.000000,0.000000,0.000000,0.000000,0.000000,0.000000,26.761452,4.329915,1.100000,1.015000
0.000000,0.000000,0.000000,0.000000,0.000000,0.000000,0.000000,0.000000,0.000000,0.000000,0.000000,0.000000,14.853084,-1.166826,1.100000,1.032000
0.000000,0.000000,0.000000,0.000000,0.000000,0.000000,0.000000,0.000000,0.000000,0.000000,0.000000,0.000000,24.075487,4.847949,1.100000,1.036000
0.000000,0.000000,0.000000,0.000000,0.000000,0.000000,0.000000,0.000000,0.000000,0.000000,0.000000,0.000000,20.289358,1.098959,1.100000,1.024000
0.000000,0.000000,0.000000,0.000000,0.000000,0.000000,0.000000,0.000000,0.000000,0.000000,0.000000,0.000000,41.481445,15.119893,1.100000,1.025000
0.000000,0.000000,0.000000,0.000000,0.000000,0.000000,0.000000,0.000000,0.000000,0.000000,0.000000,0.000000,21.967941,7.679516,1.100000,1.025000
0.000000,0.000000,0.000000,0.000000,0.000000,0.000000,0.000000,0.000000,0.000000,0.000000,0.000000,0.000000,18.462940,9.765447,1.100000,1.024000
0.000000,0.000000,0.000000,0.000000,0.000000,0.000000,0.000000,0.000000,0.000000,0.000000,0.000000,0.000000,12.338473,6.156940,1.100000,1.028000
0.000000,0.000000,0.000000,0.000000,0.000000,0.000000,0.000000,0.000000,0.000000,0.000000,0.000000,0.000000,10.034934,15.605736,1.100000,1.029000
0.000000,0.000000,0.000000,0.000000,0.000000,0.000000,0.000000,0.000000,0.000000,0.000000,0.000000,0.000000,11.032342,-3.325951,1.100000,1.033000
0.000000,0.000000,0.000000,0.000000,0.000000,0.000000,0.000000,0.000000,0.000000,0.000000,0.000000,0.000000,13.594904,5.913543,1.100000,1.029000
0.000000,0.000000,0.000000,0.000000,0.000000,0.000000,0.000000,0.000000,0.000000,0.000000,0.000000,0.000000,17.227753,8.895563,1.100000,1.029000
0.000000,0.000000,0.000000,0.000000,0.000000,0.000000,0.000000,0.000000,0.000000,0.000000,0.000000,0.000000,7.269650,8.194941,1.100000,1.026000
0.000000,0.000000,0.000000,0.000000,0.000000,0.000000,0.000000,0.000000,0.000000,0.000000,0.000000,0.000000,4.191886,1.444932,1.100000,1.027000
0.000000,0.000000,0.000000,0.000000,0.000000,0.000000,0.000000,0.000000,0.000000,0.000000,0.000000,0.000000,18.229033,25.772346,1.100000,1.025000
0.000000,0.000000,0.000000,0.000000,0.000000,0.000000,0.000000,0.000000,0.000000,0.000000,0.000000,0.000000,8.700903,-11.474955,1.100000,1.024000
0.000000,0.000000,0.000000,0.000000,0.000000,0.000000,0.000000,0.000000,0.000000,0.000000,0.000000,0.000000,28.072920,4.104170,1.100000,1.026000
0.000000,0.000000,0.000000,0.000000,0.000000,0.000000,0.000000,0.000000,0.000000,0.000000,0.000000,0.000000,29.595211,-1.969443,1.100000,1.026000
0.000000,0.000000,0.000000,0.000000,0.000000,0.000000,0.000000,0.000000,0.000000,0.000000,-5.500000,0.000000,20.910004,-7.182779,1.100000,1.019000
0.000000,0.000000,0.000000,0.000000,0.000000,0.000000,0.000000,0.000000,0.000000,0.000000,-15.500000,0.000000,0.969353,8.826462,1.100000,1.022000
0.000000,0.000000,0.000000,0.000000,0.000000,0.000000,0.000000,0.000000,0.000000,0.000000,-13.800001,0.000000,8.856446,-19.995794,1.100000,1.020000
0.000000,0.000000,0.000000,0.000000,0.000000,0.000000,0.000000,0.000000,0.000000,0.000000,-26.200001,0.000000,12.123112,19.334553,1.100000,1.020000
0.000000,0.000000,0.000000,0.000000,0.000000,0.000000,0.000000,0.000000,0.000000,0.000000,-44.299999,0.000000,84.958611,-6.719133,1.100000,1.021000
0.000000,0.000000,0.000000,0.000000,0.000000,0.000000,0.000000,0.000000,0.000000,0.000000,-62.599998,0.000000,-56.166065,14.642955,1.100000,1.020000
0.000000,0.000000,0.000000,0.000000,0.000000,0.000000,0.000000,0.000000,0.000000,0.000000,-89.900002,0.000000,-40.099949,1.978631,1.100000,1.024000
0.000000,0.000000,0.000000,0.000000,0.000000,0.000000,0.000000,0.000000,0.000000,0.000000,-91.599998,0.000000,-26.210699,1.655633,1.100000,1.027000
0.000000,0.000000,0.000000,0.000000,0.000000,0.000000,0.000000,0.000000,0.000000,0.000000,-94.000000,6.500000,-13.270162,-22.228935,1.100000,1.021000
0.000000,0.000000,0.000000,0.000000,0.000000,0.000000,0.000000,0.000000,0.000000,0.000000,-94.000000,0.000000,-14.348379,-24.993713,1.100000,1.020000
0.000000,0.000000,0.000000,0.000000,0.000000,0.000000,0.000000,0.000000,0.000000,0.000000,-91.599998,0.000000,-21.168409,-27.806423,1.100000,1.015000
0.000000,0.000000,0.000000,0.000000,0.000000,0.000000,0.000000,0.000000,0.000000,0.000000,-70.900002,0.000000,-60.111649,-9.402427,1.100000,1.029000
0.000000,0.000000,0.000000,0.000000,0.000000,0.000000,0.000000,0.000000,0.000000,0.000000,-46.700001,0.000000,-73.576355,-31.331436,1.100000,1.046000
0.000000,0.000000,0.000000,0.000000,0.000000,0.000000,0.000000,0.000000,0.000000,0.000000,0.000000,0.000000,-53.712368,-21.441217,1.100000,1.047000
0.000000,0.000000,0.000000,0.000000,0.000000,0.000000,0.000000,0.000000,0.000000,0.000000,0.000000,0.000000,-62.311607,-0.302969,1.100000,1.041000
0.000000,0.000000,0.000000,0.000000,0.000000,0.000000,0.000000,0.000000,0.000000,0.000000,0.000000,0.000000,-66.663239,-8.449336,1.100000,1.033000
0.000000,0.000000,0.000000,0.000000,0.000000,0.000000,0.000000,0.000000,0.000000,0.000000,0.000000,0.000000,-46.067825,-4.472797,1.100000,1.027000
0.000000,0.000000,0.000000,0.000000,0.000000,0.000000,0.000000,0.000000,0.000000,0.000000,-31.100002,-29.600002,-43.161587,17.233740,1.100000,1.026000
0.000000,0.000000,0.000000,0.000000,0.000000,0.000000,0.000000,0.000000,0.000000,0.000000,-43.600002,-22.600000,-48.956642,8.401344,1.100000,1.032000
0.000000,0.000000,0.000000,0.000000,0.000000,0.000000,0.000000,0.000000,0.000000,0.000000,-49.900002,-16.700001,-50.278130,15.418161,1.100000,1.031000
0.000000,0.000000,0.000000,0.000000,0.000000,0.000000,0.000000,0.000000,0.000000,0.000000,-34.000000,-22.600000,-46.330864,4.172800,1.100000,1.044000
0.000000,0.000000,0.000000,0.000000,0.000000,0.000000,0.000000,0.000000,0.000000,0.000000,-2.800000,-30.100002,-50.561398,-1.771865,1.100000,1.043000
0.000000,0.000000,0.000000,0.000000,0.000000,0.000000,0.000000,0.000000,0.000000,0.000000,0.000000,-55.100002,-52.000351,-6.862675,1.100000,1.060000
0.000000,0.000000,0.000000,0.000000,0.000000,0.000000,0.000000,0.000000,0.000000,0.000000,0.000000,-49.200001,-34.002880,-22.170414,1.100000,1.073000
0.000000,0.000000,0.000000,0.000000,0.000000,0.000000,0.000000,0.000000,0.000000,0.000000,0.000000,-35.000000,-46.099888,-15.415020,1.100000,1.048000
0.000000,0.000000,0.000000,0.000000,0.000000,0.000000,0.000000,0.000000,0.000000,0.000000,-1.900000,-33.600002,-24.789459,-21.499805,1.100000,1.058000
0.000000,0.000000,0.000000,0.000000,0.000000,0.000000,0.000000,0.000000,0.000000,0.000000,-25.300001,-39.700001,-6.235053,-25.967329,1.100000,1.063000
0.000000,0.000000,0.000000,0.000000,0.000000,0.000000,0.000000,0.000000,0.000000,0.000000,-53.600002,-37.200001,12.661884,-22.579742,1.100000,1.057000
0.000000,0.000000,0.000000,0.000000,0.000000,0.000000,0.000000,0.000000,0.000000,0.000000,-58.700005,-23.500000,-8.063347,-17.992729,1.100000,1.063000
0.000000,0.000000,0.000000,0.000000,0.000000,0.000000,0.000000,0.000000,0.000000,0.000000,0.000000,0.000000,-6.313646,-37.786686,1.100000,1.059000
-14.000000,-59.500000,-14.000000,-59.500000,-30.800001,0.000000,0.000000,-130.900009,0.000000,0.000000,-30.800001,-100.000000,-13.771177,-32.589516,1.100000,1.068000
0.000000,0.000000,0.000000,0.000000,0.000000,0.000000,0.000000,0.000000,0.000000,0.000000,0.000000,0.000000,-12.788343,-40.329456,1.100000,1.077000
0.000000,0.000000,0.000000,0.000000,0.000000,0.000000,0.000000,0.000000,0.000000,0.000000,0.000000,0.000000,-32.705582,-27.032148,1.100000,1.072000
-9.000000,-59.193550,-9.728477,-59.395752,-21.402649,0.000000,0.156102,-130.670654,0.000000,0.043329,-21.246548,-100.000000,-12.322731,-17.751820,1.100000,1.065000
0.000000,0.000000,0.000000,0.000000,0.000000,0.000000,0.000000,0.000000,0.000000,0.000000,0.000000,0.000000,-35.282513,-29.825970,1.100000,1.052000
-7.680000,-59.320000,-7.840362,-59.668724,-17.248796,0.000000,0.034363,-131.271194,0.000000,0.074728,-17.214434,-100.000000,4.949370,-39.646473,1.100000,1.053000
-8.099998,-59.599998,-7.423189,-59.237610,-16.331017,0.000000,-0.145031,-130.322739,0.000000,-0.077656,-16.476048,-100.000000,-23.709406,-66.941795,1.100000,1.058000
-8.000000,-60.000000,-8.000000,-60.000000,-17.600000,0.000000,0.000000,-132.000000,0.000000,0.000000,-17.600000,-100.000000,-13.513095,-42.151718,1.100000,1.062000
-7.555557,-58.911110,-7.866051,-59.260899,-17.305311,0.000000,0.066534,-130.373978,0.000000,0.074955,-17.238777,-100.000000,-4.991692,-46.219261,1.100000,1.059000
-8.437500,-59.218750,-7.962234,-59.229897,-17.516916,0.000000,-0.101843,-130.305771,0.000000,0.002388,-17.618759,-100.000000,-1.930894,-56.765869,1.100000,1.057000
-10.044121,-58.470589,-9.532291,-58.804829,-20.971041,0.000000,-0.109678,-129.370621,0.000000,0.071623,-21.080719,-100.000000,-2.797967,-71.930626,1.100000,1.052000
-10.743240,-56.878380,-10.475301,-57.487888,-23.045662,0.000000,-0.057415,-126.473358,0.000000,0.130609,-23.103077,-100.000000,-11.494938,-64.118851,1.100000,1.059000
-12.065216,-55.456520,-11.551236,-55.984516,-25.412720,0.000000,-0.110138,-123.165939,0.000000,0.113142,-25.522858,-100.000000,7.041375,-90.770782,1.100000,1.061000
-13.396927,-53.498463,-13.028329,-54.279373,-28.662325,0.000000,-0.078985,-119.414627,0.000000,0.167339,-28.741310,-100.000000,-11.884556,-83.199608,1.100000,1.052000
-14.079803,-51.965088,-13.737674,-52.607494,-30.222883,0.000000,-0.073313,-115.736488,0.000000,0.137659,-30.296196,-100.000000,-2.083829,-88.880615,1.100000,1.055000
-14.837898,-49.576843,-14.676668,-50.539146,-32.288670,0.000000,-0.034549,-111.186127,0.000000,0.206207,-32.323219,-100.000000,-9.923502,-74.441353,1.100000,1.059000
-16.029587,-46.140038,-15.546028,-47.502361,-34.201263,0.000000,-0.103620,-104.505196,0.000000,0.291925,-34.304882,-100.000000,-12.582563,-87.354599,1.100000,1.058000
-17.142586,-41.555134,-16.735458,-43.324703,-36.818008,0.000000,-0.087242,-95.314346,0.000000,0.379192,-36.905251,-94.935158,-9.829640,-96.261391,1.100000,1.057000
-18.314125,-36.321564,-17.794531,-38.312340,-39.147968,0.000000,-0.111341,-84.287148,0.000000,0.426594,-39.259308,-83.860558,-6.705440,-88.196701,1.100000,1.059000
-19.851067,-31.120567,-19.357218,-33.229828,-42.585880,0.000000,-0.105824,-73.105621,0.000000,0.451984,-42.691704,-72.653641,18.129255,-99.394394,1.100000,1.061000
-21.502655,-22.945133,-20.811430,-25.974052,-45.785149,0.000000,-0.148120,-57.142918,0.000000,0.649054,-45.933270,-56.493862,22.205448,-90.512100,1.100000,1.055000
-22.737389,-15.626087,-22.305424,-18.584293,-49.071934,0.000000,-0.092564,-40.885445,0.000000,0.633902,-49.164497,-40.251545,14.046346,-89.832214,1.100000,1.063000
-22.425133,-7.172115,-22.480507,-10.310806,-49.457115,0.000000,0.011867,-22.683775,0.000000,0.672576,-49.445248,-22.011198,6.294819,-92.622856,1.100000,1.066000
-21.646858,-0.256367,-21.977982,-3.098578,-48.351559,0.000000,0.070955,-6.816873,0.000000,0.609045,-48.280605,-6.207827,-30.207554,-68.800179,1.100000,1.065000
-17.876060,5.928696,-19.076935,3.620321,-41.969257,0.000000,0.257331,7.964706,0.000000,0.494652,-41.711926,8.459358,-50.964504,-62.631073,1.100000,1.062000
-14.865089,9.610458,-16.153595,8.194829,-35.537910,0.000000,0.276109,18.028624,0.000000,0.303349,-35.261803,18.331972,-46.902008,-42.387775,1.100000,1.066000
-11.480675,10.941177,-12.829401,10.481795,-28.224684,0.000000,0.289013,23.059950,0.000000,0.098439,-27.935671,23.158388,-46.061829,-31.587858,1.100000,1.068000
-7.280266,11.333336,-8.894285,11.134976,-19.567429,0.000000,0.345861,24.496948,0.000000,0.042506,-19.221567,24.539454,-49.716831,-15.683872,1.100000,1.064000
-2.588135,11.436577,-4.269153,11.468456,-9.392138,0.000000,0.360218,25.230604,0.000000,-0.006832,-9.031919,25.223772,-36.856293,-7.623057,1.100000,1.058000
3.000000,11.504997,0.818053,11.377581,1.799717,0.000000,0.467560,25.030678,0.000000,0.027304,2.267277,25.057981,-52.967693,2.798434,1.100000,1.068000
7.760872,10.772575,5.963812,11.105073,13.120386,0.000000,0.385084,24.431162,0.000000,-0.071249,13.505470,24.359913,-34.175674,-5.391866,1.100000,1.064000
10.602005,9.923080,9.455069,10.122304,20.801151,0.000000,0.245772,22.269070,0.000000,-0.042691,21.046923,22.226379,-16.154509,10.333642,1.100000,1.069000
12.496689,9.008278,11.908890,9.453819,26.199558,0.000000,0.125957,20.798403,0.000000,-0.095473,26.325516,20.702930,-9.259076,2.918773,1.100000,1.069000
11.500824,7.309723,11.725523,7.838140,25.796150,0.000000,-0.060187,17.243908,0.000000,-0.141540,25.735964,17.102367,6.310399,27.289274,1.100000,1.070000
9.515648,4.840195,10.162677,5.589494,22.357889,0.000000,-0.138649,12.296886,0.000000,-0.160564,22.219240,12.136322,13.274445,4.057539,1.100000,1.061000
4.943459,3.789986,6.756556,4.210738,14.864424,0.000000,-0.388521,9.263624,0.000000,-0.090161,14.475903,9.173463,32.699780,2.665434,1.100000,1.052000
0.553192,4.261864,2.243017,4.011216,4.934638,0.000000,-0.362105,8.824676,0.000000,0.053710,4.572533,8.878386,24.596582,15.217876,1.100000,1.057000
-3.344208,4.636215,-1.694593,4.556306,-3.728105,0.000000,-0.353489,10.023874,0.000000,0.017123,-4.081594,10.040998,10.135036,0.206552,1.100000,1.069000
-6.029953,5.811981,-4.997284,5.270554,-10.994025,0.000000,-0.221286,11.595218,0.000000,0.116020,-11.215311,11.711238,17.034935,2.842211,1.100000,1.067000
-8.168633,5.979767,-7.376233,5.936543,-16.227713,0.000000,-0.169800,13.060395,0.000000,0.009262,-16.397512,13.069657,17.822681,1.669205,1.100000,1.080000
-8.732445,5.188965,-8.494924,5.492360,-18.688833,0.000000,-0.050898,12.083193,0.000000,-0.065013,-18.739731,12.018180,3.268119,2.376514,1.100000,1.073000
-8.613335,3.825001,-8.666776,4.317496,-19.066908,0.000000,0.011452,9.498492,0.000000,-0.105535,-19.055456,9.392958,-0.710874,-1.983593,1.100000,1.084000
-7.527367,2.852406,-8.024649,3.054428,-17.654228,0.000000,0.106560,6.719742,0.000000,-0.043290,-17.547668,6.676451,-2.256113,26.190697,1.100000,1.084000
-64.875916,9.051094,-64.875916,9.051094,-142.727020,0.000000,0.000000,19.912407,0.000000,0.000000,-100.000000,19.912407,-18.987499,7.551762,1.100000,1.098000
-65.981598,9.490799,-65.070755,9.148551,-143.155670,0.000000,-0.195183,20.126812,0.000000,0.073339,-100.000000,20.200151,-24.519936,5.823115,1.100000,1.083000
-69.437958,10.540146,-68.156815,10.116286,-149.944992,0.000000,-0.274528,22.255831,0.000000,0.090827,-100.000000,22.346657,-26.535719,14.757896,1.100000,1.077000
-67.907318,10.375610,-68.500389,10.462765,-150.700867,0.000000,0.127087,23.018084,0.000000,-0.018676,-100.000000,22.999407,-54.073589,8.314556,1.100000,1.081000
-63.563381,10.816902,-65.465775,10.783890,-144.024704,0.000000,0.407654,23.724558,0.000000,0.007074,-100.000000,23.731632,-87.514748,7.082823,1.100000,1.094000
-59.322128,10.078430,-60.742493,10.386997,-133.633484,0.000000,0.304365,22.851395,0.000000,-0.066122,-100.000000,22.785273,-65.272224,17.957859,1.100000,1.079000
-58.260162,8.392952,-58.777527,9.068181,-129.310562,0.000000,0.110865,19.949999,0.000000,-0.144692,-100.000000,19.805307,-95.870018,30.422199,1.100000,1.105000
-56.296589,6.979004,-57.078720,7.609021,-125.573189,0.000000,0.167599,16.739847,0.000000,-0.135004,-100.000000,16.604843,-88.804955,12.083229,1.100000,1.103000
-55.103703,5.562965,-55.603031,6.085957,-122.326668,0.000000,0.107000,13.389105,0.000000,-0.112070,-100.000000,13.277036,-69.943741,10.365152,1.100000,1.096000
-54.115108,5.338127,-54.640327,5.376478,-120.208725,0.000000,0.112547,11.828252,0.000000,-0.008218,-100.000000,11.820034,-100.813766,12.440018,1.100000,1.092000
-51.920929,4.479073,-52.760151,4.889602,-116.072334,0.000000,0.179834,10.757124,0.000000,-0.087970,-100.000000,10.669153,-76.066666,0.702756,1.100000,1.089000
-51.135441,3.907448,-51.326355,4.007626,-112.917984,0.000000,0.040911,8.816776,0.000000,-0.021466,-100.000000,8.795310,-90.039070,9.837206,1.100000,1.085000
-50.213657,4.044052,-50.589840,4.163137,-111.297653,0.000000,0.080610,9.158902,0.000000,-0.025518,-100.000000,9.133384,-95.470207,14.900958,1.100000,1.086000
-47.545647,3.439491,-48.486828,3.602059,-106.671021,0.000000,0.201681,7.924530,0.000000,-0.034836,-100.000000,7.889694,-93.993172,15.641401,1.100000,1.086000
-43.784393,3.995892,-45.310692,3.764411,-99.683525,0.000000,0.327063,8.281704,0.000000,0.049603,-99.356461,8.331306,-87.037506,3.597685,1.100000,1.089000
-39.996017,4.643425,-41.343826,4.375940,-90.956421,0.000000,0.288816,9.627068,0.000000,0.057318,-90.667603,9.684385,-98.457664,-17.143730,1.100000,1.086000
-35.965050,5.225243,-37.463284,4.905107,-82.419228,0.000000,0.321051,10.791237,0.000000,0.068600,-82.098175,10.859838,-106.738922,3.626030,1.100000,1.090000
-30.870785,6.211609,-33.024910,5.843685,-72.654800,0.000000,0.461599,12.856108,0.000000,0.078841,-72.193199,12.934948,-102.195404,7.735708,1.100000,1.087000
-24.625916,5.748177,-26.854563,6.001238,-59.080040,0.000000,0.477567,13.202724,0.000000,-0.054228,-58.602474,13.148497,-90.998322,15.949150,1.100000,1.078000
-19.042030,4.697021,-21.260252,5.122334,-46.772556,0.000000,0.475333,11.269134,0.000000,-0.091138,-46.297222,11.177996,-91.863297,16.492292,1.100000,1.071000
-11.229729,3.065880,-14.043300,3.648080,-30.895260,0.000000,0.602908,8.025775,0.000000,-0.124757,-30.292353,7.901018,-103.699867,18.745285,1.100000,1.072000
-3.926422,1.943142,-6.723885,2.365539,-14.792546,0.000000,0.599456,5.204186,0.000000,-0.090514,-14.193090,5.113672,-95.037407,0.075087,1.100000,1.078000
4.245438,1.601990,1.184326,1.689366,2.605518,0.000000,0.655952,3.716606,0.000000,-0.018724,3.261470,3.697883,-67.529694,10.017525,1.100000,1.092000
9.284782,0.515549,7.314567,0.954348,16.092047,0.000000,0.444409,2.099566,0.000000,-0.098977,16.536457,2.000588,-66.753212,3.962010,1.100000,1.104000
13.111290,-0.430443,11.454439,-0.088463,25.199766,0.000000,0.355040,-0.194619,0.000000,-0.073281,25.554806,-0.267900,-34.254215,9.993593,1.100000,1.098000
15.490967,-1.353039,14.606831,-0.906838,32.135029,0.000000,0.189458,-1.995044,0.000000,-0.095614,32.324486,-2.090658,-21.253458,-1.598566,1.100000,1.093000
14.683777,-1.963577,14.794533,-1.836626,32.547974,0.000000,-0.023733,-4.040577,0.000000,-0.027204,32.524242,-4.067781,-7.020528,5.638562,1.100000,1.091000
14.650085,-2.092869,14.790252,-1.958209,32.538555,0.000000,-0.030036,-4.308061,0.000000,-0.028856,32.508518,-4.336916,0.923289,7.706275,1.100000,1.098000
13.418716,-2.714287,13.912282,-2.510370,30.607021,0.000000,-0.105764,-5.522815,0.000000,-0.043696,30.501257,-5.566511,3.696823,6.975868,1.100000,1.084000
11.882645,-1.383472,12.373940,-1.921319,27.222670,0.000000,-0.105278,-4.226902,0.000000,0.115253,27.117392,-4.111650,20.113375,-8.517546,1.100000,1.096000
9.580063,0.950981,10.516205,0.088736,23.135651,0.000000,-0.200602,0.195219,0.000000,0.184767,22.935049,0.379986,36.773170,-11.574366,1.100000,1.090000
5.754906,2.282681,7.161670,1.757736,15.755674,0.000000,-0.301450,3.867019,0.000000,0.112488,15.454225,3.979507,25.967491,-10.658144,1.100000,1.089000
2.358429,2.947628,3.623177,2.663565,7.970989,0.000000,-0.271017,5.859843,0.000000,0.060871,7.699972,5.920714,29.762978,-11.949856,1.100000,1.065000
0.899673,3.980263,1.500141,3.567434,3.300311,0.000000,-0.128672,7.848356,0.000000,0.088463,3.171639,7.936819,29.502972,-7.875393,1.100000,1.070000
-0.157188,3.924747,0.286805,3.934613,0.630971,0.000000,-0.095141,8.656148,0.000000,-0.002114,0.535830,8.654034,59.502457,-11.102829,1.100000,1.075000
-3.865318,4.047134,-2.331302,3.978102,-5.128865,0.000000,-0.328718,8.751824,0.000000,0.014793,-5.457583,8.766617,36.600864,-0.860757,1.100000,1.080000
-7.781723,4.634521,-6.312900,4.371049,-13.888379,0.000000,-0.314748,9.616309,0.000000,0.056458,-14.203127,9.672768,53.535034,0.155308,1.100000,1.093000
-10.784851,5.344231,-9.485065,5.207776,-20.867144,0.000000,-0.278526,11.457107,0.000000,0.029240,-21.145670,11.486347,27.984945,5.302856,1.100000,1.094000
-13.713058,5.151199,-12.554553,5.190687,-27.620018,0.000000,-0.248251,11.419511,0.000000,-0.008462,-27.868269,11.411049,32.635780,11.749651,1.100000,1.084000
-15.882957,4.759033,-15.103947,4.963408,-33.228683,0.000000,-0.166931,10.919497,0.000000,-0.043795,-33.395615,10.875702,11.179199,-1.772523,1.100000,1.081000
-16.099998,5.256897,-16.027937,5.036994,-35.261463,0.000000,-0.015441,11.081388,0.000000,0.047122,-35.276905,11.128510,17.401163,8.764920,1.100000,1.081000
-16.636208,4.738136,-16.326212,4.992588,-35.917667,0.000000,-0.066428,10.983693,0.000000,-0.054525,-35.984097,10.929168,25.171818,-5.032969,1.100000,1.089000
-18.395798,3.938705,-17.865894,4.240905,-39.304970,0.000000,-0.113550,9.329990,0.000000,-0.064757,-39.418518,9.265234,17.868145,1.172172,1.100000,1.094000
-18.217163,3.914185,-18.248957,3.939560,-40.147705,0.000000,0.006813,8.667033,0.000000,-0.005438,-40.140892,8.661595,-14.413651,-2.783427,1.100000,1.103000
-18.091553,3.225353,-18.153332,3.512091,-39.937332,0.000000,0.013239,7.726601,0.000000,-0.061444,-39.924095,7.665157,-11.448944,0.949746,1.100000,1.107000
-18.035210,2.612675,-18.148582,2.768214,-39.926884,0.000000,0.024294,6.090071,0.000000,-0.033330,-39.902592,6.056741,-25.763348,3.525436,1.100000,1.111000
3.979340,53.524796,3.979340,53.524796,8.754547,0.000000,0.000000,117.754555,0.000000,0.000000,8.754547,100.000000,4.986796,0.746017,1.100000,0.884000
5.269997,54.389999,4.579536,53.816299,10.074981,0.000000,0.147956,118.395859,0.000000,0.122936,10.222937,100.000000,15.045654,84.609894,1.100000,0.891000
7.053139,54.685989,6.656034,54.744026,14.643275,0.000000,0.085094,120.436859,0.000000,-0.012436,14.728369,100.000000,9.345065,-3.321516,1.100000,0.902000
7.818184,54.074379,7.433763,54.093964,16.354279,0.000000,0.082376,119.006721,0.000000,-0.004196,16.436655,100.000000,-33.868927,54.842945,1.100000,0.924000
10.568771,53.617104,9.405277,54.037113,20.691610,0.000000,0.249320,118.881653,0.000000,-0.090002,20.940929,100.000000,78.485519,-24.208208,1.100000,0.946000
11.893616,52.601822,11.435501,52.738037,25.158102,0.000000,0.098167,116.023682,0.000000,-0.029188,25.256269,100.000000,-74.826416,50.501274,1.100000,0.963000
15.872902,50.657074,13.825058,51.611298,30.415129,0.000000,0.438824,113.544861,0.000000,-0.204475,30.853952,100.000000,101.950096,-14.820151,1.100000,0.977000
17.515404,48.574951,17.580564,49.029274,38.677242,0.000000,-0.013963,107.864403,0.000000,-0.097355,38.663280,100.000000,-64.213768,92.536530,1.100000,0.981000
18.652496,40.735672,17.487804,44.554775,38.473171,0.000000,0.249577,98.020508,0.000000,-0.818380,38.722748,97.202126,-4.467554,120.558868,1.100000,0.988000
19.291664,25.770836,19.461863,31.102119,42.816097,0.000000,-0.036471,68.424667,0.000000,-1.142418,42.779625,67.282249,27.537241,94.542419,1.100000,0.995000
14.059113,13.600983,15.840565,18.352716,34.849243,0.000000,-0.381740,40.375977,0.000000,-1.018228,34.467503,39.357750,39.949379,126.294121,1.100000,1.003000
10.141510,1.223270,11.666869,6.010421,25.667112,0.000000,-0.326863,13.222927,0.000000,-1.025818,25.340250,12.197109,61.053123,120.956177,1.100000,1.010000
2.961716,-10.748852,5.795402,-5.972528,12.749884,0.000000,-0.607218,-13.139561,0.000000,-1.023498,12.142665,-14.163059,43.694752,102.825241,1.100000,1.018000
-4.888885,-22.738094,-1.912441,-18.221285,-4.207371,0.000000,-0.637809,-40.086826,0.000000,-0.967888,-4.845180,-41.054714,57.116837,59.357391,1.100000,1.033000
-12.830315,-29.322899,-9.848520,-26.902582,-21.666744,0.000000,-0.638956,-59.185680,0.000000,-0.518640,-22.305700,-59.704319,71.711090,33.523216,1.100000,1.039000
-19.400681,-30.039049,-16.935419,-29.746243,-37.257923,0.000000,-0.528271,-65.441734,0.000000,-0.062744,-37.786194,-65.504478,69.441956,27.145092,1.100000,1.035000
-24.288193,-29.006945,-22.241003,-29.372898,-48.930206,0.000000,-0.438683,-64.620377,0.000000,0.078419,-49.368889,-64.541962,38.035740,22.798197,1.100000,1.040000
-28.639786,-28.514338,-27.091280,-28.650909,-59.600819,0.000000,-0.331822,-63.032001,0.000000,0.029265,-59.932640,-63.002735,46.466686,-7.847381,1.100000,1.034000
-31.104130,-25.718132,-30.197609,-26.884869,-66.434738,0.000000,-0.194254,-59.146713,0.000000,0.250015,-66.628990,-58.896698,41.749519,-21.893303,1.100000,1.050000
-33.003609,-23.384476,-32.244053,-24.112906,-70.936920,0.000000,-0.162763,-53.048393,0.000000,0.156093,-71.099686,-52.892300,-0.667807,-27.786264,1.100000,1.065000
-32.590252,-21.187725,-32.766254,-22.210180,-72.085762,0.000000,0.037714,-48.862396,0.000000,0.219098,-72.048050,-48.643299,4.848886,-40.182625,1.100000,1.072000
-30.606113,-15.032375,-31.271217,-17.370134,-68.796677,0.000000,0.142522,-38.214298,0.000000,0.500949,-68.654152,-37.713348,13.135263,-40.940411,1.100000,1.082000
-29.016212,-7.933334,-29.680796,-10.623852,-65.297752,0.000000,0.142411,-23.372475,0.000000,0.576539,-65.155342,-22.795935,-6.184144,-33.658302,1.100000,1.067000
-25.041290,-2.556553,-26.525429,-4.636515,-58.355946,0.000000,0.318029,-10.200334,0.000000,0.445706,-58.037918,-9.754627,-22.611958,-25.574438,1.100000,1.070000
-21.812057,1.508865,-22.785259,0.024541,-50.127571,0.000000,0.208543,0.053990,0.000000,0.318070,-49.919029,0.372059,-29.510504,-51.406498,1.100000,1.077000
-20.185318,5.994759,-21.363468,4.167670,-46.999630,0.000000,0.252460,9.168875,0.000000,0.391519,-46.747169,9.560393,-22.619209,-40.018890,1.100000,1.077000
-15.663139,11.231041,-17.050808,9.332241,-37.511780,0.000000,0.297358,20.530931,0.000000,0.406886,-37.214424,20.937817,-16.497705,-48.426685,1.100000,1.077000
-14.157616,14.003502,-14.580657,13.034657,-32.077446,0.000000,0.090652,28.676247,0.000000,0.207610,-31.986795,28.883856,-13.908381,-15.604839,1.100000,1.072000
-13.486115,13.380211,-13.877936,13.595981,-30.531460,0.000000,0.083962,29.911158,0.000000,-0.046237,-30.447498,29.864922,-18.862385,-20.316227,1.100000,1.065000
-12.580315,10.918823,-12.860923,11.823899,-28.294031,0.000000,0.057267,26.012579,0.000000,-0.184709,-28.236765,25.827869,-8.408739,6.486475,1.100000,1.067000
-12.884483,7.808624,-12.707796,8.952434,-27.957151,0.000000,-0.037862,19.695354,0.000000,-0.245102,-27.995012,19.450253,-4.973519,-6.949396,1.100000,1.069000
-12.318962,6.710342,-12.515298,7.068972,-27.533655,0.000000,0.042072,15.551739,0.000000,-0.076849,-27.491583,15.474890,-7.543671,3.579345,1.100000,1.070000
-12.103096,6.080757,-12.131120,6.446360,-26.688463,0.000000,0.006005,14.181992,0.000000,-0.078343,-26.682459,14.103648,-13.872859,13.795693,1.100000,1.077000
-12.268501,4.166954,-12.208559,4.838651,-26.858831,0.000000,-0.012845,10.645032,0.000000,-0.143935,-26.871675,10.501097,4.274515,24.912937,1.100000,1.073000
-14.442139,2.614853,-13.629148,3.301836,-29.984125,0.000000,-0.174212,7.264040,0.000000,-0.147211,-30.158337,7.116829,14.833543,22.254375,1.100000,1.079000
-17.496567,1.874569,-16.376223,2.089596,-36.027691,0.000000,-0.240074,4.597112,0.000000,-0.046077,-36.267765,4.551034,10.280025,2.934460,1.100000,1.072000
-17.749565,3.003456,-17.673470,2.599874,-38.881634,0.000000,-0.016306,5.719724,0.000000,0.086482,-38.897938,5.806205,-0.892971,10.653481,1.100000,1.072000
-17.738304,3.171577,-17.716450,3.061344,-38.976189,0.000000,-0.004683,6.734958,0.000000,0.023621,-38.980869,6.758579,-6.078136,-1.218458,1.100000,1.072000
-17.891983,3.459930,-17.848257,3.384286,-39.266167,0.000000,-0.009370,7.445429,0.000000,0.016210,-39.275536,7.461638,-3.758949,-6.330284,1.100000,1.075000
-18.077721,3.248703,-18.004753,3.269798,-39.610458,0.000000,-0.015636,7.193556,0.000000,-0.004520,-39.626095,7.189035,-2.072231,-0.736754,1.100000,1.079000
-18.123924,3.170395,-18.103319,3.205690,-39.827305,0.000000,-0.004416,7.052517,0.000000,-0.007563,-39.831718,7.044954,-4.299094,-7.092825,1.100000,1.078000
-16.998268,3.605537,-17.429760,3.450958,-38.345474,0.000000,0.092463,7.592108,0.000000,0.033124,-38.253014,7.625232,-17.833273,-5.018401,1.100000,1.079000
-15.137932,3.924137,-15.886698,3.766284,-34.950737,0.000000,0.160450,8.285826,0.000000,0.033826,-34.790287,8.319652,-15.021078,-4.940998,1.100000,1.083000
-12.308746,5.229843,-13.375255,4.775376,-29.425560,0.000000,0.228538,10.505828,0.000000,0.097386,-29.197023,10.603213,-37.938980,-0.622092,1.100000,1.086000
-9.851280,6.834190,-10.838879,6.150238,-23.845533,0.000000,0.211628,13.530523,0.000000,0.146561,-23.633905,13.677085,-26.476044,-9.075604,1.100000,1.084000
-6.156090,9.228134,-7.643477,8.279134,-16.815651,0.000000,0.318726,18.214094,0.000000,0.203357,-16.496925,18.417452,-28.556108,-11.428246,1.100000,1.083000
-3.706284,10.668930,-4.581192,10.151655,-10.078622,0.000000,0.187480,22.333641,0.000000,0.110845,-9.891142,22.444485,-22.421324,-4.669166,1.100000,1.078000
-2.704781,10.506828,-3.063030,10.518915,-6.738666,0.000000,0.076768,23.141613,0.000000,-0.002590,-6.661899,23.139023,-18.052505,-15.236009,1.100000,1.081000
-1.302208,11.137520,-1.829308,10.851323,-4.024477,0.000000,0.112950,23.872911,0.000000,0.061328,-3.911527,23.934238,-39.658886,2.794062,1.100000,1.079000
1.068375,11.675217,0.106668,11.547168,0.234670,0.000000,0.206080,25.403770,0.000000,0.027439,0.440750,25.431210,-30.926765,5.235488,1.100000,1.082000
3.861778,11.133102,2.830022,11.245492,6.226049,0.000000,0.221091,24.740084,0.000000,-0.024084,6.447140,24.716000,-14.427425,-2.059126,1.100000,1.071000
6.057625,11.062714,5.146028,11.107923,11.321262,0.000000,0.195342,24.437429,0.000000,-0.009687,11.516604,24.427742,-20.553741,-2.672097,1.100000,1.077000
7.554420,10.921768,7.055807,11.007586,15.522776,0.000000,0.106846,24.216688,0.000000,-0.018389,15.629622,24.198299,-2.366142,8.975361,1.100000,1.078000
6.208755,9.898987,6.842859,10.262628,15.054291,0.000000,-0.135879,22.577782,0.000000,-0.077923,14.918411,22.499859,20.718992,4.653582,1.100000,1.082000
2.809441,9.519394,4.118948,9.674674,9.061686,0.000000,-0.280609,21.284283,0.000000,-0.033274,8.781076,21.251009,28.632896,15.145190,1.100000,1.075000
0.357986,8.697479,1.270812,9.035158,2.795787,0.000000,-0.195606,19.877348,0.000000,-0.072360,2.600182,19.804989,6.377837,3.858558,1.100000,1.080000
-0.586960,7.901337,-0.198173,8.126491,-0.435981,0.000000,-0.083311,17.878281,0.000000,-0.048247,-0.519292,17.830034,26.406752,15.821439,1.100000,1.072000
-2.084175,7.028618,-1.599422,7.449927,-3.518727,0.000000,-0.103876,16.389841,0.000000,-0.090281,-3.622603,16.299561,22.558865,23.278685,1.100000,1.063000
-2.662231,5.019966,-2.382350,5.787670,-5.241170,0.000000,-0.059975,12.732874,0.000000,-0.164508,-5.301145,12.568366,8.286196,21.751381,1.100000,1.070000
-3.514900,2.387417,-3.178231,3.365921,-6.992109,0.000000,-0.072143,7.405026,0.000000,-0.209679,-7.064252,7.195347,13.138744,24.628941,1.100000,1.068000
-5.461922,1.006622,-4.631509,1.533266,-10.189320,0.000000,-0.177946,3.373186,0.000000,-0.112852,-10.367265,3.260334,28.005219,17.547485,1.100000,1.080000
-7.702339,0.262543,-6.830884,0.603456,-15.027946,0.000000,-0.186740,1.327603,0.000000,-0.073053,-15.214686,1.254551,4.020420,16.252525,1.100000,1.083000
-8.742477,-1.102005,-8.397446,-0.593318,-18.474380,0.000000,-0.073936,-1.305300,0.000000,-0.109004,-18.548315,-1.414304,14.118973,10.150640,1.100000,1.076000
-9.633942,-2.321133,-9.379025,-1.846379,-20.633854,0.000000,-0.054625,-4.062035,0.000000,-0.101733,-20.688478,-4.163767,-0.455684,16.433193,1.100000,1.084000
-8.713577,-3.715233,-9.153727,-3.169330,-20.138199,0.000000,0.094317,-6.972527,0.000000,-0.116979,-20.043882,-7.089506,-9.163572,21.897327,1.100000,1.079000
-8.723511,-4.051323,-8.369067,-3.890211,-18.411949,0.000000,-0.094940,-8.558463,0.000000,-0.043155,-18.506889,-8.601618,-7.401272,10.958761,1.100000,1.083000
-5.523102,-5.234322,-6.109337,-4.868646,-13.440542,0.000000,0.125622,-10.711020,0.000000,-0.078359,-13.314920,-10.789379,-9.443568,9.994488,1.100000,1.082000
-4.311882,-6.458744,-4.782633,-5.939274,-10.521792,0.000000,0.100875,-13.066403,0.000000,-0.111315,-10.420918,-13.177718,-5.948478,10.389892,1.100000,1.078000
-2.799675,-7.958950,-3.381955,-7.487855,-7.440301,0.000000,0.124774,-16.473282,0.000000,-0.100949,-7.315527,-16.574230,-12.244946,8.465752,1.100000,1.074000
-1.654724,-8.633549,-2.104681,-8.399486,-4.630299,0.000000,0.096419,-18.478868,0.000000,-0.050157,-4.533880,-18.529024,-0.077706,-5.649085,1.100000,1.082000
-0.498367,-8.271240,-0.824658,-8.502334,-1.814248,0.000000,0.069919,-18.705135,0.000000,0.049520,-1.744328,-18.655615,-7.845450,5.644148,1.100000,1.078000
1.003235,-6.888348,-0.150697,-7.448073,-0.331534,0.000000,0.247271,-16.385761,0.000000,0.119941,-0.084263,-16.265820,-13.096266,-11.197870,1.100000,1.083000
2.418831,-5.000000,1.762141,-5.752819,3.876709,0.000000,0.140719,-12.656201,0.000000,0.161318,4.017428,-12.494884,-0.476431,-19.593872,1.100000,1.074000
2.501610,-4.319355,2.488094,-4.637344,5.473808,0.000000,0.002896,-10.202158,0.000000,0.068141,5.476704,-10.134017,-1.945092,-0.294407,1.100000,1.067000
2.418938,-3.858749,2.462566,-4.008034,5.417645,0.000000,-0.009349,-8.817675,0.000000,0.031989,5.408297,-8.785686,-7.664791,-15.614940,1.100000,1.061000
0.000000,0.000000,0.000000,0.000000,0.000000,0.000000,0.000000,0.000000,0.000000,0.000000,0.000000,0.000000,7.179011,-14.007214,1.100000,1.065000
-46.869793,28.239586,-46.284721,27.329212,-101.826385,0.000000,-0.125372,60.124268,0.000000,0.195081,-100.000000,60.319347,2.774644,-3.691137,1.100000,1.068000
-52.848328,31.742928,-50.875168,30.557072,-111.925369,0.000000,-0.422819,67.225555,0.000000,0.254112,-100.000000,67.479668,-20.990757,-5.659252,1.100000,1.061000
-53.804123,33.105667,-53.481403,32.570030,-117.659088,0.000000,-0.069155,71.654068,0.000000,0.114779,-100.000000,71.768845,-27.260918,7.775437,1.100000,1.065000
-51.874687,32.719299,-52.592060,32.794785,-115.702538,0.000000,0.153723,72.148529,0.000000,-0.016174,-100.000000,72.132355,-43.493145,27.067741,1.100000,1.069000
-51.874687,32.719299,-52.592060,32.794785,-115.702538,0.000000,0.153723,72.148529,0.000000,-0.016174,-100.000000,72.132355,-43.493145,27.067741,1.100000,1.069000
-48.961815,31.675415,-50.032764,32.108025,-110.072083,0.000000,0.229488,70.637657,0.000000,-0.092701,-100.000000,70.544960,-57.010601,34.829586,1.100000,1.074000
-45.544842,25.701797,-46.257111,27.094173,-101.765648,0.000000,0.127190,59.607182,0.000000,-0.248638,-100.000000,59.358543,-90.384232,58.710114,1.100000,1.091000
-42.505447,24.030502,-43.743362,24.774645,-96.235397,0.000000,0.265266,54.504219,0.000000,-0.159459,-95.970131,54.344761,-91.186874,48.225204,1.100000,1.101000
-39.894291,21.384781,-40.878540,22.425821,-89.932793,0.000000,0.210911,49.336807,0.000000,-0.223081,-89.721886,49.113728,-96.466225,62.591537,1.100000,1.105000
-36.646816,18.609856,-37.931282,19.518013,-83.448822,0.000000,0.275244,42.939629,0.000000,-0.194605,-83.173576,42.745026,-91.142784,49.822567,1.100000,1.092000
-31.781677,16.479530,-33.647648,17.508312,-74.024826,0.000000,0.399851,38.518288,0.000000,-0.220453,-73.624977,38.297836,-112.016640,69.180252,1.100000,1.086000
-24.659088,11.950760,-27.416204,13.600844,-60.315651,0.000000,0.590811,29.921858,0.000000,-0.353590,-59.724842,29.568268,-116.630577,49.020786,1.100000,1.084000
-16.260323,9.071815,-19.476797,10.121468,-42.848953,0.000000,0.689244,22.267229,0.000000,-0.224925,-42.159710,22.042303,-116.649399,49.477077,1.100000,1.084000
-7.300339,5.918091,-10.928407,7.320025,-24.042496,0.000000,0.777443,16.104055,0.000000,-0.300415,-23.265053,15.803641,-99.007317,42.391945,1.100000,1.086000
1.433777,1.071194,-1.712068,2.766154,-3.766549,0.000000,0.674110,6.085538,0.000000,-0.363206,-3.092440,5.722332,-61.126968,27.311243,1.100000,1.075000
5.311989,-3.022987,3.695235,-1.385254,8.129517,0.000000,0.346447,-3.047559,0.000000,-0.350943,8.475964,-3.398501,-69.182945,51.437157,1.100000,1.077000
10.021454,-8.145214,8.296976,-6.304682,18.253347,0.000000,0.369531,-13.870300,0.000000,-0.394400,18.622879,-14.264700,-15.110928,46.415382,1.100000,1.081000
9.615387,-11.657936,9.739851,-10.363287,21.427673,0.000000,-0.026671,-22.799232,0.000000,-0.277425,21.401003,-23.076656,-21.175480,36.603909,1.100000,1.096000
8.504951,-13.386139,8.881326,-12.629020,19.538918,0.000000,-0.080652,-27.783844,0.000000,-0.162240,19.458265,-27.946083,6.216505,39.685448,1.100000,1.109000
5.721199,-15.155258,6.815819,-14.490322,14.994802,0.000000,-0.234561,-31.878710,0.000000,-0.142487,14.760241,-32.021194,33.898903,14.253662,1.100000,1.116000
0.454697,-16.594727,2.460890,-16.020243,5.413958,0.000000,-0.429899,-35.244534,0.000000,-0.123104,4.984059,-35.367638,38.090149,17.182810,1.100000,1.105000
-4.588043,-17.194351,-2.711650,-16.993275,-5.965630,0.000000,-0.402084,-37.385204,0.000000,-0.043088,-6.367714,-37.428291,38.731350,0.792157,1.100000,1.095000
-9.342285,-16.233223,-7.434782,-16.619856,-16.356522,0.000000,-0.408751,-36.563683,0.000000,0.082850,-16.765272,-36.480831,46.953945,-17.696312,1.100000,1.084000
-14.164131,-13.175972,-12.318958,-14.459278,-27.101709,0.000000,-0.395394,-31.810413,0.000000,0.274994,-27.497103,-31.535419,53.595280,-24.130363,1.100000,1.080000
-18.701187,-10.018677,-16.890213,-11.212557,-37.158470,0.000000,-0.388066,-24.667625,0.000000,0.255832,-37.546535,-24.411795,37.804649,-27.603157,1.100000,1.080000
-22.700172,-7.670712,-21.308731,-8.635673,-46.879208,0.000000,-0.298165,-18.998480,0.000000,0.206778,-47.177372,-18.791702,20.865332,-17.569632,1.100000,1.088000
-25.061836,-5.567139,-24.136189,-6.423750,-53.099617,0.000000,-0.198353,-14.132250,0.000000,0.183559,-53.297970,-13.948690,10.147507,-34.108677,1.100000,1.104000
-24.237762,-2.019230,-24.549570,-3.434006,-54.009056,0.000000,0.066816,-7.554813,0.000000,0.303166,-53.942242,-7.251647,2.949051,-19.029110,1.100000,1.104000
-21.736473,0.200699,-22.645929,-0.580258,-49.821045,0.000000,0.185603,-1.276567,0.000000,0.159379,-49.635441,-1.117188,-19.119331,-24.419979,1.100000,1.113000
-17.998260,1.748264,-19.438232,1.164205,-42.764111,0.000000,0.308566,2.561250,0.000000,0.125156,-42.455544,2.686406,-54.087498,-15.264528,1.100000,1.117000
-13.052086,2.343750,-14.860106,2.115115,-32.692234,0.000000,0.387433,4.653254,0.000000,0.048993,-32.304802,4.702247,-50.632153,-17.975994,1.100000,1.120000
-8.270226,4.084335,-10.149578,3.309633,-22.329073,0.000000,0.402719,7.281194,0.000000,0.166008,-21.926355,7.447201,-42.750496,-10.374921,1.100000,1.126000
-3.651802,6.468269,-5.345433,5.681688,-11.759953,0.000000,0.362921,12.499714,0.000000,0.168553,-11.397033,12.668267,-35.035480,-12.559077,1.100000,1.116000
-0.350845,6.703392,-1.856035,6.560249,-4.083276,0.000000,0.322540,14.432549,0.000000,0.030674,-3.760735,14.463222,-33.530792,-8.565477,1.100000,1.117000
3.218857,5.500000,1.703532,5.990627,3.747769,0.000000,0.324713,13.179379,0.000000,-0.105134,4.072482,13.074245,-32.475838,5.335414,1.100000,1.089000
6.006783,4.132202,5.067649,4.600805,11.148829,0.000000,0.201243,10.121771,0.000000,-0.100415,11.350071,10.021356,-26.278816,8.637777,1.100000,1.107000
7.667793,3.662712,7.049293,3.911937,15.508444,0.000000,0.132536,8.606261,0.000000,-0.053405,15.640980,8.552855,-15.121908,2.599884,1.100000,1.113000
7.870964,4.181664,7.777793,4.050921,17.111145,0.000000,0.019965,8.912026,0.000000,0.028016,17.131111,8.940042,-3.830121,9.733924,1.100000,1.131000
5.910324,3.776649,6.652950,3.947294,14.636491,0.000000,-0.159134,8.684047,0.000000,-0.036567,14.477357,8.647480,2.059517,16.368696,1.100000,1.111000
3.356186,2.016724,4.208842,2.620585,9.259452,0.000000,-0.182712,5.765288,0.000000,-0.129399,9.076740,5.635889,19.679846,19.163691,1.100000,1.103000
1.544411,0.544407,2.198373,1.172068,4.836421,0.000000,-0.140135,2.578549,0.000000,-0.134499,4.696286,2.444051,17.372660,15.620500,1.100000,1.102000
-0.369637,-1.460396,0.389988,-0.586717,0.857973,0.000000,-0.162777,-1.290778,0.000000,-0.187217,0.695196,-1.477995,16.419952,17.648243,1.100000,1.109000
-4.053604,-4.115578,-2.643467,-3.090167,-5.815627,0.000000,-0.302172,-6.798367,0.000000,-0.219731,-6.117799,-7.018097,15.290523,3.940094,1.100000,1.112000
-7.006622,-5.978477,-5.969922,-5.436267,-13.133828,0.000000,-0.222150,-11.959787,0.000000,-0.116188,-13.355978,-12.075975,12.999177,5.156387,1.100000,1.122000
-7.338898,-5.430717,-7.274826,-5.567062,-16.004618,0.000000,-0.013730,-12.247537,0.000000,0.029217,-16.018347,-12.218320,0.924048,3.805404,1.100000,1.119000
-6.031876,-5.016777,-6.440436,-5.216507,-14.168961,0.000000,0.087549,-11.476316,0.000000,0.042799,-14.081412,-11.433517,-2.036045,8.703154,1.100000,1.109000
-4.121666,-4.221668,-4.973975,-4.429975,-10.942744,0.000000,0.182638,-9.745944,0.000000,0.044637,-10.760107,-9.701307,-15.974967,-3.621732,1.100000,1.100000
-0.539345,-2.577049,-1.970549,-3.235605,-4.335208,0.000000,0.306687,-7.118330,0.000000,0.141119,-4.028522,-6.977211,-33.475067,-1.591724,1.100000,1.112000
2.457848,-1.791737,1.287214,-2.096422,2.831870,0.000000,0.250850,-4.612130,0.000000,0.065290,3.082720,-4.546840,-41.276291,-9.472411,1.100000,1.111000
7.521309,-0.518032,5.520297,-0.966620,12.144652,0.000000,0.428788,-2.126564,0.000000,0.096126,12.573441,-2.030438,-39.587891,-5.557696,1.100000,1.118000
12.517410,-0.321724,10.550914,-0.399338,23.212011,0.000000,0.421392,-0.878544,0.000000,0.016632,23.633404,-0.861912,-18.898460,-7.609463,1.100000,1.116000
16.128548,-0.540901,14.854599,-0.474214,32.680119,0.000000,0.272989,-1.043271,0.000000,-0.014290,32.953106,-1.057561,-11.668661,-6.250129,1.100000,1.102000
17.336670,-0.858334,16.991549,-0.759832,37.381409,0.000000,0.073955,-1.671630,0.000000,-0.021108,37.455364,-1.692737,-4.757711,4.662776,1.100000,1.115000
17.202682,-1.646564,17.352060,-1.299654,38.174534,0.000000,-0.032010,-2.859238,0.000000,-0.074338,38.142525,-2.933576,7.116352,-8.467039,1.100000,1.116000
13.323875,-2.148582,14.816210,-1.963989,32.595661,0.000000,-0.319786,-4.320776,0.000000,-0.039556,32.275875,-4.360332,34.716675,6.215908,1.100000,1.107000
7.680992,-2.585125,9.620831,-2.654556,21.165831,0.000000,-0.415680,-5.840024,0.000000,0.014878,20.750151,-5.825146,40.122101,-14.551161,1.100000,1.093000
4.461792,-0.191029,5.773240,-1.033300,12.701128,0.000000,-0.281025,-2.273259,0.000000,0.180487,12.420103,-2.092773,37.085762,-4.957139,1.100000,1.118000
0.965286,1.023140,2.395056,0.540374,5.269124,0.000000,-0.306379,1.188823,0.000000,0.103450,4.962745,1.292273,23.244757,-13.470696,1.100000,1.098000
0.000000,0.000000,0.000000,0.000000,0.000000,0.000000,0.000000,0.000000,0.000000,0.000000,0.000000,0.000000,20.948284,-9.794746,1.100000,1.101000
0.000000,0.000000,0.000000,0.000000,0.000000,0.000000,0.000000,0.000000,0.000000,0.000000,0.000000,0.000000,26.487307,-18.449821,1.100000,1.090000
0.000000,0.000000,0.000000,0.000000,0.000000,0.000000,0.000000,0.000000,0.000000,0.000000,0.000000,0.000000,0.503004,-11.747228,1.100000,1.088000
0.000000,0.000000,0.000000,0.000000,0.000000,0.000000,0.000000,0.000000,0.000000,0.000000,0.000000,0.000000,0.994802,-15.323673,1.100000,1.087000
0.000000,0.000000,0.000000,0.000000,0.000000,0.000000,0.000000,0.000000,0.000000,0.000000,0.000000,0.000000,140.306183,24.562393,1.100000,0.902000
73.192307,-27.778847,76.781136,-27.380892,168.918503,0.000000,-0.769035,-60.237965,0.000000,-0.085277,100.000000,-60.323242,134.763504,38.573059,1.100000,0.899000
65.585709,-35.162857,67.664055,-32.461491,148.860931,0.000000,-0.445358,-71.415283,0.000000,-0.578864,100.000000,-71.994148,137.763611,11.620797,1.100000,0.876000
60.982285,-40.405064,62.855350,-38.493450,138.281769,0.000000,-0.401371,-84.685593,0.000000,-0.409632,100.000000,-85.095222,137.884140,1.678465,1.100000,0.899000
54.937805,-43.050240,57.249550,-41.939003,125.949013,0.000000,-0.495375,-92.265808,0.000000,-0.238123,100.000000,-92.503929,110.298363,15.447142,1.100000,0.976000
50.446259,-45.128506,52.091919,-44.354126,114.602226,0.000000,-0.352640,-97.579079,0.000000,-0.165939,100.000000,-97.745018,114.703178,-28.170925,1.100000,1.018000
47.818787,-44.827740,48.884178,-44.929070,107.545197,0.000000,-0.228298,-98.843956,0.000000,0.021713,100.000000,-98.822243,114.438896,-17.878355,1.100000,1.030000
46.347641,-44.512875,46.855579,-44.634659,103.082275,0.000000,-0.108845,-98.196251,0.000000,0.026096,100.000000,-98.170158,116.655052,-34.555084,1.100000,1.023000
44.989822,-43.095722,45.621311,-43.760021,100.366890,0.000000,-0.135319,-96.272049,0.000000,0.142349,100.000000,-96.129700,110.279160,-53.954254,1.100000,1.009000
42.448547,-40.543690,43.492714,-41.472393,95.683975,0.000000,-0.223749,-91.239265,0.000000,0.199009,95.460228,-91.040260,133.145416,-48.090595,1.100000,1.011000
36.807190,-38.620037,39.015438,-39.410564,85.833969,0.000000,-0.473196,-86.703247,0.000000,0.169399,85.360771,-86.533852,128.267410,-68.052307,1.100000,1.026000
29.694397,-34.934898,32.494534,-36.482754,71.487976,0.000000,-0.600029,-80.262062,0.000000,0.331684,70.887947,-79.930382,111.222420,-64.235580,1.100000,1.049000
20.545296,-30.132404,24.168076,-31.910213,53.169769,0.000000,-0.776310,-70.202469,0.000000,0.380959,52.393459,-69.821510,110.452507,-54.699841,1.100000,1.072000
11.385521,-25.227272,14.716335,-27.224901,32.375938,0.000000,-0.713746,-59.894783,0.000000,0.428063,31.662193,-59.466721,109.206947,-69.218117,1.100000,1.076000
3.625404,-18.000000,6.729437,-20.852654,14.804762,0.000000,-0.665150,-45.875839,0.000000,0.611282,14.139612,-45.264557,98.042656,-64.665878,1.100000,1.067000
-4.406448,-10.487095,-1.461954,-13.367324,-3.216298,0.000000,-0.664172,-29.408113,0.000000,0.649676,-3.880470,-28.758438,78.139282,-43.854546,1.100000,1.062000
-9.470016,-6.492706,-7.333322,-8.013567,-16.133308,0.000000,-0.481961,-17.629848,0.000000,0.343051,-16.615271,-17.286797,46.959167,-49.452194,1.100000,1.070000
-13.121315,-0.965572,-11.628309,-3.169840,-25.582281,0.000000,-0.319930,-6.973649,0.000000,0.472343,-25.902210,-6.501306,25.948696,-40.629715,1.100000,1.076000
-15.438622,2.553192,-14.676681,1.235941,-32.288696,0.000000,-0.163273,2.719071,0.000000,0.282268,-32.451969,3.001339,8.338333,-45.911274,1.100000,1.079000
-13.883331,5.243332,-14.481762,4.131534,-31.859877,0.000000,0.128235,9.089375,0.000000,0.238243,-31.731642,9.327617,-5.154369,-52.121735,1.100000,1.072000
-8.731667,8.618332,-10.667336,7.269122,-23.468142,0.000000,0.414786,15.992069,0.000000,0.289116,-23.053356,16.281185,-34.604313,-15.685270,1.100000,1.072000
-3.716446,9.614098,-5.703043,9.255163,-12.546695,0.000000,0.425699,20.361359,0.000000,0.076915,-12.120996,20.438272,-29.173334,-23.589369,1.100000,1.062000
1.198997,10.083611,-0.723533,9.975652,-1.591773,0.000000,0.411971,21.946434,0.000000,0.023134,-1.179802,21.969568,-28.036339,-12.142269,1.100000,1.056000
5.742859,9.284035,4.022291,9.545769,8.849041,0.000000,0.368693,21.000692,0.000000,-0.056086,9.217734,20.944607,-30.541935,-2.959753,1.100000,1.049000
10.514236,9.227806,8.755876,9.243366,19.262926,0.000000,0.376791,20.335405,0.000000,-0.003334,19.639717,20.332071,-19.654074,2.077980,1.100000,1.063000
12.299156,8.593277,11.717894,8.836439,25.779366,0.000000,0.124556,19.440166,0.000000,-0.052106,25.903921,19.388062,-14.807546,10.100969,1.100000,1.073000
11.255852,7.489967,11.611820,7.946277,25.546005,0.000000,-0.076279,17.481810,0.000000,-0.097781,25.469727,17.384029,-8.597960,11.759789,1.100000,1.075000
10.083473,4.981636,10.524782,5.962458,23.154522,0.000000,-0.094566,13.117408,0.000000,-0.210176,23.059956,12.907231,15.831464,29.800800,1.100000,1.069000
7.906250,3.360199,8.798753,3.986110,19.357256,0.000000,-0.191250,8.769444,0.000000,-0.134124,19.166006,8.635320,13.764883,12.726980,1.100000,1.053000
4.555916,1.598057,5.918612,2.293931,13.020946,0.000000,-0.292006,5.046647,0.000000,-0.149116,12.728939,4.897532,23.737291,21.244047,1.100000,1.057000
1.325806,-1.156452,2.449848,-0.077254,5.389666,0.000000,-0.240866,-0.169959,0.000000,-0.231257,5.148799,-0.401216,16.627382,23.928528,1.100000,1.055000
-0.430420,-3.642395,0.236502,-2.638168,0.520305,0.000000,-0.142912,-5.803969,0.000000,-0.215191,0.377394,-6.019161,13.539574,41.957512,1.100000,1.060000
-0.661263,-5.703403,-0.594031,-4.990511,-1.306869,0.000000,-0.014407,-10.979124,0.000000,-0.152763,-1.321275,-11.131886,3.799690,20.274418,1.100000,1.077000
-0.247559,-5.822475,-0.325033,-5.670179,-0.715072,0.000000,0.016602,-12.474395,0.000000,-0.032635,-0.698471,-12.507030,11.269871,11.586828,1.100000,1.056000
-2.101143,-6.567699,-1.302100,-6.213770,-2.864620,0.000000,-0.171223,-13.670294,0.000000,-0.075842,-3.035844,-13.746136,19.356861,-2.809944,1.100000,1.068000
-3.653595,-6.366013,-3.255883,-6.562273,-7.162943,0.000000,-0.085224,-14.437000,0.000000,0.042056,-7.248167,-14.394944,2.116881,2.822807,1.100000,1.078000
-1.533722,-53.149559,-1.533722,-53.149559,-3.374188,0.000000,0.000000,-116.929031,0.000000,0.000000,-3.374188,-100.000000,-1.067520,-15.865005,1.100000,1.078000
-2.211113,-54.788887,-2.027952,-53.909950,-4.461495,0.000000,-0.039249,-118.601891,0.000000,-0.188345,-4.500743,-100.000000,-6.867862,2.784737,1.100000,1.060000
-0.683228,-56.757763,-1.308535,-56.202732,-2.878776,0.000000,0.133994,-123.646011,0.000000,-0.118937,-2.744782,-100.000000,-6.707805,-27.039225,1.100000,1.063000
1.804466,-56.441341,0.870723,-56.543308,1.915590,0.000000,0.200088,-124.395279,0.000000,0.021851,2.115677,-100.000000,-13.507238,-33.617664,1.100000,1.068000
5.305786,-55.371902,3.990716,-55.815586,8.779574,0.000000,0.281801,-122.794289,0.000000,0.095076,9.061376,-100.000000,-4.876134,-63.579937,1.100000,1.069000
7.477272,-53.417614,6.754677,-54.111546,14.860290,0.000000,0.154842,-119.045403,0.000000,0.148699,15.015131,-100.000000,5.403934,-78.703545,1.100000,1.079000
8.296875,-51.252232,7.848825,-52.177189,17.267414,0.000000,0.096011,-114.789818,0.000000,0.198206,17.363424,-100.000000,18.551613,-81.873009,1.100000,1.076000
8.523453,-47.337711,8.491879,-48.877769,18.682135,0.000000,0.006766,-107.531097,0.000000,0.330013,18.688900,-100.000000,13.543025,-76.490959,1.100000,1.072000
6.930908,-43.760002,7.451764,-45.139488,16.393881,0.000000,-0.111612,-99.306877,0.000000,0.295605,16.282269,-99.011276,27.260534,-76.018494,1.100000,1.068000
3.615250,-39.718086,4.891352,-41.292332,10.760974,0.000000,-0.273450,-90.843132,0.000000,0.337339,10.487524,-90.505791,32.936729,-93.939308,1.100000,1.062000
-1.619865,-33.917809,0.267964,-36.311264,0.589521,0.000000,-0.404535,-79.884781,0.000000,0.512884,0.184986,-79.371895,40.507267,-86.538368,1.100000,1.059000
-6.091064,-26.969646,-4.286659,-29.588650,-9.430650,0.000000,-0.386658,-65.095032,0.000000,0.561214,-9.817308,-64.533821,28.073021,-72.845551,1.100000,1.061000
-10.799675,-19.267651,-8.965305,-22.293272,-19.723673,0.000000,-0.393079,-49.045200,0.000000,0.648347,-20.116753,-48.396854,13.400581,-92.332703,1.100000,1.068000
-14.094368,-11.245033,-13.037040,-14.343909,-28.681488,0.000000,-0.226570,-31.556601,0.000000,0.664045,-28.908058,-30.892555,12.113214,-66.197937,1.100000,1.064000
-15.091507,-4.906864,-14.578992,-7.263936,-32.073784,0.000000,-0.109825,-15.980659,0.000000,0.505087,-32.183609,-15.475572,16.888256,-88.776413,1.100000,1.073000
-16.293045,0.433773,-15.894243,-1.657247,-34.967335,0.000000,-0.085458,-3.645944,0.000000,0.448076,-35.052792,-3.197869,-19.725250,-53.807022,1.100000,1.071000
-13.743332,5.480003,-14.804275,3.485599,-32.569405,0.000000,0.227345,7.668317,0.000000,0.427372,-32.342060,8.095689,-10.247297,-57.947166,1.100000,1.069000
-11.469116,10.000000,-12.327183,8.275625,-27.119802,0.000000,0.183871,18.206375,0.000000,0.369509,-26.935932,18.575884,-20.270382,-53.245712,1.100000,1.063000
-9.361664,13.138336,-10.164247,11.959935,-22.361343,0.000000,0.171982,26.311857,0.000000,0.252514,-22.189362,26.564371,-45.705463,-36.189625,1.100000,1.060000
-5.074875,15.089851,-6.840443,14.302794,-15.048975,0.000000,0.378336,31.466146,0.000000,0.168655,-14.670639,31.634802,-36.264793,-23.730274,1.100000,1.053000
0.000000,16.000000,-1.791246,15.683551,-3.940741,0.000000,0.383838,34.503811,0.000000,0.067811,-3.556903,34.571621,-34.651875,-12.479996,1.100000,1.050000
3.034767,14.937088,1.796528,15.376014,3.952361,0.000000,0.265337,33.827232,0.000000,-0.094056,4.217698,33.733177,-21.759697,-4.210335,1.100000,1.052000
5.615257,11.349915,4.545645,12.701440,10.000419,0.000000,0.229203,27.943169,0.000000,-0.289612,10.229621,27.653557,-22.320299,18.478954,1.100000,1.045000
8.000000,9.000000,7.219329,9.835817,15.882524,0.000000,0.167287,21.638798,0.000000,-0.179104,16.049810,21.459694,-9.606029,10.409046,1.100000,1.067000
10.055000,7.833336,9.288057,8.190212,20.433727,0.000000,0.164345,18.018467,0.000000,-0.076474,20.598072,17.941994,4.173751,13.054457,1.100000,1.071000
11.614120,6.940887,11.097404,7.400017,24.414288,0.000000,0.110725,16.280039,0.000000,-0.098385,24.525013,16.181654,10.704545,15.762899,1.100000,1.059000
9.949265,4.795418,10.675497,5.661477,23.486094,0.000000,-0.155621,12.455249,0.000000,-0.185584,23.330473,12.269665,16.578333,32.905586,1.100000,1.052000
6.332260,1.932259,7.712965,2.973856,16.968523,0.000000,-0.295866,6.542484,0.000000,-0.223199,16.672657,6.319285,17.871876,15.855733,1.100000,1.060000
1.571892,-0.066235,3.343525,0.714138,7.355754,0.000000,-0.379636,1.571103,0.000000,-0.167223,6.976119,1.403880,34.327572,20.214161,1.100000,1.054000
-1.843651,-2.644951,-0.591566,-1.560952,-1.301446,0.000000,-0.268304,-3.434095,0.000000,-0.232285,-1.569750,-3.666381,29.906538,3.926363,1.100000,1.077000
0.000000,0.000000,0.000000,0.000000,0.000000,0.000000,0.000000,0.000000,0.000000,0.000000,0.000000,0.000000,40.148308,10.962039,1.100000,1.080000
0.000000,0.000000,0.000000,0.000000,0.000000,0.000000,0.000000,0.000000,0.000000,0.000000,0.000000,0.000000,50.058159,7.427801,1.100000,1.075000
0.000000,0.000000,0.000000,0.000000,0.000000,0.000000,0.000000,0.000000,0.000000,0.000000,0.000000,0.000000,23.898224,13.859403,1.100000,1.075000
0.000000,0.000000,0.000000,0.000000,0.000000,0.000000,0.000000,0.000000,0.000000,0.000000,0.000000,0.000000,22.817308,10.163625,1.100000,1.067000
0.000000,0.000000,0.000000,0.000000,0.000000,0.000000,0.000000,0.000000,0.000000,0.000000,0.000000,0.000000,36.116051,1.433770,1.100000,1.065000
0.000000,0.000000,0.000000,0.000000,0.000000,0.000000,0.000000,0.000000,0.000000,0.000000,0.000000,0.000000,22.482513,5.626029,1.100000,1.071000
0.000000,0.000000,0.000000,0.000000,0.000000,0.000000,0.000000,0.000000,0.000000,0.000000,0.000000,0.000000,18.829779,1.573298,1.100000,1.078000
0.000000,0.000000,0.000000,0.000000,0.000000,0.000000,0.000000,0.000000,0.000000,0.000000,0.000000,0.000000,19.646721,3.936293,1.100000,1.066000
0.000000,0.000000,0.000000,0.000000,0.000000,0.000000,0.000000,0.000000,0.000000,0.000000,0.000000,0.000000,24.880453,4.699374,1.100000,1.066000
0.000000,0.000000,0.000000,0.000000,0.000000,0.000000,0.000000,0.000000,0.000000,0.000000,0.000000,0.000000,8.827634,-10.352016,1.100000,1.069000
0.000000,0.000000,0.000000,0.000000,0.000000,0.000000,0.000000,0.000000,0.000000,0.000000,0.000000,0.000000,28.880915,7.229105,1.100000,1.070000
0.000000,0.000000,0.000000,0.000000,0.000000,0.000000,0.000000,0.000000,0.000000,0.000000,0.000000,0.000000,10.352474,0.047079,1.100000,1.068000
0.000000,0.000000,0.000000,0.000000,0.000000,0.000000,0.000000,0.000000,0.000000,0.000000,0.000000,0.000000,18.663692,3.982160,1.100000,1.066000
0.000000,0.000000,0.000000,0.000000,0.000000,0.000000,0.000000,0.000000,0.000000,0.000000,0.000000,0.000000,28.249573,-2.647327,1.100000,1.070000
0.000000,0.000000,0.000000,0.000000,0.000000,0.000000,0.000000,0.000000,0.000000,0.000000,0.000000,0.000000,8.854233,-7.872871,1.100000,1.076000
0.000000,0.000000,0.000000,0.000000,0.000000,0.000000,0.000000,0.000000,0.000000,0.000000,0.000000,0.000000,17.964237,2.406209,1.100000,1.075000
0.000000,0.000000,0.000000,0.000000,0.000000,0.000000,0.000000,0.000000,0.000000,0.000000,0.000000,0.000000,9.874392,-5.648923,1.100000,1.070000
0.000000,0.000000,0.000000,0.000000,0.000000,0.000000,0.000000,0.000000,0.000000,0.000000,0.000000,0.000000,28.729008,-10.217933,1.100000,1.070000
0.000000,0.000000,0.000000,0.000000,0.000000,0.000000,0.000000,0.000000,0.000000,0.000000,0.000000,0.000000,35.029034,3.845381,1.100000,1.066000
0.000000,0.000000,0.000000,0.000000,0.000000,0.000000,0.000000,0.000000,0.000000,0.000000,0.000000,0.000000,8.962856,-15.699919,1.100000,1.072000
0.000000,0.000000,0.000000,0.000000,0.000000,0.000000,0.000000,0.000000,0.000000,0.000000,0.000000,0.000000,-9.225954,2.952592,1.100000,1.077000
0.000000,0.000000,0.000000,0.000000,0.000000,0.000000,0.000000,0.000000,0.000000,0.000000,0.000000,0.000000,0.643888,-22.107718,1.100000,1.070000
0.000000,0.000000,0.000000,0.000000,0.000000,0.000000,0.000000,0.000000,0.000000,0.000000,0.000000,0.000000,3.561059,-8.050701,1.100000,1.069000
0.000000,0.000000,0.000000,0.000000,0.000000,0.000000,0.000000,0.000000,0.000000,0.000000,0.000000,0.000000,-4.312307,1.637332,1.100000,1.066000
0.000000,0.000000,0.000000,0.000000,0.000000,0.000000,0.000000,0.000000,0.000000,0.000000,0.000000,0.000000,9.364741,-6.304733,1.100000,1.070000
0.000000,0.000000,0.000000,0.000000,0.000000,0.000000,0.000000,0.000000,0.000000,0.000000,0.000000,0.000000,-21.715679,-5.660002,1.100000,1.066000
0.000000,0.000000,0.000000,0.000000,0.000000,0.000000,0.000000,0.000000,0.000000,0.000000,0.000000,0.000000,3.521390,-13.113432,1.100000,1.069000
0.000000,0.000000,0.000000,0.000000,0.000000,0.000000,0.000000,0.000000,0.000000,0.000000,0.000000,0.000000,0.783401,-14.241299,1.100000,1.070000
0.000000,0.000000,0.000000,0.000000,0.000000,0.000000,0.000000,0.000000,0.000000,0.000000,0.000000,0.000000,-32.530678,-20.946239,1.100000,1.070000
0.000000,0.000000,0.000000,0.000000,0.000000,0.000000,0.000000,0.000000,0.000000,0.000000,0.000000,0.000000,-22.849791,-1.034912,1.100000,1.072000
0.000000,0.000000,0.000000,0.000000,0.000000,0.000000,0.000000,0.000000,0.000000,0.000000,0.000000,0.000000,-46.143009,-22.022564,1.100000,1.076000
0.000000,0.000000,0.000000,0.000000,0.000000,0.000000,0.000000,0.000000,0.000000,0.000000,0.000000,0.000000,-11.658794,-4.643571,1.100000,1.071000
0.000000,0.000000,0.000000,0.000000,0.000000,0.000000,0.000000,0.000000,0.000000,0.000000,0.000000,0.000000,-17.863785,-4.208166,1.100000,1.068000
0.000000,0.000000,0.000000,0.000000,0.000000,0.000000,0.000000,0.000000,0.000000,0.000000,0.000000,0.000000,-24.949039,6.504553,1.100000,1.077000
0.000000,0.000000,0.000000,0.000000,0.000000,0.000000,0.000000,0.000000,0.000000,0.000000,0.000000,0.000000,-34.630482,-3.494732,1.100000,1.078000
0.000000,0.000000,0.000000,0.000000,0.000000,0.000000,0.000000,0.000000,0.000000,0.000000,0.000000,0.000000,-16.299919,-8.273670,1.100000,1.077000
0.000000,0.000000,0.000000,0.000000,0.000000,0.000000,0.000000,0.000000,0.000000,0.000000,0.000000,0.000000,-14.103280,0.094086,1.100000,1.073000
0.000000,0.000000,0.000000,0.000000,0.000000,0.000000,0.000000,0.000000,0.000000,0.000000,0.000000,0.000000,-14.042910,-14.206738,1.100000,1.072000
0.000000,0.000000,0.000000,0.000000,0.000000,0.000000,0.000000,0.000000,0.000000,0.000000,0.000000,0.000000,-12.152524,-0.577232,1.100000,1.068000
0.000000,0.000000,0.000000,0.000000,0.000000,0.000000,0.000000,0.000000,0.000000,0.000000,0.000000,0.000000,-42.337276,-28.276859,1.100000,1.065000
0.000000,0.000000,0.000000,0.000000,0.000000,0.000000,0.000000,0.000000,0.000000,0.000000,0.000000,0.000000,-18.065460,-18.857431,1.100000,1.067000
0.000000,0.000000,0.000000,0.000000,0.000000,0.000000,0.000000,0.000000,0.000000,0.000000,0.000000,0.000000,-10.092920,-11.542780,1.100000,1.066000
0.000000,0.000000,0.000000,0.000000,0.000000,0.000000,0.000000,0.000000,0.000000,0.000000,0.000000,0.000000,-16.302052,-24.498957,1.100000,1.064000
0.000000,0.000000,0.000000,0.000000,0.000000,0.000000,0.000000,0.000000,0.000000,0.000000,0.000000,0.000000,-7.134880,-17.504925,1.100000,1.062000
0.000000,0.000000,0.000000,0.000000,0.000000,0.000000,0.000000,0.000000,0.000000,0.000000,0.000000,0.000000,-13.756411,-14.472386,1.100000,1.065000
0.000000,0.000000,0.000000,0.000000,0.000000,0.000000,0.000000,0.000000,0.000000,0.000000,0.000000,0.000000,-5.512126,-13.256654,1.100000,1.066000
0.000000,0.000000,0.000000,0.000000,0.000000,0.000000,0.000000,0.000000,0.000000,0.000000,0.000000,0.000000,-13.347103,-1.869779,1.100000,1.066000
0.000000,0.000000,0.000000,0.000000,0.000000,0.000000,0.000000,0.000000,0.000000,0.000000,0.000000,0.000000,-12.162993,-20.189764,1.100000,1.071000
0.000000,0.000000,0.000000,0.000000,0.000000,0.000000,0.000000,0.000000,0.000000,0.000000,0.000000,0.000000,-40.135880,-25.789948,1.100000,1.069000
-19.636360,-59.181820,-20.550308,-59.384243,-45.210678,0.000000,0.195846,-130.645340,0.000000,0.043377,-45.014832,-100.000000,-15.619571,-17.710707,1.100000,1.071000
0.000000,0.000000,0.000000,0.000000,0.000000,0.000000,0.000000,0.000000,0.000000,0.000000,0.000000,0.000000,-21.111473,-21.032722,1.100000,1.075000
-19.777779,-59.222221,-19.777779,-59.222221,-43.511112,0.000000,0.000000,-130.288895,0.000000,0.000000,-43.511112,-100.000000,-13.853826,-4.872315,1.100000,1.080000
0.000000,0.000000,0.000000,0.000000,0.000000,0.000000,0.000000,0.000000,0.000000,0.000000,0.000000,0.000000,-19.054796,-9.541288,1.100000,1.083000
0.000000,0.000000,0.000000,0.000000,0.000000,0.000000,0.000000,0.000000,0.000000,0.000000,0.000000,0.000000,-38.335598,-32.846199,1.100000,1.087000
-17.550003,-58.875000,-17.934856,-59.252316,-39.456684,0.000000,0.082468,-130.355103,0.000000,0.080853,-39.374218,-100.000000,-19.838356,-16.831018,1.100000,1.085000
0.000000,0.000000,0.000000,0.000000,0.000000,0.000000,0.000000,0.000000,0.000000,0.000000,0.000000,0.000000,-34.466129,-29.465290,1.100000,1.080000
-16.500000,-60.000000,-16.500000,-60.000000,-36.299999,0.000000,0.000000,-132.000000,0.000000,0.000000,-36.299999,-100.000000,-16.635872,-24.409781,1.100000,1.082000
-14.538460,-58.948719,-15.162477,-59.038666,-33.357449,0.000000,0.133718,-129.885071,0.000000,0.019276,-33.223732,-100.000000,-21.040047,-58.763626,1.100000,1.076000
-13.750000,-59.750000,-13.892268,-59.711124,-30.562990,0.000000,0.030486,-131.364471,0.000000,-0.008331,-30.532505,-100.000000,-36.595642,-42.103138,1.100000,1.080000
-12.000000,-59.193550,-12.604135,-59.384399,-27.729097,0.000000,0.129457,-130.645676,0.000000,0.040897,-27.599640,-100.000000,-47.254272,-67.166550,1.100000,1.085000
-10.000000,-58.740742,-10.664880,-58.908859,-23.462736,0.000000,0.142474,-129.599487,0.000000,0.036026,-23.320263,-100.000000,-36.169106,-75.516342,1.100000,1.088000
-9.000000,-57.925533,-9.531428,-58.243019,-20.969143,0.000000,0.113878,-128.134644,0.000000,0.068031,-20.855265,-100.000000,-35.849903,-90.166138,1.100000,1.081000
-8.062859,-56.371429,-8.339067,-56.930676,-18.345949,0.000000,0.059188,-125.247490,0.000000,0.119839,-18.286762,-100.000000,-28.122248,-99.396973,1.100000,1.083000
-7.638657,-55.256302,-7.988402,-55.783127,-17.574486,0.000000,0.074945,-122.722885,0.000000,0.112892,-17.499540,-100.000000,-6.766386,-105.254021,1.100000,1.075000
-7.037460,-53.247837,-7.167355,-53.942120,-15.768181,0.000000,0.027835,-118.672668,0.000000,0.148775,-15.740346,-100.000000,-17.223974,-89.302170,1.100000,1.076000
-8.098358,-51.435596,-7.700357,-52.209015,-16.940786,0.000000,-0.085286,-114.859833,0.000000,0.165731,-17.026072,-100.000000,-46.677589,-83.634331,1.100000,1.081000
-8.216637,-47.495163,-8.286951,-49.107925,-18.231293,0.000000,0.015067,-108.037437,0.000000,0.345592,-18.216227,-100.000000,-15.297111,-110.220032,1.100000,1.078000
-9.428299,-41.005661,-8.984599,-43.366905,-19.766119,0.000000,-0.095078,-95.407196,0.000000,0.505981,-19.861197,-94.901215,-14.944157,-86.662910,1.100000,1.077000
-10.632248,-36.199276,-10.212030,-38.092403,-22.466467,0.000000,-0.090046,-83.803291,0.000000,0.405670,-22.556513,-83.397621,-14.173037,-113.924309,1.100000,1.075000
-10.058624,-27.736206,-10.318865,-31.109900,-22.701504,0.000000,0.055766,-68.441780,0.000000,0.722934,-22.645739,-67.718849,-20.500362,-111.562119,1.100000,1.079000
-8.596313,-18.402012,-9.192580,-21.905903,-20.223677,0.000000,0.127771,-48.192986,0.000000,0.750833,-20.095905,-47.442154,-10.200735,-98.288132,1.100000,1.078000
-7.147781,-10.761906,-7.628599,-13.799787,-16.782919,0.000000,0.103032,-30.359531,0.000000,0.650975,-16.679886,-29.708557,-16.857609,-87.884560,1.100000,1.078000
-6.665016,-2.785477,-6.939754,-5.847206,-15.267460,0.000000,0.058872,-12.863853,0.000000,0.656085,-15.208588,-12.207767,-11.319698,-79.679276,1.100000,1.083000
-5.959999,4.053337,-6.148461,1.541316,-13.526614,0.000000,0.040385,3.390896,0.000000,0.538290,-13.486230,3.929186,-4.373273,-67.971008,1.100000,1.084000
-5.595039,7.952065,-5.688611,6.402412,-12.514944,0.000000,0.020051,14.085306,0.000000,0.332068,-12.494893,14.417375,-13.713221,-43.665447,1.100000,1.083000
-5.641197,10.647842,-5.767312,9.583639,-12.688087,0.000000,0.027025,21.084007,0.000000,0.228044,-12.661062,21.312050,-15.095343,-48.555191,1.100000,1.076000
-2.908638,11.953491,-3.968812,11.395370,-8.731387,0.000000,0.227180,25.069813,0.000000,0.119597,-8.504207,25.189409,-20.439507,-20.663542,1.100000,1.073000
0.042084,11.951180,-0.996562,11.941381,-2.192436,0.000000,0.222567,26.271038,0.000000,0.002100,-1.969869,26.273138,-17.801952,-4.200129,1.100000,1.076000
1.525169,11.036911,1.017806,11.365246,2.239174,0.000000,0.108721,25.003542,0.000000,-0.070358,2.347894,24.933184,-20.444414,-2.569357,1.100000,1.077000
2.042084,10.048820,1.835999,10.373404,4.039197,0.000000,0.044161,22.821487,0.000000,-0.069553,4.083358,22.751934,-22.910892,12.773733,1.100000,1.082000
4.678391,8.934677,3.660746,9.427423,8.053641,0.000000,0.218067,20.740330,0.000000,-0.105588,8.271708,20.634741,-26.692984,9.366307,1.100000,1.085000
6.481606,7.003342,5.897604,7.667344,12.974729,0.000000,0.125143,16.868156,0.000000,-0.142286,13.099872,16.725870,-12.786949,14.517954,1.100000,1.071000
5.911072,5.050339,6.024065,5.939479,13.252943,0.000000,-0.024213,13.066854,0.000000,-0.190530,13.228730,12.876324,-6.479338,31.677761,1.100000,1.092000
5.416946,2.039867,5.542913,3.137127,12.194408,0.000000,-0.026993,6.901680,0.000000,-0.235127,12.167416,6.666553,-9.847458,6.575677,1.100000,1.087000
6.029854,0.369816,5.870607,1.044461,12.915336,0.000000,0.034124,2.297815,0.000000,-0.144567,12.949460,2.153248,-1.865849,14.051387,1.100000,1.100000
5.453201,-0.270935,5.656688,-0.043049,12.444715,0.000000,-0.043604,-0.094709,0.000000,-0.048833,12.401111,-0.143541,-2.453133,8.214181,1.100000,1.096000
4.605614,-0.282177,4.900333,-0.230350,10.780733,0.000000,-0.063154,-0.506771,0.000000,-0.011106,10.717579,-0.517877,-12.246760,-5.014981,1.100000,1.077000
5.407288,0.965233,4.985040,0.330908,10.967089,0.000000,0.090482,0.727997,0.000000,0.135927,11.057570,0.863923,-7.646385,-0.827023,1.100000,1.085000
7.447586,2.226288,6.686090,1.832674,14.709397,0.000000,0.163178,4.031883,0.000000,0.084346,14.872575,4.116229,-9.017006,-0.961691,1.100000,1.094000
-57.029327,7.431084,-57.029327,7.431084,-125.464523,0.000000,0.000000,16.348385,0.000000,0.000000,-100.000000,16.348385,-5.123496,-11.942117,1.100000,1.095000
-59.976261,7.264091,-58.346748,7.158822,-128.362854,0.000000,-0.367560,15.749409,0.000000,0.023745,-100.000000,15.773153,1.581200,-19.713829,1.100000,1.100000
-67.721802,8.507523,-65.169785,8.136492,-143.373535,0.000000,-0.546863,17.900282,0.000000,0.079506,-100.000000,17.979788,-22.799007,-4.905509,1.100000,1.106000
-67.693382,8.233452,-67.727463,8.414702,-149.000427,0.000000,0.007305,18.512346,0.000000,-0.038839,-100.000000,18.473507,-46.290302,-7.263106,1.100000,1.112000
-64.442772,7.512047,-65.606850,7.692813,-144.335068,0.000000,0.249443,16.924189,0.000000,-0.038736,-100.000000,16.885452,-60.785278,-13.348509,1.100000,1.100000
-61.800541,7.185982,-62.769379,7.231154,-138.092636,0.000000,0.207607,15.908540,0.000000,-0.009680,-100.000000,15.898860,-74.527534,-21.003330,1.100000,1.100000
-59.530613,6.647957,-60.445892,6.930613,-132.980972,0.000000,0.196133,15.247349,0.000000,-0.060569,-100.000000,15.186780,-94.066612,7.432177,1.100000,1.094000
-57.195652,4.983093,-58.141785,5.645038,-127.911926,0.000000,0.202744,12.419085,0.000000,-0.141845,-100.000000,12.277239,-82.705574,9.581083,1.100000,1.101000
-54.932243,3.859814,-55.937481,4.252549,-123.062462,0.000000,0.215408,9.355608,0.000000,-0.084158,-100.000000,9.271450,-90.153557,9.652457,1.100000,1.105000
-51.263039,2.836735,-52.594982,3.197695,-115.708961,0.000000,0.285418,7.034930,0.000000,-0.077349,-100.000000,6.957582,-106.890602,3.323472,1.100000,1.097000
-48.065647,2.242889,-49.276482,2.394606,-108.408264,0.000000,0.259464,5.268134,0.000000,-0.032511,-100.000000,5.235623,-99.936874,-9.857821,1.100000,1.097000
-44.671612,2.809322,-46.114559,2.552986,-101.452034,0.000000,0.309202,5.616569,0.000000,0.054929,-100.000000,5.671498,-93.727348,-7.359812,1.100000,1.103000
-41.445583,3.669403,-42.648430,3.388522,-93.826546,0.000000,0.257751,7.454748,0.000000,0.060189,-93.568794,7.514936,-100.677399,30.088463,1.100000,1.104000
-37.820717,1.830677,-39.336987,2.653073,-86.541374,0.000000,0.324915,5.836761,0.000000,-0.176228,-86.216461,5.660534,-81.931107,-20.332310,1.100000,1.105000
-34.803501,0.033073,-35.899464,0.588363,-78.978821,0.000000,0.234850,1.294399,0.000000,-0.118991,-78.743973,1.175408,-89.067101,5.194289,1.100000,1.104000
-29.582870,-1.445065,-31.568518,-0.878838,-69.450737,0.000000,0.425496,-1.933443,0.000000,-0.121334,-69.025238,-2.054777,-94.638809,26.363661,1.100000,1.106000
-24.551285,-3.437729,-26.565788,-2.670320,-58.444736,0.000000,0.431679,-5.874704,0.000000,-0.164445,-58.013058,-6.039149,-86.848564,22.218025,1.100000,1.097000
-19.191147,-4.628319,-21.250204,-4.190564,-46.750450,0.000000,0.441227,-9.219240,0.000000,-0.093805,-46.309223,-9.313045,-84.913193,18.745953,1.100000,1.098000
-12.584190,-5.281788,-15.198112,-5.049682,-33.435844,0.000000,0.560126,-11.109300,0.000000,-0.049737,-32.875717,-11.159037,-63.566566,16.731342,1.100000,1.101000
-7.463623,-6.015228,-9.394736,-5.649230,-20.668421,0.000000,0.413810,-12.428307,0.000000,-0.078428,-20.254610,-12.506735,-48.843391,14.741158,1.100000,1.103000
-2.661133,-7.551495,-4.632496,-7.061600,-10.191491,0.000000,0.422435,-15.535520,0.000000,-0.104978,-9.769056,-15.640497,-65.582970,8.363252,1.100000,1.099000
2.257050,-7.562187,0.364376,-7.433117,0.801628,0.000000,0.405573,-16.352858,0.000000,-0.027658,1.207200,-16.380516,-24.628815,3.211215,1.100000,1.117000
5.323334,-8.286667,4.216486,-8.010227,9.276271,0.000000,0.237182,-17.622499,0.000000,-0.059237,9.513453,-17.681736,-27.929234,6.997401,1.100000,1.118000
5.882057,-9.212624,5.572967,-8.891862,12.260527,0.000000,0.066234,-19.562098,0.000000,-0.068735,12.326760,-19.630833,1.463512,5.893750,1.100000,1.121000
5.463814,-10.381580,5.671474,-9.880864,12.477242,0.000000,-0.044499,-21.737902,0.000000,-0.107296,12.432743,-21.845198,11.694373,6.228841,1.100000,1.103000
2.212624,-11.500000,3.469068,-11.139957,7.631949,0.000000,-0.269238,-24.507906,0.000000,-0.077152,7.362711,-24.585058,29.512356,12.321482,1.100000,1.104000
-3.107971,-11.303986,-1.057300,-11.291780,-2.326061,0.000000,-0.439429,-24.841917,0.000000,-0.002615,-2.765490,-24.844532,37.448677,-11.951603,1.100000,1.108000
-7.611115,-8.712120,-5.944327,-9.745636,-13.077519,0.000000,-0.357169,-21.440399,0.000000,0.221467,-13.434689,-21.218931,42.925285,-5.988837,1.100000,1.107000
-13.387650,-5.668953,-10.949450,-6.722010,-24.088791,0.000000,-0.522471,-14.788422,0.000000,0.225655,-24.611261,-14.562767,43.662476,-4.723430,1.100000,1.111000
-19.963478,-5.478260,-17.465158,-5.545509,-38.423351,0.000000,-0.535354,-12.200120,0.000000,0.014410,-38.958706,-12.185710,46.452179,-2.944659,1.100000,1.111000
-24.752213,-4.458408,-22.991840,-4.905686,-50.582050,0.000000,-0.377223,-10.792509,0.000000,0.095845,-50.959274,-10.696664,42.560627,-0.683913,1.100000,1.105000
-27.184723,-2.811722,-26.237635,-3.394593,-57.722797,0.000000,-0.202948,-7.468105,0.000000,0.124901,-57.925743,-7.343204,0.006763,-8.756385,1.100000,1.110000
-28.012321,-2.427818,-27.742798,-2.520535,-61.034157,0.000000,-0.057755,-5.545177,0.000000,0.019868,-61.091911,-5.525310,4.812675,-15.390138,1.100000,1.106000
-26.619644,-2.528572,-27.271851,-2.544420,-59.998074,0.000000,0.139759,-5.597724,0.000000,0.003396,-59.858315,-5.594328,-36.160927,-14.773808,1.100000,1.110000
-22.899117,-1.743362,-24.362947,-2.084798,-53.598484,0.000000,0.313678,-4.586556,0.000000,0.073165,-53.284805,-4.513391,-29.677057,-5.160326,1.100000,1.118000
-18.000000,0.584209,-19.799980,-0.225404,-43.559956,0.000000,0.385710,-0.495890,0.000000,0.173489,-43.174248,-0.322401,-24.305826,4.998099,1.100000,1.119000
-13.960480,1.792095,-15.599301,1.349011,-34.318462,0.000000,0.351176,2.967824,0.000000,0.094947,-33.967285,3.062771,-57.222183,-2.144062,1.100000,1.115000
-9.573853,2.202038,-11.310698,2.034986,-24.883535,0.000000,0.372181,4.476970,0.000000,0.035797,-24.511354,4.512767,-42.512783,2.549483,1.100000,1.104000
-4.722687,2.937817,-6.609139,2.640771,-14.540106,0.000000,0.404240,5.809697,0.000000,0.063653,-14.135866,5.873349,-36.487564,10.931094,1.100000,1.107000
-0.579735,2.340530,-2.184154,2.638076,-4.805138,0.000000,0.343804,5.803767,0.000000,-0.063760,-4.461334,5.740007,-61.792305,-2.708244,1.100000,1.105000
2.626869,1.049751,1.244034,1.528249,2.736876,0.000000,0.296322,3.362148,0.000000,-0.102535,3.033197,3.259613,-34.325012,8.220723,1.100000,1.099000
4.560852,-0.370068,3.973161,0.301285,8.740953,0.000000,0.125934,0.662826,0.000000,-0.143861,8.866887,0.518965,-3.127250,7.124540,1.100000,1.106000
4.334976,-2.121510,4.407184,-1.467950,9.695806,0.000000,-0.015473,-3.229490,0.000000,-0.140049,9.680332,-3.369538,4.092702,-2.807842,1.100000,1.104000
4.744263,-3.193443,4.585372,-2.801294,10.087818,0.000000,0.034048,-6.162846,0.000000,-0.084032,10.121866,-6.246878,12.665844,7.752758,1.100000,1.114000
4.295563,-4.839081,4.576149,-4.272321,10.067527,0.000000,-0.060126,-9.399107,0.000000,-0.121449,10.007401,-9.520555,7.502150,6.785361,1.100000,1.102000
2.450493,-5.757427,3.218806,-5.432436,7.081372,0.000000,-0.164638,-11.951359,0.000000,-0.069641,6.916734,-12.021000,23.457010,4.754798,1.100000,1.098000
-2.327812,-6.165562,-0.522345,-6.005818,-1.149159,0.000000,-0.386886,-13.212800,0.000000,-0.034231,-1.536045,-13.247031,34.924770,-7.179411,1.100000,1.077000
-6.651588,-4.849247,-5.059115,-5.392603,-11.130054,0.000000,-0.341244,-11.863728,0.000000,0.116433,-11.471298,-11.747294,30.984095,-1.486914,1.100000,1.104000
-11.905334,-3.567986,-9.868503,-4.012032,-21.710707,0.000000,-0.436464,-8.826469,0.000000,0.095153,-22.147171,-8.731317,45.866997,-13.930443,1.100000,1.111000
-16.970436,-1.963478,-15.093855,-2.592353,-33.206482,0.000000,-0.402125,-5.703177,0.000000,0.134759,-33.608608,-5.568419,15.954337,-12.384335,1.100000,1.106000
-18.454384,0.942104,-17.915905,-0.158882,-39.414993,0.000000,-0.115389,-0.349539,0.000000,0.235926,-39.530380,-0.113614,16.450150,-18.185940,1.100000,1.119000
-19.608849,2.598228,-19.081762,1.980345,-41.979877,0.000000,-0.112947,4.356758,0.000000,0.132404,-42.092823,4.489162,13.093699,-29.012022,1.100000,1.112000
-21.076378,4.539963,-20.631117,3.774173,-45.388458,0.000000,-0.095413,8.303180,0.000000,0.164098,-45.483871,8.467278,7.928750,-12.594577,1.100000,1.105000
-19.535583,5.754448,-20.147791,5.292181,-44.325142,0.000000,0.131187,11.642797,0.000000,0.099057,-44.193954,11.741855,-7.547909,-7.962188,1.100000,1.112000
-17.141075,6.198212,-17.919235,6.142179,-39.422318,0.000000,0.166748,13.512795,0.000000,0.012007,-39.255569,13.524802,-14.345531,-13.743176,1.100000,1.113000
-15.860718,6.400002,-16.529434,6.214108,-36.364758,0.000000,0.143296,13.671037,0.000000,0.039834,-36.221462,13.710871,-31.447599,-17.898827,1.100000,1.129000
-13.939713,7.207443,-14.629522,6.909536,-32.184948,0.000000,0.147817,15.200979,0.000000,0.063837,-32.037132,15.264816,-13.266747,-2.103034,1.100000,1.121000
-13.707016,7.008774,-13.863931,7.100718,-30.500648,0.000000,0.033625,15.621579,0.000000,-0.019702,-30.467024,15.601877,0.946082,2.460855,1.100000,1.117000
-13.141342,6.501770,-13.315390,6.717742,-29.293858,0.000000,0.037296,14.779034,0.000000,-0.046280,-29.256561,14.732754,1.736398,26.474874,1.100000,1.100000
-13.614708,4.777580,-13.459079,5.453674,-29.609974,0.000000,-0.033349,11.998083,0.000000,-0.144877,-29.643322,11.853206,-3.345211,20.483616,1.100000,1.096000
-13.923347,4.217773,-13.752336,4.301326,-30.255138,0.000000,-0.036645,9.462918,0.000000,-0.017904,-30.291784,9.445014,-10.109764,6.930826,1.100000,1.092000
-15.991257,4.601402,-15.337358,4.503716,-33.742188,0.000000,-0.140121,9.908175,0.000000,0.020933,-33.882309,9.929109,2.178848,8.962757,1.100000,1.097000
-17.274651,4.554581,-16.876837,4.563153,-37.129044,0.000000,-0.085246,10.038937,0.000000,-0.001837,-37.214291,10.037100,-7.672914,16.040478,1.100000,1.096000
-17.516693,3.702988,-17.404459,4.078622,-38.289810,0.000000,-0.024051,8.972969,0.000000,-0.080493,-38.313862,8.892476,-9.454386,13.925558,1.100000,1.101000
-16.947739,1.921604,-17.171232,2.550715,-37.776711,0.000000,0.047892,5.611574,0.000000,-0.134809,-37.728821,5.476765,-5.775510,6.022888,1.100000,1.104000
-24.141541,47.569229,-24.141541,47.569229,-53.111389,0.000000,0.000000,104.652306,0.000000,0.000000,-53.111389,100.000000,14.565157,18.137445,1.100000,1.150000
-26.455925,48.252281,-25.271597,47.730690,-55.597515,0.000000,-0.253784,105.007523,0.000000,0.111771,-55.851299,100.000000,5.560659,45.549297,1.100000,1.147000
-31.665504,50.731705,-30.050852,50.148682,-66.111877,0.000000,-0.345997,110.327103,0.000000,0.124933,-66.457870,100.000000,14.580537,46.024879,1.100000,1.137000
-34.071671,50.515358,-33.073803,50.488941,-72.762367,0.000000,-0.213829,111.075676,0.000000,0.005661,-72.976196,100.000000,32.031807,42.770988,1.100000,1.125000
-36.288754,48.945290,-35.525757,49.565968,-78.156670,0.000000,-0.163500,109.045128,0.000000,-0.133003,-78.320168,100.000000,10.619585,67.687424,1.100000,1.134000
-36.843136,46.708687,-37.099701,47.654125,-81.619347,0.000000,0.054977,104.839081,0.000000,-0.202593,-81.564369,100.000000,20.353455,60.403633,1.100000,1.147000
-38.703999,44.538666,-37.979641,45.425816,-83.555214,0.000000,-0.155220,99.936798,0.000000,-0.190104,-83.710434,99.746696,-0.960488,63.261250,1.100000,1.147000
-40.007832,41.577026,-39.644356,42.792011,-87.217583,0.000000,-0.077888,94.142426,0.000000,-0.260353,-87.295471,93.882072,-3.512346,113.225151,1.100000,1.138000
-40.516293,36.155388,-40.295731,38.232361,-88.650612,0.000000,-0.047264,84.111198,0.000000,-0.445066,-88.697876,83.666130,-14.555813,121.629646,1.100000,1.136000
-42.120392,32.058968,-41.599007,33.716190,-91.517815,0.000000,-0.111725,74.175621,0.000000,-0.355120,-91.629539,73.820503,-4.862937,116.106010,1.100000,1.124000
-44.234299,27.731888,-43.346256,29.398281,-95.361763,0.000000,-0.190294,64.676216,0.000000,-0.357084,-95.552055,64.319130,-1.337803,109.411034,1.100000,1.118000
-46.569046,22.811905,-45.705940,24.565279,-100.553070,0.000000,-0.184950,54.043613,0.000000,-0.375723,-100.000000,53.667892,-14.183285,81.554543,1.100000,1.115000
-47.267281,19.470047,-46.982582,20.750261,-103.361679,0.000000,-0.061007,45.650578,0.000000,-0.274332,-100.000000,45.376247,-31.465981,96.143181,1.100000,1.124000
-47.300224,15.656883,-47.248749,17.200850,-103.947250,0.000000,-0.011030,37.841869,0.000000,-0.330850,-100.000000,37.511021,-33.371258,71.548470,1.100000,1.126000
-46.480175,12.823792,-46.816181,13.942792,-102.995598,0.000000,0.072002,30.674143,0.000000,-0.239786,-100.000000,30.434357,-53.636902,75.704781,1.100000,1.130000
-45.302174,9.454346,-45.695961,10.785463,-100.531113,0.000000,0.084383,23.728020,0.000000,-0.285240,-100.000000,23.442780,-36.579910,73.387749,1.100000,1.123000
-44.921940,5.605484,-45.213593,7.085098,-99.469902,0.000000,0.062498,15.587216,0.000000,-0.317060,-99.407402,15.270156,-44.367107,61.167149,1.100000,1.110000
-41.907974,2.997955,-43.088978,3.972488,-94.795753,0.000000,0.253073,8.739473,0.000000,-0.208828,-94.542679,8.530645,-58.537342,48.588741,1.100000,1.105000
-38.515030,0.721443,-39.705326,1.637102,-87.351723,0.000000,0.255064,3.601624,0.000000,-0.196213,-87.096657,3.405411,-69.690231,41.675560,1.100000,1.103000
-34.776470,-2.764706,-36.790157,-1.334349,-80.938347,0.000000,0.431503,-2.935568,0.000000,-0.306505,-80.506844,-3.242073,-85.998306,33.338913,1.100000,1.104000
-31.553230,-6.300381,-33.452293,-4.765964,-73.595047,0.000000,0.406942,-10.485121,0.000000,-0.328804,-73.188103,-10.813924,-50.014263,17.292276,1.100000,1.102000
-26.521255,-9.332718,-28.927988,-8.145729,-63.641575,0.000000,0.515729,-17.920605,0.000000,-0.254354,-63.125847,-18.174959,-62.271893,29.668983,1.100000,1.104000
-22.085869,-12.169945,-23.842978,-10.940236,-52.454552,0.000000,0.376523,-24.068520,0.000000,-0.263509,-52.078030,-24.332027,-53.872337,3.927332,1.100000,1.104000
-18.158730,-14.507938,-19.736193,-13.677914,-43.419624,0.000000,0.338028,-30.091412,0.000000,-0.177863,-43.081596,-30.269274,-59.279762,8.665508,1.100000,1.106000
-12.051727,-15.039654,-14.441777,-14.764667,-31.771910,0.000000,0.512154,-32.482265,0.000000,-0.058926,-31.259756,-32.541191,-69.637482,4.846756,1.100000,1.103000
-7.575089,-15.849831,-9.114062,-15.584950,-20.050938,0.000000,0.329780,-34.286892,0.000000,-0.056760,-19.721157,-34.343651,-34.460480,2.189750,1.100000,1.103000
-6.294716,-17.027256,-6.875743,-16.486900,-15.126636,0.000000,0.124506,-36.271183,0.000000,-0.115790,-15.002130,-36.386974,-47.361229,-0.501425,1.100000,1.101000
-3.848488,-17.582493,-4.900320,-17.514505,-10.780704,0.000000,0.225393,-38.531914,0.000000,-0.014568,-10.555312,-38.546482,-11.056761,-6.700552,1.100000,1.099000
-3.848488,-17.582493,-4.900320,-17.514505,-10.780704,0.000000,0.225393,-38.531914,0.000000,-0.014568,-10.555312,-38.546482,-11.056761,-6.700552,1.100000,1.099000
-2.206665,-13.966667,-2.118109,-15.169646,-4.659839,0.000000,-0.015814,-33.373222,0.000000,0.214818,-4.675653,-33.158405,-4.677204,-36.230789,1.100000,1.089000
-3.616531,-9.963634,-3.118201,-11.631556,-6.860044,0.000000,-0.106785,-25.589422,0.000000,0.357411,-6.966828,-25.232012,7.311268,-39.901863,1.100000,1.090000
-4.420265,-5.033222,-4.060908,-6.790255,-8.933998,0.000000,-0.077005,-14.938560,0.000000,0.376507,-9.011003,-14.562054,14.292092,-41.404060,1.100000,1.079000
-6.370621,-1.554256,-5.575496,-2.840454,-12.266092,0.000000,-0.170384,-6.248998,0.000000,0.275614,-12.436476,-5.973384,15.222812,-19.266945,1.100000,1.085000
-9.617844,0.765995,-8.475116,-0.278015,-18.645256,0.000000,-0.244870,-0.611632,0.000000,0.223716,-18.890127,-0.387916,27.975599,-12.290045,1.100000,1.087000
-12.771187,2.057629,-11.478601,1.639126,-25.252922,0.000000,-0.276983,3.606077,0.000000,0.089679,-25.529905,3.695756,22.748222,-16.069921,1.100000,1.086000
-17.221451,2.328720,-15.637795,2.128256,-34.403152,0.000000,-0.339354,4.682163,0.000000,0.042957,-34.742508,4.725119,12.494335,-13.943564,1.100000,1.080000
-18.723480,3.189564,-18.132368,2.917436,-39.891212,0.000000,-0.126667,6.418359,0.000000,0.058313,-40.017879,6.476672,-0.133906,-7.730267,1.100000,1.097000
-19.806953,3.114784,-19.343779,3.060998,-42.556313,0.000000,-0.099252,6.734195,0.000000,0.011526,-42.655563,6.745721,5.094551,-12.398502,1.100000,1.096000
-20.191307,4.012177,-20.182791,3.571110,-44.402142,0.000000,-0.001825,7.856443,0.000000,0.094514,-44.403965,7.950957,-0.341503,3.727753,1.100000,1.093000
-18.286461,4.317711,-18.831884,4.412730,-41.430145,0.000000,0.116877,9.708007,0.000000,-0.020361,-41.313271,9.687646,-13.387317,-3.955643,1.100000,1.090000
-16.635437,3.880749,-17.457066,3.934730,-38.405544,0.000000,0.176063,8.656406,0.000000,-0.011567,-38.229481,8.644839,-32.149902,9.577286,1.100000,1.090000
-12.151619,4.223167,-13.502825,4.119263,-29.706215,0.000000,0.361930,9.062378,0.000000,0.027832,-29.344284,9.090210,-37.340622,7.875895,1.100000,1.091000
-6.801003,2.933109,-8.660036,3.444431,-19.052080,0.000000,0.398364,7.577748,0.000000,-0.109569,-18.653715,7.468179,-47.047497,12.653222,1.100000,1.086000
0.000000,0.000000,0.000000,0.000000,0.000000,0.000000,0.000000,0.000000,0.000000,0.000000,0.000000,0.000000,-54.886303,10.973341,1.100000,1.088000
-51.394737,17.978951,-51.030449,17.841562,-112.266991,0.000000,-0.078062,39.251438,0.000000,0.029441,-100.000000,39.280880,-38.951271,14.406220,1.100000,1.075000
-54.932331,19.546364,-53.906452,19.020685,-118.594200,0.000000,-0.219831,41.845509,0.000000,0.112645,-100.000000,41.958153,-52.350861,16.876993,1.100000,1.081000
-54.077888,19.748741,-54.438698,19.672173,-119.765137,0.000000,0.077316,43.278782,0.000000,0.016407,-100.000000,43.295189,-41.887497,15.267666,1.100000,1.082000
-52.619854,19.271187,-53.108784,19.451006,-116.839325,0.000000,0.104771,42.792213,0.000000,-0.038532,-100.000000,42.753681,-68.984962,16.001083,1.100000,1.088000
-50.140514,19.175644,-51.050098,19.163963,-112.310219,0.000000,0.194912,42.160721,0.000000,0.002502,-100.000000,42.163223,-90.735863,28.032284,1.100000,1.076000
-47.668201,19.089859,-48.605373,19.104330,-106.931824,0.000000,0.200823,42.029526,0.000000,-0.003101,-100.000000,42.026424,-74.794380,16.838449,1.100000,1.082000
-45.481068,19.389755,-46.431767,19.221855,-102.149887,0.000000,0.203722,42.288082,0.000000,0.035979,-100.000000,42.324062,-71.355721,38.351738,1.100000,1.086000
-42.895653,19.404350,-43.877392,19.474287,-96.530266,0.000000,0.210373,42.843433,0.000000,-0.014987,-96.319893,42.828445,-79.092506,37.672497,1.100000,1.084000
-40.679325,17.761604,-41.563572,18.327854,-91.439857,0.000000,0.189482,40.321281,0.000000,-0.121340,-91.250374,40.199944,-101.746971,37.705494,1.100000,1.080000
-38.030548,16.030548,-39.147026,16.676414,-86.123459,0.000000,0.239246,36.688114,0.000000,-0.138400,-85.884216,36.549713,-80.984734,26.834814,1.100000,1.077000
-35.932808,14.385376,-36.788544,15.130287,-80.934799,0.000000,0.183372,33.286633,0.000000,-0.159624,-80.751427,33.127010,-82.260239,27.758816,1.100000,1.077000
-31.281906,12.348572,-33.156914,13.106712,-72.945213,0.000000,0.401789,28.834768,0.000000,-0.162458,-72.543427,28.672310,-86.207581,36.100964,1.100000,1.075000
-25.976189,8.650185,-27.918919,10.198474,-61.421623,0.000000,0.416300,22.436644,0.000000,-0.331776,-61.005325,22.104868,-88.105232,33.466877,1.100000,1.077000
-20.647057,4.208557,-22.838549,5.862879,-50.244808,0.000000,0.469605,12.898334,0.000000,-0.354498,-49.775204,12.543836,-81.262184,28.097088,1.100000,1.079000
-14.000000,0.569706,-16.509645,1.982467,-36.321220,0.000000,0.537782,4.361427,0.000000,-0.302734,-35.783440,4.058693,-94.908241,33.999569,1.100000,1.071000
-5.541115,-3.133224,-8.903048,-1.739218,-19.586704,0.000000,0.720414,-3.826280,0.000000,-0.298716,-18.866291,-4.124996,-78.838577,35.521011,1.100000,1.070000
2.190552,-6.623779,-0.549176,-5.231266,-1.208186,0.000000,0.587084,-11.508785,0.000000,-0.298396,-0.621102,-11.807181,-55.746262,38.430599,1.100000,1.074000
6.557724,-9.515446,4.903011,-8.486726,10.786625,0.000000,0.354581,-18.670797,0.000000,-0.220440,11.141206,-18.891237,-48.565643,12.772040,1.100000,1.074000
9.011383,-11.302441,8.000560,-10.636717,17.601233,0.000000,0.216605,-23.400778,0.000000,-0.142655,17.817837,-23.543432,-36.296833,12.375807,1.100000,1.103000
10.582237,-11.555920,10.047253,-11.468701,22.103956,0.000000,0.114639,-25.231144,0.000000,-0.018690,22.218596,-25.249834,-24.642302,11.989624,1.100000,1.109000
10.132454,-12.094372,10.430192,-11.856522,22.946423,0.000000,-0.063801,-26.084349,0.000000,-0.050968,22.882622,-26.135317,7.398920,12.477710,1.100000,1.111000
6.064568,-12.718544,7.596459,-12.529217,16.712210,0.000000,-0.328263,-27.564278,0.000000,-0.040570,16.383947,-27.604847,7.243143,12.136042,1.100000,1.106000
3.114944,-12.866997,4.261764,-12.635629,9.375880,0.000000,-0.245747,-27.798384,0.000000,-0.049579,9.130134,-27.847963,26.352419,9.182431,1.100000,1.097000
-0.833336,-13.105000,0.686792,-13.162148,1.510943,0.000000,-0.325742,-28.956728,0.000000,0.012246,1.185201,-28.944483,28.656897,-6.056747,1.100000,1.102000
-4.938637,-12.014927,-3.396250,-12.425140,-7.471751,0.000000,-0.330511,-27.335310,0.000000,0.087903,-7.802262,-27.247408,11.166310,-5.299453,1.100000,1.130000
-7.542374,-10.386440,-6.594584,-11.142313,-14.508084,0.000000,-0.203098,-24.513088,0.000000,0.161973,-14.711183,-24.351116,18.998470,-8.852551,1.100000,1.112000
-8.508476,-8.293221,-8.007467,-9.038797,-17.616428,0.000000,-0.107359,-19.885355,0.000000,0.159766,-17.723787,-19.725590,7.742586,-10.813497,1.100000,1.108000
-9.925301,-7.078098,-9.460215,-7.522880,-20.812473,0.000000,-0.094916,-16.550335,0.000000,0.090772,-20.907389,-16.459562,14.517446,-21.349789,1.100000,1.118000
-11.405769,-5.108658,-10.982855,-5.977104,-24.162281,0.000000,-0.086309,-13.149630,0.000000,0.177234,-24.248590,-12.972396,0.322961,-8.912522,1.100000,1.109000
-9.873718,-3.836178,-10.283564,-4.302239,-22.623840,0.000000,0.083642,-9.464927,0.000000,0.095115,-22.540197,-9.369812,2.350987,-20.481886,1.100000,1.128000
-9.494057,-2.852291,-9.631064,-3.173271,-21.188343,0.000000,0.029359,-6.981196,0.000000,0.068781,-21.158985,-6.912415,-11.214011,-22.831768,1.100000,1.114000
-7.535591,-1.055931,-8.273584,-1.713780,-18.201885,0.000000,0.158141,-3.770316,0.000000,0.140968,-18.043745,-3.629349,-7.633622,-30.400600,1.100000,1.111000
-5.921768,0.500000,-6.497017,-0.082864,-14.293439,0.000000,0.123268,-0.182300,0.000000,0.124899,-14.170172,-0.057400,-20.064213,-10.048954,1.100000,1.119000
-3.644783,1.218857,-4.510170,0.831971,-9.922373,0.000000,0.185440,1.830337,0.000000,0.082904,-9.736933,1.913241,-0.613781,-6.439239,1.100000,1.105000
-2.892799,2.016750,-3.061417,1.744177,-6.735118,0.000000,0.036132,3.837189,0.000000,0.058409,-6.698986,3.895597,-13.595474,-0.764153,1.100000,1.098000
-3.020134,2.204697,-3.143560,2.108740,-6.915833,0.000000,0.026449,4.639228,0.000000,0.020562,-6.889384,4.659791,-8.394118,-11.543189,1.100000,1.105000
-1.615387,2.994984,-2.119359,2.848336,-4.662590,0.000000,0.107994,6.266339,0.000000,0.031425,-4.554595,6.297764,1.003054,-2.726499,1.100000,1.096000
-1.858345,1.934235,-1.649102,2.366156,-3.628025,0.000000,-0.044838,5.205544,0.000000,-0.092555,-3.672862,5.112989,-4.258586,0.438832,1.100000,1.102000
-1.487434,1.134003,-1.747017,1.332769,-3.843438,0.000000,0.055625,2.932092,0.000000,-0.042593,-3.787813,2.889499,-4.772541,2.402318,1.100000,1.101000
-1.793274,0.447060,-1.599724,0.808073,-3.519392,0.000000,-0.041475,1.777761,0.000000,-0.077360,-3.560867,1.700400,13.568896,3.496450,1.100000,1.106000
-3.523651,0.077702,-2.881897,0.124284,-6.340173,0.000000,-0.137519,0.273424,0.000000,-0.009982,-6.477692,0.263442,22.822365,15.176183,1.100000,1.112000
-5.906464,0.282314,-4.870831,0.341473,-10.715829,0.000000,-0.221921,0.751241,0.000000,-0.012677,-10.937750,0.738564,17.749098,12.229473,1.100000,1.110000
-10.075089,-0.559727,-8.443031,-0.251344,-18.574669,0.000000,-0.349726,-0.552957,0.000000,-0.066082,-18.924395,-0.619039,22.510004,10.056020,1.100000,1.097000
-12.905663,-0.739281,-11.869329,-0.621453,-26.112526,0.000000,-0.222071,-1.367196,0.000000,-0.025249,-26.334597,-1.392445,19.142448,2.854446,1.100000,1.095000
-15.797272,-0.431004,-14.572245,-0.599888,-32.058937,0.000000,-0.262506,-1.319755,0.000000,0.036190,-32.321442,-1.283565,-2.417370,0.660342,1.100000,1.102000
-17.272575,0.255535,-16.717167,-0.015698,-36.777767,0.000000,-0.119017,-0.034536,0.000000,0.058121,-36.896782,0.023585,-8.732348,-0.140817,1.100000,1.109000
0.000000,0.000000,0.000000,0.000000,0.000000,0.000000,0.000000,0.000000,0.000000,0.000000,0.000000,0.000000,174.003830,-7.790327,1.100000,1.120000
0.000000,0.000000,0.000000,0.000000,0.000000,0.000000,0.000000,0.000000,0.000000,0.000000,0.000000,0.000000,139.987823,14.106296,1.100000,1.089000
63.165024,-0.145214,66.242889,0.871927,145.734360,0.000000,-0.659542,1.918239,0.000000,-0.217959,100.000000,1.700280,107.840797,0.685410,1.100000,1.081000
69.566376,-1.442478,67.699745,-0.973598,148.939438,0.000000,0.399990,-2.141916,0.000000,-0.100474,100.000000,-2.242390,141.759247,-1.850270,1.100000,1.112000
68.902710,-3.481083,69.207726,-2.641135,152.257004,0.000000,-0.065361,-5.810496,0.000000,-0.179989,100.000000,-5.990485,116.278442,5.651196,1.100000,1.129000
68.222229,-5.268734,68.356712,-4.579198,150.384766,0.000000,-0.028820,-10.074237,0.000000,-0.147758,100.000000,-10.221994,65.445160,9.083601,1.100000,1.126000
67.389832,-7.883778,68.138466,-6.835887,149.904633,0.000000,-0.160419,-15.038952,0.000000,-0.224548,100.000000,-15.263500,156.422028,17.273273,1.100000,1.109000
61.823532,-10.122353,63.596512,-9.254508,139.912323,0.000000,-0.379925,-20.359919,0.000000,-0.185966,100.000000,-20.545885,149.739899,0.732099,1.100000,1.088000
58.380310,-10.689037,59.983994,-10.566372,131.964783,0.000000,-0.343645,-23.246019,0.000000,-0.026286,100.000000,-23.272305,129.527863,-13.386993,1.100000,1.079000
54.578156,-11.398289,56.016106,-10.971607,123.235435,0.000000,-0.308132,-24.137537,0.000000,-0.091432,100.000000,-24.228968,111.449127,6.491501,1.100000,1.070000
52.560165,-13.919086,53.337608,-13.147735,117.342743,0.000000,-0.166594,-28.925016,0.000000,-0.165289,100.000000,-29.090305,130.718338,-8.169988,1.100000,1.077000
48.346527,-13.790100,50.082584,-13.796346,110.181686,0.000000,-0.372011,-30.351961,0.000000,0.001338,100.000000,-30.350622,129.525406,-2.705379,1.100000,1.077000
43.101334,-14.369026,45.149921,-14.165763,99.329826,0.000000,-0.438982,-31.164679,0.000000,-0.043557,98.890846,-31.208235,120.412918,-0.354972,1.100000,1.081000
38.524857,-14.399632,40.306004,-14.432372,88.673210,0.000000,-0.381674,-31.751219,0.000000,0.007016,88.291534,-31.744204,116.154449,-12.248281,1.100000,1.076000
31.971878,-13.224957,34.708694,-13.578472,76.359131,0.000000,-0.586460,-29.872639,0.000000,0.075754,75.772675,-29.796885,110.619461,-18.779257,1.100000,1.079000
22.928207,-12.873505,26.347925,-12.955925,57.965435,0.000000,-0.732797,-28.503036,0.000000,0.017662,57.232639,-28.485374,120.474243,-18.011606,1.100000,1.076000
14.732346,-12.566502,17.879774,-12.877651,39.335503,0.000000,-0.674449,-28.330833,0.000000,0.066675,38.661053,-28.264158,111.222572,-7.555429,1.100000,1.082000
6.496750,-11.443180,9.790173,-11.772285,21.538380,0.000000,-0.705733,-25.899027,0.000000,0.070522,20.832647,-25.828505,123.736038,-14.837210,1.100000,1.084000
-2.590614,-10.234627,0.868873,-10.744125,1.911521,0.000000,-0.741319,-23.637075,0.000000,0.109179,1.170203,-23.527897,82.194893,-27.065777,1.100000,1.086000
-9.318558,-7.991791,-6.682760,-8.960074,-14.702072,0.000000,-0.564814,-19.712164,0.000000,0.207489,-15.266886,-19.504675,68.944405,-35.074341,1.100000,1.094000
-15.439064,-4.016693,-13.201142,-5.488628,-29.042513,0.000000,-0.479555,-12.074983,0.000000,0.315415,-29.522068,-11.759568,57.980999,-9.289145,1.100000,1.090000
-17.710663,-1.013535,-16.841368,-2.088366,-37.051010,0.000000,-0.186277,-4.594405,0.000000,0.230321,-37.237286,-4.364084,14.872931,-19.179771,1.100000,1.094000
-17.796928,1.883961,-17.698277,0.729333,-38.936211,0.000000,-0.021139,1.604532,0.000000,0.247420,-38.957348,1.851953,4.061665,-40.903015,1.100000,1.095000
-17.036079,4.121994,-17.442955,3.222673,-38.374500,0.000000,0.087188,7.089881,0.000000,0.192712,-38.287312,7.282592,-10.429064,-23.429253,1.100000,1.098000
-13.746170,5.676323,-14.913953,5.076004,-32.810696,0.000000,0.250239,11.167209,0.000000,0.128640,-32.560455,11.295849,-31.694439,-22.964272,1.100000,1.098000
-10.258881,5.563454,-11.567816,5.577855,-25.449196,0.000000,0.280486,12.271281,0.000000,-0.003086,-25.168711,12.268195,-41.916828,-8.152991,1.100000,1.092000
-5.880470,5.126259,-7.719065,5.081311,-16.981943,0.000000,0.393985,11.178885,0.000000,0.009632,-16.587959,11.188516,-46.314106,-12.479835,1.100000,1.080000
-1.940681,6.757629,-3.299942,6.265314,-7.259872,0.000000,0.291270,13.783691,0.000000,0.105496,-6.968602,13.889188,-45.651089,2.352875,1.100000,1.085000
0.627518,7.130875,-0.434334,6.923886,-0.955534,0.000000,0.227540,15.232549,0.000000,0.044355,-0.727994,15.276903,-38.294014,11.092810,1.100000,1.076000
5.377968,8.276268,3.544919,7.907834,7.798821,0.000000,0.392796,17.397234,0.000000,0.078950,8.191617,17.476185,-38.161671,-5.640334,1.100000,1.085000
8.435371,9.367348,7.310309,8.930182,16.082682,0.000000,0.241085,19.646402,0.000000,0.093678,16.323767,19.740080,-42.878738,11.036680,1.100000,1.089000
11.419624,9.878174,10.141624,9.710008,22.311575,0.000000,0.273857,21.362017,0.000000,0.036036,22.585432,21.398052,-44.705906,6.081799,1.100000,1.091000
14.479729,10.180740,13.367284,10.110466,29.408026,0.000000,0.238381,22.243025,0.000000,0.015059,29.646406,22.258083,-23.325624,-0.055726,1.100000,1.078000
15.809845,9.385399,15.292525,9.618236,33.643555,0.000000,0.110854,21.160118,0.000000,-0.049893,33.754410,21.110226,-21.232492,-0.828117,1.100000,1.076000
16.603706,8.865089,16.403412,9.134988,36.087505,0.000000,0.042920,20.096973,0.000000,-0.057835,36.130424,20.039139,5.905062,12.454508,1.100000,1.073000
15.073578,5.914719,15.632836,6.914781,34.392242,0.000000,-0.119841,15.212519,0.000000,-0.214299,34.272400,14.998219,10.913787,25.929070,1.100000,1.080000
14.859535,5.080269,15.045829,5.360615,33.100822,0.000000,-0.039920,11.793354,0.000000,-0.060074,33.060902,11.733280,20.364584,17.312567,1.100000,1.089000
12.176178,4.313759,13.254188,4.744102,29.159214,0.000000,-0.231002,10.437023,0.000000,-0.092216,28.928213,10.344807,35.445942,25.961266,1.100000,1.084000
7.686569,2.941956,9.359796,3.474069,20.591551,0.000000,-0.358549,7.642951,0.000000,-0.114024,20.233002,7.528927,36.640072,16.998093,1.100000,1.077000
3.892029,3.313953,5.346777,3.175227,11.762910,0.000000,-0.311732,6.985500,0.000000,0.029727,11.451179,7.015227,45.570663,15.639026,1.100000,1.085000
0.405762,-50.665188,1.029342,-50.572155,2.264553,0.000000,-0.133624,-111.258743,0.000000,-0.019936,2.130929,-100.000000,40.354641,10.888197,1.100000,1.077000
-2.944115,-53.473530,-1.934342,-52.413918,-4.255553,0.000000,-0.216380,-115.310623,0.000000,-0.227060,-4.471933,-100.000000,23.305882,13.095701,1.100000,1.078000
-4.034752,-55.003860,-3.525593,-54.513302,-7.756304,0.000000,-0.109106,-119.929268,0.000000,-0.105120,-7.865410,-100.000000,21.867847,-16.268576,1.100000,1.078000
-6.730042,-54.939163,-5.676222,-54.930817,-12.487688,0.000000,-0.225819,-120.847801,0.000000,-0.001789,-12.713507,-100.000000,12.222643,-16.314213,1.100000,1.082000
-8.572327,-54.050316,-7.887342,-54.455627,-17.352154,0.000000,-0.146782,-119.802383,0.000000,0.086853,-17.498936,-100.000000,4.945349,-30.418900,1.100000,1.105000
-9.671959,-52.806877,-9.148430,-53.239342,-20.126547,0.000000,-0.112185,-117.126556,0.000000,0.092670,-20.238731,-100.000000,-0.731408,-57.170143,1.100000,1.096000
-10.528603,-51.437073,-10.324086,-52.026989,-22.712990,0.000000,-0.043825,-114.459381,0.000000,0.126410,-22.756815,-100.000000,-11.592377,-47.538822,1.100000,1.086000
-9.851776,-49.500000,-10.111188,-50.254185,-22.244614,0.000000,0.055588,-110.559212,0.000000,0.161612,-22.189026,-100.000000,-9.390800,-55.520401,1.100000,1.083000
-7.996292,-46.293137,-8.798483,-47.616142,-19.356663,0.000000,0.171898,-104.755516,0.000000,0.283503,-19.184765,-100.000000,-19.842184,-77.717255,1.100000,1.080000
-6.040001,-42.772728,-6.693289,-44.084148,-14.725236,0.000000,0.139990,-96.985130,0.000000,0.281019,-14.585246,-96.704109,-30.577156,-99.056274,1.100000,1.078000
-3.546097,-38.757092,-4.523618,-40.418167,-9.951960,0.000000,0.209469,-88.919968,0.000000,0.355944,-9.742491,-88.564026,-24.492296,-49.213722,1.100000,1.074000
-0.808220,-34.224316,-1.843021,-35.997730,-4.054646,0.000000,0.221743,-79.195007,0.000000,0.380016,-3.832903,-78.814995,-25.466393,-79.531471,1.100000,1.075000
2.634842,-27.195980,1.228576,-30.040283,2.702868,0.000000,0.301343,-66.088623,0.000000,0.609493,3.004210,-65.479134,-19.460775,-81.685562,1.100000,1.067000
5.892738,-19.955444,4.744302,-22.643658,10.437466,0.000000,0.246093,-49.816048,0.000000,0.576046,10.683559,-49.240002,-11.800181,-62.526913,1.100000,1.057000
7.840836,-13.188103,7.026828,-15.842503,15.459022,0.000000,0.174430,-34.853508,0.000000,0.568800,15.633451,-34.284710,-19.545832,-93.093903,1.100000,1.063000
10.910095,-4.582020,9.806676,-7.804137,21.574688,0.000000,0.236447,-17.169102,0.000000,0.690454,21.811134,-16.478647,-3.777754,-73.859695,1.100000,1.067000
12.153229,1.559677,11.728066,-0.837703,25.801746,0.000000,0.091106,-1.842946,0.000000,0.513724,25.892853,-1.329221,1.177972,-74.186859,1.100000,1.059000
12.267654,8.044334,12.246537,5.553699,26.942383,0.000000,0.004525,12.218138,0.000000,0.533708,26.946907,12.751845,24.777225,-81.726883,1.100000,1.059000
8.595711,14.640266,10.144029,12.100201,22.316864,0.000000,-0.331782,26.620441,0.000000,0.544300,21.985083,27.164742,17.089943,-52.015167,1.100000,1.073000
3.198318,17.532776,5.195711,16.500374,11.430564,0.000000,-0.428013,36.300823,0.000000,0.221230,11.002551,36.522053,38.746494,-31.129257,1.100000,1.075000
-1.110550,17.968178,0.496747,17.724194,1.092844,0.000000,-0.344421,38.993225,0.000000,0.052282,0.748423,39.045506,38.575500,-27.045607,1.100000,1.074000
-5.587837,17.381760,-3.772712,17.739100,-8.299968,0.000000,-0.388955,39.026020,0.000000,-0.076573,-8.688923,38.949448,49.106766,9.772194,1.100000,1.073000
-10.829643,14.178879,-8.874709,15.415287,-19.524361,0.000000,-0.418914,33.913631,0.000000,-0.264945,-19.943275,33.648685,32.512367,-3.386370,1.100000,1.074000
-13.256851,11.640411,-12.270271,12.695123,-26.994598,0.000000,-0.211410,27.929270,0.000000,-0.226010,-27.206009,27.703260,47.809502,38.933025,1.100000,1.071000
-16.106346,7.253860,-14.976043,8.917877,-32.947296,0.000000,-0.242208,19.619329,0.000000,-0.356575,-33.189503,19.262754,11.825727,33.251419,1.100000,1.081000
0.000000,0.000000,0.000000,0.000000,0.000000,0.000000,0.000000,0.000000,0.000000,0.000000,0.000000,0.000000,6.310470,19.619217,1.100000,1.089000
0.000000,0.000000,0.000000,0.000000,0.000000,0.000000,0.000000,0.000000,0.000000,0.000000,0.000000,0.000000,13.455637,30.783907,1.100000,1.103000
0.000000,0.000000,0.000000,0.000000,0.000000,0.000000,0.000000,0.000000,0.000000,0.000000,0.000000,0.000000,2.370105,4.776436,1.100000,1.103000
0.000000,0.000000,0.000000,0.000000,0.000000,0.000000,0.000000,0.000000,0.000000,0.000000,0.000000,0.000000,-2.548243,13.206207,1.100000,1.102000
0.000000,0.000000,0.000000,0.000000,0.000000,0.000000,0.000000,0.000000,0.000000,0.000000,0.000000,0.000000,8.546185,12.078762,1.100000,1.097000
0.000000,0.000000,0.000000,0.000000,0.000000,0.000000,0.000000,0.000000,0.000000,0.000000,0.000000,0.000000,-3.834726,7.328681,1.100000,1.097000
0.000000,0.000000,0.000000,0.000000,0.000000,0.000000,0.000000,0.000000,0.000000,0.000000,0.000000,0.000000,-11.220317,7.654380,1.100000,1.090000
0.000000,0.000000,0.000000,0.000000,0.000000,0.000000,0.000000,0.000000,0.000000,0.000000,0.000000,0.000000,-1.552959,-2.064763,1.100000,1.100000
0.000000,0.000000,0.000000,0.000000,0.000000,0.000000,0.000000,0.000000,0.000000,0.000000,0.000000,0.000000,0.749455,7.296389,1.100000,1.092000
0.000000,0.000000,0.000000,0.000000,0.000000,0.000000,0.000000,0.000000,0.000000,0.000000,0.000000,0.000000,-4.055517,-4.612556,1.100000,1.096000
0.000000,0.000000,0.000000,0.000000,0.000000,0.000000,0.000000,0.000000,0.000000,0.000000,0.000000,0.000000,-11.456718,-10.324511,1.100000,1.083000
0.000000,0.000000,0.000000,0.000000,0.000000,0.000000,0.000000,0.000000,0.000000,0.000000,0.000000,0.000000,-5.666384,1.464197,1.100000,1.093000
0.000000,0.000000,0.000000,0.000000,0.000000,0.000000,0.000000,0.000000,0.000000,0.000000,0.000000,0.000000,-15.258433,-9.579023,1.100000,1.081000
0.000000,0.000000,0.000000,0.000000,0.000000,0.000000,0.000000,0.000000,0.000000,0.000000,0.000000,0.000000,-1.721472,-10.696515,1.100000,1.084000
0.000000,0.000000,0.000000,0.000000,0.000000,0.000000,0.000000,0.000000,0.000000,0.000000,0.000000,0.000000,1.862747,1.874913,1.100000,1.082000
0.000000,0.000000,0.000000,0.000000,0.000000,0.000000,0.000000,0.000000,0.000000,0.000000,0.000000,0.000000,10.697067,14.565888,1.100000,1.077000
0.000000,0.000000,0.000000,0.000000,0.000000,0.000000,0.000000,0.000000,0.000000,0.000000,0.000000,0.000000,7.533665,-3.584747,1.100000,1.090000
0.000000,0.000000,0.000000,0.000000,0.000000,0.000000,0.000000,0.000000,0.000000,0.000000,0.000000,0.000000,0.303543,4.013968,1.100000,1.099000
0.000000,0.000000,0.000000,0.000000,0.000000,0.000000,0.000000,0.000000,0.000000,0.000000,0.000000,0.000000,9.549431,-8.587963,1.100000,1.090000
0.000000,0.000000,0.000000,0.000000,0.000000,0.000000,0.000000,0.000000,0.000000,0.000000,0.000000,0.000000,9.549431,-8.587963,1.100000,1.090000
0.000000,0.000000,0.000000,0.000000,0.000000,0.000000,0.000000,0.000000,0.000000,0.000000,0.000000,0.000000,19.281759,2.408017,1.100000,1.083000
0.000000,0.000000,0.000000,0.000000,0.000000,0.000000,0.000000,0.000000,0.000000,0.000000,0.000000,0.000000,3.587434,-8.110462,1.100000,1.080000
0.000000,0.000000,0.000000,0.000000,0.000000,0.000000,0.000000,0.000000,0.000000,0.000000,0.000000,0.000000,-2.280966,-2.818103,1.100000,1.080000
0.000000,0.000000,0.000000,0.000000,0.000000,0.000000,0.000000,0.000000,0.000000,0.000000,0.000000,0.000000,12.521251,-15.524252,1.100000,1.093000
0.000000,0.000000,0.000000,0.000000,0.000000,0.000000,0.000000,0.000000,0.000000,0.000000,0.000000,0.000000,-2.305590,-7.582202,1.100000,1.090000
0.000000,0.000000,0.000000,0.000000,0.000000,0.000000,0.000000,0.000000,0.000000,0.000000,0.000000,0.000000,2.544788,-8.553299,1.100000,1.083000
0.000000,0.000000,0.000000,0.000000,0.000000,0.000000,0.000000,0.000000,0.000000,0.000000,0.000000,0.000000,-9.330305,-9.793259,1.100000,1.083000
0.000000,0.000000,0.000000,0.000000,0.000000,0.000000,0.000000,0.000000,0.000000,0.000000,0.000000,0.000000,-6.082794,-16.096569,1.100000,1.081000
0.000000,0.000000,0.000000,0.000000,0.000000,0.000000,0.000000,0.000000,0.000000,0.000000,0.000000,0.000000,-14.969042,-14.759895,1.100000,1.084000
0.000000,0.000000,0.000000,0.000000,0.000000,0.000000,0.000000,0.000000,0.000000,0.000000,0.000000,0.000000,-10.929792,-1.129234,1.100000,1.082000
0.000000,0.000000,0.000000,0.000000,0.000000,0.000000,0.000000,0.000000,0.000000,0.000000,0.000000,0.000000,-7.436071,-10.531181,1.100000,1.099000
0.000000,0.000000,0.000000,0.000000,0.000000,0.000000,0.000000,0.000000,0.000000,0.000000,0.000000,0.000000,-6.770889,-12.942945,1.100000,1.096000
0.000000,0.000000,0.000000,0.000000,0.000000,0.000000,0.000000,0.000000,0.000000,0.000000,0.000000,0.000000,-12.560220,-5.058165,1.100000,1.094000
0.000000,0.000000,0.000000,0.000000,0.000000,0.000000,0.000000,0.000000,0.000000,0.000000,0.000000,0.000000,-3.964177,-5.679689,1.100000,1.103000
0.000000,0.000000,0.000000,0.000000,0.000000,0.000000,0.000000,0.000000,0.000000,0.000000,0.000000,0.000000,7.459506,-36.246853,1.100000,1.096000
0.000000,0.000000,0.000000,0.000000,0.000000,0.000000,0.000000,0.000000,0.000000,0.000000,0.000000,0.000000,1.659369,-1.893059,1.100000,1.094000
0.000000,0.000000,0.000000,0.000000,0.000000,0.000000,0.000000,0.000000,0.000000,0.000000,0.000000,0.000000,14.605321,-7.345050,1.100000,1.095000
0.000000,0.000000,0.000000,0.000000,0.000000,0.000000,0.000000,0.000000,0.000000,0.000000,0.000000,0.000000,-5.474823,-11.144643,1.100000,1.098000
0.000000,0.000000,0.000000,0.000000,0.000000,0.000000,0.000000,0.000000,0.000000,0.000000,0.000000,0.000000,11.664141,-6.435145,1.100000,1.105000
0.000000,0.000000,0.000000,0.000000,0.000000,0.000000,0.000000,0.000000,0.000000,0.000000,0.000000,0.000000,13.350698,-2.173829,1.100000,1.098000
0.000000,0.000000,0.000000,0.000000,0.000000,0.000000,0.000000,0.000000,0.000000,0.000000,0.000000,0.000000,2.017728,-0.493636,1.100000,1.102000
0.000000,0.000000,0.000000,0.000000,0.000000,0.000000,0.000000,0.000000,0.000000,0.000000,0.000000,0.000000,26.617109,-9.041637,1.100000,1.097000
0.000000,0.000000,0.000000,0.000000,0.000000,0.000000,0.000000,0.000000,0.000000,0.000000,0.000000,0.000000,31.864712,-1.991486,1.100000,1.100000
0.000000,0.000000,0.000000,0.000000,0.000000,0.000000,0.000000,0.000000,0.000000,0.000000,0.000000,0.000000,45.804516,-5.279819,1.100000,1.102000
0.000000,0.000000,0.000000,0.000000,0.000000,0.000000,0.000000,0.000000,0.000000,0.000000,0.000000,0.000000,23.764442,9.586112,1.100000,1.102000
0.000000,0.000000,0.000000,0.000000,0.000000,0.000000,0.000000,0.000000,0.000000,0.000000,0.000000,0.000000,16.836926,-8.577853,1.100000,1.097000
0.000000,0.000000,0.000000,0.000000,0.000000,0.000000,0.000000,0.000000,0.000000,0.000000,0.000000,0.000000,20.508852,11.958334,1.100000,1.093000
0.000000,0.000000,0.000000,0.000000,0.000000,0.000000,0.000000,0.000000,0.000000,0.000000,0.000000,0.000000,26.195984,5.365389,1.100000,1.092000
0.000000,0.000000,0.000000,0.000000,0.000000,0.000000,0.000000,0.000000,0.000000,0.000000,0.000000,0.000000,22.938148,-24.570822,1.100000,1.094000
0.000000,0.000000,0.000000,0.000000,0.000000,0.000000,0.000000,0.000000,0.000000,0.000000,0.000000,0.000000,23.859423,1.524297,1.100000,1.092000
0.000000,0.000000,0.000000,0.000000,0.000000,0.000000,0.000000,0.000000,0.000000,0.000000,0.000000,0.000000,38.350025,-0.859634,1.100000,1.093000
0.000000,0.000000,0.000000,0.000000,0.000000,0.000000,0.000000,0.000000,0.000000,0.000000,0.000000,0.000000,62.164589,5.288334,1.100000,1.094000
0.000000,0.000000,0.000000,0.000000,0.000000,0.000000,0.000000,0.000000,0.000000,0.000000,0.000000,0.000000,8.383821,-2.873682,1.100000,1.095000
0.000000,0.000000,0.000000,0.000000,0.000000,0.000000,0.000000,0.000000,0.000000,0.000000,0.000000,0.000000,21.290701,-0.192949,1.100000,1.097000
0.000000,0.000000,0.000000,0.000000,0.000000,0.000000,0.000000,0.000000,0.000000,0.000000,-9.200000,0.000000,23.581331,5.190980,1.100000,1.095000
0.000000,0.000000,0.000000,0.000000,0.000000,0.000000,0.000000,0.000000,0.000000,0.000000,-31.400002,0.000000,24.949669,15.003159,1.100000,1.096000
0.000000,0.000000,0.000000,0.000000,0.000000,0.000000,0.000000,0.000000,0.000000,0.000000,-37.000000,-0.300000,31.061853,2.923337,1.100000,1.084000
0.000000,0.000000,0.000000,0.000000,0.000000,0.000000,0.000000,0.000000,0.000000,0.000000,-37.700001,-10.800001,4.494406,9.186845,1.100000,1.086000
0.000000,0.000000,0.000000,0.000000,0.000000,0.000000,0.000000,0.000000,0.000000,0.000000,-43.799999,-17.200001,2.798037,4.123629,1.100000,1.090000
0.000000,0.000000,0.000000,0.000000,0.000000,0.000000,0.000000,0.000000,0.000000,0.000000,-40.900002,-26.000000,3.675840,-12.340678,1.100000,1.093000
0.000000,0.000000,0.000000,0.000000,0.000000,0.000000,0.000000,0.000000,0.000000,0.000000,-40.900002,-35.799999,-0.922375,-6.885135,1.100000,1.091000
0.000000,0.000000,0.000000,0.000000,0.000000,0.000000,0.000000,0.000000,0.000000,0.000000,-32.299999,-38.400002,-22.473976,35.165924,1.100000,1.088000
0.000000,0.000000,0.000000,0.000000,0.000000,0.000000,0.000000,0.000000,0.000000,0.000000,-12.800001,-48.700001,-24.596117,-4.867482,1.100000,1.085000
0.000000,0.000000,0.000000,0.000000,0.000000,0.000000,0.000000,0.000000,0.000000,0.000000,-11.400000,-50.400002,-33.255150,9.047473,1.100000,1.086000
0.000000,0.000000,0.000000,0.000000,0.000000,0.000000,0.000000,0.000000,0.000000,0.000000,-8.900001,-48.700001,39.146351,-15.761953,1.100000,1.084000
0.000000,0.000000,0.000000,0.000000,0.000000,0.000000,0.000000,0.000000,0.000000,0.000000,-8.900001,-42.100002,-13.638376,-0.343979,1.100000,1.082000
0.000000,0.000000,0.000000,0.000000,0.000000,0.000000,0.000000,0.000000,0.000000,0.000000,0.000000,-31.600002,-25.681633,-27.855473,1.100000,1.085000
0.000000,0.000000,0.000000,0.000000,0.000000,0.000000,0.000000,0.000000,0.000000,0.000000,0.000000,0.000000,-12.949856,-20.403620,1.100000,1.087000
-31.312500,-59.312500,-31.980417,-58.533752,-70.356918,0.000000,0.143125,-128.774261,0.000000,-0.166876,-70.213791,-100.000000,-50.590534,13.167231,1.100000,1.088000
-32.200001,-59.299999,-31.565388,-58.839619,-69.443855,0.000000,-0.135989,-129.447159,0.000000,-0.098652,-69.579842,-100.000000,-19.006990,-43.438187,1.100000,1.082000
-34.000000,-59.500000,-34.000000,-59.500000,-74.800003,0.000000,0.000000,-130.900009,0.000000,0.000000,-74.800003,-100.000000,-29.824894,-31.969223,1.100000,1.081000
-29.611115,-57.231483,-30.032965,-57.488163,-66.072525,0.000000,0.090396,-126.473961,0.000000,0.055002,-65.982132,-100.000000,-24.420370,-56.000862,1.100000,1.084000
-35.206898,-58.620689,-33.569553,-58.397522,-73.853020,0.000000,-0.350859,-128.474548,0.000000,-0.047821,-74.203880,-100.000000,-44.355995,-38.095825,1.100000,1.082000
-31.988235,-57.905884,-32.726810,-58.092255,-71.998985,0.000000,0.158266,-127.802963,0.000000,0.039938,-71.840721,-100.000000,-51.921223,-64.831665,1.100000,1.087000
-30.964912,-57.350876,-31.373413,-57.582134,-69.021507,0.000000,0.087536,-126.680695,0.000000,0.049555,-68.933975,-100.000000,-40.731998,-88.422173,1.100000,1.094000
-28.554916,-56.219654,-29.461094,-56.684872,-64.814407,0.000000,0.194180,-124.706718,0.000000,0.099689,-64.620224,-100.000000,-49.612946,-86.983200,1.100000,1.094000
-26.246910,-54.909466,-27.191269,-55.374821,-59.820793,0.000000,0.202363,-121.824608,0.000000,0.099718,-59.618431,-100.000000,-47.900558,-92.263390,1.100000,1.092000
-24.310349,-54.079311,-25.064466,-54.430771,-55.141827,0.000000,0.161597,-119.747696,0.000000,0.075314,-54.980228,-100.000000,-48.240459,-92.567322,1.100000,1.093000
-21.667587,-52.518005,-22.775389,-53.124283,-50.105858,0.000000,0.237387,-116.873428,0.000000,0.129917,-49.868473,-100.000000,-49.115593,-100.208954,1.100000,1.090000
-18.615013,-51.159805,-19.783321,-51.746105,-43.523308,0.000000,0.250352,-113.841431,0.000000,0.125635,-43.272957,-100.000000,-40.935276,-105.592033,1.100000,1.093000
-17.300850,-49.103813,-17.834188,-49.923969,-39.235214,0.000000,0.114286,-109.832733,0.000000,0.175747,-39.120930,-100.000000,-43.594601,-115.210999,1.100000,1.090000
-15.098396,-44.572289,-16.038874,-46.284428,-35.285522,0.000000,0.201531,-101.825745,0.000000,0.366888,-35.083992,-100.000000,-24.812885,-90.128395,1.100000,1.095000
-13.692017,-40.695816,-14.166570,-42.095303,-31.166454,0.000000,0.101690,-92.609665,0.000000,0.299890,-31.064764,-92.309776,-47.258785,-96.291496,1.100000,1.097000
-11.383896,-36.065544,-12.414740,-37.894817,-27.312428,0.000000,0.220895,-83.368599,0.000000,0.391987,-27.091532,-82.976616,-45.553261,-98.483643,1.100000,1.096000
-9.195038,-30.457447,-9.949262,-32.643520,-21.888376,0.000000,0.161620,-71.815750,0.000000,0.468445,-21.726757,-71.347305,-52.481617,-99.199814,1.100000,1.090000
-5.376488,-23.354343,-6.843897,-26.136581,-15.056574,0.000000,0.314445,-57.500481,0.000000,0.596193,-14.742129,-56.904289,-34.670544,-84.334747,1.100000,1.086000
-2.620636,-16.871880,-3.656020,-19.392269,-8.043245,0.000000,0.221868,-42.662994,0.000000,0.540084,-7.821377,-42.122910,-30.901131,-94.388435,1.100000,1.088000
0.557533,-9.440842,-0.716786,-12.428049,-1.576930,0.000000,0.273068,-27.341709,0.000000,0.640116,-1.303861,-26.701593,-28.518719,-83.100014,1.100000,1.077000
3.616257,-2.502438,2.604678,-5.040042,5.730293,0.000000,0.216767,-11.088093,0.000000,0.543772,5.947060,-10.544320,-27.873648,-73.326263,1.100000,1.099000
6.414474,3.483551,5.368560,1.212851,11.810832,0.000000,0.224124,2.668272,0.000000,0.486579,12.034956,3.154850,-28.339314,-72.496185,1.100000,1.087000
7.922432,7.074196,7.493832,5.703285,16.486431,0.000000,0.091843,12.547228,0.000000,0.293766,16.578274,12.840994,-18.137184,-38.552551,1.100000,1.108000
7.929176,10.000000,7.728242,8.770153,17.002132,0.000000,0.043057,19.294336,0.000000,0.263538,17.045189,19.557875,-12.888050,-26.007740,1.100000,1.109000
8.833618,11.937180,8.541074,11.285382,18.790363,0.000000,0.062688,24.827841,0.000000,0.139671,18.853052,24.967512,-5.824159,-10.682739,1.100000,1.102000
9.311867,12.000000,9.145374,11.960052,20.119823,0.000000,0.035677,26.312117,0.000000,0.008560,20.155500,26.320677,-9.621174,-11.815794,1.100000,1.095000
9.692047,12.627747,9.436006,12.294213,20.759212,0.000000,0.054866,27.047270,0.000000,0.071471,20.814077,27.118740,-19.609684,-15.901595,1.100000,1.091000
11.378197,13.459969,10.788797,13.276853,23.735355,0.000000,0.126300,29.209076,0.000000,0.039239,23.861654,29.248314,3.025367,21.588793,1.100000,1.092000
10.178879,11.185692,10.636572,12.020169,23.400459,0.000000,-0.098077,26.444372,0.000000,-0.178816,23.302383,26.265556,11.324061,5.612664,1.100000,1.101000
9.177666,9.648056,9.548017,10.302801,21.005636,0.000000,-0.079361,22.666162,0.000000,-0.140302,20.926275,22.525860,2.438140,18.345043,1.100000,1.102000
8.097809,5.966270,8.539086,7.239800,18.785990,0.000000,-0.094560,15.927560,0.000000,-0.272899,18.691431,15.654661,14.958415,16.201471,1.100000,1.079000
6.909088,3.006611,7.450688,4.153062,16.391514,0.000000,-0.116057,9.136736,0.000000,-0.245668,16.275457,8.891068,12.325367,13.735983,1.100000,1.095000
-56.206688,8.346504,-56.194614,8.586557,-123.628151,0.000000,-0.002586,18.890427,0.000000,-0.051440,-100.000000,18.838987,32.700607,50.486549,1.100000,1.094000
-62.687500,7.617188,-59.800037,7.782974,-131.560089,0.000000,-0.618742,17.122543,0.000000,-0.035526,-100.000000,17.087017,23.690712,32.305714,1.100000,1.095000
-69.805000,7.410004,-67.754890,7.542080,-149.060760,0.000000,-0.439308,16.592577,0.000000,-0.028302,-100.000000,16.564276,-12.514225,25.060169,1.100000,1.099000
-69.174530,7.089622,-69.451607,7.330546,-152.793533,0.000000,0.059376,16.127203,0.000000,-0.051627,-100.000000,16.075577,-17.139992,21.401606,1.100000,1.106000
-67.271255,7.340080,-67.997536,7.327019,-149.594589,0.000000,0.155632,16.119442,0.000000,0.002799,-100.000000,16.122240,-37.920845,26.302366,1.100000,1.103000
-64.326668,7.209999,-65.404945,7.280050,-143.890884,0.000000,0.231060,16.016109,0.000000,-0.015011,-100.000000,16.001099,-55.134842,18.328333,1.100000,1.130000
-61.230770,7.093407,-62.203407,7.082475,-136.847504,0.000000,0.208424,15.581445,0.000000,0.002343,-100.000000,15.583787,-77.197800,18.390013,1.100000,1.108000
-59.776882,6.838707,-60.412651,6.989393,-132.907837,0.000000,0.136236,15.376665,0.000000,-0.032290,-100.000000,15.344376,-86.846970,25.693331,1.100000,1.100000
-57.052898,5.785896,-58.088524,6.201571,-127.794754,0.000000,0.221920,13.643456,0.000000,-0.089073,-100.000000,13.554382,-78.995819,14.999268,1.100000,1.094000
-55.339024,4.609756,-56.022125,5.054417,-123.248680,0.000000,0.146378,11.119718,0.000000,-0.095284,-100.000000,11.024433,-77.951904,17.869020,1.100000,1.100000
-53.678486,3.725769,-54.329365,4.035213,-119.524605,0.000000,0.139475,8.877470,0.000000,-0.066309,-100.000000,8.811161,-87.239464,29.954123,1.100000,1.103000
-51.750000,2.077980,-52.520363,2.726578,-115.544800,0.000000,0.165079,5.998473,0.000000,-0.138985,-100.000000,5.859488,-92.986694,17.786173,1.100000,1.105000
-49.587196,0.849888,-50.471111,1.404601,-111.036446,0.000000,0.189409,3.090123,0.000000,-0.118867,-100.000000,2.971256,-100.659210,10.882364,1.100000,1.100000
-46.783440,-0.265392,-47.907394,0.131736,-105.396271,0.000000,0.240847,0.289818,0.000000,-0.085099,-100.000000,0.204720,-73.699043,11.230245,1.100000,1.093000
-44.152576,-0.148453,-45.198669,-0.150297,-99.437073,0.000000,0.224163,-0.330654,0.000000,0.000395,-99.212914,-0.330258,-66.800758,12.074475,1.100000,1.091000
-41.875252,0.221329,-42.806831,0.114670,-94.175034,0.000000,0.199623,0.252275,0.000000,0.022855,-93.975410,0.275130,-98.889442,17.519484,1.100000,1.095000
-38.043137,0.213726,-39.475231,0.241377,-86.845512,0.000000,0.306877,0.531030,0.000000,-0.005925,-86.538635,0.525105,-106.459396,18.061174,1.100000,1.093000
-33.578156,0.288136,-35.477444,0.286032,-78.050377,0.000000,0.406990,0.629270,0.000000,0.000451,-77.643387,0.629721,-109.006477,9.759319,1.100000,1.095000
-28.061821,-0.825455,-30.056673,-0.407092,-66.124680,0.000000,0.427468,-0.895603,0.000000,-0.089649,-65.697212,-0.985252,-99.356476,20.529835,1.100000,1.099000
-22.183098,-2.225353,-24.607735,-1.697839,-54.137016,0.000000,0.519565,-3.735245,0.000000,-0.113039,-53.617451,-3.848284,-111.230553,11.514676,1.100000,1.092000
-14.614334,-2.964165,-17.468819,-2.707707,-38.431400,0.000000,0.611675,-5.956956,0.000000,-0.054955,-37.819725,-6.011911,-79.826935,17.536467,1.100000,1.087000
-7.813133,-4.176769,-10.372236,-3.722648,-22.818920,0.000000,0.548379,-8.189826,0.000000,-0.097312,-22.270540,-8.287138,-104.705872,-0.037502,1.100000,1.092000
0.574677,-4.500000,-2.597312,-4.374842,-5.714087,0.000000,0.679712,-9.624652,0.000000,-0.026820,-5.034375,-9.651471,-78.396156,-0.908715,1.100000,1.085000
7.700981,-4.661766,4.950848,-4.654260,10.891865,0.000000,0.589314,-10.239371,0.000000,-0.001608,11.481179,-10.240979,-56.181976,1.664162,1.100000,1.080000
14.192688,-4.900333,11.768160,-4.713571,25.889952,0.000000,0.519542,-10.369856,0.000000,-0.040021,26.409492,-10.409877,-53.240639,-12.593019,1.100000,1.107000
17.364708,-4.761345,16.169319,-4.905353,35.572502,0.000000,0.256155,-10.791777,0.000000,0.030859,35.828655,-10.760918,-32.415184,-8.222934,1.100000,1.124000
17.925552,-4.077835,17.697731,-4.190455,38.935009,0.000000,0.046495,-9.219001,0.000000,0.022984,38.981503,-9.196017,-25.658039,-11.693381,1.100000,1.141000
17.825500,-3.647652,17.837322,-3.913398,39.242111,0.000000,-0.002534,-8.609475,0.000000,0.056946,39.239578,-8.552529,4.295496,-5.270740,1.100000,1.129000
15.240921,-2.709572,16.274708,-2.994227,35.804359,0.000000,-0.221526,-6.587300,0.000000,0.060998,35.582832,-6.526302,30.728359,-8.111316,1.100000,1.102000
10.079735,-0.840530,11.932133,-1.559118,26.250692,0.000000,-0.396942,-3.430060,0.000000,0.153983,25.853750,-3.276077,35.906998,-4.344697,1.100000,1.087000
4.660652,0.478687,6.816669,-0.019699,14.996671,0.000000,-0.462004,-0.043337,0.000000,0.106797,14.534667,0.063460,33.078239,-2.498709,1.100000,1.084000
0.297661,1.299332,1.889552,0.878082,4.157015,0.000000,-0.341119,1.931780,0.000000,0.090268,3.815895,2.022048,20.770790,-1.375438,1.100000,1.108000
-2.395660,2.200333,-1.279627,1.898035,-2.815180,0.000000,-0.239150,4.175677,0.000000,0.064778,-3.054330,4.240455,35.859833,-11.419825,1.100000,1.105000
-5.554260,2.609348,-4.306515,2.351215,-9.474334,0.000000,-0.267374,5.172673,0.000000,0.055314,-9.741708,5.227987,35.067169,0.765405,1.100000,1.115000
-5.979836,3.959663,-5.814986,3.493332,-12.792970,0.000000,-0.033643,7.685331,0.000000,0.095170,-12.826612,7.780501,-0.205484,-1.081700,1.100000,1.111000
-3.228188,4.119125,-4.164823,4.070021,-9.162611,0.000000,0.191150,8.954045,0.000000,0.010022,-8.971461,8.964067,-11.627674,-14.146030,1.100000,1.106000
2.042084,5.005051,0.042117,4.652769,0.092657,0.000000,0.428564,10.236093,0.000000,0.075489,0.521221,10.311582,-24.794191,0.271613,1.100000,1.111000
7.204353,5.041878,5.338622,5.099459,11.744967,0.000000,0.399800,11.218809,0.000000,-0.012339,12.144767,11.206470,-18.904886,12.130449,1.100000,1.099000
11.107025,4.730766,9.569352,4.772041,21.052576,0.000000,0.329501,10.498491,0.000000,-0.008845,21.382076,10.489647,-29.100603,13.361282,1.100000,1.086000
13.309883,3.871021,12.596318,4.219546,27.711901,0.000000,0.152907,9.283002,0.000000,-0.074684,27.864807,9.208318,-17.846287,11.428011,1.100000,1.106000
12.053780,2.068909,12.376759,2.711350,27.228870,0.000000,-0.069210,5.964970,0.000000,-0.137666,27.159660,5.827304,-11.501866,24.401855,1.100000,1.123000
12.126457,-0.382694,12.142174,0.561118,26.712784,0.000000,-0.003368,1.234459,0.000000,-0.202245,26.709415,1.032214,10.429029,46.054695,1.100000,1.099000
11.103111,-3.926350,11.567883,-2.399217,25.449343,0.000000,-0.099594,-5.278277,0.000000,-0.327243,25.349749,-5.605520,7.701569,16.651722,1.100000,1.102000
9.998344,-6.925495,10.333154,-5.939460,22.732939,0.000000,-0.071745,-13.066812,0.000000,-0.211293,22.661194,-13.278105,18.528812,21.346668,1.100000,1.098000
8.969406,-8.301128,9.440624,-7.632765,20.769373,0.000000,-0.100975,-16.792084,0.000000,-0.143221,20.668398,-16.935305,8.728320,14.138692,1.100000,1.099000
6.155479,-10.307693,7.180004,-9.701612,15.796008,0.000000,-0.219541,-21.343548,0.000000,-0.129875,15.576468,-21.473423,35.501934,17.580044,1.100000,1.069000
3.773926,-9.884487,4.679665,-9.938484,10.295262,0.000000,-0.194087,-21.864666,0.000000,0.011570,10.101175,-21.853096,14.685589,-0.053507,1.100000,1.091000
0.110741,-10.845638,1.456271,-10.447743,3.203797,0.000000,-0.288328,-22.985037,0.000000,-0.085263,2.915469,-23.070299,27.059988,6.212588,1.100000,1.110000
-2.303185,-11.284756,-1.396118,-11.205029,-3.071460,0.000000,-0.194371,-24.651064,0.000000,-0.017085,-3.265831,-24.668148,14.414591,-3.341660,1.100000,1.122000
-4.147400,-9.855946,-3.421499,-10.369049,-7.527298,0.000000,-0.155550,-22.811909,0.000000,0.109951,-7.682848,-22.701958,8.165471,-4.815001,1.100000,1.110000
-6.749580,-8.801334,-5.936081,-9.132099,-13.059379,0.000000,-0.174321,-20.090618,0.000000,0.070878,-13.233700,-20.019741,8.994300,-12.181003,1.100000,1.104000
-8.243736,-7.611019,-7.630560,-8.057545,-16.787231,0.000000,-0.131395,-17.726599,0.000000,0.095684,-16.918627,-17.630915,6.322443,-14.934231,1.100000,1.102000
-8.768974,-5.625412,-8.717405,-6.484607,-19.178291,0.000000,-0.011050,-14.266136,0.000000,0.184113,-19.189341,-14.082023,-2.324149,-28.447966,1.100000,1.092000
-7.689484,-2.787979,-8.083251,-3.773884,-17.783154,0.000000,0.084379,-8.302545,0.000000,0.211265,-17.698774,-8.091279,-9.800145,-16.543335,1.100000,1.097000
-6.064079,-1.040474,-6.727702,-1.692080,-14.800944,0.000000,0.142205,-3.722577,0.000000,0.139630,-14.658740,-3.582947,-5.941495,-21.530531,1.100000,1.096000
-4.510818,0.643929,-5.091589,-0.091260,-11.201496,0.000000,0.124451,-0.200772,0.000000,0.157540,-11.077045,-0.043231,-13.781942,-10.509229,1.100000,1.113000
-2.433334,2.279999,-3.452496,1.675710,-7.595492,0.000000,0.218392,3.686563,0.000000,0.129490,-7.377100,3.816053,-39.572449,-20.800039,1.100000,1.104000
0.710480,3.653912,-0.449473,3.169092,-0.988840,0.000000,0.248561,6.972003,0.000000,0.103890,-0.740279,7.075893,-5.415784,-10.677660,1.100000,1.115000
2.497528,3.426689,1.895664,3.480251,4.170462,0.000000,0.128971,7.656553,0.000000,-0.011478,4.299432,7.645076,-0.723673,-5.881157,1.100000,1.111000
3.806343,3.520866,3.304909,3.420519,7.270800,0.000000,0.107450,7.525142,0.000000,0.021503,7.378250,7.546645,-22.595467,4.065482,1.100000,1.082000
4.696373,3.069305,4.363544,3.328636,9.599798,0.000000,0.071320,7.322999,0.000000,-0.055571,9.671119,7.267428,-2.281335,4.201768,1.100000,1.075000
3.034714,1.983471,3.666805,2.398393,8.066970,0.000000,-0.135448,5.276465,0.000000,-0.088912,7.931522,5.187553,-4.817068,7.331136,1.100000,1.088000
2.108879,1.217754,2.359828,1.525743,5.191623,0.000000,-0.053775,3.356636,0.000000,-0.065998,5.137848,3.290638,12.588236,7.313355,1.100000,1.082000
-0.133553,0.409016,0.801474,0.711756,1.763243,0.000000,-0.200363,1.565863,0.000000,-0.064873,1.562880,1.500991,5.675176,7.158613,1.100000,1.100000
-3.276665,0.321667,-2.137815,0.316505,-4.703194,0.000000,-0.244039,0.696311,0.000000,0.001106,-4.947233,0.697417,16.812283,8.957043,1.100000,1.108000
-5.545151,0.160534,-4.549090,0.240001,-10.007999,0.000000,-0.213441,0.528002,0.000000,-0.017029,-10.221440,0.510973,9.915869,9.040962,1.100000,1.103000
-7.345001,-0.041668,-6.630614,-0.004790,-14.587352,0.000000,-0.153083,-0.010538,0.000000,-0.007902,-14.740435,-0.018441,3.693371,-5.104129,1.100000,1.077000
-8.570251,-0.563637,-8.089230,-0.443059,-17.796305,0.000000,-0.103076,-0.974730,0.000000,-0.025838,-17.899382,-1.000568,21.300333,-9.713818,1.100000,1.075000
-9.413040,0.098663,-9.315001,-0.220617,-20.493002,0.000000,-0.021008,-0.485358,0.000000,0.068417,-20.514009,-0.416940,23.162521,-4.013524,1.100000,1.073000
-9.658249,0.867004,-9.484796,0.682107,-20.866550,0.000000,-0.037168,1.500635,0.000000,0.039621,-20.903719,1.540256,0.488106,-2.848436,1.100000,1.089000
-8.690353,1.749577,-9.247989,1.258775,-20.345575,0.000000,0.119493,2.769305,0.000000,0.105172,-20.226082,2.874477,-1.150516,-14.554570,1.100000,1.097000
-7.876060,3.361629,-8.171768,2.820799,-17.977890,0.000000,0.063366,6.205758,0.000000,0.115892,-17.914524,6.321651,-13.235412,-10.443953,1.100000,1.097000
-7.617599,4.350250,-7.822177,4.065013,-17.208790,0.000000,0.043838,8.943028,0.000000,0.061122,-17.164951,9.004150,2.066285,2.080132,1.100000,1.099000
-7.456520,3.849499,-7.364963,4.001551,-16.202919,0.000000,-0.019619,8.803411,0.000000,-0.032583,-16.222538,8.770829,-15.985144,2.919900,1.100000,1.083000
-6.765099,3.870804,-7.164535,3.913872,-15.761976,0.000000,0.085593,8.610518,0.000000,-0.009229,-15.676383,8.601289,0.819863,-1.309947,1.100000,1.081000
-7.033501,3.286430,-7.104460,3.441531,-15.629813,0.000000,0.015206,7.571368,0.000000,-0.033236,-15.614608,7.538132,-8.307283,0.935920,1.100000,1.073000
-6.095314,2.801003,-6.347981,3.055726,-13.965560,0.000000,0.054143,6.722597,0.000000,-0.054584,-13.911417,6.668013,1.856126,8.420824,1.100000,1.082000
-5.290970,1.857861,-5.632605,2.168004,-12.391730,0.000000,0.073208,4.769609,0.000000,-0.066459,-12.318522,4.703150,2.006173,-1.055734,1.100000,1.084000
-5.364708,1.238655,-5.314974,1.457264,-11.692944,0.000000,-0.010657,3.205982,0.000000,-0.046845,-11.703601,3.159137,15.648849,10.167889,1.100000,1.089000
-6.035416,1.070827,-5.821673,1.145933,-12.807681,0.000000,-0.045802,2.521052,0.000000,-0.016094,-12.853483,2.504958,-2.161846,5.297175,1.100000,1.094000
-7.979797,1.021885,-7.349829,1.056430,-16.169624,0.000000,-0.134993,2.324146,0.000000,-0.007402,-16.304617,2.316743,9.627449,9.219923,1.100000,1.082000
-10.329964,1.345119,-9.451655,1.220187,-20.793642,0.000000,-0.188209,2.684411,0.000000,0.026771,-20.981852,2.711182,25.518196,-1.389877,1.100000,1.090000
-12.043991,1.918781,-11.516436,1.755260,-25.336159,0.000000,-0.113048,3.861572,0.000000,0.035040,-25.449205,3.896612,0.991692,3.213488,1.100000,1.082000
-12.504204,1.487396,-12.228204,1.633221,-26.902048,0.000000,-0.059143,3.593085,0.000000,-0.031248,-26.961191,3.561837,-5.281953,0.795514,1.100000,1.086000
-12.998291,1.375427,-12.934893,1.373146,-28.456764,0.000000,-0.013586,3.020921,0.000000,0.000489,-28.470350,3.021410,-0.575257,-0.157894,1.100000,1.087000
-12.950844,0.823730,-12.890089,0.993295,-28.358196,0.000000,-0.013019,2.185250,0.000000,-0.036335,-28.371214,2.148915,-6.454381,-2.058510,1.100000,1.081000
-12.053963,0.478920,-12.357046,0.591672,-27.185503,0.000000,0.064947,1.301679,0.000000,-0.024161,-27.120556,1.277518,-29.333389,1.911633,1.100000,1.083000
-10.729546,0.153591,-11.362625,0.283712,-24.997776,0.000000,0.135660,0.624166,0.000000,-0.027883,-24.862116,0.596283,-14.957876,-0.522919,1.100000,1.092000
-10.367279,-0.110184,-10.570391,-0.175307,-23.254860,0.000000,0.043524,-0.385676,0.000000,0.013955,-23.211336,-0.371721,-17.181143,3.044104,1.100000,1.080000
-8.083336,0.310001,-9.038483,0.286777,-19.884663,0.000000,0.204674,0.630911,0.000000,0.004977,-19.679989,0.635887,-31.325388,-5.712618,1.100000,1.082000
-4.723228,0.830315,-5.942797,0.609249,-13.074153,0.000000,0.261336,1.340347,0.000000,0.047371,-12.812817,1.387719,-31.647661,-3.621514,1.100000,1.078000
-1.858322,1.443165,-3.153821,1.201254,-6.938407,0.000000,0.277607,2.642759,0.000000,0.051838,-6.660800,2.694597,-25.038559,-2.711251,1.100000,1.078000
1.542763,1.338818,0.164957,1.298376,0.362904,0.000000,0.295244,2.856427,0.000000,0.008666,0.658149,2.865093,-18.901606,-2.674097,1.100000,1.088000
4.530380,1.466339,3.373375,1.452803,7.421425,0.000000,0.247930,3.196166,0.000000,0.002901,7.669355,3.199066,-24.868856,4.249003,1.100000,1.082000
7.379311,1.464695,5.511919,1.491483,12.126222,0.000000,0.333463,3.281262,0.000000,-0.004784,12.459684,3.276478,-35.262890,3.589285,1.100000,1.084000
8.610199,1.368420,7.917224,1.351201,17.417892,0.000000,0.148495,2.972642,0.000000,0.003690,17.566387,2.976332,-18.894543,0.487608,1.100000,1.079000
9.690399,1.271523,9.073116,1.318211,19.960855,0.000000,0.132275,2.900064,0.000000,-0.010005,20.093130,2.890060,-15.994957,2.740585,1.100000,1.104000
10.355484,1.458473,10.186748,1.406757,22.410845,0.000000,0.036158,3.094866,0.000000,0.011082,22.447002,3.105948,-6.540237,4.260746,1.100000,1.090000
10.355484,1.458473,10.186748,1.406757,22.410845,0.000000,0.036158,3.094866,0.000000,0.011082,22.447002,3.105948,-6.540237,4.260746,1.100000,1.090000
0.000000,0.000000,-49.677010,-21.720798,-109.289421,0.000000,-0.141505,-47.785759,0.000000,-0.101377,-100.000000,-47.887135,0.582951,5.643296,1.100000,1.094000
-57.166271,-24.942993,-54.800797,-23.933315,-120.561752,0.000000,-0.506887,-52.653294,0.000000,-0.216359,-100.000000,-52.869652,-6.704594,1.887573,1.100000,1.103000
-59.546082,-25.663593,-58.947392,-25.504866,-129.684265,0.000000,-0.128290,-56.110706,0.000000,-0.034013,-100.000000,-56.144718,-23.875303,-6.453023,1.100000,1.088000
-56.856480,-24.166668,-57.823776,-24.640100,-127.212311,0.000000,0.207279,-54.208221,0.000000,0.101450,-100.000000,-54.106773,-97.105423,-20.598333,1.100000,1.098000
-52.356819,-21.709091,-54.026115,-22.601196,-118.857460,0.000000,0.357706,-49.722633,0.000000,0.191166,-100.000000,-49.531467,-60.477177,-8.074614,1.100000,1.107000
-49.892376,-20.172646,-50.825569,-20.699184,-111.816254,0.000000,0.190448,-45.538208,0.000000,0.107457,-100.000000,-45.430752,-87.869080,-12.398007,1.100000,1.126000
-48.322441,-19.318081,-48.939480,-19.631371,-107.666855,0.000000,0.132223,-43.189014,0.000000,0.067134,-100.000000,-43.121880,-78.513252,-20.024374,1.100000,1.119000
-45.983265,-18.133892,-46.894554,-18.584768,-103.168022,0.000000,0.185977,-40.886490,0.000000,0.092015,-100.000000,-40.794476,-77.398125,-22.036659,1.100000,1.107000
-43.483402,-17.246887,-44.540192,-17.555687,-97.988426,0.000000,0.226454,-38.622513,0.000000,0.066172,-97.761971,-38.556343,-68.180763,-32.033894,1.100000,1.103000
-41.091633,-16.127491,-41.968918,-16.618998,-92.331619,0.000000,0.187990,-36.561794,0.000000,0.105323,-92.143631,-36.456470,-100.657936,-23.496592,1.100000,1.102000
-36.673786,-14.978642,-38.478397,-15.387892,-84.652473,0.000000,0.386703,-33.853363,0.000000,0.087697,-84.265770,-33.765667,-88.755707,-44.656242,1.100000,1.104000
-30.642460,-12.700188,-33.187809,-13.653439,-73.013184,0.000000,0.545431,-30.037565,0.000000,0.204268,-72.467751,-29.833298,-117.336884,-7.200788,1.100000,1.107000
-21.169945,-11.298748,-24.894741,-11.778662,-54.768433,0.000000,0.798170,-25.913055,0.000000,0.102839,-53.970264,-25.810217,-123.891945,-36.473347,1.100000,1.109000
-11.699997,-7.944828,-15.456525,-9.262325,-34.004356,0.000000,0.804970,-20.377115,0.000000,0.282320,-33.199387,-20.094795,-122.291107,-29.031620,1.100000,1.111000
-2.476585,-4.981606,-5.987424,-6.071872,-13.172333,0.000000,0.752322,-13.358119,0.000000,0.233629,-12.420011,-13.124491,-122.315140,-25.828991,1.100000,1.099000
-2.476585,-4.981606,-5.987424,-6.071872,-13.172333,0.000000,0.752322,-13.358119,0.000000,0.233629,-12.420011,-13.124491,-122.315140,-25.828991,1.100000,1.099000
13.530479,-0.133442,10.505238,-1.109818,23.111523,0.000000,0.648266,-2.441599,0.000000,0.209223,23.759789,-2.232376,-77.985794,-27.419140,1.100000,1.101000
20.020164,1.574791,17.526155,1.091017,38.557545,0.000000,0.534430,2.400238,0.000000,0.103666,39.091976,2.503904,-58.220840,-19.661335,1.100000,1.110000
24.659897,1.979694,22.887419,1.698341,50.352322,0.000000,0.379817,3.736350,0.000000,0.060290,50.732140,3.796640,-48.191223,-33.358837,1.100000,1.106000
27.079796,2.616299,26.191700,2.424045,57.621742,0.000000,0.190306,5.332898,0.000000,0.041197,57.812046,5.374095,-18.458914,-8.593575,1.100000,1.104000
26.548225,2.335026,26.911877,2.461387,59.206131,0.000000,-0.077926,5.415052,0.000000,-0.027077,59.128204,5.387975,3.479414,2.780837,1.100000,1.111000
23.603745,2.219387,24.695276,2.146744,54.329609,0.000000,-0.233900,4.722836,0.000000,0.015566,54.095711,4.738403,21.761856,-5.166424,1.100000,1.112000
18.906303,3.018738,20.676245,2.675442,45.487740,0.000000,-0.379273,5.885973,0.000000,0.073563,45.108467,5.959537,23.361717,22.980965,1.100000,1.123000
15.427368,2.209461,16.856186,2.636605,37.083611,0.000000,-0.306175,5.800530,0.000000,-0.091531,36.777435,5.709000,51.576660,-5.996821,1.100000,1.119000
11.257957,2.100502,12.791560,2.083762,28.141434,0.000000,-0.328629,4.584276,0.000000,0.003587,27.812805,4.587863,41.768635,-7.489134,1.100000,1.108000
7.993263,4.058922,9.203700,3.468770,20.248140,0.000000,-0.259379,7.631293,0.000000,0.126461,19.988762,7.757754,45.968822,-14.289257,1.100000,1.094000
4.499168,4.268784,6.033635,4.248934,13.273996,0.000000,-0.328814,9.347654,0.000000,0.004254,12.945182,9.351908,44.121075,-0.668466,1.100000,1.105000
0.377739,5.080948,2.036441,4.808112,4.480171,0.000000,-0.355436,10.577847,0.000000,0.058465,4.124735,10.636312,48.658012,-5.737343,1.100000,1.106000
-3.908630,4.923859,-2.566474,4.968640,-5.646243,0.000000,-0.359506,10.931009,0.000000,-0.011995,-6.005749,10.919014,36.284653,14.571190,1.100000,1.105000
-7.974403,4.136520,-6.513493,4.382037,-14.329684,0.000000,-0.313052,9.640481,0.000000,-0.052611,-14.642736,9.587871,26.239567,6.076018,1.100000,1.115000
-10.520691,4.103447,-9.603414,4.125948,-21.127510,0.000000,-0.196559,9.077085,0.000000,-0.004822,-21.324070,9.072264,24.918983,3.865966,1.100000,1.121000
-11.743942,3.897923,-11.158527,3.988610,-24.548761,0.000000,-0.125446,8.774941,0.000000,-0.019433,-24.674208,8.755508,11.749917,-4.249013,1.100000,1.115000
-11.956825,4.718483,-11.949857,4.243592,-26.289686,0.000000,-0.001493,9.335902,0.000000,0.101762,-26.291180,9.437664,5.726471,3.608576,1.100000,1.116000
-10.765007,4.933105,-11.254480,5.064301,-24.759857,0.000000,0.104887,11.141463,0.000000,-0.028113,-24.654970,11.113350,3.571054,0.372730,1.100000,1.111000
-8.629250,4.829933,-9.568908,4.782514,-21.051598,0.000000,0.201355,10.521530,0.000000,0.010161,-20.850243,10.531692,-22.380657,8.936290,1.100000,1.106000
-6.519455,3.893402,-7.302440,4.244279,-16.065367,0.000000,0.167782,9.337414,0.000000,-0.075188,-15.897585,9.262226,-19.234716,5.651982,1.100000,1.108000
-4.280136,3.052631,-5.288165,3.312286,-11.633964,0.000000,0.216006,7.287030,0.000000,-0.055640,-11.417957,7.231390,-23.916994,12.765900,1.100000,1.109000
-2.645378,1.732773,-3.225758,2.294000,-7.096667,0.000000,0.124367,5.046801,0.000000,-0.120263,-6.972300,4.926538,-20.972145,-3.016381,1.100000,1.106000
-1.200340,1.112793,-1.938128,1.252236,-4.263881,0.000000,0.158097,2.754920,0.000000,-0.029881,-4.105783,2.725039,-12.541972,11.547659,1.100000,1.098000
0.436028,-0.042088,-0.109764,0.478611,-0.241480,0.000000,0.116955,1.052944,0.000000,-0.111578,-0.124525,0.941366,-7.415207,10.577822,1.100000,1.115000
1.132553,-0.845638,0.667188,-0.636395,1.467814,0.000000,0.099721,-1.400069,0.000000,-0.044838,1.567535,-1.444907,-22.861326,2.206888,1.100000,1.097000
3.765602,-0.236088,2.829704,-0.370923,6.225348,0.000000,0.200550,-0.816031,0.000000,0.028893,6.425898,-0.787138,-2.972722,-3.910771,1.100000,1.107000
4.897995,-0.719063,4.360210,-0.642063,9.592463,0.000000,0.115240,-1.412539,0.000000,-0.016500,9.707702,-1.429039,-2.165287,0.499827,1.100000,1.110000
7.276093,0.585857,6.417256,0.143204,14.117965,0.000000,0.184036,0.315049,0.000000,0.094854,14.302001,0.409903,9.281860,1.850445,1.100000,1.114000
6.540268,0.697987,6.861589,0.592962,15.095496,0.000000,-0.068855,1.304516,0.000000,0.022505,15.026642,1.327022,-3.681053,-6.443370,1.100000,1.127000
5.735344,1.544388,6.028470,1.221359,13.262634,0.000000,-0.062813,2.686991,0.000000,0.069220,13.199821,2.756211,30.617531,0.568998,1.100000,1.113000
2.419029,1.345577,3.728976,1.420354,8.203747,0.000000,-0.280703,3.124780,0.000000,-0.016024,7.923044,3.108756,33.635551,4.987227,1.100000,1.101000
-0.124367,1.484035,0.841082,1.492033,1.850381,0.000000,-0.206882,3.282472,0.000000,-0.001714,1.643499,3.280758,14.130681,-0.715950,1.100000,1.099000
-2.485809,0.186977,-1.561163,0.664809,-3.434559,0.000000,-0.198138,1.462579,0.000000,-0.102392,-3.632698,1.360187,24.451111,-0.945509,1.100000,1.100000
0.000000,0.000000,0.000000,0.000000,0.000000,0.000000,0.000000,0.000000,0.000000,0.000000,0.000000,0.000000,16.627110,-5.446527,1.100000,1.118000
0.000000,0.000000,0.000000,0.000000,0.000000,0.000000,0.000000,0.000000,0.000000,0.000000,0.000000,0.000000,12.080593,-1.024342,1.100000,1.114000
0.000000,0.000000,0.000000,0.000000,0.000000,0.000000,0.000000,0.000000,0.000000,0.000000,0.000000,0.000000,5.762462,-3.381383,1.100000,1.115000
0.000000,0.000000,0.000000,0.000000,0.000000,0.000000,0.000000,0.000000,0.000000,0.000000,0.000000,0.000000,3.186408,8.186640,1.100000,1.121000
0.000000,0.000000,0.000000,0.000000,0.000000,0.000000,0.000000,0.000000,0.000000,0.000000,0.000000,0.000000,-15.059728,10.294460,1.100000,1.113000
0.000000,0.000000,0.000000,0.000000,0.000000,0.000000,0.000000,0.000000,0.000000,0.000000,0.000000,0.000000,-23.446213,2.027831,1.100000,1.103000
0.000000,0.000000,0.000000,0.000000,0.000000,0.000000,0.000000,0.000000,0.000000,0.000000,0.000000,0.000000,-2.464611,-1.947645,1.100000,1.103000
0.000000,0.000000,0.000000,0.000000,0.000000,0.000000,0.000000,0.000000,0.000000,0.000000,0.000000,0.000000,0.980009,-7.268215,1.100000,1.093000
0.000000,0.000000,0.000000,0.000000,0.000000,0.000000,0.000000,0.000000,0.000000,0.000000,0.000000,0.000000,-10.154413,-3.895435,1.100000,1.112000
0.000000,0.000000,0.000000,0.000000,0.000000,0.000000,0.000000,0.000000,0.000000,0.000000,0.000000,0.000000,-12.783759,-1.738439,1.100000,1.109000
0.000000,0.000000,0.000000,0.000000,0.000000,0.000000,0.000000,0.000000,0.000000,0.000000,0.000000,0.000000,-18.180040,-3.006470,1.100000,1.111000
0.000000,0.000000,0.000000,0.000000,0.000000,0.000000,0.000000,0.000000,0.000000,0.000000,0.000000,0.000000,-13.815658,2.340808,1.100000,1.113000
0.000000,0.000000,0.000000,0.000000,0.000000,0.000000,0.000000,0.000000,0.000000,0.000000,0.000000,0.000000,-7.160382,-2.530784,1.100000,1.101000
0.000000,0.000000,0.000000,0.000000,0.000000,0.000000,0.000000,0.000000,0.000000,0.000000,0.000000,0.000000,6.354803,-2.269605,1.100000,1.092000
0.000000,0.000000,0.000000,0.000000,0.000000,0.000000,0.000000,0.000000,0.000000,0.000000,0.000000,0.000000,-11.988838,1.278640,1.100000,1.093000
0.000000,0.000000,0.000000,0.000000,0.000000,0.000000,0.000000,0.000000,0.000000,0.000000,0.000000,0.000000,5.075484,1.753867,1.100000,1.123000
0.000000,0.000000,0.000000,0.000000,0.000000,0.000000,0.000000,0.000000,0.000000,0.000000,0.000000,0.000000,3.235662,-2.084084,1.100000,1.108000
0.000000,0.000000,0.000000,0.000000,0.000000,0.000000,0.000000,0.000000,0.000000,0.000000,0.000000,0.000000,1.160698,-0.911674,1.100000,1.095000
0.000000,0.000000,0.000000,0.000000,0.000000,0.000000,0.000000,0.000000,0.000000,0.000000,0.000000,0.000000,-4.338071,1.657890,1.100000,1.086000
0.000000,0.000000,0.000000,0.000000,0.000000,0.000000,0.000000,0.000000,0.000000,0.000000,0.000000,0.000000,3.189629,10.993944,1.100000,1.106000
0.000000,0.000000,0.000000,0.000000,0.000000,0.000000,0.000000,0.000000,0.000000,0.000000,0.000000,0.000000,-4.069012,4.625793,1.100000,1.111000
0.000000,0.000000,0.000000,0.000000,0.000000,0.000000,0.000000,0.000000,0.000000,0.000000,0.000000,0.000000,3.212238,7.592192,1.100000,1.100000
0.000000,0.000000,0.000000,0.000000,0.000000,0.000000,0.000000,0.000000,0.000000,0.000000,0.000000,0.000000,4.249748,4.820247,1.100000,1.102000
0.000000,0.000000,0.000000,0.000000,0.000000,0.000000,0.000000,0.000000,0.000000,0.000000,0.000000,0.000000,-4.037266,8.878966,1.100000,1.096000
0.000000,0.000000,0.000000,0.000000,0.000000,0.000000,0.000000,0.000000,0.000000,0.000000,2.000000,0.000000,-19.909531,-4.588504,1.100000,1.098000
0.000000,0.000000,0.000000,0.000000,0.000000,0.000000,0.000000,0.000000,0.000000,0.000000,60.500000,0.000000,-14.384895,1.998832,1.100000,1.099000
0.000000,0.000000,0.000000,0.000000,0.000000,0.000000,0.000000,0.000000,0.000000,0.000000,65.300003,13.800001,-27.953285,-9.162464,1.100000,1.100000
0.000000,0.000000,0.000000,0.000000,0.000000,0.000000,0.000000,0.000000,0.000000,0.000000,69.000000,27.200001,-2.241075,11.269912,1.100000,1.091000
0.000000,0.000000,0.000000,0.000000,0.000000,0.000000,0.000000,0.000000,0.000000,0.000000,50.700001,54.000000,13.639605,-6.785181,1.100000,1.090000
0.000000,0.000000,0.000000,0.000000,0.000000,0.000000,0.000000,0.000000,0.000000,0.000000,41.900002,82.800003,21.245680,1.644264,1.100000,1.090000
0.000000,0.000000,0.000000,0.000000,0.000000,0.000000,0.000000,0.000000,0.000000,0.000000,57.500000,62.300003,28.756672,13.127600,1.100000,1.085000
0.000000,0.000000,0.000000,0.000000,0.000000,0.000000,0.000000,0.000000,0.000000,0.000000,36.500000,29.200001,42.049030,12.878230,1.100000,1.099000
0.000000,0.000000,0.000000,0.000000,0.000000,0.000000,0.000000,0.000000,0.000000,0.000000,36.000000,32.299999,37.843147,34.366287,1.100000,1.094000
0.000000,0.000000,0.000000,0.000000,0.000000,0.000000,0.000000,0.000000,0.000000,0.000000,47.000000,52.100002,29.858641,23.579247,1.100000,1.104000
0.000000,0.000000,0.000000,0.000000,0.000000,0.000000,0.000000,0.000000,0.000000,0.000000,61.400002,38.400002,23.610437,35.009926,1.100000,1.099000
0.000000,0.000000,0.000000,0.000000,0.000000,0.000000,0.000000,0.000000,0.000000,0.000000,69.000000,32.299999,34.357914,34.500587,1.100000,1.102000
0.000000,0.000000,0.000000,0.000000,0.000000,0.000000,0.000000,0.000000,0.000000,0.000000,61.900002,35.500000,30.160589,29.222200,1.100000,1.108000
0.000000,0.000000,0.000000,0.000000,0.000000,0.000000,0.000000,0.000000,0.000000,0.000000,57.500000,45.500000,41.711613,21.447187,1.100000,1.100000
0.000000,0.000000,0.000000,0.000000,0.000000,0.000000,0.000000,0.000000,0.000000,0.000000,55.799999,52.299999,48.720142,30.343136,1.100000,1.099000
0.000000,0.000000,0.000000,0.000000,0.000000,0.000000,0.000000,0.000000,0.000000,0.000000,51.700001,69.700005,64.845985,21.487465,1.100000,1.100000
0.000000,0.000000,0.000000,0.000000,0.000000,0.000000,0.000000,0.000000,0.000000,0.000000,47.000000,65.800003,58.388931,23.573679,1.100000,1.101000
0.000000,0.000000,0.000000,0.000000,0.000000,0.000000,0.000000,0.000000,0.000000,0.000000,45.799999,66.200005,42.053387,32.096210,1.100000,1.101000
34.000000,58.230766,0.000000,0.000000,0.000000,0.000000,0.000000,0.000000,0.000000,0.000000,27.200001,43.799999,30.972942,30.989170,1.100000,1.098000
29.425926,56.398148,0.000000,0.000000,0.000000,0.000000,0.000000,0.000000,0.000000,0.000000,7.200000,12.300001,30.077290,24.773220,1.100000,1.096000
27.038612,52.355209,27.778538,53.887897,61.112785,0.000000,-0.158556,118.553375,0.000000,-0.328434,60.954231,100.000000,60.828629,52.955177,1.100000,1.092000
28.831047,53.689499,28.235142,53.481674,62.117313,0.000000,0.127694,117.659683,0.000000,0.044535,62.245007,100.000000,20.826038,83.088959,1.100000,1.090000
29.621948,53.036583,29.342987,53.464394,64.554573,0.000000,0.059777,117.621666,0.000000,-0.091675,64.614349,100.000000,11.713053,64.110924,1.100000,1.086000
30.848740,53.369751,30.305687,53.246719,66.672516,0.000000,0.116368,117.142784,0.000000,0.026365,66.788887,100.000000,45.125896,40.417374,1.100000,1.085000
30.911018,53.593224,30.992224,53.517570,68.182892,0.000000,-0.017402,117.738655,0.000000,0.016211,68.165489,100.000000,50.918503,36.693802,1.100000,1.087000
29.620438,52.879562,30.109236,53.103851,66.240318,0.000000,-0.104742,116.828476,0.000000,-0.048061,66.135574,100.000000,52.459167,63.758701,1.100000,1.083000
29.003151,52.274445,29.418255,52.528423,64.720161,0.000000,-0.088950,115.562531,0.000000,-0.054424,64.631210,100.000000,72.309616,43.325508,1.100000,1.078000
25.890663,50.632004,27.084324,51.159214,59.585514,0.000000,-0.255785,112.550270,0.000000,-0.112974,59.329731,100.000000,-51.888855,-0.256489,1.100000,1.076000
25.763496,50.768639,25.493710,50.733715,56.086163,0.000000,0.057812,111.614174,0.000000,0.007483,56.143974,100.000000,127.387695,78.805885,1.100000,1.084000
22.562767,47.867966,24.194967,48.960945,53.228928,0.000000,-0.349757,107.714081,0.000000,-0.234211,52.879169,100.000000,-65.785828,-8.611549,1.100000,1.084000
22.939201,48.534592,22.669210,48.529900,49.872265,0.000000,0.057856,106.765785,0.000000,0.001005,49.930119,100.000000,77.426521,72.678810,1.100000,1.091000
16.364525,41.838203,19.134750,44.253368,42.096451,0.000000,-0.593620,97.357414,0.000000,-0.517534,41.502831,96.839882,91.527306,85.418877,1.100000,1.095000
5.439255,34.028038,9.468326,37.519577,20.830317,0.000000,-0.863372,82.543068,0.000000,-0.748186,19.966944,81.794884,80.718559,89.294151,1.100000,1.090000
-0.876785,23.298218,1.577495,27.240656,3.470489,0.000000,-0.525917,59.929443,0.000000,-0.844808,2.944572,59.084637,69.171982,118.807106,1.100000,1.085000
-8.642860,9.697281,-5.549837,15.065311,-12.209641,0.000000,-0.662790,33.143684,0.000000,-1.150292,-12.872432,31.993393,56.715904,125.215218,1.100000,1.083000
-15.926994,-4.371819,-13.119063,1.030797,-28.861940,0.000000,-0.601699,2.267754,0.000000,-1.157703,-29.463640,1.110051,53.343098,106.276031,1.100000,1.086000
-20.045219,-13.566956,-18.528370,-10.119666,-40.762413,0.000000,-0.325040,-22.263266,0.000000,-0.738705,-41.087452,-23.001970,42.331741,110.888115,1.100000,1.112000
-23.611015,-20.484901,-22.105194,-17.738750,-48.631428,0.000000,-0.322677,-39.025253,0.000000,-0.588461,-48.954105,-39.613712,16.927063,84.993523,1.100000,1.112000
-26.121216,-24.746880,-25.226574,-23.135500,-55.498463,0.000000,-0.191709,-50.898102,0.000000,-0.345296,-55.690170,-51.243397,6.240867,67.276428,1.100000,1.128000
-26.019783,-26.228416,-25.998480,-25.606787,-57.196655,0.000000,-0.004565,-56.334930,0.000000,-0.133206,-57.201221,-56.468136,-4.280039,35.702972,1.100000,1.153000
-26.182472,-27.293381,-26.241613,-26.951283,-57.731552,0.000000,0.012673,-59.292824,0.000000,-0.073306,-57.718880,-59.366131,-40.853535,25.936047,1.100000,1.160000
-21.193550,-25.580647,-23.133516,-26.207855,-50.893738,0.000000,0.415707,-57.657284,0.000000,0.134402,-50.478031,-57.522881,-47.235313,10.552482,1.100000,1.163000
-15.650879,-24.835087,-17.645947,-25.074772,-38.821083,0.000000,0.427515,-55.164501,0.000000,0.051361,-38.393570,-55.113140,-72.225151,-4.741635,1.100000,1.141000
-8.169518,-22.777397,-11.343410,-23.791496,-24.955503,0.000000,0.680120,-52.341293,0.000000,0.217307,-24.275383,-52.123985,-73.940247,-25.188265,1.100000,1.124000
2.596024,-17.261589,-1.212542,-19.243866,-2.667593,0.000000,0.816121,-42.336506,0.000000,0.424774,-1.851472,-41.911732,-96.853981,-30.839729,1.100000,1.109000
11.624588,-13.473423,8.114092,-14.967843,17.851002,0.000000,0.752249,-32.929256,0.000000,0.320233,18.603251,-32.609024,-73.913979,-35.555824,1.100000,1.104000
19.807755,-7.440136,16.554171,-9.775978,36.419178,0.000000,0.697196,-21.507153,0.000000,0.500538,37.116375,-21.006615,-68.830147,-24.194817,1.100000,1.118000
25.375214,-2.666092,23.316624,-4.390531,51.296574,0.000000,0.441127,-9.659168,0.000000,0.369523,51.737701,-9.289646,-55.181725,-35.896564,1.100000,1.133000
27.850693,1.020832,26.888559,-0.546795,59.154831,0.000000,0.206172,-1.202949,0.000000,0.335920,59.361004,-0.867029,-17.338579,-62.374313,1.100000,1.139000
29.102654,6.488495,28.749649,4.301541,63.249229,0.000000,0.075644,9.463390,0.000000,0.468633,63.324871,9.932023,6.225085,-18.322338,1.100000,1.134000
26.924164,9.940033,27.725863,8.687573,60.996899,0.000000,-0.171792,19.112661,0.000000,0.268384,60.825108,19.381046,14.401051,-49.530979,1.100000,1.126000
25.263252,12.865723,25.817135,11.528417,56.797699,0.000000,-0.118690,25.362516,0.000000,0.286565,56.679008,25.649082,21.686237,-19.723333,1.100000,1.119000
22.250000,14.951050,23.490156,14.309435,51.678345,0.000000,-0.265748,31.480757,0.000000,0.137489,51.412598,31.618246,27.368820,-15.854928,1.100000,1.115000
18.395760,14.395760,19.869089,14.493634,43.711998,0.000000,-0.315713,31.885996,0.000000,-0.020973,43.396286,31.865023,42.566406,-2.387338,1.100000,1.115000
15.363792,13.113792,16.661173,13.663253,36.654583,0.000000,-0.278010,30.059156,0.000000,-0.117742,36.376572,29.941416,45.078602,5.636601,1.100000,1.110000
10.625641,10.760681,12.416069,11.599250,27.315353,0.000000,-0.383663,25.518351,0.000000,-0.179693,26.931690,25.338657,61.369736,10.562902,1.100000,1.105000
6.238014,9.940071,8.023690,10.277285,17.652119,0.000000,-0.382645,22.610027,0.000000,-0.072260,17.269474,22.537767,48.440353,22.363379,1.100000,1.100000
2.748726,8.584038,4.222540,9.165195,9.289588,0.000000,-0.315817,20.163431,0.000000,-0.124534,8.973771,20.038898,38.097549,18.459757,1.100000,1.095000
-0.186440,5.737289,0.935010,6.780822,2.057021,0.000000,-0.240311,14.917809,0.000000,-0.223614,1.816711,14.694195,20.162491,18.867977,1.100000,1.101000
-2.349998,2.421665,-1.596117,3.611787,-3.511457,0.000000,-0.161546,7.945930,0.000000,-0.255026,-3.673003,7.690905,12.992097,1.171932,1.100000,1.103000
-2.912750,0.848991,-2.717994,1.337622,-5.979588,0.000000,-0.041733,2.942769,0.000000,-0.104707,-6.021321,2.838063,10.567350,0.968700,1.100000,1.111000
-2.885712,0.895798,-2.841653,0.860101,-6.251637,0.000000,-0.009441,1.892222,0.000000,0.007649,-6.261078,1.899871,2.309010,13.995055,1.100000,1.104000
-3.145973,0.090603,-3.132660,0.446014,-6.891851,0.000000,-0.002853,0.981230,0.000000,-0.076159,-6.894704,0.905071,-2.961993,12.151569,1.100000,1.109000
-2.454849,-1.247490,-2.703669,-0.713483,-5.948072,0.000000,0.053318,-1.569662,0.000000,-0.114430,-5.894753,-1.684092,-11.078821,11.128655,1.100000,1.115000
-1.426666,-2.443333,-1.808861,-2.050015,-3.979493,0.000000,0.081899,-4.510033,0.000000,-0.084282,-3.897595,-4.594316,-14.576405,-2.069754,1.100000,1.113000
1.767166,-0.944725,0.448205,-1.559502,0.986051,0.000000,0.282635,-3.430905,0.000000,0.131738,1.268685,-3.299167,-36.728600,-12.020226,1.100000,1.115000
7.448738,2.200001,5.235255,1.093800,11.517562,0.000000,0.474318,2.406359,0.000000,0.237043,11.991879,2.643402,-21.050026,2.143725,1.100000,1.119000
11.229202,3.057724,9.841631,2.697633,21.651588,0.000000,0.297337,5.934793,0.000000,0.077162,21.948925,6.011955,-12.870971,7.221163,1.100000,1.110000
13.421959,3.363636,12.433881,3.211472,27.354538,0.000000,0.211731,7.065238,0.000000,0.032607,27.566269,7.097845,-37.383011,-6.590498,1.100000,1.133000
14.967186,3.426598,14.322851,3.426395,31.510273,0.000000,0.138072,7.538070,0.000000,0.000043,31.648344,7.538113,-30.699661,-1.221709,1.100000,1.130000
15.265305,3.000000,15.108666,3.164138,33.239067,0.000000,0.033566,6.961104,0.000000,-0.035172,33.272633,6.925932,-9.893822,5.256811,1.100000,1.121000
12.668365,1.921768,14.240845,2.277689,31.329859,0.000000,-0.280800,5.010916,0.000000,-0.063557,31.049059,4.947359,-6.162542,16.433464,1.100000,1.123000
14.951973,1.265865,14.741572,1.391532,32.431461,0.000000,0.045086,3.061370,0.000000,-0.026929,32.476547,3.034442,2.346828,10.528109,1.100000,1.122000
14.718384,0.878582,14.818182,1.075217,32.600002,0.000000,-0.021385,2.365477,0.000000,-0.042136,32.578617,2.323341,-0.159796,10.703730,1.100000,1.114000
12.805367,-0.926174,13.652862,-0.154939,30.036297,0.000000,-0.181606,-0.340866,0.000000,-0.165265,29.854691,-0.506130,23.867619,18.515894,1.100000,1.116000
10.258766,-2.347244,11.120779,-1.862752,24.465714,0.000000,-0.184717,-4.098054,0.000000,-0.103820,24.280996,-4.201874,8.378885,11.126600,1.100000,1.109000
10.713814,-1.370068,10.580641,-1.671400,23.277411,0.000000,0.028537,-3.677081,0.000000,0.064571,23.305946,-3.612510,11.978826,20.109543,1.100000,1.090000
10.135536,-2.961983,10.432329,-2.277270,22.951124,0.000000,-0.063598,-5.009995,0.000000,-0.146724,22.887526,-5.156719,10.060879,19.052525,1.100000,1.097000
9.160713,-4.314934,9.558270,-3.791625,21.028193,0.000000,-0.089674,-8.341577,0.000000,-0.118039,20.938519,-8.459616,13.881269,16.120840,1.100000,1.089000
7.430191,-6.790585,7.923727,-5.875395,17.432199,0.000000,-0.105758,-12.925870,0.000000,-0.196112,17.326443,-13.121982,17.705090,33.111336,1.100000,1.078000
6.802589,-8.902912,7.120473,-8.009802,15.665042,0.000000,-0.068118,-17.621565,0.000000,-0.191380,15.596924,-17.812944,22.532057,24.914999,1.100000,1.080000
4.109833,-11.790165,5.148973,-10.648442,11.327742,0.000000,-0.222673,-23.426573,0.000000,-0.244655,11.105068,-23.671227,14.102789,16.718201,1.100000,1.068000
0.547966,-15.426018,1.911762,-14.095610,4.205877,0.000000,-0.292242,-31.010342,0.000000,-0.285087,3.913635,-31.295429,21.789669,5.945635,1.100000,1.079000
-1.377670,-16.669952,-0.605776,-16.225231,-1.332707,0.000000,-0.165406,-35.695511,0.000000,-0.095297,-1.498113,-35.790806,13.736752,19.521433,1.100000,1.073000
-3.930000,-18.123333,-2.795395,-17.410172,-6.149869,0.000000,-0.243130,-38.302380,0.000000,-0.152820,-6.392999,-38.455200,24.205870,9.127861,1.100000,1.075000
-7.324997,-19.943333,-6.060241,-19.333021,-13.332531,0.000000,-0.271019,-42.532646,0.000000,-0.130781,-13.603550,-42.663425,2.622972,-5.471494,1.100000,1.070000
-8.028381,-18.831387,-7.838680,-19.278883,-17.245096,0.000000,-0.040650,-42.413544,0.000000,0.095892,-17.285746,-42.317654,1.937973,3.635210,1.100000,1.074000
-6.668884,-17.128120,-7.129247,-17.696245,-15.684344,0.000000,0.098649,-38.931740,0.000000,0.121741,-15.585695,-38.809998,1.872928,0.201188,1.100000,1.080000
-5.976669,-15.939999,-6.212914,-16.320152,-13.668412,0.000000,0.050624,-35.904335,0.000000,0.081462,-13.617788,-35.822872,-5.356747,-19.330112,1.100000,1.085000
-5.307442,-15.110744,-5.638918,-15.450789,-12.405621,0.000000,0.071031,-33.991737,0.000000,0.072867,-12.334590,-33.918869,-14.484509,-15.463126,1.100000,1.081000
-2.847794,-13.024551,-3.820671,-13.956993,-8.405477,0.000000,0.208474,-30.705385,0.000000,0.199809,-8.197003,-30.505577,-26.138432,-23.583549,1.100000,1.085000
0.566345,-9.758900,-0.750929,-10.917652,-1.652044,0.000000,0.282273,-24.018835,0.000000,0.248304,-1.369771,-23.770531,-22.199724,-14.531681,1.100000,1.088000
2.505676,-7.713127,1.946081,-8.557287,4.281379,0.000000,0.119913,-18.826033,0.000000,0.180891,4.401292,-18.645142,-3.209410,-19.718979,1.100000,1.073000
1.913818,-5.486179,2.112861,-6.295633,4.648294,0.000000,-0.042652,-13.850392,0.000000,0.173454,4.605642,-13.676938,-3.430052,-28.532789,1.100000,1.078000
1.572830,-3.162029,1.600530,-4.207585,3.521166,0.000000,-0.005936,-9.256688,0.000000,0.224048,3.515231,-9.032640,6.729113,-27.675589,1.100000,1.078000
1.347542,-0.495083,1.523549,-1.404218,3.351807,0.000000,-0.037716,-3.089279,0.000000,0.194815,3.314092,-2.894464,16.197716,-0.467235,1.100000,1.087000
-0.612579,-0.016556,0.080904,-0.220616,0.177989,0.000000,-0.148604,-0.485356,0.000000,0.043727,0.029385,-0.441628,9.522904,-22.675951,1.100000,1.088000
-2.375618,1.000000,-1.721372,0.627061,-3.787018,0.000000,-0.140196,1.379533,0.000000,0.079916,-3.927213,1.459449,16.931931,-5.820477,1.100000,1.071000
-2.962173,2.057568,-2.633859,1.711286,-5.794491,0.000000,-0.070353,3.764828,0.000000,0.074203,-5.864844,3.839032,26.857031,-9.900028,1.100000,1.073000
-5.714760,2.815922,-4.631802,2.603171,-10.189963,0.000000,-0.232063,5.726977,0.000000,0.045589,-10.422026,5.772566,31.722725,-3.920489,1.100000,1.069000
-37.019608,42.019608,-37.019608,42.019608,-81.443138,0.000000,0.000000,92.443138,0.000000,0.000000,-81.443138,92.443138,28.003124,-8.184838,1.100000,1.061000
-39.063362,43.647385,-38.060177,42.793663,-83.732391,0.000000,-0.214968,94.146057,0.000000,0.182941,-83.947357,94.328995,34.603642,16.948215,1.100000,1.061000
-44.714287,46.814934,-42.759430,45.891991,-94.070747,0.000000,-0.418898,100.962379,0.000000,0.197773,-94.489647,100.000000,4.016417,29.384983,1.100000,1.063000
-45.862926,46.613708,-45.512482,46.668987,-100.127464,0.000000,-0.075094,102.671776,0.000000,-0.011845,-100.000000,100.000000,-0.745605,29.482054,1.100000,1.064000
-45.520588,46.397057,-45.638645,46.606995,-100.405022,0.000000,0.025297,102.535393,0.000000,-0.044987,-100.000000,100.000000,-22.973988,44.696804,1.100000,1.064000
-44.825974,43.779221,-45.081051,44.851288,-99.178314,0.000000,0.054659,98.672836,0.000000,-0.229729,-99.123657,98.443108,-37.722336,60.194786,1.100000,1.052000
-43.459854,40.900246,-44.045254,41.969353,-96.899559,0.000000,0.125442,92.332581,0.000000,-0.229094,-96.774117,92.103485,-62.688904,68.340973,1.100000,1.051000
-41.889931,38.107727,-42.587749,39.208843,-93.693054,0.000000,0.149532,86.259460,0.000000,-0.235952,-93.543526,86.023506,-82.764717,67.096466,1.100000,1.056000
-40.052036,34.868782,-40.768635,36.148045,-89.691002,0.000000,0.153557,79.525703,0.000000,-0.274128,-89.537445,79.251579,-81.115799,50.653667,1.100000,1.056000
-38.328228,31.800873,-39.026524,32.935696,-85.858353,0.000000,0.149635,72.458534,0.000000,-0.243175,-85.708717,72.215363,-89.857880,61.510342,1.100000,1.056000
-34.880165,28.117767,-36.155968,29.653477,-79.543129,0.000000,0.273386,65.237648,0.000000,-0.329081,-79.269745,64.908569,-103.205345,70.859650,1.100000,1.057000
-31.861168,22.826965,-33.075211,24.870249,-72.765465,0.000000,0.260151,54.714550,0.000000,-0.437847,-72.505318,54.276703,-104.799461,71.083687,1.100000,1.061000
-28.299614,16.776268,-29.636463,19.113445,-65.200218,0.000000,0.286468,42.049580,0.000000,-0.500823,-64.913750,41.548756,-49.956951,63.805450,1.100000,1.068000
-24.251389,11.375229,-25.701195,13.406258,-56.542629,0.000000,0.310673,29.493767,0.000000,-0.435220,-56.231956,29.058546,-22.779030,77.292130,1.100000,1.070000
-22.186737,6.083771,-23.132372,8.272505,-50.891220,0.000000,0.202637,18.199511,0.000000,-0.469014,-50.688583,17.730497,-78.115707,64.419868,1.100000,1.070000
-14.094437,-0.138279,-17.508314,2.145852,-38.518291,0.000000,0.731545,4.720874,0.000000,-0.489457,-37.786747,4.231417,-71.842575,38.005123,1.100000,1.068000
-2.620743,-3.398705,-6.789440,-2.091226,-14.936769,0.000000,0.893292,-4.600697,0.000000,-0.280174,-14.043476,-4.880871,-69.529671,63.768452,1.100000,1.074000
6.253250,-7.996754,2.735599,-6.225664,6.018319,0.000000,0.753782,-13.696462,0.000000,-0.379519,6.772101,-14.075981,-92.605530,26.379089,1.100000,1.068000
15.416260,-11.056911,11.784595,-9.918008,25.926111,0.000000,0.778213,-21.819618,0.000000,-0.244050,26.704325,-22.063669,-67.006401,31.922188,1.100000,1.082000
22.914429,-12.478188,20.032534,-11.895034,44.071575,0.000000,0.617549,-26.169075,0.000000,-0.124961,44.689125,-26.294037,-41.775726,33.515976,1.100000,1.093000
27.445381,-13.914288,25.799583,-13.303424,56.759087,0.000000,0.352672,-29.267532,0.000000,-0.130899,57.111759,-29.398432,-47.134682,25.068876,1.100000,1.100000
27.968124,-14.783558,27.586823,-14.363007,60.691010,0.000000,0.081708,-31.598616,0.000000,-0.090118,60.772717,-31.688734,4.055824,-0.436872,1.100000,1.098000
27.717392,-15.125420,27.857567,-14.964059,61.286648,0.000000,-0.030038,-32.920929,0.000000,-0.034577,61.256611,-32.955505,12.155361,6.231270,1.100000,1.087000
24.372742,-15.444992,25.928587,-15.450647,57.042892,0.000000,-0.333396,-33.991425,0.000000,0.001212,56.709496,-33.990211,53.923401,-17.838785,1.100000,1.079000
15.485344,-14.135178,18.872425,-14.600513,41.519337,0.000000,-0.725802,-32.121132,0.000000,0.099715,40.793533,-32.021416,80.945732,-29.097486,1.100000,1.076000
5.593552,-12.201614,9.421782,-13.058460,20.727921,0.000000,-0.820335,-28.728613,0.000000,0.183610,19.907585,-28.545004,39.017647,-36.723484,1.100000,1.075000
-2.339867,-8.106209,0.664578,-9.727978,1.462072,0.000000,-0.643809,-21.401552,0.000000,0.347522,0.818263,-21.054029,71.244423,-19.435612,1.100000,1.085000
-11.177742,-4.498341,-7.771651,-5.791109,-17.097633,0.000000,-0.729877,-12.740439,0.000000,0.277022,-17.827511,-12.463418,44.528412,-21.290310,1.100000,1.094000
-17.887947,-1.431240,-15.268990,-2.699817,-33.591778,0.000000,-0.561205,-5.939597,0.000000,0.271838,-34.152985,-5.667759,30.128550,-37.939957,1.100000,1.103000
-21.844444,3.692307,-20.333189,1.640297,-44.733017,0.000000,-0.323840,3.608654,0.000000,0.439716,-45.056858,4.048370,-1.110023,-40.384361,1.100000,1.097000
-22.267578,9.418526,-22.135197,7.336215,-48.697433,0.000000,-0.028367,16.139673,0.000000,0.446210,-48.725800,16.585882,1.094696,-30.287060,1.100000,1.079000
-20.851791,11.909714,-21.480709,10.973084,-47.257561,0.000000,0.134768,24.140787,0.000000,0.200706,-47.122791,24.341494,-29.425171,-30.865461,1.100000,1.086000
-16.095078,12.926994,-18.090431,12.453467,-39.798950,0.000000,0.427576,27.397629,0.000000,0.101470,-39.371376,27.499098,-68.306732,-24.406973,1.100000,1.086000
-6.793816,15.544670,-10.378836,14.496006,-22.833439,0.000000,0.768218,31.891214,0.000000,0.224714,-22.065220,32.115929,-60.011795,-23.532557,1.100000,1.081000
1.017395,17.400002,-1.920496,16.749535,-4.225091,0.000000,0.629548,36.848976,0.000000,0.139386,-3.595542,36.988361,-82.389915,-11.513457,1.100000,1.076000
8.964912,18.526314,5.716185,18.108326,12.575606,0.000000,0.696156,39.838318,0.000000,0.089568,13.271762,39.927887,-71.701889,-14.314274,1.100000,1.083000
17.262413,19.872337,14.107226,19.340792,31.035898,0.000000,0.676111,42.549744,0.000000,0.113903,31.712009,42.663647,-74.533890,-12.832530,1.100000,1.093000
26.077194,21.335091,22.664270,20.780872,49.861397,0.000000,0.731341,45.717918,0.000000,0.118761,50.592739,45.836678,-38.948055,8.139133,1.100000,1.094000
33.868095,19.342247,31.112421,20.078928,68.447327,0.000000,0.590502,44.173641,0.000000,-0.157861,69.037827,44.015781,-35.257462,7.501780,1.100000,1.095000
36.590256,18.315887,35.419510,18.587805,77.922920,0.000000,0.250874,40.893173,0.000000,-0.058268,78.173790,40.834908,0.311229,13.885008,1.100000,1.099000
37.570160,17.619896,37.373131,18.100189,82.220886,0.000000,0.042221,39.820415,0.000000,-0.102921,82.263107,39.717495,-9.198122,47.162979,1.100000,1.100000
33.614983,13.881531,35.110840,15.436142,77.243851,0.000000,-0.320541,33.959515,0.000000,-0.333131,76.923309,33.626385,33.261208,43.434795,1.100000,1.113000
26.588036,9.015381,29.213081,10.895859,64.268784,0.000000,-0.562509,23.970890,0.000000,-0.402959,63.706276,23.567930,60.099190,48.255428,1.100000,1.110000
17.267555,3.307693,20.994034,5.448318,46.186874,0.000000,-0.798531,11.986300,0.000000,-0.458705,45.388344,11.527595,79.551430,40.220413,1.100000,1.111000
6.733551,-0.141449,10.635358,1.254391,23.397787,0.000000,-0.836101,2.759661,0.000000,-0.299109,22.561686,2.460552,78.946144,26.221188,1.100000,1.097000
-2.267113,-3.489147,1.350583,-2.280394,2.971283,0.000000,-0.775221,-5.016868,0.000000,-0.259019,2.196063,-5.275886,85.480019,15.370471,1.100000,1.099000
-11.333893,-4.632378,-7.915100,-4.297750,-17.413219,0.000000,-0.732598,-9.455050,0.000000,-0.071706,-18.145819,-9.526756,78.234001,28.953753,1.100000,1.097000
-17.731705,-4.891987,-15.140504,-4.687729,-33.309109,0.000000,-0.555257,-10.313004,0.000000,-0.043769,-33.864365,-10.356773,61.082703,15.509998,1.100000,1.114000
-23.116814,-5.808849,-20.986280,-5.515682,-46.169819,0.000000,-0.456543,-12.134501,0.000000,-0.062822,-46.626362,-12.197323,33.880909,8.215043,1.100000,1.123000
-25.989166,-4.687725,-24.881025,-5.147114,-54.738258,0.000000,-0.237459,-11.323650,0.000000,0.098440,-54.975716,-11.225210,37.904900,3.178654,1.100000,1.127000
-28.786102,-3.096893,-27.651434,-3.685586,-60.833157,0.000000,-0.243143,-8.108290,0.000000,0.126148,-61.076298,-7.982141,37.827473,-11.425040,1.100000,1.121000
-31.293041,-1.278389,-30.299578,-1.975910,-66.659073,0.000000,-0.212885,-4.347003,0.000000,0.149469,-66.871956,-4.197534,15.641751,-7.256078,1.100000,1.118000
-31.731262,0.950642,-31.608303,0.120810,-69.538269,0.000000,-0.026349,0.265782,0.000000,0.177821,-69.564621,0.443603,-1.120939,-15.772846,1.100000,1.113000
-30.730274,3.108257,-31.091944,2.314547,-68.402275,0.000000,0.077500,5.092002,0.000000,0.170081,-68.324776,5.262083,-22.973701,-20.031830,1.100000,1.113000
