I0,I1,I2,I3,I4,I5,I6,I7,I8,I9,I10,I11,I12,I13,I14,I15
0.000000,0.000000,0.000000,0.000000,0.000000,0.000000,0.000000,0.000000,0.000000,0.000000,0.000000,0.000000,0.000000,0.000000,0.000000,0.000000
-7.007553,3.167675,-8.255396,3.560828,-18.161871,0.000000,2.673950,7.833822,0.000000,-0.842471,-15.487921,6.991351,-29.345806,-0.434361,1.100000,0.935000
-4.009148,2.510670,-5.138660,2.710551,-11.305053,0.000000,2.420385,5.963212,0.000000,-0.428317,-8.884668,5.534896,-25.317593,0.183781,1.100000,0.945000
-2.004562,1.820667,-2.764950,2.073297,-6.082889,0.000000,1.629401,4.561253,0.000000,-0.541348,-4.453487,4.019904,0.533319,1.383244,1.100000,0.963000
-1.490044,0.532925,-1.722858,1.043066,-3.790288,0.000000,0.498888,2.294745,0.000000,-1.093161,-3.291400,1.201585,-4.234065,-3.105267,1.100000,0.950000
-2.226440,-0.006081,-1.922449,0.175117,-4.229388,0.000000,-0.651411,0.385258,0.000000,-0.388281,-4.880798,-0.003023,5.603087,1.597273,1.100000,0.948000
-4.556923,-0.809231,-3.627121,-0.417898,-7.979667,0.000000,-1.992432,-0.919375,0.000000,-0.838571,-9.972099,-1.757946,17.699387,16.207190,1.100000,0.958000
-7.504616,-2.432308,-6.575879,-1.949586,-14.466934,0.000000,-2.487689,-4.289089,0.000000,-1.293006,-16.954624,-5.582095,18.843348,1.869468,1.100000,0.953000
-11.635941,-4.004688,-10.310051,-3.409177,-22.682112,0.000000,-2.841191,-7.500190,0.000000,-1.276095,-25.523302,-8.776284,11.774503,-8.841564,1.100000,0.946000
-14.507835,-4.957680,-13.398498,-4.617637,-29.476696,0.000000,-2.377152,-10.158801,0.000000,-0.728664,-31.853848,-10.887465,31.923378,-3.872306,1.100000,0.953000
-17.573929,-4.910969,-16.414511,-5.006481,-36.111923,0.000000,-2.484464,-11.014258,0.000000,0.204668,-38.596386,-10.809590,29.059425,-8.633886,1.100000,0.963000
-19.730034,-4.327477,-18.951172,-4.524230,-41.692577,0.000000,-1.668987,-9.953307,0.000000,0.421615,-43.361565,-9.531693,4.128837,2.702964,1.100000,0.961000
-20.644234,-4.496796,-20.303736,-4.423298,-44.668221,0.000000,-0.729637,-9.731256,0.000000,-0.157495,-45.397858,-9.888751,-1.083323,-2.051782,1.100000,0.961000
-21.678970,-4.717495,-21.393066,-4.682251,-47.064747,0.000000,-0.612650,-10.300952,0.000000,-0.075524,-47.677395,-10.376475,-16.514021,-13.038659,1.100000,0.961000
-20.836800,-4.183998,-21.187611,-4.333492,-46.612743,0.000000,0.751734,-9.533683,0.000000,0.320346,-45.861012,-9.213337,-19.257797,-1.022908,1.100000,0.968000
-17.779556,-2.902557,-19.071712,-3.579111,-41.957767,0.000000,2.768907,-7.874044,0.000000,1.449758,-39.188862,-6.424286,-25.174311,-13.115694,1.100000,0.970000
-13.353218,-0.770802,-15.064443,-1.449549,-33.141773,0.000000,3.666911,-3.189007,0.000000,1.454459,-29.474861,-1.734549,-25.602888,-22.017864,1.100000,0.971000
-9.491364,0.762951,-11.102327,0.126893,-24.425121,0.000000,3.452067,0.279165,0.000000,1.362980,-20.973055,1.642146,-33.657681,-7.496523,1.100000,0.981000
-5.847824,1.498447,-7.263983,1.290783,-15.980763,0.000000,3.034627,2.839723,0.000000,0.444995,-12.946136,3.284718,-43.769180,-10.802276,1.100000,0.972000
-2.601524,1.467175,-3.867400,1.384001,-8.508281,0.000000,2.712591,3.044803,0.000000,0.178229,-5.795690,3.223032,-34.767765,-8.810203,1.100000,0.971000
0.324074,1.358025,-0.805133,1.502961,-1.771293,0.000000,2.419729,3.306513,0.000000,-0.310577,0.648436,2.995936,-33.898586,4.587270,1.100000,0.968000
2.058105,-0.681957,1.430880,-0.009171,3.147937,0.000000,1.344054,-0.020176,0.000000,-1.441685,4.491991,-1.461861,-28.231554,-10.412485,1.100000,0.995000
3.257622,-0.806404,2.742360,-0.759605,6.033192,0.000000,1.104132,-1.671132,0.000000,-0.100283,7.137324,-1.771415,-46.120728,1.824305,1.100000,0.996000
6.747719,-0.837387,5.355087,-0.795740,11.781192,0.000000,2.984211,-1.750629,0.000000,-0.089243,14.765403,-1.839872,-36.989765,3.401256,1.100000,0.986000
10.340492,0.124233,8.953436,-0.286844,19.697559,0.000000,2.972264,-0.631056,0.000000,0.880879,22.669823,0.249823,-36.721798,-3.897644,1.100000,0.975000
13.207748,2.017056,12.122284,1.320947,26.669025,0.000000,2.325997,2.906084,0.000000,1.491661,28.995022,4.397745,-43.563938,-17.883942,1.100000,0.986000
16.245224,4.308914,15.049161,3.383924,33.108154,0.000000,2.562995,7.444633,0.000000,1.982121,35.671150,9.426755,-34.424541,-5.578381,1.100000,0.988000
18.425598,6.655998,17.557470,5.758181,38.626434,0.000000,1.860275,12.667998,0.000000,1.923895,40.486710,14.591893,-9.250472,-11.575433,1.100000,0.999000
19.667206,8.906303,19.177050,8.077174,42.189510,0.000000,1.050339,17.769783,0.000000,1.776707,43.239849,19.546490,-0.364784,-4.499269,1.100000,0.996000
19.565498,9.701279,19.655539,9.429723,43.242188,0.000000,-0.192938,20.745390,0.000000,0.581903,43.049252,21.327293,11.414745,1.542952,1.100000,0.992000
17.508774,8.805420,18.271095,9.200087,40.196411,0.000000,-1.633539,20.240191,0.000000,-0.845714,38.562874,19.394478,28.341042,14.032616,1.100000,0.988000
14.550797,6.417458,15.791903,7.335453,34.742188,0.000000,-2.659511,16.137997,0.000000,-1.967132,32.082676,14.170865,34.149445,20.568378,1.100000,0.998000
10.746078,3.735111,12.234596,4.773802,26.916113,0.000000,-3.189678,10.502365,0.000000,-2.225766,23.726435,8.276599,42.303505,20.892250,1.100000,0.994000
6.415359,0.984325,8.018089,2.016234,17.639797,0.000000,-3.434424,4.435716,0.000000,-2.211233,14.205373,2.224483,33.717030,15.215544,1.100000,0.998000
2.311043,-1.373249,3.841182,-0.439574,8.450601,0.000000,-3.278870,-0.967062,0.000000,-2.000733,5.171730,-2.967795,35.927860,21.975801,1.100000,1.014000
-1.345795,-3.250778,0.094699,-2.514403,0.208338,0.000000,-3.086772,-5.531687,0.000000,-1.577947,-2.878434,-7.109634,35.528717,14.403587,1.100000,0.990000
-4.080063,-4.326530,-3.133860,-3.784100,-6.894491,0.000000,-2.027578,-8.325021,0.000000,-1.162350,-8.922070,-9.487370,42.485703,18.201458,1.100000,1.008000
-5.774963,-5.561016,-4.936584,-5.091884,-10.860486,0.000000,-1.796527,-11.202145,0.000000,-1.005282,-12.657013,-12.207427,45.984241,13.934581,1.100000,1.012000
-8.331207,-7.399681,-7.322703,-6.650854,-16.109947,0.000000,-2.161078,-14.631878,0.000000,-1.604631,-18.271027,-16.236509,14.982107,4.515705,1.100000,1.012000
-8.797127,-9.287540,-8.662797,-8.542118,-19.058153,0.000000,-0.287852,-18.792660,0.000000,-1.597333,-19.346004,-20.389992,13.572474,2.595136,1.100000,1.020000
-7.251991,-10.401913,-7.813479,-9.912541,-17.189655,0.000000,1.203189,-21.807592,0.000000,-1.048656,-15.986466,-22.856247,26.287498,7.551084,1.100000,1.016000
-6.260735,-10.480125,-6.670008,-10.484270,-14.674018,0.000000,0.877016,-23.065395,0.000000,0.008879,-13.797003,-23.056517,16.734175,-0.875122,1.100000,1.022000
-5.298576,-9.312798,-5.641731,-9.681602,-12.411808,0.000000,0.735331,-21.299524,0.000000,0.790296,-11.676477,-20.509228,3.370600,-3.231241,1.100000,1.007000
-5.231865,-8.305992,-5.238669,-8.717722,-11.525073,0.000000,0.014582,-19.178989,0.000000,0.882277,-11.510491,-18.296711,9.127657,-0.351282,1.100000,1.015000
-6.531746,-7.849205,-6.002639,-8.147517,-13.205806,0.000000,-1.133802,-17.924538,0.000000,0.639238,-14.339607,-17.285299,15.345150,-10.649313,1.100000,1.000000
-8.742447,-6.438793,-7.918803,-6.964094,-17.421366,0.000000,-1.764953,-15.321008,0.000000,1.125646,-19.186319,-14.195362,18.528214,-12.143078,1.100000,1.013000
-10.444984,-4.606796,-9.822905,-5.302897,-21.610390,0.000000,-1.333027,-11.666374,0.000000,1.491644,-22.943417,-10.174730,2.182582,-41.307690,1.100000,1.019000
-11.057098,-2.065254,-10.776649,-3.152913,-23.708628,0.000000,-0.600967,-6.936408,0.000000,2.330696,-24.309595,-4.605712,13.431652,-24.258560,1.100000,1.018000
-11.842529,-0.735390,-11.579011,-1.333916,-25.473825,0.000000,-0.564680,-2.934616,0.000000,1.282557,-26.038506,-1.652059,-10.640652,-18.188904,1.100000,1.017000
-10.050323,2.430195,-10.739538,1.118748,-23.626984,0.000000,1.476889,2.461245,0.000000,2.810244,-22.150095,5.271489,-29.755924,-11.038125,1.100000,1.025000
-7.509674,5.546776,-8.497487,4.379055,-18.694471,0.000000,2.116742,9.633921,0.000000,2.502261,-16.577728,12.136182,-18.259645,-35.232540,1.100000,1.018000
-5.786301,8.318108,-6.470223,7.285997,-14.234492,0.000000,1.465549,16.029194,0.000000,2.211666,-12.768943,18.240860,-13.817863,-14.972723,1.100000,1.017000
-4.513954,10.157639,-4.856168,9.585532,-10.683571,0.000000,0.733316,21.088171,0.000000,1.225943,-9.950255,22.314114,-15.060094,-16.787359,1.100000,1.013000
-5.013054,10.921700,-4.909623,10.733910,-10.801170,0.000000,-0.221639,23.614601,0.000000,0.402408,-11.022809,24.017010,-17.857399,-10.222162,1.100000,1.016000
-3.442085,10.559540,-3.977076,10.560379,-8.749567,0.000000,1.146408,23.232834,0.000000,-0.001798,-7.603159,23.231037,-19.735954,3.018324,1.100000,1.019000
-1.971809,10.207298,-2.521091,10.430294,-5.546402,0.000000,1.177033,22.946648,0.000000,-0.477848,-4.369369,22.468800,-15.027319,14.125640,1.100000,1.030000
-0.575661,9.167763,-1.113739,9.577127,-2.450226,0.000000,1.213710,21.069681,0.000000,-0.923383,-1.236516,20.146299,-20.712467,5.968494,1.100000,1.023000
0.714752,8.510536,0.172631,8.739488,0.379788,0.000000,1.161689,19.226873,0.000000,-0.490608,1.541476,18.736265,-11.413359,2.024189,1.100000,1.030000
2.006516,7.361565,1.553463,7.894049,3.417618,0.000000,0.970827,17.366907,0.000000,-1.141038,4.388445,16.225868,-10.131031,-8.537146,1.100000,1.044000
3.342445,5.536980,2.760670,6.138647,6.073473,0.000000,1.246662,13.505024,0.000000,-1.289287,7.320136,12.215737,-17.476898,7.197312,1.100000,1.031000
5.219551,4.312500,4.376001,4.794067,9.627202,0.000000,1.807608,10.546947,0.000000,-1.031930,11.434811,9.515017,-27.511011,-1.609796,1.100000,1.029000
7.340286,4.499199,6.526006,4.442011,14.357213,0.000000,1.744885,9.772424,0.000000,0.122547,16.102098,9.894971,-15.132840,19.917891,1.100000,1.026000
7.352180,3.117931,7.316032,3.678199,16.095270,0.000000,0.077460,8.092037,0.000000,-1.200573,16.172729,6.891464,-14.324741,0.336378,1.100000,1.027000
6.225647,1.769482,6.581485,2.233299,14.479268,0.000000,-0.762510,4.913258,0.000000,-0.993894,13.716758,3.919363,2.613272,1.766574,1.100000,1.048000
5.682846,1.142395,5.848884,1.360603,12.867545,0.000000,-0.355794,2.993327,0.000000,-0.467589,12.511751,2.525738,-0.548601,25.425285,1.100000,1.055000
6.014519,-0.303226,5.902980,0.357004,12.986556,0.000000,0.239012,0.785410,0.000000,-1.414780,13.225568,-0.629371,-6.252434,-10.671729,1.100000,1.044000
6.737259,-0.356689,6.414605,-0.434059,14.112130,0.000000,0.691402,-0.954930,0.000000,0.165792,14.803532,-0.789138,-10.863626,0.725086,1.100000,1.032000
8.386841,0.804173,7.738000,0.491074,17.023600,0.000000,1.390374,1.080364,0.000000,0.670924,18.413973,1.751288,-7.725583,3.435256,1.100000,1.022000
9.232483,1.659237,8.963228,1.241184,19.719103,0.000000,0.576973,2.730604,0.000000,0.895829,20.296076,3.626433,2.914917,3.225521,1.100000,1.040000
8.418152,2.461914,8.751866,2.197618,19.254107,0.000000,-0.715103,4.834760,0.000000,0.566349,18.539003,5.401109,11.848274,-14.390222,1.100000,1.039000
7.411003,3.585762,7.789735,3.234898,17.137419,0.000000,-0.811570,7.116776,0.000000,0.751852,16.325850,7.868628,-4.338256,-1.762190,1.100000,1.051000
6.210182,4.213463,6.688477,3.958817,14.714650,0.000000,-1.024918,8.709396,0.000000,0.545671,13.689732,9.255067,6.248733,-5.211404,1.100000,1.055000
5.919670,5.277046,5.956239,4.899061,13.103726,0.000000,-0.078361,10.777934,0.000000,0.809967,13.025366,11.587901,7.690741,-1.356341,1.100000,1.044000
5.964111,5.641106,5.975836,5.534191,13.146840,0.000000,-0.025125,12.175220,0.000000,0.229104,13.121716,12.404324,10.820093,-4.055797,1.100000,1.033000
5.475807,5.374191,5.716676,5.470250,12.576687,0.000000,-0.516148,12.034551,0.000000,-0.205841,12.060539,11.828710,9.167284,6.866899,1.100000,1.025000
5.094398,4.369598,5.218497,4.726100,11.480693,0.000000,-0.265925,10.397420,0.000000,-0.763934,11.214767,9.633486,12.775310,0.576201,1.100000,1.041000
3.965912,3.417210,4.381540,3.731559,9.639388,0.000000,-0.890632,8.209430,0.000000,-0.673605,8.748756,7.535825,29.770741,23.800478,1.100000,1.050000
3.105522,2.849026,3.415626,3.141691,7.514378,0.000000,-0.664510,6.911720,0.000000,-0.627140,6.849869,6.284581,9.978577,-1.045900,1.100000,1.052000
3.622368,3.068069,3.462905,2.993929,7.618391,0.000000,0.341706,6.586645,0.000000,0.158871,7.960097,6.745516,13.983797,15.039096,1.100000,1.053000
3.146065,1.744781,3.484202,2.270081,7.665246,0.000000,-0.724581,4.994179,0.000000,-1.125642,6.940664,3.868537,14.218981,24.115370,1.100000,1.036000
1.943550,0.351612,2.340460,0.890559,5.149013,0.000000,-0.850522,1.959229,0.000000,-1.154885,4.298490,0.804344,27.823149,15.399002,1.100000,1.026000
-0.074677,-0.603897,0.719678,-0.234512,1.583292,0.000000,-1.702188,-0.515927,0.000000,-0.791538,-0.118896,-1.307466,30.041553,14.498047,1.100000,1.042000
-3.839867,-1.419933,-2.424332,-1.100992,-5.333531,0.000000,-3.033288,-2.422184,0.000000,-0.683445,-8.366819,-3.105628,39.280121,6.743336,1.100000,1.040000
-8.097679,-2.014900,-6.484276,-1.817488,-14.265408,0.000000,-3.457291,-3.998475,0.000000,-0.423025,-17.722698,-4.421499,37.006851,9.333755,1.100000,1.053000
-12.188744,-1.812916,-10.660971,-1.884704,-23.454136,0.000000,-3.273802,-4.146348,0.000000,0.153831,-26.727938,-3.992517,16.002991,-4.965965,1.100000,1.046000
-15.263588,-1.571663,-14.053032,-1.634133,-30.916672,0.000000,-2.594047,-3.595092,0.000000,0.133864,-33.510719,-3.461228,40.604347,-17.453041,1.100000,1.038000
-17.390205,-0.028717,-16.446352,-0.607540,-36.181976,0.000000,-2.022543,-1.336587,0.000000,1.240334,-38.204521,-0.096253,27.710262,0.360465,1.100000,1.031000
-19.193878,0.760204,-18.479492,0.490135,-40.654884,0.000000,-1.530828,1.078296,0.000000,0.578721,-42.185711,1.657017,8.539378,-2.251317,1.100000,1.021000
-20.208755,1.875420,-19.907990,1.348008,-43.797577,0.000000,-0.644503,2.965617,0.000000,1.130168,-44.442078,4.095785,4.777373,7.618164,1.100000,1.022000
-19.998314,3.048988,-20.145624,2.652958,-44.320374,0.000000,0.315666,5.836507,0.000000,0.848637,-44.004707,6.685143,-7.643723,-4.081397,1.100000,1.024000
-18.251686,4.746620,-18.794655,3.988932,-41.348240,0.000000,1.163502,8.775650,0.000000,1.623618,-40.184738,10.399268,-2.698959,-2.258829,1.100000,1.027000
-16.802696,6.421585,-17.534533,5.852143,-38.575974,0.000000,1.568222,12.874715,0.000000,1.220233,-37.007751,14.094948,-41.198898,-0.492294,1.100000,1.029000
-13.502472,6.591431,-14.732052,6.493948,-32.410515,0.000000,2.634816,14.286685,0.000000,0.208893,-29.775700,14.495578,-41.211777,-17.295406,1.100000,1.014000
-9.489326,7.894913,-11.002199,7.415935,-24.204838,0.000000,3.241868,16.315056,0.000000,1.026382,-20.962971,17.341438,-27.617605,13.382362,1.100000,1.006000
-6.917740,7.343552,-7.966007,7.647343,-17.525215,0.000000,2.246287,16.824154,0.000000,-0.650980,-15.278929,16.173174,-35.944305,14.191855,1.100000,1.007000
-3.487099,5.440323,-4.773825,6.091839,-10.502416,0.000000,2.757270,13.402047,0.000000,-1.396105,-7.745145,12.005941,-43.759670,3.532273,1.100000,1.013000
-0.588043,3.743134,-1.628703,4.454036,-3.583146,0.000000,2.229984,9.798880,0.000000,-1.523363,-1.353161,8.275517,-24.171133,11.814011,1.100000,1.013000
0.672554,1.232746,0.153451,2.277428,0.337591,0.000000,1.112364,5.010343,0.000000,-2.238605,1.449956,2.771738,-22.692041,21.754597,1.100000,1.036000
2.358765,-2.051949,1.694528,-0.891158,3.727962,0.000000,1.423364,-1.960547,0.000000,-2.487409,5.151326,-4.447956,-18.868870,13.181540,1.100000,1.039000
3.560898,-3.602566,3.150344,-3.075629,6.930758,0.000000,0.879757,-6.766384,0.000000,-1.129150,7.810515,-7.895534,-12.327723,18.589977,1.100000,1.046000
3.659088,-5.027596,3.562509,-4.443227,7.837520,0.000000,0.206956,-9.775099,0.000000,-1.252220,8.044476,-11.027319,-9.590036,12.609837,1.100000,1.054000
4.442833,-6.209339,4.131029,-5.778596,9.088264,0.000000,0.668150,-12.712913,0.000000,-0.923021,9.756414,-13.635933,-10.441045,-0.770739,1.100000,1.032000
5.727272,-5.858765,5.275219,-6.019550,11.605483,0.000000,0.968683,-13.243010,0.000000,0.344539,12.574165,-12.898471,-12.309399,-2.783727,1.100000,1.057000
6.858749,-5.410915,6.504764,-5.574559,14.310481,0.000000,0.758541,-12.264030,0.000000,0.350664,15.069021,-11.913366,-8.016491,-8.957113,1.100000,1.060000
6.739197,-4.574402,6.820404,-4.961096,15.004889,0.000000,-0.174017,-10.914411,0.000000,0.828631,14.830873,-10.085780,-6.600311,1.061208,1.100000,1.085000
6.501610,-3.363342,6.532050,-3.857894,14.370509,0.000000,-0.065229,-8.487367,0.000000,1.059753,14.305281,-7.427614,-6.334568,-17.140133,1.100000,1.054000
6.718849,-0.630989,6.694440,-1.650077,14.727768,0.000000,0.052307,-3.630169,0.000000,2.183760,14.780075,-1.446410,-2.467832,-38.860031,1.100000,1.054000
6.273460,1.271843,6.417209,0.544664,14.117861,0.000000,-0.308034,1.198261,0.000000,1.558240,13.809826,2.756501,0.575611,-18.423523,1.100000,1.055000
5.667213,2.796085,5.936607,2.229238,13.060536,0.000000,-0.577273,4.904325,0.000000,1.214673,12.483263,6.118998,4.720052,-11.213000,1.100000,1.053000
4.104301,3.870861,4.679456,3.443635,10.294803,0.000000,-1.232474,7.575997,0.000000,0.915484,9.062329,8.491482,15.159489,-2.723452,1.100000,1.048000
2.473511,4.225166,3.192442,4.019459,7.023373,0.000000,-1.540567,8.842810,0.000000,0.440801,5.482806,9.283611,19.795393,-0.595498,1.100000,1.066000
0.649498,4.315613,1.399421,4.275423,3.078725,0.000000,-1.606977,9.405931,0.000000,0.086119,1.471748,9.492049,11.414340,-0.413787,1.100000,1.072000
0.414879,4.403305,0.534719,4.405886,1.176381,0.000000,-0.256799,9.692950,0.000000,-0.005531,0.919582,9.687419,10.550063,11.594471,1.100000,1.070000
0.435646,3.607262,0.415264,3.919430,0.913580,0.000000,0.043676,8.622746,0.000000,-0.668933,0.957257,7.953813,1.021111,-0.765731,1.100000,1.076000
-0.129356,3.029850,0.118560,3.191949,0.260833,0.000000,-0.531250,7.022287,0.000000,-0.347354,-0.270417,6.674933,-1.957376,25.416073,1.100000,1.066000
-1.486969,1.483715,-1.042528,2.137957,-2.293562,0.000000,-0.952374,4.703505,0.000000,-1.401947,-3.245935,3.301558,11.443281,6.020467,1.100000,1.071000
-2.006546,0.400982,-1.891011,0.778976,-4.160224,0.000000,-0.247576,1.713748,0.000000,-0.809988,-4.407800,0.903760,1.064255,0.542695,1.100000,1.063000
-0.390526,-0.398693,-0.958899,-0.044932,-2.109577,0.000000,1.217942,-0.098849,0.000000,-0.758060,-0.891635,-0.856910,-10.903489,26.793558,1.100000,1.071000
1.702438,-2.583740,0.884712,-1.737741,1.946367,0.000000,1.752271,-3.823031,0.000000,-1.812856,3.698637,-5.635886,-4.917136,14.874860,1.100000,1.078000
3.497574,-4.240711,2.897172,-3.601798,6.373779,0.000000,1.286575,-7.923955,0.000000,-1.369101,7.660354,-9.293056,12.870621,10.762611,1.100000,1.071000
3.410629,-5.874397,3.416447,-5.249447,7.516184,0.000000,-0.012467,-11.548784,0.000000,-1.339178,7.503717,-12.887962,13.942799,7.057121,1.100000,1.066000
2.361877,-7.911148,2.675421,-7.159634,5.885927,0.000000,-0.671880,-15.751195,0.000000,-1.610386,5.214047,-17.361582,16.381889,5.835054,1.100000,1.057000
2.037582,-9.199345,2.204656,-8.785740,4.850243,0.000000,-0.358014,-19.328629,0.000000,-0.886292,4.492229,-20.214920,20.265642,6.503744,1.100000,1.074000
1.808197,-9.981968,2.030998,-9.588289,4.468196,0.000000,-0.477431,-21.094236,0.000000,-0.843596,3.990766,-21.937832,12.515603,1.253744,1.100000,1.066000
-0.875404,-9.877022,0.092014,-9.924534,0.202431,0.000000,-2.073040,-21.833975,0.000000,0.101810,-1.870608,-21.732166,46.854988,3.367144,1.100000,1.064000
-4.552849,-9.505692,-3.123542,-9.640892,-6.871792,0.000000,-3.062801,-21.209963,0.000000,0.289717,-9.934593,-20.920246,60.235828,4.482567,1.100000,1.062000
-9.671616,-8.899342,-7.607545,-9.097044,-16.736599,0.000000,-4.423008,-20.013496,0.000000,0.423646,-21.159607,-19.589851,25.890656,-1.284482,1.100000,1.047000
-13.484085,-7.983250,-12.096480,-8.377862,-26.612257,0.000000,-2.973437,-18.431297,0.000000,0.845599,-29.585693,-17.585699,23.003891,1.691506,1.100000,1.051000
-16.247894,-6.480606,-15.082359,-7.043566,-33.181190,0.000000,-2.497577,-15.495845,0.000000,1.206343,-35.678768,-14.289502,27.720726,-0.845080,1.100000,1.052000
-17.979378,-5.269760,-17.453753,-5.731605,-38.398258,0.000000,-1.126347,-12.609530,0.000000,0.989668,-39.524605,-11.619863,13.186727,-13.704510,1.100000,1.059000
-18.810997,-3.824741,-18.445982,-4.409925,-40.581161,0.000000,-0.823342,-9.701836,0.000000,1.319963,-41.404503,-8.381872,16.056936,-18.706467,1.100000,1.057000
-18.450943,-2.209984,-18.496607,-2.786639,-40.692535,0.000000,0.097857,-6.130607,0.000000,1.235691,-40.594681,-4.894916,-0.492863,-40.681889,1.100000,1.064000
-17.012093,-0.842831,-17.710978,-1.524747,-38.964153,0.000000,1.497612,-3.354443,0.000000,1.461249,-37.466541,-1.893194,-23.288221,-24.917870,1.100000,1.060000
-14.147766,0.984535,-15.276918,0.363688,-33.609222,0.000000,2.419610,0.800114,0.000000,1.330386,-31.189613,2.130501,-6.298227,-18.258358,1.100000,1.061000
-11.258064,1.959251,-12.376807,1.485425,-27.228977,0.000000,2.397304,3.267936,0.000000,1.015341,-24.831673,4.283277,-24.369595,-27.936733,1.100000,1.057000
-7.891708,3.900169,-9.129106,3.032249,-20.084032,0.000000,2.651567,6.670948,0.000000,1.859829,-17.432465,8.530777,-28.446507,-17.890171,1.100000,1.050000
-5.891525,6.891525,-6.600090,5.741624,-14.520199,0.000000,1.518354,12.631574,0.000000,2.464073,-13.001844,15.095646,-6.900204,-22.604347,1.100000,1.053000
-6.194206,9.614990,-6.094644,8.544582,-13.408216,0.000000,-0.213349,18.798082,0.000000,2.293730,-13.621565,21.091812,-9.558371,-21.412603,1.100000,1.053000
-7.055077,10.611015,-6.782324,10.289003,-14.921113,0.000000,-0.584469,22.635807,0.000000,0.690026,-15.505582,23.325832,-4.312388,-10.207878,1.100000,1.056000
-8.303604,10.118355,-7.882278,10.169585,-17.341011,0.000000,-0.902841,22.373089,0.000000,-0.109782,-18.243853,22.263308,-7.581865,-6.525530,1.100000,1.052000
-9.018867,11.068611,-8.827335,10.685828,-19.420137,0.000000,-0.410423,23.508823,0.000000,0.820250,-19.830561,24.329073,1.344476,10.405569,1.100000,1.053000
-9.874138,11.374138,-9.440498,11.274061,-20.769096,0.000000,-0.929227,24.802935,0.000000,0.214453,-21.698322,25.017387,-5.547527,-2.709677,1.100000,1.055000
-11.104813,11.116837,-10.663638,11.280292,-23.460005,0.000000,-0.945377,24.816643,0.000000,-0.350261,-24.405382,24.466383,-5.890525,4.105082,1.100000,1.056000
-10.268379,10.605125,-10.655826,10.664525,-23.442818,0.000000,0.830240,23.461956,0.000000,-0.127282,-22.612577,23.334675,-0.980400,12.164598,1.100000,1.055000
-8.783051,10.877968,-9.309993,10.913880,-20.481985,0.000000,1.129160,24.010538,0.000000,-0.076957,-19.352825,23.933582,-7.693298,21.256386,1.100000,1.055000
-8.093697,9.684837,-8.294638,10.085555,-18.248203,0.000000,0.430589,22.188221,0.000000,-0.858679,-17.817616,21.329542,-16.496735,20.387180,1.100000,1.055000
-7.265884,7.434784,-7.631008,8.379620,-16.788218,0.000000,0.782409,18.435163,0.000000,-2.024650,-16.005810,16.410513,-23.506403,46.357708,1.100000,1.056000
-5.347610,4.489288,-6.064557,5.695940,-13.342025,0.000000,1.536312,12.531068,0.000000,-2.585680,-11.805713,9.945387,-30.512163,16.160202,1.100000,1.057000
-9.386314,-50.505520,-8.968966,-37.186367,-19.731728,0.000000,-0.894318,-81.810013,0.000000,-28.541039,-20.626045,-100.000000,-45.319187,6.514133,1.100000,1.064000
-5.988266,-53.445747,-7.180685,-50.655453,-15.797507,0.000000,2.555184,-111.442001,0.000000,-5.979195,-13.242323,-100.000000,-33.959137,-3.718078,1.100000,1.069000
-3.758896,-55.225296,-4.627088,-54.409046,-10.179594,0.000000,1.860411,-119.699905,0.000000,-1.749096,-8.319183,-100.000000,-18.486462,-21.469654,1.100000,1.063000
-2.088028,-54.573944,-2.758296,-54.793465,-6.068253,0.000000,1.436291,-120.545624,0.000000,0.470390,-4.631962,-100.000000,-5.913954,-39.479683,1.100000,1.078000
-0.954544,-53.275566,-1.342069,-53.741680,-2.952551,0.000000,0.830410,-118.231697,0.000000,0.998821,-2.122141,-100.000000,-14.770283,-49.972057,1.100000,1.075000
0.158371,-51.276016,-0.307378,-52.057739,-0.676232,0.000000,0.998034,-114.527031,0.000000,1.675110,0.321802,-100.000000,-6.382106,-59.004486,1.100000,1.094000
0.658913,-48.678295,0.381751,-49.791660,0.839853,0.000000,0.593917,-109.541656,0.000000,2.385788,1.433770,-100.000000,2.927583,-70.625595,1.100000,1.095000
1.323311,-43.236839,1.123326,-45.258831,2.471316,0.000000,0.428540,-99.569427,0.000000,4.332828,2.899856,-95.236603,-3.531274,-67.430206,1.100000,1.089000
0.956284,-38.679417,1.160536,-40.401600,2.553179,0.000000,-0.437683,-88.883522,0.000000,3.690395,2.115496,-85.193130,2.665953,-61.635101,1.100000,1.074000
-1.044014,-34.482395,-0.232749,-36.165695,-0.512049,0.000000,-1.738424,-79.564529,0.000000,3.607063,-2.250473,-75.957466,11.478600,-84.116882,1.100000,1.068000
-3.374359,-28.305983,-2.573158,-30.761362,-5.660948,0.000000,-1.716858,-67.674995,0.000000,5.261526,-7.377806,-62.413467,6.008045,-76.780014,1.100000,1.075000
-3.531876,-21.177853,-3.492080,-24.004612,-7.682576,0.000000,-0.085276,-52.810146,0.000000,6.057338,-7.767852,-46.752808,-3.820889,-76.525703,1.100000,1.077000
-3.027916,-13.356323,-3.190248,-16.311897,-7.018547,0.000000,0.347856,-35.886173,0.000000,6.333380,-6.670691,-29.552794,-16.831444,-65.181862,1.100000,1.080000
-2.029411,-7.500000,-2.492343,-9.844091,-5.483155,0.000000,0.991998,-21.657001,0.000000,5.023055,-4.491158,-16.633947,-28.107342,-55.859421,1.100000,1.080000
1.360710,-2.371983,0.082519,-4.280856,0.181541,0.000000,2.738982,-9.417884,0.000000,4.090443,2.920523,-5.327441,-22.346462,-45.202084,1.100000,1.085000
5.456314,1.631069,3.738974,0.116109,8.225742,0.000000,3.680014,0.255439,0.000000,3.246343,11.905757,3.501783,-49.532207,-36.039909,1.100000,1.069000
10.983925,4.356911,8.972679,3.406724,19.739895,0.000000,4.309812,7.494793,0.000000,2.036114,24.049706,9.530907,-44.465401,-25.817757,1.100000,1.072000
14.679153,4.677521,12.902543,4.607739,28.385595,0.000000,3.807025,10.137027,0.000000,0.149531,32.192619,10.286558,-52.870487,-6.784681,1.100000,1.054000
18.646278,3.024792,17.042448,3.642729,37.493385,0.000000,3.436775,8.014005,0.000000,-1.324153,40.930161,6.689852,-31.921122,5.002551,1.100000,1.044000
22.163879,2.148830,21.119944,2.430456,46.463879,0.000000,2.796257,5.347003,0.000000,-0.754355,49.260136,4.592649,-30.467918,11.955553,1.100000,1.063000
25.318718,0.070827,24.290201,0.732989,53.438442,0.000000,2.203970,1.612576,0.000000,-1.418918,55.642410,0.193659,-30.838079,0.061204,1.100000,1.071000
26.147705,-1.139217,25.670513,-0.607464,56.475132,0.000000,1.022549,-1.336420,0.000000,-1.139472,57.497681,-2.475892,-28.505636,1.086415,1.100000,1.069000
27.998314,-2.037098,27.427309,-1.726044,60.340080,0.000000,1.223583,-3.797296,0.000000,-0.666545,61.563663,-4.463841,-6.570533,12.912198,1.100000,1.073000
27.742424,-4.250843,27.912794,-3.445606,61.408150,0.000000,-0.365076,-7.580334,0.000000,-1.725507,61.043076,-9.305840,3.751506,11.026626,1.100000,1.074000
26.188873,-5.777405,26.710403,-5.308102,58.762890,0.000000,-1.117563,-11.677825,0.000000,-1.005647,57.645329,-12.683472,15.825594,17.480629,1.100000,1.071000
24.780571,-6.827469,25.450832,-6.387801,55.991833,0.000000,-1.436281,-14.053163,0.000000,-0.942144,54.555553,-14.995307,31.364550,11.638302,1.100000,1.088000
21.687088,-7.453644,22.957014,-7.083783,50.505432,0.000000,-2.721271,-15.584323,0.000000,-0.792558,47.784161,-16.376881,45.672474,17.168554,1.100000,1.082000
17.216965,-8.789558,18.877871,-8.335831,41.531315,0.000000,-3.559084,-18.338827,0.000000,-0.972276,37.972233,-19.311102,63.365028,5.699768,1.100000,1.073000
12.580231,-8.521881,14.429667,-8.576101,31.745268,0.000000,-3.963074,-18.867424,0.000000,0.116186,27.782194,-18.751238,52.150703,6.843642,1.100000,1.076000
6.985580,-8.746796,9.221736,-8.639153,20.287819,0.000000,-4.791760,-19.006138,0.000000,-0.230660,15.496059,-19.236797,48.676624,0.591630,1.100000,1.063000
1.748779,-8.959217,3.620287,-8.878026,7.964631,0.000000,-4.010373,-19.531658,0.000000,-0.173979,3.954258,-19.705637,50.873009,0.131367,1.100000,1.073000
-1.263756,-8.873787,-0.191601,-8.863831,-0.421523,0.000000,-2.871843,-19.500427,0.000000,-0.026673,-3.293365,-19.527100,45.638565,5.990000,1.100000,1.064000
-6.189056,-9.983418,-4.430828,-9.511744,-9.747822,0.000000,-3.767631,-20.925837,0.000000,-1.010728,-13.515453,-21.936563,31.169666,-0.145997,1.100000,1.102000
-10.085716,-10.586555,-8.763324,-10.491637,-19.279312,0.000000,-2.833700,-23.081602,0.000000,-0.203395,-22.113012,-23.284996,17.059448,-2.052670,1.100000,1.094000
-10.537437,-9.860233,-10.334756,-10.054345,-22.736464,0.000000,-0.434318,-22.119560,0.000000,0.415955,-23.170780,-21.703606,18.291622,-3.111428,1.100000,1.086000
-11.145187,-9.655792,-10.940097,-9.743418,-24.068214,0.000000,-0.439477,-21.435520,0.000000,0.187769,-24.507690,-21.247751,9.990572,-19.513227,1.100000,1.067000
-11.165855,-8.980488,-11.216689,-9.164024,-24.676716,0.000000,0.108929,-20.160854,0.000000,0.393295,-24.567787,-19.767559,-14.411892,-1.743806,1.100000,1.057000
-8.635330,-8.682335,-9.731563,-8.966488,-21.409439,0.000000,2.349066,-19.726274,0.000000,0.608897,-19.060373,-19.117378,-10.980126,-12.365220,1.100000,1.060000
-4.449837,-6.548542,-5.864513,-7.260859,-12.901930,0.000000,3.031449,-15.973890,0.000000,1.526394,-9.870481,-14.447496,-9.823528,-6.057015,1.100000,1.047000
-3.723305,-6.368931,-3.975243,-6.519139,-8.745536,0.000000,0.539869,-14.342107,0.000000,0.321877,-8.205667,-14.020230,-24.004702,-13.547949,1.100000,1.054000
-3.593849,-5.042072,-3.718957,-5.567055,-8.181706,0.000000,0.268089,-12.247521,0.000000,1.124964,-7.913618,-11.122558,-23.834419,-25.623350,1.100000,1.057000
-2.357727,-4.082928,-2.845639,-4.532346,-6.260405,0.000000,1.045525,-9.971161,0.000000,0.963039,-5.214880,-9.008121,-16.185946,-2.009935,1.100000,1.066000
-0.797424,-3.946945,-1.374492,-4.014926,-3.023881,0.000000,1.236573,-8.832837,0.000000,0.145674,-1.787309,-8.687163,-17.117966,-13.346766,1.100000,1.063000
2.222580,-2.051613,0.952859,-2.864897,2.096290,0.000000,2.720830,-6.302774,0.000000,1.742752,4.817121,-4.560022,-31.442703,-6.529186,1.100000,1.060000
5.670433,-0.067852,4.405575,-0.747380,9.692265,0.000000,2.710409,-1.644237,0.000000,1.456132,12.402674,-0.188104,-26.333984,-9.885324,1.100000,1.060000
8.629868,1.081169,7.496381,0.629001,16.492039,0.000000,2.428901,1.383801,0.000000,0.968932,18.920940,2.352734,-32.797386,-5.094010,1.100000,1.070000
11.746712,1.921051,10.483706,1.574196,23.064156,0.000000,2.706437,3.463232,0.000000,0.743260,25.770592,4.206492,-48.387970,4.925287,1.100000,1.070000
14.595123,2.508942,13.604570,2.340677,29.930056,0.000000,2.122612,5.149488,0.000000,0.360568,32.052666,5.510056,-14.669489,-13.100439,1.100000,1.071000
14.822006,2.393204,14.859734,2.530153,32.691414,0.000000,-0.080843,5.566336,0.000000,-0.293462,32.610573,5.272874,-8.133808,5.486092,1.100000,1.063000
15.352364,1.707993,15.075699,1.899799,33.166538,0.000000,0.592856,4.179558,0.000000,-0.411014,33.759396,3.768544,-2.170263,2.814682,1.100000,1.054000
14.351395,1.591133,14.790492,1.691818,32.539082,0.000000,-0.940924,3.722001,0.000000,-0.215755,31.598158,3.506246,2.367370,4.418429,1.100000,1.052000
12.245499,0.346973,12.998610,0.909351,28.596941,0.000000,-1.613812,2.000571,0.000000,-1.205094,26.983128,0.795477,22.769560,7.526477,1.100000,1.065000
11.053223,-1.304840,11.474348,-0.837797,25.243567,0.000000,-0.902414,-1.843154,0.000000,-1.000806,24.341152,-2.843960,13.359636,9.272225,1.100000,1.069000
9.421135,-2.478050,10.030352,-1.910246,22.066774,0.000000,-1.305466,-4.202541,0.000000,-1.216723,20.761309,-5.419264,21.462646,4.746061,1.100000,1.086000
6.494347,-4.651051,7.604639,-3.922030,16.730206,0.000000,-2.379196,-8.628466,0.000000,-1.562186,14.351009,-10.190652,28.910666,5.936969,1.100000,1.064000
3.045158,-5.851612,4.385498,-5.332292,9.648096,0.000000,-2.872154,-11.731043,0.000000,-1.112828,6.775942,-12.843871,23.012016,15.324276,1.100000,1.056000
1.248001,-6.366402,1.853693,-6.228896,4.078124,0.000000,-1.297910,-13.703572,0.000000,-0.294654,2.780213,-13.998226,16.105089,6.924933,1.100000,1.092000
0.450729,-6.849758,0.923963,-6.667975,2.032718,0.000000,-1.014071,-14.669546,0.000000,-0.389533,1.018647,-15.059079,13.551023,0.507885,1.100000,1.094000
-0.998405,-6.644337,-0.435779,-6.748209,-0.958714,0.000000,-1.205628,-14.846060,0.000000,0.222585,-2.164342,-14.623474,-2.143896,5.165933,1.100000,1.068000
-1.272873,-6.356339,-1.318302,-6.425444,-2.900264,0.000000,0.097347,-14.135977,0.000000,0.148084,-2.802917,-13.987893,6.749400,0.232133,1.100000,1.067000
-0.309952,-5.907013,-0.505782,-6.024610,-1.112720,0.000000,0.419635,-13.254142,0.000000,0.251992,-0.693084,-13.002151,-8.160032,2.583318,1.100000,1.057000
0.461914,-5.270664,0.044589,-5.488482,0.098096,0.000000,0.894267,-12.074661,0.000000,0.466752,0.992364,-11.607909,-6.090964,-5.376404,1.100000,1.061000
2.960785,-3.983662,2.073779,-4.522226,4.562313,0.000000,1.900728,-9.948897,0.000000,1.154065,6.463041,-8.794832,-19.995174,4.931959,1.100000,1.090000
5.966888,-3.711922,4.840081,-3.734849,10.648178,0.000000,2.414589,-8.216669,0.000000,0.049131,13.062767,-8.167539,-26.515614,-5.100220,1.100000,1.090000
8.404602,-4.207237,7.458302,-4.055566,16.408264,0.000000,2.027786,-8.922245,0.000000,-0.325011,18.436050,-9.247256,-26.122395,3.825506,1.100000,1.081000
11.542625,-4.136066,10.272587,-4.149865,22.599691,0.000000,2.721510,-9.129703,0.000000,0.029569,25.321201,-9.100134,-34.612885,-1.451788,1.100000,1.084000
14.488640,-4.686687,13.329245,-4.480078,29.324339,0.000000,2.484422,-9.856172,0.000000,-0.442736,31.808762,-10.298908,-35.696083,-9.434392,1.100000,1.071000
16.228386,-5.137032,15.614179,-4.992932,34.351192,0.000000,1.316161,-10.984451,0.000000,-0.308783,35.667355,-11.293234,-15.474607,2.497610,1.100000,1.076000
16.216965,-5.326263,16.157362,-5.268640,35.546196,0.000000,0.127726,-11.591008,0.000000,-0.123479,35.673920,-11.714487,5.996217,7.493076,1.100000,1.068000
14.505707,-5.986950,15.214355,-5.772423,33.471584,0.000000,-1.518531,-12.699330,0.000000,-0.459700,31.953054,-13.159030,7.140264,5.683094,1.100000,1.074000
11.208542,-5.963875,12.452183,-5.923100,27.394802,0.000000,-2.664943,-13.030820,0.000000,-0.087376,24.729858,-13.118196,33.031654,2.500843,1.100000,1.088000
7.114883,-6.650486,8.691243,-6.307318,19.120735,0.000000,-3.377914,-13.876100,0.000000,-0.735359,15.742821,-14.611459,25.493301,4.519356,1.100000,1.069000
2.489433,-7.596748,4.237600,-7.242372,9.322721,0.000000,-3.746073,-15.933218,0.000000,-0.759380,5.576648,-16.692598,2.512590,-2.813254,1.100000,1.090000
0.174759,-7.601940,1.123794,-7.575786,2.472347,0.000000,-2.033647,-16.666729,0.000000,-0.056045,0.438700,-16.722775,30.854067,7.444365,1.100000,1.081000
-1.652031,-9.066666,-0.979019,-8.450336,-2.153841,0.000000,-1.442169,-18.590740,0.000000,-1.320705,-3.596010,-19.911446,11.722776,20.437222,1.100000,1.083000
-0.731392,-10.987057,-1.175408,-10.362497,-2.585898,0.000000,0.951464,-22.797495,0.000000,-1.338344,-1.634434,-24.135838,-7.583421,8.694050,1.100000,1.067000
1.929390,-10.901478,1.007211,-10.848392,2.215863,0.000000,1.976099,-23.866465,0.000000,-0.113754,4.191962,-23.980219,-5.474437,3.575536,1.100000,1.082000
3.462906,-11.432259,2.845442,-11.314396,6.259972,0.000000,1.323138,-24.891672,0.000000,-0.252562,7.583110,-25.144234,-7.971854,-6.562408,1.100000,1.067000
4.956802,-10.300800,4.450384,-10.709862,9.790845,0.000000,1.085184,-23.561697,0.000000,0.876560,10.876028,-22.685137,-17.643265,-10.798702,1.100000,1.069000
6.372169,-8.689320,5.758866,-9.356342,12.669506,0.000000,1.314223,-20.583954,0.000000,1.429334,13.983728,-19.154621,-27.587326,-35.224655,1.100000,1.064000
9.546646,-5.124386,8.313968,-6.516015,18.290730,0.000000,2.641451,-14.335234,0.000000,2.982063,20.932180,-11.353170,-26.832661,-15.674074,1.100000,1.065000
12.581696,-2.500000,11.468810,-3.436897,25.231382,0.000000,2.384753,-7.561174,0.000000,2.007637,27.616135,-5.553537,-13.452876,-1.819742,1.100000,1.071000
14.795715,-2.309719,13.998625,-2.400050,30.796976,0.000000,1.708050,-5.280110,0.000000,0.193566,32.505028,-5.086545,-11.602816,-21.197025,1.100000,1.078000
15.899666,-1.882942,15.480190,-2.122577,34.056419,0.000000,0.898876,-4.669669,0.000000,0.513502,34.955296,-4.156167,-4.304125,-14.197307,1.100000,1.075000
16.120857,-0.293045,15.959067,-0.919961,35.109947,0.000000,0.346694,-2.023915,0.000000,1.343392,35.456642,-0.680523,-0.839065,-25.240795,1.100000,1.082000
16.190002,1.883335,16.219883,0.987296,35.683743,0.000000,-0.064030,2.172050,0.000000,1.920084,35.619713,4.092134,5.005050,-7.236923,1.100000,1.073000
15.610649,2.700500,15.864069,2.374564,34.900951,0.000000,-0.543046,5.224041,0.000000,0.698435,34.357906,5.922477,12.123437,5.161390,1.100000,1.078000
14.611938,2.978439,15.064000,2.908430,33.140800,0.000000,-0.968704,6.398546,0.000000,0.150020,32.172096,6.548566,19.622389,-12.296131,1.100000,1.079000
12.444992,2.888340,13.287734,2.991635,29.233015,0.000000,-1.805878,6.581597,0.000000,-0.221347,27.427137,6.360250,23.232759,-21.638058,1.100000,1.077000
10.064247,2.719933,10.921921,2.704302,24.028227,0.000000,-1.837869,5.949464,0.000000,0.033495,22.190357,5.982959,32.151535,3.302063,1.100000,1.074000
8.161186,2.148026,8.943088,2.442725,19.674793,0.000000,-1.675501,5.373996,0.000000,-0.631499,17.999292,4.742497,32.116165,-9.804903,1.100000,1.067000
5.043900,2.383739,6.296331,2.293120,13.851929,0.000000,-2.683782,5.044865,0.000000,0.194185,11.168146,5.239049,47.673325,4.298925,1.100000,1.075000
1.605263,3.143093,2.898852,2.934787,6.377474,0.000000,-2.771976,6.456532,0.000000,0.446370,3.605499,6.902901,31.338972,0.691544,1.100000,1.067000
-0.401962,3.000000,0.326721,3.038664,0.718787,0.000000,-1.561465,6.685061,0.000000,-0.082852,-0.842678,6.602209,31.300728,1.938594,1.100000,1.067000
-2.497551,2.667210,-1.747045,2.808294,-3.843498,0.000000,-1.608228,6.178246,0.000000,-0.302323,-5.451726,5.875923,11.985461,-0.345559,1.100000,1.072000
-2.851486,2.891090,-2.931293,2.729721,-6.448844,0.000000,0.171014,6.005386,0.000000,0.345792,-6.277831,6.351177,32.388798,2.686928,1.100000,1.072000
-3.404640,3.155888,-3.025118,3.090946,-6.655260,0.000000,-0.813261,6.800081,0.000000,0.139161,-7.468521,6.939242,10.471550,2.339975,1.100000,1.084000
-5.284317,2.602940,-4.562610,2.827968,-10.037742,0.000000,-1.546514,6.221529,0.000000,-0.482203,-11.584255,5.739326,10.564322,7.022071,1.100000,1.074000
-5.942245,2.597359,-5.722791,2.622802,-12.590139,0.000000,-0.470262,5.770165,0.000000,-0.054523,-13.060401,5.715643,14.094790,6.100394,1.100000,1.054000
-6.331139,2.446457,-6.138003,2.563617,-13.503607,0.000000,-0.413861,5.639957,0.000000,-0.251057,-13.917468,5.388900,29.647453,20.743050,1.100000,1.063000
-7.869781,1.412354,-7.307663,1.798677,-16.076859,0.000000,-1.204541,3.957090,0.000000,-0.827836,-17.281399,3.129253,24.854568,7.734717,1.100000,1.067000
-9.048256,1.131447,-8.429803,1.304087,-18.545567,0.000000,-1.325254,2.868992,0.000000,-0.369944,-19.870821,2.499048,11.426046,13.562155,1.100000,1.070000
-11.474037,-0.809044,-10.505810,-0.037940,-23.112782,0.000000,-2.074775,-0.083468,0.000000,-1.652366,-25.187557,-1.735834,15.295015,11.490311,1.100000,1.065000
-12.739494,-1.947899,-12.344549,-1.585671,-27.158009,0.000000,-0.846314,-3.488477,0.000000,-0.776203,-28.004322,-4.264679,4.433721,32.982246,1.100000,1.070000
-13.247490,-3.346153,-13.030312,-2.693338,-28.666687,0.000000,-0.465379,-5.925344,0.000000,-1.398890,-29.132065,-7.324234,12.527254,-4.216576,1.100000,1.056000
-14.675583,-4.610367,-14.186726,-4.256979,-31.210796,0.000000,-1.047549,-9.365354,0.000000,-0.757260,-32.258347,-10.122614,1.084608,-2.124491,1.100000,1.059000
-14.328308,-3.648243,-14.513429,-3.941636,-31.929544,0.000000,0.396686,-8.671599,0.000000,0.628700,-31.532860,-8.042899,-4.663724,12.947629,1.100000,1.059000
-14.175880,-2.447235,-14.201249,-2.847803,-31.242748,0.000000,0.054364,-6.265166,0.000000,0.858359,-31.188385,-5.406806,-1.504274,-6.170237,1.100000,1.056000
-14.092751,-0.924114,-14.203374,-1.454311,-31.247423,0.000000,0.237050,-3.199485,0.000000,1.136137,-31.010372,-2.063348,-11.653704,-17.632229,1.100000,1.060000
-13.176765,0.028618,-13.519840,-0.364659,-29.743649,0.000000,0.735164,-0.802250,0.000000,0.842736,-29.008486,0.040486,-4.730606,6.444098,1.100000,1.068000
-12.845634,0.078857,-12.967961,0.157727,-28.529516,0.000000,0.262127,0.347000,0.000000,-0.169006,-28.267389,0.177993,-14.337352,-9.442455,1.100000,1.062000
0.000000,0.000000,0.000000,0.000000,0.000000,0.000000,0.000000,0.000000,0.000000,0.000000,0.000000,0.000000,-17.935720,0.227108,1.100000,1.065000
0.000000,0.000000,0.000000,0.000000,0.000000,0.000000,0.000000,0.000000,0.000000,0.000000,0.000000,0.000000,-14.512830,-8.574419,1.100000,1.065000
0.000000,0.000000,0.000000,0.000000,0.000000,0.000000,0.000000,0.000000,0.000000,0.000000,0.000000,0.000000,-8.399651,-1.117150,1.100000,1.073000
0.000000,0.000000,0.000000,0.000000,0.000000,0.000000,0.000000,0.000000,0.000000,0.000000,0.000000,0.000000,-8.533027,-3.166495,1.100000,1.068000
0.000000,0.000000,0.000000,0.000000,0.000000,0.000000,0.000000,0.000000,0.000000,0.000000,0.000000,0.000000,-4.628554,-7.235331,1.100000,1.060000
0.000000,0.000000,0.000000,0.000000,0.000000,0.000000,0.000000,0.000000,0.000000,0.000000,0.000000,0.000000,-5.416873,-0.108659,1.100000,1.074000
0.000000,0.000000,0.000000,0.000000,0.000000,0.000000,0.000000,0.000000,0.000000,0.000000,0.000000,0.000000,3.077920,-3.493709,1.100000,1.066000
0.000000,0.000000,0.000000,0.000000,0.000000,0.000000,0.000000,0.000000,0.000000,0.000000,0.000000,-0.100000,0.303433,-6.472168,1.100000,1.061000
0.000000,0.000000,0.000000,0.000000,0.000000,0.000000,0.000000,0.000000,0.000000,0.000000,-0.100000,-12.800001,8.969595,-3.941583,1.100000,1.065000
0.000000,0.000000,0.000000,0.000000,0.000000,0.000000,0.000000,0.000000,0.000000,0.000000,-22.100000,-17.900000,15.785110,-10.809416,1.100000,1.064000
0.000000,0.000000,0.000000,0.000000,0.000000,0.000000,0.000000,0.000000,0.000000,0.000000,-19.200001,-24.800001,17.965715,-13.406800,1.100000,1.056000
0.000000,0.000000,0.000000,0.000000,0.000000,0.000000,0.000000,0.000000,0.000000,0.000000,-28.200001,-24.800001,19.698065,-9.495860,1.100000,1.051000
0.000000,0.000000,0.000000,0.000000,0.000000,0.000000,0.000000,0.000000,0.000000,0.000000,-39.200001,-23.500000,18.712521,-9.600588,1.100000,1.059000
0.000000,0.000000,0.000000,0.000000,0.000000,0.000000,0.000000,0.000000,0.000000,0.000000,-47.500000,-27.900002,14.290692,-7.142734,1.100000,1.057000
0.000000,0.000000,0.000000,0.000000,0.000000,0.000000,0.000000,0.000000,0.000000,0.000000,-48.700001,-25.000000,2.066698,-19.619770,1.100000,1.051000
0.000000,0.000000,0.000000,0.000000,0.000000,0.000000,0.000000,0.000000,0.000000,0.000000,-56.500000,-8.400001,-2.402388,-21.321928,1.100000,1.046000
0.000000,0.000000,0.000000,0.000000,0.000000,0.000000,0.000000,0.000000,0.000000,0.000000,-59.700005,-10.300001,-11.409403,-1.311413,1.100000,1.042000
0.000000,0.000000,0.000000,0.000000,0.000000,0.000000,0.000000,0.000000,0.000000,0.000000,-56.700001,-19.600000,-23.071962,-25.205536,1.100000,1.038000
0.000000,0.000000,0.000000,0.000000,0.000000,0.000000,0.000000,0.000000,0.000000,0.000000,-36.500000,-16.200001,-35.165867,-15.205895,1.100000,1.043000
0.000000,0.000000,0.000000,0.000000,0.000000,0.000000,0.000000,0.000000,0.000000,0.000000,-1.600000,0.000000,-51.760498,-18.146002,1.100000,1.041000
0.000000,0.000000,0.000000,0.000000,0.000000,0.000000,0.000000,0.000000,0.000000,0.000000,-1.900000,0.000000,-34.421089,-14.374163,1.100000,1.040000
0.000000,0.000000,0.000000,0.000000,0.000000,0.000000,0.000000,0.000000,0.000000,0.000000,-26.200001,-4.700000,-22.055218,-6.291593,1.100000,1.039000
-45.299999,-59.599998,0.000000,0.000000,0.000000,0.000000,0.000000,0.000000,0.000000,0.000000,-27.500000,-12.300001,-20.442497,-26.294859,1.100000,1.046000
-44.666668,-59.222221,0.000000,0.000000,0.000000,0.000000,0.000000,0.000000,0.000000,0.000000,-28.000000,-10.600000,-26.211235,-13.045937,1.100000,1.042000
-46.000000,-58.285713,0.000000,0.000000,0.000000,0.000000,0.000000,0.000000,0.000000,0.000000,-18.400000,-17.200001,-25.792505,-10.161442,1.100000,1.041000
-44.571430,-58.571430,0.000000,0.000000,0.000000,0.000000,0.000000,0.000000,0.000000,0.000000,-5.800000,-18.900000,-36.363525,-34.263111,1.100000,1.042000
-38.729729,-57.108109,0.000000,0.000000,0.000000,0.000000,0.000000,0.000000,0.000000,0.000000,0.000000,-17.700001,-37.232761,9.503721,1.100000,1.044000
-35.584160,-56.534653,-36.057697,-56.741436,-79.326935,0.000000,1.014729,-124.831161,0.000000,0.443096,-78.312210,-100.000000,-22.472000,-21.636147,1.100000,1.053000
-38.411766,-57.323528,0.000000,0.000000,0.000000,0.000000,0.000000,0.000000,0.000000,0.000000,-27.700001,-11.100000,-39.330185,-13.693877,1.100000,1.052000
-35.187969,-56.518799,0.000000,0.000000,0.000000,0.000000,0.000000,0.000000,0.000000,0.000000,-22.800001,-13.500000,-23.750881,-20.893068,1.100000,1.054000
-32.778324,-55.064041,0.000000,0.000000,0.000000,0.000000,0.000000,0.000000,0.000000,0.000000,-23.100000,-8.600000,-25.316822,-1.211709,1.100000,1.050000
-32.914440,-55.577541,0.000000,0.000000,0.000000,0.000000,0.000000,0.000000,0.000000,0.000000,-19.400000,-10.100000,-41.944084,10.545143,1.100000,1.049000
-31.525509,-55.500000,0.000000,0.000000,0.000000,0.000000,0.000000,0.000000,0.000000,0.000000,-15.800001,-15.000000,-42.518803,-3.675447,1.100000,1.046000
-29.867348,-55.525509,0.000000,0.000000,0.000000,0.000000,0.000000,0.000000,0.000000,0.000000,-5.800000,-15.000000,-30.364237,-1.533947,1.100000,1.038000
-29.182854,-55.891430,0.000000,0.000000,0.000000,0.000000,0.000000,0.000000,0.000000,0.000000,0.000000,-20.800001,-18.515738,3.485299,1.100000,1.034000
-27.840767,-56.426750,0.000000,0.000000,0.000000,0.000000,0.000000,0.000000,0.000000,0.000000,-2.600000,-29.200001,-30.738560,-5.409267,1.100000,1.036000
-25.788620,-57.138210,0.000000,0.000000,0.000000,0.000000,0.000000,0.000000,0.000000,0.000000,0.000000,-34.000000,-31.187069,4.246428,1.100000,1.045000
-23.813187,-57.747253,0.000000,0.000000,0.000000,0.000000,0.000000,0.000000,0.000000,0.000000,0.000000,-19.900000,-16.861345,-9.071808,1.100000,1.043000
-21.959457,-58.148647,0.000000,0.000000,0.000000,0.000000,0.000000,0.000000,0.000000,0.000000,0.000000,-9.600000,-44.444523,14.195477,1.100000,1.045000
-18.868851,-58.442623,-19.778603,-58.291950,-43.512928,0.000000,1.949463,-128.242294,0.000000,-0.322876,-41.563465,-100.000000,-5.612465,-11.559277,1.100000,1.038000
0.000000,0.000000,0.000000,0.000000,0.000000,0.000000,0.000000,0.000000,0.000000,0.000000,0.000000,-8.100000,-33.525196,-14.693760,1.100000,1.043000
-16.500000,-60.000000,0.000000,0.000000,0.000000,0.000000,0.000000,0.000000,0.000000,0.000000,0.000000,-16.000000,17.070030,-10.001322,1.100000,1.046000
-14.666664,-58.844444,0.000000,0.000000,0.000000,0.000000,0.000000,0.000000,0.000000,0.000000,0.000000,-18.200001,-19.603214,0.976462,1.100000,1.045000
-12.090912,-59.181820,0.000000,0.000000,0.000000,0.000000,0.000000,0.000000,0.000000,0.000000,4.000000,-23.300001,-14.303270,-18.109333,1.100000,1.037000
-8.900002,-59.900002,0.000000,0.000000,0.000000,0.000000,0.000000,0.000000,0.000000,0.000000,0.000000,-24.000000,-17.016104,-1.139237,1.100000,1.022000
0.000000,0.000000,0.000000,0.000000,0.000000,0.000000,0.000000,0.000000,0.000000,0.000000,0.000000,-17.900000,-44.159134,-20.481232,1.100000,1.012000
-2.500000,-60.000000,0.000000,0.000000,0.000000,0.000000,0.000000,0.000000,0.000000,0.000000,0.000000,-19.400000,-10.019892,11.773996,1.100000,1.012000
0.000000,0.000000,0.000000,0.000000,0.000000,0.000000,0.000000,0.000000,0.000000,0.000000,0.000000,-18.400000,-38.519283,-13.324762,1.100000,1.017000
0.000000,0.000000,0.000000,0.000000,0.000000,0.000000,0.000000,0.000000,0.000000,0.000000,0.000000,-20.600000,-32.163559,-11.667127,1.100000,1.022000
2.000000,-60.000000,0.000000,0.000000,0.000000,0.000000,0.000000,0.000000,0.000000,0.000000,0.000000,-24.300001,-3.178012,9.083358,1.100000,1.031000
2.333336,-59.666668,0.000000,0.000000,0.000000,0.000000,0.000000,0.000000,0.000000,0.000000,0.000000,-20.100000,-10.995728,-12.927600,1.100000,1.038000
2.678574,-58.023811,0.000000,0.000000,0.000000,0.000000,0.000000,0.000000,0.000000,0.000000,0.000000,-17.200001,-12.360950,20.235563,1.100000,1.044000
1.705879,-57.637257,0.000000,0.000000,0.000000,0.000000,0.000000,0.000000,0.000000,0.000000,0.000000,-22.100000,2.986240,-24.860687,1.100000,1.042000
0.068375,-57.435898,0.000000,0.000000,0.000000,0.000000,0.000000,0.000000,0.000000,0.000000,0.000000,-20.400000,-3.610995,-26.443634,1.100000,1.048000
-1.686958,-57.452175,0.000000,0.000000,0.000000,0.000000,0.000000,0.000000,0.000000,0.000000,0.000000,-20.400000,3.198503,-27.653355,1.100000,1.058000
-3.054543,-57.545456,0.000000,0.000000,0.000000,0.000000,0.000000,0.000000,0.000000,0.000000,0.000000,-16.700001,-13.093999,-20.662006,1.100000,1.062000
-3.728973,-57.626167,0.000000,0.000000,0.000000,0.000000,0.000000,0.000000,0.000000,0.000000,0.000000,-16.400000,-5.695511,-39.938519,1.100000,1.065000
-5.144142,-57.558559,0.000000,0.000000,0.000000,0.000000,0.000000,0.000000,0.000000,0.000000,0.000000,-16.000000,-7.836250,-46.237873,1.100000,1.074000
-5.620323,-56.160427,0.000000,0.000000,0.000000,0.000000,0.000000,0.000000,0.000000,0.000000,0.000000,-16.200001,-9.687340,-21.574842,1.100000,1.082000
-3.488586,-55.584476,0.000000,0.000000,0.000000,0.000000,0.000000,0.000000,0.000000,0.000000,0.000000,-16.000000,-18.504118,-45.950012,1.100000,1.082000
-0.584557,-54.544117,0.000000,0.000000,0.000000,0.000000,0.000000,0.000000,0.000000,0.000000,0.000000,-15.700001,87.280914,-14.311678,1.100000,1.085000
-1.444443,-55.119343,0.000000,0.000000,0.000000,0.000000,0.000000,0.000000,0.000000,0.000000,0.000000,-16.000000,-48.684647,-23.604778,1.100000,1.081000
2.606743,-52.772472,0.000000,0.000000,0.000000,0.000000,0.000000,0.000000,0.000000,0.000000,0.000000,-16.000000,7.548931,4.695875,1.100000,1.087000
6.476440,-52.214661,0.000000,0.000000,0.000000,0.000000,0.000000,0.000000,0.000000,0.000000,0.000000,-16.000000,-33.903275,-33.660786,1.100000,1.084000
9.798981,-52.117050,0.000000,0.000000,0.000000,0.000000,0.000000,0.000000,0.000000,0.000000,0.000000,-14.000000,-37.409531,-30.410194,1.100000,1.081000
12.965515,-51.849754,0.000000,0.000000,0.000000,0.000000,0.000000,0.000000,0.000000,0.000000,0.000000,-14.200001,-9.513721,-22.916908,1.100000,1.080000
13.847420,-51.199532,0.000000,0.000000,0.000000,0.000000,0.000000,0.000000,0.000000,0.000000,0.000000,-10.100000,-49.852585,-23.486710,1.100000,1.088000
15.763916,-50.605789,15.337465,-50.672516,33.742424,0.000000,0.913820,-111.479538,0.000000,0.142975,34.656242,-100.000000,2.530145,-31.030655,1.100000,1.090000
16.568123,-52.493572,16.263618,-51.806217,35.779961,0.000000,0.652504,-113.973679,0.000000,-1.472893,36.432465,-100.000000,-24.655846,-51.374825,1.100000,1.088000
17.523811,-52.323307,17.161724,-52.433235,37.755795,0.000000,0.775900,-115.353119,0.000000,0.235558,38.531693,-100.000000,14.093578,-24.388651,1.100000,1.101000
15.661400,-51.372459,16.365334,-51.630009,36.003735,0.000000,-1.508427,-113.586021,0.000000,0.551891,34.495308,-100.000000,60.446789,-38.174728,1.100000,1.100000
13.358604,-50.022541,14.333976,-50.594093,31.534748,0.000000,-2.090082,-111.307007,0.000000,1.224747,29.444666,-100.000000,36.573311,-77.574265,1.100000,1.104000
11.386192,-47.158581,11.984998,-48.323162,26.366995,0.000000,-1.283154,-106.310959,0.000000,2.495537,25.083839,-100.000000,30.693172,-94.228714,1.100000,1.104000
9.832146,-41.230354,10.654886,-43.637230,23.440750,0.000000,-1.763015,-96.001907,0.000000,5.157604,21.677734,-90.844299,36.249741,-87.697205,1.100000,1.094000
4.956291,-34.398602,6.627698,-37.103104,14.580936,0.000000,-3.581588,-81.626831,0.000000,5.795364,10.999349,-75.831467,55.764725,-91.201004,1.100000,1.092000
1.023933,-24.403419,2.783215,-28.553572,6.123073,0.000000,-3.141574,-62.817860,0.000000,7.410987,2.981498,-55.406872,40.564911,-73.653320,1.100000,1.104000
-4.127945,-15.353535,-2.266470,-18.765440,-4.986235,0.000000,-3.988875,-41.283970,0.000000,7.311220,-8.975110,-33.972748,45.292400,-87.603508,1.100000,1.100000
-7.912010,-5.742809,-6.374313,-9.460961,-14.023489,0.000000,-3.295066,-20.814116,0.000000,7.967472,-17.318556,-12.846643,46.092155,-87.768295,1.100000,1.099000
-14.271629,2.877163,-11.868199,-0.351011,-26.110039,0.000000,-5.150208,-0.772223,0.000000,6.917515,-31.260246,6.145291,118.746948,-69.919983,1.100000,1.109000
-14.271629,2.877163,-11.868199,-0.351011,-26.110039,0.000000,-5.150208,-0.772223,0.000000,6.917515,-31.260246,6.145291,118.746948,-69.919983,1.100000,1.109000
-26.602913,11.615662,-24.948481,10.122155,-54.886658,0.000000,-2.954348,22.268742,0.000000,2.666978,-57.841007,24.935720,-14.289917,-49.173180,1.100000,1.104000
-26.578468,14.224449,-26.556602,13.271379,-58.424526,0.000000,-0.046854,29.197035,0.000000,2.042293,-58.471382,31.239328,32.464172,-7.053493,1.100000,1.107000
-28.703499,13.970535,-27.912115,13.937673,-61.406654,0.000000,-1.695824,30.662880,0.000000,0.070419,-63.102478,30.733299,-31.542255,-17.346975,1.100000,1.100000
-26.942802,14.125458,-27.738533,14.030432,-61.024773,0.000000,1.705141,30.866951,0.000000,0.203624,-59.319633,31.070576,34.647465,-6.921717,1.100000,1.094000
-26.561821,14.260002,-26.586021,14.294076,-58.489250,0.000000,0.051861,31.446968,0.000000,-0.073013,-58.437389,31.373955,-26.162914,-2.083267,1.100000,1.098000
-25.043243,12.567566,-25.873495,13.133348,-56.921692,0.000000,1.779108,28.893366,0.000000,-1.212392,-55.142586,27.680973,-14.714212,27.434818,1.100000,1.096000
-20.245117,10.710480,-22.112251,11.506318,-48.646954,0.000000,4.000997,25.313900,0.000000,-1.705370,-44.645958,23.608530,-55.249134,8.704599,1.100000,1.101000
-12.286713,9.160843,-15.341843,9.860592,-33.752056,0.000000,6.546707,21.693302,0.000000,-1.499462,-27.205349,20.193840,-23.728867,18.852755,1.100000,1.106000
-6.498291,6.539383,-8.687803,7.547861,-19.113167,0.000000,4.691815,16.605295,0.000000,-2.161026,-14.421352,14.444269,-63.147888,25.322899,1.100000,1.095000
-0.574829,4.603745,-3.024516,5.290420,-6.653936,0.000000,5.249330,11.638925,0.000000,-1.471448,-1.404606,10.167477,-65.343987,14.306710,1.100000,1.096000
4.830795,2.876480,2.903636,3.557066,6.388000,0.000000,4.129627,7.825545,0.000000,-1.458398,10.517628,6.367146,-53.134308,13.854968,1.100000,1.096000
8.013420,1.018456,6.749580,1.650544,14.849077,0.000000,2.708228,3.631196,0.000000,-1.354474,17.557304,2.276722,-35.944603,13.970852,1.100000,1.107000
10.451508,-0.275921,9.629410,0.280400,21.184702,0.000000,1.761641,0.616880,0.000000,-1.192116,22.946342,-0.575236,-27.216747,13.934040,1.100000,1.107000
10.396667,-1.643333,10.408978,-1.107589,22.899754,0.000000,-0.026379,-2.436697,0.000000,-1.148023,22.873375,-3.584720,-18.175821,18.283207,1.100000,1.099000
10.160202,-2.801010,10.141804,-2.346203,22.311968,0.000000,0.039425,-5.161646,0.000000,-0.974588,22.351393,-6.136234,-3.785958,0.810765,1.100000,1.120000
10.402687,-1.986576,10.408578,-2.193579,22.898872,0.000000,-0.012622,-4.825873,0.000000,0.443578,22.886250,-4.382296,16.019562,-0.185249,1.100000,1.110000
7.837524,-2.018425,8.794989,-2.063547,19.348976,0.000000,-2.051711,-4.539804,0.000000,0.096691,17.297266,-4.443114,13.470984,3.196242,1.100000,1.128000
4.422630,-1.803661,5.609551,-1.959246,12.341013,0.000000,-2.543401,-4.310340,0.000000,0.333394,9.797611,-3.976946,40.473309,12.472438,1.100000,1.127000
0.578331,-1.259998,2.232331,-1.437660,4.911129,0.000000,-3.544286,-3.162853,0.000000,0.380704,1.366842,-2.782148,42.590824,7.202140,1.100000,1.113000
-4.335556,-1.565945,-2.560348,-1.603705,-5.632765,0.000000,-3.804018,-3.528152,0.000000,0.080916,-9.436783,-3.447236,25.741356,0.693226,1.100000,1.104000
-6.729866,-0.553692,-5.798417,-0.901017,-12.756516,0.000000,-2.101012,-1.982237,0.000000,0.783439,-14.857529,-1.198797,33.859222,8.557528,1.100000,1.100000
-8.753380,-0.135136,-8.005312,-0.234068,-17.611687,0.000000,-1.603005,-0.514950,0.000000,0.211998,-19.214691,-0.302952,21.330004,6.368600,1.100000,1.108000
-9.758972,0.018803,-9.474752,-0.102901,-20.844456,0.000000,-0.609045,-0.226383,0.000000,0.260794,-21.453501,0.034411,35.909157,12.284690,1.100000,1.119000
-11.195244,-1.054329,-10.429447,-0.569446,-22.944784,0.000000,-1.640992,-1.252781,0.000000,-1.039035,-24.585777,-2.291816,-5.684669,-1.527966,1.100000,1.112000
-11.473595,-1.722317,-11.450521,-1.506880,-25.191145,0.000000,-0.049443,-3.315137,0.000000,-0.461649,-25.240587,-3.776786,-11.356722,8.928295,1.100000,1.118000
-10.565292,-2.609966,-10.962711,-2.155458,-24.117966,0.000000,0.851612,-4.742008,0.000000,-0.973946,-23.266354,-5.715954,5.264029,8.825872,1.100000,1.107000
-9.991486,-4.328789,-10.212616,-3.642926,-22.467756,0.000000,0.473852,-8.014438,0.000000,-1.469705,-21.993904,-9.484142,-2.849980,13.273121,1.100000,1.111000
-7.760612,-5.602718,-8.535383,-5.152444,-18.777843,0.000000,1.660223,-11.335378,0.000000,-0.964873,-17.117620,-12.300250,6.767229,16.261261,1.100000,1.125000
-6.529411,-7.413445,-7.008376,-6.646465,-15.418427,0.000000,1.026354,-14.622224,0.000000,-1.643526,-14.392073,-16.265751,-16.819338,19.358978,1.100000,1.115000
-5.407410,-10.011784,-5.864653,-9.030873,-12.902236,0.000000,0.979807,-19.867922,0.000000,-2.101951,-11.922429,-21.969872,-18.089808,20.263470,1.100000,1.121000
-3.437607,-11.417637,-4.209663,-10.909223,-9.261260,0.000000,1.654408,-24.000290,0.000000,-1.089458,-7.606852,-25.089748,-25.178513,8.924185,1.100000,1.105000
-1.483223,-11.865772,-2.154610,-11.728240,-4.740143,0.000000,1.438688,-25.802128,0.000000,-0.294709,-3.301455,-26.096836,-9.345566,-0.150593,1.100000,1.121000
0.170609,-11.704391,-0.441074,-11.779463,-0.970363,0.000000,1.310748,-25.914818,0.000000,0.160866,0.340385,-25.753952,-4.386934,-4.662981,1.100000,1.113000
1.774788,-10.522690,1.283569,-10.879875,2.823851,0.000000,1.052613,-23.935726,0.000000,0.765395,3.876464,-23.170332,4.504428,1.406382,1.100000,1.120000
1.153847,-10.379601,1.449543,-10.459868,3.188995,0.000000,-0.633635,-23.011711,0.000000,0.172000,2.555360,-22.839712,13.056081,-11.822591,1.100000,1.116000
0.121826,-8.972927,0.394342,-9.621155,0.867553,0.000000,-0.583963,-21.166540,0.000000,1.389060,0.283590,-19.777481,24.723568,-21.580261,1.100000,1.117000
-0.692566,-6.199326,-0.224402,-7.208247,-0.493684,0.000000,-1.003208,-15.858143,0.000000,2.161975,-1.496893,-13.696168,5.215722,-7.976386,1.100000,1.133000
-3.361015,-4.433899,-2.416548,-5.182364,-5.316406,0.000000,-2.023859,-11.401202,0.000000,1.603856,-7.340265,-9.797346,18.071321,-4.330818,1.100000,1.128000
-4.792809,-2.797947,-4.205682,-3.319494,-9.252501,0.000000,-1.258130,-7.302887,0.000000,1.117600,-10.510631,-6.185287,38.457680,-21.008821,1.100000,1.130000
-9.000000,-1.731499,-7.305532,-2.146052,-16.072170,0.000000,-3.631005,-4.721314,0.000000,0.888327,-19.703175,-3.832987,36.906921,-18.862963,1.100000,1.126000
-12.641510,-0.252144,-11.323767,-0.827153,-24.912287,0.000000,-2.823739,-1.819737,0.000000,1.232163,-27.736025,-0.587574,19.177654,-10.007562,1.100000,1.113000
-15.949829,-0.762978,-14.575052,-0.558541,-32.065117,0.000000,-2.945952,-1.228790,0.000000,-0.438079,-35.011070,-1.666869,20.399820,-12.556131,1.100000,1.115000
-17.241318,-0.732639,-17.004120,-0.878697,-37.409065,0.000000,-0.508280,-1.933133,0.000000,0.312980,-37.917343,-1.620153,11.591617,-12.177832,1.100000,1.113000
-16.697556,0.129372,-16.897007,-0.137516,-37.173416,0.000000,0.427389,-0.302536,0.000000,0.571903,-36.746029,0.269367,-3.683565,-17.771742,1.100000,1.122000
-15.998260,0.646343,-16.165224,0.447534,-35.563496,0.000000,0.357780,0.984575,0.000000,0.426020,-35.205715,1.410594,-2.015404,-13.789244,1.100000,1.122000
-15.574654,1.064236,-15.864949,0.820608,-34.902889,0.000000,0.622063,1.805339,0.000000,0.522059,-34.280827,2.327397,-44.593441,-37.717411,1.100000,1.116000
-12.254326,2.820068,-13.465096,2.147533,-29.623211,0.000000,2.594504,4.724573,0.000000,1.441147,-27.028708,6.165720,4.218029,-12.081121,1.100000,1.112000
-9.956596,3.427082,-10.838762,3.198526,-23.845278,0.000000,1.890359,7.036757,0.000000,0.489764,-21.954920,7.526521,-11.488478,-13.701427,1.100000,1.112000
-7.271477,4.714775,-8.342711,4.190035,-18.353966,0.000000,2.295503,9.218077,0.000000,1.124444,-16.058462,10.342521,-19.302902,-20.156784,1.100000,1.115000
-5.131264,5.863556,-5.861550,5.453862,-12.895411,0.000000,1.564898,11.998497,0.000000,0.877917,-11.330512,12.876413,-4.350752,-16.923599,1.100000,1.116000
-3.817070,6.799652,-4.324786,6.346398,-9.514530,0.000000,1.087963,13.962075,0.000000,0.971260,-8.426567,14.933335,-2.880539,2.805209,1.100000,1.125000
-3.614708,7.000000,-3.471562,6.938256,-7.637436,0.000000,-0.306742,15.264163,0.000000,0.132310,-7.944179,15.396473,-6.547104,-12.011708,1.100000,1.125000
-3.912590,7.500000,-3.920748,7.231608,-8.625647,0.000000,0.017482,15.909537,0.000000,0.575125,-8.608165,16.484663,2.784034,-16.604755,1.100000,1.118000
-3.630928,7.699471,-3.652328,7.622311,-8.035121,0.000000,0.045856,16.769085,0.000000,0.165341,-7.989265,16.934425,-2.106785,-13.973993,1.100000,1.120000
-3.321678,8.921326,-3.438589,8.415681,-7.564896,0.000000,0.250523,18.514498,0.000000,1.083522,-7.314373,19.598019,8.513988,-23.046463,1.100000,1.131000
-4.079224,10.489433,-3.817186,9.882656,-8.397809,0.000000,-0.561510,21.741844,0.000000,1.300235,-8.959319,23.042078,-2.664701,-6.005522,1.100000,1.123000
-5.417404,11.371223,-4.879103,11.024355,-10.734026,0.000000,-1.153505,24.253582,0.000000,0.743289,-11.887530,24.996870,-3.197792,-12.342930,1.100000,1.122000
-6.483925,12.530357,-6.141885,12.013968,-13.512147,0.000000,-0.732942,26.430729,0.000000,1.106553,-14.245089,27.537281,14.322310,11.303459,1.100000,1.126000
-8.102837,13.140068,-7.462724,12.840120,-16.417994,0.000000,-1.371670,28.248266,0.000000,0.642748,-17.789663,28.891014,24.949320,-5.593114,1.100000,1.114000
-10.614693,14.071686,-9.640472,13.832250,-21.209040,0.000000,-2.087617,30.430950,0.000000,0.513077,-23.296656,30.944027,22.160395,-9.815195,1.100000,1.118000
-13.055557,13.482079,-12.250368,13.581384,-26.950811,0.000000,-1.725402,29.879045,0.000000,-0.212798,-28.676212,29.666248,3.034026,9.558413,1.100000,1.113000
-14.206467,12.369835,-13.655659,12.851428,-30.042450,0.000000,-1.180305,28.273142,0.000000,-1.031985,-31.222755,27.241158,20.939789,12.808115,1.100000,1.118000
-16.270943,10.748665,-15.568616,11.348693,-34.250957,0.000000,-1.504989,24.967125,0.000000,-1.285777,-35.755947,23.681347,21.123178,12.398542,1.100000,1.113000
-17.736656,10.314949,-17.335390,10.472235,-38.137859,0.000000,-0.859861,23.038918,0.000000,-0.337043,-38.997719,22.701874,5.903542,9.985983,1.100000,1.110000
-16.832741,10.001778,-17.012096,10.156130,-37.426613,0.000000,0.384340,22.343487,0.000000,-0.330753,-37.042274,22.012733,-1.831683,5.389513,1.100000,1.112000
-16.227913,9.427559,-16.551792,9.522865,-36.413944,0.000000,0.694027,20.950304,0.000000,-0.204225,-35.719917,20.746080,-20.051014,13.702239,1.100000,1.108000
-14.244331,8.284470,-14.938509,8.715156,-32.864719,0.000000,1.487527,19.173344,0.000000,-0.922899,-31.377193,18.250444,-11.572378,11.414993,1.100000,1.105000
-12.916664,7.196182,-13.520055,7.653785,-29.744122,0.000000,1.292977,16.838327,0.000000,-0.980577,-28.451145,15.857750,-22.626680,1.665640,1.100000,1.103000
-10.222603,5.986298,-11.303197,6.362748,-24.867033,0.000000,2.315559,13.998046,0.000000,-0.806680,-22.551474,13.191366,-31.669575,0.607528,1.100000,1.094000
-7.141640,6.412971,-8.365620,6.325177,-18.404364,0.000000,2.622814,13.915390,0.000000,0.188129,-15.781549,14.103518,-31.975176,1.589621,1.100000,1.097000
-5.047455,5.249153,-5.887354,5.713044,-12.952180,0.000000,1.799786,12.568696,0.000000,-0.994050,-11.152394,11.574646,-38.852039,-1.435658,1.100000,1.098000
-1.739426,4.346870,-2.900143,4.705840,-6.380316,0.000000,2.487252,10.352848,0.000000,-0.769222,-3.893064,9.583627,-27.878220,-3.285434,1.100000,1.098000
0.559662,3.863865,-0.291686,4.086767,-0.641709,0.000000,1.824317,8.990887,0.000000,-0.477648,1.182608,8.513239,-41.717823,-7.443951,1.100000,1.097000
3.611115,4.186867,2.357928,3.966767,5.187441,0.000000,2.685400,8.726888,0.000000,0.471642,7.872841,9.198529,-32.268108,-21.986355,1.100000,1.100000
6.054329,5.507637,5.102543,5.104325,11.225595,0.000000,2.039542,11.229516,0.000000,0.864239,13.265137,12.093755,-16.618710,-12.151165,1.100000,1.085000
7.341751,6.811447,6.801880,6.147284,14.964136,0.000000,1.156866,13.524024,0.000000,1.423209,16.121002,14.947232,-11.058981,-10.806507,1.100000,1.094000
8.120277,8.764603,7.818187,8.033971,17.200012,0.000000,0.647337,17.674736,0.000000,1.565637,17.847349,19.240374,-16.807768,-26.612013,1.100000,1.095000
8.484482,10.548279,8.353155,9.695760,18.376942,0.000000,0.281415,21.330671,0.000000,1.826825,18.658356,23.157495,-10.437045,-13.616073,1.100000,1.100000
8.152924,13.005157,8.290106,12.101900,18.238234,0.000000,-0.293961,26.624182,0.000000,1.935549,17.944273,28.559731,-6.169002,-23.613548,1.100000,1.089000
7.621109,14.534599,7.776584,13.901767,17.108484,0.000000,-0.333161,30.583887,0.000000,1.356072,16.775324,31.939959,2.282704,-14.845345,1.100000,1.089000
6.295654,15.321739,6.892838,14.972673,15.164244,0.000000,-1.279678,32.939880,0.000000,0.747995,13.884565,33.687874,6.463854,-8.933006,1.100000,1.093000
5.085663,16.517479,5.682629,16.063379,12.501784,0.000000,-1.279213,35.339436,0.000000,0.973072,11.222570,36.312508,0.174434,7.036057,1.100000,1.085000
3.924828,15.573425,4.264868,15.916296,9.382710,0.000000,-0.728657,35.015850,0.000000,-0.734720,8.654053,34.281132,4.953804,6.097160,1.100000,1.091000
3.745674,14.820068,3.806812,15.157495,8.374987,0.000000,-0.131010,33.346489,0.000000,-0.723057,8.243977,32.623432,3.938340,14.254475,1.100000,1.093000
3.702934,12.979271,3.658556,13.639693,8.048824,0.000000,0.095096,30.007326,0.000000,-1.415191,8.143920,28.592136,-1.414004,19.422455,1.100000,1.092000
3.830185,11.075470,3.804000,11.888750,8.368800,0.000000,0.056111,26.155251,0.000000,-1.742744,8.424911,24.412506,-5.739883,18.463558,1.100000,1.091000
3.964348,9.071304,3.850752,9.791819,8.471655,0.000000,0.243419,21.542002,0.000000,-1.543961,8.715075,19.998041,-8.952696,16.529921,1.100000,1.093000
5.150589,7.143822,4.723155,7.931560,10.390941,0.000000,0.915930,17.449430,0.000000,-1.688008,11.306871,15.761422,-3.519434,13.119661,1.100000,1.091000
6.448570,6.033730,5.862032,6.296944,12.896472,0.000000,1.256866,13.853277,0.000000,-0.564032,14.153338,13.289246,1.009221,12.759567,1.100000,1.091000
8.572861,6.329987,7.759242,6.273911,17.070333,0.000000,1.743467,13.802604,0.000000,0.120163,18.813801,13.922767,-16.102993,0.680030,1.100000,1.087000
11.207069,7.003365,10.221778,6.805609,22.487911,0.000000,2.111339,14.972341,0.000000,0.423763,24.599251,15.396103,-10.298872,0.712863,1.100000,1.084000
12.558182,6.865089,12.044538,6.869035,26.497986,0.000000,1.100664,15.111876,0.000000,-0.008454,27.598650,15.103422,-14.104559,6.752108,1.100000,1.084000
13.378563,6.482414,13.037648,6.626701,28.682827,0.000000,0.730529,14.578743,0.000000,-0.309186,29.413355,14.269557,-4.884954,-1.132230,1.100000,1.101000
12.752510,5.593643,13.034208,5.971230,28.675259,0.000000,-0.603638,13.136705,0.000000,-0.809114,28.071621,12.327592,6.296272,-2.861660,1.100000,1.090000
11.868469,4.836426,12.175760,5.099118,26.786673,0.000000,-0.658479,11.218060,0.000000,-0.562911,26.128195,10.655149,13.242121,11.978685,1.100000,1.097000
9.909393,3.135906,10.673593,3.750661,23.481905,0.000000,-1.637568,8.251455,0.000000,-1.317332,21.844337,6.934124,23.407799,11.937798,1.100000,1.098000
6.529510,2.527870,7.794246,2.658804,17.147341,0.000000,-2.710147,5.849370,0.000000,-0.280572,14.437194,5.568798,24.551186,8.855785,1.100000,1.093000
2.774460,2.776119,4.415598,2.881616,9.714315,0.000000,-3.516724,6.339555,0.000000,-0.226065,6.197591,6.113490,19.533855,2.862198,1.100000,1.074000
-2.437500,2.185856,-0.624936,2.252120,-1.374860,0.000000,-3.884065,4.954664,0.000000,-0.141995,-5.258925,4.812669,4.428400,3.331096,1.100000,1.075000
-4.026619,3.579037,-3.471993,3.070611,-7.638384,0.000000,-1.188484,6.755345,0.000000,1.089482,-8.826869,7.844828,6.213941,5.978954,1.100000,1.088000
-4.757118,3.849247,-4.407351,3.759423,-9.696173,0.000000,-0.749502,8.270731,0.000000,0.192480,-10.445675,8.463211,3.935740,-0.615203,1.100000,1.094000
-4.450752,5.041733,-4.593775,4.586235,-10.106305,0.000000,0.306478,10.089716,0.000000,0.976069,-9.799828,11.065784,8.332943,10.770519,1.100000,1.107000
-4.151917,5.103508,-4.272331,5.158033,-9.399129,0.000000,0.258031,11.347673,0.000000,-0.116839,-9.141098,11.230834,-10.924436,10.796567,1.100000,1.099000
-2.790085,4.128929,-3.482367,4.462485,-7.661208,0.000000,1.483463,9.817467,0.000000,-0.714762,-6.177745,9.102705,-31.625710,18.263426,1.100000,1.087000
0.332787,2.504917,-0.852957,3.315790,-1.876505,0.000000,2.540879,7.294738,0.000000,-1.737585,0.664373,5.557153,-27.486963,11.302750,1.100000,1.081000
3.377266,0.013180,2.164872,0.896552,4.762719,0.000000,2.597987,1.972414,0.000000,-1.892940,7.360705,0.079474,-25.444435,12.006155,1.100000,1.090000
7.587952,-1.640064,5.949860,-0.929166,13.089691,0.000000,3.510196,-2.044165,0.000000,-1.523353,16.599888,-3.567519,-24.674994,18.410290,1.100000,1.076000
10.379936,-3.939144,9.373163,-3.145499,20.620960,0.000000,2.157369,-6.920097,0.000000,-1.700669,22.778328,-8.620767,-19.939487,0.106922,1.100000,1.093000
12.060204,-5.906353,11.364767,-5.120989,25.002487,0.000000,1.490221,-11.266175,0.000000,-1.682923,26.492708,-12.949098,-5.060379,-8.199444,1.100000,1.103000
14.282860,-6.004993,13.448142,-5.945293,29.585913,0.000000,1.788683,-13.079646,0.000000,-0.127928,31.374596,-13.207575,-12.424918,7.821368,1.100000,1.107000
15.715233,-6.668873,15.294341,-6.351958,33.647552,0.000000,0.901909,-13.974309,0.000000,-0.679104,34.549461,-14.653414,0.923027,-1.933784,1.100000,1.104000
14.338287,-7.511551,14.920411,-7.375668,32.824905,0.000000,-1.247406,-16.226469,0.000000,-0.291178,31.577499,-16.517647,13.043995,0.780562,1.100000,1.098000
10.587852,-6.791462,12.079625,-6.956904,26.575176,0.000000,-3.196654,-15.305190,0.000000,0.354521,23.378521,-14.950669,38.895370,2.546448,1.100000,1.091000
6.039734,-6.947021,7.816934,-6.951717,17.197254,0.000000,-3.808284,-15.293778,0.000000,0.010064,13.388970,-15.283715,37.710915,0.055183,1.100000,1.084000
2.252457,-5.742622,3.647604,-6.199276,8.024728,0.000000,-2.989599,-13.638408,0.000000,0.978544,5.035129,-12.659864,44.511639,-11.601542,1.100000,1.095000
0.468643,-3.042904,1.203876,-4.078593,2.648527,0.000000,-1.575498,-8.972905,0.000000,2.219336,1.073029,-6.753569,22.877378,-14.917949,1.100000,1.102000
-0.973335,-1.514999,-0.269156,-2.065183,-0.592144,0.000000,-1.508955,-4.543402,0.000000,1.178964,-2.101099,-3.364438,22.004145,-3.070827,1.100000,1.108000
-3.494179,-1.161396,-2.591132,-1.342667,-5.700491,0.000000,-1.935099,-2.953867,0.000000,0.388437,-7.635590,-2.565430,39.726139,-7.122403,1.100000,1.102000
-5.626045,-0.647747,-4.712615,-0.800854,-10.367753,0.000000,-1.957352,-1.761878,0.000000,0.328086,-12.325106,-1.433792,7.971071,-14.765509,1.100000,1.103000
-5.897476,-0.183193,-5.807664,-0.386067,-12.776862,0.000000,-0.192454,-0.849348,0.000000,0.434730,-12.969316,-0.414618,11.166343,0.246230,1.100000,1.095000
-5.872696,-1.040199,-5.756327,-0.758167,-12.663918,0.000000,-0.249364,-1.667966,0.000000,-0.604356,-12.913282,-2.272322,5.786207,-1.909832,1.100000,1.096000
-5.878990,-1.109245,-5.911928,-1.061156,-13.006241,0.000000,0.070579,-2.334542,0.000000,-0.103049,-12.935662,-2.437592,10.457438,-2.569529,1.100000,1.090000
-6.454849,-1.799332,-6.093684,-1.518037,-13.406106,0.000000,-0.773926,-3.339681,0.000000,-0.602775,-14.180032,-3.942456,10.218211,21.540905,1.100000,1.092000
-6.122894,-3.018520,-6.445560,-2.583226,-14.180233,0.000000,0.691428,-5.683098,0.000000,-0.932773,-13.488805,-6.615871,-19.896498,4.287696,1.100000,1.098000
-5.197327,-3.006687,-5.478700,-2.959441,-12.053140,0.000000,0.602942,-6.510770,0.000000,-0.101243,-11.450198,-6.612013,-6.357088,-6.080542,1.100000,1.096000
-4.823036,-1.968281,-5.153378,-2.529537,-11.337431,0.000000,0.707874,-5.564981,0.000000,1.202692,-10.629557,-4.362290,-21.076950,-16.165798,1.100000,1.095000
-2.533226,0.368771,-3.440060,-0.465982,-7.568131,0.000000,1.943215,-1.025160,0.000000,1.788756,-5.624917,0.763595,-16.077921,-1.640240,1.100000,1.120000
-0.721199,1.050083,-1.379967,0.822001,-3.035928,0.000000,1.411646,1.808403,0.000000,0.488747,-1.624282,2.297150,-4.998496,-6.948202,1.100000,1.100000
-0.161934,2.355591,-0.338934,1.834123,-0.745655,0.000000,0.379286,4.035072,0.000000,1.117430,-0.366369,5.152502,2.700403,-13.445756,1.100000,1.093000
0.044922,3.723793,0.023841,3.249869,0.052450,0.000000,0.045174,7.149712,0.000000,1.015551,0.097623,8.165263,-16.402693,-3.077712,1.100000,1.085000
-0.371239,3.239132,-0.209936,3.460992,-0.461859,0.000000,-0.345649,7.614182,0.000000,-0.475414,-0.807508,7.138768,-17.704327,-1.843906,1.100000,1.089000
0.803688,3.016777,0.294818,3.049968,0.648599,0.000000,1.090436,6.709930,0.000000,-0.071124,1.739035,6.638806,-19.239393,-17.728392,1.100000,1.099000
3.403008,3.556858,2.430781,3.383622,5.347719,0.000000,2.083342,7.443968,0.000000,0.371220,7.431061,7.815188,-20.882166,-10.997618,1.100000,1.099000
3.869270,3.816639,3.669894,3.625977,8.073768,0.000000,0.427234,7.977150,0.000000,0.408561,8.501001,8.385712,-16.161915,-6.754063,1.100000,1.104000
5.015358,5.163826,4.461775,4.638558,9.815906,0.000000,1.186249,10.204827,0.000000,1.125574,11.002155,11.330401,-16.857704,-14.396471,1.100000,1.107000
6.057724,6.168083,5.695899,5.825929,12.530977,0.000000,0.775340,12.817044,0.000000,0.733187,13.306316,13.550231,-9.918742,-5.044349,1.100000,1.108000
6.328812,6.167793,6.172559,6.147057,13.579631,0.000000,0.334828,13.523525,0.000000,0.044436,13.914458,13.567962,-4.198767,2.278733,1.100000,1.108000
7.717690,6.636055,7.274282,6.536442,16.003420,0.000000,0.950160,14.380174,0.000000,0.213456,16.953579,14.593630,3.296204,4.231684,1.100000,1.110000
6.235687,5.500000,6.816393,5.925307,14.996066,0.000000,-1.244371,13.035676,0.000000,-0.911374,13.751696,12.124302,15.102718,6.831342,1.100000,1.102000
4.773651,4.903717,5.307173,5.029486,11.675780,0.000000,-1.143260,11.064869,0.000000,-0.269504,10.532520,10.795365,-3.638365,12.023318,1.100000,1.102000
4.087692,4.875214,4.435291,4.867291,9.757641,0.000000,-0.744855,10.708041,0.000000,0.016978,9.012786,10.725019,39.419754,2.347255,1.100000,1.104000
1.374367,4.143341,2.486646,4.471153,5.470621,0.000000,-2.383455,9.836536,0.000000,-0.702453,3.087166,9.134084,-12.516025,4.936732,1.100000,1.108000
0.262268,2.734348,0.527600,3.192505,1.160720,0.000000,-0.568569,7.023511,0.000000,-0.981764,0.592152,6.041747,-5.329731,7.003346,1.100000,1.112000
1.087395,2.021851,0.759238,2.234745,1.670324,0.000000,0.703193,4.916438,0.000000,-0.456202,2.373517,4.460236,7.374429,3.097409,1.100000,1.108000
1.570473,0.941277,1.480994,1.404357,3.258187,0.000000,0.191740,3.089585,0.000000,-0.992314,3.449927,2.097270,6.552753,8.691418,1.100000,1.108000
2.314476,-0.564060,2.004338,-0.062915,4.409543,0.000000,0.664583,-0.138414,0.000000,-1.073882,5.074126,-1.212296,6.202589,6.314608,1.100000,1.113000
3.364708,-1.193275,2.679315,-1.004390,5.894493,0.000000,1.468699,-2.209658,0.000000,-0.404755,7.363192,-2.614413,-25.308073,9.909577,1.100000,1.093000
4.689713,-1.126476,3.611031,-1.092891,7.944268,0.000000,2.311461,-2.404360,0.000000,-0.071968,10.255729,-2.476329,-10.584751,-1.041841,1.100000,1.111000
7.106781,-0.516949,6.181104,-0.794351,13.598430,0.000000,1.983592,-1.747573,0.000000,0.594434,15.582022,-1.153139,-14.142894,-4.155132,1.100000,1.135000
9.272110,0.566326,8.449729,0.171351,18.589405,0.000000,1.762247,0.376972,0.000000,0.846375,20.351652,1.223347,10.668139,-8.115982,1.100000,1.130000
8.971474,1.038589,9.202621,0.890102,20.245768,0.000000,-0.495315,1.958225,0.000000,0.318187,19.750454,2.276412,10.253247,-11.224615,1.100000,1.119000
6.771667,1.521667,7.598241,1.319562,16.716129,0.000000,-1.771228,2.903037,0.000000,0.433083,14.944901,3.336120,18.798958,-13.666018,1.100000,1.116000
3.891121,1.961475,4.988558,1.692723,10.974828,0.000000,-2.351651,3.723990,0.000000,0.575899,8.623177,4.299889,29.737293,-4.926795,1.100000,1.110000
1.867889,3.215717,2.573933,2.797790,5.662653,0.000000,-1.512951,6.155139,0.000000,0.895557,4.149703,7.050696,14.460752,0.698133,1.100000,1.087000
-0.061768,3.143574,0.680416,3.213945,1.496915,0.000000,-1.590393,7.070679,0.000000,-0.150795,-0.093479,6.919884,9.619393,-1.992171,1.100000,1.093000
-2.266998,2.971809,-1.591477,3.034401,-3.501250,0.000000,-1.447545,6.675682,0.000000,-0.134124,-4.948795,6.541558,25.601488,8.468771,1.100000,1.096000
-2.668335,2.090000,-2.533706,2.438791,-5.574153,0.000000,-0.288490,5.365341,0.000000,-0.747409,-5.862643,4.617932,-3.895059,2.195170,1.100000,1.099000
-1.097481,2.181511,-1.689190,2.123730,-3.716219,0.000000,1.267949,4.672206,0.000000,0.123817,-2.448270,4.796022,-14.194592,9.734676,1.100000,1.110000
0.875000,2.740002,0.082715,2.568309,0.181973,0.000000,1.697754,5.650279,0.000000,0.367914,1.879726,6.018193,-21.431664,0.787436,1.100000,1.109000
3.452736,3.179104,2.406488,2.997114,5.294275,0.000000,2.241958,6.593651,0.000000,0.389979,7.536233,6.983630,-25.928448,9.561064,1.100000,1.101000
5.865135,2.641449,4.865780,2.842900,10.704717,0.000000,2.141473,6.254379,0.000000,-0.431679,12.846189,5.822700,-26.328539,18.540068,1.100000,1.079000
9.482086,1.418568,7.933355,1.913668,17.453382,0.000000,3.318710,4.210070,0.000000,-1.060929,20.772093,3.149141,-26.028143,4.793936,1.100000,1.074000
12.736931,-0.433006,11.574952,0.196509,25.464895,0.000000,2.489953,0.432319,0.000000,-1.348960,27.954849,-0.916641,-22.805719,18.369656,1.100000,1.074000
15.377052,-3.483608,14.351278,-2.303469,31.572813,0.000000,2.313774,-5.067632,0.000000,-2.661968,33.886589,-7.729600,-21.796797,19.500729,1.100000,1.076000
17.292847,-5.840267,16.478622,-4.917479,36.252972,0.000000,1.744766,-10.818454,0.000000,-1.977403,37.997738,-12.795856,-1.742094,14.718985,1.100000,1.082000
19.013466,-6.914143,18.314980,-6.515752,40.292957,0.000000,1.496754,-14.334656,0.000000,-0.853693,41.789711,-15.188349,0.352831,12.027153,1.100000,1.097000
19.199661,-7.077183,19.138603,-6.978820,42.104927,0.000000,0.130835,-15.353405,0.000000,-0.210776,42.235764,-15.564181,1.630462,-1.993156,1.100000,1.095000
18.554260,-6.227047,18.767288,-6.575572,41.288036,0.000000,-0.456495,-14.466259,0.000000,0.746839,40.831543,-13.719419,7.733442,3.828048,1.100000,1.093000
16.777229,-6.254124,17.574015,-6.346328,38.662834,0.000000,-1.707392,-13.961923,0.000000,0.197580,36.955444,-13.764343,25.629831,-0.852771,1.100000,1.089000
14.052895,-5.828098,15.103355,-6.007450,33.227383,0.000000,-2.250986,-13.216391,0.000000,0.384326,30.976397,-12.832065,29.786201,-1.152063,1.100000,1.087000
11.517242,-4.844006,12.490985,-5.225102,27.480167,0.000000,-2.086591,-11.495226,0.000000,0.816636,25.393576,-10.678590,60.901920,-6.491717,1.100000,1.095000
8.215813,-3.924217,9.503598,-4.229744,20.907917,0.000000,-2.759537,-9.305437,0.000000,0.654700,18.148380,-8.650738,45.770008,-4.156779,1.100000,1.101000
3.909241,-4.037952,5.612785,-4.048300,12.348128,0.000000,-3.650453,-8.906260,0.000000,0.022173,8.697676,-8.884088,46.889404,-8.069475,1.100000,1.090000
-0.629326,-2.985172,1.059610,-3.447189,2.331142,0.000000,-3.619149,-7.583816,0.000000,0.990035,-1.288007,-6.593781,39.723743,-15.509042,1.100000,1.092000
-3.591133,-1.208538,-2.443616,-1.806301,-5.375955,0.000000,-2.458966,-3.973863,0.000000,1.280922,-7.834921,-2.692942,53.081741,-19.031813,1.100000,1.077000
-6.407959,1.391376,-5.298623,0.342680,-11.656971,0.000000,-2.377150,0.753897,0.000000,2.247206,-14.034121,3.001103,48.253712,-10.949726,1.100000,1.069000
-9.659935,5.833336,-8.399331,4.194501,-18.478529,0.000000,-2.701294,9.227902,0.000000,3.511791,-21.179823,12.739694,31.095585,-9.644350,1.100000,1.077000
-11.933899,6.986443,-11.203100,6.623546,-24.646820,0.000000,-1.957500,14.571802,0.000000,0.972044,-26.604321,15.543846,34.416622,-3.837852,1.100000,1.075000
-12.320686,6.000000,-12.139944,6.267325,-26.707878,0.000000,-0.387306,13.788116,0.000000,-0.572839,-27.095184,13.215277,45.716091,4.582835,1.100000,1.079000
-14.302406,3.034363,-13.521473,4.222953,-29.747242,0.000000,-1.673431,9.290497,0.000000,-2.546978,-31.420673,6.743519,24.581867,3.800049,1.100000,1.071000
-17.562073,0.389656,-16.257553,1.298173,-35.766617,0.000000,-2.795405,2.855981,0.000000,-1.946822,-38.562023,0.909159,31.848452,27.759251,1.100000,1.073000
-21.125214,-0.335651,-19.720161,0.002924,-43.384357,0.000000,-3.010826,0.006432,0.000000,-0.725518,-46.395184,-0.719086,-4.946577,13.856892,1.100000,1.076000
-21.064461,-1.707317,-21.063698,-1.155845,-46.340137,0.000000,-0.001640,-2.542858,0.000000,-1.181727,-46.341778,-3.724586,31.669037,21.445084,1.100000,1.066000
-22.738594,-2.717545,-22.040989,-2.284767,-48.490177,0.000000,-1.494875,-5.026487,0.000000,-0.927381,-49.985050,-5.953868,8.155777,2.361536,1.100000,1.066000
-22.710526,-4.066666,-22.846336,-3.512175,-50.261940,0.000000,0.291023,-7.726785,0.000000,-1.188193,-49.970917,-8.914979,-1.805082,17.220823,1.100000,1.074000
-20.671989,-5.459221,-21.331886,-4.950258,-46.930149,0.000000,1.414060,-10.890568,0.000000,-1.090634,-45.516090,-11.981201,-11.796745,-5.234900,1.100000,1.078000
-19.614311,-6.045376,-20.018394,-5.855568,-44.040470,0.000000,0.865889,-12.882250,0.000000,-0.406733,-43.174583,-13.288982,-7.116816,7.390743,1.100000,1.080000
-19.535774,-7.078533,-19.685463,-6.679126,-43.308018,0.000000,0.320759,-14.694078,0.000000,-0.855873,-42.987259,-15.549952,-36.457840,-0.446887,1.100000,1.086000
-17.703636,-8.045059,-18.342386,-7.676307,-40.353252,0.000000,1.368751,-16.887875,0.000000,-0.790183,-38.984501,-17.678059,1.135536,-14.322233,1.100000,1.089000
-16.677757,-8.112083,-17.212795,-8.127757,-37.868149,0.000000,1.146507,-17.881065,0.000000,0.033584,-36.721642,-17.847483,-6.137238,-7.125249,1.100000,1.099000
-15.468048,-7.943005,-15.828047,-7.989855,-34.821705,0.000000,0.771427,-17.577681,0.000000,0.100393,-34.050278,-17.477287,-6.262122,0.810807,1.100000,1.098000
-14.735649,-7.587826,-14.995944,-7.754615,-32.991077,0.000000,0.557775,-17.060154,0.000000,0.357406,-32.433304,-16.702747,-11.678622,-12.938520,1.100000,1.098000
-13.930916,-5.388599,-14.184952,-6.270490,-31.206894,0.000000,0.544362,-13.795078,0.000000,1.889765,-30.662533,-11.905313,-29.000751,-17.777525,1.100000,1.093000
-12.378006,-2.823025,-12.993833,-3.766982,-28.586432,0.000000,1.319628,-8.287360,0.000000,2.022766,-27.266804,-6.264594,10.092871,-17.295311,1.100000,1.095000
-13.506027,-0.925991,-13.056332,-1.637655,-28.723930,0.000000,-0.963635,-3.602842,0.000000,1.524995,-29.687565,-2.077847,-6.975693,-35.465862,1.100000,1.089000
-14.140656,1.310463,-13.950804,0.438412,-30.691769,0.000000,-0.406828,0.964506,0.000000,1.868681,-31.098597,2.833187,-20.667488,-21.642931,1.100000,1.087000
-13.405174,3.389656,-13.756749,2.699529,-30.264849,0.000000,0.753374,5.938963,0.000000,1.478845,-29.511475,7.417808,-16.688463,-14.492531,1.100000,1.089000
-11.315071,4.957191,-12.073923,4.344790,-26.562632,0.000000,1.626115,9.558539,0.000000,1.312289,-24.936516,10.870829,-26.922203,-23.638254,1.100000,1.095000
-8.889656,6.651726,-9.897494,5.956107,-21.774488,0.000000,2.159652,13.103436,0.000000,1.490610,-19.614836,14.594045,-21.368713,-5.825736,1.100000,1.098000
-8.889656,6.651726,-9.897494,5.956107,-21.774488,0.000000,2.159652,13.103436,0.000000,1.490610,-19.614836,14.594045,-21.368713,-5.825736,1.100000,1.098000
-4.056992,8.397240,-4.897743,8.129242,-10.775035,0.000000,1.801610,17.884333,0.000000,0.574279,-8.973425,18.458611,-28.973063,6.445232,1.100000,1.105000
-3.424400,7.075600,-3.694000,7.577497,-8.126800,0.000000,0.577713,16.670492,0.000000,-1.075494,-7.549087,15.594998,-4.437346,5.237063,1.100000,1.110000
-3.735046,5.213676,-3.755708,6.022832,-8.262559,0.000000,0.044276,13.250231,0.000000,-1.733906,-8.218284,11.516325,-20.279322,7.256180,1.100000,1.111000
-2.982903,2.516239,-3.231802,3.472619,-7.109964,0.000000,0.533355,7.639761,0.000000,-2.049385,-6.576609,5.590376,7.051578,29.534409,1.100000,1.118000
-2.683052,0.033897,-2.769459,1.046427,-6.092811,0.000000,0.185158,2.302140,0.000000,-2.169707,-5.907652,0.132433,10.792619,17.448971,1.100000,1.128000
-3.338432,-2.681973,-3.127218,-1.587047,-6.879879,0.000000,-0.452602,-3.491504,0.000000,-2.346269,-7.332481,-5.837772,8.185871,29.633896,1.100000,1.124000
-3.828522,-4.741936,-3.618384,-3.954622,-7.960446,0.000000,-0.450295,-8.700169,0.000000,-1.687101,-8.410741,-10.387270,8.611686,9.538798,1.100000,1.116000
-4.666664,-4.707069,-4.293449,-4.699459,-9.445589,0.000000,-0.799746,-10.338809,0.000000,-0.016310,-10.245336,-10.355120,17.931952,20.409674,1.100000,1.109000
-7.189743,-4.287178,-6.115540,-4.373733,-13.454188,0.000000,-2.301862,-9.622211,0.000000,0.185473,-15.756050,-9.436739,29.908194,10.572388,1.100000,1.104000
-11.254730,-4.268501,-9.704953,-4.219353,-21.350897,0.000000,-3.320951,-9.282578,0.000000,-0.105317,-24.671848,-9.387894,23.386759,19.986801,1.100000,1.114000
-14.581757,-5.939758,-13.337510,-5.248916,-29.342524,0.000000,-2.666240,-11.547616,0.000000,-1.480377,-32.008762,-13.027992,7.761864,5.109529,1.100000,1.102000
-15.932289,-7.411457,-15.402219,-6.882088,-33.884884,0.000000,-1.135864,-15.140594,0.000000,-1.134364,-35.020748,-16.274958,14.490124,13.597057,1.100000,1.120000
-17.918823,-9.822105,-17.188601,-8.830692,-37.814922,0.000000,-1.564760,-19.427523,0.000000,-2.124457,-39.379684,-21.551979,6.200676,14.813683,1.100000,1.106000
-18.459793,-11.701050,-18.381613,-11.062834,-40.439548,0.000000,-0.167532,-24.338234,0.000000,-1.367607,-40.607079,-25.705841,6.770811,-3.825538,1.100000,1.112000
-18.015678,-11.250870,-18.109955,-11.396104,-39.841900,0.000000,0.202017,-25.071428,0.000000,0.311217,-39.639885,-24.760212,9.331925,-7.893825,1.100000,1.100000
-18.084061,-9.777584,-18.095295,-10.285409,-39.809650,0.000000,0.024071,-22.627901,0.000000,1.088195,-39.785580,-21.539707,-12.742128,-14.736504,1.100000,1.097000
-16.936729,-7.690685,-17.393299,-8.533135,-38.265259,0.000000,0.978365,-18.772898,0.000000,1.805253,-37.286896,-16.967644,9.260837,-5.064628,1.100000,1.108000
-16.644875,-6.194347,-16.633368,-6.807935,-36.593410,0.000000,-0.024662,-14.977458,0.000000,1.314831,-36.618073,-13.662627,13.641262,-12.178966,1.100000,1.106000
-17.532631,-4.645504,-17.266535,-5.212003,-37.986378,0.000000,-0.570211,-11.466406,0.000000,1.213927,-38.556587,-10.252479,-8.575323,-15.665973,1.100000,1.105000
-17.726479,-2.851917,-17.642967,-3.480712,-38.814529,0.000000,-0.178957,-7.657567,0.000000,1.347418,-38.993484,-6.310149,-4.489938,-15.381334,1.100000,1.109000
-18.104530,-1.989548,-17.909393,-2.231356,-39.400665,0.000000,-0.418158,-4.908984,0.000000,0.518161,-39.818825,-4.390823,-1.500835,-8.889889,1.100000,1.102000
-17.915810,-2.051548,-18.062134,-2.035338,-39.736694,0.000000,0.313559,-4.477743,0.000000,-0.034736,-39.423134,-4.512480,-8.194879,-8.094064,1.100000,1.093000
-16.965576,-2.886402,-17.408396,-2.570903,-38.298473,0.000000,0.948906,-5.655987,0.000000,-0.676069,-37.349567,-6.332057,4.865667,-4.801201,1.100000,1.089000
-16.545296,-3.145298,-16.510704,-3.024733,-36.323551,0.000000,-0.074129,-6.654412,0.000000,-0.258354,-36.397678,-6.912766,-1.128651,-0.338426,1.100000,1.085000
-17.151360,-3.137756,-17.343355,-3.107255,-38.155384,0.000000,0.411415,-6.835962,0.000000,-0.065359,-37.743969,-6.901321,-23.818737,-6.185665,1.100000,1.080000
-13.925423,-2.779659,-14.977522,-2.900569,-32.950550,0.000000,2.254500,-6.381252,0.000000,0.259093,-30.696051,-6.122159,-24.092901,-7.672554,1.100000,1.085000
-11.583611,-2.262543,-12.495339,-2.467122,-27.489748,0.000000,1.953702,-5.427668,0.000000,0.438383,-25.536047,-4.989285,-24.561338,5.313534,1.100000,1.083000
-7.649498,-1.415283,-9.076243,-1.743931,-19.967735,0.000000,3.057313,-3.836649,0.000000,0.704246,-16.910423,-3.132403,-43.408764,-7.168028,1.100000,1.078000
-4.653908,0.084858,-5.776168,-0.481894,-12.707569,0.000000,2.404842,-1.060166,0.000000,1.214468,-10.302727,0.154302,-30.016712,-12.289329,1.100000,1.096000
-2.742577,0.785477,-3.580467,0.535343,-7.877027,0.000000,1.795479,1.177755,0.000000,0.536000,-6.081548,1.713755,-19.246035,-4.906097,1.100000,1.090000
-0.390808,0.903118,-1.305109,0.813710,-2.871240,0.000000,1.959216,1.790163,0.000000,0.191588,-0.912023,1.981751,-50.093506,0.910446,1.100000,1.086000
1.610840,0.321838,0.769364,0.597090,1.692600,0.000000,1.803163,1.313597,0.000000,-0.589824,3.495764,0.723773,-40.978653,8.018004,1.100000,1.088000
3.888161,-0.769737,2.909484,-0.352771,6.400865,0.000000,2.097165,-0.776097,0.000000,-0.893499,8.498030,-1.669595,-26.776894,5.517342,1.100000,1.101000
6.473854,-1.228760,5.425751,-0.997151,11.936653,0.000000,2.245936,-2.193732,0.000000,-0.496305,14.182590,-2.690037,-25.835110,3.979246,1.100000,1.076000
8.854134,-1.756889,8.052198,-1.493088,17.714836,0.000000,1.718431,-3.284793,0.000000,-0.565289,19.433266,-3.850082,-4.175869,2.781249,1.100000,1.074000
8.671028,-2.849426,8.825032,-2.411639,19.415071,0.000000,-0.330009,-5.305607,0.000000,-0.938114,19.085062,-6.243721,-13.320940,14.962638,1.100000,1.072000
7.743042,-4.417347,8.010387,-3.745265,17.622852,0.000000,-0.572886,-8.239582,0.000000,-1.440176,17.049967,-9.679758,-8.329142,-5.591883,1.100000,1.087000
7.642624,-4.985245,7.701264,-4.853148,16.942781,0.000000,-0.125658,-10.676927,0.000000,-0.283065,16.817123,-10.959991,-5.012275,5.947293,1.100000,1.111000
7.618660,-5.422260,7.643891,-5.293354,16.816561,0.000000,-0.054066,-11.645379,0.000000,-0.276227,16.762495,-11.921606,3.557018,5.127687,1.100000,1.098000
7.216614,-5.104233,7.397248,-5.189698,16.273945,0.000000,-0.387073,-11.417336,0.000000,0.183141,15.886872,-11.234196,-2.884370,-7.488111,1.100000,1.077000
6.913185,-4.225079,6.993432,-4.641298,15.385550,0.000000,-0.171959,-10.210856,0.000000,0.891898,15.213592,-9.318958,-4.921968,2.836447,1.100000,1.076000
6.810066,-3.732143,6.778179,-3.873424,14.911995,0.000000,0.068331,-8.521532,0.000000,0.302743,14.980326,-8.218789,3.036914,-4.416193,1.100000,1.075000
7.453354,-2.202946,7.189384,-2.923282,15.816647,0.000000,0.565650,-6.431220,0.000000,1.543577,16.382298,-4.887643,-3.419659,-30.154991,1.100000,1.074000
8.996696,0.962048,8.362722,-0.128083,18.397989,0.000000,1.358519,-0.281783,0.000000,2.335994,19.756508,2.054211,9.954457,-6.355427,1.100000,1.089000
9.877686,2.376858,9.633166,1.792340,21.192966,0.000000,0.523968,3.943148,0.000000,1.252538,21.716934,5.195686,6.722587,-5.049932,1.100000,1.084000
10.510780,2.936981,10.261091,2.806106,22.574402,0.000000,0.535049,6.173434,0.000000,0.280447,23.109451,6.453881,6.982999,-8.280042,1.100000,1.073000
10.538712,2.593082,10.651958,2.708703,23.434307,0.000000,-0.242667,5.959146,0.000000,-0.247759,23.191641,5.711388,7.469074,-6.365658,1.100000,1.085000
9.143089,2.138157,9.649926,2.409425,21.229837,0.000000,-1.086078,5.300735,0.000000,-0.581288,20.143761,4.719446,11.362136,-2.160064,1.100000,1.095000
7.322311,1.082645,8.003881,1.489966,17.608540,0.000000,-1.460504,3.277924,0.000000,-0.872829,16.148035,2.405095,20.889235,-12.621426,1.100000,1.094000
3.847176,0.455151,0.000000,0.000000,0.000000,0.000000,0.000000,0.000000,0.000000,0.000000,-11.900000,0.000000,43.631760,13.199125,1.100000,1.091000
-0.300827,0.393387,0.000000,0.000000,0.000000,0.000000,0.000000,0.000000,0.000000,0.000000,-10.100000,0.000000,12.127443,0.109481,1.100000,1.093000
-3.169968,0.945545,0.000000,0.000000,0.000000,0.000000,0.000000,0.000000,0.000000,0.000000,-12.100000,0.000000,42.602051,-4.705730,1.100000,1.096000
-5.653976,1.617550,0.000000,0.000000,0.000000,0.000000,0.000000,0.000000,0.000000,0.000000,-12.300001,0.000000,7.891084,-3.335004,1.100000,1.071000
-7.183945,2.053513,-6.955863,1.949733,-15.302899,0.000000,-0.488746,4.289413,0.000000,0.222384,-15.791645,4.511797,1.487080,-9.885679,1.100000,1.087000
-7.816193,3.192242,-7.664185,2.821039,-16.861206,0.000000,-0.325732,6.206286,0.000000,0.795435,-17.186937,7.001721,32.785721,-0.658225,1.100000,1.099000
-8.658745,3.325977,-8.290197,3.332163,-18.238434,0.000000,-0.789747,7.330759,0.000000,-0.013255,-19.028181,7.317504,-6.600670,-1.239297,1.100000,1.088000
-6.847061,4.215126,-7.674525,3.874052,-16.883955,0.000000,1.773138,8.522915,0.000000,0.730872,-15.110817,9.253787,1.454203,0.806741,1.100000,1.104000
-5.318718,5.053963,-5.864674,4.800730,-12.902282,0.000000,1.169906,10.561605,0.000000,0.542643,-11.732376,11.104248,0.701739,-2.004282,1.100000,1.102000
-4.861488,4.587837,-4.951524,4.824512,-10.893353,0.000000,0.192933,10.613928,0.000000,-0.507162,-10.700420,10.106766,-11.174440,5.031695,1.100000,1.101000
-4.052277,3.138279,-4.414268,3.679029,-9.711390,0.000000,0.775695,8.093863,0.000000,-1.158749,-8.935695,6.935115,-11.853807,7.549222,1.100000,1.101000
-2.868988,1.572140,-3.331598,2.214648,-7.329516,0.000000,0.991307,4.872226,0.000000,-1.376804,-6.338209,3.495422,-12.295448,15.099096,1.100000,1.100000
-2.000000,-1.083195,-2.330139,0.010908,-5.126306,0.000000,0.707440,0.023998,0.000000,-2.344506,-4.418866,-2.320508,2.104234,37.881981,1.100000,1.095000
-2.263161,-4.264801,-2.165995,-3.176598,-4.765189,0.000000,-0.208212,-6.988516,0.000000,-2.331864,-4.973401,-9.320379,0.920806,12.953084,1.100000,1.101000
-2.707153,-5.840267,-2.568447,-5.188273,-5.650584,0.000000,-0.297227,-11.414201,0.000000,-1.397130,-5.947811,-12.811331,6.540517,16.040197,1.100000,1.082000
-2.831947,-6.960068,-2.736652,-6.598957,-6.020634,0.000000,-0.204204,-14.517705,0.000000,-0.773809,-6.224838,-15.291513,-4.784849,10.889425,1.100000,1.104000
-3.380234,-7.162479,-3.168969,-7.021986,-6.971731,0.000000,-0.452712,-15.448371,0.000000,-0.301056,-7.424443,-15.749427,-12.642818,5.766135,1.100000,1.118000
-3.393280,-6.894119,-3.494024,-7.058065,-7.686853,0.000000,0.215880,-15.527743,0.000000,0.351312,-7.470973,-15.176432,-18.830887,-8.549412,1.100000,1.125000
-1.495827,-5.761269,-2.134301,-6.142890,-4.695462,0.000000,1.368158,-13.514359,0.000000,0.817761,-3.327304,-12.696598,-20.044798,4.900869,1.100000,1.121000
0.305649,-5.629570,-0.370529,-5.714119,-0.815163,0.000000,1.448952,-12.571062,0.000000,0.181177,0.633789,-12.389886,-30.714909,1.763759,1.100000,1.119000
1.698021,-5.334984,1.139995,-5.412264,2.507989,0.000000,1.195769,-11.906981,0.000000,0.165598,3.703758,-11.741383,-24.679798,-14.784643,1.100000,1.090000
2.736755,-4.819538,2.294347,-4.995986,5.047563,0.000000,0.948018,-10.991169,0.000000,0.378101,5.995581,-10.613069,-13.886093,-5.277935,1.100000,1.110000
2.599998,-4.899174,2.680004,-4.916818,5.896010,0.000000,-0.171441,-10.817000,0.000000,0.037808,5.724569,-10.779192,-6.387539,-4.050278,1.100000,1.109000
2.424545,-4.271973,2.421577,-4.543319,5.327469,0.000000,0.006361,-9.995301,0.000000,0.581458,5.333830,-9.413844,-4.244230,-12.803821,1.100000,1.105000
3.682808,-2.402336,3.304844,-3.193095,7.270658,0.000000,0.809922,-7.024810,0.000000,1.694484,8.080580,-5.330326,-9.056520,-6.568352,1.100000,1.117000
4.016808,-0.270588,3.882474,-1.004998,8.541443,0.000000,0.287858,-2.210996,0.000000,1.573735,8.829301,-0.637260,2.242942,-21.884077,1.100000,1.135000
4.159935,0.567341,4.107293,0.168616,9.036044,0.000000,0.112805,0.370955,0.000000,0.854411,9.148849,1.225365,-10.188150,3.036602,1.100000,1.124000
3.771042,-0.035355,3.873777,0.233498,8.522309,0.000000,-0.220147,0.513696,0.000000,-0.576113,8.302162,-0.062417,-3.341343,-7.439564,1.100000,1.116000
2.336121,-0.862877,2.863152,-0.582044,6.298935,0.000000,-1.129353,-1.280496,0.000000,-0.601785,5.169582,-1.882282,-2.945087,-6.962648,1.100000,1.121000
1.181206,-2.005035,1.650384,-1.634223,3.630845,0.000000,-1.005382,-3.595290,0.000000,-0.794598,2.625463,-4.389889,-15.622427,-5.574749,1.100000,1.122000
2.062393,-2.608768,1.722303,-2.387246,3.789067,0.000000,0.728765,-5.251942,0.000000,-0.474691,4.517832,-5.726633,-14.030190,6.821945,1.100000,1.118000
3.768066,-3.522690,3.116663,-3.130131,6.856658,0.000000,1.395866,-6.886288,0.000000,-0.841198,8.252523,-7.727486,-13.844020,0.371202,1.100000,1.143000
6.235687,-4.500000,5.209782,-4.105343,11.461521,0.000000,2.198370,-9.031754,0.000000,-0.845692,13.659891,-9.877447,-1.740498,2.528163,1.100000,1.147000
9.187500,-5.076012,8.095217,-4.964924,17.809477,0.000000,2.340605,-10.922832,0.000000,-0.238047,20.150082,-11.160879,-30.546581,-2.453547,1.100000,1.133000
11.832764,-4.059727,10.753272,-4.426970,23.657200,0.000000,2.313194,-9.739333,0.000000,0.786948,25.970394,-8.952385,7.059174,-1.638233,1.100000,1.134000
12.763206,-2.880749,12.332067,-3.258269,27.130548,0.000000,0.923872,-7.168191,0.000000,0.808972,28.054420,-6.359220,3.263209,-10.629749,1.100000,1.140000
12.296738,-1.862778,12.597948,-2.290750,27.715487,0.000000,-0.645452,-5.039649,0.000000,0.917082,27.070034,-4.122567,21.524555,9.219921,1.100000,1.140000
9.471184,-1.403389,10.543485,-1.608570,23.195667,0.000000,-2.297788,-3.538854,0.000000,0.439674,20.897881,-3.099180,22.763449,-5.601842,1.100000,1.135000
5.193222,0.030510,6.770888,-0.327564,14.895955,0.000000,-3.380713,-0.720641,0.000000,0.767301,11.515242,0.046661,22.077858,-4.836496,1.100000,1.136000
0.666100,-1.005085,2.394745,-0.682436,5.268440,0.000000,-3.704240,-1.501359,0.000000,-0.691391,1.564199,-2.192750,37.105026,1.353798,1.100000,1.141000
-2.123726,-1.840679,-1.109527,-1.536231,-2.440959,0.000000,-2.173283,-3.379709,0.000000,-0.652389,-4.614243,-4.032097,14.201166,8.396719,1.100000,1.134000
-3.302208,-2.137520,-2.901225,-1.996908,-6.382695,0.000000,-0.859250,-4.393197,0.000000,-0.301312,-7.241945,-4.694508,12.013039,7.117510,1.100000,1.144000
-3.173767,-2.715504,-3.227899,-2.489606,-7.101377,0.000000,0.115997,-5.477133,0.000000,-0.484067,-6.985381,-5.961200,12.851711,9.434092,1.100000,1.143000
-3.081215,-3.392555,-3.154012,-3.071068,-6.938827,0.000000,0.155995,-6.756351,0.000000,-0.688900,-6.782832,-7.445250,2.373108,18.097685,1.100000,1.120000
-3.110741,-5.043625,-3.129785,-4.358591,-6.885528,0.000000,0.040810,-9.588901,0.000000,-1.467929,-6.844718,-11.056829,-2.492638,27.709522,1.100000,1.123000
-2.998299,-6.190151,-3.143361,-5.811055,-6.915393,0.000000,0.310848,-12.784322,0.000000,-0.812347,-6.604546,-13.596668,-0.812843,9.062844,1.100000,1.123000
-2.115257,-5.996609,-2.366279,-5.996487,-5.205814,0.000000,0.537903,-13.192271,0.000000,-0.000262,-4.667911,-13.192533,9.829496,0.981038,1.100000,1.147000
-3.600334,-6.607082,-3.121495,-6.406866,-6.867289,0.000000,-1.026084,-14.095104,0.000000,-0.429037,-7.893373,-14.524140,17.012402,11.571707,1.100000,1.118000
-3.688026,-6.698147,-3.631233,-6.577731,-7.988712,0.000000,-0.121702,-14.471009,0.000000,-0.258033,-8.110414,-14.729042,8.904284,-2.388596,1.100000,1.129000
-3.291740,-7.084316,-3.443308,-6.987617,-7.575277,0.000000,0.324787,-15.372758,0.000000,-0.207212,-7.250490,-15.579969,11.269113,-1.974039,1.100000,1.121000
-2.978188,-6.974831,-3.169696,-7.003098,-6.973330,0.000000,0.410374,-15.406815,0.000000,0.060573,-6.562956,-15.346242,11.970233,1.051193,1.100000,1.112000
-3.548553,-6.989780,-3.254149,-6.954981,-7.159129,0.000000,-0.630866,-15.300959,0.000000,-0.074570,-7.789995,-15.375528,21.278641,1.369128,1.100000,1.121000
-5.662674,-7.125000,-4.696796,-7.027615,-10.332952,0.000000,-2.069738,-15.460752,0.000000,-0.208683,-12.402691,-15.669436,50.328846,-5.770458,1.100000,1.118000
-9.262886,-7.427834,-7.852103,-7.446521,-17.274628,0.000000,-3.023104,-16.382347,0.000000,0.040045,-20.297731,-16.342302,32.927914,1.239850,1.100000,1.116000
-11.492256,-6.020653,-10.697991,-6.564974,-23.535582,0.000000,-1.701999,-14.442944,0.000000,1.166403,-25.237579,-13.276541,20.995663,-5.939988,1.100000,1.118000
-13.667824,-5.238754,-12.643503,-5.581525,-27.815708,0.000000,-2.194972,-12.279356,0.000000,0.734508,-30.010681,-11.544848,3.029995,-9.550823,1.100000,1.117000
-16.761742,-4.855652,-15.545075,-5.027586,-34.199165,0.000000,-2.607140,-11.060691,0.000000,0.368431,-36.806305,-10.692261,10.199816,-19.478537,1.100000,1.121000
-19.437607,-4.594025,-18.446104,-4.767733,-40.581429,0.000000,-2.124643,-10.489013,0.000000,0.372231,-42.706070,-10.116782,0.493361,-22.722046,1.100000,1.129000
-20.344406,-3.987762,-19.948830,-4.287001,-43.887424,0.000000,-0.847664,-9.431403,0.000000,0.641227,-44.735088,-8.790176,3.158899,-13.309135,1.100000,1.121000
-20.504425,-2.716816,-20.587576,-3.190692,-45.292667,0.000000,0.178175,-7.019522,0.000000,1.015447,-45.114494,-6.004075,-0.412489,-33.676346,1.100000,1.130000
-18.452797,-0.057693,-19.298790,-1.170815,-42.457340,0.000000,1.812849,-2.575793,0.000000,2.385260,-40.644493,-0.190532,-34.325645,-32.164490,1.100000,1.126000
-14.000000,4.284225,-15.742517,2.590543,-34.633537,0.000000,3.733964,5.699195,0.000000,3.629319,-30.899574,9.328514,-29.147987,-21.825085,1.100000,1.113000
-9.843102,7.168968,-11.314610,6.220346,-24.892141,0.000000,3.153229,13.684761,0.000000,2.032762,-21.738913,15.717523,-32.330353,-17.450331,1.100000,1.102000
-7.308876,8.005119,-8.247193,7.562842,-18.143826,0.000000,2.010679,16.638254,0.000000,0.947735,-16.133146,17.585989,-29.191011,-20.502018,1.100000,1.094000
-4.793816,9.465637,-5.856122,8.915942,-12.883470,0.000000,2.276373,19.615074,0.000000,1.177921,-10.607097,20.792995,-33.278145,-13.762321,1.100000,1.092000
-2.312286,10.196243,-3.345775,9.904096,-7.360705,0.000000,2.214618,21.789011,0.000000,0.626030,-5.146087,22.415041,-22.997124,-6.543491,1.100000,1.089000
1.580917,11.827942,0.030035,11.245738,0.066077,0.000000,3.323320,24.740623,0.000000,1.247578,3.389397,25.988201,-47.156342,-6.258617,1.100000,1.085000
4.000000,12.278831,3.091376,12.084294,6.801027,0.000000,1.947051,26.585447,0.000000,0.416865,8.748078,27.002312,-31.217335,2.434551,1.100000,1.086000
4.867348,11.651360,4.427532,11.927217,9.740570,0.000000,0.942464,26.239878,0.000000,-0.591125,10.683034,25.648752,-20.609802,1.597847,1.100000,1.086000
6.197617,10.022148,5.647883,10.651587,12.425344,0.000000,1.178000,23.433491,0.000000,-1.348796,13.603344,22.084694,-8.317900,19.377838,1.100000,1.074000
6.256325,7.725128,6.407185,8.555734,14.095806,0.000000,-0.323269,18.822615,0.000000,-1.779866,13.772537,17.042749,-9.766264,6.677010,1.100000,1.080000
4.219597,6.217903,4.973176,6.761346,10.940988,0.000000,-1.614814,14.874962,0.000000,-1.164522,9.326174,13.710440,6.972406,12.943718,1.100000,1.072000
2.413040,6.016724,3.108961,6.182611,6.839714,0.000000,-1.491258,13.601744,0.000000,-0.355473,5.348455,13.246271,-2.020487,16.792576,1.100000,1.089000
1.049751,4.613602,1.615506,5.122692,3.554114,0.000000,-1.212332,11.269922,0.000000,-1.090906,2.341782,10.179016,23.920031,28.289474,1.100000,1.080000
-1.418449,3.225700,-0.415987,3.769307,-0.915171,0.000000,-2.148134,8.292476,0.000000,-1.164871,-3.063305,7.127604,12.003112,19.239265,1.100000,1.081000
-4.059898,1.958405,-3.059062,2.472646,-6.729937,0.000000,-2.144649,5.439822,0.000000,-1.101947,-8.874586,4.337875,6.365514,19.384333,1.100000,1.079000
-5.394432,0.369884,-4.954804,0.974467,-10.900569,0.000000,-0.942061,2.143827,0.000000,-1.295533,-11.842630,0.848294,-4.362368,17.286827,1.100000,1.088000
-3.952148,-0.506599,-4.525702,-0.179348,-9.956545,0.000000,1.229043,-0.394565,0.000000,-0.701253,-8.727502,-1.095819,-15.722968,16.513092,1.100000,1.089000
-1.016342,-1.098038,-2.130254,-0.901816,-4.686558,0.000000,2.386953,-1.983996,0.000000,-0.420474,-2.299605,-2.404470,-14.285748,13.869864,1.100000,1.093000
2.672050,-1.486267,1.320478,-1.310570,2.905053,0.000000,2.896226,-2.883255,0.000000,-0.376493,5.801278,-3.259748,-35.899399,22.340790,1.100000,1.100000
6.787338,-3.224026,5.257133,-2.517621,11.565693,0.000000,3.279011,-5.538766,0.000000,-1.513724,14.844704,-7.052491,-20.427782,17.089806,1.100000,1.082000
10.066887,-5.629688,8.807678,-4.659103,19.376892,0.000000,2.698307,-10.250027,0.000000,-2.079825,22.075199,-12.329852,-11.213947,11.613037,1.100000,1.093000
12.535828,-8.509773,11.684880,-7.340648,25.706738,0.000000,1.823459,-16.149426,0.000000,-2.505269,27.530195,-18.654694,-12.244362,17.139769,1.100000,1.077000
13.656250,-11.151318,13.181313,-10.190312,28.998888,0.000000,1.017723,-22.418688,0.000000,-2.059298,30.016611,-24.477985,-6.802374,13.087244,1.100000,1.083000
13.656250,-11.151318,13.754121,-12.076835,30.259066,0.000000,-2.189064,-26.569036,0.000000,-1.522589,30.016611,-24.477985,-6.802374,13.087244,1.100000,1.083000
14.782608,-13.066891,14.673477,-12.987761,32.281651,0.000000,0.233850,-28.573076,0.000000,-0.169563,32.515503,-28.742640,11.779669,12.278503,1.100000,1.095000
12.911667,-13.316666,13.644227,-13.179891,30.017300,0.000000,-1.569772,-28.995760,0.000000,-0.293088,28.447529,-29.288847,22.933130,-5.820531,1.100000,1.106000
10.028427,-12.877926,11.232192,-13.018436,24.710823,0.000000,-2.579494,-28.640560,0.000000,0.301094,22.131329,-28.339466,33.835613,-6.658328,1.100000,1.120000
5.971619,-12.051754,7.511018,-12.437651,16.524239,0.000000,-3.298712,-27.362833,0.000000,0.826921,13.225527,-26.535912,29.280754,-20.704472,1.100000,1.108000
3.464577,-9.817135,4.289759,-10.630407,9.437469,0.000000,-2.210307,-23.386896,0.000000,2.178412,7.227162,-21.208485,22.742302,-19.165726,1.100000,1.093000
0.019936,-6.948505,1.112247,-7.908313,2.446942,0.000000,-2.340666,-17.398289,0.000000,2.056730,0.106277,-15.341559,21.054512,-13.018999,1.100000,1.093000
-1.384743,-4.941956,-0.863936,-5.691281,-1.900660,0.000000,-1.116013,-12.520819,0.000000,1.605697,-3.016674,-10.915122,12.288483,-10.599943,1.100000,1.100000
-2.115509,-1.425743,-1.808155,-2.771294,-3.977942,0.000000,-0.658615,-6.096847,0.000000,2.883324,-4.636557,-3.213523,7.358421,-26.836689,1.100000,1.110000
-2.352158,1.420265,-2.397821,0.326757,-5.275207,0.000000,0.097852,0.718865,0.000000,2.343232,-5.177355,3.062097,-0.460532,-14.639049,1.100000,1.092000
-1.841927,2.196339,-2.016385,1.868235,-4.436047,0.000000,0.373839,4.110117,0.000000,0.703080,-4.062208,4.813197,-11.460858,-15.570831,1.100000,1.092000
-0.014923,2.792702,-0.675508,2.701779,-1.486117,0.000000,1.415538,5.943913,0.000000,0.194834,-0.070579,6.138747,-14.621549,-3.075974,1.100000,1.107000
1.593079,1.693577,0.865807,2.070482,1.904776,0.000000,1.558439,4.555059,0.000000,-0.807652,3.463215,3.747407,-36.023640,-10.367304,1.100000,1.094000
4.637871,1.755814,3.362184,1.611366,7.396804,0.000000,2.733615,3.545005,0.000000,0.309530,10.130419,3.854536,-21.324638,1.621761,1.100000,1.101000
7.946487,1.983276,6.758816,1.929301,14.869396,0.000000,2.545008,4.244462,0.000000,0.115661,17.414404,4.360124,-4.889576,-4.842212,1.100000,1.095000
8.646667,1.158333,8.309804,1.544522,18.281569,0.000000,0.721850,3.397949,0.000000,-0.827549,19.003418,2.570400,0.517958,-3.797660,1.100000,1.096000
8.066666,0.314999,8.326804,0.654394,18.318970,0.000000,-0.557437,1.439668,0.000000,-0.727277,17.761534,0.712391,-4.065928,4.567719,1.100000,1.101000
6.668335,-0.910000,7.181974,-0.358595,15.800344,0.000000,-1.100657,-0.788909,0.000000,-1.181582,14.699688,-1.970491,5.592085,-2.825282,1.100000,1.091000
5.776291,-0.701168,6.090724,-0.907767,13.399594,0.000000,-0.673785,-1.997088,0.000000,0.442713,12.725809,-1.554375,17.394264,2.114953,1.100000,1.114000
5.262459,1.079735,5.532566,0.358917,12.171645,0.000000,-0.578802,0.789616,0.000000,1.544611,11.592844,2.334227,25.749552,-12.396241,1.100000,1.099000
3.734558,2.714523,4.244969,2.010576,9.338932,0.000000,-1.093738,4.423268,0.000000,1.508458,8.245194,5.931726,12.342435,-7.542325,1.100000,1.098000
1.697983,4.135902,2.432696,3.611444,5.351932,0.000000,-1.574386,7.945177,0.000000,1.123839,3.777545,9.069016,17.800003,0.422596,1.100000,1.100000
-1.383583,4.582916,-0.237477,4.323476,-0.522449,0.000000,-2.455942,9.511648,0.000000,0.555944,-2.978391,10.067593,22.327236,-9.969959,1.100000,1.093000
-4.011787,5.739059,-3.094017,5.245300,-6.806837,0.000000,-1.966653,11.539660,0.000000,1.058056,-8.773489,12.597715,10.030447,-5.473354,1.100000,1.089000
-4.049156,7.125427,-4.002426,6.632092,-8.805337,0.000000,-0.100136,14.590603,0.000000,1.057148,-8.905473,15.647751,19.254959,-7.847209,1.100000,1.092000
-4.108658,8.680817,-4.050449,8.093988,-8.910989,0.000000,-0.124731,17.806774,0.000000,1.257489,-9.035720,19.064262,8.766545,-6.526741,1.100000,1.083000
-4.035591,9.522034,-4.009273,9.142909,-8.820400,0.000000,-0.056398,20.114401,0.000000,0.812411,-8.876798,20.926811,6.496779,-6.357036,1.100000,1.082000
-4.742477,10.531769,-4.438104,10.317209,-9.763829,0.000000,-0.652230,22.697861,0.000000,0.459771,-10.416059,23.157631,0.762157,-2.820003,1.100000,1.079000
-4.742477,10.531769,-4.438104,10.317209,-9.763829,0.000000,-0.652230,22.697861,0.000000,0.459771,-10.416059,23.157631,0.762157,-2.820003,1.100000,1.079000
-7.932999,8.021774,-7.294028,8.642350,-16.046862,0.000000,-1.369224,19.013170,0.000000,-1.329808,-17.416084,17.683363,4.194536,0.698312,1.100000,1.068000
-8.892204,6.109451,-8.481406,6.833102,-18.659094,0.000000,-0.880280,15.032825,0.000000,-1.550679,-19.539373,13.482146,-11.496983,5.179088,1.100000,1.078000
-8.892204,6.109451,-8.481406,6.833102,-18.659094,0.000000,-0.880280,15.032825,0.000000,-1.550679,-19.539373,13.482146,-11.496983,5.179088,1.100000,1.078000
-6.949913,1.442406,-7.667876,2.374010,-16.869328,0.000000,1.538494,5.222821,0.000000,-1.996294,-15.330834,3.226527,-37.311989,7.097114,1.100000,1.089000
-4.953720,0.000000,-5.740942,0.525309,-12.630073,0.000000,1.686904,1.155679,0.000000,-1.125662,-10.943169,0.030018,-28.720345,4.637447,1.100000,1.082000
-2.004944,-1.504120,-3.187014,-1.041562,-7.011430,0.000000,2.533006,-2.291436,0.000000,-0.991196,-4.478424,-3.282632,-53.335587,3.586962,1.100000,1.088000
2.985123,-1.018181,1.029071,-1.202869,2.263957,0.000000,4.191539,-2.646313,0.000000,0.395761,6.455496,-2.250552,-48.152180,-8.086445,1.100000,1.085000
7.884613,1.086956,5.943937,0.359089,13.076661,0.000000,4.158592,0.789997,0.000000,1.559714,17.235252,2.349711,-41.204662,2.752840,1.100000,1.093000
12.942467,2.392555,10.962784,1.829083,24.118124,0.000000,4.242177,4.023982,0.000000,1.207441,28.360300,5.231423,-37.013939,-13.022127,1.100000,1.102000
17.232712,4.074196,15.604396,3.465383,34.329670,0.000000,3.489251,7.623842,0.000000,1.304599,37.818920,8.928441,-38.750404,-10.240613,1.100000,1.094000
19.425171,4.248299,18.627441,4.150034,40.980373,0.000000,1.709423,9.130075,0.000000,0.210569,42.689796,9.340643,-21.659042,-16.256403,1.100000,1.086000
19.926498,5.529915,19.686922,5.003265,43.311230,0.000000,0.513382,11.007183,0.000000,1.128535,43.824612,12.135718,-37.332909,-5.319342,1.100000,1.095000
20.162949,6.336189,20.065331,6.078357,44.143726,0.000000,0.209188,13.372385,0.000000,0.552497,44.352913,13.924882,-1.016163,-8.196321,1.100000,1.083000
18.694679,7.248711,19.322136,6.871911,42.508701,0.000000,-1.344547,15.118203,0.000000,0.807428,41.164154,15.925632,2.278376,-7.832880,1.100000,1.090000
16.839928,7.888123,17.574781,7.658992,38.664520,0.000000,-1.574688,16.849783,0.000000,0.490992,37.089832,17.340775,15.465555,-5.760685,1.100000,1.102000
13.265060,7.681587,14.634415,7.785434,32.195713,0.000000,-2.934327,17.127954,0.000000,-0.222528,29.261387,16.905426,30.458065,-4.042665,1.100000,1.104000
10.800690,7.427834,11.661242,7.393118,25.654734,0.000000,-1.844044,16.264860,0.000000,0.074389,23.810690,16.339249,24.212976,8.278493,1.100000,1.108000
9.897438,7.885468,10.281429,7.878456,22.619144,0.000000,-0.822835,17.332603,0.000000,0.015025,21.796310,17.347628,9.966492,14.796076,1.100000,1.112000
8.546852,7.052811,9.147438,7.286093,20.124365,0.000000,-1.286969,16.029404,0.000000,-0.499890,18.837395,15.529514,5.415851,2.302349,1.100000,1.101000
6.121368,7.210258,7.078819,7.232849,15.573401,0.000000,-2.051680,15.912268,0.000000,-0.048409,13.521721,15.863859,25.967978,12.328380,1.100000,1.099000
3.675766,6.317406,4.496306,6.695935,9.891873,0.000000,-1.758299,14.731058,0.000000,-0.811136,8.133574,13.919923,0.067019,14.179363,1.100000,1.105000
3.591522,5.393219,3.513989,5.792937,7.730776,0.000000,0.158230,12.744462,0.000000,-0.815753,7.889006,11.928709,-0.988023,11.886345,1.100000,1.117000
5.821426,4.440475,4.917059,4.871376,10.817530,0.000000,1.937930,10.717028,0.000000,-0.923359,12.755460,9.793669,-13.761732,7.657567,1.100000,1.114000
8.869492,3.288136,7.672252,3.773978,16.878956,0.000000,2.565512,8.302752,0.000000,-1.041090,19.444468,7.261661,-9.635266,12.008480,1.100000,1.105000
11.434784,1.563545,10.406276,2.299463,22.893806,0.000000,2.203946,5.058818,0.000000,-1.576966,25.097752,3.481852,-27.735706,8.027170,1.100000,1.110000
13.809761,0.462963,12.769258,0.835217,28.092369,0.000000,2.229648,1.837478,0.000000,-0.797687,30.322018,1.039791,17.161072,27.306578,1.100000,1.106000
14.197968,-0.791878,14.206665,-0.184628,31.254663,0.000000,-0.018640,-0.406182,0.000000,-1.301249,31.236025,-1.707431,21.622459,3.990423,1.100000,1.113000
10.403008,-2.946487,11.925175,-2.146186,26.235384,0.000000,-3.261790,-4.721609,0.000000,-1.714933,22.973595,-6.436542,29.289934,15.928244,1.100000,1.112000
6.053513,-4.959866,7.691020,-4.242438,16.920244,0.000000,-3.508944,-9.333364,0.000000,-1.537343,13.411300,-10.870708,35.066013,-5.171628,1.100000,1.110000
2.546204,-4.983498,3.994985,-4.969934,8.788967,0.000000,-3.104532,-10.933855,0.000000,-0.029066,5.684436,-10.962920,32.692844,-6.980011,1.100000,1.119000
-0.455299,-4.380795,0.744483,-4.664700,1.637863,0.000000,-2.570963,-10.262341,0.000000,0.608368,-0.933100,-9.653973,53.737785,5.534035,1.100000,1.114000
-4.923843,-4.203644,-3.177250,-4.239201,-6.989951,0.000000,-3.742699,-9.326241,0.000000,0.076194,-10.732651,-9.250048,32.964104,4.659521,1.100000,1.108000
-8.706177,-3.966610,-7.338875,-4.141391,-16.145527,0.000000,-2.929930,-9.111060,0.000000,0.374529,-19.075457,-8.736531,29.787027,-10.591248,1.100000,1.093000
-10.505882,-2.154621,-9.764052,-2.869744,-21.480915,0.000000,-1.589637,-6.313437,0.000000,1.532407,-23.070553,-4.781030,20.876614,-2.864144,1.100000,1.091000
-12.315788,-0.718166,-11.718366,-1.295035,-25.780405,0.000000,-1.280193,-2.849077,0.000000,1.236148,-27.060598,-1.612929,13.757680,-4.834510,1.100000,1.102000
-13.455009,0.207130,-13.019567,-0.029184,-28.643047,0.000000,-0.933089,-0.064204,0.000000,0.506387,-29.576138,0.442183,-0.527868,-9.734861,1.100000,1.103000
-13.368149,0.508560,-13.465297,0.274419,-29.623653,0.000000,0.208173,0.603723,0.000000,0.501730,-29.415482,1.105453,1.607148,-16.113535,1.100000,1.097000
-12.339043,2.000000,-12.768496,1.515737,-28.090691,0.000000,0.920258,3.334622,0.000000,1.037706,-27.170433,4.372328,1.456012,-2.205261,1.100000,1.098000
-11.918922,2.944256,-12.095703,2.651806,-26.610548,0.000000,0.378818,5.833973,0.000000,0.626678,-26.231730,6.460652,-4.217197,-10.992058,1.100000,1.098000
-10.832489,3.912014,-11.337603,3.406773,-24.942726,0.000000,1.082387,7.494901,0.000000,1.082660,-23.860340,8.577561,-4.250012,-0.698222,1.100000,1.087000
-7.762459,5.058136,-9.079888,4.699389,-19.975756,0.000000,2.823062,10.338656,0.000000,0.768743,-17.152695,11.107399,-21.205219,-12.344607,1.100000,1.077000
-1.968277,5.991653,-4.109501,5.619927,-9.040902,0.000000,4.588336,12.363839,0.000000,0.796556,-4.452566,13.160396,-11.336575,14.671012,1.100000,1.080000
2.790352,5.059898,1.222192,5.455489,2.688822,0.000000,3.360344,12.002075,0.000000,-0.847695,6.049166,11.154381,-6.073803,3.529858,1.100000,1.089000
3.644737,2.868420,3.439765,3.698964,7.567483,0.000000,0.439225,8.137722,0.000000,-1.779739,8.006709,6.357984,-2.081795,6.806891,1.100000,1.081000
1.981819,0.143803,2.567025,1.161390,5.647456,0.000000,-1.254013,2.555058,0.000000,-2.180544,4.393443,0.374514,19.103683,31.595688,1.100000,1.063000
-1.503265,-2.500000,-0.122242,-1.460700,-0.268932,0.000000,-2.959337,-3.213540,0.000000,-2.227071,-3.228268,-5.440611,26.116245,23.839828,1.100000,1.064000
-6.598686,-4.529606,-4.742790,-3.723083,-10.434137,0.000000,-3.976922,-8.190784,0.000000,-1.728263,-14.411059,-9.919046,33.089024,19.682991,1.100000,1.075000
-11.613716,-6.332775,-9.657264,-5.652891,-21.245981,0.000000,-4.192400,-12.436359,0.000000,-1.456895,-25.438381,-13.893254,29.169518,9.671301,1.100000,1.086000
-15.527916,-6.736042,-14.016987,-6.628448,-30.837372,0.000000,-3.237705,-14.582585,0.000000,-0.230560,-34.075077,-14.813146,57.745678,7.210573,1.100000,1.078000
-18.979416,-6.608921,-17.596048,-6.563739,-38.711308,0.000000,-2.964353,-14.440227,0.000000,-0.096817,-41.675659,-14.537044,20.851276,14.604449,1.100000,1.085000
-18.670067,-6.860546,-18.823730,-6.839436,-41.412209,0.000000,0.329285,-15.046760,0.000000,-0.045235,-41.082924,-15.091994,0.234526,3.796973,1.100000,1.079000
-17.770943,-5.786324,-18.024185,-6.129111,-39.653210,0.000000,0.542660,-13.484045,0.000000,0.734544,-39.110550,-12.749501,-1.450580,3.596242,1.100000,1.081000
-17.797623,-5.401360,-17.861542,-5.445176,-39.295391,0.000000,0.136976,-11.979387,0.000000,0.093892,-39.158417,-11.885496,-4.163849,8.492545,1.100000,1.087000
-16.463501,-6.129032,-17.011694,-5.889943,-37.425728,0.000000,1.174698,-12.957875,0.000000,-0.512333,-36.251030,-13.470208,-12.708279,-2.606750,1.100000,1.081000
-14.249153,-6.715256,-15.083301,-6.443608,-33.183262,0.000000,1.787457,-14.175938,0.000000,-0.582104,-31.395805,-14.758041,-6.779418,11.690707,1.100000,1.092000
-12.169495,-8.198303,-13.059754,-7.628686,-28.731461,0.000000,1.907697,-16.783110,0.000000,-1.220608,-26.823765,-18.003717,-28.814674,-3.628960,1.100000,1.079000
-9.846802,-9.914143,-10.691311,-9.292513,-23.520884,0.000000,1.809664,-20.443529,0.000000,-1.332064,-21.711220,-21.775593,-37.552116,8.712873,1.100000,1.084000
-7.043121,-12.014927,-8.070409,-11.294398,-17.754900,0.000000,2.201328,-24.847677,0.000000,-1.543989,-15.553572,-26.391666,-34.259476,-0.567998,1.100000,1.085000
-4.401978,-12.919273,-5.453780,-12.548564,-11.998317,0.000000,2.253864,-27.606842,0.000000,-0.794377,-9.744453,-28.401218,-35.291855,6.548171,1.100000,1.081000
-1.435349,-14.353519,-2.601332,-13.869072,-5.722931,0.000000,2.498537,-30.511959,0.000000,-1.038103,-3.224394,-31.550062,-30.657532,-3.153809,1.100000,1.089000
1.644264,-14.265575,0.485417,-14.268766,1.067917,0.000000,2.483244,-31.391287,0.000000,0.006838,3.551161,-31.384449,-13.258694,4.157977,1.100000,1.084000
4.059311,-13.771004,3.127009,-13.961653,6.879420,0.000000,1.997790,-30.715637,0.000000,0.408535,8.877210,-30.307102,-31.641850,-6.850273,1.100000,1.089000
5.665024,-12.057472,5.139339,-12.700685,11.306546,0.000000,1.126468,-27.941507,0.000000,1.378312,12.433014,-26.563196,-9.744429,-12.300895,1.100000,1.101000
5.361389,-10.970299,5.492320,-11.323974,12.083104,0.000000,-0.280566,-24.912743,0.000000,0.757875,11.802538,-24.154867,8.241244,-18.735432,1.100000,1.100000
4.052719,-9.705109,4.555908,-10.278031,10.022997,0.000000,-1.078262,-22.611670,0.000000,1.227693,8.944735,-21.383976,-7.556453,-1.894934,1.100000,1.089000
2.771759,-8.696224,3.472843,-9.129269,7.640255,0.000000,-1.502324,-20.084391,0.000000,0.927954,6.137931,-19.156437,-7.239124,-9.028173,1.100000,1.092000
1.404877,-7.491058,1.920132,-7.895286,4.224291,0.000000,-1.104119,-17.369629,0.000000,0.866201,3.120172,-16.503428,-5.762901,-7.091469,1.100000,1.084000
1.322311,-6.033058,1.189355,-6.721451,2.616582,0.000000,0.284906,-14.787193,0.000000,1.475129,2.901488,-13.312064,0.844457,-17.661398,1.100000,1.089000
0.635605,-3.935108,1.001619,-4.657592,2.203562,0.000000,-0.784316,-10.246703,0.000000,1.548181,1.419246,-8.698523,-2.093794,-9.047163,1.100000,1.120000
0.691795,-3.068676,0.666729,-3.397789,1.466805,0.000000,0.053713,-7.475137,0.000000,0.705243,1.520517,-6.769894,-6.361555,-20.899864,1.100000,1.136000
0.903496,-2.980034,0.819214,-3.044222,1.802271,0.000000,0.180603,-6.697289,0.000000,0.137546,1.982875,-6.559743,-11.249661,-18.776155,1.100000,1.134000
2.649178,-1.714752,1.985066,-2.151357,4.367145,0.000000,1.423097,-4.732985,0.000000,0.935582,5.790241,-3.797403,-9.606871,-17.640987,1.100000,1.086000
3.475327,-0.958881,3.210848,-1.242281,7.063865,0.000000,0.566741,-2.733017,0.000000,0.607284,7.630606,-2.125734,-5.512412,0.712959,1.100000,1.072000
3.621315,-1.929508,3.498132,-1.535232,7.695891,0.000000,0.263964,-3.377511,0.000000,-0.844877,7.959855,-4.222388,-7.596750,-7.803450,1.100000,1.079000
5.617546,-1.910595,4.653688,-2.000927,10.238114,0.000000,2.065411,-4.402040,0.000000,0.193568,12.303525,-4.208471,-7.138137,-6.783906,1.100000,1.094000
9.912308,-1.489040,8.500285,-1.575681,18.700628,0.000000,3.025765,-3.466498,0.000000,0.185658,21.726395,-3.280840,-28.109215,-5.303335,1.100000,1.105000
11.328835,-1.738617,10.659277,-1.694203,23.450409,0.000000,1.434765,-3.727247,0.000000,-0.095173,24.885174,-3.822420,2.876683,-6.201933,1.100000,1.136000
11.559868,-0.903877,11.367016,-1.164903,25.007435,0.000000,0.413251,-2.562787,0.000000,0.559341,25.420685,-2.003446,4.971557,-10.184929,1.100000,1.119000
12.105881,0.065548,11.986142,-0.252110,26.369513,0.000000,0.256581,-0.554643,0.000000,0.680696,26.626093,0.126054,16.231312,-5.618992,1.100000,1.111000
9.923462,-0.199669,10.809613,-0.083231,23.781149,0.000000,-1.898894,-0.183107,0.000000,-0.249511,21.882256,-0.432618,48.137611,-13.562448,1.100000,1.089000
5.799675,0.274220,7.312855,-0.004506,16.088282,0.000000,-3.242528,-0.009914,0.000000,0.597270,12.845754,0.587356,28.199953,-16.227570,1.100000,1.089000
1.440262,1.505730,3.104101,1.034202,6.829022,0.000000,-3.565370,2.275244,0.000000,1.010417,3.263652,3.285661,59.130726,1.949683,1.100000,1.099000
-3.249168,2.196014,-1.462797,1.981079,-3.218154,0.000000,-3.827938,4.358375,0.000000,0.460575,-7.046093,4.818950,47.122726,-7.590177,1.100000,1.089000
-6.201004,2.909546,-5.122286,2.605098,-11.269031,0.000000,-2.311537,5.731216,0.000000,0.652388,-13.580567,6.383605,48.865685,-10.472715,1.100000,1.088000
-8.477234,3.269814,-7.673451,3.114048,-16.881592,0.000000,-1.722391,6.850907,0.000000,0.333782,-18.603983,7.184690,24.055992,-5.931028,1.100000,1.093000
-10.179794,3.332191,-9.601440,3.372677,-21.123169,0.000000,-1.239333,7.419890,0.000000,-0.086755,-22.362503,7.333136,35.951813,7.455642,1.100000,1.107000
-10.994858,2.138935,-10.674288,2.644393,-23.483433,0.000000,-0.686936,5.817664,0.000000,-1.083124,-24.170368,4.734540,9.742556,-3.077460,1.100000,1.107000
-10.247849,1.998280,-10.567935,2.019980,-23.249458,0.000000,0.685902,4.443957,0.000000,-0.046502,-22.563557,4.397454,12.066477,22.459354,1.100000,1.113000
-9.627785,0.909092,-9.821491,1.365035,-21.607281,0.000000,0.415082,3.003078,0.000000,-0.977021,-21.192200,2.026056,-35.443169,-0.569467,1.100000,1.114000
-8.872635,0.010326,-9.227075,0.272014,-20.299564,0.000000,0.759516,0.598432,0.000000,-0.560760,-19.540049,0.037672,8.281105,12.766352,1.100000,1.114000
-10.513649,-1.250854,-9.895616,-0.686886,-21.770355,0.000000,-1.324358,-1.511150,0.000000,-1.208503,-23.094713,-2.719653,-4.034287,13.588037,1.100000,1.107000
-12.506874,-2.685566,-11.833001,-2.227497,-26.032602,0.000000,-1.444011,-4.900494,0.000000,-0.981576,-27.476612,-5.882071,3.472941,-2.869097,1.100000,1.107000
-13.671257,-2.967297,-13.165879,-2.811547,-28.964935,0.000000,-1.082954,-6.185404,0.000000,-0.333748,-30.047890,-6.519152,0.344150,-6.386265,1.100000,1.108000
-13.567711,-2.468750,-13.687786,-2.700283,-30.113131,0.000000,0.257306,-5.940623,0.000000,0.496142,-29.855824,-5.444481,0.542006,-3.754820,1.100000,1.118000
-12.555367,-1.638409,-12.811635,-1.978347,-28.185598,0.000000,0.549149,-4.352364,0.000000,0.728439,-27.636450,-3.623924,-14.345886,-8.208061,1.100000,1.116000
-11.416237,-0.260796,-11.901694,-0.847251,-26.183727,0.000000,1.095014,-1.863952,0.000000,1.322832,-25.088713,-0.541120,-13.123771,-11.551586,1.100000,1.124000
-10.105171,2.491379,-10.688847,1.459244,-23.515463,0.000000,1.250730,3.210337,0.000000,2.211718,-22.264732,5.422054,-4.873549,-10.495310,1.100000,1.119000
-8.176071,4.083763,-8.890858,3.540739,-19.559887,0.000000,1.531682,7.789625,0.000000,1.163624,-18.028206,8.953250,-10.467150,-2.917688,1.100000,1.113000
-5.532097,4.400337,-6.541371,4.202950,-14.391017,0.000000,2.162730,9.246491,0.000000,0.422971,-12.228287,9.669462,-20.366930,-16.073540,1.100000,1.106000
-3.817566,4.880066,-4.346752,4.660607,-9.562855,0.000000,1.133971,10.253336,0.000000,0.470269,-8.428884,10.723604,-20.879896,-4.699210,1.100000,1.091000
-2.568794,4.859062,-3.152528,4.902817,-6.935561,0.000000,1.250857,10.786199,0.000000,-0.093760,-5.684704,10.692438,-20.520655,-4.903871,1.100000,1.088000
0.422188,4.589401,-0.746855,4.563983,-1.643081,0.000000,2.505091,10.040763,0.000000,0.054467,0.862011,10.095229,-30.818134,4.235701,1.100000,1.095000
3.480927,4.260368,2.385677,4.539133,5.248490,0.000000,2.346963,9.986092,0.000000,-0.597351,7.595453,9.388741,-13.019819,3.242491,1.100000,1.082000
3.801964,2.194763,3.690711,2.949009,8.119565,0.000000,0.238398,6.487819,0.000000,-1.616241,8.357964,4.871578,-5.918244,18.078506,1.100000,1.062000
2.130722,-0.197712,2.694034,0.760254,5.926875,0.000000,-1.207096,1.672559,0.000000,-2.052784,4.719778,-0.380226,-9.702358,14.304270,1.100000,1.056000
1.174118,-0.415337,1.571744,-0.441376,3.457838,0.000000,-0.852056,-0.971027,0.000000,0.055799,2.605782,-0.915229,-13.875805,-6.985728,1.100000,1.061000
0.396751,1.439026,0.704877,0.909629,1.550728,0.000000,-0.660268,2.001183,0.000000,1.134422,0.890460,3.135606,-12.510675,5.957295,1.100000,1.059000
-0.022728,1.540585,0.040370,1.456018,0.088814,0.000000,-0.135210,3.203239,0.000000,0.181214,-0.046396,3.384454,-11.433980,-3.824950,1.100000,1.071000
0.433868,1.799999,0.315083,1.774517,0.693184,0.000000,0.254539,3.903937,0.000000,0.054606,0.947723,3.958542,-14.662107,-6.711092,1.100000,1.068000
1.688713,1.914516,1.066886,1.804089,2.347149,0.000000,1.332487,3.968996,0.000000,0.236630,3.679636,4.205626,-19.095982,-13.525715,1.100000,1.050000
5.724922,3.231392,4.172069,2.708369,9.178551,0.000000,3.327542,5.958413,0.000000,1.120763,12.506093,7.079175,-32.767044,-1.190818,1.100000,1.045000
9.006493,3.915585,7.854443,3.714991,17.279776,0.000000,2.468679,8.172979,0.000000,0.429845,19.748455,8.602824,-16.946856,-2.870289,1.100000,1.049000
10.661812,3.533981,9.925479,3.696758,21.836054,0.000000,1.577859,8.132867,0.000000,-0.348808,23.413914,7.784060,-39.008671,-0.212515,1.100000,1.054000
13.031197,3.064041,12.163884,3.306403,26.760546,0.000000,1.858525,7.274087,0.000000,-0.519348,28.619072,6.754739,-10.863503,-9.392202,1.100000,1.056000
14.001656,2.725620,13.655457,2.863279,30.042007,0.000000,0.741854,6.299215,0.000000,-0.294985,30.783861,6.004230,-8.452327,-10.242383,1.100000,1.052000
15.071663,2.701954,14.546343,2.675777,32.001953,0.000000,1.125684,5.886711,0.000000,0.056092,33.127636,5.942802,2.634627,-0.573166,1.100000,1.070000
16.320259,2.633987,15.883965,2.633834,34.944721,0.000000,0.934915,5.794434,0.000000,0.000330,35.879635,5.794765,1.181736,-4.377110,1.100000,1.055000
17.331711,3.152847,17.023003,3.013675,37.450607,0.000000,0.661516,6.630085,0.000000,0.298226,38.112122,6.928311,10.287510,-5.919523,1.100000,1.044000
16.058540,3.626015,16.361977,3.359067,35.996349,0.000000,-0.650225,7.389948,0.000000,0.572031,35.346127,7.961978,24.376251,-13.431566,1.100000,1.047000
11.781044,4.302284,13.447227,4.054614,29.583900,0.000000,-3.570390,8.920150,0.000000,0.530723,26.013512,9.450873,50.894913,-7.160572,1.100000,1.062000
4.938309,4.282471,7.566116,4.240227,16.645454,0.000000,-5.631015,9.328500,0.000000,0.090523,11.014440,9.419023,60.674473,-8.576591,1.100000,1.049000
-0.515701,6.112396,1.445234,5.488248,3.179514,0.000000,-4.202003,12.074145,0.000000,1.337459,-1.022489,13.411604,66.297295,0.361633,1.100000,1.058000
-4.579300,7.120201,-3.003912,6.746701,-6.608606,0.000000,-3.375832,14.842742,0.000000,0.800359,-9.984438,15.643101,48.922592,6.865713,1.100000,1.063000
-8.345062,7.562813,-6.866069,7.431098,-15.105351,0.000000,-3.169272,16.348415,0.000000,0.282247,-18.274624,16.630663,38.906136,-4.756069,1.100000,1.069000
