I0,I1,I2,I3,I4,I5,I6,I7,I8,I9,I10,I11,I12,I13,I14,I15
-23.543400,-30.606268,-29.378998,0.000000,3.525480,0.011752,3.537231,0.937231,-1.746952,14.598525,-4.000000,1.965065,2.000000,0.000000,1.000000,0.000000
-18.029530,-28.957767,-29.221790,0.000000,3.506615,0.023440,3.530055,0.930055,-1.729862,15.194165,13.000000,0.725448,2.000000,0.000000,1.000000,0.000000
-39.447845,-34.632042,-31.240955,0.000000,3.748914,0.035937,3.784851,1.184851,-1.718682,15.830063,13.000000,8.451393,2.000000,0.000000,1.000000,0.000000
-31.450220,-33.217541,-32.963543,0.000000,3.955625,0.075270,4.030895,1.430895,-1.103892,17.868731,12.000000,11.712093,2.000000,0.000000,1.000000,0.000000
-37.936504,-36.142776,-34.150066,0.000000,4.098008,0.088930,4.186938,1.586938,-0.758058,18.562334,10.000000,12.707729,2.000000,0.000000,1.000000,0.000000
-32.888752,-36.057281,-34.861858,0.000000,4.183423,0.102875,4.286298,1.686298,-0.543180,19.284334,10.000000,15.144144,2.000000,0.000000,1.000000,0.000000
-39.365269,-37.547615,-35.864212,0.000000,4.303705,0.117220,4.420926,1.820926,-0.262401,20.020384,9.000000,11.967220,2.000000,0.000000,1.000000,0.000000
-30.369696,-34.983658,-35.535580,0.000000,4.264269,0.131435,4.395704,1.795704,0.008298,20.745697,9.000000,12.542858,2.000000,0.000000,1.000000,0.000000
-23.682959,-32.393776,-34.363026,0.000000,4.123563,0.145180,4.268743,1.668743,0.289302,21.419472,7.000000,12.640464,2.000000,0.000000,1.000000,0.000000
-32.990520,-33.552612,-34.060570,0.000000,4.087268,0.158804,4.246072,1.646072,0.474885,22.078936,5.000000,10.728550,2.000000,0.000000,1.000000,0.000000
-15.854673,-28.666609,-32.047485,0.000000,3.845698,0.171623,4.017321,1.417321,0.660299,22.701128,4.000000,15.008503,2.000000,0.000000,1.000000,0.000000
-36.196274,-34.693100,-33.034859,0.000000,3.964183,0.184837,4.149020,1.549020,0.846097,23.334724,2.000000,14.107474,2.000000,0.000000,1.000000,0.000000
-30.359905,-34.053864,-33.415161,0.000000,4.009819,0.198203,4.208022,1.608022,1.039421,24.022194,2.000000,12.481276,2.000000,0.000000,1.000000,0.000000
-23.173670,-31.773602,-32.802513,0.000000,3.936301,0.211324,4.147625,1.547626,1.207551,24.680470,1.000000,12.616277,2.000000,0.000000,1.000000,0.000000
-30.476839,-33.680016,-33.130005,0.000000,3.975600,0.224576,4.200177,1.600177,1.365656,25.335005,0.000000,12.472801,2.000000,0.000000,1.000000,0.000000
-8.966860,-25.655907,-30.340590,0.000000,3.640871,0.236712,3.877583,1.277583,1.538128,25.928364,0.000000,5.951755,2.000000,0.000000,1.000000,0.000000
-2.868896,-22.682032,-27.482332,0.000000,3.297880,0.010993,3.308873,0.708873,1.715927,26.411743,-2.000000,5.593917,0.000000,0.000000,1.000000,0.000000
-4.860349,-20.352367,-24.821350,0.000000,2.978562,0.020921,2.999483,0.399483,1.797878,26.842087,-5.000000,4.233869,0.000000,0.000000,1.000000,0.000000
-16.231077,-21.995665,-23.766773,0.000000,2.852013,0.030428,2.882441,0.282441,1.774031,27.265568,-6.000000,-1.551853,0.000000,0.000000,1.000000,0.000000
-7.079278,-19.349791,-22.118307,0.000000,2.654197,0.039276,2.693472,0.093472,1.728435,27.679022,-7.000000,-6.866958,0.000000,0.000000,1.000000,0.000000
8.712211,-13.377099,-18.855991,0.000000,2.262719,0.046818,2.309537,-0.290463,1.546438,28.006290,-7.000000,-10.681649,0.000000,0.000000,1.000000,0.000000
-12.689388,-17.927965,-18.509642,0.000000,2.221157,0.054222,2.275379,-0.324621,1.299285,28.319342,-7.000000,-12.277780,0.000000,0.000000,1.000000,0.000000
-7.090969,-16.249115,-17.665989,0.000000,2.119919,0.061288,2.181207,-0.418793,1.095793,28.661112,-7.000000,-8.035996,0.000000,0.000000,1.000000,0.000000
-10.035509,-16.037025,-17.058043,0.000000,2.046965,0.068111,2.115077,-0.484923,0.976691,28.983973,-7.000000,-5.329509,0.000000,0.000000,1.000000,0.000000
2.459366,-10.405264,-14.575152,0.000000,1.749018,0.073941,1.822960,-0.777040,0.902911,29.248396,-6.000000,-3.460485,0.000000,0.000000,1.000000,0.000000
0.513874,-7.617308,-11.978409,0.000000,1.437409,0.078733,1.516142,-1.083858,0.880349,29.428621,-8.000000,-6.220160,0.000000,0.000000,1.000000,0.000000
2.938615,-6.583270,-9.964884,0.000000,1.195786,0.082719,1.278505,-1.321495,0.771124,29.570627,-9.000000,-5.052118,0.000000,0.000000,1.000000,0.000000
-4.842619,-7.644033,-9.098717,0.000000,1.091846,0.086358,1.178204,-1.421796,0.690617,29.712900,-10.000000,-7.167824,0.000000,0.000000,1.000000,0.000000
-4.809494,-8.316628,-8.806832,0.000000,1.056820,0.089881,1.146701,-1.453299,0.623488,29.872507,-10.000000,-8.671616,0.000000,0.000000,1.000000,0.000000
-9.787994,-7.662285,-8.379675,0.000000,1.005561,0.093233,1.098794,-1.501206,0.422416,30.032297,-9.000000,-7.032614,0.000000,0.000000,1.000000,0.000000
-10.570392,-8.454663,-8.407661,0.000000,1.008919,0.096596,1.105515,-1.494485,0.269107,30.193466,-8.000000,-7.795615,0.000000,0.000000,1.000000,0.000000
-1.221364,-5.883572,-7.465643,0.000000,0.895877,0.099582,0.995459,-1.604541,0.122027,30.336849,-8.000000,-5.480008,0.000000,0.000000,1.000000,0.000000
6.750205,-3.749630,-6.078786,0.000000,0.729454,0.102014,0.831468,-1.768532,-0.083829,30.433182,-7.000000,-13.801354,0.000000,0.000000,1.000000,0.000000
0.995697,-3.430630,-5.090466,0.000000,0.610856,0.104050,0.714906,-1.885094,-0.306040,30.504984,-7.000000,-9.922903,0.000000,0.000000,1.000000,0.000000
-11.157647,-5.285270,-5.163169,0.000000,0.619580,0.106115,0.725695,-1.874305,-0.498466,30.592142,-6.000000,-11.280967,0.000000,0.000000,1.000000,0.000000
22.789564,2.951880,-2.134543,0.000000,0.256145,0.106969,0.363114,-2.236886,-0.766515,30.615477,-5.000000,-12.783928,0.000000,0.000000,1.000000,0.000000
-10.622272,-3.899200,-2.793133,0.000000,0.335176,0.108086,0.443262,-2.156738,-1.065814,30.624950,-5.000000,-10.459254,0.000000,0.000000,1.000000,0.000000
7.399825,0.622277,-1.518464,0.000000,0.182216,0.108694,0.290909,-2.309091,-1.288729,30.657721,-4.000000,-10.601073,0.000000,0.000000,1.000000,0.000000
8.129962,1.502178,-0.391128,0.000000,0.046935,0.108850,0.155785,-2.444215,-1.492170,30.636477,-4.000000,-6.899785,0.000000,0.000000,1.000000,0.000000
-10.959675,-4.325444,-1.859458,0.000000,0.223135,0.109594,0.332729,-2.267271,-1.644294,30.664709,-4.000000,-9.558918,0.000000,0.000000,1.000000,0.000000
9.331553,1.683961,-0.537015,0.000000,0.064442,0.109809,0.174250,-2.425750,-1.785934,30.691124,-2.000000,-13.708685,0.000000,0.000000,1.000000,0.000000
-0.482110,-3.016662,-1.462446,0.000000,0.175494,0.110394,0.285887,-2.314113,-2.052380,30.704451,-1.000000,-8.371330,0.000000,0.000000,1.000000,0.000000
-9.744008,-4.341280,-2.536859,0.000000,0.304423,0.111408,0.415831,-2.184169,-2.308464,30.778030,0.000000,-4.441227,0.000000,0.000000,1.000000,0.000000
-7.224393,-8.119349,-4.620306,0.000000,0.554437,0.113256,0.667693,-1.932307,-2.479330,30.902637,1.000000,-5.642304,0.000000,0.000000,1.000000,0.000000
-11.925596,-8.612866,-6.110373,0.000000,0.733245,0.115701,0.848945,-1.751055,-2.608713,31.069960,3.000000,-9.991263,0.000000,20.000002,1.000000,0.000000
4.161178,-4.504807,-5.511158,0.000000,0.661339,0.117905,0.779244,-1.820756,-2.792354,31.201136,5.000000,-10.394447,0.000000,40.000004,1.000000,0.000000
-10.284582,-7.319374,-6.186004,0.000000,1.317487,0.000000,1.317487,-1.282513,-2.910087,31.319378,5.000000,-3.495051,1.000000,0.000000,0.000000,0.000000
-7.533757,-7.044008,-6.506220,0.000000,1.267921,0.000000,1.267921,-1.332078,-3.002858,31.463011,8.000000,-1.067489,1.000000,0.000000,0.000000,0.000000
2.586099,-4.056948,-5.592125,0.000000,0.730251,0.000000,0.730251,-1.869749,-3.007616,31.574020,8.000000,-3.282715,1.000000,0.000000,0.000000,0.000000
-2.218925,-5.688904,-5.628244,0.000000,1.024003,0.000000,1.024003,-1.575997,-3.047118,31.671478,5.000000,-0.785562,1.000000,0.000000,0.000000,0.000000
-26.275152,-14.074823,-8.780600,0.000000,2.533468,0.000000,2.533468,-0.066532,-2.871768,31.869116,6.000000,4.117208,1.000000,0.000000,0.000000,0.000000
-13.655829,-12.843876,-10.297059,0.000000,2.311898,0.000000,2.311898,-0.288102,-2.749691,32.138302,13.000000,5.002820,1.000000,0.000000,0.000000,0.000000
-11.315468,-14.038928,-11.693565,0.000000,2.527007,0.000000,2.527007,-0.072993,-2.635598,32.407131,11.000000,7.444880,1.000000,0.000000,0.000000,0.000000
-7.111530,-13.235768,-12.269133,0.000000,2.382438,0.000000,2.382438,-0.217561,-2.492681,32.679878,12.000000,7.881416,1.000000,0.000000,0.000000,0.000000
1.884064,-11.138315,-11.847099,0.000000,2.004897,0.000000,2.004897,-0.595103,-2.361217,32.923618,10.000000,11.737982,1.000000,0.000000,0.000000,0.000000
-67.941002,-29.485241,-18.429848,0.000000,5.307343,0.000000,5.307343,2.707344,-2.133233,33.329853,7.000000,9.218281,1.000000,0.000000,0.000000,0.000000
-15.068497,-18.372822,-18.408566,0.000000,3.307108,0.000000,3.307108,0.707108,-2.052665,33.808434,23.000000,5.960238,1.000000,0.000000,0.000000,0.000000
-8.274760,-14.956123,-17.120075,0.000000,2.692102,0.000000,2.692102,0.092102,-1.927211,34.141724,13.000000,8.606165,1.000000,0.000000,0.000000,0.000000
-5.805277,-12.338790,-15.335647,0.000000,2.220982,0.000000,2.220982,-0.379018,-1.809023,34.414673,9.000000,2.987743,1.000000,0.000000,0.000000,0.000000
-10.619543,-13.950167,-14.818570,0.000000,2.511030,0.000000,2.511030,-0.088970,-1.806270,34.677563,7.000000,-1.338380,1.000000,0.000000,0.000000,0.000000
-24.932446,-17.347094,-15.762243,0.000000,3.122477,0.000000,3.122477,0.522477,-1.866406,34.990536,8.000000,-6.900482,1.000000,0.000000,0.000000,0.000000
-21.149046,-17.982473,-16.590858,0.000000,3.236845,0.000000,3.236845,0.636845,-1.935808,35.343830,12.000000,-0.799434,1.000000,0.000000,0.000000,0.000000
-17.445820,-16.385723,-16.514299,0.000000,2.949430,0.000000,2.949430,0.349430,-1.896063,35.687511,12.000000,0.885070,1.000000,0.000000,0.000000,0.000000
-19.234230,-17.618073,-16.926239,0.000000,3.171253,0.000000,3.171253,0.571253,-1.799886,36.027550,10.000000,9.130262,1.000000,0.000000,0.000000,0.000000
-7.178533,-15.990047,-16.576841,0.000000,2.878208,0.000000,2.878208,0.278208,-1.624865,36.363632,10.000000,10.666824,1.000000,0.000000,0.000000,0.000000
-22.152128,-19.291798,-17.590094,0.000000,3.472524,0.000000,3.472524,0.872524,-1.405578,36.716450,8.000000,11.580720,1.000000,0.000000,0.000000,0.000000
-25.331154,-20.857536,-18.809540,0.000000,3.754357,0.000000,3.754357,1.154357,-1.221840,37.117943,10.000000,8.536515,1.000000,0.000000,0.000000,0.000000
-11.184742,-16.888887,-18.092731,0.000000,3.040000,0.000000,3.040000,0.440000,-1.047769,37.495407,10.000000,6.552320,1.000000,0.000000,0.000000,0.000000
-16.003948,-17.223862,-17.768459,0.000000,3.100295,0.000000,3.100295,0.500295,-0.984026,37.836536,7.000000,8.636973,1.000000,0.000000,0.000000,0.000000
-7.526313,-15.239247,-16.824530,0.000000,2.743065,0.000000,2.743065,0.143065,-0.860602,38.161167,6.000000,6.293358,1.000000,0.000000,0.000000,0.000000
-30.916088,-20.820913,-18.316025,0.000000,3.747765,0.000000,3.747765,1.147765,-0.709643,38.521770,4.000000,3.902531,1.000000,0.000000,0.000000,0.000000
-17.539734,-18.039080,-18.212666,0.000000,3.247035,0.000000,3.247035,0.647035,-0.653939,38.910370,8.000000,6.549085,1.000000,0.000000,0.000000,0.000000
-4.251148,-15.001454,-17.014206,0.000000,2.700262,0.000000,2.700262,0.100262,-0.498594,39.240776,5.000000,9.064179,1.000000,0.000000,0.000000,0.000000
-12.805727,-16.280981,-16.740559,0.000000,2.930577,0.000000,2.930577,0.330577,-0.350015,39.553600,2.000000,8.662010,1.000000,0.000000,0.000000,0.000000
-28.029030,-18.973024,-17.573740,0.000000,3.415144,0.000000,3.415144,0.815145,-0.260626,39.906139,2.000000,1.720574,1.000000,0.000000,0.000000,0.000000
-12.571448,-16.611929,-17.214781,0.000000,2.990147,0.000000,2.990147,0.390147,-0.257212,40.261990,5.000000,-0.250278,1.000000,0.000000,0.000000,0.000000
-7.179113,-13.788568,-15.936081,0.000000,2.481942,0.000000,2.481942,-0.118057,-0.236542,40.565994,3.000000,4.135413,1.000000,0.000000,0.000000,0.000000
-22.099901,-17.200365,-16.407927,0.000000,3.096066,0.000000,3.096066,0.496066,-0.187410,40.875885,0.000000,2.518806,1.000000,0.000000,0.000000,0.000000
-4.976264,-12.855643,-15.082175,0.000000,2.314016,0.000000,2.314016,-0.285984,-0.171463,41.176445,3.000000,4.396147,1.000000,0.000000,0.000000,0.000000
-3.303804,-10.613257,-13.414326,0.000000,1.910386,0.000000,1.910386,-0.689613,-0.124033,41.411133,0.000000,4.053882,1.000000,0.000000,0.000000,0.000000
-18.190876,-13.062998,-13.283206,0.000000,2.351340,0.000000,2.351340,-0.248660,-0.096961,41.647896,-2.000000,3.057643,1.000000,0.000000,0.000000,0.000000
-12.247958,-12.638655,-13.042652,0.000000,2.274958,0.000000,2.274958,-0.325042,-0.054715,41.904911,0.000000,1.534263,1.000000,0.000000,0.000000,0.000000
-6.974574,-10.946981,-12.260525,0.000000,1.970457,0.000000,1.970457,-0.629543,-0.103210,42.140766,-1.000000,2.441634,1.000000,0.000000,0.000000,0.000000
-8.946257,-10.827111,-11.725559,0.000000,1.948880,0.000000,1.948880,-0.651120,-0.114078,42.358505,-2.000000,-1.638188,1.000000,0.000000,0.000000,0.000000
-8.592767,-12.972698,-12.191005,0.000000,2.335086,0.000000,2.335086,-0.264914,-0.176277,42.596504,-2.000000,3.496896,1.000000,0.000000,0.000000,0.000000
-4.506149,-9.836918,-11.312433,0.000000,1.770645,0.000000,1.770645,-0.829355,-0.213409,42.824600,0.000000,3.683480,1.000000,0.000000,0.000000,0.000000
-17.286366,-14.159321,-12.374923,0.000000,2.548678,0.000000,2.548678,-0.051322,-0.183175,43.064564,-3.000000,8.214192,1.000000,0.000000,0.000000,0.000000
-59.672863,-26.331886,-17.583815,0.000000,4.739740,0.000000,4.739740,2.139740,-0.079546,43.469475,0.000000,4.087570,1.000000,0.000000,0.000000,0.000000
-18.643497,-17.484722,-17.546833,0.000000,3.147250,0.000000,3.147250,0.547250,-0.026381,43.907642,10.000000,3.820219,1.000000,0.000000,0.000000,0.000000
-2.719910,-13.978804,-16.215206,0.000000,2.516185,0.000000,2.516185,-0.083815,0.050273,44.222279,2.000000,5.442706,1.000000,0.000000,0.000000,0.000000
-1.194365,-11.578721,-14.484819,0.000000,2.084170,0.000000,2.084170,-0.515830,0.131713,44.477856,-1.000000,0.972815,1.000000,0.000000,0.000000,0.000000
-28.171726,-18.702951,-16.059072,0.000000,3.366531,0.000000,3.366531,0.766531,0.128980,44.780674,-3.000000,-3.137608,1.000000,0.000000,0.000000,0.000000
-42.464836,-23.003288,-18.650730,0.000000,4.140592,0.000000,4.140592,1.540592,0.034690,45.197735,3.000000,-6.156603,1.000000,0.000000,0.000000,0.000000
-14.409111,-16.362959,-17.796909,0.000000,2.945333,0.000000,2.945333,0.345333,-0.103419,45.591396,8.000000,-2.706182,1.000000,0.000000,0.000000,0.000000
-2.605644,-12.868548,-15.957591,0.000000,2.316339,0.000000,2.316339,-0.283661,-0.083877,45.883713,2.000000,2.247691,1.000000,0.000000,0.000000,0.000000
-11.957176,-13.745749,-15.132108,0.000000,2.474235,0.000000,2.474235,-0.125765,-0.006021,46.149857,-1.000000,8.387015,1.000000,0.000000,0.000000,0.000000
-11.357785,-13.866623,-14.659815,0.000000,2.495992,0.000000,2.495992,-0.104008,0.052969,46.425980,0.000000,5.948164,1.000000,0.000000,0.000000,0.000000
-3.757840,-11.684034,-13.549221,0.000000,2.103126,0.000000,2.103126,-0.496874,0.111530,46.681488,-1.000000,5.840003,1.000000,0.000000,0.000000,0.000000
-4.223213,-10.936427,-12.574098,0.000000,1.968557,0.000000,1.968557,-0.631443,0.159759,46.907692,-3.000000,5.671353,1.000000,0.000000,0.000000,0.000000
-52.370773,-24.357731,-16.971878,0.000000,4.384392,0.000000,4.384392,1.784392,0.221249,47.260635,-4.000000,5.312425,1.000000,0.000000,0.000000,0.000000
-10.636880,-12.358579,-15.250144,0.000000,2.224544,0.000000,2.224544,-0.375456,0.288284,47.627800,7.000000,0.691787,1.000000,0.000000,0.000000,0.000000
-3.325608,-11.637321,-13.901799,0.000000,2.094718,0.000000,2.094718,-0.505282,0.370405,47.867760,-3.000000,3.674368,1.000000,0.000000,0.000000,0.000000
-5.523992,-10.954583,-12.801866,0.000000,1.971825,0.000000,1.971825,-0.628175,0.418001,48.093678,-4.000000,1.128628,1.000000,0.000000,0.000000,0.000000
-14.041545,-12.238170,-12.591488,0.000000,2.202871,0.000000,2.202871,-0.397129,0.438920,48.325603,-5.000000,-0.214441,1.000000,0.000000,0.000000,0.000000
2.795512,-7.895381,-10.838849,0.000000,1.421169,0.000000,1.421169,-1.178831,0.395467,48.526939,-3.000000,-1.506862,1.000000,0.000000,0.000000,0.000000
-2.354226,-8.011963,-9.783824,0.000000,1.442153,0.000000,1.442153,-1.157847,0.350432,48.686012,-7.000000,-0.065947,1.000000,0.000000,0.000000,0.000000
-2.331676,-7.800660,-9.043686,0.000000,1.404119,0.000000,1.404119,-1.195881,0.293939,48.844139,-7.000000,-4.865622,1.000000,0.000000,0.000000,0.000000
-6.094969,-8.033539,-8.666688,0.000000,1.446037,0.000000,1.446037,-1.153963,0.201399,49.002480,-7.000000,-1.905498,1.000000,0.000000,0.000000,0.000000
-3.568073,-6.913074,-8.012219,0.000000,1.244353,0.000000,1.244353,-1.355647,0.138642,49.151947,-6.000000,-3.104074,1.000000,0.000000,0.000000,0.000000
-2.039860,-6.088492,-7.294263,0.000000,1.095929,0.000000,1.095929,-1.504071,0.067298,49.281963,-7.000000,-4.220106,1.000000,0.000000,0.000000,0.000000
-3.932968,-5.882162,-6.767251,0.000000,1.058789,0.000000,1.058789,-1.541211,0.020508,49.401669,-7.000000,-3.010855,1.000000,0.000000,0.000000,0.000000
-1.802339,-3.610441,-5.589095,0.000000,0.649879,0.000000,0.649879,-1.950121,-0.015786,49.496593,-7.000000,-0.710885,1.000000,0.000000,0.000000,0.000000
6.545255,-1.268594,-3.976636,0.000000,0.228347,0.000000,0.228347,-2.371653,-0.105881,49.545383,-9.000000,-7.160295,1.000000,0.000000,0.000000,0.000000
-0.343500,0.070745,-2.466109,0.000000,-0.012734,0.000000,-0.012734,-2.612734,-0.279252,49.557362,-10.000000,-7.549512,1.000000,0.000000,0.000000,0.000000
7.828613,4.471641,0.123136,0.000000,-0.804895,0.000000,-0.804895,-3.404895,-0.530052,49.511936,-10.000000,-11.933834,1.000000,0.000000,0.000000,0.000000
6.846112,3.584856,1.415088,0.000000,-0.645274,0.000000,-0.645274,-3.245274,-0.787018,49.431370,-13.000000,-13.454443,1.000000,0.000000,0.000000,0.000000
-17.288530,-2.529487,-0.057071,0.000000,0.455308,0.000000,0.455308,-2.144692,-1.042216,49.420815,-11.000000,-13.291736,1.000000,0.000000,0.000000,0.000000
7.095227,2.107888,0.750916,0.000000,-0.379420,0.000000,-0.379420,-2.979420,-1.330281,49.425030,-4.000000,-10.417278,1.000000,0.000000,0.000000,0.000000
0.837856,-0.384377,0.327212,0.000000,0.069188,0.000000,0.069188,-2.530812,-1.479324,49.407795,-7.000000,-4.001619,1.000000,0.000000,0.000000,0.000000
-7.833108,-1.390644,-0.313911,0.000000,0.250316,0.000000,0.250316,-2.349684,-1.541505,49.425545,-4.000000,-1.797142,1.000000,0.000000,0.000000,0.000000
-2.213970,-0.654756,-0.441118,0.000000,0.117856,0.000000,0.117856,-2.482144,-1.522103,49.445999,-4.000000,4.423703,1.000000,0.000000,0.000000,0.000000
10.938160,2.535767,0.669888,0.000000,-0.456438,0.000000,-0.456438,-3.056438,-1.462294,49.427189,-5.000000,3.012894,1.000000,0.000000,0.000000,0.000000
5.657591,2.456739,1.336761,0.000000,-0.442213,0.000000,-0.442213,-3.042213,-1.343219,49.377262,-8.000000,4.097887,1.000000,0.000000,0.000000,0.000000
2.557017,2.810859,1.886910,0.000000,-0.505955,0.000000,-0.505955,-3.105955,-1.295203,49.324585,-8.000000,6.225184,1.000000,0.000000,0.000000,0.000000
9.224876,4.401693,2.825455,0.000000,-0.792305,0.000000,-0.792305,-3.392305,-1.181252,49.252460,-9.000000,3.795547,1.000000,0.000000,0.000000,0.000000
7.319187,5.383629,3.780194,0.000000,-0.969053,0.000000,-0.969053,-3.569053,-1.111750,49.154606,-11.000000,1.825912,1.000000,0.000000,0.000000,0.000000
4.559576,5.439662,4.399526,0.000000,-0.979139,0.000000,-0.979139,-3.579139,-1.082577,49.046371,-12.000000,4.327069,1.000000,0.000000,0.000000,0.000000
3.786105,4.153415,4.307674,0.000000,-0.747615,0.000000,-0.747615,-3.347615,-1.027841,48.950439,-12.000000,0.755234,1.000000,0.000000,0.000000,0.000000
-0.962523,2.969491,3.808250,0.000000,-0.534508,0.000000,-0.534508,-3.134508,-1.047051,48.879211,-11.000000,0.577812,1.000000,0.000000,0.000000,0.000000
-2.871309,2.821422,3.439955,0.000000,-0.507856,0.000000,-0.507856,-3.107856,-1.121376,48.821301,-10.000000,-3.252689,1.000000,0.000000,0.000000,0.000000
-0.292675,2.593556,3.124069,0.000000,-0.466840,0.000000,-0.466840,-3.066840,-1.265706,48.767151,-9.000000,-3.922017,1.000000,0.000000,0.000000,0.000000
10.774587,5.627024,4.058200,0.000000,-1.012864,0.000000,-1.012864,-3.612864,-1.337186,48.684944,-8.000000,-2.951446,1.000000,0.000000,0.000000,0.000000
-3.184628,2.104714,3.329138,0.000000,-0.378849,0.000000,-0.378849,-2.978848,-1.361906,48.607628,-11.000000,-1.111614,1.000000,0.000000,0.000000,0.000000
-1.645006,2.328465,2.955676,0.000000,-0.419124,0.000000,-0.419124,-3.019124,-1.419402,48.563297,-7.000000,-4.238293,1.000000,0.000000,0.000000,0.000000
2.241911,3.199517,3.046680,0.000000,-0.575913,0.000000,-0.575913,-3.175913,-1.625104,48.508018,-7.000000,-4.729437,1.000000,0.000000,0.000000,0.000000
0.475749,2.359569,2.790242,0.000000,-0.424722,0.000000,-0.424722,-3.024722,-1.707838,48.452427,-7.000000,-5.774168,1.000000,0.000000,0.000000,0.000000
-5.211250,1.006794,2.124640,0.000000,-0.181223,0.000000,-0.181223,-2.781223,-1.731797,48.418762,-6.000000,0.460100,1.000000,0.000000,0.000000,0.000000
-1.828345,0.995690,1.703303,0.000000,-0.179224,0.000000,-0.179224,-2.779224,-1.714716,48.398739,-5.000000,4.457349,1.000000,0.000000,0.000000,0.000000
5.147887,2.131966,1.863285,0.000000,-0.383754,0.000000,-0.383754,-2.983754,-1.650869,48.367462,-5.000000,1.919010,1.000000,0.000000,0.000000,0.000000
-4.434256,0.060266,1.190379,0.000000,-0.010848,0.000000,-0.010848,-2.610848,-1.552215,48.345539,-7.000000,7.940788,1.000000,0.000000,0.000000,0.000000
-6.489467,0.426884,0.905434,0.000000,-0.076839,0.000000,-0.076839,-2.676839,-1.430335,48.340668,-5.000000,5.384987,1.000000,0.000000,0.000000,0.000000
-7.913507,-0.853511,0.248976,0.000000,0.153632,0.000000,0.153632,-2.446368,-1.297139,48.344933,-6.000000,8.045106,1.000000,0.000000,0.000000,0.000000
12.970463,2.851185,1.220149,0.000000,-0.513213,0.000000,-0.513213,-3.113213,-1.124036,48.324955,-6.000000,4.242375,1.000000,0.000000,0.000000,0.000000
-7.877793,0.278764,0.868814,0.000000,-0.050178,0.000000,-0.050178,-2.650177,-1.027898,48.293655,-10.000000,1.647614,1.000000,0.000000,0.000000,0.000000
17.287519,6.490502,2.966890,0.000000,-1.168290,0.000000,-1.168290,-3.768291,-1.095149,48.225964,-7.000000,-1.118307,1.000000,0.000000,0.000000,0.000000
14.335614,6.924307,4.443841,0.000000,-1.246375,0.000000,-1.246375,-3.846375,-1.051972,48.091816,-13.000000,2.091361,1.000000,0.000000,0.000000,0.000000
2.151397,4.255729,4.373636,0.000000,-0.766031,0.000000,-0.766031,-3.366031,-1.046874,47.980015,-14.000000,-3.839133,1.000000,0.000000,0.000000,0.000000
6.577734,4.060394,4.256731,0.000000,-0.730871,0.000000,-0.730871,-3.330871,-1.113320,47.896854,-11.000000,-3.807907,1.000000,0.000000,0.000000,0.000000
12.618558,6.997675,5.279681,0.000000,-1.259582,0.000000,-1.259582,-3.859581,-1.198411,47.786274,-10.000000,-3.711257,1.000000,0.000000,0.000000,0.000000
9.087857,6.457386,5.719213,0.000000,-1.162330,0.000000,-1.162330,-3.762330,-1.324095,47.651722,-12.000000,-6.294314,1.000000,0.000000,0.000000,0.000000
7.512662,6.312258,5.940544,0.000000,-0.712865,-0.002376,-0.715241,-3.315241,-1.529219,47.524025,-11.000000,-10.183858,2.000000,0.000000,1.000000,0.000000
4.113221,5.561661,5.799141,0.000000,-0.695897,-0.004696,-0.700593,-3.300593,-1.742949,47.405285,-7.000000,-10.567280,2.000000,0.000000,1.000000,0.000000
-4.711654,2.711122,4.646658,0.000000,-0.557599,-0.006555,-0.564153,-3.164153,-1.869422,47.322556,-7.000000,-6.211905,2.000000,0.000000,1.000000,0.000000
16.510479,8.390109,6.043755,0.000000,-0.725251,-0.008972,-0.734223,-3.334223,-1.953085,47.211544,-6.000000,-2.463136,2.000000,0.000000,1.000000,0.000000
23.148916,12.328455,8.389275,0.000000,-1.006713,-0.012328,-1.019041,-3.619040,-2.096407,47.004360,-6.000000,1.473617,2.000000,0.000000,1.000000,0.000000
1.440592,6.551894,7.703544,0.000000,-0.924425,-0.015409,-0.939834,-3.539834,-2.020200,46.815556,-8.000000,4.138853,2.000000,0.000000,1.000000,0.000000
7.569279,8.441276,7.978874,0.000000,-0.957465,-0.018601,-0.976066,-3.576066,-1.902819,46.665623,-8.000000,7.770252,2.000000,0.000000,1.000000,0.000000
3.133024,5.706648,7.130854,0.000000,-0.855702,-0.021453,-0.877156,-3.477155,-1.760367,46.524143,-9.000000,6.578809,2.000000,0.000000,1.000000,0.000000
6.709278,5.977466,6.700397,0.000000,-0.804048,-0.024133,-0.828181,-3.428181,-1.685590,46.407303,-9.000000,9.739863,2.000000,0.000000,1.000000,0.000000
0.413829,4.310369,5.808413,0.000000,-0.697010,-0.026457,-0.723466,-3.323466,-1.580631,46.304424,-9.000000,4.833205,2.000000,0.000000,1.000000,0.000000
5.822672,5.167704,5.569293,0.000000,-0.668315,-0.028684,-0.696999,-3.296999,-1.515794,46.209644,-9.000000,5.574121,2.000000,0.000000,1.000000,0.000000
6.399872,6.257132,5.826002,0.000000,-0.699120,-0.031015,-0.730135,-3.330135,-1.421931,46.095394,-9.000000,2.028477,2.000000,0.000000,1.000000,0.000000
5.517445,5.810597,5.820253,0.000000,-0.698430,-0.033343,-0.731773,-3.331773,-1.397843,45.974716,-9.000000,0.523650,2.000000,0.000000,1.000000,0.000000
1.796661,4.567942,5.352877,0.000000,-0.642345,-0.035484,-0.677829,-3.277829,-1.389795,45.870930,-9.000000,0.991699,2.000000,0.000000,1.000000,0.000000
1.436115,4.596393,5.070549,0.000000,-0.608466,-0.037512,-0.645978,-3.245978,-1.425226,45.779285,-9.000000,-0.741259,2.000000,0.000000,1.000000,0.000000
7.735130,5.898373,5.379502,0.000000,-0.645540,-0.039664,-0.685204,-3.285204,-1.466925,45.674339,-9.000000,-2.293566,2.000000,0.000000,1.000000,0.000000
-3.723142,2.643622,4.358441,0.000000,-0.523013,-0.041407,-0.564420,-3.164420,-1.550240,45.588921,-8.000000,-2.699144,2.000000,0.000000,1.000000,0.000000
2.926942,5.261747,4.695565,0.000000,-0.563468,-0.043286,-0.606753,-3.206753,-1.611507,45.509869,-7.000000,-2.567891,2.000000,0.000000,1.000000,0.000000
5.608893,4.043485,4.452201,0.000000,-0.534264,-0.045066,-0.579331,-3.179331,-1.640872,45.416817,-7.000000,0.780617,2.000000,0.000000,1.000000,0.000000
7.564106,7.923757,5.747824,0.000000,-0.689739,-0.047366,-0.737104,-3.337104,-1.619412,45.297146,-7.000000,1.513372,2.000000,0.000000,1.000000,0.000000
0.675512,3.909793,5.061851,0.000000,-0.607422,-0.049390,-0.656812,-3.256812,-1.601696,45.178810,-8.000000,2.532585,2.000000,0.000000,1.000000,0.000000
1.430389,2.782028,4.210996,0.000000,-0.505319,-0.051075,-0.556394,-3.156394,-1.607281,45.111893,-8.000000,1.165216,2.000000,0.000000,1.000000,0.000000
4.317132,5.419351,4.661967,0.000000,-0.559436,-0.052940,-0.612376,-3.212376,-1.636450,45.029881,-7.000000,2.591498,2.000000,0.000000,1.000000,0.000000
6.554364,3.401844,4.191675,0.000000,-0.503001,-0.054616,-0.557617,-3.157617,-1.521754,44.941669,-8.000000,-1.063228,2.000000,0.000000,1.000000,0.000000
5.724303,4.207733,4.197668,0.000000,-0.503720,-0.056295,-0.560015,-3.160015,-1.385576,44.865574,-8.000000,2.511813,2.000000,0.000000,1.000000,0.000000
2.443516,3.703679,4.013306,0.000000,-0.481597,-0.057901,-0.539497,-3.139497,-1.424769,44.786461,-8.000000,3.006245,2.000000,0.000000,1.000000,0.000000
-0.285223,1.673829,3.140187,0.000000,-0.376822,-0.059157,-0.435979,-3.035979,-1.393546,44.732685,-8.000000,2.971724,2.000000,0.000000,1.000000,0.000000
-0.913755,1.304802,2.455201,0.000000,-0.294624,-0.060139,-0.354763,-2.954763,-1.309755,44.702900,-8.000000,-3.131863,2.000000,0.000000,1.000000,0.000000
1.255809,2.934628,2.634128,0.000000,-0.316095,-0.061192,-0.377288,-2.977288,-1.288623,44.660507,-8.000000,-3.911778,2.000000,0.000000,1.000000,0.000000
0.383414,1.558673,2.232757,0.000000,-0.267931,-0.062085,-0.330016,-2.930016,-1.362739,44.615574,-8.000000,-1.821408,2.000000,0.000000,1.000000,0.000000
12.483326,5.360765,3.400164,0.000000,-0.408020,-0.063446,-0.471465,-3.071465,-1.400053,44.546379,-7.000000,-0.881665,2.000000,0.000000,1.000000,0.000000
15.678551,7.251931,4.837686,0.000000,-0.580522,-0.065381,-0.645903,-3.245903,-1.377629,44.420254,-8.000000,-2.845159,2.000000,0.000000,1.000000,0.000000
-7.037789,1.904855,3.743121,0.000000,-0.449174,-0.066878,-0.516052,-3.116052,-1.419433,44.328686,-9.000000,3.798750,2.000000,0.000000,1.000000,0.000000
-25.200865,-4.855233,0.534120,0.000000,-0.064094,-0.067092,-0.131186,-2.731186,-1.357086,44.358189,-8.000000,4.121224,2.000000,0.000000,1.000000,0.000000
-10.626053,-3.623623,-1.017595,0.000000,0.122111,-0.066684,0.055427,-2.544573,-1.317618,44.442978,-7.000000,-0.301216,2.000000,0.000000,1.000000,0.000000
-18.844944,-7.231579,-3.336722,0.000000,0.400407,-0.065350,0.335057,-2.264943,-1.340586,44.551529,-6.000000,-2.687203,2.000000,0.000000,1.000000,0.000000
8.190053,0.158420,-2.032297,0.000000,0.243876,-0.064537,0.179339,-2.420661,-1.348315,44.622261,-4.000000,0.950814,2.000000,0.000000,1.000000,0.000000
0.813233,-3.301703,-2.506053,0.000000,0.300726,-0.063534,0.237192,-2.362808,-1.342357,44.653694,-5.000000,4.458156,2.000000,0.000000,1.000000,0.000000
15.073329,2.218581,-0.742768,0.000000,0.089132,-0.063237,0.025895,-2.574105,-1.346303,44.664524,-5.000000,3.222855,2.000000,0.000000,1.000000,0.000000
70.538940,19.722738,6.895184,0.000000,-0.827422,-0.065995,-0.893417,-3.493417,-1.297004,44.445110,-6.000000,1.055505,2.000000,0.000000,1.000000,0.000000
2.718223,9.667768,7.929943,0.000000,-0.951593,-0.069167,-1.020761,-3.620760,-1.251264,44.151207,-11.000000,-1.350466,2.000000,0.000000,1.000000,0.000000
22.391924,15.251528,10.662439,0.000000,-1.279493,-0.073432,-1.352925,-3.952925,-1.214391,43.902016,-12.000000,2.748081,2.000000,0.000000,1.000000,0.000000
16.088013,14.965278,12.268306,0.000000,-1.472197,-0.078340,-1.550536,-4.150537,-1.151600,43.599846,-14.000000,-3.817317,2.000000,0.000000,1.000000,0.000000
9.352629,14.384110,13.057947,0.000000,-1.566954,-0.083563,-1.650517,-4.250516,-1.222371,43.306351,-14.000000,-3.178594,2.000000,0.000000,1.000000,0.000000
5.409307,10.957051,12.273870,0.000000,-1.472864,-0.088472,-1.561337,-4.161336,-1.263359,43.052940,-15.000000,-5.910261,2.000000,0.000000,1.000000,0.000000
-15.534971,4.279747,9.290375,0.000000,-1.114845,-0.092189,-1.207034,-3.807034,-1.388304,42.900574,-14.000000,-4.251832,2.000000,0.000000,1.000000,0.000000
-4.268621,4.032831,7.328201,0.000000,-0.879384,-0.095120,-0.974504,-3.574504,-1.608234,42.817448,-11.000000,-10.875244,2.000000,0.000000,1.000000,0.000000
-19.682602,-1.922732,3.875652,0.000000,-0.465078,-0.096670,-0.561748,-3.161748,-1.830135,42.796349,-8.000000,-13.524342,2.000000,0.000000,1.000000,0.000000
-7.569489,1.775615,3.091895,0.000000,-0.371027,-0.097907,-0.468934,-3.068934,-2.014488,42.797821,-5.000000,-7.420111,2.000000,0.000000,1.000000,0.000000
-2.507970,-0.205485,1.861276,0.000000,-0.223353,-0.098651,-0.322005,-2.922004,-2.061438,42.782120,-5.000000,1.691780,2.000000,0.000000,1.000000,0.000000
-3.558983,-2.426224,0.261134,0.000000,-0.031336,-0.098756,-0.130092,-2.730092,-1.975635,42.808437,-4.000000,5.040019,2.000000,0.000000,1.000000,0.000000
-1.390645,-0.568316,-0.048426,0.000000,0.005811,-0.098736,-0.092925,-2.692925,-1.912202,42.838383,-4.000000,3.595266,2.000000,0.000000,1.000000,0.000000
-1.044019,-1.263242,-0.501809,0.000000,0.060217,-0.098536,-0.038319,-2.638319,-1.776794,42.856697,-4.000000,4.020102,2.000000,0.000000,1.000000,0.000000
20.410496,5.499102,1.737797,0.000000,-0.208536,-0.099231,-0.307766,-2.907766,-1.662188,42.814339,-4.000000,9.883177,2.000000,0.000000,1.000000,0.000000
43.189114,15.137857,6.738847,0.000000,-0.808662,-0.101926,-0.910588,-3.510588,-1.494967,42.607967,-7.000000,7.506371,2.000000,0.000000,1.000000,0.000000
47.758686,17.662430,10.815648,0.000000,-1.297878,-0.106253,-1.404130,-4.004130,-1.420819,42.279964,-10.000000,4.841659,2.000000,0.000000,1.000000,0.000000
-0.998503,6.753577,9.299639,0.000000,-1.115957,-0.109972,-1.225929,-3.825929,-1.379112,42.035805,-13.000000,0.916683,2.000000,0.000000,1.000000,0.000000
11.404125,8.807287,9.115888,0.000000,-1.093907,-0.113619,-1.207525,-3.807525,-1.435495,41.880196,-12.000000,-4.289492,2.000000,0.000000,1.000000,0.000000
17.094440,12.986957,10.560614,0.000000,-1.267274,-0.117843,-1.385117,-3.985117,-1.627392,41.662254,-11.000000,-12.246188,2.000000,0.000000,1.000000,0.000000
-0.218120,9.043137,9.994274,0.000000,-1.199313,-0.121841,-1.321154,-3.921154,-1.816114,41.441952,-11.000000,-9.235297,2.000000,0.000000,1.000000,0.000000
-5.723767,5.609614,8.357871,0.000000,-1.002944,-0.125184,-1.128128,-3.728128,-1.982052,41.295425,-9.000000,-7.447903,2.000000,0.000000,1.000000,0.000000
-12.028344,1.241958,5.702134,0.000000,-0.684256,-0.127465,-0.811721,-3.411721,-2.156396,41.226910,-8.000000,-4.256998,2.000000,0.000000,1.000000,0.000000
0.335389,2.901926,4.657065,0.000000,-0.558848,-0.129328,-0.688175,-3.288175,-2.330110,41.185471,-5.000000,-8.192081,2.000000,0.000000,1.000000,0.000000
9.981965,6.923683,5.502992,0.000000,-0.660359,-0.131529,-0.791888,-3.391888,-2.478787,41.087215,-4.000000,-3.763432,2.000000,0.000000,1.000000,0.000000
0.589923,2.884662,4.525803,0.000000,-0.543096,-0.133339,-0.676435,-3.276435,-2.457602,40.989132,-4.000000,-3.429944,2.000000,0.000000,1.000000,0.000000
14.914942,10.639641,6.807554,0.000000,-0.816907,-0.136062,-0.952969,-3.552969,-2.507470,40.853889,-4.000000,3.284566,2.000000,0.000000,1.000000,0.000000
-1.414075,7.516254,7.072049,0.000000,-0.848646,-0.138891,-0.987537,-3.587537,-2.541057,40.672329,-5.000000,-0.202853,2.000000,0.000000,1.000000,0.000000
9.968768,9.344537,7.920166,0.000000,-0.950420,-0.142059,-1.092479,-3.692479,-2.529891,40.503719,-5.000000,-2.073710,2.000000,0.000000,1.000000,0.000000
17.066763,7.901771,7.913301,0.000000,-0.949596,-0.145224,-1.094820,-3.694820,-2.607281,40.331257,-5.000000,2.291539,2.000000,0.000000,1.000000,0.000000
10.851468,8.663777,8.193387,0.000000,-0.983206,-0.148502,-1.131708,-3.731708,-2.634650,40.165600,-5.000000,-1.136207,2.000000,0.000000,1.000000,0.000000
10.078234,9.883413,8.824123,0.000000,-1.058895,-0.152031,-1.210926,-3.810926,-2.651631,39.980129,-5.000000,-3.650405,2.000000,0.000000,1.000000,0.000000
20.862808,13.282283,10.487957,0.000000,-1.258555,-0.156227,-1.414781,-4.014781,-2.634857,39.748474,-6.000000,0.438142,2.000000,0.000000,1.000000,0.000000
7.819519,9.250643,10.026177,0.000000,-1.203141,-0.160237,-1.363378,-3.963378,-2.634243,39.523144,-7.000000,0.789727,2.000000,0.000000,1.000000,0.000000
7.089183,10.405536,10.167758,0.000000,-1.220131,-0.164304,-1.384435,-3.984435,-2.723088,39.326584,-6.000000,0.220253,2.000000,0.000000,1.000000,0.000000
8.358119,10.794937,10.401828,0.000000,-1.248219,-0.168465,-1.416684,-4.016684,-2.721649,39.114578,-6.000000,-1.376029,2.000000,0.000000,1.000000,0.000000
11.090756,8.716208,9.772736,0.000000,-1.172728,-0.172374,-1.345102,-3.945102,-2.777732,38.919468,-6.000000,-1.194837,2.000000,0.000000,1.000000,0.000000
22.618828,13.893098,11.310500,0.000000,-1.357260,-0.176898,-1.534158,-4.134158,-2.812077,38.693375,-5.000000,0.689497,2.000000,0.000000,1.000000,0.000000
3.328133,7.531587,9.900168,0.000000,-1.188020,-0.180858,-1.368878,-3.968878,-2.797902,38.479126,-6.000000,5.131277,2.000000,0.000000,1.000000,0.000000
14.642511,10.234707,10.025022,0.000000,-1.203003,-0.184868,-1.387871,-3.987871,-2.687968,38.301464,-6.000000,4.361099,2.000000,0.000000,1.000000,0.000000
17.541309,12.456260,10.932386,0.000000,-1.311886,-0.189241,-1.501127,-4.101128,-2.658053,38.074554,-6.000000,-0.242538,2.000000,0.000000,1.000000,0.000000
9.735374,10.215939,10.665000,0.000000,-1.279800,-0.193507,-1.473307,-4.073307,-2.698663,37.847832,-7.000000,0.518745,2.000000,0.000000,1.000000,0.000000
-2.897022,7.416023,9.452446,0.000000,-1.134293,-0.197288,-1.331582,-3.931581,-2.857430,37.671513,-6.000000,-4.033717,2.000000,0.000000,1.000000,0.000000
11.234899,7.634543,8.773985,0.000000,-1.052878,-0.200798,-1.253676,-3.853676,-2.925143,37.521008,-5.000000,-5.988337,2.000000,0.000000,1.000000,0.000000
7.446670,7.114146,8.154515,0.000000,-0.978542,-0.204060,-1.182601,-3.782601,-3.023083,37.373520,-4.000000,-2.211890,2.000000,0.000000,1.000000,0.000000
-5.306218,5.167105,7.039581,0.000000,-0.844750,-0.206875,-1.051625,-3.651625,-3.017674,37.250706,-4.000000,0.023800,2.000000,0.000000,1.000000,0.000000
14.606753,9.246788,7.863335,0.000000,-0.943600,-0.210021,-1.153621,-3.753621,-2.955074,37.106567,-3.000000,6.336705,2.000000,0.000000,1.000000,0.000000
3.185818,5.862673,7.116666,0.000000,-0.854000,-0.212867,-1.066867,-3.666867,-2.843153,36.955471,-4.000000,7.022883,2.000000,0.000000,1.000000,0.000000
8.968719,7.457689,7.243939,0.000000,-0.869273,-0.215765,-1.085038,-3.685038,-2.644564,36.822266,-5.000000,7.591238,2.000000,0.000000,1.000000,0.000000
3.275000,4.962994,6.392665,0.000000,-0.767120,-0.218322,-0.985442,-3.585442,-2.481153,36.698059,-6.000000,6.535641,2.000000,0.000000,1.000000,0.000000
3.731153,6.108594,6.286647,0.000000,-0.754398,-0.220837,-0.975234,-3.575234,-2.350794,36.587341,-6.000000,4.082969,2.000000,0.000000,1.000000,0.000000
4.877942,3.287657,5.167391,0.000000,-0.620087,-0.222904,-0.842991,-3.442991,-2.250851,36.493378,-6.000000,6.535909,2.000000,0.000000,1.000000,0.000000
3.601077,3.560244,4.567586,0.000000,-0.548110,-0.224731,-0.772841,-3.372841,-2.149033,36.424900,-6.000000,5.209438,2.000000,0.000000,1.000000,0.000000
5.859323,4.012391,4.360381,0.000000,-0.523246,-0.226475,-0.749721,-3.349720,-2.063036,36.349174,-6.000000,3.484612,2.000000,0.000000,1.000000,0.000000
0.703929,0.879019,3.061099,0.000000,-0.367332,-0.227699,-0.595031,-3.195031,-1.960317,36.300259,-7.000000,0.847798,2.000000,0.000000,1.000000,0.000000
4.252051,3.768525,3.325118,0.000000,-0.399014,-0.229029,-0.628044,-3.228044,-1.893738,36.253784,-6.000000,-0.408250,2.000000,0.000000,1.000000,0.000000
3.700505,3.870525,3.528670,0.000000,-0.423440,-0.230441,-0.653881,-3.253881,-1.894896,36.177395,-6.000000,0.475010,2.000000,0.000000,1.000000,0.000000
7.812290,4.608822,3.931794,0.000000,-0.471815,-0.232014,-0.703829,-3.303829,-1.864929,36.092602,-7.000000,-0.077179,2.000000,0.000000,1.000000,0.000000
2.632293,4.399564,4.106371,0.000000,-0.492765,-0.233656,-0.726421,-3.326421,-1.774785,36.002518,-7.000000,4.101145,2.000000,0.000000,1.000000,0.000000
7.289526,5.269243,4.540368,0.000000,-0.544844,-0.235472,-0.780316,-3.380316,-1.662623,35.905830,-8.000000,4.236137,2.000000,0.000000,1.000000,0.000000
-2.117915,3.661752,4.212459,0.000000,-0.505495,-0.237157,-0.742652,-3.342652,-1.582096,35.816521,-9.000000,0.971199,2.000000,0.000000,1.000000,0.000000
1.930168,2.774689,3.675867,0.000000,-0.441104,-0.238628,-0.679732,-3.279732,-1.525745,35.752155,-9.000000,-7.960170,2.000000,0.000000,1.000000,0.000000
2.372521,2.840688,3.364169,0.000000,-0.403700,-0.239973,-0.643674,-3.243673,-1.594418,35.696003,-8.000000,-9.335276,2.000000,0.000000,1.000000,0.000000
-0.872899,3.218756,3.309899,0.000000,-0.397188,-0.241297,-0.638485,-3.238485,-1.798179,35.635410,-7.000000,-10.041743,2.000000,0.000000,1.000000,0.000000
-6.355783,0.387382,2.219184,0.000000,-0.266302,-0.242185,-0.508487,-3.108487,-1.943228,35.599350,-6.000000,-7.364235,2.000000,0.000000,1.000000,0.000000
-0.740763,0.317080,1.509298,0.000000,-0.181116,-0.242789,-0.423904,-3.023904,-2.002706,35.592304,-5.000000,1.215423,2.000000,0.000000,1.000000,0.000000
-1.931726,0.736005,1.220696,0.000000,-0.146484,-0.243277,-0.389760,-2.989760,-1.939084,35.581772,-5.000000,2.322222,2.000000,0.000000,1.000000,0.000000
7.666201,3.774879,2.173945,0.000000,-0.260873,-0.244146,-0.505020,-3.105020,-1.832618,35.536663,-5.000000,7.333954,2.000000,0.000000,1.000000,0.000000
11.348416,5.460048,3.400355,0.000000,-0.408043,-0.245507,-0.653549,-3.253549,-1.612426,35.444313,-7.000000,8.343623,2.000000,0.000000,1.000000,0.000000
-10.634117,1.217275,2.585606,0.000000,-0.310273,-0.246541,-0.556813,-3.156813,-1.409339,35.377541,-9.000000,10.289089,2.000000,0.000000,1.000000,0.000000
-5.418220,1.943670,2.346028,0.000000,-0.281523,-0.247479,-0.529003,-3.129003,-1.265651,35.345932,-9.000000,5.376987,2.000000,0.000000,1.000000,0.000000
9.070708,5.106179,3.376147,0.000000,-0.405138,-0.248830,-0.653967,-3.253967,-1.119100,35.275433,-10.000000,3.813687,2.000000,0.000000,1.000000,0.000000
7.953715,5.784743,4.275062,0.000000,-0.513007,-0.250540,-0.763547,-3.363547,-1.071421,35.166523,-11.000000,2.740210,2.000000,0.000000,1.000000,0.000000
-16.938990,-3.068199,1.534476,0.000000,-0.184137,-0.251153,-0.435291,-3.035290,-1.074592,35.139359,-11.000000,0.146452,2.000000,0.000000,1.000000,0.000000
-10.704979,-0.968957,0.600167,0.000000,-0.072020,-0.251394,-0.323414,-2.923414,-1.137736,35.179729,-9.000000,-5.532150,2.000000,0.000000,1.000000,0.000000
23.346409,6.688765,2.872499,0.000000,-0.344700,-0.252543,-0.597242,-3.197242,-1.220796,35.122532,-8.000000,-6.692752,2.000000,0.000000,1.000000,0.000000
36.793091,13.946767,7.005537,0.000000,-0.840664,-0.255345,-1.096009,-3.696009,-1.303510,34.916176,-9.000000,-6.539458,2.000000,0.000000,1.000000,0.000000
20.822037,10.021011,8.130945,0.000000,-0.975713,-0.258597,-1.234311,-3.834311,-1.384522,34.676498,-11.000000,-3.512567,2.000000,0.000000,1.000000,0.000000
11.335566,8.719539,8.350615,0.000000,-1.002074,-0.261937,-1.264011,-3.864011,-1.406053,34.489094,-12.000000,-0.397428,2.000000,0.000000,1.000000,0.000000
7.438818,8.578741,8.435754,0.000000,-1.012290,-0.265312,-1.277602,-3.877602,-1.444855,34.316113,-12.000000,-5.576432,2.000000,0.000000,1.000000,0.000000
-2.537752,4.911928,7.120624,0.000000,-0.854475,-0.268160,-1.122635,-3.722635,-1.534425,34.181206,-11.000000,-0.948360,2.000000,0.000000,1.000000,0.000000
21.162029,10.723507,8.465260,0.000000,-1.015831,-0.271546,-1.287377,-3.887377,-1.600146,34.024853,-10.000000,-3.605559,2.000000,0.000000,1.000000,0.000000
-12.612770,0.049955,5.324575,0.000000,-0.638949,-0.273676,-0.912625,-3.512625,-1.607256,33.917118,-11.000000,-5.121721,2.000000,0.000000,1.000000,0.000000
44.983829,13.392538,8.335628,0.000000,-1.000275,-0.277010,-1.277285,-3.877285,-1.716540,33.782692,-9.000000,-5.096623,2.000000,0.000000,1.000000,0.000000
36.690125,15.604762,11.048549,0.000000,-1.325826,-0.281430,-1.607255,-4.207255,-1.829252,33.492718,-10.000000,-1.416020,2.000000,0.000000,1.000000,0.000000
-5.841550,4.170463,8.481571,0.000000,-1.017789,-0.284822,-1.302611,-3.902611,-1.882862,33.294964,-11.000000,0.548638,2.000000,0.000000,1.000000,0.000000
-2.365783,3.613115,6.664610,0.000000,-0.799753,-0.287488,-1.087241,-3.687241,-1.890143,33.217129,-10.000000,2.109898,2.000000,0.000000,1.000000,0.000000
3.009624,4.693103,5.928822,0.000000,-0.711459,-0.289860,-1.001318,-3.601318,-1.834571,33.134068,-9.000000,1.648045,2.000000,0.000000,1.000000,0.000000
-5.066347,1.781719,4.381078,0.000000,-0.525729,-0.291612,-0.817341,-3.417341,-1.779672,33.069321,-9.000000,1.374871,2.000000,0.000000,1.000000,0.000000
3.114144,4.271677,4.340248,0.000000,-0.520830,-0.293348,-0.814178,-3.414178,-1.715212,33.008785,-8.000000,-0.032184,2.000000,0.000000,1.000000,0.000000
-5.756157,1.537863,3.294367,0.000000,-0.395324,-0.294666,-0.689990,-3.289990,-1.640968,32.950691,-9.000000,-0.140967,2.000000,0.000000,1.000000,0.000000
2.614187,3.950648,3.539299,0.000000,-0.424716,-0.296082,-0.720797,-3.320797,-1.700138,32.895805,-8.000000,-2.372266,2.000000,0.000000,1.000000,0.000000
-1.334963,2.207880,3.042399,0.000000,-0.365088,-0.297299,-0.662386,-3.262386,-1.729882,32.834221,-8.000000,-2.836940,2.000000,0.000000,1.000000,0.000000
-1.410599,1.745244,2.558286,0.000000,-0.306994,-0.298322,-0.605316,-3.205316,-1.762260,32.794689,-7.000000,-2.427893,2.000000,0.000000,1.000000,0.000000
15.708078,7.109999,4.257035,0.000000,-0.510844,-0.300025,-0.810869,-3.410869,-1.918790,32.706139,-6.000000,-3.631177,2.000000,0.000000,1.000000,0.000000
4.460495,3.777935,4.078230,0.000000,-0.489388,-0.301656,-0.791044,-3.391043,-1.895887,32.597260,-7.000000,0.005758,2.000000,0.000000,1.000000,0.000000
-4.275520,-1.107191,2.142974,0.000000,-0.257157,-0.302513,-0.559670,-3.159670,-1.799460,32.570553,-8.000000,5.259380,2.000000,0.000000,1.000000,0.000000
1.299395,2.458277,2.260649,0.000000,-0.271278,-0.303417,-0.574695,-3.174695,-1.746884,32.557041,-7.000000,1.599489,2.000000,0.000000,1.000000,0.000000
3.701405,2.915174,2.504925,0.000000,-0.300591,-0.304419,-0.605010,-3.205010,-1.705198,32.503307,-7.000000,-1.391274,2.000000,0.000000,1.000000,0.000000
-0.843173,1.206714,2.020418,0.000000,-0.242450,-0.305228,-0.547678,-3.147678,-1.765805,32.462090,-7.000000,-3.561327,2.000000,0.000000,1.000000,0.000000
-8.399549,-2.039092,0.505364,0.000000,-0.060644,-0.305430,-0.366073,-2.966073,-1.871200,32.470413,-6.000000,-7.856323,2.000000,0.000000,1.000000,0.000000
3.663969,-0.177738,0.250423,0.000000,-0.030051,-0.305530,-0.335581,-2.935580,-2.055551,32.492580,-4.000000,-9.850523,2.000000,0.000000,1.000000,0.000000
5.063513,0.874774,0.483438,0.000000,-0.058013,-0.305723,-0.363736,-2.963736,-2.193536,32.485611,-3.000000,-3.328022,2.000000,0.000000,1.000000,0.000000
-6.216952,-2.142283,-0.496510,0.000000,0.059581,-0.305525,-0.245943,-2.845943,-2.295394,32.498287,-3.000000,-1.136323,2.000000,0.000000,1.000000,0.000000
-6.421847,-3.955239,-1.787346,0.000000,0.214481,-0.304810,-0.090328,-2.690328,-2.296202,32.559261,-3.000000,0.814013,2.000000,0.000000,1.000000,0.000000
-1.104453,-1.609288,-1.720893,0.000000,0.206507,-0.304121,-0.097614,-2.697614,-2.271987,32.614906,-2.000000,0.332460,2.000000,0.000000,1.000000,0.000000
0.920819,-2.175405,-1.890522,0.000000,0.226863,-0.303365,-0.076503,-2.676502,-2.274244,32.652752,-2.000000,-0.436040,2.000000,0.000000,1.000000,0.000000
-16.964855,-7.333941,-3.922065,0.000000,0.470648,-0.301796,0.168851,-2.431149,-2.248182,32.747845,-2.000000,2.661984,2.000000,0.000000,1.000000,0.000000
-23.705818,-9.298256,-5.928519,0.000000,0.711422,-0.299425,0.411997,-2.188003,-2.290192,32.914165,0.000000,2.172123,2.000000,0.000000,1.000000,0.000000
-9.707691,-9.108185,-7.115205,0.000000,0.853825,-0.296579,0.557246,-2.042754,-2.197744,33.098228,0.000000,1.037773,2.000000,0.000000,1.000000,0.000000
-46.504353,-17.818245,-11.109697,0.000000,1.333164,-0.292357,1.040806,-1.559193,-2.192584,33.367493,0.000000,-2.667070,2.000000,0.000000,1.000000,0.000000
-18.187052,-12.883546,-11.771717,0.000000,1.412606,-0.287413,1.125193,-1.474807,-2.263005,33.674511,3.000000,-5.309179,2.000000,0.000000,1.000000,0.000000
-14.165420,-12.664097,-12.104763,0.000000,1.452572,-0.282813,1.169758,-1.430242,-2.331939,33.929989,4.000000,-2.450389,2.000000,0.000000,1.000000,0.000000
-30.826252,-19.536409,-14.878335,0.000000,1.785400,-0.276564,1.508836,-1.091164,-2.350358,34.251995,4.000000,1.893877,2.000000,0.000000,1.000000,0.000000
-8.795530,-14.913042,-14.891288,0.000000,1.786955,-0.270906,1.516049,-1.083951,-2.303710,34.596489,5.000000,2.264700,2.000000,0.000000,1.000000,0.000000
-32.526573,-21.997822,-17.543524,0.000000,2.105223,-0.263537,1.841685,-0.758315,-2.231445,34.965599,5.000000,0.024761,2.000000,0.000000,1.000000,0.000000
-86.619255,-39.161156,-25.611462,0.000000,3.073375,-0.253805,2.819570,0.219570,-2.167320,35.577190,6.000000,0.404037,2.000000,0.000000,1.000000,0.000000
-20.141617,-24.992348,-25.380402,0.000000,3.045648,-0.243145,2.802503,0.202503,-2.191875,36.218727,11.000000,-2.395677,2.000000,0.000000,1.000000,0.000000
-21.161974,-25.354486,-25.370729,0.000000,3.044487,-0.233504,2.810983,0.210983,-2.139885,36.722195,11.000000,4.955568,2.000000,0.000000,1.000000,0.000000
3.899116,-17.504379,-22.434921,0.000000,2.692190,-0.224530,2.467660,-0.132340,-1.968398,37.150784,10.000000,6.428507,2.000000,0.000000,1.000000,0.000000
11.101830,-11.921981,-18.511375,0.000000,2.221365,-0.217126,2.004239,-0.595761,-1.911384,37.445045,8.000000,9.413284,2.000000,0.000000,1.000000,0.000000
11.974894,-10.470952,-15.510601,0.000000,1.861272,-0.210922,1.650350,-0.949649,-1.724134,37.668976,5.000000,5.735325,2.000000,0.000000,1.000000,0.000000
2.133033,-11.259285,-13.923964,0.000000,1.670876,-0.205352,1.465523,-1.134476,-1.615923,37.886280,3.000000,3.716495,2.000000,0.000000,1.000000,0.000000
-3.480870,-10.350713,-12.590387,0.000000,1.510846,-0.200316,1.310531,-1.289469,-1.605269,38.102379,2.000000,3.561185,2.000000,0.000000,1.000000,0.000000
-0.148089,-8.564011,-11.087699,0.000000,1.330524,-0.195881,1.134643,-1.465357,-1.563388,38.291527,1.000000,1.919268,2.000000,0.000000,1.000000,0.000000
21.560841,-2.361335,-7.830924,0.000000,0.939711,-0.192748,0.746962,-1.853037,-1.473305,38.400780,0.000000,-3.856014,2.000000,0.000000,1.000000,0.000000
23.968618,0.476563,-4.730479,0.000000,0.567657,-0.190856,0.376801,-2.223199,-1.634621,38.419628,-1.000000,-8.157017,2.000000,0.000000,1.000000,0.000000
-2.240926,-5.924008,-5.175917,0.000000,0.621110,-0.188786,0.432324,-2.167676,-1.794186,38.474102,-2.000000,-11.487706,2.000000,0.000000,1.000000,0.000000
15.534483,-0.834645,-3.555707,0.000000,0.426685,-0.187364,0.239321,-2.360679,-1.934110,38.541687,-1.000000,-10.789006,2.000000,0.000000,1.000000,0.000000
35.563633,5.852600,-0.044423,0.000000,0.005331,-0.187346,-0.182015,-2.782015,-2.057706,38.491508,-1.000000,-5.815585,2.000000,0.000000,1.000000,0.000000
1.571844,-1.143505,-0.454613,0.000000,0.054554,-0.187164,-0.132610,-2.732610,-2.099637,38.444416,-3.000000,1.342090,2.000000,0.000000,1.000000,0.000000
24.991180,6.311798,2.070686,0.000000,-0.248482,-0.187992,-0.436475,-3.036474,-2.130627,38.392735,-3.000000,2.339887,2.000000,0.000000,1.000000,0.000000
13.201915,4.488635,2.973091,0.000000,-0.356771,-0.189182,-0.545952,-3.145952,-2.098445,38.284729,-4.000000,4.121936,2.000000,0.000000,1.000000,0.000000
14.127127,5.778811,4.020217,0.000000,-0.482426,-0.190790,-0.673216,-3.273216,-1.925885,38.182056,-6.000000,1.285513,2.000000,0.000000,1.000000,0.000000
10.704140,5.517572,4.579046,0.000000,-0.549486,-0.192621,-0.742107,-3.342107,-1.930041,38.069092,-7.000000,1.943340,2.000000,0.000000,1.000000,0.000000
16.135130,9.299841,6.340899,0.000000,-0.760908,-0.195158,-0.956065,-3.556065,-2.029021,37.920918,-6.000000,-4.106274,2.000000,0.000000,1.000000,0.000000
39.182732,15.693715,9.831472,0.000000,-1.179777,-0.199090,-1.378867,-3.978867,-2.130077,37.670982,-7.000000,-8.761266,2.000000,0.000000,1.000000,0.000000
34.838459,16.576653,12.348848,0.000000,-1.481862,-0.204030,-1.685891,-4.285892,-2.304986,37.348278,-8.000000,-12.079966,2.000000,0.000000,1.000000,0.000000
3.917247,9.650035,11.341621,0.000000,-1.360995,-0.208566,-1.569561,-4.169561,-2.493728,37.086010,-9.000000,-11.370329,2.000000,0.000000,1.000000,0.000000
-16.342241,4.517479,8.794777,0.000000,-1.055373,-0.212084,-1.267457,-3.867457,-2.821418,36.944336,-7.000000,-13.380819,2.000000,0.000000,1.000000,0.000000
-17.269461,2.358874,6.392827,0.000000,-0.767139,-0.214641,-0.981781,-3.581780,-2.972847,36.875572,-4.000000,-9.648270,2.000000,0.000000,1.000000,0.000000
14.822910,8.243184,7.083401,0.000000,-0.850008,-0.217475,-1.067483,-3.667483,-3.112535,36.769550,-2.000000,-2.824756,2.000000,0.000000,1.000000,0.000000
10.090654,7.219777,7.134298,0.000000,-0.856116,-0.220328,-1.076444,-3.676444,-3.146308,36.614922,-2.000000,-3.910300,2.000000,0.000000,1.000000,0.000000
49.429417,18.825268,11.497496,0.000000,-1.379699,-0.224927,-1.604627,-4.204627,-3.217796,36.354469,-2.000000,-4.281173,2.000000,0.000000,1.000000,0.000000
19.385622,14.142509,12.484644,0.000000,-1.498157,-0.229921,-1.728079,-4.328078,-3.344930,36.024792,-4.000000,-8.173357,2.000000,0.000000,1.000000,0.000000
-8.829565,6.930748,10.411869,0.000000,-1.249424,-0.234086,-1.483510,-4.083510,-3.438955,35.814060,-4.000000,-3.800772,2.000000,0.000000,1.000000,0.000000
-5.072787,6.828396,9.074477,0.000000,-1.088937,-0.237716,-1.326653,-3.926653,-3.466746,35.676468,-3.000000,0.333692,2.000000,0.000000,1.000000,0.000000
1.078496,7.248576,8.393031,0.000000,-1.007164,-0.241073,-1.248237,-3.848237,-3.434871,35.535698,-2.000000,5.550775,2.000000,0.000000,1.000000,0.000000
5.969662,7.589319,8.093077,0.000000,-0.971169,-0.244310,-1.215479,-3.815479,-3.311946,35.387318,-2.000000,3.548629,2.000000,0.000000,1.000000,0.000000
3.947088,6.301745,7.424532,0.000000,-0.890944,-0.247280,-1.138224,-3.738224,-3.239813,35.248405,-3.000000,2.425451,2.000000,0.000000,1.000000,0.000000
12.140057,7.796146,7.563222,0.000000,-0.907587,-0.250305,-1.157892,-3.757892,-3.224146,35.107426,-2.000000,-2.208976,2.000000,0.000000,1.000000,0.000000
-2.138700,4.614630,6.462775,0.000000,-0.775533,-0.252891,-1.028424,-3.628423,-3.244407,34.983318,-2.000000,-1.837836,2.000000,0.000000,1.000000,0.000000
-9.336875,1.862123,4.745761,0.000000,-0.569491,-0.254789,-0.824280,-3.424280,-3.206112,34.918552,-2.000000,0.196523,2.000000,0.000000,1.000000,0.000000
-0.035996,3.747918,4.373355,0.000000,-0.524803,-0.256538,-0.781341,-3.381341,-3.261522,34.862453,-1.000000,-2.631243,2.000000,0.000000,1.000000,0.000000
24.350765,10.766859,6.759481,0.000000,-0.811138,-0.259242,-1.070380,-3.670380,-3.402434,34.717304,0.000000,-8.187088,2.000000,0.000000,1.000000,0.000000
-9.311275,1.771064,4.897749,0.000000,-0.587730,-0.261201,-0.848931,-3.448931,-3.562697,34.591927,0.000000,-8.105947,2.000000,0.000000,1.000000,0.000000
7.467140,3.437726,4.352852,0.000000,-0.522342,-0.262942,-0.785285,-3.385284,-3.520545,34.539837,0.000000,-5.860547,2.000000,0.000000,1.000000,0.000000
-8.402458,-1.116316,2.311699,0.000000,-0.277404,-0.263867,-0.541271,-3.141271,-3.498580,34.516624,0.000000,0.352652,2.000000,0.000000,1.000000,0.000000
24.890169,7.209077,4.139454,0.000000,-0.496734,-0.265523,-0.762257,-3.362257,-3.387427,34.455696,0.000000,0.604725,2.000000,0.000000,1.000000,0.000000
12.950413,7.133846,5.256994,0.000000,-0.630839,-0.267625,-0.898465,-3.498465,-3.423676,34.312267,0.000000,3.661664,2.000000,0.000000,1.000000,0.000000
2.847252,5.966571,5.521816,0.000000,-0.662618,-0.269834,-0.932452,-3.532452,-3.329354,34.181263,-1.000000,2.213895,2.000000,0.000000,1.000000,0.000000
6.131763,6.262990,5.798430,0.000000,-0.695812,-0.272154,-0.967965,-3.567965,-3.257710,34.058968,-1.000000,4.506994,2.000000,0.000000,1.000000,0.000000
-5.426112,3.194178,4.826495,0.000000,-0.579179,-0.274084,-0.853264,-3.453264,-3.167713,33.964397,-2.000000,2.680511,2.000000,0.000000,1.000000,0.000000
-5.921109,1.715971,3.665613,0.000000,-0.439874,-0.275550,-0.715424,-3.315424,-3.052667,33.915295,-2.000000,1.407670,2.000000,0.000000,1.000000,0.000000
4.808439,4.270433,3.891339,0.000000,-0.466961,-0.277107,-0.744068,-3.344068,-3.013568,33.855431,-1.000000,0.728623,2.000000,0.000000,1.000000,0.000000
5.607646,2.345400,3.314378,0.000000,-0.397725,-0.001326,-0.399051,-2.999051,-2.950200,33.789272,-2.000000,2.703083,0.000000,0.000000,1.000000,0.000000
6.138719,2.714464,3.090483,0.000000,-0.370858,-0.002562,-0.373420,-2.973420,-2.876555,33.738674,0.000000,4.128254,0.000000,0.000000,1.000000,0.000000
4.427978,3.348871,3.186916,0.000000,-0.382430,-0.003837,-0.386267,-2.986267,-2.808575,33.678040,-1.000000,4.357717,0.000000,0.000000,1.000000,0.000000
6.280447,4.131354,3.539391,0.000000,-0.424727,-0.005252,-0.429979,-3.029979,-2.768770,33.603237,-1.000000,4.606843,0.000000,0.000000,1.000000,0.000000
5.123114,4.273519,3.813375,0.000000,-0.457605,-0.006778,-0.464383,-3.064383,-2.678296,33.519188,-2.000000,1.921622,0.000000,0.000000,1.000000,0.000000
-1.838926,3.083885,3.541121,0.000000,-0.424935,-0.008194,-0.433129,-3.033129,-2.677354,33.445614,-2.000000,0.724627,0.000000,0.000000,1.000000,0.000000
2.285893,2.850066,3.283212,0.000000,-0.393985,-0.009508,-0.403493,-3.003493,-2.729675,33.386276,-1.000000,-3.492532,0.000000,0.000000,1.000000,0.000000
-5.232251,-0.257979,1.961600,0.000000,-0.235392,-0.010292,-0.245684,-2.845684,-2.779728,33.360355,-1.000000,-3.535454,0.000000,0.000000,1.000000,0.000000
1.162368,0.292697,1.338747,0.000000,-0.160650,-0.010828,-0.171477,-2.771477,-2.768394,33.360008,0.000000,-0.453954,0.000000,0.000000,1.000000,0.000000
-1.259094,-0.399418,0.690045,0.000000,-0.082805,-0.011104,-0.093909,-2.693909,-2.686891,33.361076,0.000000,5.871266,0.000000,0.000000,1.000000,0.000000
7.744050,1.936145,1.155103,0.000000,-0.138612,-0.011566,-0.150178,-2.750178,-2.450730,33.345711,-1.000000,10.819629,0.000000,0.000000,1.000000,0.000000
6.769959,1.725190,1.367866,0.000000,-0.164144,-0.012113,-0.176257,-2.776257,-2.221575,33.309097,-2.000000,11.583125,0.000000,0.000000,1.000000,0.000000
15.839012,5.574349,2.937772,0.000000,-0.352533,-0.013288,-0.365821,-2.965821,-2.038385,33.236103,-3.000000,11.172973,0.000000,0.000000,1.000000,0.000000
10.612318,5.600833,3.931655,0.000000,-0.471799,-0.014861,-0.486659,-3.086659,-1.884298,33.124352,-5.000000,6.463025,0.000000,0.000000,1.000000,0.000000
12.877501,6.328658,4.826243,0.000000,-0.579149,-0.016791,-0.595940,-3.195940,-1.802217,33.005058,-6.000000,5.752632,0.000000,0.000000,1.000000,0.000000
8.078157,5.494994,5.075829,0.000000,-0.609099,-0.018821,-0.627921,-3.227921,-1.655133,32.886822,-7.000000,5.060921,0.000000,0.000000,1.000000,0.000000
-2.046657,2.352621,4.059497,0.000000,-0.487140,-0.020445,-0.507585,-3.107585,-1.621022,32.808346,-8.000000,3.272280,0.000000,0.000000,1.000000,0.000000
4.640319,5.192182,4.482228,0.000000,-0.537867,-0.022238,-0.560106,-3.160105,-1.584883,32.732899,-7.000000,0.261947,0.000000,0.000000,1.000000,0.000000
-17.075148,-0.156720,2.750921,0.000000,-0.330111,-0.023339,-0.353449,-2.953449,-1.583365,32.682545,-8.000000,-0.522555,0.000000,0.000000,1.000000,0.000000
9.845391,5.004664,3.592043,0.000000,-0.431045,-0.024775,-0.455821,-3.055820,-1.587056,32.634064,-7.000000,-0.091903,0.000000,0.000000,1.000000,0.000000
0.480993,3.193100,3.443153,0.000000,-0.413178,-0.026153,-0.439331,-3.039331,-1.552495,32.552086,-7.000000,2.715986,0.000000,0.000000,1.000000,0.000000
13.552567,5.988233,4.393005,0.000000,-0.527161,-0.027910,-0.555070,-3.155070,-1.531423,32.460274,-7.000000,3.019109,0.000000,0.000000,1.000000,0.000000
18.867023,7.429764,5.526357,0.000000,-0.663163,-0.030120,-0.693283,-3.293283,-1.561652,32.326096,-8.000000,-2.508040,0.000000,0.000000,1.000000,0.000000
-55.551189,-12.244939,-1.106086,0.000000,0.132730,-0.029678,0.103052,-2.496948,-1.632278,32.374249,-8.000000,-6.330315,0.000000,0.000000,1.000000,0.000000
-9.547253,-4.311263,-2.302294,0.000000,0.276275,-0.028757,0.247518,-2.352482,-1.771490,32.539810,-3.000000,-7.808726,0.000000,0.000000,1.000000,0.000000
8.699215,-0.458877,-1.614310,0.000000,0.193717,-0.028111,0.165606,-2.434394,-1.855321,32.587513,-2.000000,-1.056713,0.000000,0.000000,1.000000,0.000000
4.882972,1.121651,-0.593219,0.000000,0.071186,-0.027874,0.043312,-2.556688,-1.807685,32.580887,-3.000000,3.984514,0.000000,0.000000,1.000000,0.000000
6.513888,1.666700,0.250207,0.000000,-0.030025,-0.027974,-0.057999,-2.657999,-1.741147,32.553005,-4.000000,4.082967,0.000000,0.000000,1.000000,0.000000
-7.767129,-2.131500,-0.638672,0.000000,0.076641,-0.027719,0.048922,-2.551078,-1.630112,32.557652,-5.000000,5.737164,0.000000,0.000000,1.000000,0.000000
-18.036964,-5.694986,-2.525744,0.000000,0.303089,-0.026708,0.276381,-2.323619,-1.544656,32.635918,-5.000000,2.321907,0.000000,0.000000,1.000000,0.000000
4.148320,0.758330,-1.300092,0.000000,0.156011,-0.026188,0.129823,-2.470177,-1.555748,32.685284,-4.000000,3.631952,0.000000,0.000000,1.000000,0.000000
12.798622,2.531582,0.129931,0.000000,-0.015592,-0.026240,-0.041832,-2.641832,-1.465546,32.652386,-5.000000,7.448248,0.000000,0.000000,1.000000,0.000000
-11.624158,-2.020661,-0.672693,0.000000,0.080723,-0.025971,0.054752,-2.545248,-1.253043,32.647278,-7.000000,8.419937,0.000000,0.000000,1.000000,0.000000
-4.020298,-0.972694,-0.784657,0.000000,0.094159,-0.025657,0.068501,-2.531498,-1.133721,32.677212,-7.000000,6.366557,0.000000,0.000000,1.000000,0.000000
4.596632,0.309276,-0.376389,0.000000,0.045167,-0.025507,0.019660,-2.580340,-0.939805,32.683846,-8.000000,8.956813,0.000000,0.000000,1.000000,0.000000
12.602687,3.336138,1.009167,0.000000,-0.121100,-0.025910,-0.147010,-2.747010,-0.815741,32.647392,-9.000000,6.154835,0.000000,0.000000,1.000000,0.000000
-53.879269,-13.330639,-4.342607,0.000000,0.521113,-0.024173,0.496939,-2.103060,-0.771643,32.747337,-10.000000,2.657033,0.000000,0.000000,1.000000,0.000000
-15.750448,-7.906164,-5.672565,0.000000,0.680708,-0.021904,0.658803,-1.941196,-0.774338,32.959705,-6.000000,1.414646,0.000000,0.000000,1.000000,0.000000
9.764459,-1.500687,-4.115574,0.000000,0.493869,-0.020258,0.473611,-2.126389,-0.617468,33.053772,-6.000000,1.473676,0.000000,0.000000,1.000000,0.000000
13.146440,1.285979,-2.099655,0.000000,0.251959,-0.019418,0.232540,-2.367460,-0.572836,33.055920,-8.000000,-1.203136,0.000000,0.000000,1.000000,0.000000
2.364400,-0.134127,-1.366098,0.000000,0.163932,-0.018872,0.145060,-2.454940,-0.570556,33.044399,-9.000000,-2.760969,0.000000,0.000000,1.000000,0.000000
-2.086397,-0.358721,-0.990134,0.000000,0.118816,-0.018476,0.100340,-2.499660,-0.668956,33.049328,-9.000000,-6.555505,0.000000,0.000000,1.000000,0.000000
-2.582468,-2.153644,-1.424369,0.000000,0.170924,-0.017906,0.153018,-2.446982,-0.739076,33.074451,-9.000000,-9.546621,0.000000,0.000000,1.000000,0.000000
-9.180167,-2.250680,-1.732757,0.000000,0.207931,-0.017213,0.190718,-2.409282,-0.912925,33.118496,-8.000000,-3.406734,0.000000,0.000000,1.000000,0.000000
-42.403950,-13.622599,-6.170177,0.000000,0.740421,-0.014745,0.725676,-1.874324,-0.958687,33.277229,-7.000000,-1.650416,0.000000,0.000000,1.000000,0.000000
-4.110399,-5.451728,-5.902043,0.000000,0.708245,-0.012384,0.695861,-1.904139,-0.963019,33.467972,-4.000000,2.145476,0.000000,0.000000,1.000000,0.000000
-0.321965,-4.024543,-5.201340,0.000000,0.624161,-0.010304,0.613857,-1.986143,-0.893342,33.562733,-5.000000,0.877945,0.000000,0.000000,1.000000,0.000000
4.765102,-2.992868,-4.377114,0.000000,0.525254,-0.008553,0.516701,-2.083299,-0.880149,33.632908,-5.000000,0.419261,0.000000,0.000000,1.000000,0.000000
-9.286854,-4.955237,-4.592876,0.000000,0.551145,-0.006716,0.544430,-2.055570,-0.850733,33.712387,-6.000000,-3.077709,0.000000,0.000000,1.000000,0.000000
0.820453,-3.038793,-4.012875,0.000000,0.481545,-0.005110,0.476435,-2.123565,-0.877774,33.792328,-6.000000,0.616738,0.000000,0.000000,1.000000,0.000000
20.551392,3.477382,-1.217429,0.000000,0.146091,-0.004623,0.141468,-2.458532,-0.865120,33.787941,-6.000000,4.073427,0.000000,0.000000,1.000000,0.000000
5.209976,0.333582,-0.638574,0.000000,0.076629,-0.004368,0.072261,-2.527739,-0.773960,33.749832,-8.000000,3.268844,0.000000,0.000000,1.000000,0.000000
-40.727268,-11.416119,-4.660872,0.000000,0.559305,-0.002504,0.556801,-2.043199,-0.748003,33.860657,-9.000000,2.315241,0.000000,0.000000,1.000000,0.000000
22.044441,2.705031,-1.911836,0.000000,0.229420,-0.001739,0.227681,-2.372319,-0.728744,33.947769,-6.000000,-1.237717,0.000000,0.000000,1.000000,0.000000
25.186167,5.255476,0.763083,0.000000,-0.091570,-0.002044,-0.093614,-2.693614,-0.694026,33.868164,-8.000000,-0.328353,0.000000,0.000000,1.000000,0.000000
7.239715,2.212710,1.304100,0.000000,-0.156492,-0.002566,-0.159058,-2.759058,-0.745019,33.793484,-10.000000,-5.269294,0.000000,20.000002,1.000000,0.000000
14.384521,5.255317,2.778738,0.000000,-0.333448,-0.003677,-0.337126,-2.937126,-0.771796,33.718803,-10.000000,-6.154036,0.000000,40.000004,1.000000,0.000000
23.294693,6.395205,4.128443,0.000000,-1.151137,0.000000,-1.151137,-3.751137,-0.942167,33.602299,-10.000000,-11.543261,1.000000,0.000000,0.000000,0.000000
7.733214,3.154012,3.764775,0.000000,-0.567722,0.000000,-0.567722,-3.167722,-1.236381,33.506805,-12.000000,-9.813155,1.000000,0.000000,0.000000,0.000000
13.083961,5.810805,4.528376,0.000000,-1.045945,0.000000,-1.045945,-3.645945,-1.535918,33.417156,-8.000000,-13.346210,1.000000,0.000000,0.000000,0.000000
4.474641,7.082701,5.481678,0.000000,-1.274886,0.000000,-1.274886,-3.874886,-1.848638,33.288219,-9.000000,-14.263071,1.000000,0.000000,0.000000,0.000000
9.897855,7.976611,6.412815,0.000000,-1.435790,0.000000,-1.435790,-4.035790,-1.996338,33.137627,-9.000000,-10.769558,1.000000,0.000000,0.000000,0.000000
15.590509,9.385469,7.522242,0.000000,-1.689385,0.000000,-1.689385,-4.289384,-2.177350,32.964005,-9.000000,-12.625554,1.000000,0.000000,0.000000,0.000000
11.941402,9.956581,8.430764,0.000000,-1.792185,0.000000,-1.792185,-4.392185,-2.431583,32.770584,-9.000000,-10.720811,1.000000,0.000000,0.000000,0.000000
6.426897,7.558292,8.105148,0.000000,-1.360493,0.000000,-1.360493,-3.960493,-2.706508,32.595436,-8.000000,-15.553745,1.000000,0.000000,0.000000,0.000000
5.349741,6.952277,7.674884,0.000000,-1.251410,0.000000,-1.251410,-3.851410,-3.038176,32.450329,-5.000000,-14.707159,1.000000,0.000000,0.000000,0.000000
13.967609,7.807229,7.724277,0.000000,-1.405301,0.000000,-1.405301,-4.005301,-3.317609,32.302734,-3.000000,-11.884070,1.000000,0.000000,0.000000,0.000000
-12.984368,-0.200457,4.766679,0.000000,0.036082,0.000000,0.036082,-2.563918,-3.595486,32.226665,-2.000000,-9.160590,1.000000,0.000000,0.000000,0.000000
-7.913216,-0.722688,2.717987,0.000000,0.130084,0.000000,0.130084,-2.469916,-3.780042,32.235897,5.000000,-3.985428,1.000000,0.000000,0.000000,0.000000
-0.315045,-0.575981,1.488642,0.000000,0.103677,0.000000,0.103677,-2.496323,-3.757777,32.248882,6.000000,-0.229565,1.000000,0.000000,0.000000,0.000000
1.122562,-0.728689,0.661110,0.000000,0.131164,0.000000,0.131164,-2.468836,-3.624002,32.261929,5.000000,3.575553,1.000000,0.000000,0.000000,0.000000
2.320534,-1.189354,-0.029504,0.000000,0.214084,0.000000,0.214084,-2.385916,-3.611609,32.281109,5.000000,1.154766,1.000000,0.000000,0.000000,0.000000
0.158136,-4.711616,-1.776919,0.000000,0.848091,0.000000,0.848091,-1.751909,-3.680905,32.340118,6.000000,-0.307964,1.000000,0.000000,0.000000,0.000000
11.011471,-1.448384,-1.654306,0.000000,0.260709,0.000000,0.260709,-2.339291,-3.761330,32.401718,9.000000,-2.494278,1.000000,0.000000,0.000000,0.000000
2.390921,-1.924895,-1.755293,0.000000,0.346481,0.000000,0.346481,-2.253519,-3.728613,32.435452,6.000000,-0.456463,1.000000,0.000000,0.000000,0.000000
14.552815,3.996999,0.391526,0.000000,-0.719460,0.000000,-0.719460,-3.319460,-3.633540,32.414730,6.000000,-0.029408,1.000000,0.000000,0.000000,0.000000
17.703754,5.770041,2.398847,0.000000,-1.038607,0.000000,-1.038607,-3.638608,-3.572308,32.317059,0.000000,-2.776161,1.000000,0.000000,0.000000,0.000000
4.767172,3.010493,2.627120,0.000000,-0.541889,0.000000,-0.541889,-3.141889,-3.587354,32.229252,0.000000,-3.640795,1.000000,0.000000,0.000000,0.000000
-1.911971,1.621287,2.251732,0.000000,-0.291832,0.000000,-0.291832,-2.891832,-3.627366,32.182934,2.000000,-4.497552,1.000000,0.000000,0.000000,0.000000
-3.714307,-0.151755,1.354724,0.000000,0.027316,0.000000,0.027316,-2.572684,-3.658095,32.168240,3.000000,-3.255274,1.000000,0.000000,0.000000,0.000000
-2.200206,-0.439998,0.684914,0.000000,0.079200,0.000000,0.079200,-2.520800,-3.651289,32.174156,5.000000,-1.880927,1.000000,0.000000,0.000000,0.000000
11.322878,2.221370,1.258337,0.000000,-0.399847,0.000000,-0.399847,-2.999847,-3.642371,32.156342,5.000000,-1.812518,1.000000,0.000000,0.000000,0.000000
-3.002142,-2.212672,-0.037082,0.000000,0.398281,0.000000,0.398281,-2.201719,-3.661689,32.156254,2.000000,-3.111280,1.000000,0.000000,0.000000,0.000000
5.166212,-0.394912,-0.170628,0.000000,0.071084,0.000000,0.071084,-2.528916,-3.733432,32.182331,7.000000,-4.766319,1.000000,0.000000,0.000000,0.000000
3.292018,0.765106,0.178598,0.000000,-0.137719,0.000000,-0.137719,-2.737719,-3.841605,32.178631,6.000000,-5.712342,1.000000,0.000000,0.000000,0.000000
-8.611542,-1.992501,-0.631680,0.000000,0.358650,0.000000,0.358650,-2.241350,-4.062911,32.190907,6.000000,-8.558182,1.000000,0.000000,0.000000,0.000000
-10.744877,-1.379614,-0.910817,0.000000,0.248330,0.000000,0.248330,-2.351670,-4.238744,32.224628,9.000000,-11.237824,1.000000,0.000000,0.000000,0.000000
-1.411516,1.204239,-0.121455,0.000000,-0.216763,0.000000,-0.216763,-2.816763,-4.440011,32.226383,10.000000,-1.879945,1.000000,0.000000,0.000000,0.000000
2.161397,1.562706,0.507093,0.000000,-0.281287,0.000000,-0.281287,-2.881287,-4.501592,32.198715,8.000000,-0.511114,1.000000,0.000000,0.000000,0.000000
-3.794395,-1.530772,-0.253461,0.000000,0.275539,0.000000,0.275539,-2.324461,-4.541881,32.198395,8.000000,5.850327,1.000000,0.000000,0.000000,0.000000
-0.549871,-3.289983,-1.386724,0.000000,0.592197,0.000000,0.592197,-2.007803,-4.512084,32.246601,10.000000,8.230069,1.000000,0.000000,0.000000,0.000000
14.250843,-0.562638,-1.079166,0.000000,0.101275,0.000000,0.101275,-2.498725,-4.469981,32.285126,12.000000,7.991284,1.000000,0.000000,0.000000,0.000000
-1.006019,-2.831620,-1.733201,0.000000,0.509692,0.000000,0.509692,-2.090308,-4.321329,32.319069,8.000000,8.521622,1.000000,0.000000,0.000000,0.000000
-14.507419,-7.027789,-3.709200,0.000000,1.265002,0.000000,1.265002,-1.334998,-4.162333,32.417664,10.000000,3.836217,1.000000,0.000000,0.000000,0.000000
-8.628200,-6.260492,-4.661370,0.000000,1.126889,0.000000,1.126889,-1.473111,-4.027473,32.550545,13.000000,4.385025,1.000000,0.000000,0.000000,0.000000
7.925757,-1.383441,-3.438011,0.000000,0.249019,0.000000,0.249019,-2.350981,-3.958847,32.626984,12.000000,4.313828,1.000000,0.000000,0.000000,0.000000
5.308911,-1.169792,-2.591487,0.000000,0.210563,0.000000,0.210563,-2.389437,-3.907606,32.652515,7.000000,0.856445,1.000000,0.000000,0.000000,0.000000
-51.442425,-15.866779,-7.545972,0.000000,2.856020,0.000000,2.856020,0.256021,-3.889831,32.822880,7.000000,-1.875871,1.000000,0.000000,0.000000,0.000000
-27.216700,-11.822590,-9.142053,0.000000,2.128066,0.000000,2.128066,-0.471934,-3.887597,33.099773,20.000000,-3.260025,1.000000,0.000000,0.000000,0.000000
-21.436594,-11.849842,-10.152630,0.000000,2.132972,0.000000,2.132972,-0.467028,-3.818232,33.336498,16.000000,-0.176436,1.000000,0.000000,0.000000,0.000000
0.193594,-5.476483,-8.407440,0.000000,0.985767,0.000000,0.985767,-1.614233,-3.776550,33.509762,16.000000,4.129633,1.000000,0.000000,0.000000,0.000000
-2.173763,-4.171217,-6.826435,0.000000,0.750819,0.000000,0.750819,-1.849181,-3.668669,33.606239,10.000000,8.199736,1.000000,0.000000,0.000000,0.000000
-9.428705,-7.020887,-6.899007,0.000000,1.263760,0.000000,1.263760,-1.336240,-3.548236,33.718159,8.000000,2.334969,1.000000,0.000000,0.000000,0.000000
0.130803,-4.774405,-6.106082,0.000000,0.859393,0.000000,0.859393,-1.740607,-3.490820,33.836113,10.000000,0.413160,1.000000,0.000000,0.000000,0.000000
5.432608,-2.120897,-4.618767,0.000000,0.381761,0.000000,0.381761,-2.218238,-3.484510,33.905067,8.000000,-2.013874,1.000000,0.000000,0.000000,0.000000
-45.779423,-15.964101,-8.852970,0.000000,2.873538,0.000000,2.873538,0.273538,-3.476844,34.085918,6.000000,-1.814415,1.000000,0.000000,0.000000,0.000000
-18.020731,-11.684216,-9.909622,0.000000,2.103159,0.000000,2.103159,-0.496841,-3.457253,34.362400,18.000000,1.234180,1.000000,0.000000,0.000000,0.000000
-27.201233,-15.214483,-11.889455,0.000000,2.738607,0.000000,2.738607,0.138607,-3.348324,34.631386,14.000000,6.755473,1.000000,0.000000,0.000000,0.000000
-7.369391,-11.533010,-11.756426,0.000000,2.075942,0.000000,2.075942,-0.524058,-3.144001,34.898861,16.000000,13.777021,1.000000,0.000000,0.000000,0.000000
-18.926319,-13.925342,-12.565889,0.000000,2.506562,0.000000,2.506562,-0.093438,-2.881694,35.153446,11.000000,15.369181,1.000000,0.000000,0.000000,0.000000
-24.727184,-16.297832,-13.958692,0.000000,2.933610,0.000000,2.933610,0.333610,-2.604602,35.455677,12.000000,14.521861,1.000000,0.000000,0.000000,0.000000
-14.154725,-14.767978,-14.260726,0.000000,2.658236,0.000000,2.658236,0.058236,-2.338810,35.766335,13.000000,14.439624,1.000000,0.000000,0.000000,0.000000
9.861822,-7.485868,-11.732274,0.000000,1.347456,0.000000,1.347456,-1.252544,-2.141275,35.988873,10.000000,7.240037,1.000000,0.000000,0.000000,0.000000
-41.023201,-20.222870,-14.901058,0.000000,3.640117,0.000000,3.640117,1.040117,-1.924114,36.265961,3.000000,7.292400,1.000000,0.000000,0.000000,0.000000
-44.858734,-24.500227,-18.483574,0.000000,4.410041,0.000000,4.410041,1.810041,-1.866831,36.713192,14.000000,0.921048,1.000000,0.000000,0.000000,0.000000
-15.495931,-18.444050,-18.468822,0.000000,3.319929,0.000000,3.319929,0.719929,-1.837359,37.142635,17.000000,4.210262,1.000000,0.000000,0.000000,0.000000
-13.284379,-15.676545,-17.426714,0.000000,2.821778,0.000000,2.821778,0.221778,-1.713963,37.483841,11.000000,4.359365,1.000000,0.000000,0.000000,0.000000
-6.700564,-14.519006,-16.341526,0.000000,2.613421,0.000000,2.613421,0.013421,-1.487648,37.785797,8.000000,5.341814,1.000000,0.000000,0.000000,0.000000
-41.083572,-23.629463,-19.061464,0.000000,4.253304,0.000000,4.253304,1.653304,-1.267924,38.167282,6.000000,2.801685,1.000000,0.000000,0.000000,0.000000
-22.119770,-18.069618,-18.691296,0.000000,3.252532,0.000000,3.252532,0.652532,-1.138076,38.584274,13.000000,1.677944,1.000000,0.000000,0.000000,0.000000
-8.405085,-11.214352,-15.900818,0.000000,2.018583,0.000000,2.018583,-0.581417,-1.120712,38.877113,8.000000,1.200339,1.000000,0.000000,0.000000,0.000000
-15.641992,-13.478489,-14.996778,0.000000,2.426128,0.000000,2.426128,-0.173872,-1.171724,39.124043,2.000000,-2.903817,1.000000,0.000000,0.000000,0.000000
-21.546219,-14.901774,-14.961322,0.000000,2.682319,0.000000,2.682319,0.082319,-1.230675,39.407845,5.000000,-4.142623,1.000000,0.000000,0.000000,0.000000
-35.169785,-20.408602,-16.994307,0.000000,3.673548,0.000000,3.673548,1.073549,-1.302820,39.760948,6.000000,-1.783470,1.000000,0.000000,0.000000,0.000000
-13.379404,-15.261466,-16.347591,0.000000,2.747064,0.000000,2.747064,0.147064,-1.326308,40.117649,11.000000,1.174555,1.000000,0.000000,0.000000,0.000000
-39.100227,-22.275017,-18.559772,0.000000,4.009503,0.000000,4.009503,1.409503,-1.327338,40.493015,7.000000,0.972786,1.000000,0.000000,0.000000,0.000000
-21.526579,-20.365833,-19.233814,0.000000,3.665850,0.000000,3.665850,1.065850,-1.386882,40.919422,13.000000,-1.210348,1.000000,0.000000,0.000000,0.000000
-21.258585,-20.342903,-19.647738,0.000000,3.661723,0.000000,3.661723,1.061723,-1.401632,41.326511,12.000000,1.270029,1.000000,0.000000,0.000000,0.000000
-15.740482,-18.499334,-19.219141,0.000000,3.329880,0.000000,3.329880,0.729880,-1.381517,41.714935,11.000000,4.131481,1.000000,0.000000,0.000000,0.000000
-21.103710,-19.834698,-19.448874,0.000000,3.570246,0.000000,3.570246,0.970246,-1.344458,42.098274,10.000000,5.386441,1.000000,0.000000,0.000000,0.000000
-46.800850,-24.539421,-21.348722,0.000000,4.417096,0.000000,4.417096,1.817096,-1.153231,42.542015,10.000000,6.875263,1.000000,0.000000,0.000000,0.000000
-23.389214,-23.165630,-22.026812,0.000000,4.169814,0.000000,4.169814,1.569814,-1.201230,43.019066,14.000000,10.898405,1.000000,0.000000,0.000000,0.000000
-23.071888,-21.434626,-21.805801,0.000000,3.858233,0.000000,3.858233,1.258233,-0.982347,43.465069,12.000000,9.404876,1.000000,0.000000,0.000000,0.000000
-24.457302,-22.422260,-22.035872,0.000000,4.036007,0.000000,4.036007,1.436007,-0.865655,43.903637,10.000000,11.883419,1.000000,0.000000,0.000000,0.000000
-31.632137,-27.483864,-24.069122,0.000000,4.947096,0.000000,4.947096,2.347096,-0.738433,44.402699,10.000000,9.607985,1.000000,0.000000,0.000000,0.000000
-20.457762,-23.779966,-23.961206,0.000000,4.280394,0.000000,4.280394,1.680394,-0.556672,44.915337,14.000000,8.060631,1.000000,0.000000,0.000000,0.000000
-17.858845,-21.260813,-22.953390,0.000000,3.826946,0.000000,3.826946,1.226947,-0.426013,45.365746,10.000000,7.462681,1.000000,0.000000,0.000000,0.000000
-26.431587,-24.314270,-23.461285,0.000000,4.376569,0.000000,4.376569,1.776569,-0.268970,45.821495,7.000000,10.418832,1.000000,0.000000,0.000000,0.000000
-24.482460,-23.710285,-23.554214,0.000000,4.267851,0.000000,4.267851,1.667851,-0.145416,46.301739,9.000000,4.854978,1.000000,0.000000,0.000000,0.000000
-19.073067,-22.169357,-23.037371,0.000000,3.990484,0.000000,3.990484,1.390485,-0.055143,46.760536,8.000000,5.311013,1.000000,0.000000,0.000000,0.000000
-19.136501,-21.193821,-22.349339,0.000000,3.814888,0.000000,3.814888,1.214888,0.017431,47.194168,6.000000,2.700444,1.000000,0.000000,0.000000,0.000000
-21.160265,-20.132450,-21.521971,0.000000,3.623841,0.000000,3.623841,1.023841,0.040581,47.607430,5.000000,-0.780241,1.000000,0.000000,0.000000,0.000000
-21.905344,-19.295029,-20.690851,0.000000,3.473105,0.000000,3.473105,0.873105,-0.022235,48.001705,4.000000,-3.201210,1.000000,0.000000,0.000000,0.000000
-26.444016,-21.546852,-21.010321,0.000000,3.878433,0.000000,3.878433,1.278434,-0.127843,48.410126,4.000000,-0.562838,1.000000,0.000000,0.000000,0.000000
-15.959139,-20.932043,-20.981106,0.000000,3.767768,0.000000,3.767768,1.167768,-0.187239,48.834915,7.000000,-0.583789,1.000000,0.000000,0.000000,0.000000
-18.325525,-21.342152,-21.115852,0.000000,3.841588,0.000000,3.841588,1.241588,-0.140233,49.257656,6.000000,-0.913749,1.000000,0.000000,0.000000,0.000000
-4.076110,-13.929104,-18.433680,0.000000,2.507239,0.000000,2.507239,-0.092761,-0.136976,49.610367,6.000000,-4.749495,1.000000,0.000000,0.000000,0.000000
-5.249803,-11.896540,-15.993947,0.000000,2.141377,0.000000,2.141377,-0.458623,-0.377867,49.868622,1.000000,-5.760764,1.000000,0.000000,0.000000,0.000000
-15.820927,-16.660805,-16.242826,0.000000,2.998945,0.000000,2.998945,0.398945,-0.602244,50.154194,0.000000,-3.787476,1.000000,0.000000,0.000000,0.000000
-16.423286,-17.673386,-16.776728,0.000000,3.181210,0.000000,3.181210,0.581210,-0.760784,50.497536,5.000000,-5.802639,1.000000,0.000000,0.000000,0.000000
-21.615124,-17.509083,-17.050051,0.000000,3.151635,0.000000,3.151635,0.551635,-0.819379,50.849361,6.000000,-1.166654,1.000000,0.000000,0.000000,0.000000
-11.700025,-15.318401,-16.403780,0.000000,2.757312,0.000000,2.757312,0.157312,-0.855258,51.177635,6.000000,-0.770946,1.000000,0.000000,0.000000,0.000000
-10.052793,-15.321347,-15.999804,0.000000,2.757843,0.000000,2.757843,0.157843,-0.862626,51.484032,4.000000,1.334368,1.000000,0.000000,0.000000,0.000000
-48.667320,-25.451664,-19.527342,0.000000,4.581300,0.000000,4.581300,1.981300,-0.877123,51.891762,4.000000,-0.714774,1.000000,0.000000,0.000000,0.000000
-11.187831,-17.178062,-18.650564,0.000000,3.092051,0.000000,3.092051,0.492051,-0.936004,52.318058,14.000000,-0.951236,1.000000,0.000000,0.000000,0.000000
-15.548502,-18.404324,-18.558664,0.000000,3.312778,0.000000,3.312778,0.712779,-0.873887,52.673882,6.000000,5.471458,1.000000,0.000000,0.000000,0.000000
-19.182259,-18.093153,-18.384930,0.000000,3.256768,0.000000,3.256768,0.656768,-0.723042,53.038857,7.000000,9.837726,1.000000,0.000000,0.000000,0.000000
3.750996,-11.797766,-15.926528,0.000000,2.123598,0.000000,2.123598,-0.476402,-0.587785,53.337765,6.000000,8.230145,1.000000,0.000000,0.000000,0.000000
-8.188610,-13.450506,-15.002449,0.000000,2.421091,0.000000,2.421091,-0.178909,-0.483229,53.590248,0.000000,7.336985,1.000000,0.000000,0.000000,0.000000
-23.488485,-16.673899,-15.626252,0.000000,3.001302,0.000000,3.001302,0.401302,-0.351452,53.891491,0.000000,0.433448,1.000000,0.000000,0.000000,0.000000
3.717840,-10.675346,-13.778520,0.000000,1.921562,0.000000,1.921562,-0.678437,-0.432359,54.164982,3.000000,-2.388649,1.000000,0.000000,0.000000,0.000000
-51.904411,-28.178589,-19.152784,0.000000,5.072146,0.000000,5.072146,2.472147,-0.587462,54.553520,0.000000,-2.616423,1.000000,0.000000,0.000000,0.000000
-8.605285,-19.410257,-19.248877,0.000000,3.493846,0.000000,3.493846,0.893847,-0.639139,55.029408,15.000000,-3.925892,1.000000,0.000000,0.000000,0.000000
-17.293839,-18.135580,-18.833382,0.000000,3.264405,0.000000,3.264405,0.664405,-0.604492,55.404865,7.000000,0.432580,1.000000,0.000000,0.000000,0.000000
-9.447017,-15.485885,-17.584059,0.000000,2.787459,0.000000,2.787459,0.187459,-0.552377,55.741081,5.000000,4.484577,1.000000,0.000000,0.000000,0.000000
7.693521,-10.418164,-14.909668,0.000000,1.875270,0.000000,1.875270,-0.724730,-0.447646,56.000122,3.000000,5.699689,1.000000,0.000000,0.000000,0.000000
-11.023663,-13.035949,-14.210376,0.000000,2.346471,0.000000,2.346471,-0.253529,-0.406754,56.234665,-1.000000,0.674465,1.000000,0.000000,0.000000,0.000000
-8.818673,-12.604844,-13.611174,0.000000,2.268872,0.000000,2.268872,-0.331128,-0.497801,56.491074,0.000000,-6.581556,1.000000,0.000000,0.000000,0.000000
-7.894427,-11.471463,-12.812611,0.000000,2.064863,0.000000,2.064863,-0.535136,-0.642098,56.731838,1.000000,-8.408245,1.000000,0.000000,0.000000,0.000000
-12.924091,-12.230692,-12.595432,0.000000,2.201525,0.000000,2.201525,-0.398475,-0.803471,56.968861,1.000000,-5.339880,1.000000,0.000000,0.000000,0.000000
-12.351075,-12.611694,-12.601501,0.000000,2.270105,0.000000,2.270105,-0.329895,-0.919126,57.217285,2.000000,-2.658538,1.000000,0.000000,0.000000,0.000000
-2.721852,-9.744802,-11.535350,0.000000,1.384242,0.004614,1.388856,-1.211144,-0.908247,57.440849,2.000000,-1.606342,0.000000,0.000000,1.000000,0.000000
-0.705874,-8.304991,-10.329744,0.000000,1.239569,0.008746,1.248315,-1.351685,-0.973564,57.621346,-1.000000,-7.240940,0.000000,0.000000,1.000000,0.000000
-14.189013,-12.134294,-11.003222,0.000000,1.320387,0.013147,1.333534,-1.266466,-1.169766,57.825737,-1.000000,-11.931337,0.000000,0.000000,1.000000,0.000000
-14.451678,-11.422837,-11.159826,0.000000,1.339179,0.017611,1.356790,-1.243209,-1.359792,58.061310,0.000000,-10.518731,0.000000,0.000000,1.000000,0.000000
-16.624134,-13.030964,-11.858155,0.000000,1.422979,0.022355,1.445333,-1.154667,-1.624089,58.305847,1.000000,-6.819671,0.000000,0.000000,1.000000,0.000000
-7.534256,-10.482661,-11.344806,0.000000,1.361377,0.026892,1.388269,-1.211731,-1.692529,58.540985,2.000000,-4.546664,0.000000,0.000000,1.000000,0.000000
-6.524335,-12.297993,-11.700545,0.000000,1.404065,0.031573,1.435638,-1.164362,-1.824582,58.768791,2.000000,1.419261,0.000000,0.000000,1.000000,0.000000
-6.019464,-10.674002,-11.317428,0.000000,1.358091,0.036100,1.394191,-1.205809,-1.718300,58.998512,2.000000,-0.894520,0.000000,0.000000,1.000000,0.000000
0.390649,-8.982098,-10.445857,0.000000,1.253503,0.040278,1.293781,-1.306219,-1.786938,59.195072,2.000000,-2.497451,0.000000,0.000000,1.000000,0.000000
-4.643250,-8.627963,-9.767399,0.000000,1.172088,0.044185,1.216273,-1.383727,-1.838399,59.371174,2.000000,-0.840523,0.000000,0.000000,1.000000,0.000000
-3.655189,-8.781762,-9.399549,0.000000,1.127946,0.047945,1.175891,-1.424109,-1.855919,59.545273,2.000000,1.289444,0.000000,0.000000,1.000000,0.000000
-0.634748,-6.480637,-8.310179,0.000000,0.997221,0.051269,1.048490,-1.551510,-1.858737,59.697895,1.000000,-0.960784,0.000000,0.000000,1.000000,0.000000
-0.824287,-6.648507,-7.690024,0.000000,0.922803,0.054345,0.977148,-1.622852,-1.843939,59.829185,1.000000,0.117166,0.000000,0.000000,1.000000,0.000000
-8.273201,-7.705867,-7.695937,0.000000,0.923512,0.057423,0.980936,-1.619064,-1.817119,59.972729,0.000000,-2.436939,0.000000,0.000000,1.000000,0.000000
3.176282,-4.785657,-6.609788,0.000000,0.793175,0.060067,0.853242,-1.746758,-1.805060,60.097645,0.000000,-1.739165,0.000000,0.000000,1.000000,0.000000
-2.893977,-7.206115,-6.832344,0.000000,0.819881,0.062800,0.882681,-1.717319,-1.880923,60.217564,0.000000,-8.490727,0.000000,0.000000,1.000000,0.000000
-15.651091,-11.156720,-8.446249,0.000000,1.013550,0.066179,1.079728,-1.520272,-2.081390,60.401192,1.000000,-7.661160,0.000000,0.000000,1.000000,0.000000
-8.452321,-8.777361,-8.569823,0.000000,1.028379,0.069607,1.097985,-1.502015,-2.196761,60.600533,3.000000,-8.550881,0.000000,0.000000,1.000000,0.000000
-17.228373,-12.909217,-10.189333,0.000000,1.222720,0.073682,1.296402,-1.303598,-2.413563,60.817398,4.000000,-4.414409,0.000000,0.000000,1.000000,0.000000
-15.543047,-11.511714,-10.682860,0.000000,1.281943,0.077955,1.359899,-1.240101,-2.424726,61.061607,5.000000,-2.416079,0.000000,0.000000,1.000000,0.000000
2.160952,-3.069463,-7.841457,0.000000,0.940975,0.081092,1.022067,-1.577933,-2.505335,61.207420,6.000000,-3.355954,0.000000,0.000000,1.000000,0.000000
0.569563,-2.806635,-5.962406,0.000000,0.715489,0.083477,0.798966,-1.801034,-2.728437,61.266182,5.000000,-4.914210,0.000000,0.000000,1.000000,0.000000
-9.135871,-6.204028,-6.052582,0.000000,0.726310,0.085898,0.812208,-1.787792,-2.840652,61.356289,4.000000,-4.960566,0.000000,0.000000,1.000000,0.000000
-19.010658,-10.204659,-7.602183,0.000000,0.912262,0.088939,1.001201,-1.598799,-2.913963,61.520374,5.000000,-4.861143,0.000000,0.000000,1.000000,0.000000
-9.074076,-8.252110,-7.844743,0.000000,0.941369,0.092077,1.033446,-1.566554,-3.038430,61.704941,6.000000,-6.896357,0.000000,0.000000,1.000000,0.000000
-1.820163,-6.044650,-7.172928,0.000000,0.860751,0.094946,0.955697,-1.644303,-3.086988,61.847908,7.000000,-2.630682,0.000000,0.000000,1.000000,0.000000
-5.069839,-7.304524,-7.222042,0.000000,0.866645,0.097835,0.964480,-1.635520,-3.132816,61.981400,7.000000,-4.227301,0.000000,0.000000,1.000000,0.000000
-35.833897,-16.039505,-10.512815,0.000000,1.261538,0.102040,1.363578,-1.236422,-3.187916,62.214840,7.000000,-5.407551,0.000000,0.000000,1.000000,0.000000
-9.672599,-10.489478,-10.504106,0.000000,1.260493,0.106241,1.366734,-1.233266,-3.368023,62.480129,10.000000,-8.164769,0.000000,0.000000,1.000000,0.000000
-10.674479,-10.563376,-10.526226,0.000000,1.263147,0.110452,1.373599,-1.226401,-3.506741,62.690659,11.000000,-9.236308,0.000000,0.000000,1.000000,0.000000
-11.704515,-10.500187,-10.516508,0.000000,1.261981,0.114659,1.376639,-1.223360,-3.618631,62.901295,11.000000,-5.430168,0.000000,0.000000,1.000000,0.000000
-13.061862,-12.762832,-11.354860,0.000000,1.362583,0.119201,1.481784,-1.118216,-3.709326,63.133926,12.000000,-0.971763,0.000000,0.000000,1.000000,0.000000
-10.060017,-11.314214,-11.339690,0.000000,1.360763,0.123736,1.484499,-1.115501,-3.619475,63.374699,12.000000,4.216362,0.000000,0.000000,1.000000,0.000000
-0.834431,-6.324262,-9.467877,0.000000,1.136145,0.127524,1.263669,-1.336331,-3.546908,63.551083,12.000000,3.424159,0.000000,0.000000,1.000000,0.000000
-25.248421,-16.425861,-12.064673,0.000000,1.447761,0.132349,1.580110,-1.019890,-3.635827,63.778584,11.000000,2.706954,0.000000,0.000000,1.000000,0.000000
-33.393593,-20.015352,-15.031954,10.000000,3.003834,0.134352,3.638186,1.038187,-3.567790,64.142998,12.000000,9.449047,0.000000,0.000000,1.000000,0.500000
-23.231380,-19.196350,-16.586153,11.200000,3.334338,0.145466,4.039804,1.439805,-3.450916,64.535118,22.000000,7.912713,0.000000,0.000000,1.000000,0.560000
-19.018467,-18.079279,-17.143404,13.400001,3.665208,0.156573,4.491781,1.891781,-3.261892,64.907875,23.000000,12.897182,0.000000,0.000000,1.000000,0.670000
-22.386997,-18.968815,-17.824667,15.100000,3.950960,0.169743,4.875703,2.275703,-2.985890,65.278358,24.000000,12.852448,0.000000,0.000000,1.000000,0.755000
-35.702766,-23.112123,-19.798004,15.100000,4.187760,0.183702,5.126462,2.526463,-2.698015,65.699165,24.000000,13.961265,0.000000,0.000000,1.000000,0.755000
-13.845963,-17.631126,-18.989302,15.100000,4.090716,0.197338,5.043055,2.443055,-2.349279,66.106598,24.000000,13.753542,0.000000,0.000000,1.000000,0.755000
-31.539648,-23.069498,-20.512075,16.300001,4.417449,0.212063,5.444512,2.844512,-2.049258,66.513603,22.000000,13.480154,0.000000,0.000000,1.000000,0.815000
-35.552303,-25.439121,-22.350903,16.300001,4.638108,0.227523,5.680632,3.080632,-1.805473,66.998688,23.000000,11.280095,0.000000,0.000000,1.000000,0.815000
-20.347067,-21.689096,-22.103909,18.000000,4.812469,0.243565,5.956034,3.356034,-1.642310,67.469971,23.000000,7.857540,0.000000,0.000000,1.000000,0.900000
-15.448059,-19.641989,-21.185093,18.000000,4.702211,0.259239,5.861450,3.261450,-1.515986,67.883278,24.000000,5.511753,0.000000,0.000000,1.000000,0.900000
-36.626133,-25.939425,-22.959461,18.000000,4.915135,0.275623,6.090758,3.490758,-1.314582,68.339088,22.000000,12.442101,0.000000,0.000000,1.000000,0.900000
-25.037384,-24.238684,-23.436882,18.000000,4.972426,0.292197,6.164623,3.564623,-1.068440,68.840866,22.000000,10.535740,0.000000,0.000000,1.000000,0.900000
-30.483078,-26.360849,-24.528139,20.000000,5.343376,0.310009,6.653385,4.053385,-0.858702,69.346863,22.000000,8.225698,0.000000,0.000000,1.000000,1.000000
-25.174728,-26.760429,-25.361254,22.000000,5.683350,0.328953,7.112303,4.512303,-0.730795,69.878075,23.000000,7.018185,0.000000,0.000000,1.000000,1.100000
-30.602068,-27.679327,-26.226383,22.000000,5.787166,0.348244,7.235409,4.635409,-0.629861,70.422470,25.000000,8.597532,0.000000,0.000000,1.000000,1.100000
-39.781139,-30.788443,-27.928993,20.700001,5.835479,0.367695,7.238174,4.638175,-0.501504,71.007149,25.000000,7.721982,0.000000,0.000000,1.000000,1.035000
-15.732932,-24.810795,-26.765247,19.000000,5.491829,0.386001,6.827830,4.227830,-0.332833,71.563141,24.000000,11.244344,0.000000,0.000000,1.000000,0.950000
-3.396673,-20.242716,-24.330967,17.600000,5.031716,0.402774,6.314490,3.714490,-0.117412,72.013680,21.000000,10.702991,0.000000,0.000000,1.000000,0.880000
-39.881340,-29.130604,-26.122244,17.300001,5.210670,0.420143,6.495812,3.895813,0.099207,72.507416,18.000000,9.874200,0.000000,0.000000,1.000000,0.865000
-20.172165,-23.791931,-25.252546,17.300001,5.106306,0.437164,6.408470,3.808470,0.263503,73.036644,18.000000,7.314241,0.000000,0.000000,1.000000,0.865000
-32.862900,-27.619448,-26.135900,17.300001,5.212308,0.454538,6.531846,3.931846,0.384639,73.550758,17.000000,2.229305,0.000000,0.000000,1.000000,0.865000
-10.622792,-19.834463,-23.784134,17.300001,4.930096,0.470972,6.266068,3.666068,0.408919,74.025299,17.000000,-1.211273,0.000000,0.000000,1.000000,0.865000
-45.984547,-29.701864,-25.992697,15.800000,5.015124,0.487689,6.292812,3.692812,0.429113,74.520660,16.000000,0.425687,0.000000,0.000000,1.000000,0.790000
-36.801060,-29.306271,-27.229359,15.800000,5.163523,0.504900,6.458423,3.858423,0.497052,75.110741,15.000000,6.862952,0.000000,0.000000,1.000000,0.790000
-1.390667,-19.343859,-24.286404,13.900001,4.582368,0.520175,5.797544,3.197544,0.648974,75.597244,16.000000,10.039532,0.000000,0.000000,1.000000,0.695000
-0.898073,-16.666363,-21.442520,12.400001,4.061102,0.533712,5.214814,2.614814,0.901296,75.957344,11.000000,7.046406,0.000000,0.000000,1.000000,0.620000
-20.464973,-19.553436,-20.737494,7.500000,3.388499,0.538322,4.301822,1.701822,1.067783,76.319542,7.000000,4.735288,0.000000,0.000000,1.000000,0.375000
-28.089073,-20.692875,-20.720840,0.000000,2.486501,0.540532,3.027033,0.427033,1.129049,76.722008,2.000000,3.746526,0.000000,20.000002,1.000000,0.000000
-5.874365,-16.927687,-19.305193,0.000000,2.316623,0.548254,2.864878,0.264878,1.088810,77.098213,-3.000000,0.790183,0.000000,40.000004,1.000000,0.000000
-19.102509,-20.358257,-19.698208,0.000000,3.664486,0.000000,3.664486,1.064487,0.931411,77.471069,-3.000000,-2.701057,1.000000,0.000000,0.000000,0.000000
-10.650238,-17.624023,-18.924099,0.000000,3.172324,0.000000,3.172324,0.572325,0.810363,77.850891,1.000000,-8.126030,1.000000,0.000000,0.000000,0.000000
-13.150936,-17.462381,-18.378571,0.000000,3.143229,0.000000,3.143229,0.543229,0.649312,78.201752,0.000000,-6.899299,1.000000,0.000000,0.000000,0.000000
-11.624491,-15.702825,-17.379953,0.000000,2.826509,0.000000,2.826509,0.226509,0.501434,78.533401,0.000000,-6.521529,1.000000,0.000000,0.000000,0.000000
-10.695814,-14.975832,-16.482708,0.000000,2.695650,0.000000,2.695650,0.095650,0.359684,78.840187,0.000000,-8.910578,1.000000,0.000000,0.000000,0.000000
-12.925204,-16.373930,-16.442110,0.000000,2.947308,0.000000,2.947308,0.347308,0.174984,79.153687,0.000000,-7.696579,1.000000,0.000000,0.000000,0.000000
-14.682506,-15.588647,-16.123589,0.000000,2.805957,0.000000,2.805957,0.205957,-0.066084,79.473312,1.000000,-10.395677,1.000000,0.000000,0.000000,0.000000
-9.068340,-13.072729,-14.984974,0.000000,2.353091,0.000000,2.353091,-0.246909,-0.270778,79.759926,2.000000,-11.922858,1.000000,0.000000,0.000000,0.000000
-4.120178,-11.086391,-13.529980,0.000000,1.995551,0.000000,1.995551,-0.604449,-0.460556,80.001518,0.000000,-3.871452,1.000000,0.000000,0.000000,0.000000
-9.473590,-11.868832,-12.910021,0.000000,2.136390,0.000000,2.136390,-0.463610,-0.530954,80.231071,0.000000,-2.329575,1.000000,0.000000,0.000000,0.000000
-7.675361,-10.973171,-12.187167,0.000000,1.975171,0.000000,1.975171,-0.624829,-0.598538,80.459488,0.000000,-5.593816,1.000000,0.000000,0.000000,0.000000
-7.326832,-10.727768,-11.642504,0.000000,1.930998,0.000000,1.930998,-0.669002,-0.701838,80.676498,0.000000,-4.605143,1.000000,0.000000,0.000000,0.000000
-9.337131,-12.341623,-11.903423,0.000000,2.221492,0.000000,2.221492,-0.378508,-0.879914,80.907196,0.000000,-8.234026,1.000000,0.000000,0.000000,0.000000
-6.056186,-11.099994,-11.603575,0.000000,1.997999,0.000000,1.997999,-0.602001,-1.059957,81.141609,3.000000,-9.478028,1.000000,0.000000,0.000000,0.000000
-6.161481,-10.855088,-11.324231,0.000000,1.953916,0.000000,1.953916,-0.646084,-1.205486,81.361160,2.000000,-10.692529,1.000000,0.000000,0.000000,0.000000
-11.374902,-12.711681,-11.842043,0.000000,2.288103,0.000000,2.288103,-0.311897,-1.285188,81.596825,3.000000,-5.841339,1.000000,0.000000,0.000000,0.000000
1.497995,-7.890049,-10.367115,0.000000,1.420209,0.000000,1.420209,-1.179791,-1.340096,81.802841,5.000000,-2.387526,1.000000,0.000000,0.000000,0.000000
16.113066,-3.117307,-7.661407,0.000000,0.561115,0.000000,0.561115,-2.038885,-1.323686,81.912918,0.000000,0.879894,1.000000,0.000000,0.000000,0.000000
1.229596,-5.512553,-6.859431,0.000000,0.992260,0.000000,0.992260,-1.607740,-1.334469,81.999214,-3.000000,-2.573918,1.000000,0.000000,0.000000,0.000000
-2.734907,-5.883572,-6.495229,0.000000,1.059043,0.000000,1.059043,-1.540957,-1.322841,82.113174,-1.000000,-2.988714,1.000000,0.000000,0.000000,0.000000
-3.788873,-6.225327,-6.394499,0.000000,1.120559,0.000000,1.120559,-1.479441,-1.359606,82.234261,0.000000,1.047630,1.000000,0.000000,0.000000,0.000000
-11.284679,-8.219147,-7.075478,0.000000,1.479446,0.000000,1.479446,-1.120553,-1.362998,82.378708,0.000000,3.798991,1.000000,0.000000,0.000000,0.000000
-0.666141,-6.766182,-6.960045,0.000000,1.217913,0.000000,1.217913,-1.382087,-1.329399,82.528564,0.000000,6.480511,1.000000,0.000000,0.000000,0.000000
-17.562998,-9.717496,-7.989156,0.000000,1.749149,0.000000,1.749149,-0.850851,-1.344522,82.693398,0.000000,2.113232,1.000000,0.000000,0.000000,0.000000
-19.994553,-13.050873,-9.878244,0.000000,2.349157,0.000000,2.349157,-0.250843,-1.312036,82.921082,2.000000,-1.125717,1.000000,0.000000,0.000000,0.000000
-1.292482,-6.412398,-8.584752,0.000000,1.154232,0.000000,1.154232,-1.445768,-1.340367,83.115715,5.000000,-4.508104,1.000000,0.000000,0.000000,0.000000
-6.027885,-7.560586,-8.202522,0.000000,1.360906,0.000000,1.360906,-1.239094,-1.442922,83.255447,0.000000,-0.809159,1.000000,0.000000,0.000000,0.000000
-0.821686,-6.246728,-7.472599,0.000000,1.124411,0.000000,1.124411,-1.475589,-1.522077,83.393524,1.000000,-3.170654,1.000000,0.000000,0.000000,0.000000
-14.694871,-10.214082,-8.495750,0.000000,1.838535,0.000000,1.838535,-0.761465,-1.525448,83.558136,0.000000,-3.688236,1.000000,0.000000,0.000000,0.000000
-5.568546,-7.887706,-8.268822,0.000000,1.419787,0.000000,1.419787,-1.180213,-1.557750,83.739151,3.000000,-0.949712,1.000000,0.000000,0.000000,0.000000
-2.581591,-8.664104,-8.416346,0.000000,1.559539,0.000000,1.559539,-1.040461,-1.567851,83.904671,1.000000,1.283756,1.000000,0.000000,0.000000,0.000000
-11.094840,-10.426122,-9.166416,0.000000,1.876702,0.000000,1.876702,-0.723298,-1.560983,84.095573,2.000000,1.730138,1.000000,0.000000,0.000000,0.000000
-3.196428,-7.031556,-8.369663,0.000000,1.265680,0.000000,1.265680,-1.334320,-1.627258,84.270149,4.000000,-1.741587,1.000000,0.000000,0.000000,0.000000
-4.806192,-8.582043,-8.448926,0.000000,1.544768,0.000000,1.544768,-1.055232,-1.629381,84.426285,1.000000,-6.191913,1.000000,0.000000,0.000000,0.000000
-5.498170,-7.296393,-8.018788,0.000000,0.962255,0.003208,0.965462,-1.634538,-1.624877,84.585068,2.000000,-3.193596,2.000000,0.000000,1.000000,0.000000
-8.225491,-7.847159,-7.954734,0.000000,0.954568,0.006389,0.960958,-1.639042,-1.560049,84.736504,0.000000,-0.558384,2.000000,0.000000,1.000000,0.000000
4.088311,-5.662972,-7.099423,0.000000,0.851931,0.009229,0.861160,-1.738840,-1.508661,84.871605,0.000000,-0.276689,2.000000,0.000000,1.000000,0.000000
-1.299972,-5.570393,-6.528772,0.000000,0.783453,0.011841,0.795293,-1.804707,-1.555876,84.983940,0.000000,0.867064,2.000000,0.000000,1.000000,0.000000
-5.797367,-6.695382,-6.590953,0.000000,0.790914,0.014477,0.805391,-1.794608,-1.661959,85.106598,0.000000,-7.755057,2.000000,0.000000,1.000000,0.000000
-12.206905,-7.276174,-6.846685,0.000000,0.821602,0.017216,0.838818,-1.761182,-1.817166,85.246315,0.000000,-10.494905,2.000000,0.000000,1.000000,0.000000
-10.973929,-8.019099,-7.284243,0.000000,0.874109,0.020129,0.894239,-1.705761,-1.921825,85.399269,0.000000,-7.934849,2.000000,0.000000,1.000000,0.000000
-5.533499,-6.066149,-6.829637,0.000000,0.819556,0.022861,0.842418,-1.757582,-1.997921,85.540123,1.000000,-3.729849,2.000000,0.000000,1.000000,0.000000
7.972836,-0.835004,-4.592374,0.000000,0.551085,0.024698,0.575783,-2.024217,-2.018184,85.609131,1.000000,0.367763,2.000000,0.000000,1.000000,0.000000
-1.541971,-4.568529,-4.583475,0.000000,0.550017,0.026532,0.576549,-2.023451,-2.033195,85.663170,0.000000,-3.834520,2.000000,0.000000,1.000000,0.000000
-6.384350,-4.828684,-4.674989,0.000000,0.560999,0.028402,0.589400,-2.010600,-2.091268,85.757141,0.000000,-4.484632,2.000000,0.000000,1.000000,0.000000
-7.980185,-3.010901,-4.053933,0.000000,0.486472,0.030023,0.516495,-2.083505,-2.123711,85.835541,0.000000,-6.729086,2.000000,0.000000,1.000000,0.000000
4.405363,-1.657245,-3.159463,0.000000,0.379136,0.031287,0.410423,-2.189577,-2.131630,85.882225,0.000000,1.309721,2.000000,0.000000,1.000000,0.000000
-6.075444,-3.942617,-3.451744,0.000000,0.414209,0.032668,0.446877,-2.153123,-2.135407,85.938225,0.000000,-0.144024,2.000000,0.000000,1.000000,0.000000
-3.311430,-4.694664,-3.915616,0.000000,0.469874,0.034234,0.504108,-2.095892,-2.182310,86.024597,0.000000,3.182969,2.000000,0.000000,1.000000,0.000000
-13.343991,-8.049475,-5.458417,0.000000,0.655010,0.036417,0.691427,-1.908572,-2.217740,86.152039,0.000000,-3.580155,2.000000,0.000000,1.000000,0.000000
-16.609491,-11.364374,-7.662585,0.000000,0.919510,0.039482,0.958993,-1.641007,-2.297925,86.346176,1.000000,-6.376014,2.000000,0.000000,1.000000,0.000000
2.860034,-4.784669,-6.588515,0.000000,0.790622,0.042118,0.832740,-1.767260,-2.362734,86.507668,3.000000,-8.595999,2.000000,0.000000,1.000000,0.000000
-5.731566,-6.136597,-6.419854,0.000000,0.770382,0.044686,0.815068,-1.784932,-2.394595,86.616882,3.000000,-6.353825,2.000000,0.000000,1.000000,0.000000
-0.063885,-3.339698,-5.270306,0.000000,0.632437,0.046794,0.679231,-1.920769,-2.380157,86.711647,2.000000,3.641189,2.000000,0.000000,1.000000,0.000000
-12.200479,-6.099353,-5.579715,0.000000,0.669566,0.049026,0.718592,-1.881408,-2.297042,86.806038,1.000000,5.651235,2.000000,0.000000,1.000000,0.000000
9.466257,-3.068037,-4.642329,0.000000,0.557079,0.050883,0.607962,-1.992038,-2.242565,86.897713,1.000000,4.155479,2.000000,0.000000,1.000000,0.000000
0.559362,-2.837802,-3.968860,0.000000,0.476263,0.052470,0.528733,-2.071267,-2.269557,86.956772,1.000000,-4.151732,2.000000,0.000000,1.000000,0.000000
-7.543111,-5.354908,-4.486148,0.000000,0.538338,0.054265,0.592602,-2.007398,-2.394097,87.038696,1.000000,-7.995808,2.000000,0.000000,1.000000,0.000000
-35.055645,-14.094586,-8.072123,0.000000,0.968655,0.057493,1.026148,-1.573852,-2.412230,87.233192,1.000000,-3.242566,2.000000,0.000000,1.000000,0.000000
-5.228703,-9.406009,-8.569943,0.000000,1.028393,0.060921,1.089315,-1.510685,-2.392895,87.468201,4.000000,-2.301242,2.000000,0.000000,1.000000,0.000000
0.360553,-9.749936,-9.010329,0.000000,1.081239,0.064526,1.145765,-1.454235,-2.445185,87.659760,4.000000,-3.222925,2.000000,0.000000,1.000000,0.000000
-12.249166,-9.450731,-9.174692,0.000000,1.100963,0.068195,1.169158,-1.430841,-2.415484,87.851768,4.000000,-4.267677,2.000000,0.000000,1.000000,0.000000
-63.138931,-21.143753,-13.641678,0.000000,1.637001,0.073652,1.710653,-0.889346,-2.405541,88.157715,4.000000,-1.832072,2.000000,0.000000,1.000000,0.000000
-3.331159,-9.840788,-12.223144,0.000000,1.466777,0.078541,1.545319,-1.054681,-2.313593,88.467560,7.000000,3.699764,2.000000,0.000000,1.000000,0.000000
-12.900021,-8.968217,-11.008369,0.000000,1.321004,0.082945,1.403949,-1.196051,-2.304372,88.655647,6.000000,2.586299,2.000000,0.000000,1.000000,0.000000
-9.799232,-8.521829,-10.080365,0.000000,1.209644,0.086977,1.296621,-1.303379,-2.227865,88.830551,5.000000,4.377921,2.000000,0.000000,1.000000,0.000000
5.182327,-3.351413,-7.569046,0.000000,0.908285,0.090005,0.998290,-1.601710,-2.200793,88.949280,4.000000,4.673234,2.000000,0.000000,1.000000,0.000000
-9.188880,-9.606316,-8.329377,0.000000,0.999525,0.093336,1.092862,-1.507138,-2.237975,89.078857,3.000000,4.427335,2.000000,0.000000,1.000000,0.000000
-13.092995,-10.149298,-9.008592,0.000000,1.081031,0.096940,1.177971,-1.422029,-2.160818,89.276413,3.000000,-1.269560,2.000000,0.000000,1.000000,0.000000
-2.893126,-6.213157,-7.965304,0.000000,0.955836,0.100126,1.055962,-1.544038,-2.286697,89.440041,4.000000,-9.058379,2.000000,0.000000,1.000000,0.000000
-24.808826,-12.120700,-9.516144,0.000000,1.141937,0.103932,1.245870,-1.354130,-2.435089,89.623383,4.000000,-6.625533,2.000000,0.000000,1.000000,0.000000
-8.616276,-8.217775,-9.031578,0.000000,1.083789,0.107545,1.191334,-1.408666,-2.537190,89.826767,5.000000,-5.062962,2.000000,0.000000,1.000000,0.000000
-3.638047,-7.420356,-8.430252,0.000000,1.011630,0.110917,1.122547,-1.477453,-2.558028,89.983147,5.000000,0.384088,2.000000,0.000000,1.000000,0.000000
-42.850273,-15.091818,-10.916422,0.000000,1.309971,0.115284,1.425254,-1.174746,-2.516965,90.208267,5.000000,2.130259,2.000000,0.000000,1.000000,0.000000
-17.540989,-11.000401,-10.947764,0.000000,1.313732,0.119663,1.433394,-1.166606,-2.453082,90.469193,6.000000,0.715108,2.000000,0.000000,1.000000,0.000000
-26.626822,-13.523229,-11.908956,0.000000,1.429075,0.124426,1.553501,-1.046499,-2.522477,90.714432,6.000000,0.053273,2.000000,0.000000,1.000000,0.000000
-15.916547,-15.058481,-13.084394,0.000000,1.570127,0.129660,1.699787,-0.900213,-2.633738,91.000252,7.000000,-1.985740,2.000000,0.000000,1.000000,0.000000
-13.359096,-15.570439,-14.012213,0.000000,1.681466,0.135265,1.816730,-0.783270,-2.737155,91.306541,9.000000,-5.507330,2.000000,0.000000,1.000000,0.000000
-3.175908,-11.484569,-13.068869,0.000000,1.568264,0.140492,1.708757,-0.891243,-2.954946,91.577095,10.000000,-1.079514,2.000000,0.000000,1.000000,0.000000
-18.456701,-14.348177,-13.546321,0.000000,1.625558,0.145911,1.771469,-0.828530,-2.976641,91.835419,10.000000,-2.852329,2.000000,0.000000,1.000000,0.000000
-18.192959,-16.575516,-14.676849,0.000000,1.761222,0.151782,1.913004,-0.686996,-2.998364,92.144653,10.000000,1.781312,2.000000,0.000000,1.000000,0.000000
-17.048565,-13.733809,-14.324897,0.000000,1.718988,0.157512,1.876499,-0.723501,-2.881582,92.447746,10.000000,1.347152,2.000000,0.000000,1.000000,0.000000
-30.878990,-20.210211,-16.521360,0.000000,1.982563,0.164120,2.146683,-0.453316,-2.907841,92.787186,10.000000,3.387752,2.000000,0.000000,1.000000,0.000000
-19.777102,-15.787526,-16.247486,0.000000,1.949698,0.170619,2.120317,-0.479682,-2.832032,93.147163,11.000000,1.481277,2.000000,0.000000,1.000000,0.000000
-15.480936,-18.192848,-16.973516,0.000000,2.036822,0.177409,2.214231,-0.385769,-2.851459,93.486969,11.000000,4.170466,2.000000,0.000000,1.000000,0.000000
-18.457642,-15.634139,-16.473646,0.000000,1.976838,0.183998,2.160836,-0.439164,-2.723699,93.825241,11.000000,2.094811,2.000000,0.000000,1.000000,0.000000
5.552451,-12.199142,-14.878354,0.000000,1.785402,0.189949,1.975352,-0.624648,-2.738291,94.103577,11.000000,6.871831,2.000000,0.000000,1.000000,0.000000
-43.666130,-24.569551,-18.495216,0.000000,2.219426,0.197348,2.416773,-0.183227,-2.503069,94.471260,9.000000,8.727918,2.000000,0.000000,1.000000,0.000000
-12.882608,-16.189884,-17.634842,0.000000,2.116181,0.204401,2.320582,-0.279418,-2.285606,94.878853,10.000000,6.634781,2.000000,0.000000,1.000000,0.000000
-31.646515,-22.909359,-19.603350,0.000000,2.352402,0.212243,2.564645,-0.035355,-2.219557,95.269844,9.000000,6.801877,2.000000,0.000000,1.000000,0.000000
-26.003357,-19.893871,-19.711775,0.000000,2.365413,0.220127,2.585541,-0.014459,-2.078599,95.697876,10.000000,3.381321,2.000000,0.000000,1.000000,0.000000
3.807459,-12.569128,-17.046061,0.000000,2.045527,0.226946,2.272473,-0.327527,-2.108283,96.022507,10.000000,8.337765,2.000000,0.000000,1.000000,0.000000
-17.771275,-18.205296,-17.478701,0.000000,2.097444,0.233937,2.331382,-0.268618,-2.016352,96.330254,8.000000,8.407671,2.000000,0.000000,1.000000,0.000000
-80.620293,-31.506046,-22.713860,0.000000,2.725663,0.243023,2.968686,0.368686,-1.809566,96.827370,7.000000,3.507335,2.000000,0.000000,1.000000,0.000000
-3.774103,-16.434206,-20.370224,0.000000,2.444427,0.251171,2.695598,0.095598,-1.872141,97.306770,11.000000,7.984494,2.000000,0.000000,1.000000,0.000000
-6.931735,-17.286476,-19.219336,0.000000,2.306320,0.258859,2.565179,-0.034821,-1.800956,97.643974,9.000000,6.491429,2.000000,0.000000,1.000000,0.000000
16.690651,-5.750686,-14.192688,0.000000,1.703122,0.264536,1.967658,-0.632342,-1.693955,97.874344,8.000000,3.228564,2.000000,0.000000,1.000000,0.000000
-35.984116,-20.226820,-16.444693,0.000000,1.973363,0.271114,2.244477,-0.355523,-1.652562,98.134117,5.000000,4.733251,2.000000,0.000000,1.000000,0.000000
-58.507103,-25.308632,-19.752811,0.000000,2.370337,0.279015,2.649352,0.049352,-1.661310,98.589470,6.000000,-1.841971,2.000000,0.000000,1.000000,0.000000
-26.500221,-22.618885,-20.822462,8.800000,3.554696,0.002693,3.997389,1.397389,-1.728017,99.068748,8.000000,2.522518,0.000000,0.000000,1.000000,0.440000
2.312769,-12.608576,-17.756950,11.700000,3.534834,0.010819,4.130653,1.530653,-1.627738,99.421021,15.000000,1.973463,0.000000,0.000000,1.000000,0.585000
-4.822216,-15.152208,-16.784832,19.500000,4.354180,0.014541,5.343720,2.743721,-1.541860,99.698631,15.000000,11.852264,0.000000,0.000000,1.000000,0.975000
-21.418556,-18.121693,-17.283764,22.400000,4.762051,0.025488,5.907539,3.307539,-1.286449,100.031372,20.000000,15.459890,0.000000,0.000000,1.000000,1.120000
-15.736489,-14.059331,-16.080370,25.900000,5.037644,0.035083,6.367728,3.767728,-1.000103,100.353180,21.000000,12.179730,0.000000,0.000000,1.000000,1.295000
-29.327383,-19.453352,-17.339205,27.100000,5.332705,0.052859,6.740563,4.140563,-0.754417,100.688309,22.000000,14.473521,0.000000,0.000000,1.000000,1.355000
2.889537,-9.275089,-14.329588,27.100000,4.971550,0.069431,6.395981,3.795981,-0.535529,100.975594,23.000000,17.146147,0.000000,0.000000,1.000000,1.355000
-39.030113,-18.657135,-15.944676,27.100000,5.165361,0.086649,6.607010,4.007010,-0.225780,101.254913,20.000000,13.837382,0.000000,0.000000,1.000000,1.355000
-18.470516,-14.845767,-15.534552,27.100000,5.116146,0.103703,6.574849,3.974849,0.007992,101.589943,19.000000,19.505129,0.000000,0.000000,1.000000,1.355000
-24.759373,-13.704736,-14.851645,27.100000,5.034197,0.120483,6.509680,3.909680,0.251174,101.875450,18.000000,13.824049,0.000000,0.000000,1.000000,1.355000
-4.807017,-11.237140,-13.502671,27.100000,4.872321,0.136724,6.364045,3.764045,0.358877,102.124870,17.000000,16.909210,0.000000,0.000000,1.000000,1.355000
-17.181774,-13.834672,-13.626577,27.100000,4.887189,0.153015,6.395204,3.795204,0.658244,102.375587,15.000000,6.769172,0.000000,0.000000,1.000000,1.355000
-19.842447,-18.586739,-15.477764,29.000000,5.337332,0.170806,6.958138,4.358138,0.718538,102.699799,15.000000,7.119666,0.000000,0.000000,1.000000,1.450000
-4.226596,-14.581640,-15.143321,28.800001,5.273199,0.188383,6.901582,4.301582,0.794677,103.031479,17.000000,9.997825,0.000000,0.000000,1.000000,1.440000
-7.790057,-10.046264,-13.241043,29.000000,5.068925,0.205280,6.724205,4.124205,0.896444,103.277756,17.000000,7.555376,0.000000,0.000000,1.000000,1.450000
3.114060,-7.887388,-11.243000,29.000000,4.829160,0.221377,6.500537,3.900537,1.034971,103.457092,15.000000,8.164560,0.000000,0.000000,1.000000,1.450000
-33.627434,-16.494638,-13.202970,29.300001,5.100357,0.238378,6.803735,4.203735,1.132321,103.700912,13.000000,6.468000,0.000000,0.000000,1.000000,1.465000
-8.489542,-9.814558,-11.938377,31.200001,5.176605,0.255633,6.992239,4.392239,1.062004,103.964005,15.000000,6.893817,0.000000,0.000000,1.000000,1.560000
4.613514,-6.640901,-9.961301,32.700001,5.119356,0.272698,7.027054,4.427054,1.105444,104.128555,16.000000,5.751391,0.000000,0.000000,1.000000,1.635000
7.883465,-7.487062,-9.037888,32.700001,5.008546,0.289393,6.932940,4.332940,1.120042,104.269836,16.000000,7.435572,0.000000,0.000000,1.000000,1.635000
7.614341,-7.117989,-8.321361,34.200001,5.102563,0.306402,7.118965,4.518965,1.182119,104.415886,15.000000,8.083315,0.000000,0.000000,1.000000,1.710000
-6.594049,-7.827006,-8.136862,35.600002,5.248424,0.323896,7.352320,4.752320,1.248113,104.565338,16.000000,5.524963,0.000000,0.000000,1.000000,1.780000
11.558500,-3.717021,-6.487329,37.100002,5.230479,0.341331,7.426811,4.826811,1.323922,104.680779,17.000000,6.498016,0.000000,0.000000,1.000000,1.855000
0.874556,-1.627186,-4.673470,37.100002,5.012816,0.358041,7.225857,4.625857,1.349277,104.734222,17.000000,2.717034,0.000000,0.000000,1.000000,1.855000
3.272401,-0.701186,-3.190970,40.500000,5.242917,0.368321,7.636238,5.036238,1.340227,104.757507,16.000000,1.302046,0.000000,0.000000,1.000000,2.025000
9.714407,3.839968,-0.566947,40.500000,4.928034,0.384748,7.337781,4.737782,1.296157,104.726120,18.000000,6.748283,0.000000,0.000000,1.000000,2.025000
6.157913,4.565760,1.348636,46.400002,5.406164,0.390856,8.117020,5.517020,1.382729,104.642059,16.000000,6.343386,0.000000,0.000000,1.000000,2.320000
14.667727,6.415344,3.239587,48.400002,5.419250,0.408921,8.248171,5.648171,1.508428,104.532249,20.000000,7.437432,0.000000,0.000000,1.000000,2.420000
7.869504,1.766444,2.689794,50.299999,5.713225,0.427965,8.656190,6.056190,1.670182,104.450432,19.000000,15.363020,0.000000,0.000000,1.000000,2.515000
13.869267,5.642368,3.791727,52.299999,5.820992,0.447368,8.883361,6.283361,1.952918,104.376343,20.000000,12.863622,0.000000,0.000000,1.000000,2.615000
13.366337,7.453178,5.158221,50.799999,5.477013,0.465625,8.482637,5.882638,2.212230,104.245384,20.000000,12.511811,0.000000,0.000000,1.000000,2.540000
7.616910,7.353560,5.977546,49.299999,5.198694,0.482954,8.146647,5.546648,2.411241,104.097321,17.000000,11.405779,0.000000,0.000000,1.000000,2.465000
34.679733,15.752029,9.625490,46.200001,4.388941,0.492392,7.191333,4.591333,2.640180,103.866264,14.000000,13.124865,0.000000,0.000000,1.000000,2.310000
9.292418,9.830160,9.701876,46.200001,4.379775,0.506992,7.196766,4.596766,2.908489,103.610443,8.000000,16.437092,0.000000,0.000000,1.000000,2.310000
5.581524,7.811570,8.996393,51.799999,5.136432,0.513106,8.239538,5.639538,3.105117,103.434029,7.000000,14.595417,0.000000,0.000000,1.000000,2.590000
19.604559,14.657056,11.109015,51.799999,4.882918,0.529383,8.002301,5.402301,3.354952,103.209343,11.000000,6.017671,0.000000,0.000000,1.000000,2.590000
28.164833,16.197302,13.008019,53.700001,4.883038,0.545659,8.113697,5.513697,3.385903,102.900803,10.000000,10.108532,0.000000,0.000000,1.000000,2.685000
18.061476,15.685875,14.007424,53.700001,4.763109,0.561536,8.009645,5.409646,3.571141,102.581970,9.000000,6.972977,0.000000,0.000000,1.000000,2.685000
30.758493,19.444906,16.036753,53.700001,4.519589,0.576602,7.781192,5.181192,3.728754,102.230659,8.000000,11.373482,0.000000,0.000000,1.000000,2.685000
36.867409,21.905537,18.227047,54.000000,4.292754,0.590911,7.583665,4.983665,3.809965,101.817154,6.000000,6.205184,0.000000,0.000000,1.000000,2.700000
22.548393,21.695330,19.521448,55.700001,4.341426,0.605382,7.731809,5.131809,3.845424,101.381142,5.000000,0.497455,0.000000,0.000000,1.000000,2.785000
37.110882,26.121281,21.984577,55.700001,4.045851,0.618869,7.449719,4.849720,3.883327,100.902977,6.000000,1.643758,0.000000,0.000000,1.000000,2.785000
21.511456,23.333658,22.488070,53.700001,3.745432,0.631353,7.061785,4.461785,3.867914,100.408424,4.000000,8.196376,0.000000,0.000000,1.000000,2.685000
57.279568,33.702896,26.673567,53.700001,3.243172,0.642164,6.570336,3.970336,3.956919,99.838058,2.000000,7.700255,0.000000,0.000000,1.000000,2.685000
13.603936,24.043453,25.691980,50.299999,2.952962,0.647954,6.115916,3.515916,3.976756,99.260597,0.000000,-3.659152,0.000000,0.000000,1.000000,2.515000
71.138260,37.153061,29.969381,47.900002,2.151674,0.653931,5.200605,2.600605,3.835058,98.648636,-1.000000,-9.398190,0.000000,0.000000,1.000000,2.395000
69.364777,39.436058,33.502449,46.200001,1.523706,0.659010,4.492716,1.892716,3.618293,97.882744,-5.000000,-9.133833,0.000000,0.000000,1.000000,2.310000
22.907913,29.847170,32.138260,45.900002,1.651409,0.664515,4.610924,2.010924,3.391814,97.189911,-7.000000,-12.328778,0.000000,0.000000,1.000000,2.295000
62.449612,41.433792,35.607456,44.700001,1.091105,0.668152,3.994257,1.394257,3.213823,96.477104,-5.000000,-11.356438,0.000000,0.000000,1.000000,2.235000
67.591026,44.980450,39.105560,44.700001,0.671333,0.670389,3.576722,0.976722,2.947842,95.612961,-7.000000,-8.547356,0.000000,0.000000,1.000000,2.235000
32.330494,36.271992,38.048042,43.500000,0.654235,0.672570,3.501805,0.901805,2.605799,94.800438,-8.000000,-8.682117,0.000000,0.000000,1.000000,2.175000
61.613049,41.656414,39.394726,42.000000,0.312633,0.673612,3.086245,0.486245,2.212859,94.021156,-6.000000,-16.830551,0.000000,0.000000,1.000000,2.100000
57.904179,42.055984,40.387936,38.600002,-0.214552,0.673192,2.388640,-0.211360,1.782340,93.184029,-6.000000,-20.340834,0.000000,0.000000,1.000000,1.930000
79.123955,53.544376,45.298065,36.600002,-1.043768,0.669712,1.455945,-1.144055,1.444393,92.228027,-8.000000,-23.106129,0.000000,0.000000,1.000000,1.830000
33.179363,43.211594,44.519371,35.200001,-1.118324,0.665985,1.307660,-1.292340,1.086224,91.260468,-11.000000,-16.925829,0.000000,0.000000,1.000000,1.760000
73.641098,54.947289,48.411186,35.200001,-1.585342,0.660964,0.835622,-1.764378,0.792258,90.278877,-10.000000,-15.992917,0.000000,0.000000,1.000000,1.760000
81.431549,58.554874,52.196922,32.200001,-2.399631,0.655085,-0.134545,-2.734545,0.456507,89.143852,-11.000000,-16.915327,0.000000,0.000000,1.000000,1.610000
79.509796,61.585823,55.700962,32.000000,-2.844115,0.646079,-0.598037,-3.198037,0.074405,87.942444,-13.000000,-20.809967,0.000000,0.000000,1.000000,1.600000
71.890244,59.946301,57.285370,31.700001,-3.070244,0.635333,-0.849911,-3.449911,-0.347123,86.727119,-14.000000,-19.767490,0.000000,0.000000,1.000000,1.585000
66.235039,60.090019,58.332096,31.700001,-3.195851,0.625213,-0.985639,-3.585639,-0.799625,85.526756,-13.000000,-18.315157,0.000000,0.000000,1.000000,1.585000
81.536911,65.350845,60.951569,30.500000,-3.654188,0.612423,-1.516765,-4.116765,-1.168810,84.272346,-12.000000,-18.874310,0.000000,0.000000,1.000000,1.525000
39.814198,55.747524,59.009361,30.500000,-3.421123,0.601590,-1.294534,-3.894534,-1.579082,83.061363,-12.000000,-15.941661,0.000000,0.000000,1.000000,1.525000
69.961731,62.472698,60.301918,30.300001,-3.600230,0.588989,-1.496241,-4.096241,-1.894653,81.879158,-9.000000,-19.156353,0.000000,0.000000,1.000000,1.515000
66.088799,62.384289,61.079082,30.300001,-3.693490,0.577293,-1.601197,-4.201197,-2.149552,80.630585,-9.000000,-17.114794,0.000000,0.000000,1.000000,1.515000
84.543175,68.527542,63.858929,30.500000,-4.003071,0.563949,-1.914122,-4.514122,-2.387516,79.321465,-9.000000,-13.240762,0.000000,0.000000,1.000000,1.525000
69.009651,65.733833,64.558662,30.500000,-4.087039,0.550326,-2.011714,-4.611714,-2.534880,77.978851,-9.000000,-12.571025,0.000000,0.000000,1.000000,1.525000
95.590881,74.809937,68.384552,30.500000,-4.546146,0.535172,-2.485974,-5.085974,-2.612041,76.573410,-9.000000,-6.359896,0.000000,0.000000,1.000000,1.525000
61.849438,64.862701,67.070160,30.500000,-4.388419,0.520544,-2.342875,-4.942875,-2.733311,75.176682,-11.000000,-3.697660,0.000000,0.000000,1.000000,1.525000
52.588535,61.564438,65.015366,27.300001,-4.525844,0.511115,-2.649728,-5.249728,-2.912104,73.912407,-10.000000,-8.169524,0.000000,0.000000,1.000000,1.365000
33.234379,56.867470,61.974480,27.100000,-4.184937,0.497165,-2.332772,-4.932772,-3.070863,72.728088,-10.000000,-12.200147,0.000000,0.000000,1.000000,1.355000
34.793327,54.443829,59.163960,23.700001,-4.255675,0.488821,-2.581854,-5.181854,-3.294450,71.614975,-8.000000,-12.744667,0.000000,0.000000,1.000000,1.185000
81.505882,64.403709,61.119492,23.700001,-4.490339,0.473853,-2.831486,-5.431486,-3.495286,70.426498,-8.000000,-8.004087,0.000000,0.000000,1.000000,1.185000
49.244125,56.585030,59.427181,20.200001,-4.707262,0.464887,-3.232375,-5.832375,-3.624652,69.216614,-8.000000,-7.412838,0.000000,0.000000,1.000000,1.010000
92.277786,65.583588,61.724819,16.100000,-5.474978,0.455984,-4.213994,-6.813994,-3.794595,67.994926,-10.000000,-11.978217,0.000000,0.000000,1.000000,0.805000
36.298389,53.149723,58.524498,6.100000,-6.290940,0.451790,-5.534150,-8.134150,-3.961164,66.807594,-14.000000,-9.949405,0.000000,0.000000,1.000000,0.305000
62.047279,58.793625,58.624939,6.100000,-6.302993,0.430780,-5.567213,-8.167212,-4.154128,65.688164,-19.000000,-17.095753,0.000000,0.000000,1.000000,0.305000
33.956211,49.795567,55.329720,0.000000,-6.639566,0.423524,-6.216043,-8.816042,-4.450868,64.602272,-18.000000,-17.664461,0.000000,20.000002,1.000000,0.000000
67.655632,57.890408,56.285397,0.000000,-6.754248,0.401010,-6.353238,-8.953238,-4.822211,63.525414,-19.000000,-22.331541,0.000000,40.000004,1.000000,0.000000
34.200111,47.974922,53.183838,0.000000,-8.635487,0.000000,-8.635487,-11.235487,-5.276426,62.466759,-18.000000,-23.644819,1.000000,0.000000,0.000000,0.000000
36.473747,45.300419,50.241661,0.000000,-8.154076,0.000000,-8.154076,-10.754076,-5.787159,61.534004,-27.000000,-22.690723,1.000000,0.000000,0.000000,0.000000
35.523693,46.510105,48.849003,0.000000,-8.371819,0.000000,-8.371819,-10.971819,-6.252666,60.615898,-22.000000,-25.041697,1.000000,0.000000,0.000000,0.000000
39.794968,44.322319,47.159595,0.000000,-7.978018,0.000000,-7.978018,-10.578018,-6.742080,59.707573,-21.000000,-29.207481,1.000000,0.000000,0.000000,0.000000
-47.873096,17.469261,36.078835,0.000000,-3.144467,0.000000,-3.144467,-5.744467,-7.326827,59.089657,-16.000000,-28.245544,1.000000,0.000000,0.000000,0.000000
-99.451241,-3.909748,21.154655,0.000000,0.703755,0.000000,0.703755,-1.896245,-7.835575,58.954063,10.000000,-23.520922,1.000000,0.000000,0.000000,0.000000
-67.941086,-3.770433,11.852338,0.000000,0.678678,0.000000,0.678678,-1.921322,-8.133756,59.030865,31.000000,-9.061522,1.000000,0.000000,0.000000,0.000000
14.209599,13.972150,12.643475,0.000000,-2.514987,0.000000,-2.514987,-5.114987,-8.025032,58.928848,30.000000,14.078447,1.000000,0.000000,0.000000,0.000000
29.784573,18.226589,14.727154,0.000000,-3.280786,0.000000,-3.280786,-5.880786,-7.577142,58.606861,12.000000,21.843304,1.000000,0.000000,0.000000,0.000000
18.135748,14.195355,14.528681,0.000000,-2.555164,0.000000,-2.555164,-5.155164,-7.107132,58.282642,6.000000,17.832329,1.000000,0.000000,0.000000,0.000000
72.917915,28.649364,19.798676,0.000000,-5.156886,0.000000,-5.156886,-7.756886,-6.746688,57.854195,7.000000,8.814929,1.000000,0.000000,0.000000,0.000000
15.614014,17.488642,18.936546,0.000000,-3.147956,0.000000,-3.147956,-5.747955,-6.628251,57.392815,-5.000000,1.031229,1.000000,0.000000,0.000000,0.000000
-15.306852,7.867461,14.805442,0.000000,-1.416143,0.000000,-1.416143,-4.016143,-6.593544,57.139252,4.000000,-3.847263,1.000000,0.000000,0.000000,0.000000
-115.678154,-22.533939,0.869974,0.000000,4.056109,0.000000,4.056109,1.456110,-6.605556,57.285915,12.000000,1.270884,1.000000,0.000000,0.000000,0.000000
-109.446213,-31.481600,-11.203989,0.000000,1.344479,0.004482,1.348960,-1.251040,-6.537007,57.826073,39.000000,5.844753,0.000000,0.000000,1.000000,0.000000
23.380623,-2.387269,-7.913492,0.000000,0.949619,0.007647,0.957266,-1.642734,-6.287949,58.164761,25.000000,16.264372,0.000000,0.000000,1.000000,0.000000
34.398678,4.778898,-3.176552,0.000000,0.381186,0.008918,0.390104,-2.209896,-5.908980,58.140842,21.000000,16.373396,0.000000,0.000000,1.000000,0.000000
32.709274,8.792758,1.290526,0.000000,-0.154863,0.008401,-0.146462,-2.746462,-5.519589,58.005127,16.000000,17.054794,0.000000,0.000000,1.000000,0.000000
44.089977,14.659464,6.279961,0.000000,-0.753595,0.005889,-0.747706,-3.347706,-5.082795,57.770603,11.000000,18.072548,0.000000,0.000000,1.000000,0.000000
63.143856,22.524057,12.342436,0.000000,-1.481092,0.000952,-1.480140,-4.080140,-4.740121,57.398769,7.000000,12.843329,0.000000,0.000000,1.000000,0.000000
26.256939,13.659187,12.833862,0.000000,-1.540064,-0.004181,-1.544245,-4.144245,-4.519013,57.036938,2.000000,6.032691,0.000000,0.000000,1.000000,0.000000
52.731236,21.858078,16.201799,0.000000,-1.944216,-0.010662,-1.954878,-4.554878,-4.433303,56.681767,1.000000,3.531280,0.000000,0.000000,1.000000,0.000000
32.342472,18.980677,17.238907,0.000000,-2.068669,-0.017557,-2.086226,-4.686226,-4.405778,56.273380,0.000000,3.152867,0.000000,0.000000,1.000000,0.000000
19.062332,16.898083,17.111708,0.000000,-2.053405,-0.024402,-2.077807,-4.677807,-4.407815,55.914593,-1.000000,1.290113,0.000000,0.000000,1.000000,0.000000
9.350845,14.317261,16.068789,0.000000,-1.928255,-0.030830,-1.959084,-4.559084,-4.394438,55.602440,-1.000000,-2.294352,0.000000,0.000000,1.000000,0.000000
21.062561,16.586113,16.261860,0.000000,-1.951423,-0.037334,-1.988757,-4.588758,-4.399779,55.293407,0.000000,1.826204,0.000000,0.000000,1.000000,0.000000
29.028433,20.282562,17.762430,0.000000,-2.131492,-0.044439,-2.175931,-4.775931,-4.362618,54.924721,-1.000000,-0.845670,0.000000,0.000000,1.000000,0.000000
40.764198,24.189318,20.161015,0.000000,-2.419322,-0.052504,-2.471825,-5.071825,-4.335965,54.480003,-2.000000,3.444675,0.000000,0.000000,1.000000,0.000000
25.018534,21.979216,20.839588,0.000000,-2.500751,-0.060840,-2.561590,-5.161590,-4.321057,54.018318,-3.000000,2.018633,0.000000,0.000000,1.000000,0.000000
16.257105,19.632025,20.388912,0.000000,-2.446669,-0.068995,-2.515664,-5.115664,-4.291638,53.602207,-4.000000,2.759073,0.000000,0.000000,1.000000,0.000000
33.336624,22.256891,21.086063,0.000000,-2.530328,-0.077430,-2.607757,-5.207757,-4.258706,53.183319,-4.000000,7.802172,0.000000,0.000000,1.000000,0.000000
22.291992,20.907833,21.019547,0.000000,-2.522346,-0.085837,-2.608183,-5.208183,-4.179934,52.751671,-5.000000,4.194677,0.000000,0.000000,1.000000,0.000000
24.254360,23.412653,21.912680,0.000000,-2.629522,-0.094602,-2.724124,-5.324124,-4.117186,52.308464,-5.000000,-2.082921,0.000000,0.000000,1.000000,0.000000
15.072163,20.568577,21.411045,0.000000,-2.569325,-0.103167,-2.672492,-5.272492,-4.067742,51.868652,-6.000000,-3.133483,0.000000,0.000000,1.000000,0.000000
38.221798,23.934595,22.352861,0.000000,-2.682343,-0.112108,-2.794451,-5.394451,-4.048295,51.423622,-6.000000,1.916182,0.000000,0.000000,1.000000,0.000000
48.916985,31.245514,25.671698,0.000000,-3.080604,-0.122377,-3.202980,-5.802980,-4.038640,50.871822,-6.000000,-1.606916,0.000000,0.000000,1.000000,0.000000
37.241432,27.793207,26.463469,6.800000,-2.359616,-0.124690,-2.144306,-4.744306,-4.002513,50.281437,-8.000000,-2.531104,0.000000,0.000000,1.000000,0.340000
16.981453,20.969236,24.412960,8.300000,-1.933555,-0.131135,-1.649690,-4.249690,-4.095594,49.793812,-3.000000,0.533803,0.000000,0.000000,1.000000,0.415000
1.592989,16.100903,21.310808,9.700000,-1.393297,-0.135780,-1.044076,-3.644076,-4.102847,49.423111,0.000000,4.752325,0.000000,0.000000,1.000000,0.485000
-3.389973,11.339594,17.589441,11.900001,-0.682733,-0.137848,-0.225581,-2.825581,-3.970287,49.148705,1.000000,2.558037,0.000000,0.000000,1.000000,0.595000
24.619072,18.293383,17.852160,18.500000,0.077741,-0.137770,0.864971,-1.735029,-3.865931,48.852375,5.000000,5.027201,0.000000,0.000000,1.000000,0.925000
28.238651,19.474482,18.457628,18.500000,0.005085,-0.137753,0.792332,-1.807668,-3.712781,48.474697,9.000000,6.462276,0.000000,0.000000,1.000000,0.925000
41.395153,24.366083,20.662729,19.000000,-0.199528,-0.138418,0.612054,-1.987945,-3.493414,48.036293,8.000000,11.655849,0.000000,0.000000,1.000000,0.950000
48.927368,29.021156,23.782187,19.000000,-0.573862,-0.140331,0.235807,-2.364193,-3.197026,47.502422,6.000000,12.080438,0.000000,0.000000,1.000000,0.950000
23.478758,23.347530,23.619968,17.600000,-0.722396,-0.142739,0.014865,-2.585135,-2.905838,46.978737,2.000000,15.674496,0.000000,0.000000,1.000000,0.880000
19.436819,20.964226,22.628817,17.600000,-0.603458,-0.144750,0.131792,-2.468208,-2.651818,46.535618,0.000000,14.942009,0.000000,0.000000,1.000000,0.880000
16.156761,20.597496,21.870705,17.300001,-0.548484,-0.146579,0.169937,-2.430063,-2.457156,46.119999,0.000000,6.308616,0.000000,0.000000,1.000000,0.865000
24.779802,23.917973,22.634768,17.300001,-0.640172,-0.148713,0.076116,-2.523884,-2.270976,45.674843,0.000000,3.434295,0.000000,0.000000,1.000000,0.865000
14.007260,22.010427,22.401756,15.400001,-0.840211,-0.151513,-0.221724,-2.821724,-2.134659,45.215557,-1.000000,-0.269037,0.000000,0.000000,1.000000,0.770000
31.356945,23.073849,22.652588,15.400001,-0.870310,-0.154414,-0.254725,-2.854725,-2.032016,44.764713,-3.000000,2.256809,0.000000,0.000000,1.000000,0.770000
15.393112,21.145325,22.090061,16.800001,-0.634807,-0.156530,0.048663,-2.551337,-2.015585,44.322521,-4.000000,10.139128,0.000000,0.000000,1.000000,0.840000
9.228807,17.771286,20.478247,16.800001,-0.441389,-0.158002,0.240609,-2.359391,-1.969687,43.933353,-2.000000,6.266658,0.000000,0.000000,1.000000,0.840000
22.467346,22.501951,21.233515,17.100000,-0.496022,-0.159655,0.199323,-2.400677,-1.874956,43.530621,-2.000000,3.134286,0.000000,0.000000,1.000000,0.855000
2.155756,14.606000,18.760054,17.100000,-0.199206,-0.160319,0.495475,-2.104525,-1.841982,43.159542,-2.000000,2.229970,0.000000,0.000000,1.000000,0.855000
23.519608,19.228655,18.934940,17.100000,-0.220193,-0.161053,0.473754,-2.126246,-1.740018,42.821194,-1.000000,2.511250,0.000000,0.000000,1.000000,0.855000
33.151505,20.759584,19.615917,17.100000,-0.301910,-0.162059,0.391031,-2.208969,-1.546618,42.421310,-2.000000,5.409149,0.000000,0.000000,1.000000,0.855000
6.342000,16.550690,18.471941,17.100000,-0.164633,-0.162608,0.527759,-2.072241,-1.470644,42.048206,-3.000000,-0.703930,0.000000,0.000000,1.000000,0.855000
20.819773,18.943991,18.648115,17.100000,-0.185774,-0.163227,0.505999,-2.094001,-1.454738,41.693260,-3.000000,1.534034,0.000000,0.000000,1.000000,0.855000
22.040537,19.234306,18.866888,16.800001,-0.248026,-0.164054,0.427919,-2.172081,-1.415002,41.311478,-3.000000,-2.545003,0.000000,0.000000,1.000000,0.840000
17.042435,16.202141,17.872375,16.800001,-0.128685,-0.164483,0.546832,-2.053168,-1.453098,40.957111,-3.000000,-4.138883,0.000000,0.000000,1.000000,0.840000
21.252142,18.532341,18.118681,16.800001,-0.158242,-0.165011,0.516748,-2.083252,-1.531603,40.609768,-2.000000,0.593012,0.000000,0.000000,1.000000,0.840000
19.380508,18.607414,18.301081,16.800001,-0.180130,-0.165611,0.494259,-2.105741,-1.499156,40.238369,-2.000000,-2.564902,0.000000,0.000000,1.000000,0.840000
16.812229,18.369047,18.326447,16.800001,-0.183173,-0.166222,0.490605,-2.109395,-1.536802,39.868603,-2.000000,1.965589,0.000000,0.000000,1.000000,0.840000
24.541321,20.230843,19.037188,16.800001,-0.268462,-0.167117,0.404421,-2.195579,-1.562544,39.482605,-2.000000,-0.964356,0.000000,0.000000,1.000000,0.840000
1.335567,16.658695,18.149508,16.800001,-0.161941,-0.167656,0.510403,-2.089597,-1.621578,39.113708,-2.000000,-4.930681,0.000000,0.000000,1.000000,0.840000
29.811808,22.983047,19.953438,17.100000,-0.342412,-0.168798,0.343790,-2.256210,-1.627768,38.717293,-2.000000,-3.534029,0.000000,0.000000,1.000000,0.855000
66.673920,34.971561,25.558367,17.100000,-1.015004,-0.172181,-0.332185,-2.932185,-1.676412,38.137745,-2.000000,-5.707791,0.000000,0.000000,1.000000,0.855000
16.968853,21.845520,24.172691,17.300001,-0.824723,-0.174930,-0.134653,-2.734653,-1.672765,37.569572,-6.000000,-9.859805,0.000000,0.000000,1.000000,0.865000
32.457047,26.125595,24.901537,17.300001,-0.912184,-0.177971,-0.225155,-2.825155,-1.797669,37.089863,-4.000000,-6.340760,0.000000,0.000000,1.000000,0.865000
46.021168,30.049232,26.822714,18.500000,-0.998726,-0.181300,-0.255025,-2.855025,-1.950743,36.528114,-4.000000,-5.562088,0.000000,0.000000,1.000000,0.925000
16.925402,23.469103,25.571110,21.000000,-0.548533,-0.182763,0.318704,-2.281296,-2.082278,35.992931,-3.000000,-7.547143,0.000000,0.000000,1.000000,1.050000
3.058333,19.731256,23.391613,21.000000,-0.286994,-0.183719,0.579287,-2.020713,-2.226310,35.560928,0.000000,-6.454059,0.000000,0.000000,1.000000,1.050000
11.834658,20.790358,22.420795,22.700001,0.033505,-0.183608,0.984897,-1.615103,-2.310933,35.155712,1.000000,-1.963467,0.000000,0.000000,1.000000,1.135000
57.549816,31.843670,25.937515,22.700001,-0.388502,-0.184903,0.561596,-2.038404,-2.353406,34.629372,3.000000,-1.829408,0.000000,0.000000,1.000000,1.135000
49.863537,33.201900,28.648664,22.900000,-0.689840,-0.187202,0.267958,-2.332042,-2.275580,33.978916,1.000000,0.561672,0.000000,0.000000,1.000000,1.145000
18.099638,27.965981,28.393879,24.400000,-0.479266,-0.188800,0.551935,-2.048065,-2.306452,33.367237,0.000000,2.403723,0.000000,0.000000,1.000000,1.220000
7.253476,19.938646,25.238293,25.900000,0.079405,-0.188535,1.185870,-1.414130,-2.373288,32.888191,1.000000,3.949345,0.000000,0.000000,1.000000,1.295000
-3.106784,13.186107,20.740284,25.900000,0.619166,-0.186471,1.727695,-0.872305,-2.304703,32.556942,4.000000,7.735031,0.000000,0.000000,1.000000,1.295000
20.928980,21.374512,20.976984,25.900000,0.590762,-0.184502,1.701260,-0.898740,-2.212515,32.211334,6.000000,0.450434,0.000000,0.000000,1.000000,1.295000
43.670849,30.623943,24.577335,25.900000,0.158720,-0.183973,1.269747,-1.330253,-2.212855,31.691349,6.000000,2.541603,0.000000,0.000000,1.000000,1.295000
74.490517,38.196602,29.660194,25.600000,-0.487223,-0.185597,0.607180,-1.992820,-2.184943,31.003143,4.000000,7.538835,0.000000,0.000000,1.000000,1.280000
33.229828,27.211351,28.746260,25.600000,-0.377551,-0.186855,0.715594,-1.884406,-2.096292,30.349064,0.000000,11.989222,0.000000,0.000000,1.000000,1.280000
13.075660,22.929649,26.575438,25.400000,-0.141053,-0.187325,0.941622,-1.658378,-1.922748,29.847654,0.000000,8.597559,0.000000,0.000000,1.000000,1.270000
33.131271,28.029213,27.118002,25.400000,-0.206160,-0.188013,0.875827,-1.724173,-1.783339,29.338066,0.000000,2.589233,0.000000,0.000000,1.000000,1.270000
7.589518,20.073664,24.488977,25.400000,0.109323,-0.187648,1.191674,-1.408326,-1.697356,28.857037,0.000000,0.079577,0.000000,0.000000,1.000000,1.270000
30.560171,24.149662,24.362341,25.100000,0.088519,-0.187353,1.156166,-1.443834,-1.664107,28.414803,1.000000,0.219964,0.000000,0.000000,1.000000,1.255000
5.394216,17.143505,21.668192,25.100000,0.411817,-0.185980,1.480837,-1.119163,-1.568157,28.001871,0.000000,6.373372,0.000000,0.000000,1.000000,1.255000
9.932790,16.621355,19.784657,25.100000,0.637841,-0.183854,1.708987,-0.891013,-1.362441,27.664223,1.000000,6.355062,0.000000,0.000000,1.000000,1.255000
99.151489,41.047325,27.720118,25.400000,-0.278414,-0.184782,0.806803,-1.793196,-1.219694,27.087536,1.000000,6.967950,0.000000,0.000000,1.000000,1.270000
61.535217,38.584866,31.774961,25.400000,-0.764995,-0.187332,0.317672,-2.282328,-1.051991,26.291214,-3.000000,2.522878,0.000000,0.000000,1.000000,1.270000
44.645874,35.791706,33.274055,25.400000,-0.944887,-0.190482,0.134631,-2.465369,-0.983336,25.547449,-6.000000,1.007115,0.000000,0.000000,1.000000,1.270000
19.676403,28.163811,31.366856,25.400000,-0.716023,-0.192869,0.361109,-2.238891,-0.845485,24.907894,-8.000000,1.451096,0.000000,0.000000,1.000000,1.270000
5.687224,24.422859,28.775280,25.400000,-0.405034,-0.194219,0.670748,-1.929252,-0.810524,24.382027,-7.000000,-1.443738,0.000000,0.000000,1.000000,1.270000
45.116341,30.171131,29.296227,25.400000,-0.467547,-0.195777,0.606675,-1.993325,-0.858817,23.836086,-5.000000,0.690610,0.000000,0.000000,1.000000,1.270000
42.869701,32.925114,30.650566,25.400000,-0.630068,-0.197878,0.442054,-2.157945,-0.943244,23.205124,-5.000000,3.341247,0.000000,0.000000,1.000000,1.270000
17.686525,26.402262,29.065052,25.400000,-0.439806,-0.199344,0.630850,-1.969150,-0.941940,22.611851,-6.000000,2.818858,0.000000,0.000000,1.000000,1.270000
25.007456,29.060873,29.063492,27.100000,-0.235619,-0.200129,0.919252,-1.680748,-0.871572,22.057219,-5.000000,0.681097,0.000000,0.000000,1.000000,1.355000
27.795210,29.303402,29.153028,27.100000,-0.246363,-0.200950,0.907686,-1.692313,-0.766159,21.473576,-4.000000,4.218450,0.000000,0.000000,1.000000,1.355000
46.324432,33.947445,30.942358,27.300001,-0.437083,-0.202407,0.725510,-1.874490,-0.671555,20.841066,-5.000000,3.720020,0.000000,0.000000,1.000000,1.365000
66.104866,40.096043,34.358612,27.300001,-0.847033,-0.205231,0.312736,-2.287264,-0.602753,20.100632,-6.000000,5.251762,0.000000,0.000000,1.000000,1.365000
22.592745,30.965321,33.092197,28.600000,-0.539064,-0.207027,0.683909,-1.916091,-0.556829,19.390018,-8.000000,5.046560,0.000000,0.000000,1.000000,1.430000
26.664129,31.602762,32.536324,28.600000,-0.472359,-0.208602,0.749039,-1.850961,-0.485996,18.764338,-7.000000,5.914365,0.000000,0.000000,1.000000,1.430000
27.413532,31.092306,31.997400,30.800001,-0.143688,-0.209037,1.187275,-1.412725,-0.410905,18.137386,-7.000000,1.466492,0.000000,0.000000,1.000000,1.540000
70.097862,43.584152,36.321705,30.800001,-0.662604,-0.211246,0.666150,-1.933850,-0.366573,17.390621,-5.000000,2.116510,0.000000,0.000000,1.000000,1.540000
43.897362,40.795601,37.991413,30.800001,-0.862969,-0.214123,0.462908,-2.137092,-0.321326,16.546824,-8.000000,0.091186,0.000000,0.000000,1.000000,1.540000
28.620359,36.079746,37.277958,31.000000,-0.753355,-0.216634,0.580011,-2.019989,-0.295866,15.778070,-9.000000,-0.405642,0.000000,0.000000,1.000000,1.550000
16.612827,31.609623,35.162472,31.000000,-0.499497,-0.218299,0.832205,-1.767795,-0.343321,15.101177,-8.000000,-0.388447,0.000000,0.000000,1.000000,1.550000
50.807434,39.046078,36.611877,30.800001,-0.697425,-0.220624,0.621951,-1.978049,-0.304323,14.394620,-7.000000,1.899476,0.000000,0.000000,1.000000,1.540000
58.664642,42.743343,38.900208,30.800001,-0.972025,-0.223864,0.344112,-2.255888,-0.287765,13.576726,-8.000000,2.507122,0.000000,0.000000,1.000000,1.540000
21.421579,32.892296,36.657990,30.800001,-0.702959,-0.226207,0.610835,-1.989165,-0.171138,12.820370,-10.000000,-1.331036,0.000000,0.000000,1.000000,1.540000
13.749891,30.337292,34.299034,30.500000,-0.455884,-0.227726,0.841389,-1.758610,-0.181403,12.188074,-9.000000,-1.733047,0.000000,0.000000,1.000000,1.525000
50.122677,40.152931,36.483772,30.500000,-0.718053,-0.230120,0.576827,-2.023173,-0.255637,11.483171,-7.000000,-1.169678,0.000000,0.000000,1.000000,1.525000
37.672554,36.805393,36.603806,30.800001,-0.696456,-0.232442,0.611102,-1.988898,-0.231938,10.713588,-8.000000,2.435141,0.000000,0.000000,1.000000,1.540000
38.782207,37.082825,36.782581,30.800001,-0.717910,-0.234835,0.587256,-2.012744,-0.191783,9.974706,-8.000000,2.362585,0.000000,0.000000,1.000000,1.540000
30.413776,32.991734,35.367794,32.500000,-0.344135,-0.235982,1.044883,-1.555117,-0.121624,9.273960,-9.000000,-0.042107,0.000000,0.000000,1.000000,1.625000
58.468689,40.853729,37.415207,32.500000,-0.589825,-0.237948,0.797227,-1.802773,-0.151445,8.535505,-7.000000,-0.120675,0.000000,0.000000,1.000000,1.625000
38.463623,36.217884,36.968353,32.200001,-0.572202,-0.239855,0.797943,-1.802057,-0.143189,7.764789,-8.000000,-1.778071,0.000000,0.000000,1.000000,1.610000
26.939392,33.350204,35.618019,32.200001,-0.410162,-0.241222,0.958616,-1.641384,-0.102044,7.069108,-8.000000,1.651891,0.000000,0.000000,1.000000,1.610000
2.267716,25.815716,31.959692,28.800001,-0.379163,-0.241966,0.818871,-1.781129,-0.035431,6.477449,-8.000000,0.150385,0.000000,0.000000,1.000000,1.440000
12.960744,28.430811,30.642675,27.800001,-0.341121,-0.243103,0.805776,-1.794224,0.005264,5.934984,-8.000000,0.725262,0.000000,0.000000,1.000000,1.390000
168.124741,69.507370,45.147408,26.400000,-2.249689,-0.250602,-1.180291,-3.780291,-0.042035,4.955602,-8.000000,-2.158677,0.000000,0.000000,1.000000,1.320000
24.069414,41.012638,43.604267,26.400000,-2.064512,-0.257484,-1.001995,-3.601995,-0.069477,3.850402,-18.000000,-6.112682,0.000000,0.000000,1.000000,1.320000
70.713654,53.366947,47.247807,22.700001,-2.945737,-0.262791,-2.073528,-4.673528,-0.192575,2.906606,-17.000000,-11.286575,0.000000,0.000000,1.000000,1.135000
30.323006,44.737202,46.310822,19.300001,-3.241298,-0.269147,-2.545445,-5.145445,-0.349774,1.925565,-21.000000,-6.802032,0.000000,0.000000,1.000000,0.965000
24.651089,42.597721,44.925053,0.000000,-5.391006,-0.271009,-5.662015,-8.262014,-0.557630,1.052216,-22.000000,-11.963845,0.000000,20.000002,1.000000,0.000000
63.064724,49.935902,46.795158,0.000000,-5.615419,-0.289727,-5.905146,-8.505146,-0.817847,0.126879,-37.000000,-17.689054,0.000000,40.000004,1.000000,0.000000
41.173409,45.587444,46.344425,0.000000,-8.205740,0.000000,-8.205740,-10.805740,-1.199244,-0.828354,-36.000000,-23.805056,1.000000,0.000000,0.000000,0.000000
39.130833,44.340591,45.596573,0.000000,-7.981307,0.000000,-7.981307,-10.581306,-1.691186,-1.727634,-45.000000,-30.892935,1.000000,0.000000,0.000000,0.000000
31.187443,41.257362,43.977131,0.000000,-7.426325,0.000000,-7.426325,-10.026325,-2.267133,-2.583614,-41.000000,-30.524729,1.000000,0.000000,0.000000,0.000000
15.383450,36.159622,41.059551,0.000000,-6.508732,0.000000,-6.508732,-9.108732,-2.918869,-3.357784,-35.000000,-34.720615,1.000000,0.000000,0.000000,0.000000
107.367920,58.080116,47.411812,0.000000,-10.454421,0.000000,-10.454421,-13.054420,-3.537787,-4.300181,-27.000000,-33.063198,1.000000,0.000000,0.000000,0.000000
41.165173,43.969116,46.126961,0.000000,-7.914441,0.000000,-7.914441,-10.514441,-4.201855,-5.320674,-44.000000,-29.905890,1.000000,0.000000,0.000000,0.000000
53.245323,46.489525,46.262272,0.000000,-8.368114,0.000000,-8.368114,-10.968115,-4.817326,-6.225260,-28.000000,-32.350262,1.000000,0.000000,0.000000,0.000000
42.642799,43.795887,45.341789,0.000000,-7.883260,0.000000,-7.883260,-10.483259,-5.395341,-7.128114,-27.000000,-27.781279,1.000000,0.000000,0.000000,0.000000
40.921909,41.931160,44.068905,0.000000,-7.547609,0.000000,-7.547609,-10.147610,-5.892986,-7.985385,-23.000000,-25.304504,1.000000,0.000000,0.000000,0.000000
-52.728962,12.591335,32.321129,0.000000,-2.266440,0.000000,-2.266440,-4.866440,-6.348243,-8.530610,-19.000000,-21.009583,1.000000,0.000000,0.000000,0.000000
11.179206,25.508236,29.778482,0.000000,-4.591483,0.000000,-4.591483,-7.191483,-6.698231,-8.911606,9.000000,-14.725458,1.000000,0.000000,0.000000,0.000000
95.640182,46.898376,36.167816,0.000000,-8.441709,0.000000,-8.441709,-11.041708,-6.843413,-9.635672,-1.000000,-1.272674,1.000000,0.000000,0.000000,0.000000
33.409199,34.916630,35.700859,0.000000,-6.284994,0.000000,-6.284994,-8.884994,-6.754265,-10.453821,-21.000000,5.187508,1.000000,0.000000,0.000000,0.000000
63.670284,42.510773,38.242393,0.000000,-7.651939,0.000000,-7.651939,-10.251940,-6.707937,-11.228095,-10.000000,-4.446224,1.000000,0.000000,0.000000,0.000000
76.563904,47.090244,41.544510,0.000000,-8.476244,0.000000,-8.476244,-11.076244,-6.729641,-12.124105,-17.000000,-10.698862,1.000000,0.000000,0.000000,0.000000
-5.202554,26.332558,35.867241,0.000000,-4.739861,0.000000,-4.739861,-7.339860,-6.881040,-12.858334,-21.000000,-12.077518,1.000000,0.000000,0.000000,0.000000
7.942944,26.515038,32.376896,0.000000,-4.772707,0.000000,-4.772707,-7.372707,-7.057943,-13.386809,-1.000000,-11.492285,1.000000,0.000000,0.000000,0.000000
-21.532280,15.934536,26.240427,0.000000,-2.868217,0.000000,-2.868217,-5.468216,-7.115705,-13.811305,-1.000000,-1.181430,1.000000,0.000000,0.000000,0.000000
95.197151,44.200729,32.943409,0.000000,-7.956131,0.000000,-7.956131,-10.556131,-6.966348,-14.412658,7.000000,7.444755,1.000000,0.000000,0.000000,0.000000
55.595364,38.318253,34.949360,0.000000,-6.897286,0.000000,-6.897286,-9.497286,-6.817390,-15.237847,-18.000000,3.216962,1.000000,0.000000,0.000000,0.000000
29.167429,30.837641,33.414822,0.000000,-5.550776,0.000000,-5.550776,-8.150776,-6.729223,-15.929406,-13.000000,-1.546875,1.000000,0.000000,0.000000,0.000000
-3.225663,19.853689,28.353657,0.000000,-3.573664,0.000000,-3.573664,-6.173664,-6.826043,-16.436319,-6.000000,-6.090468,1.000000,0.000000,0.000000,0.000000
6.390149,18.063198,24.513145,0.000000,-3.251376,0.000000,-3.251376,-5.851376,-6.920180,-16.815489,3.000000,-0.939571,1.000000,0.000000,0.000000,0.000000
24.837051,20.026756,22.838776,0.000000,-3.604816,0.000000,-3.604816,-6.204816,-6.858467,-17.196388,4.000000,6.072153,1.000000,0.000000,0.000000,0.000000
10.424844,14.672054,19.790865,0.000000,-2.640970,0.000000,-2.640970,-5.240970,-6.678234,-17.543377,2.000000,11.434833,1.000000,0.000000,0.000000,0.000000
12.059023,11.990477,16.879675,0.000000,-2.158286,0.000000,-2.158286,-4.758286,-6.444428,-17.810001,5.000000,9.678990,1.000000,0.000000,0.000000,0.000000
12.565928,12.273723,15.160683,0.000000,-2.209270,0.000000,-2.209270,-4.809270,-6.204341,-18.052643,7.000000,11.345528,1.000000,0.000000,0.000000,0.000000
15.939152,14.834718,15.039029,0.000000,-2.670249,0.000000,-2.670249,-5.270249,-5.958516,-18.323727,5.000000,12.035986,1.000000,0.000000,0.000000,0.000000
21.879343,15.316760,15.142681,0.000000,-2.757017,0.000000,-2.757017,-5.357017,-5.623374,-18.625242,1.000000,16.613796,1.000000,0.000000,0.000000,0.000000
26.547926,17.141861,15.888797,0.000000,-3.085535,0.000000,-3.085535,-5.685535,-5.282772,-18.949829,0.000000,15.438271,1.000000,0.000000,0.000000,0.000000
13.884757,15.005715,15.559221,0.000000,-2.701029,0.000000,-2.701029,-5.301029,-4.980390,-19.271305,-3.000000,8.117599,1.000000,0.000000,0.000000,0.000000
15.750642,14.879487,15.305537,0.000000,-2.678308,0.000000,-2.678308,-5.278308,-4.783128,-19.570158,-2.000000,6.273335,1.000000,0.000000,0.000000,0.000000
8.547500,12.457441,14.242597,0.000000,-2.242340,0.000000,-2.242340,-4.842340,-4.614146,-19.843527,-3.000000,6.266484,1.000000,0.000000,0.000000,0.000000
9.530382,11.507551,13.221848,0.000000,-2.071359,0.000000,-2.071359,-4.671359,-4.465305,-20.083178,-1.000000,6.212187,1.000000,0.000000,0.000000,0.000000
12.665120,10.340872,12.146636,0.000000,-1.861357,0.000000,-1.861357,-4.461357,-4.229882,-20.301662,-2.000000,12.098930,1.000000,0.000000,0.000000,0.000000
14.974549,10.089831,11.379014,0.000000,-1.816170,0.000000,-1.816170,-4.416170,-3.979397,-20.505970,-2.000000,8.136773,1.000000,0.000000,0.000000,0.000000
13.142956,8.976151,10.482239,0.000000,-1.615707,0.000000,-1.615707,-4.215707,-3.817770,-20.696630,-3.000000,5.864689,1.000000,0.000000,0.000000,0.000000
11.933730,11.683952,10.930732,0.000000,-2.103112,0.000000,-2.103112,-4.703112,-3.766173,-20.903231,-2.000000,4.432076,1.000000,0.000000,0.000000,0.000000
8.370075,10.794725,10.879972,0.000000,-1.943051,0.000000,-1.943051,-4.543051,-3.708332,-21.128017,-5.000000,6.017787,1.000000,0.000000,0.000000,0.000000
9.502688,9.749743,10.458158,0.000000,-1.754954,0.000000,-1.754954,-4.354954,-3.520410,-21.333462,-5.000000,10.221120,1.000000,0.000000,0.000000,0.000000
15.150028,10.814498,10.591148,0.000000,-1.946610,0.000000,-1.946610,-4.546610,-3.251259,-21.539104,-5.000000,5.764297,1.000000,0.000000,0.000000,0.000000
3.482864,6.390309,9.023349,0.000000,-1.150256,0.000000,-1.150256,-3.750256,-2.992545,-21.711153,-7.000000,7.330751,1.000000,0.000000,0.000000,0.000000
1.984038,5.288734,7.629550,0.000000,-0.915546,-0.003052,-0.918598,-3.518598,-2.956790,-21.827944,-4.000000,3.947577,2.000000,0.000000,1.000000,0.000000
4.973240,6.052750,7.041070,0.000000,-0.844928,-0.005868,-0.850797,-3.450797,-2.889835,-21.941359,-3.000000,6.131274,2.000000,0.000000,1.000000,0.000000
6.421702,5.846708,6.595321,0.000000,-0.791439,-0.008506,-0.799945,-3.399945,-2.726437,-22.060352,-3.000000,7.603297,2.000000,0.000000,1.000000,0.000000
14.262780,8.196142,7.192765,0.000000,-0.863132,-0.011383,-0.874515,-3.474515,-2.505775,-22.200781,-4.000000,14.768414,2.000000,0.000000,1.000000,0.000000
-11.295477,2.102198,5.292910,0.000000,-0.635149,-0.013501,-0.648650,-3.248650,-2.280172,-22.303764,-6.000000,8.594789,2.000000,0.000000,1.000000,0.000000
-30.029484,-5.957564,1.094110,0.000000,-0.131293,-0.013938,-0.145231,-2.745231,-2.070881,-22.265211,-5.000000,7.849990,2.000000,0.000000,1.000000,0.000000
3.096894,0.421625,0.843131,0.000000,-0.101176,-0.014276,-0.115451,-2.715451,-1.935305,-22.209852,-4.000000,3.638876,2.000000,0.000000,1.000000,0.000000
-13.903248,-4.121538,-1.009738,0.000000,0.121169,-0.013872,0.107297,-2.492703,-1.853241,-22.172853,-4.000000,1.678937,2.000000,0.000000,1.000000,0.000000
5.257269,-0.426620,-0.792112,0.000000,0.095053,-0.013555,0.081499,-2.518501,-1.740076,-22.127373,-3.000000,8.924558,2.000000,0.000000,1.000000,0.000000
13.862430,4.427866,1.156041,0.000000,-0.138725,-0.014017,-0.152742,-2.752742,-1.544012,-22.167385,-4.000000,8.105491,2.000000,0.000000,1.000000,0.000000
6.049817,3.343457,1.972409,0.000000,-0.236689,-0.014806,-0.251495,-2.851495,-1.466763,-22.245098,-6.000000,2.807901,2.000000,0.000000,1.000000,0.000000
7.686978,3.238945,2.445094,0.000000,-0.293411,-0.015784,-0.309195,-2.909195,-1.460104,-22.310923,-7.000000,3.568103,2.000000,0.000000,1.000000,0.000000
1.761702,2.153963,2.336440,0.000000,-0.280373,-0.016719,-0.297092,-2.897092,-1.481307,-22.364851,-7.000000,1.260894,2.000000,0.000000,1.000000,0.000000
-0.399426,0.060121,1.486893,0.000000,-0.178427,-0.017314,-0.195741,-2.795741,-1.378787,-22.386992,-7.000000,5.481770,2.000000,0.000000,1.000000,0.000000
-1.800419,-0.153868,0.874543,0.000000,-0.104945,-0.017663,-0.122609,-2.722609,-1.302518,-22.386053,-7.000000,8.610432,2.000000,0.000000,1.000000,0.000000
9.092918,2.551921,1.500559,0.000000,-0.180067,-0.018264,-0.198331,-2.798331,-1.176683,-22.410034,-7.000000,2.233589,2.000000,0.000000,1.000000,0.000000
6.797965,2.239500,1.776340,0.000000,-0.213161,-0.018974,-0.232135,-2.832135,-1.134293,-22.457949,-8.000000,3.421194,2.000000,0.000000,1.000000,0.000000
4.487987,1.814363,1.790530,0.000000,-0.214864,-0.019690,-0.234554,-2.834554,-1.071365,-22.498487,-8.000000,1.542171,2.000000,0.000000,1.000000,0.000000
-8.600773,-2.202993,0.300104,0.000000,-0.036012,-0.019810,-0.055823,-2.655823,-1.036962,-22.494600,-9.000000,2.931269,2.000000,0.000000,1.000000,0.000000
4.462593,0.990439,0.557744,0.000000,-0.066929,-0.020033,-0.086963,-2.686963,-0.948122,-22.482475,-8.000000,4.202420,2.000000,0.000000,1.000000,0.000000
-53.194218,-15.766878,-5.534784,0.000000,0.664174,-0.017820,0.646354,-1.953645,-0.877131,-22.334711,-9.000000,1.459764,2.000000,0.000000,1.000000,0.000000
-16.467699,-9.700541,-7.089491,0.000000,0.850739,-0.014984,0.835755,-1.764245,-0.796554,-22.080036,-5.000000,1.237260,2.000000,0.000000,1.000000,0.000000
1.236978,-6.182826,-6.751113,0.000000,0.810134,-0.012283,0.797850,-1.802150,-0.741949,-21.921202,-5.000000,2.223144,2.000000,0.000000,1.000000,0.000000
-17.172993,-10.232539,-8.050420,0.000000,0.966050,-0.009063,0.956987,-1.643013,-0.659287,-21.757048,-5.000000,6.615426,2.000000,0.000000,1.000000,0.000000
-0.721167,-6.957348,-7.642474,0.000000,0.917097,-0.006006,0.911091,-1.688909,-0.520748,-21.585148,-5.000000,4.790562,2.000000,0.000000,1.000000,0.000000
10.349176,-2.291125,-5.645292,0.000000,0.677435,-0.003748,0.673687,-1.926313,-0.403614,-21.492662,-6.000000,3.391083,2.000000,0.000000,1.000000,0.000000
-3.985023,-4.089899,-5.064802,0.000000,0.607776,-0.001722,0.606054,-1.993946,-0.418379,-21.428852,-7.000000,0.466590,2.000000,0.000000,1.000000,0.000000
4.244491,-1.646066,-3.788892,0.000000,0.454667,-0.000207,0.454460,-2.145540,-0.441777,-21.371492,-7.000000,-2.828577,2.000000,0.000000,1.000000,0.000000
0.377415,-0.812215,-2.677963,0.000000,0.321356,0.000865,0.322220,-2.277780,-0.421842,-21.346910,-8.000000,-2.560467,2.000000,0.000000,1.000000,0.000000
2.716347,0.028657,-1.667823,0.000000,0.200139,0.001532,0.201670,-2.398329,-0.406947,-21.339075,-9.000000,2.428403,2.000000,0.000000,1.000000,0.000000
5.494652,1.190086,-0.601220,0.000000,0.072146,0.001772,0.073919,-2.526081,-0.372283,-21.351263,-10.000000,1.386239,2.000000,0.000000,1.000000,0.000000
0.352741,-0.182288,-0.444870,0.000000,0.053384,0.001950,0.055335,-2.544665,-0.389461,-21.361341,-10.000000,-5.356461,2.000000,0.000000,1.000000,0.000000
-5.061914,-1.777340,-0.942163,0.000000,0.113059,0.002327,0.115387,-2.484613,-0.470816,-21.341745,-10.000000,-2.062755,2.000000,0.000000,1.000000,0.000000
-7.333755,-2.409014,-1.489608,0.000000,0.178753,0.002923,0.181676,-2.418324,-0.500111,-21.299881,-10.000000,-2.770421,2.000000,0.000000,1.000000,0.000000
5.968803,1.270571,-0.459479,0.000000,0.055137,0.003107,0.058244,-2.541756,-0.525209,-21.288496,-9.000000,0.388268,2.000000,0.000000,1.000000,0.000000
11.652747,4.788387,1.499083,0.000000,-0.179890,0.002507,-0.177383,-2.777383,-0.509520,-21.349085,-10.000000,1.002434,2.000000,0.000000,1.000000,0.000000
22.218613,7.996979,3.924169,0.000000,-0.470900,0.000937,-0.469963,-3.069963,-0.582055,-21.476938,-11.000000,0.351187,2.000000,0.000000,1.000000,0.000000
3.574379,5.178015,4.392118,0.000000,-0.527054,-0.000819,-0.527874,-3.127873,-0.571191,-21.608688,-12.000000,1.234500,2.000000,0.000000,1.000000,0.000000
2.542996,4.274701,4.348297,0.000000,-0.521796,-0.002559,-0.524354,-3.124354,-0.551280,-21.703215,-13.000000,-0.241229,2.000000,0.000000,1.000000,0.000000
1.334831,5.044808,4.608243,0.000000,-0.552989,-0.004402,-0.557391,-3.157391,-0.535774,-21.796410,-13.000000,3.262973,2.000000,0.000000,1.000000,0.000000
13.177982,7.453986,5.670305,0.000000,-0.680437,-0.006670,-0.687107,-3.287107,-0.554935,-21.921398,-13.000000,1.793377,2.000000,0.000000,1.000000,0.000000
12.739442,8.753057,6.820822,0.000000,-0.818499,-0.009399,-0.827897,-3.427897,-0.525888,-22.083469,-13.000000,3.086789,2.000000,0.000000,1.000000,0.000000
9.105664,7.546450,7.091634,0.000000,-0.850996,-0.012235,-0.863231,-3.463231,-0.568093,-22.246464,-14.000000,-2.303496,2.000000,0.000000,1.000000,0.000000
-3.569783,2.271983,5.292888,0.000000,-0.635146,-0.014352,-0.649499,-3.249499,-0.576081,-22.344648,-14.000000,-0.301541,2.000000,0.000000,1.000000,0.000000
6.211559,5.559268,5.392303,0.000000,-0.647076,-0.016509,-0.663586,-3.263586,-0.631005,-22.422960,-13.000000,-2.464717,2.000000,0.000000,1.000000,0.000000
5.299191,5.589302,5.465826,0.000000,-0.655899,-0.018696,-0.674595,-3.274595,-0.694389,-22.534447,-12.000000,-2.544559,2.000000,0.000000,1.000000,0.000000
-6.228156,2.286367,4.279217,0.000000,-0.513506,-0.020407,-0.533913,-3.133913,-0.756401,-22.613203,-12.000000,-3.909618,2.000000,0.000000,1.000000,0.000000
2.861538,4.155302,4.232970,0.000000,-0.507956,-0.022100,-0.530057,-3.130057,-0.808123,-22.677620,-11.000000,-4.674172,2.000000,0.000000,1.000000,0.000000
-4.643151,1.109998,3.067443,0.000000,-0.368093,-0.023327,-0.391421,-2.991421,-0.824665,-22.730272,-11.000000,0.661129,2.000000,0.000000,1.000000,0.000000
27.045410,9.874796,5.608022,0.000000,-0.672963,-0.025571,-0.698533,-3.298533,-0.838700,-22.840120,-10.000000,-1.624038,2.000000,0.000000,1.000000,0.000000
8.573116,5.893851,5.714696,0.000000,-0.685764,-0.027857,-0.713620,-3.313620,-0.857812,-22.997807,-12.000000,-5.456762,2.000000,0.000000,1.000000,0.000000
51.848038,18.287083,10.406849,0.000000,-1.248822,-0.032019,-1.280841,-3.880841,-0.968494,-23.239616,-11.000000,-4.915416,2.000000,0.000000,1.000000,0.000000
30.305395,15.633663,12.357553,0.000000,-1.482906,-0.036962,-1.519869,-4.119868,-1.052855,-23.578823,-14.000000,-6.167334,2.000000,0.000000,1.000000,0.000000
-8.242695,4.482120,9.418355,0.000000,-1.130203,-0.040730,-1.170932,-3.770932,-1.107777,-23.779982,-15.000000,-0.723331,2.000000,0.000000,1.000000,0.000000
3.685746,5.649502,8.011778,0.000000,-0.961413,-0.043934,-1.005348,-3.605348,-1.195390,-23.881298,-13.000000,-5.513826,2.000000,0.000000,1.000000,0.000000
-10.994998,0.198967,5.095951,0.000000,-0.611514,-0.045973,-0.657487,-3.257487,-1.330522,-23.939783,-11.000000,-11.616803,2.000000,0.000000,1.000000,0.000000
-6.694154,-1.790931,2.525691,0.000000,-0.303083,-0.046983,-0.350066,-2.950066,-1.459348,-23.923864,-9.000000,-4.757631,2.000000,0.000000,1.000000,0.000000
15.944304,3.778387,2.993211,0.000000,-0.359185,-0.048180,-0.407366,-3.007365,-1.547479,-23.943739,-7.000000,-2.606650,2.000000,0.000000,1.000000,0.000000
18.247051,5.650320,3.984873,0.000000,-0.478185,-0.049774,-0.527959,-3.127959,-1.475922,-24.038027,-7.000000,-0.196434,2.000000,0.000000,1.000000,0.000000
58.795864,18.420240,9.372311,0.000000,-1.124677,-0.053523,-1.178200,-3.778200,-1.458753,-24.278732,-8.000000,-1.024393,2.000000,0.000000,1.000000,0.000000
-1.259471,6.136061,8.164507,0.000000,-0.979741,-0.056789,-1.036530,-3.636530,-1.481383,-24.524296,-11.000000,-5.694101,2.000000,0.000000,1.000000,0.000000
2.853715,5.430216,7.144039,0.000000,-0.857285,-0.059647,-0.916931,-3.516931,-1.556319,-24.639959,-10.000000,-5.871662,2.000000,0.000000,1.000000,0.000000
-8.100833,2.878120,5.551951,0.000000,-0.666234,-0.061867,-0.728101,-3.328101,-1.629094,-24.723043,-9.000000,-1.437488,2.000000,0.000000,1.000000,0.000000
-5.014054,2.559169,4.435012,0.000000,-0.532201,-0.063641,-0.595843,-3.195843,-1.625560,-24.777416,-8.000000,-2.465912,2.000000,0.000000,1.000000,0.000000
-1.741007,2.240815,3.616113,0.000000,-0.433934,-0.065088,-0.499021,-3.099021,-1.586420,-24.825417,-8.000000,2.596307,2.000000,0.000000,1.000000,0.000000
1.482532,3.241565,3.476328,0.000000,-0.417159,-0.066478,-0.483638,-3.083638,-1.588458,-24.880239,-7.000000,-2.387848,2.000000,0.000000,1.000000,0.000000
8.355808,3.400395,3.447989,0.000000,-0.413759,-0.067858,-0.481616,-3.081616,-1.577428,-24.946659,-7.000000,2.394930,2.000000,0.000000,1.000000,0.000000
10.756273,4.730212,3.926529,0.000000,-0.471183,-0.069428,-0.540612,-3.140611,-1.572176,-25.027966,-7.000000,0.792051,2.000000,0.000000,1.000000,0.000000
12.151230,5.008703,4.330408,0.000000,-0.519649,-0.071160,-0.590809,-3.190809,-1.432209,-25.125355,-8.000000,5.782080,2.000000,0.000000,1.000000,0.000000
10.612225,5.520271,4.774478,0.000000,-0.572937,-0.073070,-0.646007,-3.246007,-1.225124,-25.230644,-10.000000,5.103272,2.000000,0.000000,1.000000,0.000000
10.077930,6.623848,5.464683,0.000000,-0.655762,-0.075256,-0.731018,-3.331018,-1.185566,-25.352085,-10.000000,1.856174,2.000000,0.000000,1.000000,0.000000
2.289463,4.596499,5.140667,0.000000,-0.616880,-0.077312,-0.694192,-3.294192,-1.101501,-25.464289,-11.000000,0.269848,2.000000,0.000000,1.000000,0.000000
3.380179,3.211525,4.420690,0.000000,-0.530483,-0.079081,-0.609563,-3.209563,-1.076699,-25.542370,-11.000000,-3.019248,2.000000,0.000000,1.000000,0.000000
-3.784918,1.246111,3.235902,0.000000,-0.388308,-0.080375,-0.468683,-3.068683,-1.155392,-25.586946,-10.000000,-5.713920,2.000000,0.000000,1.000000,0.000000
0.299493,2.009307,2.778124,0.000000,-0.333375,-0.081486,-0.414861,-3.014861,-1.260320,-25.619501,-9.000000,-7.022421,2.000000,0.000000,1.000000,0.000000
19.356827,6.103570,4.019217,0.000000,-0.482306,-0.083094,-0.565400,-3.165400,-1.336323,-25.700630,-8.000000,-1.501589,2.000000,0.000000,1.000000,0.000000
33.249363,12.033499,7.010235,0.000000,-0.841228,-0.085898,-0.927126,-3.527126,-1.391934,-25.882000,-9.000000,1.473016,2.000000,0.000000,1.000000,0.000000
-0.045047,4.513710,6.078505,0.000000,-0.729421,-0.088329,-0.817750,-3.417750,-1.352652,-26.047472,-11.000000,-0.550072,2.000000,0.000000,1.000000,0.000000
30.280899,12.448244,8.455761,0.000000,-1.014691,-0.091712,-1.106403,-3.706403,-1.351816,-26.217091,-10.000000,-1.351090,2.000000,0.000000,1.000000,0.000000
-3.195646,5.613389,7.394957,0.000000,-0.887395,-0.094670,-0.982064,-3.582064,-1.476715,-26.397707,-11.000000,-8.868030,2.000000,0.000000,1.000000,0.000000
1.336485,6.580770,7.091093,0.000000,-0.850931,-0.097506,-0.948437,-3.548437,-1.643727,-26.519650,-9.000000,-6.939686,2.000000,0.000000,1.000000,0.000000
-2.415280,4.988308,6.306311,0.000000,-0.756757,-0.100029,-0.856786,-3.456786,-1.787009,-26.635340,-9.000000,-6.491093,2.000000,0.000000,1.000000,0.000000
-15.544666,-0.298676,3.841257,0.000000,-0.460951,-0.101565,-0.562516,-3.162516,-1.869662,-26.682236,-8.000000,-6.112782,2.000000,0.000000,1.000000,0.000000
-7.153196,-1.071550,2.007743,0.000000,-0.240929,-0.102368,-0.343297,-2.943297,-1.845948,-26.668533,-6.000000,-0.865791,2.000000,0.000000,1.000000,0.000000
-2.306577,-0.424485,1.100009,0.000000,-0.132001,-0.102808,-0.234809,-2.834809,-1.853032,-26.653572,-5.000000,-5.366144,2.000000,0.000000,1.000000,0.000000
-4.775043,-1.236431,0.228024,0.000000,-0.027363,-0.102899,-0.130262,-2.730262,-1.935643,-26.636963,-4.000000,-5.318750,2.000000,0.000000,1.000000,0.000000
-6.398114,-1.417989,-0.386286,0.000000,0.046354,-0.102745,-0.056391,-2.656390,-2.085894,-26.610418,-3.000000,-3.382775,2.000000,0.000000,1.000000,0.000000
-7.249955,-1.614363,-0.844618,0.000000,0.101354,-0.102407,-0.001053,-2.601053,-2.147820,-26.580095,-2.000000,-1.416508,2.000000,0.000000,1.000000,0.000000
9.008821,0.949180,-0.175153,0.000000,0.021018,-0.102337,-0.081319,-2.681319,-2.095973,-26.573444,-2.000000,4.731000,2.000000,0.000000,1.000000,0.000000
4.000835,0.506132,0.079110,0.000000,-0.009493,-0.102369,-0.111862,-2.711862,-2.018743,-26.587997,-3.000000,2.572069,2.000000,0.000000,1.000000,0.000000
2.693113,0.299757,0.161458,0.000000,-0.019375,-0.102433,-0.121808,-2.721808,-1.963814,-26.596056,-3.000000,-4.507635,2.000000,0.000000,1.000000,0.000000
-2.254788,-0.889886,-0.230915,0.000000,0.027710,-0.102341,-0.074631,-2.674631,-2.002662,-26.590155,-3.000000,-2.691963,2.000000,0.000000,1.000000,0.000000
-5.443521,-2.231997,-0.977741,0.000000,0.117329,-0.101950,0.015379,-2.584621,-2.024003,-26.558935,-3.000000,-2.427243,2.000000,0.000000,1.000000,0.000000
-1.622743,-1.801567,-1.285202,0.000000,0.154224,-0.101436,0.052789,-2.547211,-1.981062,-26.518600,-3.000000,4.483153,2.000000,0.000000,1.000000,0.000000
2.935113,-0.049476,-0.824016,0.000000,0.098882,-0.101106,-0.002224,-2.602224,-1.889684,-26.500090,-3.000000,1.989339,2.000000,0.000000,1.000000,0.000000
7.440816,0.585911,-0.297815,0.000000,0.035738,-0.100987,-0.065249,-2.665249,-1.793416,-26.505453,-4.000000,4.750123,2.000000,0.000000,1.000000,0.000000
-12.981437,-3.972246,-1.669153,0.000000,0.200298,-0.100319,0.099979,-2.500021,-1.751432,-26.471590,-4.000000,1.737337,2.000000,0.000000,1.000000,0.000000
-7.058016,-4.373411,-2.678412,0.000000,0.321409,-0.099248,0.222162,-2.377838,-1.675005,-26.388134,-4.000000,-0.461208,2.000000,0.000000,1.000000,0.000000
1.689896,-1.916055,-2.393892,0.000000,0.287267,-0.098290,0.188977,-2.411023,-1.608005,-26.325239,-4.000000,2.064056,2.000000,0.000000,1.000000,0.000000
2.748913,-1.254571,-1.968685,0.000000,0.236242,-0.097503,0.138739,-2.461261,-1.561171,-26.293533,-4.000000,6.018527,2.000000,0.000000,1.000000,0.000000
-12.880054,-4.381361,-2.869122,0.000000,0.344295,-0.096355,0.247939,-2.352061,-1.467954,-26.237173,-5.000000,2.926508,2.000000,0.000000,1.000000,0.000000
-13.235359,-4.864233,-3.613719,0.000000,0.433646,-0.094910,0.338737,-2.261263,-1.465453,-26.144716,-4.000000,3.439078,2.000000,0.000000,1.000000,0.000000
2.047405,-2.164713,-3.072934,0.000000,0.368752,-0.093681,0.275072,-2.324928,-1.423695,-26.074427,-4.000000,-0.381125,2.000000,0.000000,1.000000,0.000000
-7.545323,-4.213621,-3.498651,0.000000,0.419838,-0.092281,0.327557,-2.272443,-1.407046,-26.010643,-4.000000,2.158532,2.000000,0.000000,1.000000,0.000000
-9.293218,-5.188237,-4.129223,0.000000,0.495507,-0.090629,0.404877,-2.195122,-1.426945,-25.916624,-4.000000,-2.493065,2.000000,0.000000,1.000000,0.000000
-2.426021,-4.112264,-4.122893,0.000000,0.494747,-0.088980,0.405767,-2.194233,-1.445401,-25.823620,-3.000000,0.312729,2.000000,0.000000,1.000000,0.000000
-4.415804,-4.145096,-4.131180,0.000000,0.495742,-0.087328,0.408414,-2.191586,-1.488271,-25.741047,-3.000000,-5.079294,2.000000,0.000000,1.000000,0.000000
-13.908879,-8.086838,-5.607475,0.000000,0.672897,-0.085085,0.587812,-2.012188,-1.490967,-25.618727,-3.000000,1.352802,2.000000,0.000000,1.000000,0.000000
-0.580073,-4.001636,-5.008158,0.000000,0.600979,-0.083082,0.517897,-2.082102,-1.475831,-25.497843,-2.000000,-2.173825,2.000000,0.000000,1.000000,0.000000
-2.832712,-4.210140,-4.710329,0.000000,0.565239,-0.081197,0.484042,-2.115958,-1.513954,-25.415726,-3.000000,-3.972279,2.000000,0.000000,1.000000,0.000000
-11.769518,-5.760638,-5.102316,0.000000,0.612278,-0.079156,0.533121,-2.066879,-1.687568,-25.316017,-2.000000,-1.495181,2.000000,0.000000,1.000000,0.000000
-8.295146,-5.991841,-5.434297,0.000000,0.652116,-0.076983,0.575133,-2.024867,-1.798274,-25.198492,-1.000000,-4.534732,2.000000,0.000000,1.000000,0.000000
-7.878879,-7.721828,-6.288029,0.000000,0.754563,-0.074468,0.680096,-1.919904,-1.693074,-25.061356,-1.000000,1.444432,2.000000,0.000000,1.000000,0.000000
-19.614855,-11.251939,-8.140615,0.000000,0.976874,-0.071211,0.905662,-1.694337,-1.680577,-24.871618,-1.000000,-0.921693,2.000000,0.000000,1.000000,0.000000
-70.200829,-28.073242,-15.579691,0.000000,1.869563,-0.064979,1.804583,-0.795416,-1.674237,-24.478367,0.000000,-0.917438,2.000000,0.000000,1.000000,0.000000
-50.492920,-26.746336,-19.747206,0.000000,2.369665,-0.057081,2.312584,-0.287416,-1.646817,-23.930172,4.000000,0.811746,2.000000,0.000000,1.000000,0.000000
-6.012220,-16.660101,-18.595064,0.000000,2.231408,-0.049642,2.181765,-0.418235,-1.655369,-23.496107,6.000000,-0.256429,2.000000,0.000000,1.000000,0.000000
0.446574,-13.278370,-16.610815,0.000000,1.993298,-0.042998,1.950300,-0.649700,-1.575473,-23.196722,5.000000,3.148504,2.000000,0.000000,1.000000,0.000000
4.673902,-11.020712,-14.524527,0.000000,1.742943,-0.037188,1.705755,-0.894245,-1.516118,-22.953732,4.000000,3.776989,2.000000,0.000000,1.000000,0.000000
-3.854623,-11.495699,-13.394135,0.000000,1.607296,-0.031831,1.575465,-1.024534,-1.451713,-22.728567,2.000000,4.346743,2.000000,0.000000,1.000000,0.000000
4.771854,-9.293676,-11.863798,0.000000,1.423656,-0.027085,1.396571,-1.203429,-1.451421,-22.520674,1.000000,-1.591675,2.000000,0.000000,1.000000,0.000000
-13.994402,-12.769109,-12.201670,0.000000,1.464200,-0.022205,1.441996,-1.158004,-1.516022,-22.300045,1.000000,-0.907586,2.000000,0.000000,1.000000,0.000000
-21.746866,-17.509920,-14.182767,0.000000,1.701932,-0.016531,1.685401,-0.914599,-1.533914,-21.997255,1.000000,-0.415433,2.000000,0.000000,1.000000,0.000000
-27.195873,-18.629576,-15.842365,0.000000,1.901084,-0.010194,1.890889,-0.709110,-1.535320,-21.635860,2.000000,1.026324,2.000000,0.000000,1.000000,0.000000
-92.525536,-38.152786,-24.168859,0.000000,2.900263,-0.000527,2.899736,0.299736,-1.552333,-21.068037,3.000000,-3.691700,2.000000,0.000000,1.000000,0.000000
-8.638823,-19.266769,-22.339346,0.000000,2.680722,0.008409,2.689130,0.089130,-1.518875,-20.493841,8.000000,0.216476,2.000000,0.000000,1.000000,0.000000
-0.708432,-17.660484,-20.593143,0.000000,2.471177,0.016646,2.487823,-0.112177,-1.523337,-20.124569,7.000000,-1.090438,2.000000,0.000000,1.000000,0.000000
1.586885,-15.910936,-18.845692,0.000000,2.261483,0.024184,2.285667,-0.314332,-1.459613,-19.788855,6.000000,1.977431,2.000000,0.000000,1.000000,0.000000
-13.542469,-20.805891,-19.577259,0.000000,2.349271,0.032015,2.381286,-0.218714,-1.388996,-19.421686,5.000000,3.297819,2.000000,0.000000,1.000000,0.000000
-11.022679,-16.928259,-18.588623,0.000000,2.230635,0.039451,2.270085,-0.329915,-1.268913,-19.044344,5.000000,4.002527,2.000000,0.000000,1.000000,0.000000
-22.619671,-20.603928,-19.340757,0.000000,2.320891,0.047187,2.368078,-0.231922,-1.221105,-18.669022,4.000000,1.157061,2.000000,0.000000,1.000000,0.000000
-65.952217,-32.896469,-24.399899,0.000000,2.927988,0.056947,2.984935,0.384935,-1.155795,-18.134018,4.000000,-0.002745,2.000000,0.000000,1.000000,0.000000
0.275707,-17.385878,-21.782188,0.000000,2.613863,0.065660,2.679522,0.079522,-1.244826,-17.631195,7.000000,-5.503912,2.000000,0.000000,1.000000,0.000000
-35.322979,-25.003567,-22.984442,0.000000,2.758133,0.074854,2.832987,0.232987,-1.292138,-17.207300,6.000000,-3.170629,2.000000,0.000000,1.000000,0.000000
-4.353170,-17.355648,-20.883715,0.000000,2.506046,0.083207,2.589253,-0.010747,-1.316770,-16.783709,7.000000,0.255230,2.000000,0.000000,1.000000,0.000000
-7.926623,-14.217752,-18.395905,0.000000,2.207509,0.090565,2.298074,-0.301926,-1.314404,-16.467974,6.000000,4.061457,2.000000,0.000000,1.000000,0.000000
0.196018,-12.910831,-16.348816,0.000000,1.961858,0.097105,2.058963,-0.541037,-1.300548,-16.196688,4.000000,2.176082,2.000000,0.000000,1.000000,0.000000
-59.530132,-27.822851,-20.631052,0.000000,2.475726,0.105357,2.581084,-0.018916,-1.311100,-15.789351,3.000000,-2.203808,2.000000,0.000000,1.000000,0.000000
-32.030331,-26.426647,-22.794031,0.000000,2.735284,0.114475,2.849759,0.249759,-1.401104,-15.246856,6.000000,-5.105614,2.000000,0.000000,1.000000,0.000000
-26.063295,-25.008755,-23.620590,0.000000,2.834471,0.123923,2.958394,0.358394,-1.465304,-14.732502,8.000000,-0.533954,2.000000,0.000000,1.000000,0.000000
-12.671544,-19.656492,-22.141146,0.000000,2.656937,0.132780,2.789717,0.189717,-1.474471,-14.285850,8.000000,1.463038,2.000000,0.000000,1.000000,0.000000
-8.068215,-14.612891,-19.331518,0.000000,2.319782,0.140512,2.460294,-0.139706,-1.480538,-13.943155,8.000000,-0.029837,2.000000,0.000000,1.000000,0.000000
7.422627,-10.370877,-15.987309,0.000000,1.918477,0.146907,2.065384,-0.534616,-1.422744,-13.693317,6.000000,5.526568,2.000000,0.000000,1.000000,0.000000
-54.409569,-26.795162,-20.020918,0.000000,2.402510,0.154916,2.557426,-0.042574,-1.318059,-13.321657,3.000000,-0.253377,2.000000,0.000000,1.000000,0.000000
-31.904146,-25.005342,-21.881161,0.000000,2.625739,0.163668,2.789407,0.189408,-1.357412,-12.803652,6.000000,-1.430888,2.000000,0.000000,1.000000,0.000000
-41.817570,-26.921867,-23.762407,0.000000,2.851489,0.173173,3.024662,0.424662,-1.387798,-12.284380,7.000000,3.713158,2.000000,0.000000,1.000000,0.000000
-7.150614,-17.262514,-21.336576,0.000000,2.560389,0.181708,2.742097,0.142097,-1.304966,-11.842536,8.000000,-1.214665,2.000000,0.000000,1.000000,0.000000
-32.077072,-24.505707,-22.519331,0.000000,2.702320,0.190715,2.893035,0.293035,-1.248409,-11.424854,6.000000,-3.187409,2.000000,0.000000,1.000000,0.000000
-38.173965,-27.177132,-24.257673,0.000000,2.910921,0.200418,3.111339,0.511339,-1.300367,-10.908026,7.000000,2.177815,2.000000,0.000000,1.000000,0.000000
-60.755531,-34.146854,-27.948425,0.000000,3.353811,0.211598,3.565409,0.965409,-1.329127,-10.294785,9.000000,-1.040305,2.000000,0.000000,1.000000,0.000000
-27.497622,-25.050034,-26.866714,0.000000,3.224006,0.222345,3.446350,0.846350,-1.357157,-9.702817,11.000000,5.152227,2.000000,0.000000,1.000000,0.000000
-12.555237,-19.944635,-24.283318,0.000000,2.913998,0.232058,3.146056,0.546056,-1.275420,-9.252871,10.000000,4.246290,2.000000,0.000000,1.000000,0.000000
-3.245490,-18.827686,-22.247215,0.000000,2.669666,0.240957,2.910623,0.310623,-1.096687,-8.865148,8.000000,5.977755,2.000000,0.000000,1.000000,0.000000
-36.260559,-24.398304,-23.050026,0.000000,2.766003,0.250177,3.016180,0.416180,-1.045054,-8.432888,6.000000,4.671246,2.000000,0.000000,1.000000,0.000000
-42.980999,-27.271980,-24.625706,0.000000,2.955085,0.260027,3.215112,0.615112,-1.013569,-7.916185,6.000000,0.429543,2.000000,0.000000,1.000000,0.000000
-16.952448,-23.645199,-24.259769,0.000000,2.911172,0.269731,3.180903,0.580903,-0.879276,-7.407013,7.000000,2.211136,2.000000,0.000000,1.000000,0.000000
-11.251704,-21.951134,-23.398161,0.000000,2.807779,0.279090,3.086869,0.486870,-0.743786,-6.951050,6.000000,6.441297,2.000000,0.000000,1.000000,0.000000
4.695190,-14.287619,-19.998007,0.000000,2.399761,0.287089,2.686850,0.086850,-0.629306,-6.588663,5.000000,4.539060,2.000000,0.000000,1.000000,0.000000
-32.236691,-23.730989,-21.391197,0.000000,2.566944,0.295646,2.862590,0.262590,-0.586491,-6.208477,3.000000,-1.743337,2.000000,0.000000,1.000000,0.000000
-31.169355,-23.767792,-22.278168,0.000000,2.673380,0.304557,2.977937,0.377937,-0.675146,-5.733489,4.000000,0.179707,2.000000,0.000000,1.000000,0.000000
-36.412167,-24.592205,-23.141792,0.000000,2.777015,0.313814,3.090829,0.490829,-0.838850,-5.249888,5.000000,-0.164361,2.000000,0.000000,1.000000,0.000000
-31.675220,-24.524403,-23.657797,0.000000,2.838936,0.323277,3.162213,0.562213,-0.859645,-4.758722,6.000000,2.253004,2.000000,0.000000,1.000000,0.000000
-6.493937,-18.232988,-21.633198,0.000000,2.595984,0.331930,2.927914,0.327914,-0.753293,-4.331148,6.000000,5.210196,2.000000,0.000000,1.000000,0.000000
-10.104440,-18.712111,-20.543016,0.000000,2.465162,0.340148,2.805309,0.205309,-0.669085,-3.961697,4.000000,5.998325,2.000000,0.000000,1.000000,0.000000
5.514144,-14.707983,-18.365318,0.000000,2.203838,0.347494,2.551332,-0.048668,-0.654321,-3.627496,4.000000,3.451524,2.000000,0.000000,1.000000,0.000000
-65.119904,-31.961601,-23.439600,0.000000,2.812752,0.356870,3.169621,0.569622,-0.630275,-3.160800,2.000000,-4.277934,2.000000,0.000000,1.000000,0.000000
-31.442251,-25.445406,-24.188189,0.000000,2.902583,0.366545,3.269127,0.669127,-0.700481,-2.586730,6.000000,-2.295317,2.000000,0.000000,1.000000,0.000000
-16.256960,-21.089863,-23.031858,0.000000,2.763823,0.375758,3.139580,0.539581,-0.768387,-2.121378,7.000000,0.640615,2.000000,0.000000,1.000000,0.000000
-12.505740,-21.116564,-22.317049,0.000000,2.678046,0.384684,3.062730,0.462730,-0.801199,-1.699313,6.000000,4.693504,2.000000,0.000000,1.000000,0.000000
-22.496952,-25.200436,-23.393160,0.000000,2.807179,0.394042,3.201221,0.601221,-0.733959,-1.236143,5.000000,-2.458961,2.000000,0.000000,1.000000,0.000000
-0.940083,-18.804281,-21.680540,0.000000,2.601665,0.402714,3.004379,0.404379,-0.760188,-0.796096,6.000000,-3.246860,2.000000,0.000000,1.000000,0.000000
-13.397892,-20.374731,-21.193197,0.000000,2.543184,0.411191,2.954375,0.354375,-0.837505,-0.404306,6.000000,-4.939721,2.000000,0.000000,1.000000,0.000000
-39.576977,-27.356892,-23.493555,0.000000,2.819227,0.420588,3.239815,0.639815,-0.900958,0.073010,6.000000,-2.792473,2.000000,0.000000,1.000000,0.000000
-112.300255,-48.504471,-32.827904,0.000000,3.939348,0.433720,4.373068,1.773068,-0.931981,0.831624,7.000000,-0.617030,2.000000,0.000000,1.000000,0.000000
-6.872217,-24.708652,-29.797710,0.000000,3.575725,0.445639,4.021364,1.421364,-0.929825,1.563755,13.000000,4.500921,2.000000,0.000000,1.000000,0.000000
-13.056116,-26.623493,-28.613058,0.000000,3.433567,0.457084,3.890651,1.290651,-0.823340,2.077076,11.000000,3.212235,2.000000,0.000000,1.000000,0.000000
-5.887902,-23.165417,-26.579939,0.000000,3.189593,0.467716,3.657309,1.057309,-0.769073,2.574965,10.000000,2.160607,2.000000,0.000000,1.000000,0.000000
-2.330993,-20.749722,-24.404037,0.000000,2.928484,0.477478,3.405962,0.805962,-0.764895,3.014117,8.000000,-1.813626,2.000000,0.000000,1.000000,0.000000
-0.874161,-18.309834,-22.129614,0.000000,2.655554,0.486329,3.141883,0.541883,-0.763863,3.404712,7.000000,-0.136565,2.000000,0.000000,1.000000,0.000000
-17.178398,-21.583492,-21.925795,0.000000,2.631095,0.495100,3.126195,0.526195,-0.708018,3.803645,6.000000,1.081957,2.000000,0.000000,1.000000,0.000000
-77.597496,-38.843254,-28.239576,0.000000,3.388749,0.506396,3.895145,1.295145,-0.679584,4.407913,5.000000,0.818560,2.000000,0.000000,1.000000,0.000000
-29.905668,-26.684744,-27.659296,0.000000,3.319115,0.517459,3.836575,1.236575,-0.703652,5.063193,9.000000,-0.761546,2.000000,0.000000,1.000000,0.000000
-8.029537,-20.665953,-25.049303,0.000000,3.005916,0.527479,3.533395,0.933395,-0.708040,5.536700,9.000000,-1.672439,2.000000,0.000000,1.000000,0.000000
2.016594,-16.358507,-21.805801,0.000000,2.616696,0.536201,3.152897,0.552897,-0.696223,5.906944,7.000000,1.683813,2.000000,0.000000,1.000000,0.000000
-2.765050,-15.990164,-19.635342,0.000000,2.356241,0.544055,2.900296,0.300297,-0.656689,6.230431,5.000000,6.607324,2.000000,0.000000,1.000000,0.000000
-3.054655,-14.710472,-17.797327,0.000000,2.135679,0.551174,2.686854,0.086854,-0.603014,6.537437,4.000000,5.390880,2.000000,0.000000,1.000000,0.000000
-18.862560,-18.538784,-18.074047,0.000000,2.168886,0.558404,2.727290,0.127290,-0.556386,6.869930,3.000000,2.046908,2.000000,0.000000,1.000000,0.000000
-70.319519,-31.649261,-23.140467,0.000000,2.776856,0.567660,3.344516,0.744516,-0.621770,7.371810,3.000000,0.295479,2.000000,0.000000,1.000000,0.000000
-82.383911,-38.558083,-28.894489,0.000000,3.467339,0.579218,4.046556,1.446557,-0.690844,8.073884,7.000000,-1.661301,2.000000,0.000000,1.000000,0.000000
-23.951801,-26.260008,-27.911272,0.000000,3.349353,0.590383,3.939735,1.339735,-0.677885,8.722065,10.000000,-1.621458,2.000000,0.000000,1.000000,0.000000
2.739064,-18.156158,-24.270557,0.000000,2.912467,0.600091,3.512558,0.912558,-0.623389,9.166226,9.000000,3.803362,2.000000,0.000000,1.000000,0.000000
0.456297,-16.486374,-21.365414,0.000000,2.563850,0.608637,3.172487,0.572487,-0.497375,9.512651,6.000000,5.637428,2.000000,0.000000,1.000000,0.000000
0.856553,-14.918242,-18.959259,0.000000,2.275111,0.616221,2.891332,0.291332,-0.359843,9.826697,4.000000,8.655145,2.000000,0.000000,1.000000,0.000000
1.499141,-12.890141,-16.694199,0.000000,2.003304,0.622898,2.626202,0.026202,-0.262010,10.104781,2.000000,5.186061,2.000000,0.000000,1.000000,0.000000
-24.485748,-20.795753,-18.224943,0.000000,2.186993,0.630188,2.817181,0.217181,-0.204351,10.441640,1.000000,3.839576,2.000000,0.000000,1.000000,0.000000
-39.837692,-27.179464,-21.566870,0.000000,2.588024,0.638815,3.226840,0.626840,-0.167278,10.921392,1.000000,2.799916,2.000000,0.000000,1.000000,0.000000
-41.686871,-28.570702,-24.180777,0.000000,2.901693,0.648487,3.550180,0.950181,-0.181088,11.478894,3.000000,-1.663330,2.000000,0.000000,1.000000,0.000000
-11.611266,-23.125744,-23.787027,0.000000,2.854443,0.658002,3.512445,0.912446,-0.217836,11.995859,5.000000,-2.056929,2.000000,0.000000,1.000000,0.000000
-3.130714,-17.227537,-21.338953,0.000000,2.560674,0.666538,3.227212,0.627212,-0.244719,12.399392,5.000000,-1.061333,2.000000,0.000000,1.000000,0.000000
-11.021200,-16.690523,-19.604107,0.000000,2.352493,0.674379,3.026872,0.426872,-0.262206,12.738573,4.000000,-2.282130,2.000000,0.000000,1.000000,0.000000
-3.186605,-13.704876,-17.402449,0.000000,2.088294,0.681340,2.769634,0.169634,-0.247696,13.042527,3.000000,0.204822,2.000000,0.000000,1.000000,0.000000
-7.491157,-12.933954,-15.734757,0.000000,1.888171,0.687634,2.575805,-0.024195,-0.204761,13.308915,1.000000,1.346979,2.000000,0.000000,1.000000,0.000000
2.965338,-8.450794,-13.016302,0.000000,1.561956,0.692841,2.254797,-0.345203,-0.260142,13.522762,1.000000,-0.766421,2.000000,0.000000,1.000000,0.000000
-12.130347,-11.953111,-12.619508,0.000000,1.514341,0.697889,2.212229,-0.387770,-0.315717,13.726801,0.000000,-2.517525,2.000000,0.000000,1.000000,0.000000
-23.810827,-15.314924,-13.625467,0.000000,1.635056,0.703339,2.338395,-0.261605,-0.406645,13.999481,0.000000,-4.132346,2.000000,0.000000,1.000000,0.000000
-59.017033,-28.557953,-19.198435,0.000000,2.303812,0.711018,3.014830,0.414830,-0.479028,14.438210,0.000000,-2.129177,2.000000,0.000000,1.000000,0.000000
-19.763353,-18.843393,-19.065929,0.000000,2.287911,0.718644,3.006556,0.406556,-0.542769,14.912223,4.000000,-5.940777,2.000000,0.000000,1.000000,0.000000
-6.278835,-16.710310,-18.186787,0.000000,2.182414,0.725919,2.908334,0.308334,-0.631616,15.267760,5.000000,-2.355493,2.000000,0.000000,1.000000,0.000000
-6.173554,-16.507700,-17.560133,0.000000,2.107216,0.732943,2.840159,0.240159,-0.614186,15.599940,4.000000,4.957784,2.000000,0.000000,1.000000,0.000000
-17.125673,-19.357065,-18.230768,0.000000,2.187692,0.740236,2.927928,0.327928,-0.458846,15.958588,3.000000,1.974422,2.000000,0.000000,1.000000,0.000000
6.113629,-10.667200,-15.407961,0.000000,1.848955,0.746399,2.595354,-0.004646,-0.423489,16.258831,3.000000,1.371919,2.000000,0.000000,1.000000,0.000000
-7.470426,-12.376955,-14.276756,0.000000,1.713211,0.752109,2.465320,-0.134680,-0.446166,16.489273,2.000000,-4.470456,2.000000,0.000000,1.000000,0.000000
-18.240334,-13.190804,-13.871467,0.000000,1.664576,0.757658,2.422234,-0.177766,-0.513900,16.744951,1.000000,-1.667920,2.000000,0.000000,1.000000,0.000000
-3.085203,-9.262716,-12.151430,0.000000,1.458172,0.762519,2.220690,-0.379310,-0.513783,16.969486,1.000000,0.711641,2.000000,0.000000,1.000000,0.000000
-0.585915,-7.860153,-10.549878,0.000000,1.265985,0.766739,2.032724,-0.567276,-0.539162,17.140715,0.000000,-3.529226,2.000000,0.000000,1.000000,0.000000
-7.461755,-8.025774,-9.607855,0.000000,1.152943,0.770582,1.923524,-0.676476,-0.617688,17.299574,0.000000,-3.641684,2.000000,0.000000,1.000000,0.000000
-2.686975,-7.827206,-8.943297,0.000000,1.073196,0.774159,1.847355,-0.752645,-0.754816,17.458103,0.000000,-9.300761,2.000000,0.000000,1.000000,0.000000
-16.965448,-12.009107,-10.087491,0.000000,1.210499,0.778194,1.988693,-0.611307,-0.922783,17.656466,0.000000,-7.341798,2.000000,0.000000,1.000000,0.000000
-14.038399,-11.342085,-10.555719,0.000000,1.266686,0.782416,2.049103,-0.550897,-1.037925,17.889977,2.000000,-4.852207,2.000000,0.000000,1.000000,0.000000
-6.278099,-9.650263,-10.217793,0.000000,1.226135,0.786503,2.012639,-0.587361,-1.065896,18.099899,2.000000,-2.638727,2.000000,0.000000,1.000000,0.000000
-3.176811,-9.990133,-10.132828,0.000000,1.215939,0.790556,2.006496,-0.593504,-1.065551,18.296303,2.000000,-3.763680,2.000000,0.000000,1.000000,0.000000
-3.633489,-9.858748,-10.030539,0.000000,1.203665,0.794569,1.998233,-0.601767,-1.184453,18.494791,2.000000,-2.570523,2.000000,0.000000,1.000000,0.000000
-9.846839,-12.460183,-10.937308,0.000000,1.312477,0.798944,2.111421,-0.488579,-1.326678,18.717979,3.000000,-2.415130,2.000000,0.000000,1.000000,0.000000
-11.790825,-14.523155,-12.275586,0.000000,1.473070,0.803854,2.276924,-0.323076,-1.424397,18.987812,4.000000,0.649413,2.000000,0.000000,1.000000,0.000000
-8.157629,-13.791500,-12.841342,0.000000,1.540961,0.808990,2.349952,-0.250048,-1.428781,19.270958,5.000000,2.030121,2.000000,0.000000,1.000000,0.000000
-15.094145,-16.286140,-14.126979,0.000000,1.695237,0.814641,2.509879,-0.090121,-1.462736,19.571733,5.000000,2.083503,2.000000,0.000000,1.000000,0.000000
-4.245681,-13.578355,-13.922226,0.000000,1.670667,0.820210,2.490877,-0.109123,-1.559932,19.870378,7.000000,-1.086981,2.000000,0.000000,1.000000,0.000000
-17.807627,-15.369585,-14.462397,0.000000,1.735488,0.825995,2.561483,-0.038517,-1.622577,20.159859,7.000000,-0.328231,2.000000,0.000000,1.000000,0.000000
-3.119574,-11.667986,-13.419492,0.000000,1.610339,0.831363,2.441702,-0.158298,-1.629951,20.430235,7.000000,3.169399,2.000000,0.000000,1.000000,0.000000
-57.302731,-26.792444,-18.410425,0.000000,2.209251,0.838727,3.047978,0.447978,-1.480084,20.814838,6.000000,6.730048,2.000000,0.000000,1.000000,0.000000
-15.298894,-21.849857,-19.694059,0.000000,2.363287,0.846605,3.209892,0.609892,-1.336897,21.301262,8.000000,3.638816,2.000000,0.000000,1.000000,0.000000
-31.878853,-25.807507,-21.975666,0.000000,2.637080,0.855395,3.492475,0.892475,-1.244162,21.777836,9.000000,1.209873,2.000000,0.000000,1.000000,0.000000
6.562336,-14.863132,-19.321190,0.000000,2.318543,0.863123,3.181666,0.581666,-1.192587,22.184542,10.000000,5.435354,2.000000,0.000000,1.000000,0.000000
-4.929004,-15.883689,-18.038277,0.000000,2.164593,0.870339,3.034932,0.434932,-1.160757,22.492010,8.000000,2.921659,2.000000,0.000000,1.000000,0.000000
6.676207,-10.626114,-15.271976,0.000000,1.832637,0.876448,2.709085,0.109085,-1.101819,22.757109,7.000000,5.764428,2.000000,0.000000,1.000000,0.000000
9.368172,-9.879711,-13.259523,0.000000,1.591143,0.881751,2.472894,-0.127106,-0.923099,22.962168,5.000000,5.761437,2.000000,0.000000,1.000000,0.000000
-1.075694,-9.412065,-11.823609,0.000000,1.418833,0.886481,2.305314,-0.294686,-0.944152,23.155085,3.000000,-3.148631,2.000000,0.000000,1.000000,0.000000
-5.831729,-10.274601,-11.245502,0.000000,1.349460,0.890979,2.240439,-0.359561,-1.114491,23.351952,3.000000,-4.275669,2.000000,0.000000,1.000000,0.000000
-12.388108,-13.432444,-12.061693,0.000000,1.447403,0.895804,2.343207,-0.256793,-1.266190,23.589022,4.000000,-0.997680,2.000000,0.000000,1.000000,0.000000
-7.146551,-8.228700,-10.631178,0.000000,1.275741,0.900056,2.175797,-0.424202,-1.278859,23.805634,4.000000,-1.968726,2.000000,0.000000,1.000000,0.000000
0.150503,-8.202278,-9.724686,0.000000,1.166962,0.903946,2.070908,-0.529092,-1.293984,23.969944,4.000000,-3.820242,2.000000,0.000000,1.000000,0.000000
-2.936600,-7.704591,-8.970764,0.000000,1.076492,0.907534,1.984026,-0.615974,-1.361352,24.129013,4.000000,-2.781757,2.000000,0.000000,1.000000,0.000000
-7.735214,-9.443540,-9.147209,0.000000,1.097665,0.911193,2.008858,-0.591142,-1.526583,24.300495,4.000000,-2.185501,2.000000,0.000000,1.000000,0.000000
-9.529802,-7.732855,-8.619357,0.000000,1.034323,0.914641,1.948964,-0.651036,-1.683284,24.472260,5.000000,-4.788080,2.000000,0.000000,1.000000,0.000000
-12.178818,-10.827453,-9.443442,0.000000,1.133213,0.918418,2.051631,-0.548368,-1.741237,24.657862,5.000000,-7.021629,2.000000,0.000000,1.000000,0.000000
-0.785503,-7.792460,-8.827277,0.000000,1.059273,0.921949,1.981223,-0.618777,-1.763903,24.844061,5.000000,1.406401,2.000000,0.000000,1.000000,0.000000
-2.230016,-7.111329,-8.186867,0.000000,0.982424,0.925224,1.907648,-0.692352,-1.806979,24.993099,5.000000,-2.328844,2.000000,0.000000,1.000000,0.000000
-2.116081,-6.678047,-7.623759,0.000000,0.914851,0.928274,1.843125,-0.756875,-1.863748,25.130993,5.000000,-7.876085,2.000000,0.000000,1.000000,0.000000
-6.789717,-7.791833,-7.686486,0.000000,0.922378,0.931348,1.853726,-0.746274,-1.929779,25.275692,5.000000,-2.494834,2.000000,0.000000,1.000000,0.000000
-4.546362,-6.127204,-7.104545,0.000000,0.852545,0.934190,1.786735,-0.813265,-1.956276,25.414883,5.000000,-3.882325,2.000000,0.000000,1.000000,0.000000
2.880616,-2.370990,-5.337931,0.000000,0.640552,0.936325,1.576877,-1.023123,-1.909035,25.499865,5.000000,-5.092540,2.000000,0.000000,1.000000,0.000000
-4.816381,-3.947270,-4.818921,0.000000,0.578270,0.938253,1.516523,-1.083477,-1.842852,25.563047,3.000000,-0.218591,2.000000,0.000000,1.000000,0.000000
5.279939,-1.311605,-3.509952,0.000000,0.421194,0.939657,1.360851,-1.239149,-1.844830,25.615637,3.000000,-2.945158,2.000000,0.000000,1.000000,0.000000
-30.798370,-10.819489,-6.237951,0.000000,0.748554,0.942027,1.690581,-0.909419,-1.915050,25.736948,3.000000,-2.011121,2.000000,0.000000,1.000000,0.000000
2.978960,-4.878204,-5.730479,0.000000,0.687657,0.944434,1.632091,-0.967909,-2.006149,25.893925,5.000000,-2.582675,2.000000,0.000000,1.000000,0.000000
-51.629471,-20.843014,-11.370644,0.000000,1.364477,0.948755,2.313232,-0.286768,-2.132120,26.151136,5.000000,-3.164651,2.000000,0.000000,1.000000,0.000000
-28.701015,-17.627750,-13.705865,0.000000,1.644704,0.954511,2.599215,-0.000785,-2.207398,26.535845,9.000000,-4.191968,2.000000,0.000000,1.000000,0.000000
-6.031491,-12.704234,-13.332046,0.000000,1.599845,0.959577,2.559423,-0.040577,-2.241203,26.839165,11.000000,-4.450898,2.000000,0.000000,1.000000,0.000000
-19.959103,-17.689728,-14.958381,0.000000,1.795006,0.965860,2.760865,0.160866,-2.277202,27.143105,11.000000,-3.104315,2.000000,0.000000,1.000000,0.000000
0.674669,-13.792017,-14.523081,0.000000,1.742770,0.971379,2.714148,0.114148,-2.235096,27.457922,11.000000,5.499173,2.000000,0.000000,1.000000,0.000000
-14.097277,-16.500013,-15.260894,0.000000,1.831307,0.977788,2.809095,0.209095,-2.072401,27.760841,10.000000,9.018620,2.000000,0.000000,1.000000,0.000000
4.665274,-10.534456,-13.496935,0.000000,1.619632,0.982917,2.602549,0.002549,-1.868314,28.031185,10.000000,10.919269,2.000000,0.000000,1.000000,0.000000
-0.851289,-9.527784,-12.015604,0.000000,1.441872,0.987964,2.429836,-0.170164,-1.660266,28.231808,8.000000,8.631211,2.000000,0.000000,1.000000,0.000000
15.528605,-4.853644,-9.342682,0.000000,1.121122,0.991514,2.112636,-0.487364,-1.483694,28.375622,6.000000,2.450163,2.000000,0.000000,1.000000,0.000000
2.995927,-5.960968,-8.080589,0.000000,0.969671,0.994746,1.964417,-0.635583,-1.306842,28.483768,4.000000,7.956032,2.000000,0.000000,1.000000,0.000000
-22.523567,-10.708195,-9.061240,0.000000,1.087349,0.998371,2.085719,-0.514281,-1.100214,28.650459,2.000000,3.009607,2.000000,0.000000,1.000000,0.000000
-34.386784,-16.868439,-11.974973,0.000000,1.436997,1.003161,2.440157,-0.159842,-0.949387,28.926226,2.000000,3.187059,2.000000,0.000000,1.000000,0.000000
-20.877573,-15.234629,-13.191512,0.000000,1.582981,1.008437,2.591419,-0.008581,-0.841461,29.247257,3.000000,1.050775,2.000000,0.000000,1.000000,0.000000
5.840550,-6.015284,-10.513265,0.000000,1.261592,1.012643,2.274234,-0.325766,-0.809997,29.459757,3.000000,-1.273861,2.000000,0.000000,1.000000,0.000000
6.870676,-2.847226,-7.652215,0.000000,0.918266,1.015703,1.933969,-0.666031,-0.759223,29.548382,2.000000,-1.388277,2.000000,0.000000,1.000000,0.000000
-5.070263,-5.597390,-6.885332,0.000000,0.826240,1.018458,1.844697,-0.755303,-0.709974,29.632828,0.000000,3.237028,2.000000,0.000000,1.000000,0.000000
1.999801,-2.922922,-5.406517,0.000000,0.648782,1.020620,1.669402,-0.930598,-0.724371,29.718031,0.000000,-3.556477,2.000000,0.000000,1.000000,0.000000
1.723460,-1.370457,-3.900215,0.000000,0.468026,1.022180,1.490206,-1.109794,-0.751595,29.760965,0.000000,-3.273714,2.000000,0.000000,1.000000,0.000000
-4.247987,-1.917296,-3.160167,0.000000,0.379220,1.023444,1.402664,-1.197335,-0.847203,29.793842,-1.000000,-2.207197,2.000000,0.000000,1.000000,0.000000
-3.625006,-3.107793,-3.140621,0.000000,0.376874,1.024701,1.401575,-1.198425,-0.875775,29.844093,-1.000000,-0.647855,2.000000,0.000000,1.000000,0.000000
-13.471974,-7.201598,-4.656222,0.000000,0.558747,1.026563,1.585310,-1.014690,-0.783003,29.947187,-2.000000,-4.451335,2.000000,0.000000,1.000000,0.000000
-1.215921,-3.323225,-4.158733,0.000000,0.499048,1.028226,1.527274,-1.072726,-0.782652,30.052435,-1.000000,-0.236971,2.000000,0.000000,1.000000,0.000000
-1.904521,-2.464603,-3.526465,0.000000,0.423176,1.029637,1.452813,-1.147187,-1.013577,30.110313,0.000000,-5.554942,2.000000,0.000000,1.000000,0.000000
-16.514196,-8.159885,-5.255709,0.000000,0.630685,1.031739,1.662424,-0.937576,-1.015530,30.216558,0.000000,-1.126191,2.000000,0.000000,1.000000,0.000000
-0.614304,-4.071325,-4.813684,0.000000,0.577642,1.033665,1.611307,-0.988693,-0.959672,30.338871,0.000000,0.421021,2.000000,0.000000,1.000000,0.000000
-16.988104,-9.564517,-6.586747,0.000000,0.790410,1.036299,1.826709,-0.773291,-0.950757,30.475229,0.000000,-2.387442,2.000000,0.000000,1.000000,0.000000
-12.054068,-9.284007,-7.593394,0.000000,0.911207,1.039337,1.950544,-0.649456,-0.993862,30.663715,1.000000,-3.464967,2.000000,0.000000,1.000000,0.000000
-13.454655,-11.546265,-9.068648,0.000000,1.088238,1.042964,2.131202,-0.468798,-1.075390,30.872019,2.000000,0.722999,2.000000,0.000000,1.000000,0.000000
-17.269238,-13.428349,-10.695736,0.000000,1.283488,1.047243,2.330731,-0.269269,-1.076973,31.121765,2.000000,-0.316015,2.000000,0.000000,1.000000,0.000000
-31.542761,-18.664001,-13.669580,0.000000,1.640350,1.052710,2.693060,0.093060,-1.096375,31.442688,4.000000,-2.855146,2.000000,0.000000,1.000000,0.000000
-22.069901,-18.662178,-15.532873,0.000000,1.863945,1.058924,2.922868,0.322868,-1.151520,31.815950,6.000000,0.944779,2.000000,0.000000,1.000000,0.000000
-3.803529,-12.971593,-14.576975,0.000000,1.749237,1.064754,2.813991,0.213991,-1.179626,32.132290,7.000000,-3.787109,2.000000,0.000000,1.000000,0.000000
-2.516430,-10.269008,-12.969194,0.000000,1.556303,1.069942,2.626245,0.026245,-1.167839,32.364697,6.000000,-2.189520,2.000000,0.000000,1.000000,0.000000
0.924172,-9.398992,-11.636755,0.000000,1.396411,1.074597,2.471007,-0.128993,-1.199863,32.561375,6.000000,0.269797,2.000000,0.000000,1.000000,0.000000
-16.927034,-11.933249,-11.747410,0.000000,1.409689,1.079296,2.488985,-0.111015,-1.218940,32.774696,5.000000,0.433555,2.000000,0.000000,1.000000,0.000000
-7.961415,-8.860687,-10.670053,0.000000,1.280406,1.083564,2.363970,-0.236030,-1.338068,32.982635,6.000000,-0.744712,2.000000,0.000000,1.000000,0.000000
-2.316598,-7.679070,-9.553785,0.000000,1.146454,1.087385,2.233840,-0.366160,-1.407277,33.148033,5.000000,-1.596070,2.000000,0.000000,1.000000,0.000000
-7.386883,-8.642332,-9.213621,0.000000,1.105635,1.091071,2.196705,-0.403295,-1.485010,33.311249,5.000000,-2.652439,2.000000,0.000000,1.000000,0.000000
-3.966617,-8.811293,-9.063468,0.000000,1.087616,1.094696,2.182312,-0.417688,-1.545347,33.485786,5.000000,-2.225685,2.000000,0.000000,1.000000,0.000000
-13.494534,-12.053501,-10.179381,0.000000,1.221526,1.098768,2.320293,-0.279706,-1.583000,33.694435,5.000000,-1.406595,2.000000,0.000000,1.000000,0.000000
-14.624390,-13.634322,-11.468803,0.000000,1.376256,1.103355,2.479612,-0.120388,-1.599848,33.951313,6.000000,-4.877554,2.000000,0.000000,1.000000,0.000000
-6.618397,-10.942067,-11.272220,0.000000,1.352666,1.107864,2.460531,-0.139469,-1.603291,34.197079,7.000000,-4.533545,2.000000,0.000000,1.000000,0.000000
-2.252363,-7.025620,-9.687342,0.000000,1.162481,1.111739,2.274220,-0.325780,-1.681819,34.376755,7.000000,-4.028372,2.000000,0.000000,1.000000,0.000000
-0.449579,-5.153865,-7.995399,0.000000,0.959448,1.114937,2.074385,-0.525615,-1.708355,34.498550,6.000000,3.214830,2.000000,0.000000,1.000000,0.000000
0.880873,-2.679657,-6.011506,0.000000,0.721381,1.117342,1.838722,-0.761277,-1.677612,34.576885,5.000000,3.623811,2.000000,0.000000,1.000000,0.000000
-15.022902,-6.068090,-6.032623,0.000000,0.723915,1.119755,1.843670,-0.756330,-1.700840,34.664364,4.000000,-3.499787,2.000000,0.000000,1.000000,0.000000
-50.713955,-17.622490,-10.358089,0.000000,1.242971,1.123898,2.366869,-0.233131,-1.726218,34.901268,4.000000,-3.724332,2.000000,0.000000,1.000000,0.000000
-25.278606,-14.495308,-11.902145,0.000000,1.428257,1.128659,2.556916,-0.043084,-1.749950,35.222446,7.000000,1.202334,2.000000,0.000000,1.000000,0.000000
-3.157790,-10.568557,-11.404435,0.000000,1.368532,1.133221,2.501753,-0.098247,-1.735283,35.473083,8.000000,4.872690,2.000000,0.000000,1.000000,0.000000
-27.618364,-17.650530,-13.735546,0.000000,1.648265,1.138715,2.786980,0.186980,-1.686812,35.755276,7.000000,0.184957,2.000000,0.000000,1.000000,0.000000
-9.441922,-15.050881,-14.226443,0.000000,1.707173,1.144405,2.851579,0.251579,-1.576239,36.082291,8.000000,-1.810209,2.000000,0.000000,1.000000,0.000000
-1.848748,-13.482540,-13.948811,0.000000,1.673857,1.149985,2.823842,0.223842,-1.587145,36.367626,9.000000,1.159739,2.000000,0.000000,1.000000,0.000000
-10.869808,-14.801468,-14.267032,0.000000,1.712044,1.155692,2.867735,0.267735,-1.588416,36.650467,9.000000,2.253779,2.000000,0.000000,1.000000,0.000000
-19.848911,-18.070110,-15.686382,0.000000,1.882366,1.161966,3.044332,0.444332,-1.556974,36.979183,9.000000,0.844249,2.000000,0.000000,1.000000,0.000000
-57.988728,-29.058784,-20.677109,0.000000,2.481253,1.170237,3.651490,1.051490,-1.498897,37.450474,9.000000,-0.269048,2.000000,0.000000,1.000000,0.000000
-15.306966,-20.899912,-20.760262,0.000000,2.491231,1.178541,3.669773,1.069773,-1.528629,37.950062,12.000000,1.503162,2.000000,0.000000,1.000000,0.000000
-15.121415,-22.375257,-21.362995,0.000000,2.563559,1.187086,3.750646,1.150646,-1.555265,38.382813,13.000000,1.345583,2.000000,0.000000,1.000000,0.000000
-19.298788,-23.339060,-22.100485,0.000000,2.652058,1.195927,3.847985,1.247985,-1.477447,38.839954,13.000000,7.020803,2.000000,0.000000,1.000000,0.000000
-3.884573,-19.545841,-21.147064,0.000000,2.537648,1.204386,3.742033,1.142033,-1.385824,39.268803,13.000000,4.153616,2.000000,0.000000,1.000000,0.000000
-0.112695,-16.757736,-19.508919,0.000000,2.341070,1.212189,3.553259,0.953259,-1.322838,39.631840,12.000000,4.388538,2.000000,0.000000,1.000000,0.000000
-16.762203,-22.786289,-20.732069,0.000000,2.487848,1.220482,3.708330,1.108330,-1.334300,40.027279,11.000000,2.861175,2.000000,0.000000,1.000000,0.000000
-81.664154,-39.417595,-27.705713,0.000000,3.324686,1.231564,4.556250,1.956250,-1.318726,40.649319,12.000000,4.193573,2.000000,0.000000,1.000000,0.000000
-25.125053,-28.229321,-27.901129,0.000000,3.348135,1.242725,4.590860,1.990860,-1.206167,41.325787,15.000000,3.054198,2.000000,0.000000,1.000000,0.000000
7.177366,-18.921339,-24.549772,0.000000,2.945973,1.252545,4.198517,1.598517,-1.115339,41.797295,15.000000,7.121022,2.000000,0.000000,1.000000,0.000000
-0.524901,-17.651575,-21.975288,0.000000,2.637035,1.261335,3.898369,1.298369,-0.945187,42.163025,12.000000,6.079576,2.000000,0.000000,1.000000,0.000000
1.668798,-15.012688,-19.376770,0.000000,2.325212,1.269085,3.594298,0.994298,-0.835028,42.489666,10.000000,4.617949,2.000000,0.000000,1.000000,0.000000
-51.755959,-27.917492,-22.564262,0.000000,2.707711,1.278111,3.985823,1.385823,-0.701477,42.918968,8.000000,6.772125,2.000000,0.000000,1.000000,0.000000
3.953402,-14.400948,-19.517624,0.000000,2.342115,1.285918,3.628033,1.028033,-0.543648,43.342152,9.000000,5.954290,2.000000,0.000000,1.000000,0.000000
-27.312443,-21.115170,-20.113846,0.000000,2.413661,1.293964,3.707625,1.107625,-0.404743,43.697311,7.000000,4.353608,2.000000,0.000000,1.000000,0.000000
-7.490191,-18.198988,-19.399200,0.000000,2.327904,1.301723,3.629627,1.029627,-0.369797,44.090454,7.000000,5.330867,2.000000,0.000000,1.000000,0.000000
0.926729,-14.882206,-17.713409,0.000000,2.125609,1.308809,3.434418,0.834418,-0.370692,44.421265,6.000000,2.470232,2.000000,0.000000,1.000000,0.000000
-8.915990,-18.648300,-18.062321,0.000000,2.167478,1.316034,3.483512,0.883512,-0.377554,44.756569,6.000000,8.453665,2.000000,0.000000,1.000000,0.000000
-40.806419,-26.061514,-21.047707,0.000000,2.525725,1.324453,3.850177,1.250177,-0.316029,45.203667,5.000000,8.980604,2.000000,0.000000,1.000000,0.000000
-46.630318,-30.677259,-24.641562,0.000000,2.956987,1.334309,4.291296,1.691297,-0.340813,45.771053,7.000000,4.787201,2.000000,0.000000,1.000000,0.000000
-29.624323,-27.902586,-25.858612,0.000000,3.103033,1.344653,4.447686,1.847686,-0.313303,46.356853,10.000000,2.740781,2.000000,0.000000,1.000000,0.000000
-10.732785,-21.329311,-24.168228,0.000000,2.900187,1.354320,4.254507,1.654507,-0.335532,46.849171,10.000000,7.160794,2.000000,0.000000,1.000000,0.000000
-0.121093,-20.459202,-22.783979,0.000000,2.734077,1.363433,4.097511,1.497511,-0.291547,47.267056,9.000000,9.901499,2.000000,0.000000,1.000000,0.000000
-0.854396,-17.395350,-20.772884,0.000000,2.492746,1.371743,3.864489,1.264489,-0.099564,47.645599,7.000000,11.365576,2.000000,0.000000,1.000000,0.000000
0.067801,-13.708246,-18.136284,0.000000,2.176354,1.378997,3.555351,0.955351,-0.003670,47.956635,6.000000,8.218328,2.000000,0.000000,1.000000,0.000000
-46.815006,-24.854523,-20.643604,0.000000,2.477232,1.387254,3.864487,1.264487,0.109225,48.342262,4.000000,2.042537,2.000000,0.000000,1.000000,0.000000
-23.062386,-19.943384,-20.382275,0.000000,2.445873,1.395407,3.841280,1.241280,0.156009,48.790241,5.000000,1.165773,2.000000,0.000000,1.000000,0.000000
-25.196249,-20.117884,-20.283602,0.000000,2.434032,1.403521,3.837553,1.237553,0.206917,49.190853,5.000000,5.439034,2.000000,0.000000,1.000000,0.000000
5.593684,-12.588953,-17.411875,0.000000,2.089425,1.410486,3.499910,0.899910,0.277589,49.517921,4.000000,2.303763,2.000000,0.000000,1.000000,0.000000
-6.699195,-11.763782,-15.303945,0.000000,1.836473,1.416607,3.253081,0.653081,0.320499,49.761448,2.000000,-3.125490,2.000000,0.000000,1.000000,0.000000
5.199677,-7.067896,-12.230161,0.000000,1.467619,1.421499,2.889119,0.289119,0.320739,49.949764,1.000000,-0.298610,2.000000,0.000000,1.000000,0.000000
-1.833860,-8.093527,-10.686323,0.000000,1.282359,1.425774,2.708133,0.108133,0.237705,50.101379,0.000000,1.638517,2.000000,0.000000,1.000000,0.000000
-5.741762,-8.497743,-9.869521,0.000000,1.184343,1.429722,2.614064,0.014064,0.172219,50.267292,0.000000,2.594354,2.000000,0.000000,1.000000,0.000000
-13.637188,-10.418980,-10.074585,0.000000,1.208950,1.433752,2.642702,0.042702,0.131661,50.456459,0.000000,3.645621,2.000000,0.000000,1.000000,0.000000
-4.734901,-8.029861,-9.311472,0.000000,1.117377,1.437476,2.554853,-0.045147,0.087154,50.640949,0.000000,-0.256160,2.000000,0.000000,1.000000,0.000000
-12.197332,-7.847710,-8.765180,0.000000,1.051822,1.440982,2.492804,-0.107196,0.053425,50.799725,0.000000,1.354398,2.000000,0.000000,1.000000,0.000000
-4.116720,-5.384251,-7.503380,0.000000,0.900406,1.443984,2.344389,-0.255611,-0.005909,50.932045,0.000000,-2.233188,2.000000,0.000000,1.000000,0.000000
-4.336007,-5.420755,-6.726121,0.000000,0.807135,1.446674,2.253808,-0.346191,-0.039669,51.040096,-1.000000,-2.190891,2.000000,0.000000,1.000000,0.000000
0.101813,-4.134135,-5.758764,0.000000,0.691052,1.448977,2.140029,-0.459971,-0.056841,51.135647,-1.000000,-1.420016,2.000000,0.000000,1.000000,0.000000
-4.066456,-4.999030,-5.475223,0.000000,0.657027,1.451168,2.108194,-0.491806,-0.127789,51.226978,-1.000000,-2.604212,2.000000,0.000000,1.000000,0.000000
-3.361616,-3.984267,-4.918782,0.000000,0.590254,1.453135,2.043389,-0.556611,-0.168075,51.316811,-1.000000,-0.591222,2.000000,0.000000,1.000000,0.000000
-1.141149,-2.235658,-3.917410,0.000000,0.470089,1.454702,1.924791,-0.675209,-0.242781,51.379009,-1.000000,-3.027226,2.000000,0.000000,1.000000,0.000000
-1.226219,-3.468041,-3.749701,0.000000,0.449964,1.456202,1.906166,-0.693834,-0.218156,51.436047,-2.000000,0.145929,2.000000,0.000000,1.000000,0.000000
17.281073,1.830962,-1.666936,0.000000,0.200032,1.456869,1.656901,-0.943099,-0.277157,51.452419,-2.000000,-2.852977,2.000000,0.000000,1.000000,0.000000
-10.041158,-5.400186,-3.060226,0.000000,0.367227,1.458093,1.825320,-0.774680,-0.415635,51.488113,-2.000000,-4.379183,2.000000,0.000000,1.000000,0.000000
20.501791,4.181948,-0.357367,0.000000,0.042884,1.458236,1.501120,-1.098880,-0.538977,51.500298,-1.000000,-6.400123,2.000000,0.000000,1.000000,0.000000
-8.566381,-0.489811,-0.406797,0.000000,0.048816,1.458398,1.507214,-1.092786,-0.592268,51.463375,-2.000000,-8.018648,2.000000,0.000000,1.000000,0.000000
-0.045375,0.349470,-0.124550,0.000000,0.014946,1.458448,1.473394,-1.126606,-0.595050,51.464779,-2.000000,-5.969047,2.000000,0.000000,1.000000,0.000000
23.767530,6.121229,2.206444,0.000000,-0.264773,1.457566,1.192792,-1.407207,-0.736247,51.400070,-1.000000,-7.114161,2.000000,0.000000,1.000000,0.000000
14.573841,6.018930,3.629306,0.000000,-0.435517,1.456114,1.020597,-1.579403,-0.936514,51.278667,-2.000000,-5.329712,2.000000,0.000000,1.000000,0.000000
-9.572557,0.616776,2.504996,0.000000,-0.300600,1.455112,1.154512,-1.445487,-0.999036,51.212311,-2.000000,-8.517859,2.000000,0.000000,1.000000,0.000000
-2.774873,1.508355,2.133039,0.000000,-0.255965,1.454259,1.198294,-1.401706,-1.092433,51.191059,-1.000000,-4.017620,2.000000,0.000000,1.000000,0.000000
19.756321,7.337117,4.075258,0.000000,-0.489031,1.452629,0.963598,-1.636402,-1.192979,51.102604,-1.000000,-5.641650,2.000000,0.000000,1.000000,0.000000
12.087977,6.715978,5.060804,0.000000,-0.607296,1.450604,0.843308,-1.756692,-1.274065,50.962074,-1.000000,-4.392259,2.000000,0.000000,1.000000,0.000000
-4.908966,2.294906,4.028540,0.000000,-0.483425,1.448993,0.965568,-1.634432,-1.354604,50.871967,-2.000000,-6.351237,2.000000,0.000000,1.000000,0.000000
-11.828836,0.032619,2.537219,0.000000,-0.304466,1.447978,1.143512,-1.456488,-1.528885,50.848694,0.000000,-5.513503,2.000000,0.000000,1.000000,0.000000
-11.770042,-2.387419,0.699290,0.000000,-0.083915,1.447698,1.363784,-1.236216,-1.611706,50.872242,0.000000,-3.781565,2.000000,0.000000,1.000000,0.000000
-7.999272,-2.551963,-0.514113,0.000000,0.061694,1.447904,1.509598,-1.090402,-1.691008,50.921635,2.000000,-1.670564,2.000000,0.000000,1.000000,0.000000
16.447790,5.643673,1.784041,0.000000,-0.214085,1.447191,1.233106,-1.366894,-1.687863,50.890717,2.000000,-6.422109,2.000000,0.000000,1.000000,0.000000
11.185616,5.124165,3.030612,0.000000,-0.363673,1.445978,1.082305,-1.517695,-1.701571,50.783039,1.000000,-6.398368,2.000000,0.000000,1.000000,0.000000
9.611126,5.426342,3.924725,0.000000,-0.470967,1.444408,0.973441,-1.626558,-1.725838,50.677532,1.000000,-2.221095,2.000000,0.000000,1.000000,0.000000
18.333906,6.429815,4.859652,0.000000,-0.583158,1.442465,0.859306,-1.740694,-1.821758,50.558971,0.000000,-3.319156,2.000000,0.000000,1.000000,0.000000
-6.218002,-0.796291,2.748791,0.000000,-0.329855,1.441365,1.111510,-1.488490,-1.914265,50.502636,0.000000,-1.258654,2.000000,0.000000,1.000000,0.000000
-10.148088,-1.889716,1.017650,0.000000,-0.122118,1.440958,1.318840,-1.281160,-2.038612,50.529495,2.000000,-1.881172,2.000000,0.000000,1.000000,0.000000
0.761136,0.117883,0.681847,0.000000,-0.081822,1.440685,1.358864,-1.241136,-2.127020,50.547215,4.000000,-0.206821,2.000000,0.000000,1.000000,0.000000
4.008900,2.892342,1.506828,0.000000,-0.180819,1.440083,1.259263,-1.340737,-2.148683,50.517113,4.000000,1.496656,2.000000,0.000000,1.000000,0.000000
22.335249,7.635491,3.794112,0.000000,-0.455293,1.438565,0.983271,-1.616729,-2.154895,50.411835,4.000000,0.349866,2.000000,0.000000,1.000000,0.000000
3.233464,3.074831,3.525669,0.000000,-0.423080,1.437155,1.014074,-1.585925,-2.064058,50.304733,2.000000,3.993150,2.000000,0.000000,1.000000,0.000000
4.343356,3.731443,3.602466,0.000000,-0.432296,1.435714,1.003418,-1.596582,-2.011918,50.236671,2.000000,5.062429,2.000000,0.000000,1.000000,0.000000
5.658295,3.936210,3.727023,0.000000,-0.447243,1.434223,0.986980,-1.613020,-1.953643,50.159996,1.000000,4.335241,2.000000,0.000000,1.000000,0.000000
7.421852,4.549966,4.034154,0.000000,-0.484099,1.432609,0.948511,-1.651489,-1.866458,50.075134,1.000000,2.438693,2.000000,0.000000,1.000000,0.000000
-5.527181,0.283630,2.634418,0.000000,-0.316130,1.431555,1.115425,-1.484575,-1.753765,50.026798,0.000000,-0.231511,2.000000,0.000000,1.000000,0.000000
-8.820271,-1.680928,1.023883,0.000000,-0.122866,1.431146,1.308280,-1.291720,-1.649273,50.040771,0.000000,-1.303104,2.000000,0.000000,1.000000,0.000000
13.771401,4.030543,2.146002,0.000000,-0.257520,1.430287,1.172767,-1.427233,-1.576159,50.017277,1.000000,2.640921,2.000000,0.000000,1.000000,0.000000
8.958684,4.277553,2.941520,0.000000,-0.352982,1.429111,1.076128,-1.523872,-1.496679,49.934196,0.000000,2.009646,2.000000,0.000000,1.000000,0.000000
6.384435,2.163093,2.651002,0.000000,-0.318120,1.428050,1.109930,-1.490070,-1.437165,49.869789,0.000000,-0.555238,2.000000,0.000000,1.000000,0.000000
10.690239,2.600817,2.632273,0.000000,-0.315873,1.426998,1.111125,-1.488875,-1.437609,49.822151,0.000000,0.752946,2.000000,0.000000,1.000000,0.000000
9.531791,2.278134,2.500104,0.000000,-0.300012,1.425997,1.125985,-1.474015,-1.438477,49.773361,0.000000,-2.643914,2.000000,0.000000,1.000000,0.000000
9.908666,0.292792,1.676311,0.000000,-0.201157,1.425327,1.224170,-1.375830,-1.444226,49.747650,0.000000,2.507098,2.000000,0.000000,1.000000,0.000000
0.640629,-2.578767,0.088269,0.000000,-0.010592,1.425292,1.414699,-1.185301,-1.430277,49.770512,0.000000,4.235425,2.000000,0.000000,1.000000,0.000000
-9.520677,-5.903929,-2.148085,0.000000,0.257770,1.426151,1.683921,-0.916079,-1.415984,49.855339,1.000000,-2.685863,2.000000,0.000000,1.000000,0.000000
-0.140191,-2.510970,-2.283518,0.000000,0.274022,1.427064,1.701086,-0.898914,-1.440796,49.939487,2.000000,-5.467648,2.000000,0.000000,1.000000,0.000000
-5.081909,-3.613568,-2.779907,0.000000,0.333589,1.428176,1.761765,-0.838235,-1.477671,50.000732,2.000000,1.196608,2.000000,0.000000,1.000000,0.000000
-1.926441,-3.522295,-3.056974,0.000000,0.366837,1.429399,1.796236,-0.803764,-1.443397,50.072090,3.000000,2.564907,2.000000,0.000000,1.000000,0.000000
13.946144,1.394382,-1.395679,0.000000,0.167482,1.429957,1.597439,-1.002561,-1.379774,50.093369,2.000000,1.442802,2.000000,0.000000,1.000000,0.000000
5.580021,-0.269870,-0.975515,0.000000,0.117062,1.430348,1.547409,-1.052591,-1.333560,50.082123,1.000000,-0.077410,2.000000,0.000000,1.000000,0.000000
9.035756,0.073248,-0.584105,0.000000,0.070093,1.430581,1.500674,-1.099326,-1.367189,50.084087,1.000000,1.750122,2.000000,0.000000,1.000000,0.000000
-2.333191,-2.132040,-1.161811,0.000000,0.139417,1.431046,1.570463,-1.029537,-1.373754,50.104675,1.000000,-0.093961,2.000000,0.000000,1.000000,0.000000
-0.779221,-3.581207,-2.064756,0.000000,0.247771,1.431872,1.679643,-0.920357,-1.415734,50.161808,1.000000,3.926410,2.000000,0.000000,1.000000,0.000000
-32.860081,-13.106046,-6.185487,0.000000,0.742258,1.434346,2.176604,-0.423396,-1.440664,50.328682,2.000000,5.945354,2.000000,0.000000,1.000000,0.000000
9.936891,-0.925735,-4.222490,0.000000,0.506699,1.436035,1.942734,-0.657266,-1.398482,50.468998,4.000000,0.444178,2.000000,0.000000,1.000000,0.000000
2.097476,-1.617408,-3.250245,0.000000,0.390029,1.437335,1.827364,-0.772636,-1.462254,50.494431,4.000000,1.884295,2.000000,0.000000,1.000000,0.000000
-7.725630,-1.576325,-2.625519,0.000000,0.315062,1.438385,1.753448,-0.846552,-1.444627,50.526367,3.000000,-1.115625,2.000000,0.000000,1.000000,0.000000
4.086538,2.215965,-0.818624,0.000000,0.098235,1.438713,1.536948,-1.063052,-1.381474,50.519970,2.000000,4.202711,2.000000,0.000000,1.000000,0.000000
0.167771,1.765107,0.145653,0.000000,-0.017478,1.438654,1.421176,-1.178824,-1.268721,50.480160,1.000000,2.624934,2.000000,0.000000,1.000000,0.000000
5.300972,3.044796,1.227645,0.000000,-0.147317,1.438163,1.290846,-1.309154,-1.268549,50.432060,0.000000,-0.577358,2.000000,0.000000,1.000000,0.000000
1.983281,1.727000,1.414010,0.000000,-0.169681,1.437598,1.267917,-1.332083,-1.253060,50.384342,0.000000,-1.805661,2.000000,0.000000,1.000000,0.000000
20.603067,7.112680,3.540816,0.000000,-0.424898,1.436181,1.011284,-1.588716,-1.253471,50.295944,0.000000,1.627994,2.000000,0.000000,1.000000,0.000000
13.441934,6.798876,4.756760,0.000000,-0.570811,1.434279,0.863468,-1.736532,-1.212087,50.156830,-1.000000,-1.712919,2.000000,0.000000,1.000000,0.000000
4.231994,4.010678,4.478314,0.000000,-0.537398,1.432487,0.895090,-1.704910,-1.176598,50.048733,-2.000000,-2.969675,2.000000,0.000000,1.000000,0.000000
-2.502008,2.866917,3.876923,0.000000,-0.465231,1.430937,0.965706,-1.634294,-1.223561,49.979958,-2.000000,0.413689,2.000000,0.000000,1.000000,0.000000
-23.369448,-4.008803,0.933883,0.000000,-0.112066,1.430563,1.318497,-1.281503,-1.289609,49.991375,-1.000000,-2.631670,2.000000,0.000000,1.000000,0.000000
-6.485706,-1.966964,-0.148745,0.000000,0.017849,1.430622,1.448472,-1.151528,-1.343222,50.051132,0.000000,2.363475,2.000000,0.000000,1.000000,0.000000
-2.234862,0.522648,0.101826,0.000000,-0.012219,1.430582,1.418362,-1.181637,-1.330290,50.065575,0.000000,-0.241391,2.000000,0.000000,1.000000,0.000000
11.760996,4.119182,1.601148,0.000000,-0.192138,1.429941,1.237803,-1.362196,-1.310611,50.019157,0.000000,0.301077,2.000000,0.000000,1.000000,0.000000
-5.761764,2.238032,1.838840,0.000000,-0.220661,1.429206,1.208545,-1.391455,-1.297448,49.955585,0.000000,1.273468,2.000000,0.000000,1.000000,0.000000
-4.562218,2.783172,2.191275,0.000000,-0.262953,1.428329,1.165376,-1.434624,-1.281778,49.905373,0.000000,-1.579257,2.000000,0.000000,1.000000,0.000000
0.408763,4.828521,3.175524,0.000000,-0.381063,1.427059,1.045996,-1.554004,-1.259648,49.829254,0.000000,0.934729,2.000000,0.000000,1.000000,0.000000
-0.257133,7.377367,4.743698,0.000000,-0.569244,1.425161,0.855918,-1.744082,-1.250299,49.707195,-1.000000,6.516162,2.000000,0.000000,1.000000,0.000000
6.381502,6.594841,5.434565,0.000000,-0.652148,1.422988,0.770840,-1.829160,-1.226622,49.567474,-2.000000,1.518952,2.000000,0.000000,1.000000,0.000000
3.048936,4.947003,5.252602,0.000000,-0.630312,1.420887,0.790574,-1.809425,-1.212812,49.452057,-3.000000,-0.927225,2.000000,0.000000,1.000000,0.000000
-0.135461,3.714394,4.678525,0.000000,-0.561423,1.419015,0.857592,-1.742408,-1.230808,49.365444,-2.000000,1.425644,2.000000,0.000000,1.000000,0.000000
-2.109472,3.025748,4.061691,0.000000,-0.487403,1.417390,0.929988,-1.670012,-1.237561,49.298042,-2.000000,0.096449,2.000000,0.000000,1.000000,0.000000
1.294010,2.761143,3.576312,0.000000,-0.429157,1.415960,0.986803,-1.613197,-1.204234,49.240173,-2.000000,-1.978531,2.000000,0.000000,1.000000,0.000000
11.800083,5.768856,4.394594,0.000000,-0.527351,1.414202,0.886851,-1.713149,-1.208342,49.154873,-2.000000,0.200035,2.000000,0.000000,1.000000,0.000000
-4.018585,0.680506,3.008455,0.000000,-0.361015,1.412999,1.051984,-1.548016,-1.259072,49.090378,-2.000000,-2.593324,2.000000,0.000000,1.000000,0.000000
2.563864,-0.164237,1.824372,0.000000,-0.218925,1.412269,1.193344,-1.406656,-1.327198,49.085217,-1.000000,0.291789,2.000000,0.000000,1.000000,0.000000
18.561674,4.077087,2.665110,0.000000,-0.319813,1.411203,1.091390,-1.508610,-1.317969,49.046089,0.000000,-0.369771,2.000000,0.000000,1.000000,0.000000
0.364882,-0.745625,1.392186,0.000000,-0.167062,1.410646,1.243584,-1.356416,-1.313691,49.012775,0.000000,2.265575,2.000000,0.000000,1.000000,0.000000
-18.093370,-9.187666,-2.556331,0.000000,0.306760,1.411669,1.718428,-0.881572,-1.346432,49.112110,0.000000,6.895939,2.000000,0.000000,1.000000,0.000000
-2.853669,-4.518359,-3.288581,0.000000,0.394630,1.412984,1.807614,-0.792386,-1.345600,49.249172,2.000000,5.506479,2.000000,0.000000,1.000000,0.000000
-0.746147,-5.460504,-4.099167,0.000000,0.491900,1.414624,1.906524,-0.693476,-1.396936,49.348961,3.000000,4.814409,2.000000,0.000000,1.000000,0.000000
-0.395586,-6.077624,-4.837549,0.000000,0.580506,1.416559,1.997065,-0.602935,-1.347643,49.464344,3.000000,9.243659,2.000000,0.000000,1.000000,0.000000
-6.167096,-7.068444,-5.670144,0.000000,0.680417,1.418827,2.099244,-0.500756,-1.131153,49.595806,2.000000,7.707580,2.000000,0.000000,1.000000,0.000000
15.238963,-0.726422,-3.825092,0.000000,0.459011,1.420357,1.879368,-0.720632,-1.033483,49.673756,2.000000,3.221632,2.000000,0.000000,1.000000,0.000000
-3.489049,-4.472075,-4.066554,0.000000,0.487986,1.421983,1.909970,-0.690030,-0.989003,49.725742,1.000000,0.541635,2.000000,0.000000,1.000000,0.000000
4.112588,-1.756487,-3.204411,0.000000,0.384529,1.423265,1.807795,-0.792205,-0.930869,49.788029,1.000000,2.160418,2.000000,0.000000,1.000000,0.000000
3.893720,-2.040669,-2.770090,0.000000,0.332411,1.424373,1.756784,-0.843216,-0.874608,49.826000,0.000000,2.174638,2.000000,0.000000,1.000000,0.000000
-4.451337,-4.800322,-3.527795,0.000000,0.423335,1.425784,1.849120,-0.750880,-0.792819,49.894409,0.000000,2.531772,2.000000,0.000000,1.000000,0.000000
5.476979,-2.853705,-3.276217,0.000000,0.393146,1.427095,1.820241,-0.779759,-0.741446,49.970951,0.000000,0.355416,2.000000,0.000000,1.000000,0.000000
0.696948,-4.040499,-3.561456,0.000000,0.427375,1.428519,1.855894,-0.744106,-0.754538,50.039894,0.000000,-0.106384,2.000000,0.000000,1.000000,0.000000
11.269180,-0.022769,-2.240779,0.000000,0.268893,1.429416,1.698309,-0.901691,-0.746127,50.080528,0.000000,-2.184258,2.000000,0.000000,1.000000,0.000000
9.781882,0.486107,-1.223075,0.000000,0.146769,1.429905,1.576674,-1.023326,-0.751657,50.075893,0.000000,-2.034333,2.000000,0.000000,1.000000,0.000000
9.070029,-0.824351,-1.074267,0.000000,0.128912,1.430335,1.559247,-1.040753,-0.796006,50.079277,-1.000000,3.933883,2.000000,0.000000,1.000000,0.000000
-5.584794,-4.520111,-2.360294,0.000000,0.283235,1.431279,1.714514,-0.885486,-0.876637,50.132721,0.000000,4.797870,2.000000,0.000000,1.000000,0.000000
4.225005,-1.340734,-1.979783,0.000000,0.237574,1.432071,1.669645,-0.930355,-0.895220,50.191330,0.000000,3.598417,2.000000,0.000000,1.000000,0.000000
-0.990399,-2.917297,-2.329673,0.000000,0.279561,1.433003,1.712563,-0.887437,-0.899422,50.233910,0.000000,3.351199,2.000000,0.000000,1.000000,0.000000
-3.105833,-1.260364,-1.930595,0.000000,0.231671,1.433775,1.665446,-0.934554,-1.000342,50.275684,0.000000,0.932004,2.000000,0.000000,1.000000,0.000000
-0.277444,-1.328838,-1.706013,0.000000,0.204722,1.434457,1.639179,-0.960821,-1.046854,50.301575,0.000000,-1.168564,2.000000,0.000000,1.000000,0.000000
6.872789,0.575639,-0.854476,0.000000,0.102537,1.434799,1.537336,-1.062664,-1.087679,50.309105,0.000000,-1.684785,2.000000,0.000000,1.000000,0.000000
-3.695668,-1.204447,-0.985089,0.000000,0.118211,1.435193,1.553404,-1.046596,-1.132623,50.315392,0.000000,-4.183809,2.000000,0.000000,1.000000,0.000000
6.226462,0.008347,-0.614328,0.000000,0.073719,1.435439,1.509158,-1.090842,-1.216596,50.327354,0.000000,-5.919802,2.000000,0.000000,1.000000,0.000000
2.011592,-0.305578,-0.499099,0.000000,0.059892,1.435638,1.495530,-1.104470,-1.344680,50.330326,1.000000,-4.872774,2.000000,0.000000,1.000000,0.000000
50.408699,13.926105,4.884546,0.000000,-0.586146,1.433684,0.847539,-1.752461,-1.423089,50.194122,1.000000,-3.965588,2.000000,0.000000,1.000000,0.000000
26.021364,10.693716,7.052592,0.000000,-0.846311,1.430863,0.584552,-2.015448,-1.469193,49.947926,-1.000000,-2.991593,2.000000,0.000000,1.000000,0.000000
15.000443,9.611656,8.007663,0.000000,-0.960919,1.427660,0.466741,-2.133259,-1.523990,49.744873,-2.000000,-4.348417,2.000000,0.000000,1.000000,0.000000
12.663915,10.985780,9.119129,0.000000,-1.094296,1.424013,0.329717,-2.270283,-1.697971,49.538898,-2.000000,-9.959810,2.000000,0.000000,1.000000,0.000000
-2.839971,6.771956,8.243138,0.000000,-0.989177,1.420715,0.431539,-2.168461,-1.904817,49.361320,-1.000000,-6.769052,2.000000,0.000000,1.000000,0.000000
26.836061,14.095621,10.427349,0.000000,-1.251282,1.416545,0.165263,-2.434737,-2.083546,49.152645,0.000000,-1.649985,2.000000,0.000000,1.000000,0.000000
44.714333,19.249947,13.720039,0.000000,-1.646405,1.411057,-0.235348,-2.835348,-2.271526,48.819191,0.000000,-1.303084,2.000000,0.000000,1.000000,0.000000
4.917750,7.497877,11.397860,0.000000,-1.367743,1.406497,0.038754,-2.561246,-2.424997,48.551712,-2.000000,-1.073348,2.000000,0.000000,1.000000,0.000000
-0.727937,6.426431,9.542467,0.000000,-1.145096,1.402680,0.257584,-2.342416,-2.496353,48.412468,0.000000,-7.181103,2.000000,0.000000,1.000000,0.000000
7.056786,6.960195,8.578734,0.000000,-1.029448,1.399249,0.369801,-2.230199,-2.579283,48.278603,1.000000,-2.340006,2.000000,0.000000,1.000000,0.000000
1.811956,5.626040,7.476756,0.000000,-0.897211,1.396258,0.499048,-2.100952,-2.631796,48.152740,1.000000,-3.229810,2.000000,0.000000,1.000000,0.000000
-5.965750,3.430926,5.966808,0.000000,-0.716017,1.393872,0.677855,-1.922145,-2.667806,48.062172,2.000000,-2.140014,2.000000,0.000000,1.000000,0.000000
15.978980,7.753790,6.633729,0.000000,-0.796047,1.391218,0.595171,-2.004829,-2.680272,47.950325,3.000000,-4.270618,2.000000,0.000000,1.000000,0.000000
36.936306,15.597736,9.979195,0.000000,-1.197503,1.387226,0.189723,-2.410277,-2.673800,47.716808,3.000000,-2.894212,2.000000,0.000000,1.000000,0.000000
-0.670852,6.659754,8.740343,0.000000,-1.048841,1.383730,0.334889,-2.265111,-2.618185,47.494232,1.000000,0.017214,2.000000,0.000000,1.000000,0.000000
11.252245,9.337152,8.963078,0.000000,-1.075569,1.380145,0.304576,-2.295424,-2.603614,47.334263,1.000000,2.635773,2.000000,0.000000,1.000000,0.000000
10.528780,9.156415,9.035233,0.000000,-1.084228,1.376531,0.292303,-2.307697,-2.596441,47.149326,1.000000,0.690044,2.000000,0.000000,1.000000,0.000000
19.543011,10.044238,9.411805,0.000000,-1.129417,1.372766,0.243350,-2.356650,-2.580146,46.957321,1.000000,0.216060,2.000000,0.000000,1.000000,0.000000
3.366124,5.453254,7.934430,0.000000,-0.952132,1.369592,0.417461,-2.182539,-2.541576,46.802345,0.000000,2.794114,2.000000,0.000000,1.000000,0.000000
2.258759,3.604921,6.318610,0.000000,-0.758233,1.367065,0.608832,-1.991168,-2.412175,46.711765,1.000000,2.027563,2.000000,0.000000,1.000000,0.000000
15.831828,7.730032,6.845368,0.000000,-0.821444,1.364327,0.542883,-2.057117,-2.327348,46.598415,1.000000,0.869199,2.000000,0.000000,1.000000,0.000000
6.999408,6.784758,6.822748,0.000000,-0.818730,1.361598,0.542868,-2.057132,-2.290677,46.453266,1.000000,-0.995535,2.000000,0.000000,1.000000,0.000000
14.493823,9.936761,7.984932,0.000000,-0.958192,1.358404,0.400212,-2.199788,-2.274878,46.286053,1.000000,-1.861655,2.000000,0.000000,1.000000,0.000000
22.757574,13.667421,10.105700,0.000000,-1.212684,1.354361,0.141677,-2.458323,-2.337555,46.050011,0.000000,-2.201718,2.000000,0.000000,1.000000,0.000000
7.239375,8.758754,9.603004,0.000000,-1.152361,1.350520,0.198160,-2.401840,-2.348572,45.825748,0.000000,-1.738413,2.000000,0.000000,1.000000,0.000000
6.925623,9.576269,9.593026,0.000000,-1.151163,1.346683,0.195520,-2.404480,-2.344058,45.642399,0.000000,-3.849980,2.000000,0.000000,1.000000,0.000000
-2.438476,5.713115,8.145000,0.000000,-0.977400,1.343425,0.366025,-2.233975,-2.333025,45.489506,0.000000,-2.549362,2.000000,0.000000,1.000000,0.000000
17.150131,10.661472,9.084175,0.000000,-1.090101,1.339791,0.249690,-2.350309,-2.351663,45.325760,0.000000,-3.493783,2.000000,0.000000,1.000000,0.000000
18.061941,11.496481,9.984474,0.000000,-1.198137,1.335798,0.137661,-2.462339,-2.306755,45.104179,0.000000,0.794287,2.000000,0.000000,1.000000,0.000000
21.266909,12.782156,11.028600,0.000000,-1.323432,1.331386,0.007954,-2.592046,-2.295765,44.861393,0.000000,0.467968,2.000000,0.000000,1.000000,0.000000
-1.738365,7.368771,9.662711,0.000000,-1.159525,1.327521,0.167996,-2.432004,-2.321413,44.659885,-1.000000,-2.143960,2.000000,0.000000,1.000000,0.000000
4.272126,8.331459,9.165874,0.000000,-1.099905,1.323855,0.223950,-2.376050,-2.438313,44.502884,0.000000,-3.910673,2.000000,0.000000,1.000000,0.000000
6.086079,8.784910,9.023694,0.000000,-1.082843,1.320245,0.237402,-2.362598,-2.493366,44.331718,0.000000,-3.618910,2.000000,0.000000,1.000000,0.000000
17.935108,12.010013,10.138221,0.000000,-1.216586,1.316190,0.099604,-2.500396,-2.483432,44.123768,0.000000,0.495846,2.000000,0.000000,1.000000,0.000000
8.770096,8.376904,9.480878,0.000000,-1.137705,1.312398,0.174692,-2.425308,-2.475285,43.919899,0.000000,2.447274,2.000000,0.000000,1.000000,0.000000
-3.197068,5.890556,8.140930,0.000000,-0.976912,1.309141,0.332230,-2.267770,-2.526708,43.777225,0.000000,0.577766,2.000000,0.000000,1.000000,0.000000
-2.982363,4.291312,6.704210,0.000000,-0.804505,1.306460,0.501954,-2.098046,-2.500593,43.675407,1.000000,-5.010278,2.000000,0.000000,1.000000,0.000000
18.527273,12.454180,8.850163,0.000000,-1.062019,1.302920,0.240900,-2.359100,-2.513129,43.507954,2.000000,-1.866881,2.000000,0.000000,1.000000,0.000000
8.893363,9.140309,8.958448,0.000000,-1.075014,1.299336,0.224322,-2.375678,-2.559867,43.292007,0.000000,-3.951193,2.000000,0.000000,1.000000,0.000000
6.834336,8.149408,8.656506,0.000000,-1.038781,1.295874,0.257093,-2.342907,-2.555516,43.119110,0.000000,2.734173,2.000000,0.000000,1.000000,0.000000
-1.882929,6.320461,7.784668,0.000000,-0.934160,1.292760,0.358600,-2.241400,-2.511420,42.974411,0.000000,-3.274537,2.000000,0.000000,1.000000,0.000000
10.194514,7.642950,7.731777,0.000000,-0.927813,1.289667,0.361854,-2.238146,-2.481858,42.834778,1.000000,0.434653,2.000000,0.000000,1.000000,0.000000
1.665851,4.977103,6.703702,0.000000,-0.804444,1.286985,0.482541,-2.117459,-2.391518,42.708576,0.000000,6.391551,2.000000,0.000000,1.000000,0.000000
5.931421,6.120447,6.486025,0.000000,-0.778323,1.284391,0.506068,-2.093932,-2.261625,42.597599,0.000000,3.561724,2.000000,0.000000,1.000000,0.000000
6.259420,5.644437,6.171935,0.000000,-0.740632,1.281922,0.541290,-2.058710,-2.188928,42.479950,0.000000,-1.376045,2.000000,0.000000,1.000000,0.000000
1.900848,3.630064,5.223281,0.000000,-0.626794,1.279833,0.653039,-1.946961,-2.077419,42.387203,0.000000,3.363783,2.000000,0.000000,1.000000,0.000000
5.070239,5.061160,5.162776,0.000000,-0.619533,1.277768,0.658235,-1.941765,-2.062657,42.300289,0.000000,2.767752,2.000000,0.000000,1.000000,0.000000
6.928479,5.435545,5.264576,0.000000,-0.631749,1.275662,0.643913,-1.956087,-1.959418,42.195324,0.000000,6.351076,2.000000,0.000000,1.000000,0.000000
3.182797,3.528313,4.616584,0.000000,-0.553990,1.273815,0.719825,-1.880175,-1.904118,42.105686,0.000000,1.255053,2.000000,0.000000,1.000000,0.000000
6.495532,5.545953,4.963435,0.000000,-0.595612,1.271830,0.676218,-1.923782,-1.825188,42.014942,0.000000,2.202644,2.000000,0.000000,1.000000,0.000000
6.330041,3.442538,4.395820,0.000000,-0.527498,1.270072,0.742573,-1.857427,-1.738705,41.925056,0.000000,1.466717,2.000000,0.000000,1.000000,0.000000
-1.821265,2.114205,3.544296,0.000000,-0.425316,1.268654,0.843338,-1.756662,-1.659882,41.869488,0.000000,3.860996,2.000000,0.000000,1.000000,0.000000
-13.029954,-0.854563,1.902594,0.000000,-0.228311,1.267893,1.039582,-1.560418,-1.553510,41.856892,-1.000000,7.055721,2.000000,0.000000,1.000000,0.000000
10.213550,4.580293,2.901940,0.000000,-0.348233,1.266732,0.918499,-1.681501,-1.491918,41.819633,0.000000,2.978411,2.000000,0.000000,1.000000,0.000000
14.640282,6.038843,4.072667,0.000000,-0.488720,1.265103,0.776383,-1.823617,-1.436240,41.713444,-1.000000,2.620710,2.000000,0.000000,1.000000,0.000000
1.097906,2.728283,3.570928,0.000000,-0.428511,1.263675,0.835163,-1.764837,-1.406038,41.625774,-2.000000,0.890275,2.000000,0.000000,1.000000,0.000000
2.098098,3.099883,3.395129,0.000000,-0.407415,1.262317,0.854901,-1.745099,-1.389048,41.567493,-1.000000,-1.409973,2.000000,0.000000,1.000000,0.000000
1.764131,2.834265,3.185808,0.000000,-0.382297,1.261042,0.878745,-1.721255,-1.323514,41.508152,-2.000000,4.639377,2.000000,0.000000,1.000000,0.000000
2.096991,1.557593,2.578141,0.000000,-0.309377,1.260011,0.950634,-1.649366,-1.304247,41.464233,-2.000000,-1.712875,2.000000,0.000000,1.000000,0.000000
-4.579172,-0.258542,1.519459,0.000000,-0.182335,1.259403,1.077068,-1.522932,-1.390366,41.451244,-1.000000,-7.942416,2.000000,0.000000,1.000000,0.000000
-4.536817,-0.787117,0.658620,0.000000,-0.079034,1.259140,1.180105,-1.419894,-1.441601,41.461700,0.000000,-0.209311,2.000000,0.000000,1.000000,0.000000
6.772092,0.882417,0.742143,0.000000,-0.089057,1.258843,1.169786,-1.430214,-1.420753,41.460747,0.000000,4.037224,2.000000,0.000000,1.000000,0.000000
3.923591,1.266118,0.937696,0.000000,-0.112524,1.258468,1.145944,-1.454056,-1.334942,41.439262,0.000000,3.248895,2.000000,0.000000,1.000000,0.000000
8.519770,2.795559,1.631071,0.000000,-0.195729,1.257815,1.062087,-1.537913,-1.286398,41.398647,0.000000,2.307518,2.000000,0.000000,1.000000,0.000000
3.314545,2.170305,1.832319,0.000000,-0.219878,1.257083,1.037204,-1.562796,-1.308007,41.348988,-1.000000,4.951641,2.000000,0.000000,1.000000,0.000000
-10.390978,-1.777137,0.485230,0.000000,-0.058228,1.256889,1.198661,-1.401339,-1.219202,41.345055,-1.000000,-0.971443,2.000000,0.000000,1.000000,0.000000
3.793738,2.071069,1.077083,0.000000,-0.129250,1.256458,1.127208,-1.472792,-1.186203,41.342113,-1.000000,6.077245,2.000000,0.000000,1.000000,0.000000
6.170954,0.997491,1.047378,0.000000,-0.125685,1.256039,1.130353,-1.469646,-1.072535,41.311428,-2.000000,5.213700,2.000000,0.000000,1.000000,0.000000
7.628099,3.086988,1.808583,0.000000,-0.217030,1.255315,1.038285,-1.561715,-0.933132,41.270584,-2.000000,3.068829,2.000000,0.000000,1.000000,0.000000
7.740657,2.760238,2.163751,0.000000,-0.259650,1.254450,0.994800,-1.605200,-0.849739,41.212112,-3.000000,3.182043,2.000000,0.000000,1.000000,0.000000
4.675357,2.487586,2.284610,0.000000,-0.274153,1.253536,0.979383,-1.620617,-0.793968,41.159634,-4.000000,0.661558,2.000000,0.000000,1.000000,0.000000
14.623310,5.820640,3.604295,0.000000,-0.432515,1.252094,0.819579,-1.780421,-0.654823,41.076550,-4.000000,8.234976,2.000000,0.000000,1.000000,0.000000
11.436250,6.249002,4.591329,0.000000,-0.550959,1.250258,0.699298,-1.900702,-0.543427,40.955853,-6.000000,5.732952,2.000000,0.000000,1.000000,0.000000
9.999269,5.959743,5.102036,0.000000,-0.612244,1.248217,0.635973,-1.964027,-0.447469,40.833767,-7.000000,2.432028,2.000000,0.000000,1.000000,0.000000
8.047606,6.255812,5.532638,0.000000,-0.663916,1.246004,0.582087,-2.017912,-0.399946,40.711613,-7.000000,0.162841,2.000000,0.000000,1.000000,0.000000
-11.331356,0.788741,3.762163,0.000000,-0.451460,1.244499,0.793039,-1.806960,-0.424596,40.641167,-7.000000,-0.252660,2.000000,0.000000,1.000000,0.000000
3.519143,5.693676,4.483025,0.000000,-0.537963,1.242706,0.704743,-1.895257,-0.427816,40.576344,-6.000000,2.396379,2.000000,0.000000,1.000000,0.000000
0.595951,4.458084,4.473717,0.000000,-0.536846,1.240916,0.704070,-1.895930,-0.439053,40.474827,-7.000000,0.661909,2.000000,0.000000,1.000000,0.000000
22.601267,10.452496,6.705063,0.000000,-0.804608,1.238234,0.433627,-2.166373,-0.382587,40.325722,-7.000000,2.351217,2.000000,0.000000,1.000000,0.000000
9.984578,8.260666,7.285631,0.000000,-0.874276,1.235320,0.361044,-2.238956,-0.317936,40.138592,-9.000000,2.687981,2.000000,0.000000,1.000000,0.000000
9.425501,8.169223,7.615397,0.000000,-0.913848,1.232274,0.318426,-2.281574,-0.250720,39.974293,-9.000000,5.294907,2.000000,0.000000,1.000000,0.000000
-17.243383,1.241361,5.236537,0.000000,-0.628384,1.230179,0.601795,-1.998205,-0.163282,39.880188,-10.000000,-0.007516,2.000000,0.000000,1.000000,0.000000
5.147909,5.848065,5.464766,0.000000,-0.655772,1.227993,0.572221,-2.027779,-0.058466,39.809292,-9.000000,5.450250,2.000000,0.000000,1.000000,0.000000
6.921469,6.415232,5.819490,0.000000,-0.698339,1.225665,0.527327,-2.072673,0.034856,39.686661,-10.000000,5.155397,2.000000,0.000000,1.000000,0.000000
7.669602,6.959901,6.245104,0.000000,-0.749412,1.223167,0.473755,-2.126245,0.108390,39.552910,-10.000000,3.284571,2.000000,0.000000,1.000000,0.000000
23.787251,11.371483,8.158325,0.000000,-0.978999,1.219904,0.240905,-2.359095,0.084585,39.369595,-11.000000,-2.850202,2.000000,0.000000,1.000000,0.000000
-2.825371,4.731494,6.879394,0.000000,-0.825527,1.217152,0.391625,-2.208375,0.026405,39.208565,-11.000000,-2.640729,2.000000,0.000000,1.000000,0.000000
14.535202,9.007423,7.673598,0.000000,-0.920832,1.214083,0.293251,-2.306749,-0.005977,39.071175,-11.000000,-2.093086,2.000000,0.000000,1.000000,0.000000
-4.123783,4.589835,6.522704,0.000000,-0.782724,1.211474,0.428749,-2.171251,-0.040295,38.935204,-11.000000,-1.683850,2.000000,0.000000,1.000000,0.000000
3.299369,6.113510,6.369988,0.000000,-0.764399,1.208926,0.444527,-2.155473,-0.128337,38.828171,-10.000000,-4.652089,2.000000,0.000000,1.000000,0.000000
30.811142,12.727441,8.742660,0.000000,-1.049119,1.205429,0.156310,-2.443690,-0.223213,38.639763,-9.000000,-4.772927,2.000000,0.000000,1.000000,0.000000
0.873929,7.640178,8.331202,0.000000,-0.999744,1.202096,0.202352,-2.397648,-0.358222,38.436089,-10.000000,-7.115636,2.000000,0.000000,1.000000,0.000000
37.724667,17.236940,11.654922,0.000000,-1.398591,1.197434,-0.201156,-2.801156,-0.474222,38.187317,-9.000000,-4.706190,2.000000,0.000000,1.000000,0.000000
11.588972,13.024719,12.166145,0.000000,-1.459937,1.192568,-0.267370,-2.867369,-0.565088,37.884701,-11.000000,-2.434667,2.000000,0.000000,1.000000,0.000000
13.326240,12.021331,12.112099,0.000000,-1.453452,1.187723,-0.265729,-2.865728,-0.618878,37.634239,-11.000000,-4.258152,2.000000,0.000000,1.000000,0.000000
0.726859,9.907622,11.289364,0.000000,-1.354724,1.183207,-0.171516,-2.771516,-0.847290,37.414951,-10.000000,-9.100073,2.000000,0.000000,1.000000,0.000000
-14.210549,5.747814,9.221197,0.000000,-1.106544,1.179519,0.072975,-2.527025,-1.091796,37.258396,-8.000000,-11.180117,2.000000,0.000000,1.000000,0.000000
1.271492,6.400046,8.168312,0.000000,-0.980197,1.176252,0.196054,-2.403946,-1.252849,37.136917,-6.000000,-6.863151,2.000000,0.000000,1.000000,0.000000
77.262062,27.473246,15.373125,0.000000,-1.844775,1.170102,-0.674673,-3.274673,-1.339901,36.798183,-5.000000,-3.271423,2.000000,0.000000,1.000000,0.000000
22.194269,16.329664,15.730116,0.000000,-1.887614,1.163810,-0.723804,-3.323803,-1.374197,36.360153,-9.000000,-5.663620,2.000000,0.000000,1.000000,0.000000
2.768931,12.112119,14.379840,0.000000,-1.725581,1.158058,-0.567522,-3.167522,-1.475727,36.075737,-9.000000,-8.268823,2.000000,0.000000,1.000000,0.000000
17.404417,15.402173,14.761386,0.000000,-1.771366,1.152154,-0.619213,-3.219213,-1.643461,35.800594,-7.000000,-10.667229,2.000000,0.000000,1.000000,0.000000
13.592217,14.810933,14.779878,0.000000,-1.773585,1.146242,-0.627344,-3.227344,-1.757448,35.498463,-7.000000,-3.288363,2.000000,0.000000,1.000000,0.000000
19.960730,18.579987,16.198120,0.000000,-1.943774,1.139763,-0.804012,-3.404012,-1.866922,35.164555,-6.000000,-3.462407,2.000000,0.000000,1.000000,0.000000
33.454014,22.009190,18.366875,0.000000,-2.204025,1.132416,-1.071609,-3.671609,-1.909407,34.758663,-7.000000,-5.400466,2.000000,0.000000,1.000000,0.000000
13.788883,17.234787,17.944366,0.000000,-2.153324,1.125238,-1.028086,-3.628086,-2.001926,34.366222,-8.000000,-5.250086,2.000000,0.000000,1.000000,0.000000
-2.698061,10.779464,15.270346,0.000000,-1.832441,1.119130,-0.713312,-3.313312,-2.161369,34.086079,-7.000000,-11.549245,2.000000,0.000000,1.000000,0.000000
-6.085108,7.823962,12.491274,0.000000,-1.498953,1.114133,-0.384820,-2.984819,-2.275597,33.900043,-5.000000,-3.792296,2.000000,0.000000,1.000000,0.000000
50.254749,22.644611,16.280611,0.000000,-1.953673,1.107621,-0.846052,-3.446052,-2.387465,33.595356,-3.000000,-0.268171,2.000000,0.000000,1.000000,0.000000
25.774326,17.318689,16.668034,0.000000,-2.000164,1.100954,-0.899210,-3.499210,-2.402889,33.195724,-5.000000,0.380088,2.000000,0.000000,1.000000,0.000000
-1.792847,9.467009,13.980532,0.000000,-1.677664,1.095362,-0.582302,-3.182302,-2.309947,32.927868,-6.000000,-1.697511,2.000000,0.000000,1.000000,0.000000
15.616248,13.774529,13.903649,0.000000,-1.668438,1.089800,-0.578638,-3.178638,-2.362759,32.695454,-4.000000,-7.913630,2.000000,0.000000,1.000000,0.000000
0.349996,9.716282,12.340878,0.000000,-1.480905,1.084864,-0.396042,-2.996041,-2.422857,32.460545,-3.000000,-2.480622,2.000000,0.000000,1.000000,0.000000
-6.324442,9.554061,11.300807,0.000000,-1.356097,1.080343,-0.275753,-2.875753,-2.598333,32.267841,-2.000000,-2.604728,2.000000,0.000000,1.000000,0.000000
8.464269,11.769219,11.475624,0.000000,-1.377075,1.075753,-0.301322,-2.901321,-2.688664,32.054607,0.000000,-1.720286,2.000000,0.000000,1.000000,0.000000
0.359823,8.672557,10.429488,0.000000,-1.251539,1.071581,-0.179957,-2.779957,-2.662479,31.850189,-1.000000,-0.621502,2.000000,0.000000,1.000000,0.000000
61.636662,25.659763,16.113594,0.000000,-1.933631,1.065136,-0.868495,-3.468495,-2.698117,31.506866,0.000000,0.086087,2.000000,0.000000,1.000000,0.000000
38.715031,24.739555,19.332897,0.000000,-2.319948,1.057403,-1.262545,-3.862545,-2.762154,31.002872,-3.000000,-0.736602,2.000000,0.000000,1.000000,0.000000
31.028923,23.571077,20.914633,0.000000,-2.509756,1.049037,-1.460719,-4.060719,-2.706257,30.519766,-5.000000,1.543804,2.000000,0.000000,1.000000,0.000000
3.941345,15.130344,18.755873,0.000000,-2.250705,1.041535,-1.209170,-3.809170,-2.663276,30.132751,-7.000000,2.755216,2.000000,0.000000,1.000000,0.000000
2.778362,12.946084,16.587595,0.000000,-1.990511,1.034900,-0.955612,-3.555612,-2.642895,29.851988,-5.000000,-1.433614,2.000000,0.000000,1.000000,0.000000
7.683772,13.183184,15.317031,0.000000,-1.838044,1.028773,-0.809271,-3.409271,-2.725123,29.590694,-4.000000,-5.345687,2.000000,0.000000,1.000000,0.000000
-2.456315,7.607396,12.439711,0.000000,-1.492765,1.023797,-0.468968,-3.068968,-2.850813,29.382788,-2.000000,-3.065415,2.000000,0.000000,1.000000,0.000000
-10.679387,5.073000,9.690373,0.000000,-1.162845,1.019921,-0.142924,-2.742924,-2.890515,29.255983,0.000000,0.619755,2.000000,0.000000,1.000000,0.000000
0.274514,4.808819,7.868524,0.000000,-0.944223,1.016773,0.072551,-2.527449,-2.812310,29.157166,0.000000,2.463086,2.000000,0.000000,1.000000,0.000000
4.687498,7.116652,7.587917,0.000000,-0.910550,1.013738,0.103188,-2.496812,-2.747660,29.037910,1.000000,2.541301,2.000000,0.000000,1.000000,0.000000
3.940019,6.028327,7.005860,0.000000,-0.840703,1.010936,0.170233,-2.429767,-2.708637,28.906460,1.000000,-0.907228,2.000000,0.000000,1.000000,0.000000
19.459360,8.739035,7.652700,0.000000,-0.918324,1.007875,0.089551,-2.510449,-2.661434,28.758785,1.000000,3.703219,2.000000,0.000000,1.000000,0.000000
4.797491,7.391297,7.555141,0.000000,-0.906617,1.004853,0.098236,-2.501764,-2.526518,28.597483,0.000000,3.131425,2.000000,0.000000,1.000000,0.000000
-1.320847,4.806428,6.529291,0.000000,-0.783515,1.002241,0.218726,-2.381274,-2.446074,28.475506,0.000000,4.117838,2.000000,0.000000,1.000000,0.000000
60.242390,20.884109,11.886667,0.000000,-1.426400,0.997486,-0.428914,-3.028913,-2.289987,28.218601,0.000000,3.793281,2.000000,0.000000,1.000000,0.000000
36.791077,19.158089,14.600442,0.000000,-1.752053,0.991646,-0.760407,-3.360407,-2.253106,27.818180,-3.000000,1.773507,2.000000,0.000000,1.000000,0.000000
2.463142,9.869155,12.834674,0.000000,-1.540161,0.986512,-0.553648,-3.153648,-2.158207,27.527908,-6.000000,3.420939,2.000000,0.000000,1.000000,0.000000
15.125269,13.926360,13.242104,0.000000,-1.589052,0.981215,-0.607837,-3.207837,-2.059787,27.289953,-5.000000,2.258176,2.000000,0.000000,1.000000,0.000000
5.507507,10.968570,12.393596,0.000000,-1.487231,0.976258,-0.510973,-3.110973,-2.019145,27.041004,-6.000000,1.137304,2.000000,0.000000,1.000000,0.000000
-1.627610,7.917479,10.723060,0.000000,-1.286767,0.971969,-0.314798,-2.914798,-2.028420,26.852144,-5.000000,-5.587775,2.000000,0.000000,1.000000,0.000000
-10.567959,3.037920,7.854881,0.000000,-0.942586,0.968827,0.026241,-2.573759,-2.145443,26.742590,-3.000000,0.398214,2.000000,0.000000,1.000000,0.000000
7.417966,5.668633,7.038949,0.000000,-0.844674,0.966011,0.121337,-2.478662,-2.111798,26.655525,-2.000000,-2.735095,2.000000,0.000000,1.000000,0.000000
13.404155,9.687273,8.027333,0.000000,-0.963280,0.962800,-0.000480,-2.600480,-2.079850,26.501966,-2.000000,5.062057,2.000000,0.000000,1.000000,0.000000
3.338778,6.939605,7.621381,0.000000,-0.914566,0.959752,0.045186,-2.554814,-1.974112,26.335697,-3.000000,0.006051,2.000000,0.000000,1.000000,0.000000
5.711830,8.871855,8.088072,0.000000,-0.970569,0.956517,-0.014052,-2.614052,-1.940533,26.177582,-3.000000,0.878155,2.000000,0.000000,1.000000,0.000000
5.511700,8.326208,8.176947,0.000000,-0.981234,0.953246,-0.027988,-2.627988,-1.946963,26.005602,-3.000000,1.337037,2.000000,0.000000,1.000000,0.000000
12.895262,7.736863,8.012703,0.000000,-0.961524,0.950041,-0.011484,-2.611484,-1.852265,25.844971,-3.000000,4.040115,2.000000,0.000000,1.000000,0.000000
0.863951,4.101017,6.552819,0.000000,-0.786338,0.947420,0.161081,-2.438919,-1.778867,25.726591,-4.000000,2.338956,2.000000,0.000000,1.000000,0.000000
6.204336,4.661469,5.846946,0.000000,-0.701634,0.945081,0.243447,-2.356553,-1.676343,25.638966,-3.000000,4.782345,2.000000,0.000000,1.000000,0.000000
4.036007,4.932897,5.505813,0.000000,-0.660698,0.942878,0.282181,-2.317819,-1.647911,25.543022,-3.000000,1.048917,2.000000,0.000000,1.000000,0.000000
29.396034,11.108974,7.596974,0.000000,-0.911637,0.939840,0.028203,-2.571797,-1.664926,25.382603,-3.000000,1.618130,2.000000,0.000000,1.000000,0.000000
-1.865700,5.456365,6.798076,0.000000,-0.815769,0.937120,0.121351,-2.478648,-1.612092,25.216949,-4.000000,1.878134,2.000000,0.000000,1.000000,0.000000
5.117504,7.446522,7.040083,0.000000,-0.844810,0.934304,0.089495,-2.510505,-1.653150,25.087921,-4.000000,-1.584141,2.000000,0.000000,1.000000,0.000000
-7.902039,3.090008,5.565872,0.000000,-0.667905,0.932078,0.264174,-2.335826,-1.672778,24.982555,-4.000000,1.350633,2.000000,0.000000,1.000000,0.000000
1.402017,4.502861,5.169145,0.000000,-0.620297,0.930010,0.309713,-2.290287,-1.604979,24.906628,-3.000000,-1.322481,2.000000,0.000000,1.000000,0.000000
10.323638,4.712804,4.998833,0.000000,-0.599860,0.928011,0.328151,-2.271849,-1.599261,24.814470,-3.000000,2.587067,2.000000,0.000000,1.000000,0.000000
20.277130,10.137162,6.916514,0.000000,-0.829982,0.925244,0.095263,-2.504737,-1.517158,24.665970,-3.000000,1.353508,2.000000,0.000000,1.000000,0.000000
7.526883,8.151437,7.377401,0.000000,-0.885288,0.922293,0.037005,-2.562995,-1.466511,24.483084,-5.000000,3.946141,2.000000,0.000000,1.000000,0.000000
5.799554,7.586951,7.455607,0.000000,-0.894673,0.919311,0.024638,-2.575362,-1.415227,24.325701,-5.000000,2.902508,2.000000,0.000000,1.000000,0.000000
4.756201,6.127151,6.959813,0.000000,-0.835177,0.916527,0.081350,-2.518650,-1.358299,24.188560,-6.000000,3.308151,2.000000,0.000000,1.000000,0.000000
0.065431,7.138196,7.026387,0.000000,-0.843166,0.913717,0.070550,-2.529450,-1.312720,24.055906,-6.000000,1.526394,2.000000,0.000000,1.000000,0.000000
4.165318,8.167891,7.452409,0.000000,-0.894289,0.910736,0.016447,-2.583553,-1.310461,23.902845,-6.000000,-1.974837,2.000000,0.000000,1.000000,0.000000
2.700641,7.707643,7.547665,0.000000,-0.905720,0.907717,0.001997,-2.598003,-1.273454,23.744089,-6.000000,-0.361411,2.000000,0.000000,1.000000,0.000000
9.868102,10.215752,8.543424,0.000000,-1.025211,0.904299,-0.120912,-2.720912,-1.360681,23.564856,-6.000000,-6.122459,2.000000,0.000000,1.000000,0.000000
-5.131472,5.707613,7.485068,0.000000,-0.898208,0.901305,0.003097,-2.596903,-1.488239,23.405622,-6.000000,-4.560756,2.000000,0.000000,1.000000,0.000000
-4.867689,4.989301,6.553620,0.000000,-0.786434,0.898684,0.112249,-2.487751,-1.559421,23.298653,-5.000000,-1.317249,2.000000,0.000000,1.000000,0.000000
-6.783216,3.480855,5.406831,0.000000,-0.648820,0.896521,0.247701,-2.352299,-1.664269,23.213951,-4.000000,-3.385503,2.000000,0.000000,1.000000,0.000000
12.472784,10.872663,7.446740,0.000000,-0.893609,0.893542,-0.000067,-2.600066,-1.713828,23.070415,-3.000000,-0.905714,2.000000,0.000000,1.000000,0.000000
-3.521708,6.247716,6.999251,0.000000,-0.839910,0.890743,0.050832,-2.549167,-1.782803,22.899212,-4.000000,-5.419614,2.000000,0.000000,1.000000,0.000000
3.131992,7.826505,7.307991,0.000000,-0.876959,0.887819,0.010860,-2.589139,-1.877524,22.758471,-3.000000,-6.191785,2.000000,0.000000,1.000000,0.000000
52.399723,22.050911,12.810211,0.000000,-1.537225,0.882695,-0.654530,-3.254530,-2.074244,22.459696,-2.000000,-3.208745,2.000000,0.000000,1.000000,0.000000
29.836714,18.039394,14.761800,0.000000,-1.771416,0.876791,-0.894625,-3.494625,-2.113643,22.058792,-5.000000,0.640177,2.000000,0.000000,1.000000,0.000000
4.483982,13.441442,14.269028,0.000000,-1.712283,0.871083,-0.841200,-3.441200,-2.097163,21.743984,-7.000000,0.123638,2.000000,0.000000,1.000000,0.000000
0.164416,10.319879,12.795162,0.000000,-1.535419,0.865965,-0.669455,-3.269454,-2.243608,21.506371,-6.000000,-1.637418,2.000000,0.000000,1.000000,0.000000
5.601004,11.660053,12.371527,0.000000,-1.484583,0.861016,-0.623567,-3.223567,-2.340554,21.286572,-4.000000,-4.745348,2.000000,0.000000,1.000000,0.000000
-7.657985,6.638252,10.231806,0.000000,-1.227817,0.856924,-0.370893,-2.970893,-2.406304,21.103588,-4.000000,-2.850543,2.000000,0.000000,1.000000,0.000000
-1.582208,5.549141,8.484184,0.000000,-1.018102,0.853530,-0.164572,-2.764572,-2.353689,20.981714,-3.000000,3.163761,2.000000,0.000000,1.000000,0.000000
2.237028,6.350301,7.687796,0.000000,-0.922535,0.850455,-0.072081,-2.672081,-2.287687,20.862720,-2.000000,2.546839,2.000000,0.000000,1.000000,0.000000
6.571541,6.651668,7.301101,0.000000,-0.876132,0.847534,-0.028598,-2.628598,-2.239757,20.732700,-2.000000,3.922372,2.000000,0.000000,1.000000,0.000000
4.287999,7.007233,7.191426,0.000000,-0.862971,0.844658,-0.018313,-2.618313,-2.205504,20.596111,-2.000000,-1.761424,2.000000,0.000000,1.000000,0.000000
2.047791,5.816665,6.678350,0.000000,-0.801402,0.841986,0.040584,-2.559416,-2.174874,20.467873,-2.000000,2.214715,2.000000,0.000000,1.000000,0.000000
16.409220,9.175657,7.610373,0.000000,-0.913245,0.838942,-0.074302,-2.674302,-2.146670,20.317949,-2.000000,4.656459,2.000000,0.000000,1.000000,0.000000
0.245193,3.972075,6.252520,0.000000,-0.750302,0.836441,0.086139,-2.513861,-2.027475,20.186472,-3.000000,2.799056,2.000000,0.000000,1.000000,0.000000
9.484528,6.800385,6.456989,0.000000,-0.774839,0.833858,0.059020,-2.540980,-1.958682,20.078747,-2.000000,6.059473,2.000000,0.000000,1.000000,0.000000
-3.102047,1.332856,4.544606,0.000000,-0.545353,0.832041,0.286688,-2.313312,-1.822192,19.997414,-3.000000,3.881315,2.000000,0.000000,1.000000,0.000000
6.005270,5.004786,4.716351,0.000000,-0.565962,0.830154,0.264192,-2.335808,-1.664298,19.934038,-3.000000,3.235229,2.000000,0.000000,1.000000,0.000000
5.426454,3.167099,4.138153,0.000000,-0.496578,0.828499,0.331920,-2.268080,-1.583513,19.852320,-3.000000,2.772333,2.000000,0.000000,1.000000,0.000000
8.270012,4.641238,4.325910,0.000000,-0.519109,0.826768,0.307659,-2.292341,-1.425252,19.774237,-4.000000,5.339906,2.000000,0.000000,1.000000,0.000000
1.149112,4.303331,4.317483,0.000000,-0.518098,0.825041,0.306943,-2.293056,-1.315775,19.684792,-4.000000,5.536225,2.000000,0.000000,1.000000,0.000000
10.134725,8.418193,5.847913,0.000000,-0.701750,0.822702,0.120953,-2.479047,-1.196624,19.557577,-5.000000,4.588589,2.000000,0.000000,1.000000,0.000000
22.099001,13.299095,8.628777,0.000000,-1.035453,0.819251,-0.216202,-2.816202,-1.175298,19.340405,-6.000000,2.370576,2.000000,0.000000,1.000000,0.000000
-8.020906,5.917718,7.616980,0.000000,-0.914038,0.816204,-0.097834,-2.697834,-1.090425,19.148237,-8.000000,6.701723,2.000000,0.000000,1.000000,0.000000
7.505913,9.058001,8.154784,0.000000,-0.978574,0.812942,-0.165632,-2.765632,-1.058304,18.998480,-8.000000,-0.272402,2.000000,0.000000,1.000000,0.000000
2.816709,5.396283,7.125281,0.000000,-0.855034,0.810092,-0.044942,-2.644942,-1.018746,18.853937,-8.000000,4.985392,2.000000,0.000000,1.000000,0.000000
3.740701,4.740057,6.235089,0.000000,-0.748211,0.807598,0.059387,-2.540613,-0.939835,18.752573,-8.000000,1.511957,2.000000,0.000000,1.000000,0.000000
-29.993988,-6.702929,1.406478,0.000000,-0.168777,0.807035,0.638258,-1.961742,-0.812354,18.772202,-8.000000,-0.123446,2.000000,0.000000,1.000000,0.000000
0.321241,-0.257645,0.785409,0.000000,-0.094249,0.806721,0.712472,-1.887528,-0.767293,18.841806,-6.000000,-1.549684,2.000000,0.000000,1.000000,0.000000
35.586239,10.172838,4.288901,0.000000,-0.514668,0.805005,0.290337,-2.309663,-0.838613,18.742655,-5.000000,2.130112,2.000000,0.000000,1.000000,0.000000
-1.331449,2.510233,3.625083,0.000000,-0.435010,0.803555,0.368546,-2.231454,-0.799232,18.615824,-7.000000,1.941274,2.000000,0.000000,1.000000,0.000000
-13.241286,0.378177,2.413302,0.000000,-0.289596,0.802590,0.512994,-2.087006,-0.823244,18.586939,-7.000000,0.326030,2.000000,0.000000,1.000000,0.000000
5.657533,3.027644,2.642581,0.000000,-0.317110,0.801533,0.484423,-2.115577,-0.782910,18.552881,-6.000000,-0.505152,2.000000,0.000000,1.000000,0.000000
17.473919,6.796228,4.192768,0.000000,-0.503132,0.799856,0.296724,-2.303276,-0.837688,18.454643,-6.000000,-2.159055,2.000000,0.000000,1.000000,0.000000
13.074080,6.518551,5.060776,0.000000,-0.607293,0.797832,0.190539,-2.409461,-0.900763,18.321495,-7.000000,-2.793067,2.000000,0.000000,1.000000,0.000000
66.011612,21.604305,11.235003,0.000000,-1.348200,0.793338,-0.554863,-3.154862,-0.951700,18.040266,-7.000000,-1.343361,2.000000,0.000000,1.000000,0.000000
27.474611,15.576786,12.855404,0.000000,-1.542648,0.788196,-0.754453,-3.354453,-0.946581,17.668455,-11.000000,-2.510465,2.000000,0.000000,1.000000,0.000000
35.713203,19.281599,15.253731,0.000000,-1.830448,0.782094,-1.048354,-3.648354,-1.109046,17.319872,-11.000000,-11.218870,2.000000,0.000000,1.000000,0.000000
-13.704107,7.046810,12.190818,0.000000,-1.462898,0.777218,-0.685680,-3.285680,-1.293290,17.056587,-11.000000,-14.165304,2.000000,0.000000,1.000000,0.000000
-6.683313,8.135175,10.677207,0.000000,-1.281265,0.772947,-0.508318,-3.108318,-1.562057,16.904768,-8.000000,-7.089864,2.000000,0.000000,1.000000,0.000000
4.463318,11.204065,10.873837,0.000000,-1.304860,0.768597,-0.536263,-3.136263,-1.705436,16.711376,-7.000000,-5.880428,2.000000,0.000000,1.000000,0.000000
-5.987140,7.200828,9.503029,0.000000,-1.140363,0.764796,-0.375567,-2.975567,-1.836961,16.527327,-6.000000,-3.394682,2.000000,0.000000,1.000000,0.000000
44.732712,21.620079,14.025246,0.000000,-1.683029,0.759186,-0.923843,-3.523843,-1.899901,16.239117,-5.000000,-4.904139,2.000000,0.000000,1.000000,0.000000
43.019085,24.608053,17.974865,0.000000,-2.156984,0.751996,-1.404988,-4.004988,-2.134431,15.776835,-7.000000,-9.664053,2.000000,0.000000,1.000000,0.000000
4.681189,15.869643,17.189173,0.000000,-2.062701,0.745120,-1.317580,-3.917580,-2.287081,15.372059,-8.000000,-5.360458,2.000000,0.000000,1.000000,0.000000
0.355536,14.993010,16.369541,0.000000,-1.964345,0.738573,-1.225772,-3.825772,-2.439111,15.063433,-7.000000,-0.773742,2.000000,0.000000,1.000000,0.000000
-2.292382,15.800630,16.157217,0.000000,-1.938866,0.732110,-1.206756,-3.806756,-2.625679,14.755496,-6.000000,-3.364569,2.000000,0.000000,1.000000,0.000000
-2.288046,13.016094,14.984916,0.000000,-1.798190,0.726116,-1.072074,-3.672074,-2.672712,14.467329,-5.000000,-4.012179,2.000000,0.000000,1.000000,0.000000
-4.821442,9.788639,13.045609,0.000000,-1.565473,0.720897,-0.844576,-3.444575,-2.751428,14.239282,-4.000000,-2.627101,2.000000,0.000000,1.000000,0.000000
2.693275,9.797607,11.833419,0.000000,-1.420010,0.716164,-0.703846,-3.303846,-2.793459,14.043419,-3.000000,-4.447830,2.000000,0.000000,1.000000,0.000000
-6.414307,4.057227,8.931258,0.000000,-1.071751,0.712592,-0.359159,-2.959159,-2.775042,13.904871,-2.000000,3.082317,2.000000,0.000000,1.000000,0.000000
-1.121123,3.259912,6.814650,0.000000,-0.817758,0.709866,-0.107892,-2.707892,-2.642824,13.831699,-1.000000,7.172148,2.000000,0.000000,1.000000,0.000000
6.662962,4.447014,5.931022,0.000000,-0.711723,0.707493,-0.004229,-2.604229,-2.489784,13.754630,-1.000000,3.884758,2.000000,0.000000,1.000000,0.000000
3.832395,1.952122,4.446053,0.000000,-0.533526,0.705715,0.172189,-2.427811,-2.309134,13.690639,-1.000000,5.536445,2.000000,0.000000,1.000000,0.000000
7.605836,3.774385,4.195379,0.000000,-0.503446,0.704037,0.200591,-2.399409,-2.186041,13.633373,-1.000000,2.173956,2.000000,0.000000,1.000000,0.000000
2.454393,4.516439,4.315202,0.000000,-0.517824,0.702311,0.184486,-2.415514,-2.190702,13.550465,-1.000000,0.478013,2.000000,0.000000,1.000000,0.000000
4.974868,4.718447,4.465697,0.000000,-0.535884,0.700524,0.164641,-2.435359,-2.133883,13.458116,-1.000000,4.498292,2.000000,0.000000,1.000000,0.000000
7.323497,7.221087,5.494039,0.000000,-0.659285,0.698327,0.039042,-2.560958,-2.064322,13.338720,-2.000000,4.684560,2.000000,0.000000,1.000000,0.000000
1.456802,4.255997,5.031988,0.000000,-0.603839,0.696314,0.092475,-2.507524,-2.032776,13.223949,-2.000000,4.769151,2.000000,0.000000,1.000000,0.000000
3.421058,5.745781,5.298384,0.000000,-0.635806,0.694195,0.058389,-2.541611,-2.021346,13.123932,-2.000000,1.936575,2.000000,0.000000,1.000000,0.000000
42.468117,18.287125,10.145925,0.000000,-1.217511,0.690136,-0.527375,-3.127375,-2.018400,12.883603,-2.000000,2.233468,2.000000,0.000000,1.000000,0.000000
-9.375806,4.740842,8.128689,0.000000,-0.975443,0.686885,-0.288558,-2.888558,-1.996953,12.653323,-5.000000,0.857502,2.000000,0.000000,1.000000,0.000000
-8.327499,2.477222,6.019499,0.000000,-0.722340,0.684477,-0.037863,-2.637863,-1.890239,12.581142,-5.000000,1.248981,2.000000,0.000000,1.000000,0.000000
12.599967,7.431238,6.546376,0.000000,-0.785565,0.681858,-0.103707,-2.703707,-1.878804,12.482058,-3.000000,-1.444061,2.000000,0.000000,1.000000,0.000000
-0.460332,5.187144,6.039096,0.000000,-0.724692,0.679443,-0.045249,-2.645249,-1.854002,12.355874,-4.000000,1.348138,2.000000,0.000000,1.000000,0.000000
-6.112990,2.690022,4.789185,0.000000,-0.574702,0.677527,0.102825,-2.497175,-1.872533,12.277102,-4.000000,0.595287,2.000000,0.000000,1.000000,0.000000
20.494184,5.968637,5.229369,0.000000,-0.627524,0.675435,0.047911,-2.552089,-1.743869,12.190516,-3.000000,2.708123,2.000000,0.000000,1.000000,0.000000
1.188464,2.001972,4.024869,0.000000,-0.482984,0.673825,0.190841,-2.409159,-1.628955,12.110809,-4.000000,4.702582,2.000000,0.000000,1.000000,0.000000
4.929367,2.356278,3.402133,0.000000,-0.408256,0.672464,0.264209,-2.335791,-1.540924,12.067226,-4.000000,4.341509,2.000000,0.000000,1.000000,0.000000
5.765401,3.769046,3.539069,0.000000,-0.424688,0.671049,0.246361,-2.353639,-1.445658,12.005973,-4.000000,6.562696,2.000000,0.000000,1.000000,0.000000
14.570972,7.678435,5.083926,0.000000,-0.610071,0.669015,0.058944,-2.541056,-1.346230,11.891498,-5.000000,3.583195,2.000000,0.000000,1.000000,0.000000
7.441849,5.415931,5.207834,0.000000,-0.624940,0.666932,0.041992,-2.558008,-1.295274,11.760554,-6.000000,5.132070,2.000000,0.000000,1.000000,0.000000
10.129404,6.672698,5.754537,0.000000,-0.690544,0.664630,-0.025914,-2.625914,-1.272396,11.639668,-6.000000,1.837800,2.000000,0.000000,1.000000,0.000000
-1.827644,0.318575,3.725776,0.000000,-0.447093,0.663140,0.216047,-2.383953,-1.292992,11.569756,-6.000000,-1.113128,2.000000,0.000000,1.000000,0.000000
3.261778,1.268505,2.808696,0.000000,-0.337043,0.662017,0.324973,-2.275027,-1.292325,11.553885,-5.000000,-0.924313,2.000000,0.000000,1.000000,0.000000
4.489226,3.181763,2.947928,0.000000,-0.353751,0.660837,0.307086,-2.292914,-1.279103,11.509382,-5.000000,-3.481793,2.000000,0.000000,1.000000,0.000000
-2.759213,-0.187419,1.777782,0.000000,-0.213334,0.660126,0.446792,-2.153208,-1.264059,11.479439,-5.000000,0.323363,2.000000,0.000000,1.000000,0.000000
1.410131,1.567344,1.699244,0.000000,-0.203909,0.659447,0.455537,-2.144463,-1.273710,11.465639,-4.000000,-1.685742,2.000000,0.000000,1.000000,0.000000
53.434338,15.991183,7.033153,0.000000,-0.843978,0.656633,-0.187345,-2.787345,-1.386169,11.290054,-3.000000,-3.410639,2.000000,0.000000,1.000000,0.000000
-7.286641,0.858804,4.728818,0.000000,-0.567458,0.654742,0.087284,-2.512716,-1.451230,11.121554,-6.000000,-2.759978,2.000000,0.000000,1.000000,0.000000
-2.779504,0.093410,2.998833,0.000000,-0.359860,0.653542,0.293682,-2.306318,-1.492556,11.112032,-5.000000,0.139694,2.000000,0.000000,1.000000,0.000000
5.106112,-0.072426,1.852605,0.000000,-0.222313,0.652838,0.430526,-2.169474,-1.373276,11.111822,-4.000000,2.419178,2.000000,0.000000,1.000000,0.000000
2.447345,-0.807243,0.859921,0.000000,-0.103190,0.652477,0.549287,-2.050713,-1.317172,11.120619,-4.000000,-3.804672,2.000000,0.000000,1.000000,0.000000
6.834705,0.766589,0.825088,0.000000,-0.099011,0.652164,0.553153,-2.046847,-1.346530,11.121025,-3.000000,-6.607597,2.000000,0.000000,1.000000,0.000000
-6.734559,-0.390455,0.371434,0.000000,-0.044572,0.652008,0.607436,-1.992564,-1.458042,11.117264,-3.000000,-1.016259,2.000000,0.000000,1.000000,0.000000
-1.533303,1.092706,0.640621,0.000000,-0.076874,0.651764,0.574890,-2.025110,-1.537853,11.110241,-2.000000,-0.072663,2.000000,0.000000,1.000000,0.000000
-3.047307,0.351934,0.532880,0.000000,-0.063946,0.651540,0.587595,-2.012405,-1.551833,11.095795,-2.000000,0.136019,2.000000,0.000000,1.000000,0.000000
11.147293,4.806602,2.127880,0.000000,-0.255346,0.650732,0.395386,-2.204614,-1.563895,11.044209,-2.000000,-3.054884,2.000000,0.000000,1.000000,0.000000
19.796112,6.951308,3.928036,0.000000,-0.471364,0.649082,0.177718,-2.422282,-1.679121,10.926630,-2.000000,-2.317311,2.000000,0.000000,1.000000,0.000000
4.087258,4.027585,3.965189,0.000000,-0.475823,0.647575,0.171753,-2.428247,-1.729449,10.816841,-3.000000,3.639388,2.000000,0.000000,1.000000,0.000000
0.521179,4.278806,4.082234,0.000000,-0.489868,0.645861,0.155993,-2.444007,-1.640425,10.733777,-4.000000,5.915967,2.000000,0.000000,1.000000,0.000000
8.286952,6.706498,5.061638,0.000000,-0.607397,0.643937,0.036541,-2.563459,-1.647790,10.623924,-4.000000,1.528525,2.000000,0.000000,1.000000,0.000000
26.407707,12.121307,7.696384,0.000000,-0.923566,0.640859,-0.282707,-2.882707,-1.628634,10.435646,-4.000000,1.904275,2.000000,0.000000,1.000000,0.000000
67.923859,25.669426,14.404121,0.000000,-1.728495,0.635097,-1.093397,-3.693397,-1.676692,10.057738,-6.000000,-6.373420,2.000000,0.000000,1.000000,0.000000
13.617903,12.459574,13.678395,0.000000,-1.641407,0.629626,-1.011782,-3.611782,-1.733079,9.676449,-9.000000,-5.023050,2.000000,0.000000,1.000000,0.000000
-0.111151,11.229810,12.764556,0.000000,-1.531747,0.624520,-0.907227,-3.507226,-1.751445,9.439555,-9.000000,-0.378145,2.000000,0.000000,1.000000,0.000000
-1.564750,9.881900,11.688717,0.000000,-1.402646,0.619844,-0.782802,-3.382802,-1.866555,9.228438,-8.000000,-5.035853,2.000000,0.000000,1.000000,0.000000
-6.935130,7.885128,10.269176,0.000000,-1.232301,0.615737,-0.616564,-3.216564,-1.968667,9.050768,-7.000000,-5.449708,2.000000,0.000000,1.000000,0.000000
-0.012090,6.551242,8.881601,0.000000,-1.065792,0.612184,-0.453608,-3.053608,-2.164610,8.906404,-5.000000,-4.501609,2.000000,0.000000,1.000000,0.000000
-4.454922,2.839114,6.626479,0.000000,-0.795177,0.609534,-0.185644,-2.785644,-2.179315,8.812501,-4.000000,-0.523149,2.000000,0.000000,1.000000,0.000000
6.211879,4.005314,5.648231,0.000000,-0.677788,0.607274,-0.070513,-2.670513,-2.147263,8.744057,-3.000000,0.505009,2.000000,0.000000,1.000000,0.000000
-2.302329,0.655988,3.785071,0.000000,-0.454209,0.605760,0.151552,-2.448448,-2.098969,8.697444,-3.000000,3.302024,2.000000,0.000000,1.000000,0.000000
2.560623,-0.008587,2.369236,0.000000,-0.284308,0.604813,0.320504,-2.279496,-2.008388,8.690970,-2.000000,4.619392,2.000000,0.000000,1.000000,0.000000
11.153535,5.349576,3.481532,0.000000,-0.417784,0.603420,0.185636,-2.414364,-2.055999,8.637561,-1.000000,2.874072,2.000000,0.000000,1.000000,0.000000
10.118510,6.134915,4.471804,0.000000,-0.536616,0.601631,0.065015,-2.534985,-2.032969,8.522716,-2.000000,5.923059,2.000000,0.000000,1.000000,0.000000
-6.048425,0.783089,3.095135,0.000000,-0.371416,0.600393,0.228977,-2.371023,-1.929675,8.453535,-3.000000,5.070892,2.000000,0.000000,1.000000,0.000000
-0.577796,2.096462,2.722419,0.000000,-0.326690,0.599304,0.272614,-2.327386,-1.836053,8.424740,-2.000000,1.494459,2.000000,0.000000,1.000000,0.000000
5.306855,2.031832,2.464684,0.000000,-0.295762,0.598318,0.302556,-2.297444,-1.758452,8.383457,-3.000000,2.402878,2.000000,0.000000,1.000000,0.000000
2.197339,0.233115,1.631838,0.000000,-0.195821,0.597666,0.401845,-2.198155,-1.583847,8.360807,-3.000000,3.256692,2.000000,0.000000,1.000000,0.000000
0.884953,-0.684624,0.767309,0.000000,-0.092077,0.597359,0.505282,-2.094718,-1.391021,8.365322,-4.000000,-0.745912,2.000000,0.000000,1.000000,0.000000
24.175295,6.492906,2.904165,0.000000,-0.348500,0.596197,0.247697,-2.352303,-1.318209,8.307240,-4.000000,-2.511081,2.000000,0.000000,1.000000,0.000000
21.755072,10.040981,5.567703,0.000000,-0.668124,0.593970,-0.074154,-2.674154,-1.340082,8.141901,-5.000000,-5.365326,2.000000,0.000000,1.000000,0.000000
-3.833626,3.063107,4.632960,0.000000,-0.555955,0.592117,0.036161,-2.563838,-1.465924,8.010860,-6.000000,-6.014292,2.000000,0.000000,1.000000,0.000000
17.245327,5.941016,5.121141,0.000000,-0.614537,0.590068,-0.024469,-2.624469,-1.449472,7.920819,-5.000000,-1.709308,2.000000,0.000000,1.000000,0.000000
31.506804,10.534790,7.141574,0.000000,-0.856989,0.587212,-0.269777,-2.869777,-1.481815,7.756061,-5.000000,-1.349062,2.000000,0.000000,1.000000,0.000000
-9.117195,0.039772,4.491103,0.000000,-0.538932,0.585415,0.046483,-2.553517,-1.521662,7.650315,-6.000000,-2.848717,2.000000,0.000000,1.000000,0.000000
13.358169,6.600049,5.278185,0.000000,-0.633382,0.583304,-0.050078,-2.650078,-1.618339,7.583917,-4.000000,-6.492941,2.000000,0.000000,1.000000,0.000000
-12.914097,1.495097,3.866295,0.000000,-0.463955,0.581757,0.117802,-2.482198,-1.862975,7.502965,-4.000000,-11.551204,2.000000,0.000000,1.000000,0.000000
-8.745661,1.690427,3.054237,0.000000,-0.366508,0.580536,0.214027,-2.385972,-2.106934,7.471110,-2.000000,-7.566610,2.000000,0.000000,1.000000,0.000000
-5.000727,0.759795,2.197926,0.000000,-0.263751,0.579657,0.315905,-2.284094,-2.153847,7.446608,-1.000000,0.350254,2.000000,0.000000,1.000000,0.000000
5.392380,4.348561,3.000566,0.000000,-0.360068,0.578456,0.218388,-2.381611,-2.240189,7.395525,0.000000,-3.057679,2.000000,0.000000,1.000000,0.000000
26.223585,9.413952,5.394113,0.000000,-0.647294,0.576299,-0.070995,-2.670995,-2.323906,7.257899,0.000000,-5.451275,2.000000,0.000000,1.000000,0.000000
2.426112,2.402602,4.277648,0.000000,-0.513318,0.574588,0.061270,-2.538730,-2.458833,7.139734,-1.000000,-3.162287,2.000000,0.000000,1.000000,0.000000
-9.553457,-0.377565,2.540271,0.000000,-0.304833,0.573572,0.268739,-2.331261,-2.466110,7.119483,0.000000,-4.074702,2.000000,0.000000,1.000000,0.000000
11.387624,4.969998,3.447072,0.000000,-0.413649,0.572193,0.158544,-2.441456,-2.525573,7.073559,0.000000,-3.333184,2.000000,0.000000,1.000000,0.000000
-3.535952,2.006745,2.909526,0.000000,-0.349143,0.571029,0.221886,-2.378114,-2.521485,7.003792,0.000000,3.312974,2.000000,0.000000,1.000000,0.000000
12.531742,6.026977,4.072993,0.000000,-0.488759,0.569400,0.080641,-2.519359,-2.527612,6.923455,0.000000,1.644125,2.000000,0.000000,1.000000,0.000000
7.685415,4.176678,4.111690,0.000000,-0.493403,0.567755,0.074352,-2.525648,-2.536858,6.821418,0.000000,-2.422935,2.000000,0.000000,1.000000,0.000000
24.381578,8.133036,5.612500,0.000000,-0.673500,0.565510,-0.107990,-2.707990,-2.522755,6.698321,0.000000,1.417534,2.000000,0.000000,1.000000,0.000000
-4.891504,2.405412,4.415580,0.000000,-0.529870,0.563744,0.033874,-2.566126,-2.501764,6.592937,-1.000000,1.753168,2.000000,0.000000,1.000000,0.000000
-0.358115,4.876486,4.587595,0.000000,-0.550511,0.561909,0.011397,-2.588603,-2.615675,6.520118,0.000000,1.463026,2.000000,0.000000,1.000000,0.000000
5.184360,6.078615,5.144060,0.000000,-0.617287,0.559851,-0.057436,-2.657436,-2.636768,6.410567,0.000000,0.706527,2.000000,0.000000,1.000000,0.000000
0.398433,5.689588,5.347657,0.000000,-0.641719,0.557712,-0.084007,-2.684007,-2.689294,6.292885,0.000000,-3.837905,2.000000,0.000000,1.000000,0.000000
-2.476402,3.538931,4.672621,0.000000,-0.560714,0.555843,-0.004871,-2.604871,-2.752341,6.200600,0.000000,-4.979992,2.000000,0.000000,1.000000,0.000000
3.253501,4.674797,4.673433,0.000000,-0.560812,0.553974,-0.006838,-2.606838,-2.798289,6.118463,0.000000,-3.428137,2.000000,0.000000,1.000000,0.000000
-0.371530,3.242257,4.139302,0.000000,-0.496716,0.552318,0.055602,-2.544398,-2.710676,6.039292,0.000000,3.866156,2.000000,0.000000,1.000000,0.000000
3.308263,4.184740,4.156260,0.000000,-0.498751,0.550656,0.051904,-2.548095,-2.635235,5.965023,0.000000,-0.442852,2.000000,0.000000,1.000000,0.000000
2.977542,3.531811,3.923209,0.000000,-0.470785,0.549086,0.078301,-2.521699,-2.600124,5.887857,0.000000,2.789769,2.000000,0.000000,1.000000,0.000000
3.341874,3.468304,3.753433,0.000000,-0.450412,0.547585,0.097173,-2.502827,-2.530524,5.817856,0.000000,2.648238,2.000000,0.000000,1.000000,0.000000
3.980083,1.989711,3.095193,0.000000,-0.371423,0.546347,0.174924,-2.425076,-2.504149,5.763276,0.000000,5.233409,2.000000,0.000000,1.000000,0.000000
-9.039080,-3.066920,0.795424,0.000000,-0.095451,0.546029,0.450578,-2.149422,-2.378602,5.774048,0.000000,5.398888,2.000000,0.000000,1.000000,0.000000
-12.855024,-5.421251,-1.524708,0.000000,0.182965,0.546639,0.729603,-1.870396,-2.239444,5.858930,0.000000,7.116740,2.000000,0.000000,1.000000,0.000000
-13.945036,-4.418191,-2.604588,0.000000,0.312550,0.547680,0.860231,-1.739769,-2.198011,5.957324,1.000000,4.810285,2.000000,0.000000,1.000000,0.000000
-9.856587,-3.200938,-2.827152,0.000000,0.339258,0.548811,0.888070,-1.711930,-2.124840,6.033515,1.000000,5.453666,2.000000,0.000000,1.000000,0.000000
0.856290,-2.320158,-2.637936,0.000000,0.316552,0.549866,0.866419,-1.733581,-2.062356,6.088727,1.000000,4.556773,2.000000,0.000000,1.000000,0.000000
-5.890293,-5.280676,-3.624236,0.000000,0.434908,0.551316,0.986224,-1.613775,-2.027060,6.164735,1.000000,-0.625894,2.000000,0.000000,1.000000,0.000000
-0.318371,-3.331344,-3.514925,0.000000,0.421791,0.552722,0.974513,-1.625487,-1.968267,6.250855,1.000000,-1.726930,2.000000,0.000000,1.000000,0.000000
3.154551,-0.844237,-2.518195,0.000000,0.302183,0.553729,0.855913,-1.744087,-1.964118,6.292611,1.000000,1.033511,2.000000,0.000000,1.000000,0.000000
2.319624,-0.314151,-1.695622,0.000000,0.203475,0.554408,0.757882,-1.842118,-1.918597,6.304194,0.000000,-0.896653,2.000000,0.000000,1.000000,0.000000
3.138548,0.584551,-0.844636,0.000000,0.101356,0.554745,0.656102,-1.943898,-1.991914,6.301490,0.000000,-1.092009,2.000000,0.000000,1.000000,0.000000
1.176818,-0.144669,-0.583401,0.000000,0.070008,0.554979,0.624987,-1.975013,-2.002108,6.297091,0.000000,-1.133132,2.000000,0.000000,1.000000,0.000000
-3.237450,-1.480650,-0.918264,0.000000,0.110192,0.555346,0.665538,-1.934462,-1.995205,6.313344,0.000000,1.664648,2.000000,0.000000,1.000000,0.000000
-10.276495,-4.939781,-2.419139,0.000000,0.290297,0.556314,0.846610,-1.753389,-1.902644,6.377549,0.000000,2.922441,2.000000,0.000000,1.000000,0.000000
4.487644,-2.312799,-2.379452,0.000000,0.285534,0.557266,0.842800,-1.757200,-1.791820,6.450075,0.000000,5.858302,2.000000,0.000000,1.000000,0.000000
2.639424,-2.574271,-2.452160,0.000000,0.294259,0.558246,0.852506,-1.747494,-1.688661,6.498945,0.000000,1.283855,2.000000,0.000000,1.000000,0.000000
3.699634,-2.251273,-2.377187,0.000000,0.285262,0.559197,0.844460,-1.755540,-1.582484,6.547201,0.000000,1.799326,2.000000,0.000000,1.000000,0.000000
-6.232527,-2.015703,-2.242277,0.000000,0.269073,0.560094,0.829167,-1.770833,-1.599837,6.589870,0.000000,1.251076,2.000000,0.000000,1.000000,0.000000
5.289408,0.924444,-1.060422,0.000000,0.127251,0.560518,0.687769,-1.912231,-1.580698,6.600783,-1.000000,0.841236,2.000000,0.000000,1.000000,0.000000
-42.590206,-12.373824,-5.282708,0.000000,0.633925,0.562631,1.196556,-1.403444,-1.524282,6.715277,-2.000000,3.240287,2.000000,0.000000,1.000000,0.000000
-53.166294,-18.973434,-10.392238,0.000000,1.247069,0.566788,1.813857,-0.786143,-1.489164,7.028749,0.000000,2.132838,2.000000,0.000000,1.000000,0.000000
-8.430341,-10.228964,-10.331302,0.000000,1.239756,0.570921,1.810677,-0.789323,-1.412540,7.320774,2.000000,2.674720,2.000000,0.000000,1.000000,0.000000
-4.327987,-9.506009,-10.023293,0.000000,1.202795,0.574930,1.777725,-0.822275,-1.312850,7.518123,2.000000,7.052617,2.000000,0.000000,1.000000,0.000000
11.921751,-3.141216,-7.454826,0.000000,0.894579,0.577912,1.472491,-1.127509,-1.182794,7.644596,1.000000,8.903103,2.000000,0.000000,1.000000,0.000000
3.789822,-2.977617,-5.783883,0.000000,0.694066,0.580226,1.274292,-1.325708,-1.029669,7.705784,0.000000,5.647821,2.000000,0.000000,1.000000,0.000000
12.309726,-0.501905,-3.812591,0.000000,0.457511,0.581751,1.039261,-1.560738,-0.874173,7.740579,-2.000000,7.733920,2.000000,0.000000,1.000000,0.000000
-8.664558,-4.663168,-4.130035,0.000000,0.495604,0.583403,1.079007,-1.520993,-0.775002,7.792230,-4.000000,6.857904,2.000000,0.000000,1.000000,0.000000
10.141772,-0.339025,-2.715189,0.000000,0.325823,0.584489,0.910311,-1.689689,-0.635885,7.842252,-4.000000,4.153131,2.000000,0.000000,1.000000,0.000000
8.338239,-0.545873,-1.905576,0.000000,0.228669,0.585251,0.813920,-1.786080,-0.486124,7.851101,-6.000000,3.728765,2.000000,0.000000,1.000000,0.000000
6.103446,2.126077,-0.400919,0.000000,0.048110,0.585411,0.633522,-1.966478,-0.432383,7.835299,-6.000000,0.612536,2.000000,0.000000,1.000000,0.000000
-43.208687,-12.562572,-4.939782,0.000000,0.592774,0.587387,1.180161,-1.419839,-0.496179,7.939664,-7.000000,3.462893,2.000000,0.000000,1.000000,0.000000
-55.468410,-20.367851,-10.697707,0.000000,1.283725,0.591666,1.875391,-0.724609,-0.375067,8.268969,-5.000000,2.883473,2.000000,0.000000,1.000000,0.000000
-17.894775,-14.236789,-12.018532,0.000000,1.442224,0.596474,2.038697,-0.561302,-0.314056,8.615015,-2.000000,-0.926884,2.000000,0.000000,1.000000,0.000000
0.287189,-8.278552,-10.622730,0.000000,1.274728,0.600723,1.875450,-0.724550,-0.362724,8.840168,-1.000000,-1.458395,2.000000,0.000000,1.000000,0.000000
9.244488,-3.000987,-7.778212,0.000000,0.933385,0.603834,1.537220,-1.062780,-0.442562,8.952964,-1.000000,0.522906,2.000000,0.000000,1.000000,0.000000
-2.722937,-7.974031,-7.851294,0.000000,0.942155,0.606975,1.549130,-1.050870,-0.429100,9.062714,-3.000000,-0.347438,2.000000,0.000000,1.000000,0.000000
-11.179946,-9.555418,-8.487291,0.000000,1.018475,0.610370,1.628844,-0.971155,-0.423499,9.238008,-3.000000,-3.107455,2.000000,0.000000,1.000000,0.000000
-5.079449,-6.579305,-7.775210,0.000000,0.933025,0.613480,1.546505,-1.053495,-0.436337,9.399356,-2.000000,-6.824008,2.000000,0.000000,1.000000,0.000000
4.482250,-4.741556,-6.643017,0.000000,0.797162,0.616137,1.413299,-1.186701,-0.564861,9.512565,-2.000000,-3.759542,2.000000,0.000000,1.000000,0.000000
0.901170,-4.554652,-5.863616,0.000000,0.703634,0.618482,1.322116,-1.277884,-0.611307,9.605527,-3.000000,0.044588,2.000000,0.000000,1.000000,0.000000
15.415786,-0.345438,-3.804172,0.000000,0.456501,0.620004,1.076504,-1.523495,-0.596636,9.654528,-3.000000,1.006980,2.000000,0.000000,1.000000,0.000000
-39.581001,-15.174650,-8.047759,0.000000,0.965731,0.623223,1.588954,-1.011046,-0.552442,9.809729,-5.000000,3.571759,2.000000,0.000000,1.000000,0.000000
-0.262167,-6.585880,-7.502170,0.000000,0.900260,0.626224,1.526484,-1.073516,-0.590261,10.027334,-2.000000,-2.246610,2.000000,0.000000,1.000000,0.000000
-5.601962,-8.297947,-7.799162,0.000000,0.935899,0.629344,1.565243,-1.034757,-0.611077,10.176172,-2.000000,0.289562,2.000000,0.000000,1.000000,0.000000
-2.422702,-8.651163,-8.117139,0.000000,0.974057,0.632590,1.606647,-0.993353,-0.538543,10.345663,-2.000000,1.960258,2.000000,0.000000,1.000000,0.000000
5.998008,-5.759616,-7.237286,0.000000,0.868474,0.635485,1.503960,-1.096040,-0.508253,10.489771,-2.000000,0.935529,2.000000,0.000000,1.000000,0.000000
8.895101,-5.276088,-6.505345,0.000000,0.780641,0.638088,1.418729,-1.181271,-0.479732,10.600128,-3.000000,3.424328,2.000000,0.000000,1.000000,0.000000
3.155679,-5.877182,-6.270908,0.000000,0.752509,0.640596,1.393105,-1.206895,-0.419136,10.711661,-3.000000,1.084226,2.000000,0.000000,1.000000,0.000000
1.819460,-5.038201,-5.810848,0.000000,0.697302,0.642920,1.340222,-1.259778,-0.353750,10.820815,-4.000000,1.039994,2.000000,0.000000,1.000000,0.000000
10.711057,-1.645013,-4.256113,0.000000,0.510733,0.644623,1.155356,-1.444644,-0.345646,10.887648,-4.000000,-0.184102,2.000000,0.000000,1.000000,0.000000
1.943050,-0.900592,-3.003796,0.000000,0.360455,0.645824,1.006280,-1.593720,-0.335058,10.913104,-5.000000,1.918745,2.000000,0.000000,1.000000,0.000000
-16.185814,-4.974487,-3.739280,0.000000,0.448714,0.647320,1.096033,-1.503967,-0.306684,10.971855,-6.000000,-0.444960,2.000000,0.000000,1.000000,0.000000
0.046894,-2.374302,-3.229855,0.000000,0.387583,0.648612,1.036194,-1.563806,-0.392277,11.045343,-5.000000,-1.577163,2.000000,0.000000,1.000000,0.000000
7.985079,0.619072,-1.793393,0.000000,0.215207,0.649329,0.864536,-1.735464,-0.417836,11.062896,-5.000000,0.095472,2.000000,0.000000,1.000000,0.000000
7.053322,0.529590,-0.926430,0.000000,0.111172,0.649700,0.760871,-1.839129,-0.457154,11.051409,-6.000000,-2.741953,2.000000,0.000000,1.000000,0.000000
0.294385,-0.143756,-0.634327,0.000000,0.076119,0.649953,0.726073,-1.873927,-0.499751,11.047550,-6.000000,-1.598022,2.000000,0.000000,1.000000,0.000000
-3.707335,-0.299418,-0.509336,0.000000,0.061120,0.650157,0.711277,-1.888722,-0.546205,11.051982,-6.000000,-2.574365,2.000000,0.000000,1.000000,0.000000
-1.193393,0.479011,-0.140474,0.000000,0.016857,0.650213,0.667070,-1.932930,-0.590049,11.050186,-6.000000,-1.567857,2.000000,0.000000,1.000000,0.000000
-1.826717,1.506979,0.474374,0.000000,-0.056925,0.650024,0.593099,-2.006901,-0.824649,11.030326,-5.000000,-3.354963,2.000000,0.000000,1.000000,0.000000
1.470703,-0.431029,0.136467,0.000000,-0.016376,0.649969,0.633593,-1.966407,-0.911757,11.019567,-5.000000,-3.438558,2.000000,0.000000,1.000000,0.000000
3.896936,-0.036637,0.071863,0.000000,-0.008624,0.649940,0.641317,-1.958683,-0.871953,11.024243,-5.000000,1.454878,2.000000,0.000000,1.000000,0.000000
-3.028247,-4.714280,-1.714378,0.000000,0.205725,0.650626,0.856351,-1.743649,-0.819405,11.071753,-5.000000,-2.886711,2.000000,0.000000,1.000000,0.000000
-5.498328,-4.194702,-2.640062,0.000000,0.316807,0.651682,0.968490,-1.631510,-0.818475,11.160842,-4.000000,-3.845265,2.000000,0.000000,1.000000,0.000000
-9.911910,-6.013255,-3.898975,0.000000,0.467877,0.653242,1.121119,-1.478881,-0.914637,11.262921,-3.000000,-4.031147,2.000000,0.000000,1.000000,0.000000
1.952025,-0.885206,-2.774203,0.000000,0.332904,0.654351,0.987256,-1.612744,-0.935230,11.331906,-2.000000,-2.716162,2.000000,0.000000,1.000000,0.000000
25.543991,6.012055,0.504925,0.000000,-0.060591,0.654149,0.593558,-2.006442,-1.023381,11.280638,-3.000000,-2.456300,2.000000,0.000000,1.000000,0.000000
-3.283947,-1.633623,-0.293205,0.000000,0.035185,0.654267,0.689451,-1.910549,-1.106972,11.236854,-4.000000,-6.033585,2.000000,0.000000,1.000000,0.000000
-18.996023,-6.290490,-2.531458,0.000000,0.303775,0.655279,0.959054,-1.640946,-1.260266,11.316094,-3.000000,-7.419787,2.000000,0.000000,1.000000,0.000000
-5.548429,-3.978947,-3.071677,0.000000,0.368601,0.656508,1.025109,-1.574891,-1.469236,11.418789,-1.000000,-9.181401,2.000000,0.000000,1.000000,0.000000
-14.313696,-7.457756,-4.708610,0.000000,0.565033,0.658391,1.223425,-1.376575,-1.625827,11.533156,0.000000,-3.589236,2.000000,0.000000,1.000000,0.000000
-3.350951,-7.061013,-5.586552,0.000000,0.670386,0.660626,1.331012,-1.268988,-1.739979,11.678344,1.000000,-6.887262,2.000000,0.000000,1.000000,0.000000
-7.835672,-9.081409,-6.890871,0.000000,0.826905,0.663382,1.490287,-1.109713,-1.675893,11.839768,1.000000,-6.167889,2.000000,0.000000,1.000000,0.000000
-10.690147,-9.861773,-7.999644,0.000000,0.959957,0.666582,1.626540,-0.973460,-1.825951,12.029201,3.000000,-7.963685,2.000000,0.000000,1.000000,0.000000
-16.814859,-13.807608,-10.167240,0.000000,1.220069,0.670649,1.890718,-0.709282,-1.997115,12.265894,4.000000,-3.568200,2.000000,0.000000,1.000000,0.000000
70.427818,11.448884,-2.099865,0.000000,0.251984,0.671489,0.923473,-1.676527,-2.013539,12.289481,6.000000,0.454705,2.000000,0.000000,1.000000,0.000000
45.682190,9.668199,2.292106,0.000000,-0.275053,0.670572,0.395520,-2.204480,-2.013259,12.078310,1.000000,0.621381,2.000000,0.000000,1.000000,0.000000
-32.241364,-6.426119,-0.961632,0.000000,0.115396,0.670957,0.786353,-1.813647,-2.108377,12.045889,0.000000,-8.434913,2.000000,0.000000,1.000000,0.000000
40.191189,11.777425,3.792724,0.000000,-0.455127,0.669440,0.214313,-2.385687,-2.271809,11.992375,2.000000,-9.127250,2.000000,0.000000,1.000000,0.000000
-25.452074,-3.270265,1.156739,0.000000,-0.138809,0.668977,0.530168,-2.069832,-2.349206,11.907304,0.000000,-3.970355,2.000000,0.000000,1.000000,0.000000
-3.539686,0.638416,0.963295,0.000000,-0.115595,0.668592,0.552996,-2.047004,-2.376640,11.933622,1.000000,-1.460882,2.000000,0.000000,1.000000,0.000000
-5.695251,-1.217427,0.149426,0.000000,-0.017931,0.668532,0.650601,-1.949399,-2.400896,11.939412,1.000000,-2.027733,2.000000,0.000000,1.000000,0.000000
5.094717,1.573903,0.681056,0.000000,-0.081727,0.668260,0.586533,-2.013467,-2.511259,11.935847,2.000000,-8.723198,2.000000,0.000000,1.000000,0.000000
-3.610971,0.053786,0.446952,0.000000,-0.053634,0.668081,0.614447,-1.985553,-2.637505,11.919570,2.000000,-6.399795,2.000000,0.000000,1.000000,0.000000
-10.063313,-4.382884,-1.355596,0.000000,0.162671,0.668623,0.831295,-1.768705,-2.672225,11.962861,3.000000,-4.201460,2.000000,0.000000,1.000000,0.000000
-6.875794,-5.156106,-2.773988,0.000000,0.332879,0.669733,1.002611,-1.597389,-2.720348,12.058251,4.000000,0.391040,2.000000,0.000000,1.000000,0.000000
-3.873384,-5.245733,-3.696470,0.000000,0.443576,0.671211,1.114788,-1.485212,-2.778940,12.162270,5.000000,-6.822638,2.000000,0.000000,1.000000,0.000000
-4.251480,-4.413354,-3.964020,0.000000,0.475682,0.672797,1.148479,-1.451521,-2.833857,12.258861,6.000000,-2.847770,2.000000,0.000000,1.000000,0.000000
-3.669231,-2.514750,-3.423136,0.000000,0.410776,0.674166,1.084942,-1.515058,-2.880097,12.328141,6.000000,-4.804157,2.000000,0.000000,1.000000,0.000000
-7.544100,-5.952280,-4.367041,0.000000,0.524045,0.675913,1.199958,-1.400042,-2.909126,12.412811,6.000000,1.187433,2.000000,0.000000,1.000000,0.000000
4.015096,-1.511086,-3.301167,0.000000,0.396140,0.677233,1.073373,-1.526626,-2.843708,12.487445,7.000000,1.989764,2.000000,0.000000,1.000000,0.000000
-26.809221,-10.394194,-5.948362,0.000000,0.713803,0.679613,1.393416,-1.206584,-2.822531,12.606498,6.000000,-1.097872,2.000000,0.000000,1.000000,0.000000
-1.123738,-4.317451,-5.339688,0.000000,0.640763,0.681749,1.322511,-1.277489,-2.830476,12.753614,7.000000,0.242114,2.000000,0.000000,1.000000,0.000000
-1.775459,-7.433439,-6.121099,0.000000,0.734532,0.684197,1.418729,-1.181271,-2.890433,12.871123,7.000000,2.500090,2.000000,0.000000,1.000000,0.000000
-4.521490,-6.568012,-6.287892,0.000000,0.754547,0.686712,1.441259,-1.158741,-2.811058,13.011138,7.000000,2.443979,2.000000,0.000000,1.000000,0.000000
-11.340246,-9.140013,-7.352335,0.000000,0.882280,0.689653,1.571933,-1.028067,-2.760660,13.168219,7.000000,3.948424,2.000000,0.000000,1.000000,0.000000
-5.693177,-8.724341,-7.864383,0.000000,0.943726,0.692799,1.636525,-0.963475,-2.729400,13.346862,8.000000,0.410132,2.000000,0.000000,1.000000,0.000000
-10.159328,-10.010263,-8.665249,0.000000,1.039830,0.696265,1.736095,-0.863905,-2.729637,13.534208,8.000000,-2.684127,2.000000,0.000000,1.000000,0.000000
-9.229403,-9.801134,-9.089173,0.000000,1.090701,0.699901,1.790601,-0.809398,-2.645112,13.732323,8.000000,5.635322,2.000000,0.000000,1.000000,0.000000
-2.925851,-8.191358,-8.754099,0.000000,1.050492,0.703402,1.753894,-0.846106,-2.536985,13.912248,8.000000,6.500764,2.000000,0.000000,1.000000,0.000000
7.448341,-5.369530,-7.490941,0.000000,0.898913,0.706399,1.605312,-0.994688,-2.462389,14.047856,7.000000,1.141071,2.000000,0.000000,1.000000,0.000000
5.639292,-3.764010,-6.100009,0.000000,0.732001,0.708839,1.440840,-1.159160,-2.464861,14.139192,7.000000,-2.289947,2.000000,0.000000,1.000000,0.000000
-83.241455,-28.402496,-14.423542,0.000000,1.730825,0.714608,2.445433,-0.154567,-2.542433,14.460856,6.000000,-4.082212,2.000000,0.000000,1.000000,0.000000
-22.508762,-17.952524,-15.740597,0.000000,1.888872,0.720904,2.609776,0.009776,-2.548314,14.924407,11.000000,2.633780,2.000000,0.000000,1.000000,0.000000
-26.096939,-20.206287,-17.407242,0.000000,2.088869,0.727867,2.816736,0.216736,-2.442377,15.305995,12.000000,4.298433,2.000000,0.000000,1.000000,0.000000
-2.738482,-14.272085,-16.237167,0.000000,1.948460,0.734362,2.682822,0.082822,-2.377206,15.650779,12.000000,4.026652,2.000000,0.000000,1.000000,0.000000
-4.063769,-12.788008,-14.949903,0.000000,1.793988,0.740342,2.534330,-0.065670,-2.253735,15.921380,11.000000,5.967620,2.000000,0.000000,1.000000,0.000000
0.127818,-13.254361,-14.317108,0.000000,1.718053,0.746069,2.464122,-0.135878,-2.198406,16.181805,10.000000,-1.111552,2.000000,0.000000,1.000000,0.000000
-19.095535,-16.983328,-15.312171,0.000000,1.837461,0.752194,2.589654,-0.010346,-2.189265,16.484182,10.000000,8.200682,2.000000,0.000000,1.000000,0.000000
-72.296555,-30.134247,-20.843933,0.000000,2.501272,0.760531,3.261803,0.661803,-2.006926,16.955359,9.000000,7.414467,2.000000,0.000000,1.000000,0.000000
-19.018282,-21.560146,-21.111231,0.000000,2.533348,0.768976,3.302323,0.702323,-1.868754,17.472301,12.000000,9.983290,2.000000,0.000000,1.000000,0.000000
-2.757344,-17.144958,-19.630974,0.000000,2.355717,0.776828,3.132545,0.532545,-1.678871,17.859352,11.000000,5.339114,2.000000,0.000000,1.000000,0.000000
-17.076593,-18.565353,-19.233273,0.000000,2.307993,0.784521,3.092514,0.492514,-1.537902,18.216455,10.000000,8.876560,2.000000,0.000000,1.000000,0.000000
-9.093218,-18.021862,-18.781160,0.000000,2.253739,0.792034,3.045773,0.445773,-1.394857,18.582327,9.000000,4.365857,2.000000,0.000000,1.000000,0.000000
-38.013859,-23.788406,-20.649920,0.000000,2.477990,0.800294,3.278284,0.678284,-1.266927,19.000429,8.000000,7.721856,2.000000,0.000000,1.000000,0.000000
-28.693480,-23.612089,-21.755434,0.000000,2.610652,0.808996,3.419648,0.819648,-1.172217,19.474434,9.000000,6.845694,2.000000,0.000000,1.000000,0.000000
-11.011858,-18.943510,-20.705994,0.000000,2.484719,0.817278,3.301998,0.701998,-1.094028,19.899990,9.000000,4.370332,2.000000,0.000000,1.000000,0.000000
1.613582,-15.159114,-18.635838,0.000000,2.236300,0.824733,3.061033,0.461033,-1.074846,20.241016,8.000000,2.435986,2.000000,0.000000,1.000000,0.000000
-11.628348,-16.191666,-17.723646,0.000000,2.126837,0.831822,2.958660,0.358660,-0.992560,20.554523,7.000000,3.447449,2.000000,0.000000,1.000000,0.000000
-81.602310,-36.188148,-24.614801,0.000000,2.953776,0.841668,3.795444,1.195444,-0.864156,21.078321,5.000000,6.589880,2.000000,0.000000,1.000000,0.000000
-31.691921,-26.737448,-25.406996,0.000000,3.048839,0.851831,3.900670,1.300670,-0.792568,21.707577,9.000000,6.210678,2.000000,0.000000,1.000000,0.000000
6.233137,-15.803756,-21.822962,0.000000,2.618755,0.860560,3.479315,0.879315,-0.667366,22.132988,9.000000,7.177567,2.000000,0.000000,1.000000,0.000000
-24.187521,-22.830652,-22.199043,0.000000,2.663885,0.869440,3.533325,0.933325,-0.515433,22.519333,6.000000,7.162965,2.000000,0.000000,1.000000,0.000000
-47.561600,-29.457203,-24.907867,0.000000,2.988944,0.879403,3.868347,1.268347,-0.432874,23.042212,6.000000,1.839021,2.000000,0.000000,1.000000,0.000000
-17.656631,-23.540382,-24.397507,0.000000,2.927701,0.889162,3.816863,1.216863,-0.459989,23.572187,8.000000,4.912146,2.000000,0.000000,1.000000,0.000000
-25.851912,-22.117357,-23.546530,0.000000,2.825583,0.898580,3.724164,1.124164,-0.467608,24.028765,8.000000,0.824639,2.000000,0.000000,1.000000,0.000000
-16.565088,-20.368179,-22.360334,0.000000,2.683240,0.907525,3.590765,0.990765,-0.455211,24.453621,7.000000,2.318021,2.000000,0.000000,1.000000,0.000000
-19.304453,-21.869257,-22.177059,0.000000,2.661247,0.916395,3.577642,0.977643,-0.481687,24.875996,7.000000,-4.654412,2.000000,0.000000,1.000000,0.000000
-3.247926,-17.078657,-20.274279,0.000000,2.432913,0.924505,3.357419,0.757419,-0.563444,25.265474,7.000000,-2.002865,2.000000,0.000000,1.000000,0.000000
-45.416504,-26.850416,-22.728565,0.000000,2.727428,0.933597,3.661024,1.061024,-0.612209,25.704765,6.000000,-3.703566,2.000000,0.000000,1.000000,0.000000
-74.046013,-35.818146,-27.613741,0.000000,3.313649,0.944642,4.258291,1.658291,-0.660103,26.331451,8.000000,0.952235,2.000000,0.000000,1.000000,0.000000
-4.456421,-21.071257,-25.172014,0.000000,3.020642,0.954711,3.975353,1.375353,-0.604185,26.900345,11.000000,3.914447,2.000000,0.000000,1.000000,0.000000
-6.899962,-19.563692,-23.078926,0.000000,2.769471,0.963942,3.733414,1.133414,-0.549599,27.306694,9.000000,1.286444,2.000000,0.000000,1.000000,0.000000
-7.958756,-17.563389,-21.020468,0.000000,2.522456,0.972351,3.494807,0.894807,-0.517029,27.677965,8.000000,5.480958,2.000000,0.000000,1.000000,0.000000
-20.346474,-19.228113,-20.351542,0.000000,2.442185,0.980491,3.422676,0.822676,-0.473829,28.045879,6.000000,3.838140,2.000000,0.000000,1.000000,0.000000
-21.337160,-17.850430,-19.418098,0.000000,2.330172,0.988259,3.318430,0.718431,-0.360510,28.416664,5.000000,0.996010,2.000000,0.000000,1.000000,0.000000
-27.296696,-23.494850,-20.939587,0.000000,2.512750,0.996634,3.509385,0.909385,-0.312504,28.830116,5.000000,-0.464062,2.000000,0.000000,1.000000,0.000000
-17.564611,-19.303976,-20.329159,0.000000,2.439499,1.004766,3.444265,0.844265,-0.338807,29.258104,6.000000,6.902879,2.000000,0.000000,1.000000,0.000000
-18.284609,-20.294762,-20.316322,0.000000,2.437959,1.012892,3.450851,0.850851,-0.272385,29.654091,5.000000,6.129067,2.000000,0.000000,1.000000,0.000000
-9.226271,-14.215260,-18.039339,0.000000,2.164721,1.020108,3.184829,0.584829,-0.160227,29.999191,4.000000,-1.542644,2.000000,0.000000,1.000000,0.000000
-22.129560,-18.332727,-18.148834,0.000000,2.177860,1.027368,3.205228,0.605228,-0.157073,30.324671,3.000000,-1.593523,2.000000,0.000000,1.000000,0.000000
-36.050442,-22.860044,-19.907110,0.000000,2.388853,1.035331,3.424184,0.824184,-0.103940,30.736599,3.000000,0.313913,2.000000,0.000000,1.000000,0.000000
-14.449249,-17.984529,-19.189583,0.000000,2.302750,1.043006,3.345756,0.745756,-0.070921,31.145044,4.000000,4.687532,2.000000,0.000000,1.000000,0.000000
-16.510565,-19.036694,-19.132523,0.000000,2.295903,1.050659,3.346562,0.746562,-0.075365,31.515257,3.000000,-1.273766,2.000000,0.000000,1.000000,0.000000
-31.667923,-21.892246,-20.162481,0.000000,2.419498,1.058724,3.478222,0.878222,-0.149098,31.924547,4.000000,-3.907922,2.000000,0.000000,1.000000,0.000000
-8.705992,-16.341169,-18.736326,0.000000,2.248359,1.066219,3.314578,0.714578,-0.282720,32.306881,5.000000,-4.659831,2.000000,0.000000,1.000000,0.000000
-7.708543,-14.867970,-17.292612,0.000000,2.075113,1.073136,3.148249,0.548249,-0.357965,32.618973,5.000000,-0.588175,2.000000,0.000000,1.000000,0.000000
-21.743517,-18.459497,-17.728107,0.000000,2.127373,1.080227,3.207600,0.607600,-0.306213,32.952248,4.000000,-4.941689,2.000000,0.000000,1.000000,0.000000
-8.476406,-13.413894,-16.117996,0.000000,1.934160,1.086674,3.020834,0.420834,-0.365392,33.270981,4.000000,-2.099096,2.000000,0.000000,1.000000,0.000000
-12.192544,-15.276888,-15.804086,0.000000,1.896490,1.092996,2.989486,0.389486,-0.537928,33.557888,4.000000,-7.217341,2.000000,0.000000,1.000000,0.000000
-14.324535,-13.520484,-14.951820,0.000000,1.794218,1.098977,2.893195,0.293195,-0.687654,33.845863,5.000000,-3.895157,2.000000,0.000000,1.000000,0.000000
-55.196686,-24.980045,-18.694464,0.000000,2.243335,1.106455,3.349790,0.749790,-0.701795,34.230869,4.000000,4.369382,2.000000,0.000000,1.000000,0.000000
-28.906733,-20.101227,-19.219482,0.000000,2.306338,1.114142,3.420480,0.820480,-0.738778,34.681683,7.000000,-2.830352,2.000000,0.000000,1.000000,0.000000
-15.360412,-16.588013,-18.237389,0.000000,2.188487,1.121437,3.309924,0.709924,-0.733597,35.048576,7.000000,-3.954260,2.000000,0.000000,1.000000,0.000000
-11.728079,-15.754425,-17.310719,0.000000,2.077286,1.128362,3.205648,0.605648,-0.811385,35.372002,7.000000,-1.603413,2.000000,0.000000,1.000000,0.000000
-10.734293,-14.830059,-16.384909,0.000000,1.966189,1.134916,3.101105,0.501105,-0.801509,35.677845,6.000000,2.614979,2.000000,0.000000,1.000000,0.000000
-5.842401,-13.565234,-15.332575,0.000000,1.839909,1.141049,2.980958,0.380958,-0.746717,35.961800,6.000000,6.343035,2.000000,0.000000,1.000000,0.000000
-4.111339,-12.197108,-14.162384,0.000000,1.699486,1.146714,2.846200,0.246200,-0.685179,36.219421,5.000000,6.088245,2.000000,0.000000,1.000000,0.000000
-4.013398,-11.383553,-13.125294,0.000000,1.575035,1.151964,2.726999,0.126999,-0.591880,36.455227,4.000000,5.024034,2.000000,0.000000,1.000000,0.000000
-41.263264,-21.053186,-16.084070,0.000000,1.930088,1.158397,3.088486,0.488486,-0.503144,36.779594,3.000000,2.962527,2.000000,0.000000,1.000000,0.000000
-40.178581,-22.486197,-18.473413,0.000000,2.216810,1.165787,3.382596,0.782596,-0.417938,37.214989,4.000000,0.436369,2.000000,0.000000,1.000000,0.000000
-15.114513,-18.127134,-18.344179,0.000000,2.201301,1.173124,3.374426,0.774426,-0.321701,37.621120,5.000000,2.704603,2.000000,0.000000,1.000000,0.000000
4.624971,-13.191845,-16.421272,0.000000,1.970553,1.179693,3.150246,0.550246,-0.257192,37.934311,5.000000,3.595889,2.000000,0.000000,1.000000,0.000000
-12.682674,-15.563848,-16.101273,0.000000,1.932153,1.186134,3.118286,0.518286,-0.203268,38.221867,3.000000,5.769221,2.000000,0.000000,1.000000,0.000000
-38.841156,-22.751699,-18.583284,0.000000,2.229994,1.193567,3.423561,0.823561,-0.146632,38.605022,3.000000,4.561385,2.000000,0.000000,1.000000,0.000000
-30.850637,-17.833065,-18.303295,0.000000,2.196395,1.200888,3.397284,0.797284,-0.154954,39.010872,4.000000,-1.458848,2.000000,0.000000,1.000000,0.000000
-13.094028,-12.321075,-16.070665,0.000000,1.928480,1.207316,3.135796,0.535796,-0.161599,39.312412,4.000000,-4.054541,2.000000,0.000000,1.000000,0.000000
-7.734302,-9.083553,-13.462998,0.000000,1.615560,1.212702,2.828261,0.228261,-0.286452,39.526459,3.000000,-9.910159,2.000000,0.000000,1.000000,0.000000
-13.476417,-9.922797,-12.141756,0.000000,1.457011,1.217558,2.674569,0.074569,-0.423607,39.716522,3.000000,-6.390624,2.000000,0.000000,1.000000,0.000000
-9.368607,-10.558202,-11.550756,0.000000,1.386091,1.222179,2.608269,0.008269,-0.579280,39.921333,3.000000,-8.980880,2.000000,0.000000,1.000000,0.000000
-13.881619,-10.686352,-11.228151,0.000000,1.347378,1.226670,2.574048,-0.025952,-0.735986,40.133778,3.000000,-8.671928,2.000000,0.000000,1.000000,0.000000
-13.629077,-11.347327,-11.272629,0.000000,1.352715,1.231179,2.583894,-0.016106,-0.884295,40.354115,4.000000,-6.133255,2.000000,0.000000,1.000000,0.000000
-7.958051,-9.856043,-10.743943,0.000000,1.289273,1.235476,2.524750,-0.075250,-0.944941,40.566147,4.000000,1.209551,2.000000,0.000000,1.000000,0.000000
-2.510639,-8.083264,-9.750949,0.000000,1.170114,1.239377,2.409491,-0.190509,-0.937294,40.745541,4.000000,2.039733,2.000000,0.000000,1.000000,0.000000
-9.090881,-10.220466,-9.926178,0.000000,1.191141,1.243347,2.434489,-0.165511,-0.950344,40.928577,3.000000,0.956396,2.000000,0.000000,1.000000,0.000000
-4.220818,-8.623480,-9.439997,0.000000,1.132800,1.247123,2.379923,-0.220077,-1.023340,41.117016,4.000000,-1.463280,2.000000,0.000000,1.000000,0.000000
-3.201822,-6.803801,-8.456140,0.000000,1.014737,1.250506,2.265243,-0.334757,-1.079160,41.271290,4.000000,-2.367907,2.000000,0.000000,1.000000,0.000000
-2.200554,-7.222038,-7.995559,0.000000,0.959467,1.253704,2.213171,-0.386829,-1.055636,41.411549,3.000000,1.991131,2.000000,0.000000,1.000000,0.000000
-11.833648,-9.776741,-8.660316,0.000000,1.039238,1.257168,2.296406,-0.303594,-1.021824,41.581535,3.000000,2.417082,2.000000,0.000000,1.000000,0.000000
-10.537351,-10.815828,-9.464777,0.000000,1.135773,1.260954,2.396727,-0.203273,-1.036482,41.787460,3.000000,-0.387229,2.000000,0.000000,1.000000,0.000000
-27.029446,-13.494930,-10.968874,0.000000,1.316265,1.265342,2.581606,-0.018394,-1.041905,42.030567,4.000000,-0.266004,2.000000,0.000000,1.000000,0.000000
-34.460972,-18.329027,-13.715764,0.000000,1.645892,1.270828,2.916719,0.316720,-1.044491,42.348808,5.000000,-3.914408,2.000000,0.000000,1.000000,0.000000
-3.546287,-11.229477,-12.787854,0.000000,1.534542,1.275943,2.810485,0.210485,-1.100519,42.644394,6.000000,-1.417551,2.000000,0.000000,1.000000,0.000000
-24.314608,-16.524359,-14.182359,0.000000,1.701883,1.281616,2.983499,0.383499,-1.084446,42.921932,6.000000,1.198232,2.000000,0.000000,1.000000,0.000000
3.051748,-9.375026,-12.388209,0.000000,1.486585,1.286571,2.773156,0.173156,-1.051360,43.180927,7.000000,1.670189,2.000000,0.000000,1.000000,0.000000
-5.813721,-11.019623,-11.877438,0.000000,1.425292,1.291322,2.716615,0.116615,-0.951110,43.384872,5.000000,4.358269,2.000000,0.000000,1.000000,0.000000
-4.131161,-9.930798,-11.150930,0.000000,1.338112,1.295783,2.633894,0.033894,-0.873657,43.594376,4.000000,5.407705,2.000000,0.000000,1.000000,0.000000
-12.417401,-11.918100,-11.437246,0.000000,1.372470,1.300357,2.672827,0.072827,-0.801947,43.812866,4.000000,3.810357,2.000000,0.000000,1.000000,0.000000
-5.277204,-10.135999,-10.951607,0.000000,1.314193,1.304738,2.618931,0.018931,-0.765860,44.033409,4.000000,-1.421181,2.000000,0.000000,1.000000,0.000000
-0.990561,-9.601073,-10.447573,0.000000,1.253709,1.308917,2.562626,-0.037374,-0.798078,44.230782,3.000000,1.047880,2.000000,0.000000,1.000000,0.000000
-51.314117,-22.963724,-15.118738,0.000000,1.814249,1.314965,3.129213,0.529213,-0.794142,44.556431,3.000000,0.995744,2.000000,0.000000,1.000000,0.000000
-30.213011,-19.126694,-16.614552,0.000000,1.993746,1.321610,3.315356,0.715357,-0.835679,44.977333,6.000000,0.908892,2.000000,0.000000,1.000000,0.000000
-21.286470,-18.583286,-17.349304,0.000000,2.081917,1.328550,3.410467,0.810467,-0.850278,45.354431,7.000000,-1.950019,2.000000,0.000000,1.000000,0.000000
-27.811831,-19.039022,-17.979925,0.000000,2.157591,1.335742,3.493333,0.893333,-0.950375,45.730656,8.000000,0.961052,2.000000,0.000000,1.000000,0.000000
0.458893,-10.669430,-15.251568,0.000000,1.830188,1.341843,3.172031,0.572031,-1.026826,46.027740,9.000000,-6.903032,2.000000,0.000000,1.000000,0.000000
-3.187201,-9.732302,-13.191717,0.000000,1.583006,1.347119,2.930125,0.330126,-1.102316,46.231758,8.000000,-1.294219,2.000000,0.000000,1.000000,0.000000
-1.338772,-9.579292,-11.843520,0.000000,1.421222,1.351857,2.773079,0.173079,-1.062432,46.424873,6.000000,9.954926,2.000000,0.000000,1.000000,0.000000
-9.555855,-9.710700,-11.047528,0.000000,1.325703,1.356276,2.681979,0.081979,-0.981283,46.617775,5.000000,2.521833,2.000000,0.000000,1.000000,0.000000
9.370168,-5.710376,-9.055644,0.000000,1.086677,1.359898,2.446575,-0.153425,-0.929812,46.771984,4.000000,1.994364,2.000000,0.000000,1.000000,0.000000
-6.863090,-8.386474,-8.805902,0.000000,1.056708,1.363420,2.420129,-0.179871,-0.929346,46.912952,3.000000,1.426258,2.000000,0.000000,1.000000,0.000000
-60.400570,-23.493460,-14.287460,0.000000,1.714495,1.369135,3.083631,0.483631,-0.955146,47.231750,3.000000,-1.003228,2.000000,0.000000,1.000000,0.000000
-22.864069,-17.314827,-15.417307,0.000000,1.850077,1.375302,3.225379,0.625379,-0.964018,47.639832,7.000000,1.863516,2.000000,0.000000,1.000000,0.000000
-8.534865,-13.391809,-14.661369,0.000000,1.759364,1.381167,3.140531,0.540531,-0.923226,47.946899,7.000000,2.825961,2.000000,0.000000,1.000000,0.000000
3.127769,-9.559036,-12.757122,0.000000,1.530855,1.386270,2.917124,0.317124,-0.892854,48.176407,7.000000,3.740195,2.000000,0.000000,1.000000,0.000000
3.345528,-8.144590,-11.035674,0.000000,1.324281,1.390684,2.714965,0.114965,-0.869675,48.353443,5.000000,-0.637185,2.000000,0.000000,1.000000,0.000000
-9.413677,-8.794403,-10.199207,0.000000,1.223905,1.394764,2.618669,0.018669,-0.869370,48.522835,4.000000,-1.195168,2.000000,0.000000,1.000000,0.000000
1.056502,-5.609519,-8.486285,0.000000,1.018354,1.398158,2.416512,-0.183487,-0.908058,48.666874,4.000000,-0.066627,2.000000,0.000000,1.000000,0.000000
-11.162545,-8.742003,-8.581722,0.000000,1.029807,1.401591,2.431397,-0.168602,-0.911080,48.810390,3.000000,0.600154,2.000000,0.000000,1.000000,0.000000
-19.874504,-12.030217,-9.868738,0.000000,1.184249,1.405538,2.589787,-0.010213,-0.912424,49.018112,3.000000,2.072189,2.000000,0.000000,1.000000,0.000000
-0.337903,-9.355582,-9.677223,0.000000,1.161267,1.409409,2.570676,-0.029324,-0.915969,49.231972,4.000000,3.423101,2.000000,0.000000,1.000000,0.000000
-45.249516,-19.658775,-13.402449,0.000000,1.608294,1.414770,3.023064,0.423064,-0.963813,49.522114,4.000000,-0.079924,2.000000,0.000000,1.000000,0.000000
-1.124960,-8.864742,-11.708927,0.000000,1.405071,1.419454,2.824525,0.224525,-0.936149,49.807350,6.000000,-6.901585,2.000000,0.000000,1.000000,0.000000
-9.955055,-11.781344,-11.735954,0.000000,1.408314,1.424148,2.832463,0.232463,-0.972094,50.013809,5.000000,-0.740465,2.000000,0.000000,1.000000,0.000000
-10.438812,-10.394995,-11.235494,0.000000,1.348259,1.428642,2.776902,0.176902,-0.964458,50.235573,5.000000,3.389035,2.000000,0.000000,1.000000,0.000000
-17.167435,-12.982526,-11.887506,0.000000,1.426501,1.433397,2.859898,0.259898,-0.928677,50.469349,5.000000,2.721390,2.000000,0.000000,1.000000,0.000000
-6.263849,-9.905193,-11.147685,0.000000,1.337722,1.437856,2.775578,0.175579,-0.920681,50.698227,5.000000,3.443452,2.000000,0.000000,1.000000,0.000000
-7.756204,-10.731734,-10.992448,0.000000,1.319094,1.442253,2.761347,0.161347,-0.921028,50.904594,5.000000,0.179280,2.000000,0.000000,1.000000,0.000000
-0.582713,-8.782690,-10.167742,0.000000,1.220129,1.446321,2.666450,0.066450,-0.985015,51.099739,5.000000,-6.349090,2.000000,0.000000,1.000000,0.000000
-8.134469,-9.233156,-9.818944,0.000000,1.178273,1.450248,2.628521,0.028522,-1.073951,51.279896,5.000000,-0.938352,2.000000,0.000000,1.000000,0.000000
-2.995087,-6.712248,-8.659491,0.000000,1.039139,1.453712,2.492851,-0.107149,-1.103585,51.439350,5.000000,-1.651581,2.000000,0.000000,1.000000,0.000000
-0.941271,-6.915761,-8.008712,0.000000,0.961045,1.456915,2.417961,-0.182039,-1.100758,51.575630,4.000000,-4.011642,2.000000,0.000000,1.000000,0.000000
-5.137665,-7.435610,-7.794824,0.000000,0.935379,1.460033,2.395412,-0.204588,-1.157423,51.719143,4.000000,-2.223114,2.000000,0.000000,1.000000,0.000000
-4.596264,-7.034010,-7.510880,0.000000,0.901306,1.463038,2.364343,-0.235657,-1.303964,51.863838,5.000000,-1.527344,2.000000,0.000000,1.000000,0.000000
-26.219425,-13.655233,-9.804020,0.000000,1.176482,1.466959,2.643442,0.043442,-1.374705,52.070732,5.000000,0.766314,2.000000,0.000000,1.000000,0.000000
-1.233982,-6.362370,-8.519558,0.000000,1.022347,1.470367,2.492714,-0.107286,-1.362833,52.270908,6.000000,-0.857954,2.000000,0.000000,1.000000,0.000000
10.262713,-2.207088,-6.163675,0.000000,0.739641,1.472833,2.212473,-0.387527,-1.303794,52.356602,5.000000,-1.561506,2.000000,0.000000,1.000000,0.000000
3.617932,-2.085699,-4.641729,0.000000,0.557007,1.474689,2.031697,-0.568303,-1.339328,52.399529,4.000000,-2.224602,2.000000,0.000000,1.000000,0.000000
-53.522240,-17.743847,-9.531584,0.000000,1.143790,1.478502,2.622292,0.022292,-1.410272,52.597824,4.000000,-1.887912,2.000000,0.000000,1.000000,0.000000
-25.522846,-13.602364,-11.050843,0.000000,1.326101,1.482922,2.809023,0.209023,-1.433078,52.911285,7.000000,0.035951,2.000000,0.000000,1.000000,0.000000
-1.125550,-9.467682,-10.459990,0.000000,1.255199,1.487106,2.742305,0.142305,-1.399969,53.141987,8.000000,2.158340,2.000000,0.000000,1.000000,0.000000
-6.395792,-8.230686,-9.627989,0.000000,1.155359,1.490957,2.646316,0.046316,-1.347000,53.318970,7.000000,3.119732,2.000000,0.000000,1.000000,0.000000
-23.611580,-13.662216,-11.133607,0.000000,1.336033,1.495411,2.831444,0.231444,-1.280888,53.537899,6.000000,1.437703,2.000000,0.000000,1.000000,0.000000
-3.556802,-9.470768,-10.513017,0.000000,1.261562,1.499616,2.761178,0.161178,-1.230136,53.769230,7.000000,4.699358,2.000000,0.000000,1.000000,0.000000
6.092949,-6.350894,-8.959667,0.000000,1.075160,1.503200,2.578360,-0.021640,-1.168581,53.927448,6.000000,3.177670,2.000000,0.000000,1.000000,0.000000
-2.119143,-7.579222,-8.444469,0.000000,1.013336,1.506578,2.519914,-0.080086,-1.105628,54.066750,5.000000,0.762183,2.000000,0.000000,1.000000,0.000000
6.565371,-3.881984,-6.741700,0.000000,0.809004,1.509274,2.318278,-0.281722,-1.082835,54.181362,4.000000,-1.025325,2.000000,0.000000,1.000000,0.000000
-0.168818,-4.252245,-5.812608,0.000000,0.697513,1.511599,2.209112,-0.390887,-1.151663,54.262703,4.000000,-3.417839,2.000000,0.000000,1.000000,0.000000
-8.953488,-5.208874,-5.587287,0.000000,0.670474,1.513834,2.184309,-0.415691,-1.292669,54.357315,4.000000,-6.365240,2.000000,0.000000,1.000000,0.000000
-16.188795,-9.462008,-7.033376,0.000000,0.844005,1.516648,2.360653,-0.239347,-1.420355,54.504025,4.000000,-5.488784,2.000000,0.000000,1.000000,0.000000
-18.899471,-12.590713,-9.107435,0.000000,1.092892,1.520291,2.613183,0.013183,-1.507311,54.724552,6.000000,-2.236143,2.000000,0.000000,1.000000,0.000000
-8.995474,-11.199933,-9.888378,0.000000,1.186605,1.524246,2.710851,0.110851,-1.451374,54.962460,7.000000,-2.185517,2.000000,0.000000,1.000000,0.000000
2.543733,-7.930446,-9.157656,0.000000,1.098919,1.527909,2.626828,0.026828,-1.449553,55.153763,7.000000,-3.369447,2.000000,0.000000,1.000000,0.000000
-2.346979,-8.606320,-8.951891,0.000000,1.074227,1.531490,2.605717,0.005717,-1.461379,55.319130,7.000000,-0.174398,2.000000,0.000000,1.000000,0.000000
-0.637292,-7.495908,-8.408503,0.000000,1.009020,1.534853,2.543874,-0.056126,-1.435552,55.480152,7.000000,1.363602,2.000000,0.000000,1.000000,0.000000
2.512323,-4.553812,-6.969890,0.000000,0.836387,1.537641,2.374028,-0.225972,-1.396518,55.600651,6.000000,5.217375,2.000000,0.000000,1.000000,0.000000
-3.071837,-6.017534,-6.614460,0.000000,0.793735,1.540287,2.334022,-0.265978,-1.330938,55.706364,5.000000,4.383842,2.000000,0.000000,1.000000,0.000000
-53.859085,-20.398634,-11.758865,0.000000,1.411064,1.544990,2.956054,0.356054,-1.263945,55.970524,4.000000,3.327613,2.000000,0.000000,1.000000,0.000000
-23.969564,-15.621605,-13.200482,0.000000,1.584058,1.550271,3.134328,0.534328,-1.182899,56.330727,7.000000,4.875517,2.000000,0.000000,1.000000,0.000000
-1.771664,-9.550865,-11.838406,0.000000,1.420609,1.555006,2.975615,0.375615,-1.090694,56.582451,8.000000,5.061322,2.000000,0.000000,1.000000,0.000000
-8.553415,-10.388076,-11.297127,0.000000,1.355655,1.559525,2.915180,0.315180,-1.022361,56.781841,6.000000,0.152784,2.000000,0.000000,1.000000,0.000000
4.629433,-6.589983,-9.540369,0.000000,1.144844,1.563341,2.708185,0.108185,-1.037640,56.951622,6.000000,-1.508211,2.000000,0.000000,1.000000,0.000000
-5.995646,-8.575310,-9.180199,0.000000,1.101624,1.567013,2.668637,0.068637,-1.151890,57.103275,6.000000,-3.383067,2.000000,0.000000,1.000000,0.000000
-14.281860,-10.975428,-9.850198,0.000000,1.182024,1.570953,2.752977,0.152977,-1.167787,57.298782,6.000000,-1.710809,2.000000,0.000000,1.000000,0.000000
6.545131,-4.249246,-7.759861,0.000000,0.931183,1.574057,2.505240,-0.094759,-1.098157,57.451031,6.000000,0.220843,2.000000,0.000000,1.000000,0.000000
5.476291,-0.714918,-5.130610,0.000000,0.615673,1.576109,2.191782,-0.408217,-1.176618,57.500671,5.000000,-2.363871,2.000000,0.000000,1.000000,0.000000
-4.952542,-3.785030,-4.628425,0.000000,0.555411,1.577961,2.133372,-0.466628,-1.254064,57.545670,4.000000,-3.249015,2.000000,0.000000,1.000000,0.000000
-18.269291,-9.066334,-6.284701,0.000000,0.754164,1.580474,2.334639,-0.265361,-1.396787,57.674183,4.000000,1.533236,2.000000,0.000000,1.000000,0.000000
-4.148889,-9.474998,-7.475355,0.000000,0.897043,1.583465,2.480507,-0.119493,-1.409627,57.859596,5.000000,0.817187,2.000000,0.000000,1.000000,0.000000
0.346320,-5.851622,-6.869360,0.000000,0.824323,1.586212,2.410536,-0.189464,-1.399196,58.012863,6.000000,-0.443516,2.000000,0.000000,1.000000,0.000000
-1.152309,-2.731254,-5.324973,0.000000,0.638997,1.588342,2.227339,-0.372661,-1.390122,58.098690,5.000000,-6.212986,2.000000,0.000000,1.000000,0.000000
-2.122731,-3.829770,-4.766947,0.000000,0.572034,1.590249,2.162283,-0.437717,-1.313273,58.164299,4.000000,3.919076,2.000000,0.000000,1.000000,0.000000
3.985525,-0.238826,-3.077003,0.000000,0.369240,1.591480,1.960720,-0.639280,-1.086226,58.204987,3.000000,6.421080,2.000000,0.000000,1.000000,0.000000
-9.122720,-2.997657,-3.047390,0.000000,0.365687,1.592699,1.958386,-0.641614,-0.837050,58.237350,0.000000,3.387667,2.000000,0.000000,1.000000,0.000000
-1.225596,-0.744657,-2.187985,0.000000,0.262558,1.593574,1.856132,-0.743868,-0.628712,58.274773,0.000000,6.167914,2.000000,0.000000,1.000000,0.000000
-5.871043,-2.891715,-2.450625,0.000000,0.294075,1.594554,1.888629,-0.711370,-0.513635,58.311138,-1.000000,10.083942,2.000000,0.000000,1.000000,0.000000
0.810516,-1.880809,-2.237963,0.000000,0.268556,1.595450,1.864005,-0.735995,-0.491120,58.358864,-1.000000,5.358697,2.000000,0.000000,1.000000,0.000000
-13.210793,-5.908347,-3.607791,0.000000,0.432935,1.596893,2.029828,-0.570172,-0.429251,58.436756,-1.000000,1.145291,2.000000,0.000000,1.000000,0.000000
-2.420256,-3.428164,-3.540752,0.000000,0.424890,1.598309,2.023199,-0.576801,-0.437935,58.530121,0.000000,-2.584518,2.000000,0.000000,1.000000,0.000000
-5.626164,-3.139116,-3.390857,0.000000,0.406903,1.599665,2.006568,-0.593432,-0.563621,58.595795,0.000000,-3.795510,2.000000,0.000000,1.000000,0.000000
-8.992493,-6.599898,-4.588507,0.000000,0.550621,1.601501,2.152122,-0.447878,-0.663013,58.693184,0.000000,-2.258095,2.000000,0.000000,1.000000,0.000000
-1.719019,-4.020793,-4.376630,0.000000,0.525196,1.603251,2.128447,-0.471553,-0.701078,58.799393,1.000000,-2.473382,2.000000,0.000000,1.000000,0.000000
8.111686,0.519469,-2.549352,0.000000,0.305922,1.604271,1.910193,-0.689806,-0.664552,58.834408,0.000000,1.515988,2.000000,0.000000,1.000000,0.000000
6.692587,3.915232,-0.136698,0.000000,0.016404,1.604326,1.620730,-0.979270,-0.698766,58.790062,0.000000,-1.181719,2.000000,0.000000,1.000000,0.000000
0.277592,1.859779,0.608409,0.000000,-0.073009,1.604083,1.531073,-1.068926,-0.732792,58.732311,-1.000000,2.481415,2.000000,0.000000,1.000000,0.000000
-1.760912,1.354545,0.886875,0.000000,-0.106425,1.603728,1.497303,-1.102697,-0.801003,58.700169,-1.000000,5.206203,2.000000,0.000000,1.000000,0.000000
-2.673280,-1.194089,0.110236,0.000000,-0.013228,1.603684,1.590455,-1.009545,-0.876814,58.698563,-1.000000,3.880617,2.000000,0.000000,1.000000,0.000000
-6.517805,-2.955979,-1.034109,0.000000,0.124093,1.604097,1.728190,-0.871809,-0.950970,58.740063,0.000000,-6.052839,2.000000,0.000000,1.000000,0.000000
-9.277901,-3.994308,-2.138888,0.000000,0.256667,1.604953,1.861619,-0.738380,-1.094321,58.809566,1.000000,-9.927844,2.000000,0.000000,1.000000,0.000000
7.209941,-0.038533,-1.355012,0.000000,0.162601,1.605495,1.768096,-0.831903,-1.252667,58.849895,2.000000,-6.136035,2.000000,0.000000,1.000000,0.000000
0.347430,0.664332,-0.601371,0.000000,0.072165,1.605736,1.677900,-0.922100,-1.354263,58.843639,2.000000,-1.270656,2.000000,0.000000,1.000000,0.000000
13.709131,3.682676,0.997482,0.000000,-0.119698,1.605337,1.485639,-1.114361,-1.291867,58.800171,1.000000,6.216312,2.000000,0.000000,1.000000,0.000000
-9.188841,-1.174754,0.186780,0.000000,-0.022414,1.605262,1.582848,-1.017152,-1.171351,58.775093,0.000000,6.642598,2.000000,0.000000,1.000000,0.000000
0.983724,0.097609,0.153500,0.000000,-0.018420,1.605200,1.586780,-1.013219,-1.091201,58.785866,0.000000,1.947742,2.000000,0.000000,1.000000,0.000000
-7.033172,-0.028554,0.085556,0.000000,-0.010267,1.605166,1.594900,-1.005100,-1.041807,58.785175,0.000000,1.605604,2.000000,0.000000,1.000000,0.000000
2.374656,4.033227,1.558870,0.000000,-0.187064,1.604543,1.417478,-1.182522,-1.112567,58.745129,0.000000,-0.157052,2.000000,0.000000,1.000000,0.000000
0.193855,2.771811,2.011553,0.000000,-0.241386,1.603738,1.362352,-1.237648,-1.155443,58.677078,0.000000,5.184511,2.000000,0.000000,1.000000,0.000000
-3.141001,0.922448,1.605087,0.000000,-0.192610,1.603096,1.410486,-1.189514,-1.086613,58.640137,0.000000,2.975543,2.000000,0.000000,1.000000,0.000000
-0.944959,-1.452452,0.463980,0.000000,-0.055678,1.602910,1.547233,-1.052767,-1.109275,58.645435,0.000000,3.611069,2.000000,0.000000,1.000000,0.000000
10.521447,-0.062776,0.267389,0.000000,-0.032087,1.602803,1.570717,-1.029283,-1.167099,58.660587,0.000000,-5.340813,2.000000,0.000000,1.000000,0.000000
2.381052,0.181862,0.235470,0.000000,-0.028256,1.602709,1.574453,-1.025547,-1.296200,58.659397,1.000000,-8.564093,2.000000,0.000000,1.000000,0.000000
13.697858,6.511563,2.577777,0.000000,-0.309333,1.601678,1.292345,-1.307655,-1.532660,58.592464,2.000000,-4.969799,2.000000,0.000000,1.000000,0.000000
-7.159785,0.382537,1.758489,0.000000,-0.211019,1.600975,1.389956,-1.210044,-1.612114,58.523525,1.000000,5.318237,2.000000,0.000000,1.000000,0.000000
-1.738120,1.378228,1.616572,0.000000,-0.193989,1.600328,1.406339,-1.193660,-1.616099,58.505917,2.000000,7.249630,2.000000,0.000000,1.000000,0.000000
3.364035,3.135783,2.183558,0.000000,-0.262027,1.599455,1.337428,-1.262572,-1.672133,58.460777,2.000000,-1.435246,2.000000,0.000000,1.000000,0.000000
-3.570008,0.140833,1.421191,0.000000,-0.170543,1.598886,1.428343,-1.171657,-1.831350,58.428013,2.000000,0.096051,2.000000,0.000000,1.000000,0.000000
15.592788,1.682487,1.518710,0.000000,-0.182245,1.598279,1.416033,-1.183967,-1.895631,58.409779,3.000000,0.917671,2.000000,0.000000,1.000000,0.000000
4.189065,2.515925,1.890882,0.000000,-0.226906,1.597522,1.370616,-1.229384,-1.853687,58.367794,3.000000,0.672228,2.000000,0.000000,1.000000,0.000000
-0.838222,4.579266,2.894216,0.000000,-0.347306,1.596364,1.249059,-1.350941,-1.806122,58.296841,2.000000,-1.492405,2.000000,0.000000,1.000000,0.000000
7.150439,4.141497,3.359715,0.000000,-0.403166,1.595021,1.191855,-1.408145,-1.727108,58.209633,1.000000,4.428416,2.000000,0.000000,1.000000,0.000000
5.110285,5.258811,4.068479,0.000000,-0.488217,1.593393,1.105176,-1.494824,-1.493820,58.115631,0.000000,1.998855,2.000000,0.000000,1.000000,0.000000
16.484211,8.505301,5.724349,0.000000,-0.686922,1.591103,0.904181,-1.695818,-1.376817,57.977989,0.000000,6.503833,2.000000,0.000000,1.000000,0.000000
-2.504557,2.969655,4.696267,0.000000,-0.563552,1.589225,1.025673,-1.574327,-1.315289,57.863239,-1.000000,11.642709,2.000000,0.000000,1.000000,0.000000
3.248474,5.799173,5.107883,0.000000,-0.612946,1.587182,0.974236,-1.625764,-1.296556,57.775551,-1.000000,2.488736,2.000000,0.000000,1.000000,0.000000
-2.633605,2.527438,4.144833,0.000000,-0.497380,1.585524,1.088144,-1.511856,-1.383007,57.692284,-1.000000,-2.426215,2.000000,0.000000,1.000000,0.000000
-7.477690,-2.201396,1.776350,0.000000,-0.213162,1.584813,1.371651,-1.228349,-1.488944,57.689022,0.000000,0.399182,2.000000,0.000000,1.000000,0.000000
11.995665,1.713095,1.752743,0.000000,-0.210329,1.584112,1.373783,-1.226217,-1.552775,57.693905,1.000000,-6.776005,2.000000,0.000000,1.000000,0.000000
-2.929807,0.776193,1.388284,0.000000,-0.166594,1.583557,1.416963,-1.183037,-1.545490,57.669010,1.000000,-0.157267,2.000000,0.000000,1.000000,0.000000
22.093386,7.755963,3.764772,0.000000,-0.451773,1.582051,1.130279,-1.469721,-1.591090,57.583687,2.000000,9.954160,2.000000,0.000000,1.000000,0.000000
5.000776,2.982542,3.472835,0.000000,-0.416740,1.580662,1.163922,-1.436078,-1.466437,57.476303,0.000000,12.359713,2.000000,0.000000,1.000000,0.000000
8.544412,4.484507,3.850402,0.000000,-0.462048,1.579122,1.117074,-1.482926,-1.318088,57.401634,0.000000,2.809349,2.000000,0.000000,1.000000,0.000000
9.013666,4.721558,4.175527,0.000000,-0.501063,1.577452,1.076388,-1.523612,-1.268698,57.309574,-1.000000,-1.266076,2.000000,0.000000,1.000000,0.000000
0.344565,4.748870,4.389505,0.000000,-0.526741,1.575696,1.048955,-1.551045,-1.290420,57.214870,-1.000000,-0.600686,2.000000,0.000000,1.000000,0.000000
2.810075,3.117307,3.914707,0.000000,-0.469765,1.574130,1.104365,-1.495635,-1.308643,57.136208,-1.000000,3.229240,2.000000,0.000000,1.000000,0.000000
8.806941,5.307371,4.434464,0.000000,-0.532136,1.572356,1.040220,-1.559780,-1.237079,57.051960,-1.000000,4.285833,2.000000,0.000000,1.000000,0.000000
8.168892,5.951293,5.000561,0.000000,-0.600067,1.570356,0.970288,-1.629711,-1.105272,56.939373,-2.000000,2.498744,2.000000,0.000000,1.000000,0.000000
22.992004,14.025098,8.368617,0.000000,-1.004234,1.567008,0.562774,-2.037226,-1.172349,56.739609,-2.000000,-1.853509,2.000000,0.000000,1.000000,0.000000
3.354161,7.432164,8.019122,0.000000,-0.962295,1.563801,0.601506,-1.998494,-1.107403,56.525036,-4.000000,1.957569,2.000000,0.000000,1.000000,0.000000
-6.031967,4.387114,6.663617,0.000000,-0.799634,1.561135,0.761501,-1.838499,-1.182793,56.406841,-4.000000,0.608894,2.000000,0.000000,1.000000,0.000000
-5.502351,-0.399877,4.027443,0.000000,-0.483293,1.559524,1.076231,-1.523769,-1.215067,56.366970,-3.000000,1.755201,2.000000,0.000000,1.000000,0.000000
21.658110,6.862215,5.085411,0.000000,-0.610249,1.557490,0.947241,-1.652759,-1.173843,56.302345,-1.000000,-1.201214,2.000000,0.000000,1.000000,0.000000
55.647842,21.057266,11.046284,0.000000,-1.325554,1.553072,0.227518,-2.372482,-1.134880,56.023151,-2.000000,-4.209624,2.000000,0.000000,1.000000,0.000000
25.389242,18.115788,13.684700,0.000000,-1.642164,1.547598,-0.094566,-2.694566,-1.138521,55.631420,-6.000000,-4.928308,2.000000,0.000000,1.000000,0.000000
19.633705,17.617516,15.152470,0.000000,-1.818296,1.541537,-0.276760,-2.876760,-1.128769,55.274086,-7.000000,-6.899966,2.000000,0.000000,1.000000,0.000000
21.298687,17.974705,16.205759,0.000000,-1.944691,1.535054,-0.409637,-3.009636,-1.115481,54.918163,-8.000000,-2.090106,2.000000,0.000000,1.000000,0.000000
9.937668,15.320654,15.875428,0.000000,-1.905051,1.528704,-0.376347,-2.976347,-1.101211,54.585209,-9.000000,-2.159986,2.000000,0.000000,1.000000,0.000000
1.637403,12.105825,14.468571,0.000000,-1.736228,1.522917,-0.213312,-2.813312,-1.125166,54.310944,-9.000000,-2.256386,2.000000,0.000000,1.000000,0.000000
30.060837,16.881248,15.369009,0.000000,-1.844281,1.516769,-0.327512,-2.927512,-1.153299,54.021072,-8.000000,-5.467546,2.000000,0.000000,1.000000,0.000000
66.117218,29.820839,20.762590,0.000000,-2.491511,1.508464,-0.983047,-3.583046,-1.241042,53.554050,-8.000000,-3.713092,2.000000,0.000000,1.000000,0.000000
11.950461,18.376858,19.872210,0.000000,-2.384665,1.500515,-0.884150,-3.484149,-1.235280,53.072075,-11.000000,-0.039344,2.000000,0.000000,1.000000,0.000000
16.795197,19.698881,19.807522,0.000000,-2.376903,1.492592,-0.884310,-3.484310,-1.307952,52.691319,-10.000000,0.356601,2.000000,0.000000,1.000000,0.000000
-2.340521,13.338137,17.393076,0.000000,-2.087169,1.485635,-0.601534,-3.201534,-1.323943,52.360947,-10.000000,-1.097811,2.000000,0.000000,1.000000,0.000000
5.828028,16.521498,17.067793,0.000000,-2.048135,1.478808,-0.569327,-3.169327,-1.368021,52.062351,-9.000000,-5.514187,2.000000,0.000000,1.000000,0.000000
29.160639,21.205881,18.612173,0.000000,-2.233461,1.471363,-0.762097,-3.362097,-1.359955,51.685078,-9.000000,-2.030374,2.000000,0.000000,1.000000,0.000000
61.803238,32.192818,23.680618,0.000000,-2.841674,1.461891,-1.379783,-3.979783,-1.276656,51.151093,-10.000000,0.200027,2.000000,0.000000,1.000000,0.000000
27.526045,25.013170,24.177940,0.000000,-2.901353,1.452220,-1.449133,-4.049133,-1.198662,50.579033,-13.000000,3.903943,2.000000,0.000000,1.000000,0.000000
27.193981,22.768587,23.651955,0.000000,-2.838234,1.442759,-1.395476,-3.995475,-1.212791,50.101215,-14.000000,2.740036,2.000000,0.000000,1.000000,0.000000
-5.799553,17.680202,21.423231,0.000000,-2.570788,1.434190,-1.136598,-3.736598,-1.253752,49.696728,-13.000000,-8.021770,2.000000,0.000000,1.000000,0.000000
2.504338,16.093376,19.434071,0.000000,-2.332088,1.426416,-0.905672,-3.505672,-1.355275,49.358994,-11.000000,-10.731646,2.000000,0.000000,1.000000,0.000000
39.494019,24.676365,21.390553,0.000000,-2.566866,1.417860,-1.149006,-3.749006,-1.483319,48.951298,-10.000000,-4.192332,2.000000,0.000000,1.000000,0.000000
47.359489,26.048149,23.128819,0.000000,-2.775458,1.408608,-1.366850,-3.966850,-1.553790,48.444054,-11.000000,0.275256,2.000000,0.000000,1.000000,0.000000
28.017351,23.611734,23.309048,0.000000,-2.797086,1.399285,-1.397801,-3.997801,-1.596607,47.947456,-11.000000,4.112229,2.000000,0.000000,1.000000,0.000000
7.023309,19.022991,21.709444,0.000000,-2.605133,1.390601,-1.214532,-3.814532,-1.641385,47.521111,-11.000000,0.348046,2.000000,0.000000,1.000000,0.000000
-6.005903,13.544627,18.662245,0.000000,-2.239469,1.383136,-0.856333,-3.456333,-1.771302,47.195435,-10.000000,-4.270037,2.000000,0.000000,1.000000,0.000000
12.104455,16.935698,18.017878,0.000000,-2.162145,1.375929,-0.786216,-3.386216,-1.861863,46.890633,-8.000000,-4.554523,2.000000,0.000000,1.000000,0.000000
41.983051,25.977945,20.988663,0.000000,-2.518640,1.367533,-1.151106,-3.751106,-2.025341,46.461494,-6.000000,-2.653293,2.000000,0.000000,1.000000,0.000000
34.494770,23.756056,22.021484,0.000000,-2.642578,1.358725,-1.283853,-3.883853,-2.091727,45.964153,-8.000000,3.137586,2.000000,0.000000,1.000000,0.000000
40.226555,28.674065,24.504301,0.000000,-2.940516,1.348923,-1.591593,-4.191593,-2.064498,45.439854,-9.000000,1.815841,2.000000,0.000000,1.000000,0.000000
5.016327,18.838161,22.389635,0.000000,-2.686756,1.339967,-1.346789,-3.946789,-2.016932,44.964733,-10.000000,-1.823223,2.000000,0.000000,1.000000,0.000000
9.713127,19.227768,21.209591,0.000000,-2.545151,1.331483,-1.213667,-3.813667,-2.057793,44.584072,-9.000000,-7.770165,2.000000,0.000000,1.000000,0.000000
5.226127,15.345774,19.021151,0.000000,-2.282538,1.323875,-0.958663,-3.558663,-2.112915,44.238338,-8.000000,-5.224496,2.000000,0.000000,1.000000,0.000000
23.207479,15.262163,17.618256,0.000000,-2.114191,1.316828,-0.797363,-3.397363,-2.198692,43.932259,-6.000000,4.307555,2.000000,0.000000,1.000000,0.000000
23.434502,15.634174,16.877775,0.000000,-2.025333,1.310077,-0.715256,-3.315256,-2.203310,43.623295,-6.000000,3.679388,2.000000,0.000000,1.000000,0.000000
31.199625,19.686943,17.926188,0.000000,-2.151142,1.302906,-0.848236,-3.448236,-2.122336,43.270084,-6.000000,-2.993145,2.000000,0.000000,1.000000,0.000000
21.758707,16.853556,17.525869,0.000000,-2.103104,1.295896,-0.807209,-3.407208,-2.132785,42.904678,-6.000000,-1.924634,2.000000,0.000000,1.000000,0.000000
15.342699,13.723298,16.106709,0.000000,-1.932805,1.289453,-0.643352,-3.243352,-2.122043,42.598911,-6.000000,-2.561652,2.000000,0.000000,1.000000,0.000000
9.407857,15.020064,15.701161,0.000000,-1.884139,1.283173,-0.600967,-3.200966,-2.157001,42.311478,-5.000000,-0.448893,2.000000,0.000000,1.000000,0.000000
7.277866,14.809772,15.368484,0.000000,-1.844218,1.277025,-0.567193,-3.167193,-2.179188,42.013180,-5.000000,0.330117,2.000000,0.000000,1.000000,0.000000
29.221788,20.511143,17.287781,0.000000,-2.074534,1.270110,-0.804423,-3.404423,-2.306928,41.659969,-4.000000,-1.902181,2.000000,0.000000,1.000000,0.000000
8.848131,13.537657,15.888193,0.000000,-1.906583,1.263755,-0.642828,-3.242828,-2.335038,41.319481,-5.000000,-3.593537,2.000000,0.000000,1.000000,0.000000
30.373224,18.553684,16.882984,0.000000,-2.025958,1.257002,-0.768956,-3.368956,-2.436402,40.998566,-4.000000,-6.304564,2.000000,0.000000,1.000000,0.000000
38.246807,20.994175,18.417326,0.000000,-2.210079,1.249635,-0.960444,-3.560444,-2.439960,40.603088,-4.000000,0.280891,2.000000,0.000000,1.000000,0.000000
16.070656,16.495699,17.700153,0.000000,-2.124018,1.242555,-0.881464,-3.481463,-2.487835,40.228191,-5.000000,-1.395864,2.000000,0.000000,1.000000,0.000000
3.836730,12.706512,15.836472,0.000000,-1.900377,1.236220,-0.664156,-3.264156,-2.450133,39.936169,-5.000000,1.095471,2.000000,0.000000,1.000000,0.000000
-3.279946,11.244969,14.122872,0.000000,-1.694745,1.230571,-0.464174,-3.064173,-2.500006,39.696655,-3.000000,-7.736265,2.000000,0.000000,1.000000,0.000000
14.698759,14.307902,14.191928,0.000000,-1.703031,1.224894,-0.478137,-3.078137,-2.603004,39.441128,-2.000000,-6.651977,2.000000,0.000000,1.000000,0.000000
5.916571,13.581432,13.964085,0.000000,-1.675690,1.219309,-0.456382,-3.056381,-2.693041,39.162235,-2.000000,-6.758535,2.000000,0.000000,1.000000,0.000000
38.590694,22.172958,17.027727,0.000000,-2.043327,1.212497,-0.830830,-3.430830,-2.676326,38.804691,-1.000000,-1.650238,2.000000,0.000000,1.000000,0.000000
10.963764,15.164614,16.332394,0.000000,-1.959887,1.205965,-0.753923,-3.353922,-2.682850,38.431316,-3.000000,0.738795,2.000000,0.000000,1.000000,0.000000
17.874844,14.234042,15.549266,0.000000,-1.865912,1.199745,-0.666167,-3.266167,-2.655898,38.137329,-3.000000,1.020739,2.000000,0.000000,1.000000,0.000000
9.432977,10.469983,13.653622,0.000000,-1.638435,1.194283,-0.444151,-3.044151,-2.520016,37.890289,-3.000000,-2.260124,2.000000,0.000000,1.000000,0.000000
24.806129,11.701277,12.924985,0.000000,-1.550998,1.189113,-0.361885,-2.961885,-2.488341,37.668575,-2.000000,0.313890,2.000000,0.000000,1.000000,0.000000
3.181532,7.246884,10.805855,0.000000,-1.296703,1.184791,-0.111911,-2.711911,-2.508245,37.479095,-2.000000,-0.585053,2.000000,0.000000,1.000000,0.000000
9.512122,8.343390,9.886836,0.000000,-1.186420,1.180836,-0.005584,-2.605584,-2.449916,37.323193,-1.000000,-3.096303,2.000000,0.000000,1.000000,0.000000
0.484246,5.955125,8.419478,0.000000,-1.010337,1.177469,0.167131,-2.432869,-2.502036,37.180206,0.000000,-2.867088,2.000000,0.000000,1.000000,0.000000
-7.221600,4.133253,6.819812,0.000000,-0.818377,1.174741,0.356363,-2.243637,-2.523871,37.079323,0.000000,-0.441182,2.000000,0.000000,1.000000,0.000000
2.595481,7.433995,7.049032,0.000000,-0.845884,1.171921,0.326037,-2.273963,-2.487835,36.963650,1.000000,2.574508,2.000000,0.000000,1.000000,0.000000
13.973152,8.069660,7.429942,0.000000,-0.891593,1.168949,0.277356,-2.322644,-2.459917,36.808613,0.000000,3.038542,2.000000,0.000000,1.000000,0.000000
28.985748,10.054670,8.409519,0.000000,-1.009142,1.165585,0.156443,-2.443557,-2.464927,36.627369,0.000000,6.097228,2.000000,0.000000,1.000000,0.000000
10.728531,9.162171,8.690417,0.000000,-1.042850,1.162109,0.119259,-2.480741,-2.430807,36.435200,0.000000,3.796163,2.000000,0.000000,1.000000,0.000000
-5.235817,7.923227,8.404094,0.000000,-1.008491,1.158747,0.150256,-2.449744,-2.455106,36.264347,0.000000,-0.223920,2.000000,0.000000,1.000000,0.000000
17.770588,11.837118,9.685336,0.000000,-1.162240,1.154873,-0.007367,-2.607367,-2.402402,36.066742,0.000000,5.885162,2.000000,0.000000,1.000000,0.000000
44.326630,19.647842,13.403453,0.000000,-1.608414,1.149512,-0.458902,-3.058902,-2.347770,35.751892,-1.000000,0.693316,2.000000,0.000000,1.000000,0.000000
13.090708,15.954207,14.355423,0.000000,-1.722651,1.143770,-0.578881,-3.178881,-2.290447,35.395870,-3.000000,-2.165436,2.000000,0.000000,1.000000,0.000000
-0.224029,11.177290,13.169309,0.000000,-1.580317,1.138502,-0.441815,-3.041815,-2.400838,35.124554,-3.000000,-0.257054,2.000000,0.000000,1.000000,0.000000
38.992802,19.270922,15.446498,0.000000,-1.853580,1.132323,-0.721256,-3.321256,-2.429923,34.820072,-3.000000,-2.002649,2.000000,0.000000,1.000000,0.000000
-5.636492,8.502370,12.854873,0.000000,-1.542585,1.127181,-0.415403,-3.015403,-2.492540,34.542339,-4.000000,-5.461652,2.000000,0.000000,1.000000,0.000000
3.161832,9.820668,11.722474,0.000000,-1.406697,1.122492,-0.284205,-2.884204,-2.586071,34.359108,-2.000000,-5.275555,2.000000,0.000000,1.000000,0.000000
0.390993,8.715441,10.600216,0.000000,-1.272026,1.118464,-0.153562,-2.753561,-2.760518,34.173748,0.000000,-10.276394,2.000000,0.000000,1.000000,0.000000
6.902814,8.752464,9.910615,0.000000,-1.189274,1.114302,-0.074972,-2.674972,-2.854804,33.999069,0.000000,-5.004195,2.000000,0.000000,1.000000,0.000000
25.742350,16.576099,12.398247,0.000000,-1.487790,1.109590,-0.378199,-2.978199,-2.905472,33.745785,1.000000,0.158167,2.000000,0.000000,1.000000,0.000000
54.447830,28.165575,18.282787,0.000000,-2.193934,1.101912,-1.092023,-3.692023,-2.969923,33.298367,0.000000,-0.255454,2.000000,0.000000,1.000000,0.000000
22.012577,20.671026,19.174105,0.000000,-2.300893,1.094625,-1.206267,-3.806267,-2.934566,32.810001,-3.000000,-0.974524,2.000000,0.000000,1.000000,0.000000
5.551479,14.470638,17.418720,0.000000,-2.090246,1.087310,-1.002937,-3.602937,-2.796343,32.458584,-5.000000,-2.462066,2.000000,0.000000,1.000000,0.000000
11.802856,14.212290,16.222046,0.000000,-1.946645,1.081145,-0.865500,-3.465500,-2.766337,32.171753,-4.000000,-1.730578,2.000000,0.000000,1.000000,0.000000
-12.163641,6.879276,12.735222,0.000000,-1.528227,1.075796,-0.452430,-3.052430,-2.756538,31.960836,-3.000000,-2.242807,2.000000,0.000000,1.000000,0.000000
-2.282976,8.426434,11.127134,0.000000,-1.335256,1.071568,-0.263688,-2.863688,-2.797443,31.807779,-1.000000,-1.741391,2.000000,0.000000,1.000000,0.000000
10.823192,11.853534,11.398234,0.000000,-1.367788,1.066781,-0.301007,-2.901007,-2.845865,31.604980,0.000000,-4.486936,2.000000,0.000000,1.000000,0.000000
6.474947,7.523684,9.952209,0.000000,-1.194265,1.062999,-0.131266,-2.731266,-2.864544,31.411209,0.000000,1.764125,2.000000,0.000000,1.000000,0.000000
10.076388,7.232740,8.937273,0.000000,-1.072473,1.059424,-0.013049,-2.613049,-2.754047,31.263645,0.000000,3.781497,2.000000,0.000000,1.000000,0.000000
0.906916,5.269083,7.568264,0.000000,-0.908192,1.056397,0.148205,-2.451795,-2.679051,31.138626,0.000000,0.925900,2.000000,0.000000,1.000000,0.000000
1.752971,4.179018,6.303360,0.000000,-0.756403,1.053875,0.297472,-2.302528,-2.688949,31.044146,1.000000,0.995362,2.000000,0.000000,1.000000,0.000000
-0.749837,4.261090,5.541163,0.000000,-0.664940,1.051659,0.386719,-2.213281,-2.673059,30.959745,1.000000,2.817797,2.000000,0.000000,1.000000,0.000000
3.966969,4.488965,5.148471,0.000000,-0.617817,1.049600,0.431783,-2.168217,-2.682586,30.872246,2.000000,1.213305,2.000000,0.000000,1.000000,0.000000
2.904372,3.818677,4.652177,0.000000,-0.558261,1.047739,0.489477,-2.110523,-2.585041,30.789169,1.000000,0.141261,2.000000,0.000000,1.000000,0.000000
-4.847260,0.497287,3.101526,0.000000,-0.372183,1.046498,0.674315,-1.925685,-2.463988,30.746010,1.000000,-1.696916,2.000000,0.000000,1.000000,0.000000
12.492219,4.950792,3.791693,0.000000,-0.455003,1.044981,0.589978,-2.010022,-2.529263,30.691528,2.000000,-4.912265,2.000000,0.000000,1.000000,0.000000
3.903529,2.969586,3.484874,0.000000,-0.418185,1.043587,0.625403,-1.974597,-2.597135,30.612324,2.000000,-2.972997,2.000000,0.000000,1.000000,0.000000
-4.263042,-0.483207,2.003942,0.000000,-0.240473,1.042786,0.802313,-1.797687,-2.610945,30.587460,3.000000,-2.994588,2.000000,0.000000,1.000000,0.000000
-2.014495,2.655506,2.247113,0.000000,-0.269654,1.041887,0.772233,-1.827766,-2.570846,30.565737,3.000000,-2.816158,2.000000,0.000000,1.000000,0.000000
1.543705,2.578154,2.370661,0.000000,-0.284479,1.040939,0.756459,-1.843540,-2.538882,30.513401,3.000000,-0.768880,2.000000,0.000000,1.000000,0.000000
1.019873,3.342819,2.733481,0.000000,-0.328018,1.039845,0.711828,-1.888172,-2.517020,30.454191,3.000000,-4.316972,2.000000,0.000000,1.000000,0.000000
-2.137436,3.689684,3.090347,0.000000,-0.370842,1.038609,0.667768,-1.932232,-2.585373,30.383865,3.000000,-5.981242,2.000000,0.000000,1.000000,0.000000
3.085322,3.154029,3.114114,0.000000,-0.373694,1.037364,0.663670,-1.936330,-2.699904,30.315428,3.000000,-1.547817,2.000000,0.000000,1.000000,0.000000
-3.634645,1.005914,2.327311,0.000000,-0.279277,1.036433,0.757155,-1.842844,-2.748019,30.273829,3.000000,-2.453952,2.000000,0.000000,1.000000,0.000000
-1.119910,-0.179769,1.391641,0.000000,-0.166997,1.035876,0.868879,-1.731121,-2.678155,30.265568,4.000000,1.469623,2.000000,0.000000,1.000000,0.000000
2.208770,0.663352,1.119835,0.000000,-0.134380,1.035428,0.901048,-1.698952,-2.568221,30.260733,4.000000,1.687387,2.000000,0.000000,1.000000,0.000000
-16.450186,-3.095950,-0.453542,0.000000,0.054425,1.035609,1.090034,-1.509965,-2.538658,30.285059,4.000000,-1.533268,2.000000,0.000000,1.000000,0.000000
-6.835590,-0.723629,-0.554341,0.000000,0.066521,1.035831,1.102352,-1.497648,-2.686280,30.323256,5.000000,-0.046789,2.000000,0.000000,1.000000,0.000000
3.789667,2.762196,0.683427,0.000000,-0.082011,1.035558,0.953547,-1.646453,-2.629281,30.302870,5.000000,4.836124,2.000000,0.000000,1.000000,0.000000
1.185380,2.936618,1.524343,0.000000,-0.182921,1.034948,0.852027,-1.747973,-2.517601,30.245882,4.000000,2.345646,2.000000,0.000000,1.000000,0.000000
-12.471614,-2.573329,-0.004953,0.000000,0.000594,1.034950,1.035545,-1.564455,-2.418107,30.242249,3.000000,0.512929,2.000000,0.000000,1.000000,0.000000
-13.148284,-3.903829,-1.460057,0.000000,0.175207,1.035534,1.210741,-1.389259,-2.377390,30.307020,3.000000,0.555759,2.000000,0.000000,1.000000,0.000000
2.570722,-0.716502,-1.182554,0.000000,0.141906,1.036007,1.177914,-1.422086,-2.328797,30.353224,4.000000,0.625016,2.000000,0.000000,1.000000,0.000000
2.927089,-0.599712,-0.965031,0.000000,0.115804,1.036393,1.152197,-1.447803,-2.275017,30.366386,4.000000,1.199709,2.000000,0.000000,1.000000,0.000000
-4.254492,-0.385644,-0.748797,0.000000,0.089856,1.036693,1.126548,-1.473451,-2.199776,30.376240,3.000000,4.949367,2.000000,0.000000,1.000000,0.000000
-2.500936,1.947227,0.257388,0.000000,-0.030887,1.036590,1.005703,-1.594297,-2.227491,30.360624,3.000000,3.114061,2.000000,0.000000,1.000000,0.000000
-25.244722,-3.658191,-1.203949,0.000000,0.144474,1.037071,1.181545,-1.418455,-2.221175,30.377733,3.000000,4.595452,2.000000,0.000000,1.000000,0.000000
-27.013371,-8.696901,-4.000401,0.000000,0.480048,1.038671,1.518720,-1.081280,-2.250512,30.501284,4.000000,9.161284,2.000000,0.000000,1.000000,0.000000
-3.682995,-3.837938,-3.939768,0.000000,0.472772,1.040247,1.513020,-1.086980,-2.095257,30.626633,4.000000,6.338119,2.000000,0.000000,1.000000,0.000000
2.422677,-1.390992,-2.988537,0.000000,0.358624,1.041443,1.400067,-1.199933,-1.943016,30.678923,4.000000,8.264526,2.000000,0.000000,1.000000,0.000000
10.009549,1.557842,-1.291778,0.000000,0.155013,1.041960,1.196973,-1.403027,-1.826396,30.677254,3.000000,8.347857,2.000000,0.000000,1.000000,0.000000
3.050187,0.937595,-0.459752,0.000000,0.055170,1.042143,1.097314,-1.502686,-1.702030,30.652300,1.000000,4.969098,2.000000,0.000000,1.000000,0.000000
10.889539,2.183722,0.526822,0.000000,-0.063219,1.041933,0.978714,-1.621286,-1.556856,30.621086,0.000000,6.764992,2.000000,0.000000,1.000000,0.000000
-7.785810,-4.554359,-1.369531,0.000000,0.164344,1.042480,1.206824,-1.393176,-1.423892,30.644793,-1.000000,1.210202,2.000000,0.000000,1.000000,0.000000
-51.152451,-16.178642,-6.896454,0.000000,0.827574,1.045239,1.872813,-0.727186,-1.293800,30.852123,0.000000,5.048567,2.000000,0.000000,1.000000,0.000000
-18.322735,-7.054795,-6.955549,0.000000,0.834666,1.048021,1.882687,-0.717313,-1.390852,31.084457,3.000000,2.472842,2.000000,0.000000,1.000000,0.000000
-29.042313,-14.789732,-9.879353,0.000000,1.185522,1.051973,2.237495,-0.362504,-1.380548,31.302902,3.000000,7.849274,2.000000,0.000000,1.000000,0.000000
-4.922644,-9.078004,-9.580280,0.000000,1.149634,1.055805,2.205439,-0.394561,-1.204138,31.541580,4.000000,6.985220,2.000000,0.000000,1.000000,0.000000
22.152372,1.989921,-5.262154,0.000000,0.631458,1.057910,1.689368,-0.910631,-1.126726,31.612461,3.000000,8.877158,2.000000,0.000000,1.000000,0.000000
14.452423,-0.286372,-3.405137,0.000000,0.408616,1.059272,1.467889,-1.132111,-1.036361,31.595425,0.000000,3.878524,2.000000,0.000000,1.000000,0.000000
-29.159927,-11.520666,-6.433942,0.000000,0.772073,1.061846,1.833919,-0.766081,-1.021835,31.713495,0.000000,2.729264,2.000000,0.000000,1.000000,0.000000
-29.859379,-13.127966,-8.932225,0.000000,1.071867,1.065419,2.137286,-0.462714,-1.027858,31.959982,1.000000,-0.019786,2.000000,0.000000,1.000000,0.000000
0.651117,-5.559083,-7.673331,0.000000,0.920800,1.068488,1.989288,-0.610712,-1.059503,32.146851,2.000000,-4.709714,2.000000,0.000000,1.000000,0.000000
1.096574,-4.894235,-6.636142,0.000000,0.796337,1.071142,1.867479,-0.732520,-1.095937,32.251385,2.000000,-3.170644,2.000000,0.000000,1.000000,0.000000
-50.247753,-19.757647,-11.533232,0.000000,1.383988,1.075756,2.459743,-0.140256,-1.095049,32.497902,1.000000,-1.579533,2.000000,0.000000,1.000000,0.000000
-2.976861,-9.850730,-10.905304,0.000000,1.308636,1.080118,2.388754,-0.211246,-1.141493,32.793987,4.000000,-5.624563,2.000000,0.000000,1.000000,0.000000
-15.232550,-10.978045,-10.932452,0.000000,1.311894,1.084491,2.396385,-0.203615,-1.151782,33.002274,4.000000,0.367162,2.000000,0.000000,1.000000,0.000000
-12.536141,-10.409688,-10.737350,0.000000,1.288482,1.088786,2.377268,-0.222732,-1.150981,33.216152,4.000000,3.292608,2.000000,0.000000,1.000000,0.000000
0.478526,-11.573818,-11.049529,0.000000,1.325943,1.093206,2.419149,-0.180851,-1.177232,33.435986,4.000000,3.146105,2.000000,0.000000,1.000000,0.000000
17.238956,-4.286313,-8.525423,0.000000,1.023051,1.096616,2.119667,-0.480333,-1.142360,33.594585,4.000000,0.178521,2.000000,0.000000,1.000000,0.000000
-47.430344,-21.010078,-13.184834,0.000000,1.582180,1.101890,2.684070,0.084070,-1.150227,33.847549,3.000000,-3.249556,2.000000,0.000000,1.000000,0.000000
-1.027670,-11.784463,-12.662200,0.000000,1.519464,1.106955,2.626419,0.026419,-1.100348,34.175495,5.000000,-6.835294,2.000000,0.000000,1.000000,0.000000
7.997283,-4.277302,-9.532864,0.000000,1.143944,1.110768,2.254711,-0.345289,-1.283690,34.336113,6.000000,2.096489,2.000000,0.000000,1.000000,0.000000
-2.548005,-9.052187,-9.353470,0.000000,1.122416,1.114509,2.236926,-0.363074,-1.326172,34.469406,4.000000,2.425318,2.000000,0.000000,1.000000,0.000000
-24.324638,-14.590839,-11.308114,0.000000,1.356974,1.119032,2.476006,-0.123994,-1.338440,34.705837,4.000000,2.143962,2.000000,0.000000,1.000000,0.000000
-6.189515,-13.918814,-12.282455,0.000000,1.473895,1.123945,2.597840,-0.002160,-1.402240,34.990932,6.000000,-1.403753,2.000000,0.000000,1.000000,0.000000
14.041773,-7.289238,-10.418932,0.000000,1.250272,1.128113,2.378385,-0.221615,-1.496851,35.203014,7.000000,-1.967384,2.000000,0.000000,1.000000,0.000000
-54.195953,-23.875664,-15.441132,0.000000,1.852936,1.134289,2.987225,0.387225,-1.571188,35.514664,6.000000,-3.355926,2.000000,0.000000,1.000000,0.000000
-48.598366,-26.748898,-19.661314,0.000000,2.359358,1.142154,3.501512,0.901512,-1.652658,36.020908,10.000000,-1.378666,2.000000,0.000000,1.000000,0.000000
-3.554222,-16.390648,-18.440666,0.000000,2.212880,1.149530,3.362410,0.762410,-1.647455,36.452305,12.000000,3.113117,2.000000,0.000000,1.000000,0.000000
-14.127700,-16.987785,-17.898436,0.000000,2.147812,1.156690,3.304502,0.704502,-1.564954,36.786091,11.000000,1.408654,2.000000,0.000000,1.000000,0.000000
-4.793587,-13.801455,-16.369396,0.000000,1.964327,1.163237,3.127565,0.527565,-1.483439,37.093983,10.000000,6.166226,2.000000,0.000000,1.000000,0.000000
4.596447,-11.892698,-14.698644,0.000000,1.763837,1.169117,2.932954,0.332954,-1.408113,37.350925,9.000000,8.805515,2.000000,0.000000,1.000000,0.000000
-0.673506,-11.283403,-13.424038,0.000000,1.610885,1.174486,2.785371,0.185371,-1.282001,37.582687,8.000000,6.724673,2.000000,0.000000,1.000000,0.000000
16.632423,-4.366296,-10.043589,0.000000,1.205231,1.178504,2.383734,-0.216265,-1.024115,37.739185,5.000000,4.209728,2.000000,0.000000,1.000000,0.000000
-10.391675,-8.849893,-9.598088,0.000000,1.151771,1.182343,2.334114,-0.265886,-0.916731,37.871346,3.000000,1.451371,2.000000,0.000000,1.000000,0.000000
7.310386,-2.549152,-6.967348,0.000000,0.836082,1.185130,2.021212,-0.578788,-0.934022,37.985336,3.000000,7.701938,2.000000,0.000000,1.000000,0.000000
-8.618234,-10.690560,-8.356892,0.000000,1.002827,1.188473,2.191300,-0.408700,-0.896685,38.117733,1.000000,7.867502,2.000000,0.000000,1.000000,0.000000
-29.776011,-12.967375,-10.077575,0.000000,1.209309,1.192504,2.401813,-0.198187,-0.734917,38.354313,1.000000,-0.810201,2.000000,0.000000,1.000000,0.000000
-4.825502,-7.482270,-9.108978,0.000000,1.093077,1.196148,2.289225,-0.310775,-0.667578,38.558811,2.000000,-4.633287,2.000000,0.000000,1.000000,0.000000
-25.518618,-14.711950,-11.200069,0.000000,1.344008,1.200628,2.544636,-0.055364,-0.747490,38.780754,2.000000,3.652383,2.000000,0.000000,1.000000,0.000000
-20.860577,-15.038535,-12.632627,0.000000,1.515915,1.205681,2.721596,0.121596,-0.748236,39.078259,3.000000,1.822748,2.000000,0.000000,1.000000,0.000000
4.432769,-9.060850,-11.299601,0.000000,1.355952,1.210200,2.566153,-0.033847,-0.690849,39.319252,4.000000,1.907716,2.000000,0.000000,1.000000,0.000000
-1.086351,-10.915274,-11.156165,0.000000,1.338740,1.214663,2.553403,-0.046597,-0.751177,39.519012,3.000000,-0.806410,2.000000,0.000000,1.000000,0.000000
-2.954244,-9.704010,-10.614204,0.000000,1.273705,1.218909,2.492613,-0.107387,-0.794981,39.725204,3.000000,-3.091688,2.000000,0.000000,1.000000,0.000000
0.309299,-7.424557,-9.423793,0.000000,1.130855,1.222678,2.353533,-0.246467,-0.826956,39.896492,3.000000,-6.348743,2.000000,0.000000,1.000000,0.000000
-6.685003,-7.983422,-8.886230,0.000000,1.066348,1.226233,2.292580,-0.307420,-0.909182,40.050571,3.000000,-3.820908,2.000000,0.000000,1.000000,0.000000
9.040257,-5.187474,-7.505814,0.000000,0.900698,1.229235,2.129932,-0.470068,-0.964988,40.182281,3.000000,0.010730,2.000000,0.000000,1.000000,0.000000
-6.883881,-6.663492,-7.191450,0.000000,0.862974,1.232111,2.095085,-0.504915,-0.774558,40.300793,1.000000,-0.390804,2.000000,0.000000,1.000000,0.000000
6.539674,2.279850,-3.656657,0.000000,0.438799,1.233574,1.672373,-0.927627,-0.854422,40.344627,1.000000,-5.666571,2.000000,0.000000,1.000000,0.000000
-1.615099,-1.073459,-2.692579,0.000000,0.323109,1.234651,1.557761,-1.042239,-0.981353,40.332565,0.000000,-1.820848,2.000000,0.000000,1.000000,0.000000
-14.840348,-9.133266,-5.096314,0.000000,0.611558,1.236690,1.848247,-0.751752,-1.202301,40.434631,0.000000,2.484193,2.000000,0.000000,1.000000,0.000000
-12.667558,-8.622392,-6.412285,0.000000,0.769474,1.239255,2.008729,-0.591271,-1.215474,40.612186,2.000000,0.632252,2.000000,0.000000,1.000000,0.000000
-2.367718,-4.418140,-5.668048,0.000000,0.680166,1.241522,1.921688,-0.678312,-1.157994,40.742592,2.000000,-0.888665,2.000000,0.000000,1.000000,0.000000
3.830761,-4.704009,-5.308258,0.000000,0.636991,1.243645,1.880636,-0.719364,-1.259851,40.833813,2.000000,-1.189116,2.000000,0.000000,1.000000,0.000000
-0.706796,-2.221709,-4.156324,0.000000,0.498759,1.245308,1.744067,-0.855933,-1.187067,40.903069,2.000000,-2.934838,2.000000,0.000000,1.000000,0.000000
1.504541,-1.841035,-3.292233,0.000000,0.395068,1.246625,1.641693,-0.958307,-1.246634,40.943695,1.000000,-2.324861,2.000000,0.000000,1.000000,0.000000
-24.152765,-9.664141,-5.670299,0.000000,0.680436,1.248893,1.929329,-0.670671,-1.247754,41.058746,1.000000,2.584985,2.000000,0.000000,1.000000,0.000000
-25.872982,-11.138086,-7.710938,0.000000,0.925312,1.251977,2.177289,-0.422710,-1.262555,41.266769,2.000000,0.105420,2.000000,0.000000,1.000000,0.000000
-3.509753,-6.420933,-7.229494,0.000000,0.867539,1.254869,2.122408,-0.477592,-1.167786,41.442360,3.000000,-0.104420,2.000000,0.000000,1.000000,0.000000
-10.425393,-8.433400,-7.678805,0.000000,0.921457,1.257940,2.179397,-0.420603,-1.167857,41.590904,3.000000,2.395124,2.000000,0.000000,1.000000,0.000000
2.982200,-5.467426,-6.853494,0.000000,0.822419,1.260682,2.083101,-0.516899,-1.133673,41.729912,3.000000,-0.184316,2.000000,0.000000,1.000000,0.000000
8.891040,-1.469796,-4.844239,0.000000,0.581309,1.262620,1.843928,-0.756072,-1.039205,41.799286,2.000000,1.996915,2.000000,0.000000,1.000000,0.000000
5.672829,0.006807,-3.033776,0.000000,0.364053,1.263833,1.627886,-0.972114,-1.062400,41.813915,1.000000,-2.530702,2.000000,0.000000,1.000000,0.000000
-10.827614,-7.879535,-4.842267,0.000000,0.581072,1.265770,1.846842,-0.753158,-1.259420,41.892643,1.000000,2.372301,2.000000,0.000000,1.000000,0.000000
-3.939315,-8.631952,-6.256619,0.000000,0.750794,1.268273,2.019067,-0.580933,-1.306266,42.057758,2.000000,-0.846153,2.000000,0.000000,1.000000,0.000000
2.585036,-4.244989,-5.505857,0.000000,0.660703,1.270475,1.931178,-0.668822,-1.214805,42.186527,3.000000,-0.956487,2.000000,0.000000,1.000000,0.000000
-7.928447,-3.279850,-4.675086,0.000000,0.561010,1.272345,1.833356,-0.766644,-1.279061,42.261776,3.000000,-3.419946,2.000000,0.000000,1.000000,0.000000
16.190117,5.800290,-0.765561,0.000000,0.091867,1.272651,1.364519,-1.235481,-1.390038,42.236572,3.000000,-8.428426,2.000000,0.000000,1.000000,0.000000
15.953842,6.574932,1.973992,0.000000,-0.236879,1.271862,1.034983,-1.565017,-1.555901,42.112820,1.000000,-7.474512,2.000000,0.000000,1.000000,0.000000
-2.618162,1.104050,1.649320,0.000000,-0.197918,1.271202,1.073284,-1.526716,-1.742518,42.036030,0.000000,-4.823482,2.000000,0.000000,1.000000,0.000000
26.993391,9.539633,4.594071,0.000000,-0.551289,1.269364,0.718076,-1.881924,-1.835865,41.929592,1.000000,-2.590984,2.000000,0.000000,1.000000,0.000000
-7.351299,1.474149,3.429682,0.000000,-0.411562,1.267993,0.856431,-1.743569,-1.903921,41.819454,0.000000,-1.705637,2.000000,0.000000,1.000000,0.000000
-8.760938,-1.297894,1.665299,0.000000,-0.199836,1.267326,1.067491,-1.532509,-1.988097,41.817692,1.000000,-3.362639,2.000000,0.000000,1.000000,0.000000
-9.255734,-3.944774,-0.428442,0.000000,0.051413,1.267498,1.318911,-1.281089,-2.117369,41.870117,2.000000,-6.024433,2.000000,0.000000,1.000000,0.000000
2.444559,-0.580899,-0.485341,0.000000,0.058241,1.267692,1.325933,-1.274067,-2.154407,41.915375,4.000000,-6.167353,2.000000,0.000000,1.000000,0.000000
-3.322945,0.014624,-0.298748,0.000000,0.035850,1.267812,1.303661,-1.296339,-2.231555,41.921036,4.000000,-7.304823,2.000000,0.000000,1.000000,0.000000
-11.035092,-3.026109,-1.316629,0.000000,0.157995,1.268338,1.426334,-1.173666,-2.340762,41.951149,5.000000,-3.146927,2.000000,0.000000,1.000000,0.000000
-10.839939,-8.219282,-3.892775,0.000000,0.467133,1.269895,1.737028,-0.862972,-2.440744,42.063602,6.000000,1.537383,2.000000,0.000000,1.000000,0.000000
7.710121,-3.703759,-3.822232,0.000000,0.458668,1.271424,1.730092,-0.869908,-2.365896,42.182835,7.000000,2.315963,2.000000,0.000000,1.000000,0.000000
10.346526,0.660552,-2.149208,0.000000,0.257905,1.272284,1.530189,-1.069811,-2.197541,42.213268,6.000000,-1.781308,2.000000,0.000000,1.000000,0.000000
22.813358,8.723694,1.908679,0.000000,-0.229041,1.271520,1.042479,-1.557521,-2.197958,42.119427,5.000000,-7.085346,2.000000,0.000000,1.000000,0.000000
4.307125,8.531657,4.380447,0.000000,-0.525654,1.269768,0.744115,-1.855885,-2.234115,41.946873,3.000000,-5.198456,2.000000,0.000000,1.000000,0.000000
2.778797,8.144576,5.785262,0.000000,-0.694231,1.267454,0.573223,-2.026777,-2.514057,41.780109,3.000000,1.633821,2.000000,0.000000,1.000000,0.000000
-13.683784,0.430653,3.786863,0.000000,-0.454424,1.265939,0.811516,-1.788484,-2.582269,41.694359,2.000000,6.563067,2.000000,0.000000,1.000000,0.000000
14.711313,5.658806,4.485492,0.000000,-0.538259,1.264145,0.725886,-1.874114,-2.531156,41.633465,3.000000,3.314998,2.000000,0.000000,1.000000,0.000000
5.619562,4.918417,4.647065,0.000000,-0.557648,1.262286,0.704639,-1.895361,-2.482121,41.527691,3.000000,-1.332618,2.000000,0.000000,1.000000,0.000000
-19.477318,-3.060636,1.770466,0.000000,-0.212456,1.261578,1.049122,-1.550878,-2.486260,41.509113,2.000000,-2.015449,2.000000,0.000000,1.000000,0.000000
-4.996062,-2.879912,0.034894,8.300000,0.991813,0.000797,1.407609,-1.192391,-2.524704,41.568520,4.000000,-0.409847,0.000000,0.000000,1.000000,0.415000
19.397268,3.331002,1.265038,9.700000,1.012195,0.004171,1.501366,-1.098634,-2.468441,41.564007,6.000000,6.006022,0.000000,0.000000,1.000000,0.485000
10.957909,4.500334,2.472486,12.900001,1.251302,0.006777,1.903079,-0.696921,-2.351630,41.485695,6.000000,3.338450,0.000000,0.000000,1.000000,0.645000
-20.209051,-3.473023,0.253556,14.600000,1.721573,0.012516,2.464089,-0.135911,-2.217485,41.475422,7.000000,3.019601,0.000000,0.000000,1.000000,0.730000
1.206068,-1.045760,-0.231363,20.000000,2.427763,0.015513,3.443277,0.843277,-2.164639,41.520611,10.000000,5.689310,0.000000,0.000000,1.000000,1.000000
5.040550,-2.163738,-0.952547,22.000000,2.754306,0.024694,3.879000,1.279000,-2.054639,41.552708,14.000000,10.271708,0.000000,0.000000,1.000000,1.100000
16.571537,4.436075,1.058546,30.300001,3.508975,0.027513,5.051487,2.451488,-1.767374,41.529984,15.000000,9.845243,0.000000,0.000000,1.000000,1.515000
28.589136,9.218468,4.103919,33.700001,3.551530,0.034477,5.271007,2.671007,-1.505257,41.393436,19.000000,12.961262,0.000000,0.000000,1.000000,1.685000
16.953234,6.678238,5.064683,43.500000,4.612238,0.037614,6.824852,4.224852,-1.247321,41.234470,19.000000,16.816814,0.000000,0.000000,1.000000,2.175000
0.128306,3.109145,4.334855,46.600002,5.071818,0.048521,7.450339,4.850339,-0.793764,41.136597,25.000000,20.750742,0.000000,0.000000,1.000000,2.330000
1.023826,6.384491,5.099802,56.700001,6.192024,0.052608,9.079632,6.479632,-0.411507,41.041660,26.000000,22.058313,0.000000,0.000000,1.000000,2.835000
17.045223,8.322148,6.302417,59.100002,6.335710,0.070208,9.360918,6.760918,-0.020974,40.894592,32.000000,21.249271,0.000000,0.000000,1.000000,2.955000
13.154475,9.230436,7.395186,66.700005,7.116578,0.076450,10.528028,7.928029,0.407941,40.719067,31.000000,21.204372,0.000000,0.000000,1.000000,3.335000
30.665171,13.918583,9.829789,68.400002,7.028425,0.099878,10.548304,7.948304,0.901155,40.487576,35.000000,27.294004,0.000000,0.000000,1.000000,3.420000
-45.334156,-5.064844,4.270948,70.099998,7.899486,0.126210,11.530696,8.930696,1.447665,40.399036,32.000000,27.730181,0.000000,0.000000,1.000000,3.505000
0.067712,3.241943,3.886912,70.099998,7.945570,0.152695,11.603266,9.003265,2.027995,40.417267,34.000000,28.399818,0.000000,0.000000,1.000000,3.505000
39.059044,14.342371,7.789004,70.400002,7.513319,0.177740,11.211060,8.611059,2.583595,40.241425,32.000000,28.593224,0.000000,0.000000,1.000000,3.520000
15.884481,9.608541,8.468076,70.400002,7.431831,0.202512,11.154344,8.554344,3.114724,40.001915,27.000000,25.014606,0.000000,0.000000,1.000000,3.520000
-37.639793,-4.847838,3.498430,70.400002,8.028189,0.229273,11.777462,9.177462,3.634157,39.954308,24.000000,26.093462,0.000000,0.000000,1.000000,3.520000
39.324326,14.218485,7.499272,70.400002,7.548088,0.254433,11.322521,8.722521,4.184788,39.860600,25.000000,26.931461,0.000000,0.000000,1.000000,3.520000
20.094584,10.950810,8.787424,70.400002,7.393509,0.279078,11.192588,8.592588,4.759708,39.608906,19.000000,23.339718,0.000000,0.000000,1.000000,3.520000
35.944897,17.967697,12.213603,70.400002,6.982368,0.302353,10.804721,8.204721,5.228408,39.319721,16.000000,14.604880,0.000000,0.000000,1.000000,3.520000
25.026121,18.298096,14.484403,68.900002,6.529872,0.324119,10.298991,7.698991,5.514221,38.957062,13.000000,8.372829,0.000000,0.000000,1.000000,3.445000
6.968194,14.278539,14.407572,68.700005,6.515092,0.345836,10.295928,7.695928,5.678513,38.631294,10.000000,6.055359,0.000000,0.000000,1.000000,3.435000
28.240868,22.185019,17.310200,68.700005,6.166777,0.366392,9.968169,7.368169,5.852424,38.266659,9.000000,-0.389655,0.000000,0.000000,1.000000,3.435000
41.726761,28.653072,21.543484,68.700005,5.658782,0.385255,9.479037,6.879037,5.838229,37.758278,7.000000,7.397116,0.000000,0.000000,1.000000,3.435000
17.341480,23.587509,22.306337,68.700005,5.567240,0.403812,9.406053,6.806053,5.875435,37.235870,5.000000,2.047686,0.000000,0.000000,1.000000,3.435000
18.191887,23.087109,22.597731,69.900002,5.676272,0.422733,9.594005,6.994005,5.896243,36.769123,4.000000,3.891483,0.000000,0.000000,1.000000,3.495000
18.775761,22.903725,22.711931,69.900002,5.662569,0.441608,9.599176,6.999177,5.945609,36.309216,5.000000,5.086705,0.000000,0.000000,1.000000,3.495000
28.859013,26.973001,24.302210,69.900002,5.471735,0.459847,9.426582,6.826582,5.971441,35.810448,5.000000,2.604274,0.000000,0.000000,1.000000,3.495000
39.694206,30.781538,26.720367,72.800003,5.529556,0.472559,9.642116,7.042116,5.947433,35.232903,4.000000,-0.909814,0.000000,0.000000,1.000000,3.640000
42.460476,32.784092,28.983416,75.300003,5.557991,0.487380,9.810370,7.210371,5.951645,34.597248,5.000000,-0.799386,0.000000,0.000000,1.000000,3.765000
21.544317,27.996239,28.614990,78.900002,6.034201,0.498555,10.477757,7.877757,5.951313,33.989445,6.000000,0.225139,0.000000,0.000000,1.000000,3.945000
53.853710,36.328495,31.493755,78.900002,5.688749,0.517517,10.151266,7.551266,5.990208,33.346199,9.000000,4.606174,0.000000,0.000000,1.000000,3.945000
15.105300,28.202297,30.265347,78.900002,5.836158,0.536971,10.318130,7.718130,6.050343,32.700890,7.000000,4.231315,0.000000,0.000000,1.000000,3.945000
32.014961,32.386295,31.056908,78.900002,5.741171,0.556108,10.242280,7.642280,6.011605,32.095005,8.000000,0.672553,0.000000,0.000000,1.000000,3.945000
79.376305,44.831341,36.197678,77.200005,4.920279,0.572509,9.352789,6.752789,6.016307,31.322828,8.000000,6.969779,0.000000,0.000000,1.000000,3.860000
68.886681,47.435909,40.391911,77.200005,4.416971,0.587232,8.864204,6.264205,6.094289,30.400156,3.000000,11.705617,0.000000,0.000000,1.000000,3.860000
30.940485,38.428402,39.659107,77.200005,4.504908,0.602249,8.967156,6.367157,6.226776,29.541513,0.000000,7.367298,0.000000,0.000000,1.000000,3.860000
65.626617,50.066635,43.543312,77.200005,4.038803,0.615712,8.514515,5.914515,6.368665,28.656563,0.000000,-1.638904,0.000000,0.000000,1.000000,3.860000
69.261078,52.754166,46.980904,77.200005,3.626292,0.627799,8.114092,5.514092,6.340807,27.628355,-2.000000,-3.975512,0.000000,0.000000,1.000000,3.860000
46.395718,48.085007,47.392967,77.200005,3.576844,0.639722,8.076567,5.476567,6.197278,26.619963,-3.000000,-2.366277,0.000000,0.000000,1.000000,3.860000
86.163383,59.916832,52.067013,77.200005,3.015959,0.649775,7.525735,4.925735,6.117537,25.539944,-3.000000,-0.039822,0.000000,0.000000,1.000000,3.860000
48.310375,51.589901,51.888950,77.200005,3.037326,0.659900,7.557226,4.957226,6.046170,24.424877,-5.000000,-0.077502,0.000000,0.000000,1.000000,3.860000
77.950081,60.702164,55.178139,77.200005,2.642624,0.668708,7.171332,4.571332,5.952714,23.301956,-4.000000,-1.583098,0.000000,0.000000,1.000000,3.860000
55.929630,56.425602,55.643707,77.200005,2.586756,0.677331,7.124087,4.524087,5.899071,22.130678,-6.000000,-3.911957,0.000000,0.000000,1.000000,3.860000
95.487610,68.482796,60.435394,80.400002,2.395753,0.682322,7.098075,4.498075,5.856194,20.881594,-6.000000,-3.463217,0.000000,0.000000,1.000000,4.020000
40.744099,55.960918,58.765472,80.400002,2.596143,0.690976,7.307119,4.707119,5.781126,19.637157,-6.000000,-7.725840,0.000000,0.000000,1.000000,4.020000
96.114487,71.243484,63.422405,80.599998,2.061311,0.697847,6.789158,4.189158,5.647939,18.365114,-4.000000,-8.606206,0.000000,0.000000,1.000000,4.030000
59.939037,64.019058,63.645084,81.599998,2.154590,0.705029,6.939619,4.339619,5.546350,17.012489,-6.000000,-6.358028,0.000000,0.000000,1.000000,4.080000
37.675991,57.147007,61.219929,81.599998,2.445608,0.713181,7.238789,4.638789,5.416992,15.800829,-5.000000,-5.584100,0.000000,0.000000,1.000000,4.080000
89.305046,71.147629,64.925056,81.599998,2.000993,0.719851,6.800844,4.200844,5.322192,14.517882,-3.000000,-6.107592,0.000000,0.000000,1.000000,4.080000
71.656487,66.841034,65.640121,80.400002,1.771186,0.725755,6.516940,3.916940,5.103608,13.137996,-4.000000,-12.015777,0.000000,0.000000,1.000000,4.020000
106.493629,78.342094,70.380638,80.400002,1.202324,0.729763,5.952086,3.352087,4.853445,11.686165,-4.000000,-10.387395,0.000000,0.000000,1.000000,4.020000
81.342896,75.963570,72.464249,81.599998,1.096290,0.733417,5.909707,3.309707,4.699981,10.143108,-6.000000,-14.688931,0.000000,0.000000,1.000000,4.080000
93.338097,79.996384,75.275322,81.599998,0.758961,0.735947,5.574908,2.974908,4.429925,8.583508,-5.000000,-10.210418,0.000000,0.000000,1.000000,4.080000
130.238800,90.898643,81.106117,81.599998,0.059266,0.736144,4.875410,2.275410,4.105156,6.874558,-5.000000,-16.070137,0.000000,0.000000,1.000000,4.080000
94.352242,85.730087,82.831833,81.599998,-0.147820,0.735652,4.667831,2.067832,3.775843,5.108271,-7.000000,-13.821762,0.000000,0.000000,1.000000,4.080000
82.307884,83.130165,82.943176,81.599998,-0.161181,0.735114,4.653933,2.053933,3.456996,3.419669,-6.000000,-17.364908,0.000000,0.000000,1.000000,4.080000
-48.364517,47.957836,69.886261,81.599998,1.405648,0.739800,6.225448,3.625448,3.178299,2.108789,-5.000000,-11.901192,0.000000,0.000000,1.000000,4.080000
-28.960106,43.020050,59.859497,81.599998,2.608860,0.748496,7.437356,4.837356,2.996964,1.199010,3.000000,-10.449141,0.000000,0.000000,1.000000,4.080000
-30.141521,36.588806,51.174622,81.599998,3.651045,0.760666,8.491711,5.891711,2.781903,0.402921,10.000000,-9.171638,0.000000,0.000000,1.000000,4.080000
-23.781517,30.814234,43.575901,81.599998,4.562891,0.775876,9.418767,6.818767,2.666446,-0.271109,16.000000,-4.973044,0.000000,0.000000,1.000000,4.080000
-118.464294,-1.097107,26.903442,81.400002,6.539587,0.797674,11.407261,8.807261,2.641838,-0.568280,20.000000,0.897952,0.000000,0.000000,1.000000,4.070000
28.620377,28.070465,27.338987,80.099998,6.331321,0.818779,11.155100,8.555099,2.780784,-0.838014,30.000000,9.903989,0.000000,0.000000,1.000000,4.005000
158.106537,65.481842,41.574318,80.099998,4.623082,0.834189,9.462271,6.862271,3.016935,-1.773537,27.000000,13.528830,0.000000,0.000000,1.000000,4.005000
85.598495,53.861183,46.159912,78.400002,3.868811,0.847085,8.635896,6.035896,3.322883,-2.966967,17.000000,16.749718,0.000000,0.000000,1.000000,3.920000
102.337090,62.417290,52.227345,78.400002,3.140719,0.857554,7.918273,5.318273,3.605850,-4.129752,12.000000,11.435066,0.000000,0.000000,1.000000,3.920000
95.618515,64.960060,56.979332,78.400002,2.570480,0.866122,7.356603,4.756603,3.835240,-5.403525,7.000000,6.252742,0.000000,0.000000,1.000000,3.920000
150.336456,84.541878,67.265976,78.700005,1.372083,0.870696,6.177780,3.577780,3.856124,-6.898545,4.000000,1.710514,0.000000,0.000000,1.000000,3.935000
112.128380,80.186447,72.088036,78.400002,0.757436,0.873221,5.550657,2.950657,3.836897,-8.545828,-1.000000,-2.910941,0.000000,0.000000,1.000000,3.920000
77.988503,74.208473,72.879410,78.200005,0.638471,0.875349,5.423820,2.823821,3.693071,-10.089777,-3.000000,-8.304716,0.000000,0.000000,1.000000,3.910000
116.967300,86.669647,78.026077,77.000000,-0.123129,0.874939,4.601810,2.001810,3.502834,-11.698558,-3.000000,-12.167154,0.000000,0.000000,1.000000,3.850000
160.072601,101.291733,86.709076,76.700005,-1.201089,0.870935,3.504847,0.904847,3.251683,-13.578172,-6.000000,-11.962521,0.000000,0.000000,1.000000,3.835000
98.431084,90.409325,88.090050,75.300003,-1.534806,0.865819,3.096014,0.496014,2.978643,-15.495182,-10.000000,-16.175713,0.000000,0.000000,1.000000,3.765000
92.846718,89.101822,88.467651,75.300003,-1.580118,0.860552,3.045434,0.445434,2.740853,-17.290293,-11.000000,-16.880728,0.000000,0.000000,1.000000,3.765000
78.914696,84.848091,87.116791,72.300003,-1.778015,0.856601,2.693586,0.093586,2.370819,-19.029793,-9.000000,-18.274807,0.000000,0.000000,1.000000,3.615000
109.962402,93.965317,89.672737,72.099998,-2.108729,0.849572,2.345843,-0.254157,2.028815,-20.817926,-9.000000,-16.974070,0.000000,0.000000,1.000000,3.605000
142.783112,104.836800,95.332130,65.000000,-3.639856,0.846154,0.456298,-2.143702,1.682527,-22.805948,-9.000000,-16.654486,0.000000,0.000000,1.000000,3.250000
130.152390,105.333466,99.064735,60.299999,-4.651768,0.839556,-0.797212,-3.397212,1.240659,-24.907650,-16.000000,-21.570019,0.000000,0.000000,1.000000,3.015000
130.456711,107.489365,102.208900,36.600002,-7.873068,0.837341,-5.205727,-7.805727,0.783862,-27.035877,-20.000000,-22.967331,0.000000,0.000000,1.000000,1.830000
150.417511,116.013084,107.360771,-28.600000,-16.315292,0.835673,-16.909620,-19.509621,0.297553,-29.270901,-40.000000,-31.286213,0.000000,0.000000,1.000000,-1.430000
133.897324,112.902748,109.429100,0.000000,-13.131492,0.832612,-12.298880,-14.898880,-0.392499,-31.560059,-95.000000,-42.803886,0.000000,20.000002,1.000000,0.000000
162.738434,123.562202,114.703728,11.700000,-12.360448,0.825569,-10.949879,-13.549879,-1.509089,-33.924709,-66.000000,-75.955017,0.000000,0.000000,1.000000,0.585000
228.398682,145.565964,126.221855,0.000000,-15.146623,0.816938,-14.329684,-16.929684,-3.057548,-36.615990,-52.000000,-82.463387,0.000000,20.000002,1.000000,0.000000
140.080704,129.190842,127.329910,-10.500000,-16.539589,0.806437,-16.258152,-18.858152,-4.608151,-39.363556,-61.000000,-76.969154,0.000000,0.000000,1.000000,-0.525000
137.818237,128.223923,127.663567,-6.400000,-16.087627,0.780278,-15.627349,-18.227348,-5.970068,-41.937702,-64.000000,-69.648499,0.000000,0.000000,1.000000,-0.320000
129.613708,127.239197,127.505188,-6.600000,-16.092623,0.726636,-15.695987,-18.295986,-7.245619,-44.492332,-54.000000,-66.682732,0.000000,0.000000,1.000000,-0.330000
119.840729,122.055183,125.471184,0.000000,-15.056541,0.711427,-14.345114,-16.945114,-8.503632,-46.985275,-48.000000,-67.743317,0.000000,20.000002,1.000000,0.000000
196.578537,142.400970,131.789566,0.000000,-15.814748,0.658712,-15.156036,-17.756037,-9.848894,-49.629837,-35.000000,-67.257210,0.000000,40.000004,1.000000,0.000000
118.395340,125.232513,129.342407,0.000000,-22.541853,0.000000,-22.541853,-25.141853,-10.977398,-52.306171,-33.000000,-53.958061,1.000000,0.000000,0.000000,0.000000
135.775024,128.609543,129.068893,0.000000,-23.149719,0.000000,-23.149719,-25.749720,-12.020540,-54.844593,-65.000000,-51.622749,1.000000,0.000000,0.000000,0.000000
128.190689,125.339104,127.676895,0.000000,-22.561039,0.000000,-22.561039,-25.161039,-12.870318,-57.384079,-64.000000,-59.542389,1.000000,0.000000,0.000000,0.000000
124.341690,123.444290,126.097244,0.000000,-22.219973,0.000000,-22.219973,-24.819973,-14.044808,-59.871914,-55.000000,-62.471569,1.000000,0.000000,0.000000,0.000000
156.739731,131.730194,128.199524,0.000000,-23.711435,0.000000,-23.711435,-26.311436,-15.352344,-62.423660,-47.000000,-67.456779,1.000000,0.000000,0.000000,0.000000
45.230434,99.771683,117.589943,0.000000,-17.958904,0.000000,-17.958904,-20.558905,-16.597574,-64.738678,-48.000000,-60.911137,1.000000,0.000000,0.000000,0.000000
75.716194,101.192337,111.470177,0.000000,-18.214621,0.000000,-18.214621,-20.814621,-17.705147,-66.748322,-14.000000,-55.505905,1.000000,0.000000,0.000000,0.000000
4.167107,76.063293,98.255936,0.000000,-13.691393,0.000000,-13.691393,-16.291393,-18.644203,-68.520874,-10.000000,-33.470184,1.000000,0.000000,0.000000,0.000000
82.072815,88.153069,94.485435,0.000000,-15.867553,0.000000,-15.867553,-18.467552,-18.980825,-70.163040,13.000000,-16.420845,1.000000,0.000000,0.000000,0.000000
58.020283,79.007080,88.708740,0.000000,-14.221275,0.000000,-14.221275,-16.821276,-18.926107,-71.834641,2.000000,-2.219391,1.000000,0.000000,0.000000,0.000000
63.687103,75.854248,83.911301,0.000000,-13.653765,0.000000,-13.653765,-16.253765,-18.666077,-73.383255,9.000000,5.051829,1.000000,0.000000,0.000000,0.000000
56.148331,70.783035,79.011688,0.000000,-12.740947,0.000000,-12.740947,-15.340946,-18.280018,-74.849625,10.000000,12.619180,1.000000,0.000000,0.000000,0.000000
85.686913,76.689827,78.145142,0.000000,-13.804170,0.000000,-13.804170,-16.404169,-17.832531,-76.324356,12.000000,11.720171,1.000000,0.000000,0.000000,0.000000
50.097816,67.051086,74.004715,0.000000,-12.069196,0.000000,-12.069196,-14.669195,-17.391409,-77.761765,4.000000,9.454473,1.000000,0.000000,0.000000,0.000000
28.826580,58.806854,68.332703,0.000000,-10.585235,0.000000,-10.585235,-13.185234,-16.988110,-79.020348,11.000000,12.128103,1.000000,0.000000,0.000000,0.000000
30.298508,56.495331,63.914864,0.000000,-10.169160,0.000000,-10.169160,-12.769159,-16.770924,-80.173370,17.000000,8.926867,1.000000,0.000000,0.000000,0.000000
57.848366,60.697796,62.714218,0.000000,-10.925604,0.000000,-10.925604,-13.525604,-16.531902,-81.345299,18.000000,13.286801,1.000000,0.000000,0.000000,0.000000
40.802105,53.627087,59.322800,0.000000,-9.652876,0.000000,-9.652876,-12.252876,-16.210012,-82.488548,13.000000,14.364223,1.000000,0.000000,0.000000,0.000000
62.851490,55.209652,57.787727,0.000000,-9.937737,0.000000,-9.937737,-12.537737,-15.911632,-83.576912,18.000000,11.621542,1.000000,0.000000,0.000000,0.000000
19.233727,42.121666,51.940979,0.000000,-7.581900,0.000000,-7.581900,-10.181900,-15.636950,-84.550224,15.000000,15.824051,1.000000,0.000000,0.000000,0.000000
15.565540,41.704662,48.120674,0.000000,-7.506840,0.000000,-7.506840,-10.106840,-15.232741,-85.388489,25.000000,19.384041,1.000000,0.000000,0.000000,0.000000
29.153189,40.041744,45.105530,0.000000,-7.207514,0.000000,-7.207514,-9.807514,-14.737025,-86.205956,23.000000,27.233921,1.000000,0.000000,0.000000,0.000000
10.387647,29.719124,39.363155,0.000000,-5.349442,0.000000,-5.349442,-7.949442,-14.242599,-86.903564,22.000000,24.511377,1.000000,0.000000,0.000000,0.000000
33.066360,33.478294,37.166862,0.000000,-6.026093,0.000000,-6.026093,-8.626093,-13.653878,-87.535538,28.000000,27.697475,1.000000,0.000000,0.000000,0.000000
-14.006892,17.576229,29.855423,0.000000,-3.163721,0.000000,-3.163721,-5.763721,-12.945172,-88.046082,21.000000,29.076988,1.000000,0.000000,0.000000,0.000000
-29.041824,10.227364,22.530016,0.000000,-1.840926,0.000000,-1.840926,-4.440926,-12.310300,-88.324120,32.000000,31.526400,1.000000,0.000000,0.000000,0.000000
0.785053,13.207940,19.050915,0.000000,-2.377429,0.000000,-2.377429,-4.977429,-11.505134,-88.558472,35.000000,37.719666,1.000000,0.000000,0.000000,0.000000
-5.386331,9.344669,15.428437,0.000000,-1.682041,0.000000,-1.682041,-4.282041,-10.591614,-88.783997,28.000000,42.183968,1.000000,0.000000,0.000000,0.000000
-27.490866,1.512242,10.234760,0.000000,-0.272204,0.000000,-0.272204,-2.872204,-9.682682,-88.892563,26.000000,42.061256,1.000000,0.000000,0.000000,0.000000
1.334800,7.029695,9.038594,0.000000,-1.265345,0.000000,-1.265345,-3.865345,-8.853338,-88.977982,29.000000,40.486660,1.000000,0.000000,0.000000,0.000000
-38.363873,-4.370324,4.034238,0.000000,0.786658,0.000000,0.786658,-1.813342,-8.015691,-89.004578,20.000000,42.034519,1.000000,0.000000,0.000000,0.000000
-56.114948,-13.523620,-2.518547,0.000000,2.434252,0.000000,2.434252,-0.165748,-7.292002,-88.825638,27.000000,32.429153,1.000000,0.000000,0.000000,0.000000
-40.342175,-14.780941,-7.095007,0.000000,2.660569,0.000000,2.660569,0.060570,-6.649857,-88.542595,32.000000,29.362902,1.000000,0.000000,0.000000,0.000000
-45.861404,-19.574419,-11.752461,0.000000,3.523396,0.000000,3.523396,0.923396,-6.001516,-88.199043,30.000000,35.917377,1.000000,0.000000,0.000000,0.000000
-29.741175,-15.903214,-13.301568,0.000000,2.862579,0.000000,2.862579,0.262579,-5.262239,-87.844269,30.000000,38.279026,1.000000,0.000000,0.000000,0.000000
-39.047462,-18.870014,-15.379773,0.000000,3.396603,0.000000,3.396603,0.796603,-4.430807,-87.496536,23.000000,36.715149,1.000000,0.000000,0.000000,0.000000
-22.806961,-18.272999,-16.459557,0.000000,3.289140,0.000000,3.289140,0.689140,-3.775283,-87.125107,22.000000,37.194309,1.000000,0.000000,0.000000,0.000000
-53.101791,-26.893887,-20.353764,0.000000,4.840900,0.000000,4.840900,2.240900,-3.133044,-86.673439,19.000000,31.222918,1.000000,0.000000,0.000000,0.000000
-34.880554,-24.813128,-22.018047,0.000000,4.466363,0.000000,4.466363,1.866363,-2.472994,-86.156372,23.000000,34.094971,1.000000,0.000000,0.000000,0.000000
-51.424683,-30.260365,-25.094172,0.000000,5.446866,0.000000,5.446866,2.846866,-1.815709,-85.605637,18.000000,36.075264,1.000000,0.000000,0.000000,0.000000
-60.018898,-34.399353,-28.566967,0.000000,6.191884,0.000000,6.191884,3.591884,-1.216788,-84.959038,20.000000,32.455345,1.000000,0.000000,0.000000,0.000000
-62.625153,-37.822197,-32.021122,0.000000,6.807996,0.000000,6.807996,4.207996,-0.598339,-84.236824,20.000000,30.531258,1.000000,0.000000,0.000000,0.000000
-53.900536,-37.488178,-34.061489,0.000000,6.747872,0.000000,6.747872,4.147872,0.022771,-83.483719,20.000000,33.442924,1.000000,0.000000,0.000000,0.000000
-61.055119,-40.828655,-36.587070,0.000000,7.349158,0.000000,7.349158,4.749158,0.699891,-82.700554,17.000000,32.740234,1.000000,0.000000,0.000000,0.000000
-41.479107,-37.456360,-36.911499,0.000000,6.742145,0.000000,6.742145,4.142145,1.394416,-81.917702,16.000000,35.801723,1.000000,0.000000,0.000000,0.000000
-51.204933,-40.193661,-38.136436,0.000000,7.234859,0.000000,7.234859,4.634859,1.982321,-81.141205,10.000000,30.938292,1.000000,0.000000,0.000000,0.000000
-63.565456,-44.499214,-40.511093,0.000000,8.009859,0.000000,8.009859,5.409859,2.585819,-80.294273,10.000000,27.394247,1.000000,0.000000,0.000000,0.000000
-44.612881,-40.172478,-40.384720,0.000000,7.231046,0.000000,7.231046,4.631046,3.036087,-79.447556,11.000000,21.502373,1.000000,0.000000,0.000000,0.000000
-52.944004,-42.494804,-41.172226,0.000000,7.649065,0.000000,7.649065,5.049065,3.390869,-78.620880,6.000000,17.229984,1.000000,0.000000,0.000000,0.000000
-36.507408,-36.461941,-39.414295,0.000000,6.563149,0.000000,6.563149,3.963150,3.765611,-77.831314,6.000000,18.590059,1.000000,0.000000,0.000000,0.000000
-49.359489,-39.785816,-39.552952,0.000000,7.161447,0.000000,7.161447,4.561447,4.076139,-77.068840,0.000000,18.085159,1.000000,0.000000,0.000000,0.000000
-48.555939,-39.272049,-39.448116,0.000000,7.068969,0.000000,7.068969,4.468969,4.354281,-76.278259,1.000000,15.948763,1.000000,0.000000,0.000000,0.000000
-41.025810,-36.987259,-38.529697,0.000000,6.657707,0.000000,6.657707,4.057707,4.549916,-75.515663,0.000000,13.335732,1.000000,0.000000,0.000000,0.000000
-26.275496,-33.540424,-36.667645,0.000000,6.037277,0.000000,6.037277,3.437277,4.725111,-74.810387,-3.000000,12.332646,1.000000,0.000000,0.000000,0.000000
-39.343647,-36.500648,-36.605320,0.000000,6.570117,0.000000,6.570117,3.970117,4.857816,-74.109978,-7.000000,12.491015,1.000000,0.000000,0.000000,0.000000
-12.699241,-28.441578,-33.558521,0.000000,5.119484,0.000000,5.119484,2.519485,4.973536,-73.460556,-4.000000,5.217520,1.000000,0.000000,0.000000,0.000000
-16.048319,-26.907406,-31.076252,0.000000,4.843333,0.000000,4.843333,2.243333,5.034888,-72.907066,-12.000000,7.294549,1.000000,0.000000,0.000000,0.000000
-28.571627,-28.632172,-30.164095,0.000000,5.153791,0.000000,5.153791,2.553791,5.062394,-72.351669,-14.000000,2.978382,1.000000,0.000000,0.000000,0.000000
-41.843124,-32.659073,-31.095247,0.000000,5.878633,0.000000,5.878633,3.278634,5.070398,-71.738754,-12.000000,3.480536,1.000000,0.000000,0.000000,0.000000
-18.621454,-25.987106,-29.188833,0.000000,4.677680,0.000000,4.677680,2.077680,5.021385,-71.152290,-8.000000,-1.888638,1.000000,0.000000,0.000000,0.000000
-1.489599,-20.201714,-25.834742,0.000000,3.636309,0.000000,3.636309,1.036309,4.954754,-70.690399,-14.000000,-0.910804,1.000000,0.000000,0.000000,0.000000
-10.142964,-20.036535,-23.670788,0.000000,3.606576,0.000000,3.606576,1.006577,4.772878,-70.288017,-18.000000,0.329614,1.000000,0.000000,0.000000,0.000000
-3.011424,-17.243853,-21.272184,0.000000,3.103894,0.000000,3.103894,0.503894,4.685148,-69.915215,-18.000000,-4.660522,1.000000,0.000000,0.000000,0.000000
-7.066739,-16.398413,-19.453239,0.000000,2.951715,0.000000,2.951715,0.351715,4.532580,-69.578789,-20.000000,-11.291288,1.000000,0.000000,0.000000,0.000000
3.288593,-10.610919,-16.153189,0.000000,1.909966,0.000000,1.909966,-0.690034,4.276244,-69.308693,-19.000000,-14.030083,1.000000,0.000000,0.000000,0.000000
-2.458767,-12.452862,-14.772186,0.000000,2.241515,0.000000,2.241515,-0.358485,3.983037,-69.078056,-23.000000,-18.874905,1.000000,0.000000,0.000000,0.000000
12.075480,-6.711567,-11.763874,0.000000,1.208082,0.000000,1.208082,-1.391918,3.662007,-68.886414,-20.000000,-13.467942,1.000000,0.000000,0.000000,0.000000
4.344357,-6.603582,-9.837996,0.000000,1.188645,0.000000,1.188645,-1.411355,3.345333,-68.753265,-23.000000,-13.488793,1.000000,0.000000,0.000000,0.000000
6.705789,-4.503733,-7.847191,0.000000,0.810672,0.000000,0.810672,-1.789328,3.017552,-68.642189,-22.000000,-15.264414,1.000000,0.000000,0.000000,0.000000
13.821877,-1.705356,-5.554991,0.000000,0.306964,0.000000,0.306964,-2.293036,2.685340,-68.580101,-22.000000,-16.973423,1.000000,0.000000,0.000000,0.000000
33.116764,6.562371,-1.032658,0.000000,-1.181227,0.000000,-1.181227,-3.781227,2.372053,-68.628670,-23.000000,-14.385331,1.000000,0.000000,0.000000,0.000000
4.186847,1.164831,-0.212531,0.000000,-0.209670,0.000000,-0.209670,-2.809669,2.050405,-68.705940,-29.000000,-15.845599,1.000000,0.000000,0.000000,0.000000
3.598809,1.573176,0.453915,0.000000,-0.283172,0.000000,-0.283172,-2.883172,1.725392,-68.733322,-22.000000,-17.021622,1.000000,0.000000,0.000000,0.000000
49.321171,14.741199,5.786087,0.000000,-2.653416,0.000000,-2.653416,-5.253416,1.360041,-68.896469,-21.000000,-16.184568,1.000000,0.000000,0.000000,0.000000
-7.898598,2.000863,4.373399,0.000000,-0.360155,0.000000,-0.360155,-2.960155,1.052429,-69.063889,-31.000000,-14.243989,1.000000,0.000000,0.000000,0.000000
51.497414,17.923473,9.430435,0.000000,-3.226225,0.000000,-3.226225,-5.826225,0.694973,-69.263130,-18.000000,-20.684502,1.000000,0.000000,0.000000,0.000000
26.571280,13.509200,10.952675,0.000000,-2.431656,0.000000,-2.431656,-5.031656,0.304674,-69.577454,-30.000000,-20.007378,1.000000,0.000000,0.000000,0.000000
-12.774973,5.010795,8.735100,0.000000,-0.901943,0.000000,-0.901943,-3.501943,-0.140223,-69.762657,-24.000000,-25.129461,1.000000,0.000000,0.000000,0.000000
39.631775,18.311550,12.309136,0.000000,-3.296079,0.000000,-3.296079,-5.896079,-0.607160,-69.995880,-14.000000,-24.013182,1.000000,0.000000,0.000000,0.000000
11.496614,14.727937,13.211860,0.000000,-2.651029,0.000000,-2.651029,-5.251029,-1.127027,-70.326279,-23.000000,-18.322676,1.000000,0.000000,0.000000,0.000000
34.837566,20.036983,15.759071,0.000000,-3.606657,0.000000,-3.606657,-6.206657,-1.483679,-70.673927,-18.000000,-21.700119,1.000000,0.000000,0.000000,0.000000
17.186100,15.763068,15.760563,0.000000,-2.837352,0.000000,-2.837352,-5.437352,-1.862090,-71.031929,-21.000000,-19.303377,1.000000,0.000000,0.000000,0.000000
14.375745,15.538948,15.677854,0.000000,-2.797011,0.000000,-2.797011,-5.397011,-2.226682,-71.344948,-16.000000,-19.632809,1.000000,0.000000,0.000000,0.000000
15.605595,14.950069,15.406237,0.000000,-2.691013,0.000000,-2.691013,-5.291013,-2.564083,-71.649841,-14.000000,-14.998363,1.000000,0.000000,0.000000,0.000000
42.836754,23.179798,18.307415,0.000000,-4.172364,0.000000,-4.172364,-6.772364,-2.810329,-72.031143,-12.000000,-13.315766,1.000000,0.000000,0.000000,0.000000
-2.575135,11.263956,15.678719,0.000000,-2.027512,0.000000,-2.027512,-4.627512,-3.013860,-72.375580,-18.000000,-12.112442,1.000000,0.000000,0.000000,0.000000
-9.805745,8.268782,12.913248,0.000000,-1.488381,0.000000,-1.488381,-4.088381,-3.250430,-72.570908,-6.000000,-10.649076,1.000000,0.000000,0.000000,0.000000
0.180511,7.979785,11.072025,0.000000,-1.436361,0.000000,-1.436361,-4.036361,-3.423263,-72.733391,-3.000000,-10.353143,1.000000,0.000000,0.000000,0.000000
53.236938,21.756447,15.059568,0.000000,-3.916161,0.000000,-3.916161,-6.516160,-3.516881,-73.030754,-2.000000,-5.926839,1.000000,0.000000,0.000000,0.000000
8.817273,12.690066,14.175244,0.000000,-2.284212,0.000000,-2.284212,-4.884212,-3.638304,-73.375221,-14.000000,-5.000581,1.000000,0.000000,0.000000,0.000000
3.065527,12.088757,13.396544,0.000000,-2.175976,0.000000,-2.175976,-4.775976,-3.814301,-73.623009,-5.000000,-6.711524,1.000000,0.000000,0.000000,0.000000
4.606440,10.126935,12.176291,0.000000,-1.822848,0.000000,-1.822848,-4.422848,-4.025617,-73.845169,-3.000000,-8.558311,1.000000,0.000000,0.000000,0.000000
-13.597067,6.752026,10.151896,0.000000,-1.215365,0.000000,-1.215365,-3.815365,-4.339577,-74.013962,0.000000,-11.663469,1.000000,0.000000,0.000000,0.000000
-9.918628,5.370674,8.367491,0.000000,-0.966721,0.000000,-0.966721,-3.566721,-4.581792,-74.135185,3.000000,-8.053269,1.000000,0.000000,0.000000,0.000000
18.111275,11.167747,9.412578,0.000000,-2.010195,0.000000,-2.010195,-4.610194,-4.651450,-74.300568,5.000000,-2.238624,1.000000,0.000000,0.000000,0.000000
-5.091979,3.607899,7.246208,0.000000,-0.649422,0.000000,-0.649422,-3.249422,-4.637431,-74.448326,0.000000,2.761473,1.000000,0.000000,0.000000,0.000000
-19.165560,-1.214266,4.088666,0.000000,0.218568,0.000000,0.218568,-2.381432,-4.608558,-74.472260,6.000000,-2.343308,1.000000,0.000000,0.000000,0.000000
-7.972413,-0.476428,2.384923,0.000000,0.085757,0.000000,0.085757,-2.514243,-4.564294,-74.455353,10.000000,1.546671,1.000000,0.000000,0.000000,0.000000
-0.179872,0.673873,1.746340,0.000000,-0.121297,0.000000,-0.121297,-2.721297,-4.555377,-74.457329,10.000000,3.942071,1.000000,0.000000,0.000000,0.000000
9.336443,3.645412,2.455094,0.000000,-0.656174,0.000000,-0.656174,-3.256174,-4.434979,-74.500519,8.000000,10.782129,1.000000,0.000000,0.000000,0.000000
0.769443,-0.597012,1.316015,0.000000,-0.157922,-0.000526,-0.158448,-2.758448,-4.315161,-74.531006,5.000000,11.487063,2.000000,0.000000,1.000000,0.000000
1.959243,3.135592,1.995101,0.000000,-0.239412,-0.001324,-0.240737,-2.840736,-4.170683,-74.556389,7.000000,4.454504,2.000000,0.000000,1.000000,0.000000
-7.643092,-0.424178,1.092199,0.000000,-0.131064,-0.001761,-0.132825,-2.732825,-4.006905,-74.583504,5.000000,2.930858,2.000000,0.000000,1.000000,0.000000
1.935772,2.518300,1.624436,0.000000,-0.194932,-0.002411,-0.197343,-2.797343,-3.867344,-74.604446,5.000000,1.193218,2.000000,0.000000,1.000000,0.000000
-20.968801,-5.599405,-1.071581,0.000000,0.128590,-0.001982,0.126607,-2.473393,-3.709724,-74.573639,4.000000,-0.074327,2.000000,0.000000,1.000000,0.000000
-12.605389,-3.458181,-1.962286,0.000000,0.235474,-0.001198,0.234277,-2.365723,-3.657307,-74.483063,5.000000,1.419228,2.000000,0.000000,1.000000,0.000000
-13.152625,-4.800829,-3.021662,0.000000,0.362599,0.000011,0.362611,-2.237389,-3.626894,-74.400475,6.000000,5.186540,2.000000,0.000000,1.000000,0.000000
-20.121552,-9.268665,-5.353112,0.000000,0.642373,0.002152,0.644526,-1.955474,-3.565582,-74.259781,6.000000,2.114533,2.000000,0.000000,1.000000,0.000000
3.909206,-3.002253,-4.475746,0.000000,0.537089,0.003943,0.541032,-2.058968,-3.549555,-74.137070,7.000000,-3.091208,2.000000,0.000000,1.000000,0.000000
-12.573084,-7.707751,-5.681966,0.000000,0.681836,0.006215,0.688051,-1.911949,-3.608177,-74.029968,7.000000,-4.370416,2.000000,0.000000,1.000000,0.000000
-7.278755,-4.255328,-5.149529,0.000000,0.617943,0.008275,0.626219,-1.973781,-3.669033,-73.910339,8.000000,1.444935,2.000000,0.000000,1.000000,0.000000
-0.309827,-2.771147,-4.261890,0.000000,0.511427,0.009980,0.521407,-2.078593,-3.659324,-73.840073,8.000000,6.536685,2.000000,0.000000,1.000000,0.000000
-15.668718,-10.749383,-6.683094,0.000000,0.801971,0.012653,0.814624,-1.785375,-3.578710,-73.704865,7.000000,7.039803,2.000000,0.000000,1.000000,0.000000
-31.834892,-17.113348,-10.575779,0.000000,1.269093,0.016884,1.285977,-1.314023,-3.543839,-73.426239,8.000000,6.035353,2.000000,0.000000,1.000000,0.000000
-4.157202,-9.964956,-10.347814,0.000000,1.241738,0.021023,1.262760,-1.337240,-3.457610,-73.155457,10.000000,1.566951,2.000000,0.000000,1.000000,0.000000
-32.392956,-15.662526,-12.331323,0.000000,1.479759,0.025955,1.505714,-1.094286,-3.350691,-72.899185,10.000000,7.368163,2.000000,0.000000,1.000000,0.000000
-21.615570,-16.245153,-13.792007,0.000000,1.655041,0.031472,1.686513,-0.913487,-3.232648,-72.580109,10.000000,10.297327,2.000000,0.000000,1.000000,0.000000
-37.012890,-23.038046,-17.242731,0.000000,2.069128,0.038369,2.107497,-0.492503,-3.021582,-72.187279,10.000000,8.200716,2.000000,0.000000,1.000000,0.000000
-41.686134,-23.435997,-19.554127,0.000000,2.346495,0.046191,2.392686,-0.207314,-2.793934,-71.722542,11.000000,10.854660,2.000000,0.000000,1.000000,0.000000
13.718941,-11.491675,-16.545132,0.000000,1.985416,0.052809,2.038225,-0.561775,-2.583617,-71.373268,11.000000,11.398463,2.000000,0.000000,1.000000,0.000000
-57.387745,-28.478004,-20.998611,0.000000,2.519833,0.061208,2.581042,-0.018958,-2.373325,-70.973572,9.000000,10.600092,2.000000,0.000000,1.000000,0.000000
-19.858818,-18.420151,-20.036301,0.000000,2.404356,0.069223,2.473579,-0.126421,-2.200044,-70.504593,10.000000,1.855220,2.000000,0.000000,1.000000,0.000000
-19.933931,-21.005075,-20.397858,0.000000,2.447743,0.077382,2.525125,-0.074875,-2.090415,-70.110344,9.000000,5.163477,2.000000,0.000000,1.000000,0.000000
-5.534147,-15.738699,-18.659008,0.000000,2.239081,0.084846,2.323926,-0.276073,-1.909901,-69.742905,9.000000,14.149889,2.000000,0.000000,1.000000,0.000000
-65.225288,-32.039330,-23.652691,0.000000,2.838323,0.094307,2.932630,0.332630,-1.764532,-69.265121,7.000000,8.031585,2.000000,0.000000,1.000000,0.000000
0.613689,-15.099397,-20.460506,0.000000,2.455261,0.102491,2.557752,-0.042248,-1.678910,-68.793732,10.000000,1.412713,2.000000,0.000000,1.000000,0.000000
-25.541534,-21.366385,-20.798590,0.000000,2.495831,0.110810,2.606641,0.006641,-1.704551,-68.429077,8.000000,5.744205,2.000000,0.000000,1.000000,0.000000
-14.234681,-20.276659,-20.603800,0.000000,2.472456,0.119052,2.591508,-0.008492,-1.584018,-68.012650,8.000000,6.792301,2.000000,0.000000,1.000000,0.000000
-7.880932,-16.229750,-18.971355,0.000000,2.276563,0.126640,2.403203,-0.196797,-1.500020,-67.647583,7.000000,3.692851,2.000000,0.000000,1.000000,0.000000
-32.681377,-23.091141,-20.508905,0.000000,2.461069,0.134844,2.595912,-0.004087,-1.405033,-67.254372,6.000000,4.135174,2.000000,0.000000,1.000000,0.000000
-39.476700,-23.958130,-21.796194,0.000000,2.615543,0.143562,2.759105,0.159106,-1.221032,-66.783882,6.000000,4.247815,2.000000,0.000000,1.000000,0.000000
-16.521414,-20.548580,-21.330570,0.000000,2.559668,0.152095,2.711763,0.111763,-1.155277,-66.338814,6.000000,6.803885,2.000000,0.000000,1.000000,0.000000
-12.517834,-19.988665,-20.829756,0.000000,2.499571,0.160426,2.659997,0.059997,-1.085500,-65.933441,6.000000,7.699169,2.000000,0.000000,1.000000,0.000000
11.317993,-12.663621,-17.782064,0.000000,2.133848,0.167539,2.301387,-0.298613,-0.966485,-65.606918,5.000000,5.204876,2.000000,0.000000,1.000000,0.000000
-59.858448,-29.277538,-22.072302,0.000000,2.648676,0.176368,2.825044,0.225044,-0.893591,-65.187508,2.000000,-0.620439,2.000000,0.000000,1.000000,0.000000
-13.476860,-17.047668,-20.197054,0.000000,2.423646,0.184447,2.608094,0.008094,-0.846869,-64.724258,5.000000,1.322453,2.000000,0.000000,1.000000,0.000000
-35.835361,-22.449715,-21.037771,0.000000,2.524533,0.192862,2.717395,0.117395,-0.851139,-64.329285,4.000000,-4.746553,2.000000,0.000000,1.000000,0.000000
-9.389452,-18.630516,-20.139357,0.000000,2.416723,0.200918,2.617641,0.017641,-0.866337,-63.918484,4.000000,-1.816757,2.000000,0.000000,1.000000,0.000000
-0.414048,-13.522659,-17.669933,0.000000,2.120392,0.207986,2.328378,-0.271622,-0.915032,-63.596951,4.000000,-1.010395,2.000000,0.000000,1.000000,0.000000
-10.490615,-13.541981,-16.129335,0.000000,1.935520,0.214438,2.149958,-0.450042,-0.899860,-63.326305,3.000000,2.752790,2.000000,0.000000,1.000000,0.000000
-9.298966,-14.841848,-15.648831,0.000000,1.877860,0.220697,2.098557,-0.501443,-0.716600,-63.042465,1.000000,2.375486,2.000000,0.000000,1.000000,0.000000
-39.548740,-22.901278,-18.355524,0.000000,2.202663,0.228039,2.430702,-0.169298,-0.589916,-62.665035,0.000000,4.757861,2.000000,0.000000,1.000000,0.000000
-42.723507,-24.519974,-20.656164,0.000000,2.478740,0.236302,2.715042,0.115042,-0.559315,-62.190823,1.000000,1.346325,2.000000,0.000000,1.000000,0.000000
-8.936398,-17.306765,-19.406132,0.000000,2.328736,0.244064,2.572800,-0.027200,-0.529631,-61.772556,3.000000,4.793641,2.000000,0.000000,1.000000,0.000000
-4.978008,-15.191351,-17.833130,0.000000,2.139976,0.251198,2.391173,-0.208827,-0.449920,-61.447575,2.000000,4.478568,2.000000,0.000000,1.000000,0.000000
-12.199225,-14.059645,-16.424824,0.000000,1.970979,0.257767,2.228746,-0.371253,-0.437862,-61.155064,1.000000,3.254291,2.000000,0.000000,1.000000,0.000000
-19.749094,-16.610277,-16.494038,0.000000,1.979285,0.264365,2.243649,-0.356350,-0.342502,-60.848366,0.000000,8.740071,2.000000,0.000000,1.000000,0.000000
-17.636137,-14.545398,-15.766784,0.000000,1.892014,0.270672,2.162686,-0.437314,-0.179009,-60.536808,0.000000,7.548244,2.000000,0.000000,1.000000,0.000000
-8.790363,-14.225627,-15.191607,0.000000,1.822993,0.276748,2.099741,-0.500259,-0.059034,-60.249096,-1.000000,7.414965,2.000000,0.000000,1.000000,0.000000
-24.864531,-19.631575,-16.848652,0.000000,2.021838,0.283488,2.305326,-0.294674,0.026752,-59.910522,-2.000000,3.153664,2.000000,0.000000,1.000000,0.000000
-3.357902,-12.815454,-15.343418,0.000000,1.841210,0.289625,2.130835,-0.469165,0.017440,-59.586052,-1.000000,-1.219009,2.000000,0.000000,1.000000,0.000000
-0.831875,-14.052114,-14.861489,0.000000,1.783379,0.295570,2.078948,-0.521051,-0.003927,-59.317375,-2.000000,-2.944803,2.000000,0.000000,1.000000,0.000000
-11.421060,-14.514633,-14.732038,0.000000,1.767845,0.301463,2.069307,-0.530693,-0.110312,-59.031708,-2.000000,-0.950389,2.000000,0.000000,1.000000,0.000000
-3.989013,-13.005608,-14.087715,0.000000,1.690526,0.307098,1.997623,-0.602376,-0.173153,-58.756504,-1.000000,-0.932423,2.000000,0.000000,1.000000,0.000000
-5.867675,-12.863401,-13.630788,0.000000,1.635695,0.312550,1.948245,-0.651755,-0.164645,-58.497814,-2.000000,-3.626255,2.000000,0.000000,1.000000,0.000000
-2.713073,-10.770233,-12.563197,0.000000,1.507584,0.317575,1.825159,-0.774841,-0.213763,-58.261478,-2.000000,-2.090832,2.000000,0.000000,1.000000,0.000000
-8.728782,-12.450438,-12.521114,0.000000,1.502534,0.322584,1.825117,-0.774882,-0.222908,-58.029270,-2.000000,5.047774,2.000000,0.000000,1.000000,0.000000
-5.111469,-10.824039,-11.887748,0.000000,1.426530,0.327339,1.753869,-0.846131,-0.185809,-57.796524,-3.000000,2.901472,2.000000,0.000000,1.000000,0.000000
7.853282,-5.921506,-9.661080,0.000000,1.159330,0.331203,1.490533,-1.109467,-0.088368,-57.629070,-3.000000,0.870676,2.000000,0.000000,1.000000,0.000000
-23.449043,-13.859548,-11.227995,0.000000,1.347359,0.335695,1.683054,-0.916946,-0.117664,-57.431259,-4.000000,2.471291,2.000000,0.000000,1.000000,0.000000
-43.678326,-20.726265,-14.772854,0.000000,1.772742,0.341604,2.114346,-0.485654,-0.092643,-57.085400,-4.000000,2.228047,2.000000,0.000000,1.000000,0.000000
-2.134779,-10.239892,-13.081102,0.000000,1.569732,0.346836,1.916568,-0.683432,0.004670,-56.775738,-2.000000,1.580594,2.000000,0.000000,1.000000,0.000000
-9.291060,-10.489202,-12.113777,0.000000,1.453653,0.351682,1.805335,-0.794665,0.113760,-56.568447,-3.000000,4.216161,2.000000,0.000000,1.000000,0.000000
-0.602957,-10.079359,-11.354510,0.000000,1.362541,0.356223,1.718765,-0.881235,0.101702,-56.362762,-4.000000,4.082642,2.000000,0.000000,1.000000,0.000000
-1.767201,-5.513348,-9.174524,0.000000,1.100943,0.359893,1.460836,-1.139164,0.192358,-56.206837,-5.000000,0.548136,2.000000,0.000000,1.000000,0.000000
3.906177,-2.951533,-6.852036,0.000000,0.822244,0.362634,1.184878,-1.415122,-0.026048,-56.122189,-5.000000,-8.742931,2.000000,0.000000,1.000000,0.000000
-7.901695,-5.865221,-6.483746,0.000000,0.778049,0.365228,1.143277,-1.456723,-0.124010,-56.034019,-6.000000,-6.020574,2.000000,0.000000,1.000000,0.000000
-8.893822,-6.201018,-6.378229,0.000000,0.765387,0.367779,1.133166,-1.466834,-0.200009,-55.913357,-6.000000,-2.494718,2.000000,0.000000,1.000000,0.000000
-3.352074,-3.518201,-5.310835,0.000000,0.637300,0.369903,1.007203,-1.592797,-0.295387,-55.816166,-5.000000,1.579522,2.000000,0.000000,1.000000,0.000000
-1.853014,-4.650301,-5.064317,0.000000,0.607718,0.371929,0.979647,-1.620353,-0.267623,-55.734482,-6.000000,1.481432,2.000000,0.000000,1.000000,0.000000
3.830085,-0.457839,-3.345129,0.000000,0.401415,0.373267,0.774682,-1.825318,-0.328292,-55.683399,-6.000000,-0.453526,2.000000,0.000000,1.000000,0.000000
-2.185694,-4.748815,-3.868999,0.000000,0.464280,0.374815,0.839094,-1.760906,-0.418891,-55.631332,-7.000000,1.866476,2.000000,0.000000,1.000000,0.000000
2.036921,-1.578216,-3.014054,0.000000,0.361686,0.376020,0.737707,-1.862293,-0.543389,-55.568062,-6.000000,0.617193,2.000000,0.000000,1.000000,0.000000
8.335623,1.099685,-1.478761,0.000000,0.177451,0.376612,0.554063,-2.045937,-0.636608,-55.563278,-6.000000,3.269275,2.000000,0.000000,1.000000,0.000000
15.852443,4.008645,0.569199,0.000000,-0.068304,0.376384,0.308080,-2.291920,-0.718751,-55.614361,-6.000000,1.894360,2.000000,0.000000,1.000000,0.000000
5.557624,2.019614,1.110510,0.000000,-0.133261,0.375940,0.242679,-2.357321,-0.785492,-55.674644,-7.000000,-0.151858,2.000000,0.000000,1.000000,0.000000
26.400188,11.650156,5.044022,0.000000,-0.605283,0.373922,-0.231360,-2.831360,-0.922627,-55.811340,-7.000000,-6.238647,2.000000,0.000000,1.000000,0.000000
-6.316365,2.071722,3.934727,0.000000,-0.472167,0.372348,-0.099819,-2.699819,-1.037596,-55.948559,-9.000000,-9.041058,2.000000,0.000000,1.000000,0.000000
-5.021333,3.197243,3.659490,0.000000,-0.439139,0.370884,-0.068254,-2.668254,-1.164776,-56.001247,-7.000000,-12.060168,2.000000,0.000000,1.000000,0.000000
-5.739301,2.326897,3.162151,0.000000,-0.379458,0.369620,-0.009839,-2.609838,-1.324233,-56.056488,-6.000000,-8.933304,2.000000,0.000000,1.000000,0.000000
8.358953,3.849110,3.418532,0.000000,-0.410224,0.368252,-0.041972,-2.641972,-1.467656,-56.118248,-5.000000,-3.429635,2.000000,0.000000,1.000000,0.000000
32.127373,10.667241,6.123830,0.000000,-0.734860,0.365803,-0.369057,-2.969057,-1.532650,-56.263412,-5.000000,-3.613151,2.000000,0.000000,1.000000,0.000000
27.218966,12.159716,8.376489,0.000000,-1.005179,0.362452,-0.642727,-3.242726,-1.529542,-56.491684,-7.000000,-1.027179,2.000000,0.000000,1.000000,0.000000
20.466883,13.546636,10.306045,0.000000,-1.236725,0.358330,-0.878396,-3.478395,-1.530223,-56.748749,-8.000000,-8.514376,2.000000,0.000000,1.000000,0.000000
18.764357,15.262813,12.155965,0.000000,-1.458716,0.353467,-1.105249,-3.705248,-1.679502,-57.036842,-9.000000,-7.631183,2.000000,0.000000,1.000000,0.000000
7.416837,12.140508,12.150196,0.000000,-1.458024,0.348607,-1.109416,-3.709416,-1.723080,-57.310875,-9.000000,-5.130036,2.000000,0.000000,1.000000,0.000000
14.814134,13.041431,12.482815,0.000000,-1.497938,0.343614,-1.154324,-3.754324,-1.832295,-57.562695,-9.000000,-6.690519,2.000000,0.000000,1.000000,0.000000
7.639610,12.395242,12.450131,0.000000,-1.494016,0.338634,-1.155382,-3.755382,-1.954828,-57.817062,-9.000000,-3.453592,2.000000,0.000000,1.000000,0.000000
31.396070,20.638416,15.506089,0.000000,-1.860731,0.332432,-1.528299,-4.128299,-2.150789,-58.147400,-8.000000,-3.358521,2.000000,0.000000,1.000000,0.000000
10.391919,13.960992,14.929441,0.000000,-1.791533,0.326460,-1.465073,-4.065073,-2.332905,-58.493393,-9.000000,-1.381069,2.000000,0.000000,1.000000,0.000000
27.995893,16.832960,15.639855,0.000000,-1.876783,0.320204,-1.556579,-4.156579,-2.497837,-58.801331,-7.000000,-7.257565,2.000000,0.000000,1.000000,0.000000
-8.523398,6.675878,12.294400,0.000000,-1.475328,0.315286,-1.160042,-3.760042,-2.641030,-59.036419,-7.000000,-3.764455,2.000000,0.000000,1.000000,0.000000
4.225747,9.191907,11.136516,0.000000,-1.336382,0.310831,-1.025550,-3.625550,-2.818192,-59.195095,-4.000000,-6.098226,2.000000,0.000000,1.000000,0.000000
36.976433,16.790131,13.246507,0.000000,-1.589581,0.305533,-1.284048,-3.884048,-2.979608,-59.454914,-3.000000,-6.312259,2.000000,0.000000,1.000000,0.000000
42.268555,22.188606,16.583797,0.000000,-1.990056,0.298899,-1.691156,-4.291156,-3.112675,-59.844700,-3.000000,-4.302983,2.000000,0.000000,1.000000,0.000000
20.743408,16.497391,16.551550,0.000000,-1.986186,0.292279,-1.693907,-4.293907,-3.176175,-60.231560,-5.000000,-1.479189,2.000000,0.000000,1.000000,0.000000
-4.993984,10.492075,14.290087,0.000000,-1.714810,0.286563,-1.428248,-4.028248,-3.260810,-60.501453,-5.000000,1.252196,2.000000,0.000000,1.000000,0.000000
5.514637,10.553514,12.895557,0.000000,-1.547467,0.281404,-1.266062,-3.866062,-3.290991,-60.711910,-3.000000,0.587066,2.000000,0.000000,1.000000,0.000000
7.073979,9.891994,11.774594,0.000000,-1.412951,0.276695,-1.136257,-3.736257,-3.313931,-60.916367,-2.000000,-1.801614,2.000000,0.000000,1.000000,0.000000
18.475119,9.199930,10.813702,0.000000,-1.297644,0.272369,-1.025275,-3.625275,-3.300357,-61.107285,-2.000000,0.947660,2.000000,0.000000,1.000000,0.000000
12.624256,10.011631,10.514360,0.000000,-1.261723,0.268163,-0.993560,-3.593560,-3.220848,-61.299400,-2.000000,0.787061,2.000000,0.000000,1.000000,0.000000
21.942261,14.908783,12.154408,0.000000,-1.458529,0.263302,-1.195227,-3.795227,-3.071549,-61.548603,-2.000000,0.549442,2.000000,0.000000,1.000000,0.000000
22.180653,14.550822,13.048776,0.000000,-1.565853,0.258082,-1.307771,-3.907771,-2.932384,-61.843201,-4.000000,3.631897,2.000000,0.000000,1.000000,0.000000
39.444275,22.539936,16.590981,0.000000,-1.990918,0.251446,-1.739472,-4.339472,-2.900319,-62.214108,-5.000000,-1.726125,2.000000,0.000000,1.000000,0.000000
28.102844,20.145473,17.917557,0.000000,-2.150107,0.244279,-1.905828,-4.505828,-2.769648,-62.640961,-7.000000,-0.293144,2.000000,0.000000,1.000000,0.000000
27.425129,21.893715,19.401503,0.000000,-2.328180,0.236518,-2.091662,-4.691662,-2.702201,-63.061352,-9.000000,-3.984887,2.000000,0.000000,1.000000,0.000000
2.616373,13.284502,17.118570,0.000000,-2.054228,0.229671,-1.824558,-4.424558,-2.783086,-63.413136,-9.000000,-3.743081,2.000000,0.000000,1.000000,0.000000
10.126899,13.776411,15.871240,0.000000,-1.904549,0.223322,-1.681227,-4.281227,-2.870372,-63.683746,-7.000000,-9.344033,2.000000,0.000000,1.000000,0.000000
13.742788,13.546332,15.003559,0.000000,-1.800427,0.217321,-1.583106,-4.183106,-3.071765,-63.956974,-6.000000,-9.895112,2.000000,0.000000,1.000000,0.000000
17.894466,16.961130,15.734146,0.000000,-1.888098,0.211027,-1.677070,-4.277070,-3.204599,-64.262047,-4.000000,-1.607645,2.000000,0.000000,1.000000,0.000000
0.508466,11.393982,14.114349,0.000000,-1.693722,0.205381,-1.488340,-4.088340,-3.228693,-64.545601,-5.000000,-3.504602,2.000000,0.000000,1.000000,0.000000
36.139832,19.880924,16.266499,0.000000,-1.951980,0.198875,-1.753105,-4.353105,-3.271500,-64.858353,-4.000000,-0.697317,2.000000,0.000000,1.000000,0.000000
22.245070,16.220011,16.249149,0.000000,-1.949898,0.192375,-1.757523,-4.357523,-3.344989,-65.219360,-5.000000,-0.791975,2.000000,0.000000,1.000000,0.000000
-4.626947,13.732796,15.310019,0.000000,-1.837202,0.186251,-1.650951,-4.250951,-3.443059,-65.518890,-4.000000,-5.519403,2.000000,0.000000,1.000000,0.000000
1.939452,15.842125,15.508607,0.000000,-1.861033,0.180048,-1.680985,-4.280985,-3.583801,-65.814636,-3.000000,-0.901278,2.000000,0.000000,1.000000,0.000000
14.937928,13.874607,14.898780,0.000000,-1.787854,0.174088,-1.613765,-4.213765,-3.506452,-66.111801,-3.000000,0.814337,2.000000,0.000000,1.000000,0.000000
1.580128,11.028660,13.454409,0.000000,-1.614529,0.168706,-1.445823,-4.045823,-3.401613,-66.360832,-4.000000,6.918807,2.000000,0.000000,1.000000,0.000000
5.571480,6.614261,10.901590,0.000000,-1.308191,0.164346,-1.143845,-3.743845,-3.344849,-66.537262,-3.000000,10.199429,2.000000,0.000000,1.000000,0.000000
3.242667,7.240278,9.535149,0.000000,-1.144218,0.160532,-0.983686,-3.583686,-3.248567,-66.675804,-2.000000,4.779139,2.000000,0.000000,1.000000,0.000000
6.178906,8.640689,9.201326,0.000000,-1.104159,0.156851,-0.947308,-3.547308,-3.198873,-66.834610,-1.000000,1.812193,2.000000,0.000000,1.000000,0.000000
6.855929,10.334664,9.624301,0.000000,-1.154916,0.153001,-1.001915,-3.601914,-3.153024,-67.024361,-2.000000,-0.984126,2.000000,0.000000,1.000000,0.000000
19.567938,13.763801,11.169208,0.000000,-1.340305,0.148534,-1.191771,-3.791771,-3.056971,-67.265343,-2.000000,1.317170,2.000000,0.000000,1.000000,0.000000
4.806237,8.637328,10.224282,0.000000,-1.226914,0.144444,-1.082470,-3.682470,-3.033082,-67.489357,-3.000000,5.337166,2.000000,0.000000,1.000000,0.000000
14.081886,9.493862,9.951681,0.000000,-1.194202,0.140463,-1.053738,-3.653738,-2.958527,-67.670670,-3.000000,-2.615237,2.000000,0.000000,1.000000,0.000000
4.942925,7.383410,8.993174,0.000000,-1.079181,0.136866,-0.942315,-3.542315,-2.990237,-67.839439,-3.000000,-3.358390,2.000000,0.000000,1.000000,0.000000
3.860853,6.408140,8.028411,0.000000,-0.963409,0.133815,-0.829594,-3.429594,-3.070344,-67.977356,-2.000000,2.303542,2.000000,0.000000,1.000000,0.000000
1.583836,4.852520,6.843133,0.000000,-0.821176,0.130941,-0.690235,-3.290235,-3.011700,-68.089966,-2.000000,2.233846,2.000000,0.000000,1.000000,0.000000
7.272082,6.474305,6.705482,0.000000,-0.804658,0.128393,-0.676265,-3.276265,-2.894490,-68.203232,-2.000000,3.029692,2.000000,0.000000,1.000000,0.000000
5.973742,4.138369,5.747407,0.000000,-0.689689,0.125979,-0.563710,-3.163710,-2.763158,-68.309357,-2.000000,5.248659,2.000000,0.000000,1.000000,0.000000
6.227784,4.340663,5.222395,0.000000,-0.626687,0.123995,-0.502693,-3.102693,-2.660999,-68.394150,-2.000000,5.484302,2.000000,0.000000,1.000000,0.000000
-5.070573,0.307920,3.388259,0.000000,-0.406591,0.122572,-0.284019,-2.884019,-2.525330,-68.440636,-2.000000,7.457731,2.000000,0.000000,1.000000,0.000000
12.944502,7.952067,5.091522,0.000000,-0.610983,0.120637,-0.490346,-3.090346,-2.401725,-68.523239,-2.000000,2.878829,2.000000,0.000000,1.000000,0.000000
9.830071,7.292536,5.912965,0.000000,-0.709556,0.118153,-0.591402,-3.191402,-2.297214,-68.675682,-3.000000,7.233820,2.000000,0.000000,1.000000,0.000000
2.156132,7.428252,6.478487,0.000000,-0.777418,0.115692,-0.661727,-3.261727,-2.201956,-68.822891,-5.000000,4.368313,2.000000,0.000000,1.000000,0.000000
-3.477997,5.933751,6.275185,0.000000,-0.753022,0.113181,-0.639841,-3.239841,-2.071226,-68.956512,-5.000000,3.949279,2.000000,0.000000,1.000000,0.000000
8.886288,8.967174,7.279865,0.000000,-0.873584,0.110270,-0.763314,-3.363314,-1.997421,-69.105522,-6.000000,-2.769661,2.000000,0.000000,1.000000,0.000000
1.808132,4.882713,6.385221,0.000000,-0.766227,0.107715,-0.658511,-3.258511,-2.049502,-69.244019,-6.000000,1.937684,2.000000,0.000000,1.000000,0.000000
5.297935,5.697780,6.128661,0.000000,-0.735439,0.105264,-0.630175,-3.230175,-2.042667,-69.349823,-6.000000,-1.886813,2.000000,0.000000,1.000000,0.000000
1.478510,6.185078,6.149716,0.000000,-0.737966,0.102681,-0.635285,-3.235285,-2.044501,-69.468651,-6.000000,-0.654794,2.000000,0.000000,1.000000,0.000000
-0.195045,6.051495,6.113059,0.000000,-0.733567,0.100358,-0.633209,-3.233209,-2.205657,-69.591019,-5.000000,-1.589080,2.000000,0.000000,1.000000,0.000000
6.848369,4.859515,5.645222,0.000000,-0.677427,0.098100,-0.579327,-3.179327,-2.226819,-69.700127,-5.000000,-4.961115,2.000000,0.000000,1.000000,0.000000
6.139124,3.149717,4.713872,0.000000,-0.565665,0.096215,-0.469450,-3.069450,-2.239743,-69.780220,-4.000000,1.256571,2.000000,0.000000,1.000000,0.000000
-5.415462,-1.456188,2.411138,0.000000,-0.289337,0.095250,-0.194086,-2.794086,-2.258872,-69.797157,-4.000000,2.188078,2.000000,0.000000,1.000000,0.000000
2.828968,0.357997,1.644883,0.000000,-0.197386,0.094592,-0.102794,-2.702794,-2.122420,-69.786179,-3.000000,2.048256,2.000000,0.000000,1.000000,0.000000
0.914819,-0.124291,0.984608,0.000000,-0.118153,0.094198,-0.023955,-2.623955,-2.129846,-69.788513,-2.000000,2.657593,2.000000,0.000000,1.000000,0.000000
2.632832,2.861139,1.684950,0.000000,-0.202194,0.093524,-0.108670,-2.708670,-2.086968,-69.815880,-2.000000,4.298738,2.000000,0.000000,1.000000,0.000000
19.864460,7.465319,3.842247,0.000000,-0.461070,0.091987,-0.369082,-2.969082,-2.111033,-69.919144,-3.000000,1.300054,2.000000,0.000000,1.000000,0.000000
2.285573,4.577287,4.116572,0.000000,-0.493989,0.090341,-0.403648,-3.003648,-2.102862,-70.039566,-4.000000,-1.619876,2.000000,0.000000,1.000000,0.000000
8.939397,2.532970,3.525555,0.000000,-0.423067,0.088931,-0.334136,-2.934136,-2.191445,-70.110672,-4.000000,-1.247250,2.000000,0.000000,1.000000,0.000000
10.300471,2.797115,3.253693,0.000000,-0.390443,0.087629,-0.302814,-2.902814,-2.237429,-70.163971,-3.000000,2.554370,2.000000,0.000000,1.000000,0.000000
-2.076807,-2.136617,1.241970,0.000000,-0.149036,0.087132,-0.061904,-2.661904,-2.198491,-70.170578,-3.000000,-5.851156,2.000000,0.000000,1.000000,0.000000
3.224538,-0.213268,0.698859,0.000000,-0.083863,0.086853,0.002990,-2.597010,-2.299569,-70.147079,-1.000000,-4.473209,2.000000,0.000000,1.000000,0.000000
-7.792814,-3.699247,-0.942562,0.000000,0.113107,0.087230,0.200337,-2.399663,-2.280468,-70.107956,-1.000000,-4.599286,2.000000,0.000000,1.000000,0.000000
6.514511,-0.384502,-0.734288,0.000000,0.088115,0.087523,0.175638,-2.424362,-2.324276,-70.067116,0.000000,-3.645353,2.000000,0.000000,1.000000,0.000000
-4.733298,-3.049982,-1.598531,0.000000,0.191824,0.088163,0.279987,-2.320014,-2.314686,-70.032768,0.000000,1.078407,2.000000,0.000000,1.000000,0.000000
9.131821,1.699107,-0.367816,0.000000,0.044138,0.088310,0.132448,-2.467552,-2.189041,-70.019257,0.000000,4.139518,2.000000,0.000000,1.000000,0.000000
15.529699,5.415264,1.790493,0.000000,-0.214859,0.087594,-0.127265,-2.727265,-2.167031,-70.090401,-1.000000,1.427477,2.000000,0.000000,1.000000,0.000000
3.738880,1.498100,1.681369,0.000000,-0.201764,0.086921,-0.114843,-2.714843,-2.098271,-70.159531,-3.000000,2.433308,2.000000,0.000000,1.000000,0.000000
28.715017,7.749373,3.946015,0.000000,-0.473522,0.085343,-0.388179,-2.988179,-2.122049,-70.252007,-3.000000,1.138312,2.000000,0.000000,1.000000,0.000000
11.553658,4.737094,4.241254,0.000000,-0.508951,0.083646,-0.425304,-3.025304,-1.963304,-70.376869,-5.000000,2.852641,2.000000,0.000000,1.000000,0.000000
6.901841,1.392950,3.178236,0.000000,-0.381388,0.082375,-0.299013,-2.899013,-1.851348,-70.438171,-5.000000,-0.165445,2.000000,0.000000,1.000000,0.000000
10.668451,1.208810,2.443225,0.000000,-0.293187,0.081398,-0.211789,-2.811789,-1.833194,-70.464188,-5.000000,2.493372,2.000000,0.000000,1.000000,0.000000
8.613670,1.312511,2.021230,0.000000,-0.242548,0.080589,-0.161958,-2.761958,-1.699497,-70.489403,-5.000000,-2.773682,2.000000,0.000000,1.000000,0.000000
13.057431,3.980061,2.752287,0.000000,-0.330274,0.079488,-0.250786,-2.850786,-1.765631,-70.542328,-5.000000,-2.044399,2.000000,0.000000,1.000000,0.000000
-0.275475,0.385127,1.868837,0.000000,-0.224260,0.078741,-0.145520,-2.745520,-1.889287,-70.585983,-4.000000,-4.668384,2.000000,0.000000,1.000000,0.000000
2.818588,2.818408,2.223228,0.000000,-0.266787,0.077852,-0.188936,-2.788936,-1.938583,-70.618019,-4.000000,-6.383257,2.000000,0.000000,1.000000,0.000000
18.043119,6.573100,3.846648,0.000000,-0.461598,0.076313,-0.385285,-2.985285,-1.985150,-70.711937,-4.000000,-3.397135,2.000000,0.000000,1.000000,0.000000
23.780886,10.828619,6.452396,0.000000,-0.774288,0.073732,-0.700556,-3.300555,-2.114968,-70.885956,-4.000000,-9.836375,2.000000,0.000000,1.000000,0.000000
22.376509,11.163562,8.210655,0.000000,-0.985279,0.070448,-0.914831,-3.514831,-2.245754,-71.105881,-5.000000,-7.232904,2.000000,0.000000,1.000000,0.000000
21.575838,12.816274,9.929523,0.000000,-1.191543,0.066476,-1.125067,-3.725067,-2.396273,-71.345680,-5.000000,-2.860871,2.000000,0.000000,1.000000,0.000000
22.728088,14.253405,11.543242,0.000000,-1.385189,0.061859,-1.323331,-3.923330,-2.416992,-71.616379,-6.000000,0.307792,2.000000,0.000000,1.000000,0.000000
12.311266,14.112062,12.501954,0.000000,-1.500234,0.056858,-1.443377,-4.043377,-2.474114,-71.900032,-7.000000,-3.551589,2.000000,0.000000,1.000000,0.000000
-2.367983,9.829856,11.504698,0.000000,-1.380564,0.052256,-1.328308,-3.928308,-2.513166,-72.139450,-7.000000,-2.100670,2.000000,0.000000,1.000000,0.000000
6.622016,12.466499,11.863653,0.000000,-1.423638,0.047510,-1.376128,-3.976128,-2.536476,-72.362411,-7.000000,-4.788750,2.000000,0.000000,1.000000,0.000000
5.749586,10.674988,11.420031,0.000000,-1.370404,0.042942,-1.327461,-3.927461,-2.642760,-72.593826,-6.000000,0.868188,2.000000,0.000000,1.000000,0.000000
3.148181,10.477632,11.068316,0.000000,-1.328198,0.038515,-1.289683,-3.889683,-2.668658,-72.805351,-6.000000,-2.573419,2.000000,0.000000,1.000000,0.000000
20.832645,13.805604,12.089902,0.000000,-1.450788,0.033679,-1.417109,-4.017109,-2.670608,-73.048187,-6.000000,1.667827,2.000000,0.000000,1.000000,0.000000
6.296064,10.435358,11.472408,0.000000,-1.376689,0.029090,-1.347599,-3.947599,-2.731534,-73.290596,-6.000000,-0.333445,2.000000,0.000000,1.000000,0.000000
20.172710,12.381710,11.811769,0.000000,-1.417412,0.024365,-1.393047,-3.993047,-2.772466,-73.518768,-5.000000,-0.620568,2.000000,0.000000,1.000000,0.000000
25.015779,13.968813,12.616802,-12.700000,-3.038016,-0.001595,-3.674611,-6.274611,-2.843797,-73.782272,-5.000000,-9.290260,0.000000,0.000000,1.000000,-0.635000
4.909186,9.504280,11.455174,-30.800001,-5.070621,-0.003462,-6.614083,-9.214083,-2.996585,-74.017006,-16.000000,-8.048678,0.000000,0.000000,1.000000,-1.540000
6.461196,10.688089,11.168890,-36.100002,-5.672266,-0.010597,-7.487864,-10.087864,-3.220163,-74.218933,-30.000000,-16.683645,0.000000,0.000000,1.000000,-1.805000
15.014521,10.094084,10.767760,-51.000000,-7.412131,-0.013914,-9.976045,-12.576044,-3.566446,-74.426758,-32.000000,-23.050884,0.000000,0.000000,1.000000,-2.550000
26.542891,12.714153,11.494176,-60.299999,-8.615301,-0.020090,-11.650391,-14.250391,-3.835654,-74.654839,-43.000000,-32.581280,0.000000,0.000000,1.000000,-3.015000
9.517757,10.606021,11.162706,-88.300003,-11.935525,-0.022931,-16.373457,-18.973457,-4.519201,-74.888039,-48.000000,-39.810455,0.000000,0.000000,1.000000,-4.415000
23.359539,12.473030,11.651733,-92.500000,-12.498208,-0.042770,-17.165977,-19.765978,-5.389617,-75.118828,-68.000000,-48.715546,0.000000,0.000000,1.000000,-4.625000
-9.316769,4.349203,8.926349,-98.800003,-12.927161,-0.056449,-17.923611,-20.523611,-6.308595,-75.287048,-67.000000,-54.877213,0.000000,0.000000,1.000000,-4.940000
43.642056,17.439381,12.103506,-99.099998,-13.344420,-0.100931,-18.400352,-21.000353,-7.366562,-75.504936,-66.000000,-58.597157,0.000000,0.000000,1.000000,-4.955000
8.894767,11.116161,11.735018,-99.099998,-13.300201,-0.145265,-18.400467,-21.000467,-8.592022,-75.790489,-62.000000,-62.753120,0.000000,0.000000,1.000000,-4.955000
4.929707,6.498075,9.780533,-99.099998,-13.065663,-0.188817,-18.209480,-20.809481,-9.803338,-75.966629,-56.000000,-61.116524,0.000000,0.000000,1.000000,-4.955000
23.882900,11.683812,10.490858,-99.099998,-13.150903,-0.232653,-18.338556,-20.938557,-10.931114,-76.148445,-49.000000,-56.999969,0.000000,0.000000,1.000000,-4.955000
-21.855192,-3.722416,5.186308,-99.099998,-12.514357,-0.274368,-17.743725,-20.343725,-11.902761,-76.228058,-45.000000,-49.759602,0.000000,0.000000,1.000000,-4.955000
0.190410,-1.861372,2.556036,-99.099998,-12.198724,-0.315030,-17.468754,-20.068754,-12.776400,-76.172218,-38.000000,-41.471661,0.000000,0.000000,1.000000,-4.955000
-20.837849,-5.779009,-0.554694,-99.099998,-11.825437,-0.354448,-17.134884,-19.734884,-13.533982,-76.095818,-33.000000,-35.664143,0.000000,0.000000,1.000000,-4.955000
1.000273,-1.302599,-0.833821,-99.099998,-11.791941,-0.393755,-17.140696,-19.740696,-14.175014,-76.025002,-28.000000,-30.339289,0.000000,0.000000,1.000000,-4.955000
6.665668,-1.207479,-0.973274,-99.099998,-11.775207,-0.433006,-17.163212,-19.763212,-14.722011,-75.999901,-25.000000,-30.226442,0.000000,0.000000,1.000000,-4.955000
-28.368462,-10.130626,-4.390898,-99.099998,-11.365091,-0.470889,-16.790981,-19.390982,-15.233851,-75.886520,-22.000000,-30.003531,0.000000,0.000000,1.000000,-4.955000
-35.344910,-14.008425,-7.980265,-99.099998,-10.934368,-0.507337,-16.396706,-18.996706,-15.810407,-75.645126,-18.000000,-31.834328,0.000000,0.000000,1.000000,-4.955000
-49.260567,-21.486589,-13.020974,-99.099998,-10.329483,-0.541769,-15.826252,-18.426252,-16.225113,-75.290176,-14.000000,-22.015640,0.000000,0.000000,1.000000,-4.955000
-37.042492,-20.925724,-15.971113,-99.099998,-9.975466,-0.575020,-15.505486,-18.105486,-16.535208,-74.866051,-9.000000,-15.660839,0.000000,0.000000,1.000000,-4.955000
-26.851126,-21.059000,-17.869968,-99.099998,-9.747602,-0.607512,-15.310115,-17.910114,-16.660757,-74.446205,-7.000000,-7.121891,0.000000,0.000000,1.000000,-4.955000
-15.870513,-19.497339,-18.477322,-99.099998,-9.674722,-0.639761,-15.269483,-17.869482,-16.758636,-74.040642,-5.000000,-5.725209,0.000000,0.000000,1.000000,-4.955000
-65.227287,-34.662197,-24.517694,-99.099998,-8.949877,-0.669594,-14.574471,-17.174471,-16.813553,-73.499046,-5.000000,-6.636075,0.000000,0.000000,1.000000,-4.955000
-51.437199,-36.316769,-28.921238,-99.099998,-8.421451,-0.697666,-14.074117,-16.674116,-16.801661,-72.789253,-2.000000,-2.377916,0.000000,0.000000,1.000000,-4.955000
-47.492443,-39.813564,-32.986374,-99.099998,-7.933635,-0.724111,-13.612746,-16.212746,-16.825951,-72.027946,0.000000,1.346168,0.000000,0.000000,1.000000,-4.955000
-63.583736,-47.476761,-38.394344,-99.099998,-7.284678,-0.748393,-12.988071,-15.588072,-16.622585,-71.155045,1.000000,2.257936,0.000000,0.000000,1.000000,-4.955000
-115.100464,-64.430016,-48.111145,-99.099998,-6.118662,-0.768789,-11.842451,-14.442451,-16.545412,-70.035980,4.000000,5.614050,0.000000,0.000000,1.000000,-4.955000
-88.127594,-64.027916,-54.051460,-99.099998,-5.405825,-0.786808,-11.147633,-13.747633,-16.296265,-68.751404,9.000000,10.258344,0.000000,0.000000,1.000000,-4.955000
-96.229469,-66.824692,-58.818569,-99.099998,-4.833771,-0.802921,-10.591692,-13.191692,-16.052862,-67.442879,11.000000,13.320496,0.000000,0.000000,1.000000,-4.955000
-99.914406,-73.773674,-64.399979,-99.099998,-4.164002,-0.816801,-9.935803,-12.535803,-15.792836,-66.036896,12.000000,11.822548,0.000000,0.000000,1.000000,-4.955000
-99.852531,-80.256386,-70.317764,-99.099998,-3.453868,-0.828314,-9.237182,-11.837181,-15.533842,-64.496597,14.000000,19.875059,0.000000,0.000000,1.000000,-4.955000
-129.647919,-93.903419,-79.120193,-99.099998,-2.397577,-0.836306,-8.188883,-10.788883,-15.144233,-62.755001,16.000000,19.178608,0.000000,0.000000,1.000000,-4.955000
-129.082031,-97.236641,-85.881454,-99.099998,-1.586225,-0.841593,-7.382818,-9.982819,-14.618979,-60.843601,19.000000,18.593561,0.000000,0.000000,1.000000,-4.955000
-128.299744,-101.510460,-91.714371,-99.099998,-0.886275,-0.844547,-6.685822,-9.285822,-14.236501,-58.856129,21.000000,14.254457,0.000000,0.000000,1.000000,-4.955000
-119.530472,-102.717361,-95.820808,-99.099998,-0.393503,-0.845859,-6.194362,-8.794361,-13.895330,-56.813850,22.000000,17.350080,0.000000,0.000000,1.000000,-4.955000
-123.029747,-105.871414,-99.571808,-99.099998,0.056617,-0.845670,-5.744053,-8.344053,-13.525486,-54.727962,23.000000,20.027861,0.000000,0.000000,1.000000,-4.955000
-120.099709,-107.588188,-102.563606,-99.099998,0.415633,-0.844285,-5.383652,-7.983652,-13.023916,-52.593369,23.000000,26.743847,0.000000,0.000000,1.000000,-4.955000
-124.589478,-113.574585,-106.673027,-99.099998,0.908763,-0.841256,-4.887492,-7.487492,-12.468885,-50.381741,22.000000,27.148006,0.000000,0.000000,1.000000,-4.955000
-108.259430,-110.172646,-107.979126,-99.099998,1.065495,-0.837704,-4.727209,-7.327209,-11.894703,-48.144268,21.000000,26.723938,0.000000,0.000000,1.000000,-4.955000
-106.357208,-110.992004,-109.103569,-99.099998,1.200428,-0.833703,-4.588274,-7.188274,-11.318399,-45.932621,19.000000,25.959286,0.000000,0.000000,1.000000,-4.955000
-185.438568,-132.895721,-117.983063,-99.099998,2.265968,-0.826149,-3.515182,-6.115182,-10.813536,-43.493744,18.000000,25.989620,0.000000,0.000000,1.000000,-4.955000
-134.952286,-126.038300,-120.989365,-99.099998,2.626724,-0.817394,-3.145670,-5.745670,-10.258271,-40.904404,20.000000,26.960192,0.000000,0.000000,1.000000,-4.955000
-142.126541,-130.634842,-124.589165,-99.099998,3.058700,-0.807198,-2.703498,-5.303498,-9.718449,-38.337673,19.000000,29.860624,0.000000,0.000000,1.000000,-4.955000
-140.806824,-131.518326,-127.175201,-99.099998,3.369024,-0.795968,-2.381943,-4.981943,-9.134985,-35.716141,19.000000,30.706430,0.000000,0.000000,1.000000,-4.955000
-134.584076,-129.734222,-128.130249,-99.099998,3.483630,-0.784356,-2.255726,-4.855726,-8.540347,-33.103615,17.000000,30.155771,0.000000,0.000000,1.000000,-4.955000
-187.678452,-146.594269,-135.021225,-99.099998,4.310547,-0.769987,-1.414440,-4.014441,-8.000531,-30.340330,15.000000,25.713902,0.000000,0.000000,1.000000,-4.955000
-98.810768,-125.270355,-131.382095,-99.099998,3.873852,-0.757074,-1.838223,-4.438223,-7.618320,-27.621683,17.000000,20.449715,0.000000,0.000000,1.000000,-4.955000
-114.215431,-127.659920,-129.992935,-99.099998,3.707152,-0.744717,-1.992565,-4.592565,-7.130643,-25.092381,13.000000,23.410934,0.000000,0.000000,1.000000,-4.955000
-112.803696,-126.486511,-128.684296,-99.099998,3.550116,-0.732884,-2.137768,-4.737768,-6.667225,-22.550917,10.000000,23.590271,0.000000,0.000000,1.000000,-4.955000
-128.323120,-128.848328,-128.745514,-99.099998,3.557462,-0.721025,-2.118564,-4.718564,-6.248873,-19.997568,7.000000,21.935877,0.000000,0.000000,1.000000,-4.955000
-162.978226,-138.486679,-132.381027,-99.099998,3.993723,-0.707713,-1.668989,-4.268990,-5.891032,-17.324219,5.000000,15.095749,0.000000,0.000000,1.000000,-4.955000
-110.516060,-127.110100,-130.413864,-99.099998,3.757664,-0.695187,-1.892524,-4.492523,-5.570837,-14.668251,6.000000,12.890649,0.000000,0.000000,1.000000,-4.955000
-44.784645,-106.767914,-121.588936,-99.099998,2.698673,-0.686192,-2.942519,-5.542519,-5.249013,-12.329471,3.000000,15.878585,0.000000,0.000000,1.000000,-4.955000
71.992561,-68.325653,-101.710495,-99.099998,0.313260,-0.685148,-5.326888,-7.926888,-4.983144,-10.578535,-2.000000,13.444539,0.000000,0.000000,1.000000,-4.955000
22.943487,-69.131439,-89.551636,-99.099998,-1.145803,-0.688967,-6.789770,-9.389771,-4.744390,-9.203964,-16.000000,10.355246,0.000000,0.000000,1.000000,-4.955000
16.695843,-60.502197,-78.710068,-99.099998,-2.446792,-0.697123,-8.098915,-10.698915,-4.621982,-7.907628,-23.000000,2.750354,0.000000,0.000000,1.000000,-4.955000
-5.736898,-60.986534,-72.095451,-99.099998,-3.240546,-0.707925,-8.903470,-11.503469,-4.749342,-6.692741,-29.000000,-8.408760,0.000000,0.000000,1.000000,-4.955000
-14.495743,-57.334194,-66.586388,-99.099998,-3.901633,-0.720930,-9.577563,-12.177563,-5.045716,-5.509534,-32.000000,-15.920316,0.000000,0.000000,1.000000,-4.955000
-67.047226,-66.802338,-66.666985,-99.099998,-3.891962,-0.733903,-9.580865,-12.180864,-5.466640,-4.268168,-33.000000,-23.529493,0.000000,0.000000,1.000000,-4.955000
-4.712598,-48.590981,-59.920822,-99.099998,-4.701501,-0.749575,-10.406076,-13.006077,-5.988025,-3.114235,-31.000000,-24.396790,0.000000,0.000000,1.000000,-4.955000
2.234030,-42.671547,-53.483204,-99.099998,-5.474015,-0.767822,-11.196836,-13.796837,-6.428710,-2.201610,-33.000000,-21.269419,0.000000,0.000000,1.000000,-4.955000
-86.373749,-63.802635,-57.334530,-99.099998,-5.011856,-0.784528,-10.751384,-13.351383,-6.805706,-1.136868,-35.000000,-23.111441,0.000000,0.000000,1.000000,-4.955000
-66.075874,-60.096107,-58.365181,-99.099998,-4.888178,-0.800822,-10.643999,-13.243999,-7.217008,0.102119,-30.000000,-22.767366,0.000000,0.000000,1.000000,-4.955000
22.636593,-37.254852,-50.486572,-99.099998,-5.833611,-0.820267,-11.608878,-14.208878,-7.672258,1.075629,-28.000000,-21.496222,0.000000,0.000000,1.000000,-4.955000
-28.597277,-45.313656,-48.555984,-99.099998,-6.065281,-0.840485,-11.860765,-14.460766,-8.065503,1.901314,-31.000000,-18.115931,0.000000,0.000000,1.000000,-4.955000
-33.007153,-45.186829,-47.298580,-99.099998,-6.216170,-0.861205,-12.032375,-14.632376,-8.456247,2.806319,-30.000000,-18.797274,0.000000,0.000000,1.000000,-4.955000
-64.130768,-53.580036,-49.642887,-99.099998,-5.934853,-0.880988,-11.770842,-14.370842,-8.740458,3.793987,-29.000000,-18.161386,0.000000,0.000000,1.000000,-4.955000
-179.713516,-86.603867,-63.437130,-99.099998,-4.279544,-0.895253,-10.129797,-12.729797,-9.136406,5.195826,-26.000000,-15.842774,0.000000,0.000000,1.000000,-4.955000
-218.135101,-108.845482,-80.384026,-99.099998,-2.245917,-0.902740,-8.103657,-10.703657,-9.415335,7.150320,-16.000000,-13.437037,0.000000,0.000000,1.000000,-4.955000
-131.921585,-94.904121,-85.803085,-99.099998,-1.595630,-0.908058,-7.458688,-10.058687,-9.649384,9.187816,-5.000000,-11.035079,0.000000,0.000000,1.000000,-4.955000
-148.086197,-104.067314,-92.619499,-99.099998,-0.777660,-0.910651,-6.643311,-9.243311,-9.835398,11.177530,-1.000000,-6.065887,0.000000,0.000000,1.000000,-4.955000
-196.849670,-123.271034,-104.058990,-99.099998,0.595079,-0.908667,-5.268588,-7.868588,-9.785871,13.450913,2.000000,0.901385,0.000000,0.000000,1.000000,-4.955000
-124.481438,-109.652054,-106.146385,-99.099998,0.845566,-0.905849,-5.015282,-7.615282,-9.564876,15.780145,8.000000,10.467231,0.000000,0.000000,1.000000,-4.955000
-179.033554,-128.459930,-114.474045,-99.099998,1.844885,-0.899699,-4.009813,-6.609813,-9.254722,18.161264,8.000000,18.306379,0.000000,0.000000,1.000000,-4.955000
-248.180176,-153.235916,-128.940399,-99.099998,3.580848,-0.887763,-2.261915,-4.861915,-8.914213,20.978224,11.000000,22.091604,0.000000,0.000000,1.000000,-4.955000
-132.102127,-130.586578,-129.554764,-99.099998,3.654572,-0.875581,-2.176009,-4.776009,-8.455774,23.816448,17.000000,20.668455,0.000000,0.000000,1.000000,-4.955000
-22.298094,-100.903328,-118.861732,-99.099998,2.371408,-0.867676,-3.451268,-6.051268,-7.873226,26.131348,15.000000,27.213335,0.000000,0.000000,1.000000,-4.955000
63.369621,-68.388626,-100.024612,-99.099998,0.110954,-0.867306,-5.711352,-8.311352,-7.281026,27.824266,6.000000,27.956280,0.000000,0.000000,1.000000,-4.955000
58.440792,-56.524246,-83.789795,-99.099998,-1.837224,-0.873430,-7.665655,-10.265655,-6.671741,29.073395,-8.000000,25.517504,0.000000,0.000000,1.000000,-4.955000
56.303699,-44.292564,-69.048996,-99.099998,-3.606120,-0.885451,-9.446571,-12.046572,-6.180510,30.081562,-20.000000,17.450243,0.000000,0.000000,1.000000,-4.955000
30.105633,-40.418358,-58.363728,-89.300003,-3.712353,-0.887976,-9.065330,-11.665329,-5.947373,30.928671,-30.000000,6.016078,0.000000,0.000000,1.000000,-4.465000
12.971084,-38.770889,-51.051464,-83.000000,-3.833824,-0.892033,-8.875857,-11.475857,-5.922810,31.720564,-28.000000,-2.294042,0.000000,0.000000,1.000000,-4.150000
-14.836657,-40.545959,-47.130695,-72.000000,-2.984317,-0.893842,-7.478158,-10.078158,-6.108002,32.513733,-27.000000,-11.707866,0.000000,0.000000,1.000000,-3.600000
9.255014,-29.249733,-40.457325,-72.200005,-3.809121,-0.906539,-8.325661,-10.925661,-6.434826,33.211689,-18.000000,-14.969019,0.000000,0.000000,1.000000,-3.610000
-20.769508,-33.642792,-37.914066,-64.900002,-3.238312,-0.909496,-7.392809,-9.992809,-6.627722,33.840614,-21.000000,-6.609800,0.000000,0.000000,1.000000,-3.245000
-61.648933,-43.920979,-40.155910,-59.600002,-2.333291,-0.912431,-6.225722,-8.825722,-6.771799,34.616253,-16.000000,-4.963813,0.000000,0.000000,1.000000,-2.980000
-3.423192,-31.936920,-37.088493,-31.300001,0.694619,-0.912268,-1.782649,-4.382648,-6.880254,35.374832,-9.000000,-2.817201,0.000000,0.000000,1.000000,-1.565000
19.784447,-25.519545,-32.770836,-10.000000,2.732500,-0.911412,1.321088,-1.278912,-6.797913,35.949398,11.000000,4.901068,0.000000,0.000000,1.000000,-0.500000
-1.097155,-24.817616,-29.802607,0.000000,3.576313,-0.909028,2.667285,0.067285,-6.611228,36.452770,26.000000,12.699104,0.000000,20.000002,1.000000,0.000000
-190.491379,-74.892487,-46.630646,0.000000,5.595677,-0.890376,4.705301,2.105301,-6.207292,37.449871,31.000000,30.769032,0.000000,40.000004,1.000000,0.000000
-160.041901,-77.525620,-58.160988,0.000000,13.954612,0.000000,13.954612,11.354612,-5.522343,38.974052,38.000000,42.739075,1.000000,0.000000,0.000000,0.000000
-177.753983,-91.441422,-70.581612,0.000000,16.459457,0.000000,16.459457,13.859457,-4.585406,40.663723,79.000000,52.160885,1.000000,0.000000,0.000000,0.000000
-235.617203,-116.174919,-87.597534,0.000000,20.911486,0.000000,20.911486,18.311485,-3.334603,42.739887,86.000000,74.938538,1.000000,0.000000,0.000000,0.000000
-183.853577,-113.392197,-97.224388,0.000000,20.410597,0.000000,20.410597,17.810596,-1.647766,45.035557,100.000000,93.369545,1.000000,0.000000,0.000000,0.000000
-175.619583,-117.365471,-104.741264,0.000000,21.125786,0.000000,21.125786,18.525785,0.313656,47.343132,87.000000,107.088814,1.000000,0.000000,0.000000,0.000000
-179.612320,-123.282486,-111.661049,0.000000,22.190849,0.000000,22.190849,19.590849,2.363769,49.749611,81.000000,100.662254,1.000000,0.000000,0.000000,0.000000
-149.532471,-121.001991,-115.147194,0.000000,21.780359,0.000000,21.780359,19.180359,4.347519,52.192455,76.000000,98.166641,1.000000,0.000000,0.000000,0.000000
-158.610596,-125.536774,-119.024696,0.000000,22.596621,0.000000,22.596621,19.996620,6.122755,54.657845,65.000000,90.965050,1.000000,0.000000,0.000000,0.000000
-143.166931,-124.283112,-120.987198,0.000000,22.370960,0.000000,22.370960,19.770960,7.786216,57.156044,61.000000,77.595306,1.000000,0.000000,0.000000,0.000000
-183.554886,-135.532059,-126.415497,0.000000,24.395771,0.000000,24.395771,21.795771,9.309545,59.754196,52.000000,70.282097,1.000000,0.000000,0.000000,0.000000
-102.735207,-117.633438,-123.137939,0.000000,21.174019,0.000000,21.174019,18.574018,10.525617,62.285851,56.000000,58.487698,1.000000,0.000000,0.000000,0.000000
-162.029861,-129.462830,-125.498459,0.000000,23.303310,0.000000,23.303310,20.703310,11.644611,64.756813,34.000000,53.038715,1.000000,0.000000,0.000000,0.000000
-130.901306,-124.153679,-124.996574,0.000000,22.347664,0.000000,22.347664,19.747663,12.562773,67.292976,40.000000,44.180725,1.000000,0.000000,0.000000,0.000000
-114.116966,-117.515106,-122.204407,0.000000,21.152719,0.000000,21.152719,18.552719,13.382404,69.709663,31.000000,37.587830,1.000000,0.000000,0.000000,0.000000
-155.778610,-127.420509,-124.151115,0.000000,22.935692,0.000000,22.935692,20.335691,13.995458,72.159019,22.000000,29.950384,1.000000,0.000000,0.000000,0.000000
-119.389030,-117.707138,-121.746155,0.000000,21.187286,0.000000,21.187286,18.587286,14.418853,74.610298,29.000000,24.502670,1.000000,0.000000,0.000000,0.000000
-149.271194,-124.668854,-122.836937,0.000000,22.440395,0.000000,22.440395,19.840395,14.740343,77.034058,19.000000,23.686972,1.000000,0.000000,0.000000,0.000000
-94.684013,-109.531860,-117.871338,0.000000,19.715736,0.000000,19.715736,17.115736,14.982767,79.376068,24.000000,23.899424,1.000000,0.000000,0.000000,0.000000
-105.264282,-110.781036,-115.225159,0.000000,19.940588,0.000000,19.940588,17.340588,15.377163,81.579193,8.000000,22.166983,1.000000,0.000000,0.000000,0.000000
-90.064026,-104.662064,-111.282898,0.000000,18.839172,0.000000,18.839172,16.239172,15.668283,83.733627,8.000000,15.521751,1.000000,0.000000,0.000000,0.000000
-116.693184,-108.485435,-110.238853,0.000000,19.527380,0.000000,19.527380,16.927380,15.882006,85.865105,1.000000,8.807049,1.000000,0.000000,0.000000,0.000000
-94.540024,-101.328995,-106.913597,0.000000,18.239220,0.000000,18.239220,15.639219,15.945600,87.963249,4.000000,2.595656,1.000000,0.000000,0.000000,0.000000
-71.846558,-91.908875,-101.313667,0.000000,16.543598,0.000000,16.543598,13.943598,15.925214,89.895630,-1.000000,1.069407,1.000000,0.000000,0.000000,0.000000
-65.272461,-85.517509,-95.418365,0.000000,15.393152,0.000000,15.393152,12.793152,15.813832,91.669891,-9.000000,-1.712706,1.000000,0.000000,0.000000,0.000000
-118.414047,-97.588783,-96.228386,0.000000,17.565981,0.000000,17.565981,14.965981,15.706145,93.500954,-14.000000,0.409468,1.000000,0.000000,0.000000,0.000000
-45.232330,-77.968628,-89.413643,0.000000,14.034353,0.000000,14.034353,11.434353,15.535972,95.256531,-2.000000,-7.146165,1.000000,0.000000,0.000000,0.000000
-59.650635,-76.423836,-84.565704,0.000000,13.756291,0.000000,13.756291,11.156292,15.350756,96.800453,-19.000000,-8.717621,1.000000,0.000000,0.000000,0.000000
-73.410011,-77.699493,-82.003159,0.000000,13.985909,0.000000,13.985909,11.385910,15.030650,98.341690,-19.000000,-12.712636,1.000000,0.000000,0.000000,0.000000
-23.315689,-61.832771,-74.475349,0.000000,11.129899,0.000000,11.129899,8.529900,14.656322,99.737015,-16.000000,-15.160430,1.000000,0.000000,0.000000,0.000000
-25.315243,-56.448929,-67.747688,0.000000,10.160808,0.000000,10.160808,7.560808,14.189689,100.919830,-28.000000,-15.101076,1.000000,0.000000,0.000000,0.000000
-43.637012,-57.313953,-63.853703,0.000000,10.316512,0.000000,10.316512,7.716512,13.736296,102.057457,-31.000000,-17.445690,1.000000,0.000000,0.000000,0.000000
-28.003481,-49.927555,-58.656311,0.000000,8.986960,0.000000,8.986960,6.386961,13.112062,103.129875,-27.000000,-22.711943,1.000000,0.000000,0.000000,0.000000
-47.703922,-51.617001,-56.029163,0.000000,9.291060,0.000000,9.291060,6.691061,12.440949,104.145317,-30.000000,-25.979740,1.000000,0.000000,0.000000,0.000000
-18.687593,-42.379345,-50.934902,0.000000,7.628283,0.000000,7.628283,5.028283,11.891415,105.085281,-26.000000,-23.464600,1.000000,0.000000,0.000000,0.000000
-0.382188,-33.031219,-44.253052,0.000000,5.945620,0.000000,5.945620,3.345620,11.383313,105.839386,-32.000000,-20.879530,1.000000,0.000000,0.000000,0.000000
-33.826138,-37.629101,-41.780922,0.000000,6.773238,0.000000,6.773238,4.173238,10.768532,106.545990,-37.000000,-22.563845,1.000000,0.000000,0.000000,0.000000
-35.708366,-36.939850,-39.974182,0.000000,6.649173,0.000000,6.649173,4.049173,10.250509,107.291679,-30.000000,-23.356718,1.000000,0.000000,0.000000,0.000000
-40.085102,-36.914719,-38.832355,0.000000,6.644650,0.000000,6.644650,4.044650,9.704247,108.030228,-28.000000,-19.966291,1.000000,0.000000,0.000000,0.000000
3.387708,-24.053106,-33.316578,0.000000,4.329559,0.000000,4.329559,1.729559,9.240499,108.639908,-26.000000,-16.603270,1.000000,0.000000,0.000000,0.000000
31.705814,-13.575048,-25.948822,0.000000,2.443509,0.000000,2.443509,-0.156491,8.781329,109.016190,-35.000000,-19.337389,1.000000,0.000000,0.000000,0.000000
39.297462,-6.916550,-18.845768,0.000000,1.244979,0.000000,1.244979,-1.355021,8.270548,109.221107,-42.000000,-24.400574,1.000000,0.000000,0.000000,0.000000
-25.292662,-18.493103,-18.714149,0.000000,3.328759,0.000000,3.328759,0.728759,7.594340,109.475204,-45.000000,-33.082672,1.000000,0.000000,0.000000,0.000000
24.915182,-3.272586,-12.951188,0.000000,0.589065,0.000000,0.589065,-2.010934,6.781921,109.692863,-30.000000,-36.975266,1.000000,0.000000,0.000000,0.000000
34.363605,2.785913,-7.077929,0.000000,-0.501464,0.000000,-0.501464,-3.101464,6.019234,109.697731,-40.000000,-35.832905,1.000000,0.000000,0.000000,0.000000
17.015341,1.973884,-3.699693,0.000000,-0.355299,0.000000,-0.355299,-2.955299,5.183662,109.650131,-41.000000,-40.453133,1.000000,0.000000,0.000000,0.000000
22.979530,4.813104,-0.522624,0.000000,-0.866359,0.000000,-0.866359,-3.466359,4.340664,109.582260,-36.000000,-38.802654,1.000000,0.000000,0.000000,0.000000
41.870354,12.530939,4.349109,0.000000,-2.255569,0.000000,-2.255569,-4.855569,3.542758,109.408821,-35.000000,-33.207550,1.000000,0.000000,0.000000,0.000000
47.054516,17.386576,9.214834,0.000000,-3.129584,0.000000,-3.129584,-5.729584,2.833406,109.109650,-38.000000,-32.144562,1.000000,0.000000,0.000000,0.000000
69.038101,26.798500,15.777252,0.000000,-4.823730,0.000000,-4.823730,-7.423730,2.117183,108.667801,-39.000000,-36.343735,1.000000,0.000000,0.000000,0.000000
40.608608,23.762753,18.757528,0.000000,-4.277296,0.000000,-4.277296,-6.877295,1.412518,108.162186,-44.000000,-40.479950,1.000000,0.000000,0.000000,0.000000
41.796410,26.990824,21.830284,0.000000,-4.858348,0.000000,-4.858348,-7.458348,0.456170,107.654648,-37.000000,-44.562317,1.000000,0.000000,0.000000,0.000000
5.159195,18.592155,20.621778,0.000000,-3.346588,0.000000,-3.346588,-5.946588,-0.457659,107.198814,-35.000000,-43.515553,1.000000,0.000000,0.000000,0.000000
43.205006,26.510267,22.819427,0.000000,-4.771848,0.000000,-4.771848,-7.371848,-1.269696,106.747787,-23.000000,-42.368195,1.000000,0.000000,0.000000,0.000000
37.178688,27.584036,24.597631,0.000000,-4.965127,0.000000,-4.965127,-7.565126,-2.065442,106.206848,-26.000000,-36.627991,1.000000,0.000000,0.000000,0.000000
28.043900,24.639002,24.613071,0.000000,-4.435020,0.000000,-4.435020,-7.035020,-2.724873,105.684616,-24.000000,-35.428261,1.000000,0.000000,0.000000,0.000000
30.085665,24.488085,24.566425,0.000000,-4.407856,0.000000,-4.407856,-7.007855,-3.401477,105.193344,-18.000000,-29.250355,1.000000,0.000000,0.000000,0.000000
41.796951,27.154974,25.532499,0.000000,-4.887896,0.000000,-4.887896,-7.487895,-3.977231,104.676910,-15.000000,-24.484159,1.000000,0.000000,0.000000,0.000000
49.451591,29.788147,27.120754,0.000000,-5.361866,0.000000,-5.361866,-7.961866,-4.506295,104.107483,-15.000000,-25.184729,1.000000,0.000000,0.000000,0.000000
16.358192,22.322962,25.330166,0.000000,-4.018133,0.000000,-4.018133,-6.618133,-4.937944,103.586372,-15.000000,-23.241335,1.000000,0.000000,0.000000,0.000000
18.547157,22.178156,24.153801,0.000000,-3.992068,0.000000,-3.992068,-6.592068,-5.354548,103.141357,-6.000000,-24.058651,1.000000,0.000000,0.000000,0.000000
10.644652,19.418386,22.386492,0.000000,-3.495310,0.000000,-3.495310,-6.095309,-5.734117,102.725395,-4.000000,-21.199217,1.000000,0.000000,0.000000,0.000000
44.159306,27.195446,24.181246,0.000000,-4.895181,0.000000,-4.895181,-7.495181,-6.061628,102.259254,0.000000,-17.872625,1.000000,0.000000,0.000000,0.000000
37.490345,26.355858,24.992834,0.000000,-4.744055,0.000000,-4.744055,-7.344055,-6.436010,101.723740,-5.000000,-19.637440,1.000000,0.000000,0.000000,0.000000
17.496479,20.416109,23.284750,0.000000,-3.674900,0.000000,-3.674900,-6.274899,-6.844360,101.256020,-2.000000,-22.005028,1.000000,0.000000,0.000000,0.000000
52.494400,29.178692,25.484434,0.000000,-5.252165,0.000000,-5.252165,-7.852165,-7.272982,100.760071,4.000000,-23.309999,1.000000,0.000000,0.000000,0.000000
22.899406,24.955458,25.287014,0.000000,-4.491982,0.000000,-4.491982,-7.091982,-7.704467,100.218727,-1.000000,-19.426258,1.000000,0.000000,0.000000,0.000000
14.107877,21.564140,23.897596,0.000000,-3.881545,0.000000,-3.881545,-6.481545,-8.106601,99.753532,4.000000,-20.657373,1.000000,0.000000,0.000000,0.000000
32.362873,24.189241,24.006441,0.000000,-4.354064,0.000000,-4.354064,-6.954063,-8.539387,99.295998,9.000000,-21.603102,1.000000,0.000000,0.000000,0.000000
-3.505069,11.438206,19.315838,0.000000,-2.058877,0.000000,-2.058877,-4.658877,-8.956285,98.939720,9.000000,-16.722834,1.000000,0.000000,0.000000,0.000000
47.395996,27.024868,22.192932,0.000000,-4.864476,0.000000,-4.864476,-7.464476,-9.242419,98.555092,22.000000,-15.143097,1.000000,0.000000,0.000000,0.000000
14.175014,16.381144,20.023909,0.000000,-2.948606,0.000000,-2.948606,-5.548606,-9.479429,98.121033,9.000000,-5.612978,1.000000,0.000000,0.000000,0.000000
-5.897191,10.004768,16.284655,0.000000,-1.800858,0.000000,-1.800858,-4.400858,-9.512668,97.857170,19.000000,-8.976448,1.000000,0.000000,0.000000,0.000000
32.616440,19.623569,17.530775,0.000000,-3.532243,0.000000,-3.532243,-6.132242,-9.604386,97.560890,25.000000,-3.341571,1.000000,0.000000,0.000000,0.000000
3.540281,12.214020,15.546503,0.000000,-2.198524,0.000000,-2.198524,-4.798524,-9.583844,97.242516,17.000000,-2.244073,1.000000,0.000000,0.000000,0.000000
7.295907,10.301346,13.588953,0.000000,-1.854242,0.000000,-1.854242,-4.454242,-9.526853,97.017365,23.000000,0.860490,1.000000,0.000000,0.000000,0.000000
19.630068,13.343613,13.497389,0.000000,-2.401850,0.000000,-2.401850,-5.001850,-9.379492,96.780914,24.000000,4.240602,1.000000,0.000000,0.000000,0.000000
5.108933,8.171056,11.509542,0.000000,-1.470790,0.000000,-1.470790,-4.070790,-9.217713,96.565765,20.000000,5.536800,1.000000,0.000000,0.000000,0.000000
7.298429,8.440717,10.364223,0.000000,-1.519329,0.000000,-1.519329,-4.119329,-9.059751,96.399651,24.000000,1.467541,1.000000,0.000000,0.000000,0.000000
-1.685513,5.241621,8.452412,0.000000,-0.943492,0.000000,-0.943492,-3.543492,-8.970237,96.262825,24.000000,3.045961,1.000000,0.000000,0.000000,0.000000
2.046897,5.871228,7.489085,0.000000,-1.056821,0.000000,-1.056821,-3.656821,-8.920505,96.151695,26.000000,1.881907,1.000000,0.000000,0.000000,0.000000
6.986323,6.872176,7.258848,0.000000,-1.236992,0.000000,-1.236992,-3.836992,-8.804168,96.024261,25.000000,5.764259,1.000000,0.000000,0.000000,0.000000
-13.341265,0.322628,4.670175,0.000000,-0.058073,0.000000,-0.058073,-2.658073,-8.633558,95.952316,23.000000,8.832244,1.000000,0.000000,0.000000,0.000000
18.082752,7.975165,5.903634,0.000000,-1.435530,0.000000,-1.435530,-4.035530,-8.408822,95.869339,28.000000,12.328738,1.000000,0.000000,0.000000,0.000000
5.863891,4.228509,5.278459,0.000000,-0.761132,0.000000,-0.761132,-3.361132,-8.133048,95.747299,20.000000,14.281305,1.000000,0.000000,0.000000,0.000000
-12.862940,-3.375603,2.048667,0.000000,0.607609,0.000000,0.607609,-1.992391,-7.892318,95.738770,22.000000,14.323829,1.000000,0.000000,0.000000,0.000000
-20.481457,-6.338409,-1.081482,0.000000,0.129778,0.000433,0.130210,-2.469790,-7.633865,95.835907,28.000000,11.382395,2.000000,0.000000,1.000000,0.000000
-27.856483,-11.436409,-4.946055,0.000000,0.593527,0.002411,0.595938,-2.004062,-7.363322,96.013657,24.000000,16.013672,2.000000,0.000000,1.000000,0.000000
6.360157,-3.979095,-4.585175,0.000000,0.550221,0.004245,0.554466,-2.045534,-6.942226,96.167809,24.000000,16.927238,2.000000,0.000000,1.000000,0.000000
7.763528,-1.833606,-3.558259,0.000000,0.426991,0.005668,0.432659,-2.167341,-6.614155,96.225937,22.000000,13.960401,2.000000,0.000000,1.000000,0.000000
-35.097267,-12.583757,-6.926674,0.000000,0.831201,0.008439,0.839640,-1.760360,-6.341352,96.370110,20.000000,10.483191,2.000000,0.000000,1.000000,0.000000
-22.634619,-12.188908,-8.890597,0.000000,1.066872,0.011995,1.078867,-1.521133,-6.161956,96.617836,21.000000,9.627053,2.000000,0.000000,1.000000,0.000000
-25.055841,-14.595769,-11.019831,0.000000,1.322380,0.016403,1.338783,-1.261217,-5.974023,96.885681,22.000000,6.582631,2.000000,0.000000,1.000000,0.000000
-27.606157,-16.739916,-13.154630,0.000000,1.578556,0.021665,1.600221,-0.999779,-5.788924,97.199036,22.000000,8.089425,2.000000,0.000000,1.000000,0.000000
-57.276989,-28.071222,-18.721666,0.000000,2.246600,0.029154,2.275754,-0.324246,-5.638367,97.647148,23.000000,6.766625,2.000000,0.000000,1.000000,0.000000
-24.131474,-23.824305,-20.626026,0.000000,2.475123,0.037404,2.512527,-0.087473,-5.614057,98.166107,26.000000,0.579493,2.000000,0.000000,1.000000,0.000000
-28.188509,-25.223160,-22.341726,0.000000,2.681007,0.046341,2.727348,0.127348,-5.447232,98.656578,26.000000,3.157671,2.000000,0.000000,1.000000,0.000000
6.940281,-16.644722,-20.215542,0.000000,2.425865,0.054427,2.480292,-0.119708,-5.312487,99.075256,27.000000,8.388042,2.000000,0.000000,1.000000,0.000000
-58.087296,-33.135792,-25.037521,0.000000,3.004503,0.064442,3.068945,0.468945,-5.116196,99.573059,24.000000,12.668156,2.000000,0.000000,1.000000,0.000000
8.769822,-16.707870,-21.928804,0.000000,2.631456,0.073214,2.704670,0.104670,-4.902306,100.071495,26.000000,12.377255,2.000000,0.000000,1.000000,0.000000
-57.782703,-34.618076,-26.664581,0.000000,3.199750,0.083879,3.283629,0.683629,-4.690882,100.584755,23.000000,12.136962,2.000000,0.000000,1.000000,0.000000
-60.586685,-37.416367,-30.677265,0.000000,3.681272,0.096150,3.777422,1.177422,-4.457397,101.305099,25.000000,9.769234,2.000000,0.000000,1.000000,0.000000
-22.013035,-29.419804,-30.207966,0.000000,3.624956,0.108234,3.733189,1.133189,-4.259971,101.973465,27.000000,9.364878,2.000000,0.000000,1.000000,0.000000
-83.573296,-46.122414,-36.147411,0.000000,4.337689,0.122692,4.460382,1.860382,-4.008850,102.728889,25.000000,13.803682,2.000000,0.000000,1.000000,0.000000
-18.819925,-32.105431,-34.638901,0.000000,4.156668,0.136548,4.293216,1.693216,-3.683966,103.511169,27.000000,17.766769,2.000000,0.000000,1.000000,0.000000
-14.501108,-29.389160,-32.679642,0.000000,3.921557,0.149620,4.071177,1.471177,-3.356894,104.126114,25.000000,14.913242,2.000000,0.000000,1.000000,0.000000
-45.294437,-37.014507,-34.297462,0.000000,4.115695,0.163339,4.279035,1.679035,-3.077373,104.790154,22.000000,11.280752,2.000000,0.000000,1.000000,0.000000
-29.233068,-32.758804,-33.723217,0.000000,4.046786,0.176828,4.223614,1.623614,-2.890144,105.487885,22.000000,7.665156,2.000000,0.000000,1.000000,0.000000
-35.511776,-34.585651,-34.045086,0.000000,4.085410,0.190446,4.275856,1.675857,-2.731014,106.161331,21.000000,9.250477,2.000000,0.000000,1.000000,0.000000
-38.183601,-34.801273,-34.327305,0.000000,4.119277,0.204177,4.323454,1.723454,-2.619618,106.855202,21.000000,9.949614,2.000000,0.000000,1.000000,0.000000
-24.126158,-31.711329,-33.350994,0.000000,4.002119,0.217518,4.219636,1.619637,-2.466573,107.520325,20.000000,6.868080,2.000000,0.000000,1.000000,0.000000
-38.755081,-35.268368,-34.066578,0.000000,4.087989,0.231144,4.319134,1.719134,-2.322090,108.190125,19.000000,8.400803,2.000000,0.000000,1.000000,0.000000
-68.293327,-44.286423,-37.880737,0.000000,4.545688,0.246296,4.791985,2.191985,-2.260736,108.985672,19.000000,8.013608,2.000000,0.000000,1.000000,0.000000
-8.128727,-30.080627,-34.969650,0.000000,4.196358,0.260284,4.456642,1.856642,-2.126725,109.729340,21.000000,8.452997,2.000000,0.000000,1.000000,0.000000
-51.678402,-40.465519,-37.020767,0.000000,4.442492,0.275093,4.717585,2.117585,-2.030305,110.434799,19.000000,8.416975,2.000000,0.000000,1.000000,0.000000
-48.659691,-39.440498,-37.923836,0.000000,4.550860,0.290262,4.841123,2.241123,-1.846652,111.233856,19.000000,7.222174,2.000000,0.000000,1.000000,0.000000
-29.941521,-34.878765,-36.787380,0.000000,4.414485,0.304977,4.719462,2.119462,-1.729704,111.977051,19.000000,6.799202,2.000000,0.000000,1.000000,0.000000
-48.927044,-39.527534,-37.810036,0.000000,4.537204,0.320101,4.857306,2.257306,-1.592553,112.721115,18.000000,4.346420,2.000000,0.000000,1.000000,0.000000
-18.133406,-32.341843,-35.769245,0.000000,4.292309,0.334409,4.626718,2.026718,-1.433296,113.439812,18.000000,11.473617,2.000000,0.000000,1.000000,0.000000
-27.097982,-33.202385,-34.811264,23.700001,7.021352,0.001975,8.208327,5.608327,-1.273658,114.095253,16.000000,2.957788,0.000000,0.000000,1.000000,1.185000
-0.404663,-25.748230,-31.428841,31.000000,7.491461,0.008817,9.050278,6.450278,-1.185732,114.684761,33.000000,5.896640,0.000000,0.000000,1.000000,1.550000
-43.638622,-34.509857,-32.578709,52.000000,10.149445,0.012039,12.761483,10.161484,-1.044864,115.287338,37.000000,9.940851,0.000000,0.000000,1.000000,2.600000
-64.293793,-41.413628,-35.875999,58.900002,11.373120,0.023027,14.341148,11.741148,-0.721962,116.046570,54.000000,20.964457,0.000000,0.000000,1.000000,2.945000
-26.975420,-33.099270,-34.839695,80.900002,13.888763,0.027236,17.960999,15.360998,-0.178003,116.791702,59.000000,31.796883,0.000000,0.000000,1.000000,4.045000
-35.688171,-34.185158,-34.595413,87.700005,14.675449,0.041624,19.102074,16.502073,0.585247,117.464546,74.000000,42.432407,0.000000,0.000000,1.000000,4.385000
-10.098771,-27.005859,-31.762909,100.000000,15.811549,0.050194,20.000000,17.400000,1.537521,118.076454,75.000000,49.042973,0.000000,0.000000,1.000000,5.000000
-0.736803,-22.829342,-28.428802,100.000000,15.411456,0.101565,20.000000,17.400000,2.649158,118.574806,74.000000,57.965252,0.000000,0.000000,1.000000,5.000000
-32.368679,-29.348186,-28.771927,100.000000,15.452631,0.153074,20.000000,17.400000,3.901443,119.096581,67.000000,64.595634,0.000000,0.000000,1.000000,5.000000
-31.074909,-29.196972,-28.930559,100.000000,15.471666,0.204646,20.000000,17.400000,5.249540,119.682030,61.000000,63.362560,0.000000,0.000000,1.000000,5.000000
-19.730309,-25.933077,-27.811867,100.000000,15.337423,0.255771,20.000000,17.400000,6.453952,120.233330,55.000000,56.436188,0.000000,0.000000,1.000000,5.000000
-57.331337,-34.040771,-30.136562,100.000000,15.616387,0.307825,20.000000,17.400000,7.432764,120.833069,50.000000,49.723331,0.000000,0.000000,1.000000,5.000000
-49.222691,-33.328098,-31.327679,100.000000,15.759321,0.360356,20.000000,17.400000,8.265015,121.506760,45.000000,43.219154,0.000000,0.000000,1.000000,5.000000
-28.431374,-28.353003,-30.217497,100.000000,15.626100,0.412443,20.000000,17.400000,8.990367,122.123573,42.000000,36.951832,0.000000,0.000000,1.000000,5.000000
5.715191,-18.380821,-25.799919,100.000000,15.095990,0.462763,20.000000,17.400000,9.686574,122.590912,38.000000,35.079468,0.000000,0.000000,1.000000,5.000000
-8.756102,-18.767439,-23.175320,100.000000,14.781038,0.512034,20.000000,17.400000,10.351837,122.962395,35.000000,34.998844,0.000000,0.000000,1.000000,5.000000
-33.371983,-23.079542,-23.139574,100.000000,14.776749,0.561289,20.000000,17.400000,10.904122,123.380867,32.000000,28.601217,0.000000,0.000000,1.000000,5.000000
-9.961487,-16.778345,-20.765493,100.000000,14.491859,0.609596,20.000000,17.400000,11.412732,123.779449,30.000000,25.219263,0.000000,0.000000,1.000000,5.000000
-14.849602,-15.884364,-18.943802,100.000000,14.273256,0.657173,19.930429,17.330429,11.841290,124.106079,27.000000,23.197300,0.000000,0.000000,1.000000,5.000000
17.180050,-5.287403,-13.847084,100.000000,13.661650,0.702712,19.364361,16.764360,12.164965,124.317795,26.000000,17.291170,0.000000,0.000000,1.000000,5.000000
22.273680,-0.302114,-8.791952,100.000000,13.055035,0.746229,18.801264,16.201263,12.369756,124.373688,22.000000,12.540163,0.000000,0.000000,1.000000,5.000000
3.188334,-1.439536,-6.047950,100.000000,12.725754,0.788648,18.514400,15.914400,12.563089,124.391106,18.000000,7.548426,0.000000,0.000000,1.000000,5.000000
15.935524,3.271677,-2.569763,100.000000,12.308372,0.829676,18.138046,15.538046,12.583408,124.372787,16.000000,3.091100,0.000000,0.000000,1.000000,5.000000
18.022890,6.423395,0.786583,100.000000,11.905610,0.869361,17.774971,15.174971,12.594406,124.275833,14.000000,-0.150477,0.000000,0.000000,1.000000,5.000000
8.994458,6.484285,2.913028,100.000000,11.650436,0.908196,17.558632,14.958632,12.532047,124.146759,13.000000,-7.228962,0.000000,0.000000,1.000000,5.000000
21.198776,10.943277,5.910006,100.000000,11.290799,0.945832,17.236631,14.636631,12.387944,123.972481,12.000000,-9.490494,0.000000,0.000000,1.000000,5.000000
46.456902,20.442585,11.333724,100.000000,10.639953,0.981299,16.621250,14.021250,12.220662,123.658623,12.000000,-6.614275,0.000000,0.000000,1.000000,5.000000
29.471897,19.468348,14.369655,100.000000,10.275641,1.015551,16.291191,13.691191,11.994351,123.259514,10.000000,-5.150725,0.000000,0.000000,1.000000,5.000000
52.570187,27.866325,19.406761,100.000000,9.671188,1.047788,15.718976,13.118977,11.693781,122.786163,10.000000,-6.917353,0.000000,0.000000,1.000000,5.000000
49.267223,31.118343,23.777653,100.000000,9.146682,1.078277,15.224958,12.624958,11.376357,122.196320,8.000000,-9.752540,0.000000,0.000000,1.000000,5.000000
85.612999,43.319130,31.070747,100.000000,8.271510,1.105849,14.377358,11.777359,11.013877,121.451942,8.000000,-11.465219,0.000000,0.000000,1.000000,5.000000
63.105892,43.110435,35.564091,100.000000,7.732309,1.131623,13.863933,11.263933,10.689439,120.587646,5.000000,-6.951537,0.000000,0.000000,1.000000,5.000000
87.035309,52.570976,41.911247,100.000000,6.970650,1.154858,13.125508,10.525509,10.472505,119.630829,4.000000,-4.878961,0.000000,0.000000,1.000000,5.000000
71.425308,53.110607,46.090973,100.000000,6.469083,1.176422,12.645506,10.045506,10.233364,118.574013,1.000000,-6.148683,0.000000,0.000000,1.000000,5.000000
60.610889,52.122292,48.341927,100.000000,6.198969,1.197085,12.396054,9.796055,10.048384,117.521683,0.000000,-8.615759,0.000000,0.000000,1.000000,5.000000
187.826965,90.539078,64.090370,100.000000,4.309155,1.211449,10.520605,7.920605,9.893023,116.095070,0.000000,-9.422261,0.000000,0.000000,1.000000,5.000000
73.817390,68.640991,65.788712,100.000000,4.105354,1.225134,10.330488,7.730488,9.715477,114.503265,-8.000000,-6.658663,0.000000,0.000000,1.000000,5.000000
48.183296,64.651230,65.364189,100.000000,4.156297,1.238988,10.395286,7.795286,9.514615,113.170341,-8.000000,-10.766278,0.000000,0.000000,1.000000,5.000000
92.224106,75.305389,69.074356,100.000000,3.711077,1.251358,9.962436,7.362436,9.223304,111.770775,-7.000000,-8.554065,0.000000,0.000000,1.000000,5.000000
93.085709,79.451752,72.947311,100.000000,3.246323,1.262179,9.508502,6.908502,8.997621,110.223206,-8.000000,-7.893896,0.000000,0.000000,1.000000,5.000000
74.123489,73.945686,73.319916,100.000000,3.201610,1.272852,9.474462,6.874462,8.847691,108.689232,-9.000000,-9.069832,0.000000,0.000000,1.000000,5.000000
74.195190,74.586487,73.792618,100.000000,3.144886,1.283334,9.428221,6.828221,8.645852,107.203911,-8.000000,-4.803016,0.000000,0.000000,1.000000,5.000000
98.164375,82.996872,77.227745,100.000000,2.732671,1.292443,9.025114,6.425114,8.407469,105.628075,-7.000000,-9.392546,0.000000,0.000000,1.000000,5.000000
76.594391,78.759415,77.799377,100.000000,2.664075,1.301324,8.965399,6.365399,8.155772,104.010513,-8.000000,-12.312961,0.000000,0.000000,1.000000,5.000000
77.838730,79.345085,78.376251,100.000000,2.594850,1.309973,8.904823,6.304823,7.783154,102.429466,-7.000000,-19.417770,0.000000,0.000000,1.000000,5.000000
80.754349,81.345657,79.484467,100.000000,2.461864,1.318179,8.780044,6.180044,7.385547,100.822556,-5.000000,-13.107632,0.000000,0.000000,1.000000,5.000000
105.417168,88.198761,82.736740,100.000000,2.071591,1.325085,8.396676,5.796676,7.028136,99.127113,-4.000000,-10.290372,0.000000,0.000000,1.000000,5.000000
130.401199,97.887482,88.391167,100.000000,1.393060,1.329728,7.722788,5.122788,6.760530,97.266251,-4.000000,-7.298667,0.000000,0.000000,1.000000,5.000000
124.665794,99.328087,92.472946,100.000000,0.903246,1.332739,7.235986,4.635986,6.549094,95.294098,-7.000000,-10.584057,0.000000,0.000000,1.000000,5.000000
120.791641,103.485825,96.583076,100.000000,0.410031,1.334106,6.744137,4.144137,6.327442,93.265961,-8.000000,-14.487158,0.000000,0.000000,1.000000,5.000000
80.714798,93.705429,95.509109,100.000000,0.538907,1.335902,6.874809,4.274809,6.023718,91.294044,-9.000000,-13.839668,0.000000,0.000000,1.000000,5.000000
137.032288,108.470970,100.346619,100.000000,-0.041594,1.335764,6.294169,3.694170,5.748176,89.272278,-7.000000,-9.723345,0.000000,0.000000,1.000000,5.000000
149.105072,116.075081,106.216652,100.000000,-0.745998,1.333277,5.587279,2.987279,5.526740,87.026817,-9.000000,-6.209486,0.000000,0.000000,1.000000,5.000000
151.449173,119.072548,111.014610,100.000000,-1.321753,1.328871,5.007118,2.407118,5.347724,84.675339,-11.000000,-11.028094,0.000000,0.000000,1.000000,5.000000
153.701813,123.826935,115.796310,100.000000,-1.895557,1.322552,4.426995,1.826995,5.122375,82.246346,-13.000000,-14.776419,0.000000,0.000000,1.000000,5.000000
159.548279,129.996735,121.096062,100.000000,-2.531527,1.314114,3.782587,1.182587,4.823264,79.708107,-14.000000,-18.802917,0.000000,0.000000,1.000000,5.000000
186.868088,139.599060,128.001587,100.000000,-3.360190,1.302913,2.942723,0.342723,4.495501,77.012146,-16.000000,-17.891851,0.000000,0.000000,1.000000,5.000000
171.027847,140.594101,132.701248,100.000000,-3.924150,1.289833,2.365683,-0.234317,4.125466,74.210213,-18.000000,-15.443580,0.000000,0.000000,1.000000,5.000000
88.158005,120.934410,128.309738,100.000000,-3.397168,1.278509,2.881341,0.281341,3.741636,71.594925,-19.000000,-19.227507,0.000000,0.000000,1.000000,5.000000
169.102539,140.063187,132.696259,100.000000,-3.923551,1.265430,2.341880,-0.258120,3.320951,68.984947,-15.000000,-23.060816,0.000000,0.000000,1.000000,5.000000
184.626160,147.415955,138.189804,100.000000,-4.582777,1.250154,1.667378,-0.932622,2.919321,66.110153,-15.000000,-22.099047,0.000000,0.000000,1.000000,5.000000
184.286804,150.402954,142.747879,100.000000,-5.129745,1.233055,1.103310,-1.496690,2.477479,63.131966,-16.000000,-21.954159,0.000000,0.000000,1.000000,5.000000
191.564651,156.394699,147.841019,100.000000,-5.740922,1.213919,0.472997,-2.127003,1.994983,60.063988,-17.000000,-21.002365,0.000000,0.000000,1.000000,5.000000
191.888763,158.849518,151.949509,100.000000,-6.233941,1.193139,-0.040802,-2.640802,1.594417,56.911545,-18.000000,-27.077089,0.000000,0.000000,1.000000,5.000000
158.858795,154.614136,152.943970,100.000000,-6.353276,1.171962,-0.181314,-2.781314,0.986467,53.776909,-18.000000,-26.966997,0.000000,0.000000,1.000000,5.000000
101.921165,138.371689,147.505432,100.000000,-5.700652,1.152959,0.452308,-2.147692,0.416455,50.847050,-15.000000,-25.705837,0.000000,0.000000,1.000000,5.000000
176.837296,153.949585,149.910461,100.000000,-5.989255,1.132995,0.143740,-2.456260,-0.121613,47.923836,-10.000000,-29.690331,0.000000,0.000000,1.000000,5.000000
139.024689,147.550461,149.029678,100.000000,-5.883561,1.113383,0.229822,-2.370178,-0.653153,44.908836,-8.000000,-17.346428,0.000000,0.000000,1.000000,5.000000
151.539200,150.919815,149.735092,100.000000,-5.968211,1.093489,0.125278,-2.474721,-1.161799,41.924133,-5.000000,-23.720512,0.000000,0.000000,1.000000,5.000000
185.067047,158.710693,153.084885,100.000000,-6.370186,1.072255,-0.297931,-2.897931,-1.578728,38.827827,-4.000000,-19.383715,0.000000,0.000000,1.000000,5.000000
162.769089,155.504013,153.987732,100.000000,-6.478528,1.050660,-0.427867,-3.027867,-1.961912,35.685680,-4.000000,-20.570393,0.000000,0.000000,1.000000,5.000000
176.970032,157.650711,155.354797,100.000000,-6.642576,1.028518,-0.614058,-3.214057,-2.333348,32.554134,-3.000000,-14.914441,0.000000,0.000000,1.000000,5.000000
108.655205,141.074326,150.025162,100.000000,-6.003019,1.008508,0.005489,-2.594511,-2.610647,29.566883,-2.000000,-16.039982,0.000000,0.000000,1.000000,5.000000
165.181229,153.274490,151.237854,100.000000,-6.148542,0.988013,-0.160529,-2.760529,-2.924167,26.623394,1.000000,-13.101692,0.000000,0.000000,1.000000,5.000000
211.087891,165.936035,156.723373,100.000000,-6.806805,0.965324,-0.841481,-3.441481,-3.163721,23.431290,2.000000,-14.461631,0.000000,0.000000,1.000000,5.000000
225.508148,174.540741,163.373016,100.000000,-7.604762,0.939975,-1.664787,-4.264787,-3.499596,20.026522,0.000000,-21.441645,0.000000,0.000000,1.000000,5.000000
168.764404,164.095993,163.642838,100.000000,-7.637140,0.914517,-1.722623,-4.322623,-3.808783,16.640154,-2.000000,-11.402136,0.000000,0.000000,1.000000,5.000000
145.503540,156.971130,161.152878,100.000000,-7.338345,0.890056,-1.448289,-4.048289,-4.026017,13.429482,-1.000000,-8.589282,0.000000,0.000000,1.000000,5.000000
123.872780,148.428024,156.403824,100.000000,-6.768459,0.867495,-0.900964,-3.500964,-4.224614,10.375491,0.000000,-13.020243,0.000000,0.000000,1.000000,5.000000
149.471298,156.691055,156.511017,100.000000,-6.781322,0.844890,-0.936432,-3.536432,-4.470100,7.324301,4.000000,-11.824635,0.000000,0.000000,1.000000,5.000000
191.764801,164.491699,159.489502,100.000000,-7.138740,0.821095,-1.317646,-3.917645,-4.741677,4.112473,6.000000,-8.633059,0.000000,0.000000,1.000000,5.000000
214.197723,174.419479,165.061539,100.000000,-7.807384,0.795070,-2.012315,-4.612315,-4.873855,0.723362,4.000000,-5.139985,0.000000,0.000000,1.000000,5.000000
184.764923,168.911346,166.498337,100.000000,-7.979800,0.768471,-2.211329,-4.811329,-4.931475,-2.709946,1.000000,-0.450453,0.000000,0.000000,1.000000,5.000000
170.711487,167.469574,166.860809,100.000000,-8.023297,0.741726,-2.281571,-4.881571,-4.987998,-6.073755,0.000000,-1.147163,0.000000,0.000000,1.000000,5.000000
191.295486,170.396683,168.180435,100.000000,-8.181652,0.714454,-2.467198,-5.067198,-5.092206,-9.452417,1.000000,-5.402624,0.000000,0.000000,1.000000,5.000000
153.231628,162.469574,166.049072,100.000000,-7.925889,0.688034,-2.237854,-4.837854,-5.188534,-12.781080,0.000000,-9.289488,0.000000,0.000000,1.000000,5.000000
164.042191,164.016479,165.290482,100.000000,-7.834857,0.661918,-2.172939,-4.772939,-5.349472,-16.045940,2.000000,-6.124969,0.000000,0.000000,1.000000,5.000000
113.804291,149.968155,159.572021,100.000000,-7.148643,0.638089,-1.510553,-4.110553,-5.394607,-19.185787,3.000000,-6.013278,0.000000,0.000000,1.000000,5.000000
143.736557,153.826935,157.427887,100.000000,-6.891346,0.615118,-1.276228,-3.876228,-5.440637,-22.223738,6.000000,-5.542349,0.000000,0.000000,1.000000,5.000000
-3.764177,109.541702,139.556244,100.000000,-4.746749,0.599296,0.852547,-1.747453,-5.371743,-24.857424,7.000000,2.050136,0.000000,0.000000,1.000000,5.000000
6.073205,99.081970,124.450798,100.000000,-2.934096,0.589515,2.655420,0.055420,-5.296640,-26.943661,17.000000,3.921770,0.000000,0.000000,1.000000,5.000000
-5.164040,86.125641,110.147430,100.000000,-1.217692,0.585456,4.367765,1.767765,-5.102729,-28.795736,25.000000,14.616129,0.000000,0.000000,1.000000,5.000000
4.767884,79.872871,98.848633,100.000000,0.138164,0.585917,5.724081,3.124081,-4.830124,-30.455721,33.000000,14.968596,0.000000,0.000000,1.000000,5.000000
24.811783,77.296326,90.805077,100.000000,1.103391,0.589595,6.692986,4.092986,-4.402018,-32.027412,37.000000,22.257221,0.000000,0.000000,1.000000,5.000000
56.927895,80.993820,87.143410,100.000000,1.542791,0.594738,7.137528,4.537529,-3.787214,-33.610313,39.000000,29.027821,0.000000,0.000000,1.000000,5.000000
39.138569,70.055801,80.766129,100.000000,2.308064,0.602431,7.910496,5.310496,-3.134004,-35.120811,38.000000,33.881908,0.000000,0.000000,1.000000,5.000000
19.453140,59.289852,72.750946,97.300003,2.945887,0.609705,8.420592,5.820592,-2.415901,-36.414268,38.000000,31.195297,0.000000,0.000000,1.000000,4.865000
62.128788,66.974609,70.595154,96.000000,3.048581,0.619867,8.468449,5.868449,-1.759128,-37.676914,38.000000,34.463844,0.000000,0.000000,1.000000,4.800000
106.243446,80.084618,74.136726,-29.300001,-12.412407,0.619206,-13.258201,-15.858200,-1.198090,-39.147507,35.000000,26.533117,0.000000,0.000000,1.000000,-1.465000
28.347832,60.624390,69.093773,0.000000,-8.291252,0.617320,-7.673932,-10.273932,-0.714797,-40.554596,-75.000000,16.940395,0.000000,20.000002,1.000000,0.000000
35.552895,56.299690,64.318878,48.799999,-1.862265,0.617066,1.194800,-1.405200,-0.791106,-41.723835,-47.000000,-21.508068,0.000000,0.000000,1.000000,2.440000
-11.715137,42.521107,56.183708,-46.100002,-12.274045,0.616203,-13.962842,-16.562841,-1.450903,-42.712044,0.000000,-43.889084,0.000000,0.000000,1.000000,-2.305000
-89.601860,14.970142,40.802353,43.500000,0.323718,0.616227,3.114945,0.514945,-2.325881,-43.286957,-71.000000,-43.011639,0.000000,0.000000,1.000000,2.175000
-70.942108,7.503653,28.374912,-36.600002,-7.796989,0.615578,-9.011411,-11.611410,-3.267893,-43.511696,19.000000,-50.752499,0.000000,0.000000,1.000000,-1.830000
-73.307449,-2.270750,16.937614,29.300001,1.483486,0.615729,3.564215,0.964215,-4.120730,-43.564026,-37.000000,-35.448780,0.000000,0.000000,1.000000,1.465000
-63.937389,-6.269732,8.276378,-18.100000,-3.165165,0.615283,-3.454882,-6.054882,-4.764377,-43.478622,28.000000,-26.937645,0.000000,0.000000,1.000000,-0.905000
-26.897648,-1.012051,4.809834,-14.200000,-2.281180,0.611384,-2.379796,-4.979796,-5.106287,-43.405804,-4.000000,-8.228774,0.000000,0.000000,1.000000,-0.710000
-16.455389,-1.409940,2.488546,21.500000,2.281374,0.611810,3.968184,1.368185,-5.120737,-43.381584,0.000000,-5.920156,0.000000,0.000000,1.000000,1.075000
-1.178793,-1.809248,0.884562,16.100000,1.825853,0.614064,3.244917,0.644917,-5.197075,-43.349392,32.000000,2.183671,0.000000,0.000000,1.000000,0.805000
-6.916270,-5.314062,-1.428833,0.000000,0.171460,0.614135,0.785595,-1.814405,-5.106996,-43.278160,28.000000,4.302103,0.000000,20.000002,1.000000,0.000000
13.976669,0.561785,-0.685912,10.200000,1.306309,0.614989,2.431298,-0.168702,-4.867564,-43.230637,15.000000,18.384260,0.000000,0.000000,1.000000,0.510000
28.846523,9.473162,3.105566,6.300000,0.383332,0.615644,1.313976,-1.286024,-4.615707,-43.330986,22.000000,13.484921,0.000000,0.000000,1.000000,0.315000
80.717117,24.854891,11.222653,0.000000,-1.346718,0.614219,-0.732499,-3.332499,-4.291728,-43.674267,15.000000,15.412079,0.000000,20.000002,1.000000,0.000000
153.172882,48.680992,25.202518,0.000000,-3.024302,0.604138,-2.420164,-5.020164,-3.961002,-44.409626,3.000000,14.926712,0.000000,40.000004,1.000000,0.000000
157.686234,60.556610,38.397057,0.000000,-10.900190,0.000000,-10.900190,-13.500191,-3.758498,-45.502003,-6.000000,6.082647,1.000000,0.000000,0.000000,0.000000
133.001343,62.179672,47.272991,0.000000,-11.192342,0.000000,-11.192342,-13.792341,-3.722217,-46.729366,-48.000000,-5.326269,1.000000,0.000000,0.000000,0.000000
157.711548,77.069443,58.393356,0.000000,-13.872500,0.000000,-13.872500,-16.472500,-4.068225,-48.121857,-48.000000,-32.068623,1.000000,0.000000,0.000000,0.000000
112.038925,70.624908,62.958305,0.000000,-12.712484,0.000000,-12.712484,-15.312485,-4.919166,-49.598801,-57.000000,-46.338398,1.000000,0.000000,0.000000,0.000000
105.133759,71.201691,66.034828,0.000000,-12.816305,0.000000,-12.816305,-15.416306,-5.942760,-51.017067,-46.000000,-58.071793,1.000000,0.000000,0.000000,0.000000
190.383423,97.573212,77.805298,0.000000,-17.563179,0.000000,-17.563179,-20.163179,-7.057330,-52.704815,-41.000000,-55.059784,1.000000,0.000000,0.000000,0.000000
130.015213,88.853058,81.928444,0.000000,-15.993551,0.000000,-15.993551,-18.593552,-8.088973,-54.569077,-60.000000,-53.927498,1.000000,0.000000,0.000000,0.000000
137.713715,96.375008,87.320061,0.000000,-17.347502,0.000000,-17.347502,-19.947502,-9.192196,-56.421356,-46.000000,-58.566673,1.000000,0.000000,0.000000,0.000000
127.121376,95.292267,90.295380,0.000000,-17.152609,0.000000,-17.152609,-19.752609,-10.370461,-58.338028,-47.000000,-61.526333,1.000000,0.000000,0.000000,0.000000
126.292786,95.491432,92.234604,0.000000,-17.188459,0.000000,-17.188459,-19.788460,-11.557345,-60.245865,-40.000000,-56.173485,1.000000,0.000000,0.000000,0.000000
177.230209,110.512306,99.056046,0.000000,-19.892216,0.000000,-19.892216,-22.492216,-12.579865,-62.305901,-36.000000,-49.358284,1.000000,0.000000,0.000000,0.000000
109.067902,97.445183,98.454857,0.000000,-17.540134,0.000000,-17.540134,-20.140135,-13.447068,-64.385475,-45.000000,-41.595211,1.000000,0.000000,0.000000,0.000000
103.535950,95.312019,97.281914,0.000000,-17.156164,0.000000,-17.156164,-19.756165,-14.292581,-66.313049,-29.000000,-41.519749,1.000000,0.000000,0.000000,0.000000
116.514740,102.881958,99.371910,0.000000,-18.518753,0.000000,-18.518753,-21.118753,-15.070197,-68.294991,-23.000000,-37.776558,1.000000,0.000000,0.000000,0.000000
124.432602,105.861595,101.793930,0.000000,-19.055088,0.000000,-19.055088,-21.655088,-15.740069,-70.382423,-26.000000,-32.484230,1.000000,0.000000,0.000000,0.000000
93.982498,96.781868,99.923370,0.000000,-17.420736,0.000000,-17.420736,-20.020737,-16.177824,-72.408859,-27.000000,-25.198868,1.000000,0.000000,0.000000,0.000000
97.397820,95.378769,98.227272,0.000000,-17.168179,0.000000,-17.168179,-19.768179,-16.595060,-74.330467,-17.000000,-23.348877,1.000000,0.000000,0.000000,0.000000
78.286430,88.537430,94.610916,0.000000,-15.936738,0.000000,-15.936738,-18.536737,-16.904097,-76.169632,-14.000000,-23.068956,1.000000,0.000000,0.000000,0.000000
103.949142,93.250648,94.103249,0.000000,-16.785118,0.000000,-16.785118,-19.385118,-17.219093,-77.987511,-6.000000,-20.008205,1.000000,0.000000,0.000000,0.000000
75.282738,81.889259,89.544853,0.000000,-14.740067,0.000000,-14.740067,-17.340067,-17.381311,-79.738907,-10.000000,-14.886807,1.000000,0.000000,0.000000,0.000000
72.257431,76.225395,84.573883,0.000000,-13.720572,0.000000,-13.720572,-16.320572,-17.608982,-81.320053,1.000000,-8.040166,1.000000,0.000000,0.000000,0.000000
63.890755,70.444008,79.300461,0.000000,-12.679922,0.000000,-12.679922,-15.279922,-17.741549,-82.786751,7.000000,-3.843758,1.000000,0.000000,0.000000,0.000000
60.087555,67.542328,74.912193,0.000000,-12.157619,0.000000,-12.157619,-14.757620,-17.747650,-84.166611,12.000000,4.638972,1.000000,0.000000,0.000000,0.000000
54.886318,66.569710,71.798683,0.000000,-11.982548,0.000000,-11.982548,-14.582548,-17.472662,-85.507729,13.000000,9.887439,1.000000,0.000000,0.000000,0.000000
30.355061,54.271751,65.257439,0.000000,-9.768915,0.000000,-9.768915,-12.368916,-17.198938,-86.716141,13.000000,16.188879,1.000000,0.000000,0.000000,0.000000
60.091991,59.103977,62.960899,0.000000,-10.638717,0.000000,-10.638717,-13.238716,-16.851547,-87.849899,22.000000,16.145851,1.000000,0.000000,0.000000,0.000000
58.657448,54.005157,59.618519,0.000000,-9.720929,0.000000,-9.720929,-12.320929,-16.397230,-88.980988,15.000000,21.479017,1.000000,0.000000,0.000000,0.000000
34.877514,47.925728,55.254639,0.000000,-8.626632,0.000000,-8.626632,-11.226631,-15.958089,-90.000298,18.000000,20.317755,1.000000,0.000000,0.000000,0.000000
30.002399,43.630836,50.916508,0.000000,-7.853551,0.000000,-7.853551,-10.453550,-15.488398,-90.915863,21.000000,21.188217,1.000000,0.000000,0.000000,0.000000
36.495216,44.500511,48.521988,0.000000,-8.010093,0.000000,-8.010093,-10.610092,-15.017705,-91.797180,22.000000,18.891159,1.000000,0.000000,0.000000,0.000000
12.538001,33.542271,42.931393,0.000000,-6.037609,0.000000,-6.037609,-8.637609,-14.588548,-92.577606,19.000000,17.880341,1.000000,0.000000,0.000000,0.000000
25.025484,35.253372,40.065872,0.000000,-6.345607,0.000000,-6.345607,-8.945607,-14.283200,-93.265564,28.000000,16.162249,1.000000,0.000000,0.000000,0.000000
18.764305,33.033588,37.441345,0.000000,-5.946046,0.000000,-5.946046,-8.546046,-13.843495,-93.948433,24.000000,22.218643,1.000000,0.000000,0.000000,0.000000
19.020683,27.878387,33.872345,0.000000,-5.018110,0.000000,-5.018110,-7.618110,-13.347239,-94.557556,24.000000,25.806303,1.000000,0.000000,0.000000,0.000000
-6.886519,18.338718,28.075024,0.000000,-3.300969,0.000000,-3.300969,-5.900970,-12.771492,-95.019730,25.000000,28.203514,1.000000,0.000000,0.000000,0.000000
-37.500462,6.998787,20.209141,0.000000,-1.259782,0.000000,-1.259782,-3.859782,-12.257020,-95.273102,31.000000,22.950356,1.000000,0.000000,0.000000,0.000000
37.245636,21.111362,20.545860,0.000000,-3.800045,0.000000,-3.800045,-6.400045,-11.681181,-95.554207,39.000000,32.098972,1.000000,0.000000,0.000000,0.000000
25.550266,18.570534,19.808647,0.000000,-3.342696,0.000000,-3.342696,-5.942696,-11.041595,-95.951027,23.000000,38.562237,1.000000,0.000000,0.000000,0.000000
-49.564705,0.987703,12.784464,0.000000,-0.177787,0.000000,-0.177787,-2.777786,-10.230992,-96.146606,21.000000,35.267372,1.000000,0.000000,0.000000,0.000000
-15.242764,1.504694,8.574730,0.000000,-0.270845,0.000000,-0.270845,-2.870845,-9.593601,-96.171532,34.000000,31.819092,1.000000,0.000000,0.000000,0.000000
-27.117168,-1.350123,4.870666,0.000000,0.243022,0.000000,0.243022,-2.356978,-8.986404,-96.173080,30.000000,29.932226,1.000000,0.000000,0.000000,0.000000
-10.720464,-4.180564,1.492647,0.000000,0.752502,0.000000,0.752502,-1.847498,-8.411989,-96.117775,30.000000,30.635347,1.000000,0.000000,0.000000,0.000000
-37.186092,-10.929194,-3.143321,0.000000,1.967255,0.000000,1.967255,-0.632745,-7.741115,-95.966675,29.000000,36.127625,1.000000,0.000000,0.000000,0.000000
-20.729584,-8.635077,-5.192904,0.000000,1.554314,0.000000,1.554314,-1.045686,-7.009453,-95.771034,31.000000,34.738632,1.000000,0.000000,0.000000,0.000000
-6.168605,-5.921708,-5.464902,0.000000,1.065907,0.000000,1.065907,-1.534093,-6.276796,-95.625465,26.000000,33.185799,1.000000,0.000000,0.000000,0.000000
-11.240528,-5.926103,-5.637027,0.000000,1.066699,0.000000,1.066699,-1.533301,-5.575177,-95.506989,20.000000,32.838684,1.000000,0.000000,0.000000,0.000000
-28.401863,-7.923989,-6.490547,0.000000,1.426318,0.000000,1.426318,-1.173682,-5.141643,-95.368484,18.000000,27.172047,1.000000,0.000000,0.000000,0.000000
-35.513210,-15.196224,-9.739601,0.000000,2.735321,0.000000,2.735321,0.135321,-4.678530,-95.137283,17.000000,29.877178,1.000000,0.000000,0.000000,0.000000
-30.615108,-19.486656,-13.377310,0.000000,3.507598,0.000000,3.507598,0.907598,-4.159882,-94.790451,21.000000,24.940145,1.000000,0.000000,0.000000,0.000000
-11.364079,-13.813072,-13.539941,0.000000,2.486353,0.000000,2.486353,-0.113647,-3.583028,-94.457451,22.000000,25.975725,1.000000,0.000000,0.000000,0.000000
-44.222294,-23.881283,-17.399443,0.000000,4.298631,0.000000,4.298631,1.698631,-3.054968,-94.080505,14.000000,34.451134,1.000000,0.000000,0.000000,0.000000
22.494396,-3.623812,-12.258226,0.000000,0.652286,0.000000,0.652286,-1.947714,-2.402668,-93.805458,20.000000,27.801498,1.000000,0.000000,0.000000,0.000000
-31.424332,-19.075024,-14.802330,0.000000,3.433504,0.000000,3.433504,0.833504,-1.858962,-93.578468,0.000000,30.141325,1.000000,0.000000,0.000000,0.000000
-17.368429,-18.713345,-16.261963,0.000000,3.368402,0.000000,3.368402,0.768402,-1.431725,-93.200584,11.000000,20.855267,1.000000,0.000000,0.000000,0.000000
-32.971848,-22.220211,-18.485647,0.000000,3.999638,0.000000,3.999638,1.399638,-1.009483,-92.791252,9.000000,18.887991,1.000000,0.000000,0.000000,0.000000
-27.931393,-20.018856,-19.057858,0.000000,3.603394,0.000000,3.603394,1.003394,-0.582729,-92.368858,10.000000,16.999601,1.000000,0.000000,0.000000,0.000000
-7.805716,-16.141586,-17.969473,0.000000,2.905486,0.000000,2.905486,0.305486,-0.207052,-92.007256,6.000000,18.500599,1.000000,0.000000,0.000000,0.000000
-53.961700,-28.316025,-21.830919,0.000000,5.096885,0.000000,5.096885,2.496885,0.131318,-91.562683,0.000000,17.432144,1.000000,0.000000,0.000000,0.000000
-1.250518,-16.507538,-19.844175,0.000000,2.971357,0.000000,2.971357,0.371357,0.392968,-91.114449,10.000000,13.756245,1.000000,0.000000,0.000000,0.000000
-21.547110,-20.927643,-20.248537,0.000000,3.766976,0.000000,3.766976,1.166976,0.649953,-90.740097,-1.000000,15.690597,1.000000,0.000000,0.000000,0.000000
-23.307802,-20.982622,-20.522505,0.000000,3.776872,0.000000,3.776872,1.176872,0.959724,-90.320992,1.000000,10.650490,1.000000,0.000000,0.000000,0.000000
-6.315211,-17.164516,-19.269266,0.000000,3.089613,0.000000,3.089613,0.489613,1.159644,-89.939522,0.000000,14.655116,1.000000,0.000000,0.000000,0.000000
-24.311806,-19.795155,-19.465534,0.000000,3.563128,0.000000,3.563128,0.963128,1.420811,-89.569923,-4.000000,10.465405,1.000000,0.000000,0.000000,0.000000
3.920141,-12.054476,-16.699646,0.000000,2.169806,0.000000,2.169806,-0.430194,1.585818,-89.251427,-2.000000,11.653223,1.000000,0.000000,0.000000,0.000000
0.629430,-12.542253,-15.148061,0.000000,2.257606,0.000000,2.257606,-0.342394,1.762097,-89.005463,-10.000000,12.272678,1.000000,0.000000,0.000000,0.000000
-9.358237,-11.974635,-13.963703,0.000000,2.155434,0.000000,2.155434,-0.444566,1.958939,-88.760292,-11.000000,4.713317,1.000000,0.000000,0.000000,0.000000
0.021996,-10.467720,-12.658964,0.000000,1.884190,0.000000,1.884190,-0.715810,1.957643,-88.535866,-11.000000,0.491017,1.000000,0.000000,0.000000,0.000000
-12.330226,-12.692489,-12.671475,0.000000,2.284648,0.000000,2.284648,-0.315352,1.935442,-88.304260,-13.000000,2.855334,1.000000,0.000000,0.000000,0.000000
1.884820,-6.642486,-10.421391,0.000000,1.195647,0.000000,1.195647,-1.404352,1.977487,-88.110909,-11.000000,0.663370,1.000000,0.000000,0.000000,0.000000
5.913252,-4.227834,-8.109887,0.000000,0.761010,0.000000,0.761010,-1.838990,2.026911,-88.002205,-17.000000,-0.154948,1.000000,0.000000,0.000000,0.000000
7.682309,-2.813607,-6.133257,0.000000,0.506449,0.000000,0.506449,-2.093551,2.050009,-87.931793,-19.000000,1.298784,1.000000,0.000000,0.000000,0.000000
2.234863,-3.655277,-5.208447,0.000000,0.657950,0.000000,0.657950,-1.942050,2.044879,-87.867104,-20.000000,4.073922,1.000000,0.000000,0.000000,0.000000
21.346777,2.824834,-2.210339,0.000000,-0.508470,0.000000,-0.508470,-3.108470,2.085051,-87.858803,-20.000000,-1.487859,1.000000,0.000000,0.000000,0.000000
12.187446,1.900135,-0.676265,0.000000,-0.342024,0.000000,-0.342024,-2.942024,2.039135,-87.906052,-25.000000,-5.381282,1.000000,0.000000,0.000000,0.000000
5.671912,2.139983,0.374790,0.000000,-0.385197,0.000000,-0.385197,-2.985197,1.922168,-87.946449,-24.000000,-8.882158,1.000000,0.000000,0.000000,0.000000
16.010780,5.804413,2.401185,0.000000,-1.044794,0.000000,-1.044794,-3.644794,1.714192,-88.025894,-23.000000,-8.500042,1.000000,0.000000,0.000000,0.000000
12.674200,7.434853,4.279805,0.000000,-1.338274,0.000000,-1.338274,-3.938273,1.511357,-88.158287,-25.000000,-13.077925,1.000000,0.000000,0.000000,0.000000
15.181516,8.891466,6.000928,0.000000,-0.720111,-0.002400,-0.722512,-3.322512,1.253290,-88.321548,-25.000000,-16.395685,2.000000,0.000000,1.000000,0.000000
2.622989,5.644678,5.867971,0.000000,-0.704157,-0.004748,-0.708904,-3.308904,0.849834,-88.466911,-20.000000,-21.430573,2.000000,0.000000,1.000000,0.000000
36.150768,14.807680,9.204369,0.000000,-1.104524,-0.008429,-1.112954,-3.712954,0.480224,-88.671432,-18.000000,-18.206345,2.000000,0.000000,1.000000,0.000000
41.109116,18.064209,12.510959,0.000000,-1.501315,-0.013434,-1.514749,-4.114748,0.191822,-89.000153,-19.000000,-13.386897,2.000000,0.000000,1.000000,0.000000
0.803123,10.469991,11.749247,0.000000,-1.409910,-0.018133,-1.428043,-4.028043,-0.030958,-89.285492,-20.000000,-13.443796,2.000000,0.000000,1.000000,0.000000
41.168797,18.108265,14.122502,0.000000,-1.694700,-0.023782,-1.718483,-4.318482,-0.325120,-89.571274,-18.000000,-10.559544,2.000000,0.000000,1.000000,0.000000
35.285793,21.015034,16.694870,0.000000,-2.003384,-0.030460,-2.033845,-4.633844,-0.539479,-89.962509,-18.000000,-13.035256,2.000000,0.000000,1.000000,0.000000
11.119048,14.653309,15.932937,0.000000,-1.911952,-0.036834,-1.948786,-4.548786,-0.778087,-90.319191,-19.000000,-13.049608,2.000000,0.000000,1.000000,0.000000
31.486679,20.364279,17.586761,0.000000,-2.110411,-0.043868,-2.154280,-4.754280,-1.034868,-90.669365,-17.000000,-10.859732,2.000000,0.000000,1.000000,0.000000
29.248333,20.288273,18.594995,0.000000,-2.231399,-0.051306,-2.282706,-4.882706,-1.231691,-91.075890,-17.000000,-7.814851,2.000000,0.000000,1.000000,0.000000
22.752943,18.612532,18.601540,0.000000,-2.232185,-0.058747,-2.290931,-4.890931,-1.389982,-91.464897,-17.000000,-4.884653,2.000000,0.000000,1.000000,0.000000
5.157354,13.955234,16.867487,0.000000,-2.024098,-0.006747,-2.030845,-4.630845,-1.512914,-91.790573,-16.000000,-8.001098,0.000000,0.000000,1.000000,0.000000
8.676538,13.563825,15.634523,0.000000,-1.876143,-0.013001,-1.889144,-4.489143,-1.639362,-92.065765,-14.000000,-10.906473,0.000000,0.000000,1.000000,0.000000
43.768089,24.435678,18.919210,0.000000,-2.270305,-0.020568,-2.290874,-4.890873,-1.832917,-92.445763,-13.000000,-11.973709,0.000000,0.000000,1.000000,0.000000
23.223719,21.646885,19.937208,0.000000,-2.392465,-0.028543,-2.421008,-5.021008,-1.998646,-92.906586,-14.000000,-11.175928,0.000000,0.000000,1.000000,0.000000
9.304211,20.367718,20.097879,0.000000,-2.411746,-0.036583,-2.448328,-5.048328,-2.104789,-93.326729,-14.000000,-11.550191,0.000000,0.000000,1.000000,0.000000
57.743305,31.788094,24.460796,0.000000,-2.935296,-0.046367,-2.981663,-5.581662,-2.383268,-93.848289,-13.000000,-10.255967,0.000000,0.000000,1.000000,0.000000
29.950663,26.820904,25.341614,0.000000,-3.040994,-0.056503,-3.097497,-5.697497,-2.604515,-94.434380,-14.000000,-13.203243,0.000000,0.000000,1.000000,0.000000
5.287631,18.742331,22.878689,0.000000,-2.745443,-0.065655,-2.811098,-5.411098,-2.764110,-94.890015,-14.000000,-10.514120,0.000000,0.000000,1.000000,0.000000
45.837700,26.629951,24.278702,0.000000,-2.913444,-0.075366,-2.988811,-5.588810,-2.959897,-95.343735,-12.000000,-9.757282,0.000000,0.000000,1.000000,0.000000
47.728920,30.228577,26.499260,0.000000,-3.179911,-0.085966,-3.265877,-5.865877,-3.103508,-95.912323,-12.000000,-5.119889,0.000000,0.000000,1.000000,0.000000
-1.473525,17.156536,23.012453,0.000000,-2.761494,-0.095171,-2.856666,-5.456666,-3.184370,-96.386177,-13.000000,-5.644563,0.000000,0.000000,1.000000,0.000000
0.331936,14.098085,19.685513,0.000000,-2.362262,-0.103045,-2.465307,-5.065307,-3.357339,-96.698723,-10.000000,-4.651900,0.000000,0.000000,1.000000,0.000000
57.890301,26.001469,22.042696,0.000000,-2.645123,-0.111862,-2.756986,-5.356986,-3.357560,-97.099716,-8.000000,-4.876623,0.000000,0.000000,1.000000,0.000000
32.123035,22.278631,22.130749,0.000000,-2.655690,-0.120715,-2.776404,-5.376404,-3.441584,-97.582520,-9.000000,-1.884392,0.000000,0.000000,1.000000,0.000000
17.412149,19.508738,21.152185,0.000000,-2.538262,-0.129176,-2.667438,-5.267438,-3.432070,-98.000397,-9.000000,2.627609,0.000000,0.000000,1.000000,0.000000
1.845810,16.356352,19.362328,0.000000,-2.323479,-0.136921,-2.460400,-5.060400,-3.452889,-98.359047,-9.000000,1.660545,0.000000,0.000000,1.000000,0.000000
14.070508,17.563580,18.691015,0.000000,-2.242922,-0.144397,-2.387319,-4.987319,-3.328921,-98.698250,-8.000000,3.610316,0.000000,0.000000,1.000000,0.000000
9.007288,15.170834,17.377245,0.000000,-2.085269,-0.151348,-2.236617,-4.836617,-3.238668,-99.025597,-8.000000,7.663397,0.000000,0.000000,1.000000,0.000000
37.141499,21.310255,18.845087,0.000000,-2.261410,-0.158886,-2.420296,-5.020296,-3.101667,-99.390404,-8.000000,5.961345,0.000000,0.000000,1.000000,0.000000
42.055038,24.706490,21.032627,0.000000,-2.523915,-0.167299,-2.691214,-5.291214,-2.984215,-99.850571,-10.000000,4.005682,0.000000,0.000000,1.000000,0.000000
4.162986,13.820488,18.340977,0.000000,-2.200917,-0.174635,-2.375553,-4.975553,-2.871820,-100.235840,-12.000000,1.803180,0.000000,0.000000,1.000000,0.000000
20.652004,19.819857,18.892910,0.000000,-2.267149,-0.182192,-2.449342,-5.049342,-2.847037,-100.572243,-10.000000,-2.537419,0.000000,0.000000,1.000000,0.000000
25.853825,21.113569,19.721684,0.000000,-2.366602,-0.190081,-2.556683,-5.156683,-2.989472,-100.981575,-10.000000,-1.923062,0.000000,0.000000,1.000000,0.000000
19.435022,17.716864,18.973463,0.000000,-2.276815,-0.197671,-2.474486,-5.074486,-3.071485,-101.369881,-10.000000,-2.042053,0.000000,0.000000,1.000000,0.000000
20.800785,17.519461,18.430813,0.000000,-2.211698,-0.205043,-2.416740,-5.016740,-3.186771,-101.722244,-9.000000,-2.119225,0.000000,0.000000,1.000000,0.000000
2.565245,12.957455,16.388096,0.000000,-1.966571,-0.211598,-2.178169,-4.778170,-3.215729,-102.027016,-9.000000,-1.889284,0.000000,0.000000,1.000000,0.000000
-6.437016,9.735226,13.905171,0.000000,-1.668621,-0.217160,-1.885781,-4.485781,-3.240076,-102.253944,-7.000000,3.373526,0.000000,0.000000,1.000000,0.000000
52.847416,24.153400,17.729923,0.000000,-2.127591,-0.224252,-2.351843,-4.951843,-3.155419,-102.592834,-6.000000,3.856817,0.000000,0.000000,1.000000,0.000000
42.466446,22.840801,19.637360,0.000000,-2.356483,-0.232107,-2.588590,-5.188590,-3.133740,-103.062775,-9.000000,1.597380,0.000000,0.000000,1.000000,0.000000
44.656891,25.475296,21.816141,0.000000,-2.617937,-0.240834,-2.858770,-5.458770,-3.028656,-103.545937,-10.000000,3.539937,0.000000,0.000000,1.000000,0.000000
8.806277,18.543983,20.594936,0.000000,-2.471392,-0.249072,-2.720464,-5.320464,-2.983023,-103.986130,-12.000000,4.687233,0.000000,0.000000,1.000000,0.000000
16.777784,18.853928,19.945173,0.000000,-2.393421,-0.257050,-2.650470,-5.250470,-2.900343,-104.360107,-12.000000,4.497587,0.000000,0.000000,1.000000,0.000000
18.716425,18.618647,19.450098,0.000000,-2.334012,-0.264830,-2.598841,-5.198841,-2.794644,-104.734833,-12.000000,5.262259,0.000000,0.000000,1.000000,0.000000
6.410099,13.897493,17.377806,0.000000,-2.085337,-0.271781,-2.357117,-4.957117,-2.724737,-105.059998,-12.000000,4.013935,0.000000,0.000000,1.000000,0.000000
33.397434,17.085785,17.268820,0.000000,-2.072258,-0.278688,-2.350946,-4.950946,-2.709191,-105.369827,-11.000000,3.456007,0.000000,0.000000,1.000000,0.000000
17.382401,13.397143,15.823868,0.000000,-1.898864,-0.285018,-2.183882,-4.783882,-2.800571,-105.674660,-10.000000,0.697576,0.000000,0.000000,1.000000,0.000000
12.072644,12.266318,14.496151,0.000000,-1.739538,-0.290816,-2.030354,-4.630354,-2.908967,-105.931297,-9.000000,-3.232306,0.000000,0.000000,1.000000,0.000000
39.282356,18.102173,15.841958,0.000000,-1.901035,-0.297153,-2.198188,-4.798188,-3.042321,-106.234985,-7.000000,2.154120,0.000000,0.000000,1.000000,0.000000
6.317476,8.411579,13.068859,0.000000,-1.568263,-0.302381,-1.870644,-4.470644,-3.131134,-106.500122,-8.000000,7.114997,0.000000,0.000000,1.000000,0.000000
9.840032,9.461154,11.722424,0.000000,-1.406691,-0.307070,-1.713760,-4.313760,-3.080291,-106.678848,-6.000000,3.825936,0.000000,0.000000,1.000000,0.000000
4.948414,7.592336,10.181029,0.000000,-1.221723,-0.311142,-1.532865,-4.132865,-3.032484,-106.849380,-6.000000,1.481372,0.000000,0.000000,1.000000,0.000000
11.633274,9.628509,9.974822,0.000000,-1.196979,-0.315132,-1.512110,-4.112110,-3.073081,-107.021591,-5.000000,-0.942305,0.000000,0.000000,1.000000,0.000000
18.001669,9.868102,9.934993,0.000000,-1.192199,-0.319106,-1.511305,-4.111305,-3.075655,-107.216560,-5.000000,-1.362907,0.000000,0.000000,1.000000,0.000000
18.222776,8.994803,9.584104,0.000000,-1.150092,-0.322940,-1.473032,-4.073032,-3.067763,-107.405190,-5.000000,0.167021,0.000000,0.000000,1.000000,0.000000
-0.570517,4.280687,7.604810,0.000000,-0.912577,-0.325981,-1.238559,-3.838559,-3.020891,-107.537941,-5.000000,0.062561,0.000000,0.000000,1.000000,0.000000
14.961370,8.462494,7.924907,0.000000,-0.950989,-0.329151,-1.280140,-3.880140,-2.921963,-107.665375,-4.000000,4.089471,0.000000,0.000000,1.000000,0.000000
18.754066,11.212229,9.151772,0.000000,-1.098213,-0.332812,-1.431025,-4.031025,-2.796254,-107.862122,-5.000000,7.142438,0.000000,0.000000,1.000000,0.000000
40.158119,21.130604,13.622404,0.000000,-1.634688,-0.338261,-1.972950,-4.572949,-2.760106,-108.185547,-6.000000,-0.169538,0.000000,0.000000,1.000000,0.000000
20.250467,21.152155,16.432590,0.000000,-1.971911,-0.344834,-2.316745,-4.916745,-2.878374,-108.608376,-8.000000,-2.623850,0.000000,0.000000,1.000000,0.000000
29.981586,25.412315,19.783922,0.000000,-2.374071,-0.352748,-2.726818,-5.326818,-2.933167,-109.074020,-9.000000,-2.297374,0.000000,0.000000,1.000000,0.000000
4.292747,19.460289,19.663139,0.000000,-2.359577,-0.360613,-2.720190,-5.320189,-2.994587,-109.522743,-11.000000,-1.881794,0.000000,0.000000,1.000000,0.000000
4.810158,20.983063,20.155748,0.000000,-2.418690,-0.368675,-2.787365,-5.387365,-3.127198,-109.927177,-11.000000,-10.013916,0.000000,0.000000,1.000000,0.000000
12.135505,21.882093,20.800039,0.000000,-2.496005,-0.376995,-2.873000,-5.473000,-3.306690,-110.355827,-10.000000,-12.942391,0.000000,0.000000,1.000000,0.000000
36.116673,28.480543,23.666489,0.000000,-2.839978,-0.386462,-3.226440,-5.826440,-3.528733,-110.859451,-9.000000,-9.329512,0.000000,0.000000,1.000000,0.000000
0.247386,17.434959,21.340813,0.000000,-2.560897,-0.394998,-2.955895,-5.555895,-3.587407,-111.318604,-11.000000,-10.498798,0.000000,0.000000,1.000000,0.000000
24.714827,21.200939,21.288610,0.000000,-2.554633,-0.403514,-2.958147,-5.558146,-3.623998,-111.704964,-9.000000,-7.659111,0.000000,0.000000,1.000000,0.000000
30.712149,23.441790,22.092201,0.000000,-2.651064,-0.412351,-3.063415,-5.663414,-3.765008,-112.151390,-9.000000,-10.006435,0.000000,0.000000,1.000000,0.000000
4.736934,17.252722,20.286055,0.000000,-2.434326,-0.420465,-2.854791,-5.454791,-3.938038,-112.558334,-8.000000,-8.303617,0.000000,0.000000,1.000000,0.000000
-1.916789,14.851261,18.257730,0.000000,-2.190928,-0.427768,-2.618695,-5.218696,-4.099880,-112.879372,-6.000000,-6.279868,0.000000,0.000000,1.000000,0.000000
27.319305,20.106689,18.947783,0.000000,-2.273734,-0.435347,-2.709081,-5.309081,-4.211821,-113.228951,-5.000000,-6.226993,0.000000,0.000000,1.000000,0.000000
-0.876805,11.870629,16.306511,0.000000,-1.956781,-0.441870,-2.398651,-4.998651,-4.310043,-113.548721,-5.000000,-1.667300,0.000000,0.000000,1.000000,0.000000
10.262788,12.958859,15.057131,0.000000,-1.806856,-0.447893,-2.254748,-4.854748,-4.396951,-113.797020,-3.000000,-6.115880,0.000000,0.000000,1.000000,0.000000
32.019157,15.981741,15.402205,0.000000,-1.848265,-0.454053,-2.302318,-4.902318,-4.529321,-114.086426,-1.000000,-7.960882,0.000000,0.000000,1.000000,0.000000
4.924297,9.470027,13.188251,0.000000,-1.582590,-0.459329,-2.041919,-4.641919,-4.727044,-114.340942,0.000000,-5.162128,0.000000,0.000000,1.000000,0.000000
-7.198742,4.075670,9.787336,0.000000,-1.174480,-0.463244,-1.637724,-4.237724,-4.973762,-114.476402,1.000000,-6.155746,0.000000,0.000000,1.000000,0.000000
9.218391,3.051239,7.273351,0.000000,-0.872802,-0.466153,-1.338955,-3.938955,-5.138691,-114.547668,4.000000,-2.202010,0.000000,0.000000,1.000000,0.000000
17.862829,2.755066,5.587077,0.000000,-0.670449,-0.468388,-1.138837,-3.738837,-5.220707,-114.605728,6.000000,0.223163,0.000000,0.000000,1.000000,0.000000
-9.925694,-5.252072,1.541787,0.000000,-0.185014,-0.469005,-0.654019,-3.254019,-5.303951,-114.580757,7.000000,-2.943071,0.000000,0.000000,1.000000,0.000000
-6.586650,-5.452571,-1.068584,0.000000,0.128230,-0.468577,-0.340347,-2.940347,-5.411232,-114.473709,10.000000,-1.209422,0.000000,0.000000,1.000000,0.000000
-10.477202,-9.319608,-4.147957,0.000000,0.497755,-0.466918,0.030837,-2.569163,-5.470878,-114.325989,12.000000,-2.906187,0.000000,0.000000,1.000000,0.000000
9.433060,-3.667216,-3.968539,0.000000,0.476225,-0.465331,0.010894,-2.589106,-5.425095,-114.196121,14.000000,0.421456,0.000000,0.000000,1.000000,0.000000
1.251132,-4.623582,-4.213008,0.000000,0.505561,-0.463645,0.041916,-2.558084,-5.399685,-114.113213,14.000000,0.568092,0.000000,0.000000,1.000000,0.000000
12.518676,-1.950746,-3.368707,0.000000,0.404245,-0.462298,-0.058053,-2.658053,-5.173763,-114.047470,13.000000,1.968724,0.000000,0.000000,1.000000,0.000000
-10.595031,-8.309238,-5.212568,0.000000,0.625508,-0.460213,0.165295,-2.434705,-5.131009,-113.944870,12.000000,2.083460,0.000000,0.000000,1.000000,0.000000
-10.884954,-9.516257,-6.818752,0.000000,0.818250,-0.457485,0.360765,-2.239235,-4.969190,-113.766617,12.000000,0.467002,0.000000,0.000000,1.000000,0.000000
-7.605340,-8.613682,-7.488640,0.000000,0.898637,-0.454490,0.444147,-2.155853,-4.799069,-113.585320,12.000000,3.919862,0.000000,0.000000,1.000000,0.000000
-2.557721,-7.263422,-7.404586,0.000000,0.888550,-0.451528,0.437022,-2.162978,-4.783272,-113.426552,13.000000,2.029608,0.000000,0.000000,1.000000,0.000000
-27.549431,-13.236712,-9.581200,0.000000,1.149744,-0.447696,0.702048,-1.897952,-4.770783,-113.221550,13.000000,1.768722,0.000000,0.000000,1.000000,0.000000
2.300907,-5.132308,-7.920825,0.000000,0.950499,-0.444527,0.505972,-2.094028,-4.746931,-113.037857,14.000000,-1.011403,0.000000,0.000000,1.000000,0.000000
1.467897,-5.025424,-6.840229,0.000000,0.820827,-0.441791,0.379036,-2.220963,-4.757926,-112.936279,13.000000,-2.255093,0.000000,0.000000,1.000000,0.000000
-13.657133,-7.731164,-7.172736,0.000000,0.860728,-0.438922,0.421806,-2.178194,-4.802321,-112.808716,12.000000,-3.004421,0.000000,0.000000,1.000000,0.000000
-24.838516,-12.950356,-9.329007,0.000000,1.119481,-0.435190,0.684290,-1.915709,-4.791490,-112.601898,13.000000,0.538283,0.000000,0.000000,1.000000,0.000000
-18.361588,-14.321136,-11.192124,0.000000,1.343055,-0.430714,0.912341,-1.687659,-4.753518,-112.329185,14.000000,5.691702,0.000000,0.000000,1.000000,0.000000
-8.457194,-11.823520,-11.427768,0.000000,1.371332,-0.426142,0.945190,-1.654810,-4.674793,-112.067741,14.000000,4.248006,0.000000,0.000000,1.000000,0.000000
-12.435134,-13.544722,-12.217838,0.000000,1.466141,-0.421255,1.044885,-1.555115,-4.535688,-111.814056,14.000000,4.545399,0.000000,0.000000,1.000000,0.000000
-12.160711,-13.767345,-12.796131,0.000000,1.535536,-0.416137,1.119399,-1.480601,-4.375122,-111.540939,14.000000,4.561572,0.000000,0.000000,1.000000,0.000000
0.674907,-10.243095,-11.843310,0.000000,1.421197,-0.411400,1.009798,-1.590202,-4.141527,-111.300835,13.000000,8.216089,0.000000,0.000000,1.000000,0.000000
2.798965,-10.242455,-11.245853,0.000000,1.349502,-0.406901,0.942601,-1.657399,-3.938760,-111.095978,11.000000,8.739141,0.000000,0.000000,1.000000,0.000000
-8.452055,-13.160061,-11.960257,0.000000,1.435231,-0.402117,1.033114,-1.566886,-3.720975,-110.861954,10.000000,5.311725,0.000000,0.000000,1.000000,0.000000
-19.902157,-14.669257,-12.971285,0.000000,1.556554,-0.396929,1.159626,-1.440374,-3.598943,-110.583664,10.000000,4.667263,0.000000,0.000000,1.000000,0.000000
-8.587461,-11.966158,-12.596161,0.000000,1.511539,-0.391890,1.119649,-1.480351,-3.574479,-110.317307,10.000000,-0.182867,0.000000,0.000000,1.000000,0.000000
-7.295128,-10.767190,-11.913568,0.000000,1.429628,-0.387125,1.042503,-1.557496,-3.576067,-110.089973,10.000000,-1.564507,0.000000,0.000000,1.000000,0.000000
-31.902281,-17.839293,-14.125114,0.000000,1.695014,-0.381475,1.313539,-1.286461,-3.525761,-109.803909,9.000000,1.607506,0.000000,0.000000,1.000000,0.000000
-5.975039,-12.385062,-13.475708,0.000000,1.617085,-0.376084,1.241001,-1.358999,-3.419637,-109.501663,10.000000,6.837407,0.000000,0.000000,1.000000,0.000000
-1.231057,-11.460276,-12.723526,0.000000,1.526823,-0.370995,1.155828,-1.444172,-3.306639,-109.263206,9.000000,8.282759,0.000000,0.000000,1.000000,0.000000
-42.966007,-20.808781,-15.741032,0.000000,1.888924,-0.364699,1.524225,-1.075775,-3.157840,-108.940514,8.000000,5.301000,0.000000,0.000000,1.000000,0.000000
-67.446732,-29.845943,-21.005140,0.000000,2.520617,-0.356296,2.164320,-0.435680,-3.062975,-108.433968,9.000000,4.739382,0.000000,0.000000,1.000000,0.000000
-13.262680,-20.679789,-20.883715,0.000000,2.506046,-0.347943,2.158103,-0.441897,-3.048966,-107.928711,13.000000,6.427948,0.000000,0.000000,1.000000,0.000000
3.484246,-14.485342,-18.495771,0.000000,2.219492,-0.340545,1.878948,-0.721052,-2.968038,-107.577057,12.000000,11.316400,0.000000,20.000002,1.000000,0.000000
-0.485987,-15.538086,-17.391932,0.000000,2.087032,-0.333588,1.753444,-0.846556,-2.806589,-107.276825,10.000000,11.608580,0.000000,40.000004,1.000000,0.000000
-3.241613,-13.818512,-16.058292,0.000000,2.487332,0.000000,2.487332,-0.112668,-2.582480,-106.983261,8.000000,14.363825,1.000000,0.000000,0.000000,0.000000
-32.911949,-20.589710,-17.749468,0.000000,3.706148,0.000000,3.706148,1.106148,-2.354714,-106.639175,11.000000,8.511089,1.000000,0.000000,0.000000,0.000000
-39.762424,-23.358778,-19.842924,0.000000,4.204580,0.000000,4.204580,1.604580,-2.157299,-106.199692,16.000000,12.141937,1.000000,0.000000,0.000000,0.000000
-13.790882,-17.981419,-19.148190,0.000000,3.236655,0.000000,3.236655,0.636656,-1.939299,-105.786293,17.000000,14.472116,1.000000,0.000000,0.000000,0.000000
2.709180,-13.223626,-16.937077,0.000000,2.380253,0.000000,2.380253,-0.219747,-1.630368,-105.474243,11.000000,20.827072,1.000000,0.000000,0.000000,0.000000
-46.356071,-24.567711,-19.784914,0.000000,4.422188,0.000000,4.422188,1.822188,-1.207875,-105.096329,4.000000,16.551651,1.000000,0.000000,0.000000,0.000000
-18.283630,-18.600788,-19.342985,0.000000,3.348142,0.000000,3.348142,0.748142,-0.950945,-104.664642,13.000000,11.015863,1.000000,0.000000,0.000000,0.000000
17.922821,-5.174896,-14.055299,0.000000,0.931481,0.000000,0.931481,-1.668519,-0.855671,-104.426888,8.000000,3.268488,1.000000,0.000000,0.000000,0.000000
9.912294,-6.123161,-11.094938,0.000000,1.102169,0.000000,1.102169,-1.497831,-0.922867,-104.313904,-3.000000,5.452774,1.000000,0.000000,0.000000,0.000000
-14.760500,-13.878130,-12.133656,0.000000,2.498064,0.000000,2.498064,-0.101936,-0.970209,-104.113892,-2.000000,2.322622,1.000000,0.000000,0.000000,0.000000
-30.008194,-21.091633,-15.476871,0.000000,3.796494,0.000000,3.796494,1.196494,-0.948189,-103.764191,4.000000,3.496956,1.000000,0.000000,0.000000,0.000000
-69.000092,-31.831852,-21.580730,0.000000,5.729733,0.000000,5.729733,3.129734,-0.864315,-103.234955,10.000000,2.835554,1.000000,0.000000,0.000000,0.000000
-20.183863,-20.241175,-21.080793,0.000000,3.643412,0.000000,3.643412,1.043412,-0.783841,-102.714226,19.000000,-0.763060,1.000000,0.000000,0.000000,0.000000
10.669160,-8.821203,-16.505379,0.000000,1.587817,0.000000,1.587817,-1.012183,-0.708461,-102.423599,8.000000,1.934286,1.000000,0.000000,0.000000,0.000000
4.356172,-8.566566,-13.542526,0.000000,1.541982,0.000000,1.541982,-1.058018,-0.648624,-102.249725,-1.000000,6.768719,1.000000,0.000000,0.000000,0.000000
8.918437,-5.636863,-10.592046,0.000000,1.014635,0.000000,1.014635,-1.585365,-0.543002,-102.107689,-2.000000,2.697933,1.000000,0.000000,0.000000,0.000000
9.862657,-4.729732,-8.404165,0.000000,0.851352,0.000000,0.851352,-1.748648,-0.479442,-102.004021,-5.000000,4.629683,1.000000,0.000000,0.000000,0.000000
-3.821373,-6.536315,-7.707063,0.000000,1.176537,0.000000,1.176537,-1.423463,-0.449107,-101.891357,-6.000000,-1.434879,1.000000,0.000000,0.000000,0.000000
-18.294277,-9.105446,-8.228955,0.000000,1.638980,0.000000,1.638980,-0.961020,-0.494714,-101.734940,-4.000000,-3.399133,1.000000,0.000000,0.000000,0.000000
12.527244,-2.299428,-6.015991,0.000000,0.413897,0.000000,0.413897,-2.186103,-0.537880,-101.620888,-2.000000,-6.165594,1.000000,0.000000,0.000000,0.000000
-4.362482,-4.590417,-5.483951,0.000000,0.826275,0.000000,0.826275,-1.773725,-0.609778,-101.551987,-7.000000,0.963158,1.000000,0.000000,0.000000,0.000000
2.693030,-2.178547,-4.250338,0.000000,0.392139,0.000000,0.392139,-2.207861,-0.568063,-101.484299,-6.000000,1.988109,1.000000,0.000000,0.000000,0.000000
-0.216757,-4.602481,-4.381762,0.000000,0.828447,0.000000,0.828447,-1.771553,-0.609192,-101.416489,-7.000000,-1.417354,1.000000,0.000000,0.000000,0.000000
3.389918,-3.661164,-4.112826,0.000000,0.659010,0.000000,0.659010,-1.940990,-0.708831,-101.333855,-5.000000,1.330222,1.000000,0.000000,0.000000,0.000000
-7.620155,-6.682657,-5.071915,0.000000,1.202878,0.000000,1.202878,-1.397122,-0.738148,-101.230415,-5.000000,-0.550913,1.000000,0.000000,0.000000,0.000000
-5.374090,-3.665648,-4.547081,0.000000,0.659817,0.000000,0.659817,-1.940183,-0.673642,-101.126930,-3.000000,-3.414261,1.000000,0.000000,0.000000,0.000000
1.467761,-1.273753,-3.325438,0.000000,0.229276,0.000000,0.229276,-2.370724,-0.664158,-101.077538,-6.000000,4.849310,1.000000,0.000000,0.000000,0.000000
21.986448,4.838030,-0.278742,0.000000,-0.870845,0.000000,-0.870845,-3.470845,-0.687576,-101.113182,-8.000000,-1.127430,1.000000,0.000000,0.000000,0.000000
-0.316630,-0.579391,-0.390948,0.000000,0.046914,0.000156,0.047070,-2.552930,-0.670615,-101.155769,-13.000000,-3.034079,2.000000,0.000000,1.000000,0.000000
6.520542,1.936369,0.477632,0.000000,-0.057316,-0.000035,-0.057351,-2.657351,-0.768991,-101.169342,-8.000000,-9.347919,2.000000,0.000000,1.000000,0.000000
-10.938787,-1.975325,-0.437838,0.000000,0.052541,0.000140,0.052681,-2.547319,-0.919021,-101.168953,-8.000000,-9.098643,2.000000,0.000000,1.000000,0.000000
14.555065,3.815824,1.149675,0.000000,-0.137961,-0.000319,-0.138280,-2.738280,-1.145854,-101.187355,-6.000000,-13.914147,2.000000,0.000000,1.000000,0.000000
2.080852,1.071259,1.120409,0.000000,-0.134449,-0.000768,-0.135217,-2.735217,-1.347330,-101.236229,-6.000000,-7.635958,2.000000,0.000000,1.000000,0.000000
-3.274257,0.486787,0.883934,0.000000,-0.106072,-0.001121,-0.107193,-2.707193,-1.453684,-101.251808,-6.000000,-9.618997,2.000000,0.000000,1.000000,0.000000
-9.318538,-0.105604,0.514628,0.000000,-0.061755,-0.001327,-0.063082,-2.663082,-1.618640,-101.255623,-5.000000,-7.006600,2.000000,0.000000,1.000000,0.000000
8.152333,3.876150,1.769185,0.000000,-0.212302,-0.002035,-0.214337,-2.814337,-1.917511,-101.293327,-3.000000,-13.734548,2.000000,0.000000,1.000000,0.000000
-12.505155,-2.848724,0.045730,0.000000,-0.005488,-0.002053,-0.007541,-2.607541,-2.124424,-101.303604,-3.000000,-10.567842,2.000000,0.000000,1.000000,0.000000
10.261427,0.943947,0.380955,0.000000,-0.045715,-0.002205,-0.047920,-2.647920,-2.309124,-101.284554,-1.000000,-6.111694,2.000000,0.000000,1.000000,0.000000
-10.841899,-5.480659,-1.806664,0.000000,0.216800,-0.001483,0.215317,-2.384683,-2.340585,-101.239189,-1.000000,0.748021,2.000000,0.000000,1.000000,0.000000
50.750362,11.327860,3.095285,0.000000,-0.371434,-0.002721,-0.374155,-2.974155,-2.388890,-101.297661,0.000000,-3.723706,2.000000,0.000000,1.000000,0.000000
-5.324325,-2.156055,1.135427,0.000000,-0.136251,-0.003175,-0.139426,-2.739426,-2.471925,-101.389381,-2.000000,-1.541068,2.000000,0.000000,1.000000,0.000000
-0.182765,-1.683439,0.083395,0.000000,-0.010007,-0.003208,-0.013216,-2.613216,-2.619788,-101.350983,0.000000,-0.887416,2.000000,0.000000,1.000000,0.000000
19.340004,4.212009,1.624239,0.000000,-0.194909,-0.003858,-0.198767,-2.798767,-2.728899,-101.376266,0.000000,-0.351172,2.000000,0.000000,1.000000,0.000000
-2.210150,-1.172528,0.580455,0.000000,-0.069655,-0.004090,-0.073745,-2.673745,-2.736189,-101.406662,0.000000,-0.868962,2.000000,0.000000,1.000000,0.000000
-1.732383,-0.532660,0.165028,0.000000,-0.019803,-0.004156,-0.023960,-2.623960,-2.748369,-101.389610,0.000000,-1.986552,2.000000,0.000000,1.000000,0.000000
-3.508496,-1.656061,-0.514622,0.000000,0.061755,-0.003950,0.057804,-2.542196,-2.787359,-101.367722,0.000000,-4.173623,2.000000,0.000000,1.000000,0.000000
4.159244,-0.413599,-0.476919,0.000000,0.057230,-0.003760,0.053471,-2.546529,-2.866367,-101.347023,1.000000,-7.787889,2.000000,0.000000,1.000000,0.000000
9.025323,1.314269,0.191572,0.000000,-0.022989,-0.003836,-0.026825,-2.626825,-3.046824,-101.356033,2.000000,-8.308807,2.000000,0.000000,1.000000,0.000000
3.153576,-0.787048,-0.173660,0.000000,0.020839,-0.003767,0.017072,-2.582927,-3.198129,-101.361305,2.000000,-8.235445,2.000000,0.000000,1.000000,0.000000
35.346306,7.502555,2.691188,0.000000,-0.322943,-0.004843,-0.327786,-2.927786,-3.314289,-101.428459,3.000000,-6.436229,2.000000,0.000000,1.000000,0.000000
22.050505,6.730117,4.198561,0.000000,-0.503827,-0.006523,-0.510350,-3.110350,-3.411889,-101.570786,2.000000,-5.371679,2.000000,0.000000,1.000000,0.000000
9.827801,3.580634,3.967943,0.000000,-0.476153,-0.008110,-0.484263,-3.084263,-3.505628,-101.673897,1.000000,-9.286464,2.000000,0.000000,1.000000,0.000000
2.947659,-0.001402,2.486540,0.000000,-0.298385,-0.009104,-0.307489,-2.907489,-3.759775,-101.709686,3.000000,-11.197846,2.000000,0.000000,1.000000,0.000000
1.189121,-1.928541,0.838783,0.000000,-0.100654,-0.009440,-0.110094,-2.710094,-3.990453,-101.690384,5.000000,-7.209272,2.000000,0.000000,1.000000,0.000000
-9.409760,-6.312656,-1.830213,0.000000,0.219626,-0.008708,0.210918,-2.389082,-4.155091,-101.607971,7.000000,-5.036656,2.000000,0.000000,1.000000,0.000000
-15.203648,-9.468755,-4.681001,0.000000,0.561720,-0.006835,0.554885,-2.045115,-4.257831,-101.450157,9.000000,-6.202533,2.000000,0.000000,1.000000,0.000000
34.154587,1.804456,-2.260557,0.000000,0.271267,-0.005931,0.265336,-2.334664,-4.306159,-101.373512,11.000000,3.913173,2.000000,0.000000,1.000000,0.000000
30.376062,6.081504,0.852792,0.000000,-0.102335,-0.006272,-0.108607,-2.708607,-4.294841,-101.452370,9.000000,0.328005,2.000000,0.000000,1.000000,0.000000
2.286039,0.565071,0.745411,0.000000,-0.089449,-0.006571,-0.096020,-2.696020,-4.246021,-101.518837,7.000000,0.449920,2.000000,0.000000,1.000000,0.000000
10.229202,3.613188,1.815697,0.000000,-0.217884,-0.007297,-0.225180,-2.825180,-4.263286,-101.560623,7.000000,-2.100424,2.000000,0.000000,1.000000,0.000000
-5.432879,-1.430205,0.604291,-9.100000,-1.164515,-0.000853,-1.620368,-4.220368,-4.346748,-101.582451,7.000000,-7.719955,0.000000,0.000000,1.000000,-0.455000
10.311223,2.704858,1.388246,-9.100000,-1.258590,-0.005048,-1.718638,-4.318638,-4.414908,-101.595200,0.000000,-4.298030,0.000000,0.000000,1.000000,-0.455000
2.117082,1.763032,1.528120,-10.500000,-1.443374,-0.009860,-1.978234,-4.578234,-4.515090,-101.639877,1.000000,-10.580206,0.000000,0.000000,1.000000,-0.525000
-4.125290,0.904507,1.295381,-12.200000,-1.619446,-0.015258,-2.244703,-4.844703,-4.878399,-101.666550,1.000000,-13.577647,0.000000,0.000000,1.000000,-0.610000
-11.510098,-1.781768,0.146955,-17.600000,-2.129635,-0.017887,-3.027522,-5.627522,-5.209758,-101.657776,1.000000,-13.469582,0.000000,0.000000,1.000000,-0.880000
-26.403120,-8.592916,-3.114861,-19.600000,-1.978217,-0.024481,-2.982698,-5.582698,-5.475783,-101.554031,0.000000,-12.525531,0.000000,0.000000,1.000000,-0.980000
-0.431139,-4.280518,-3.549897,-24.700001,-2.538013,-0.027799,-3.800811,-6.400811,-5.685057,-101.425301,0.000000,-9.709394,0.000000,0.000000,1.000000,-1.235000
40.252892,5.429635,-0.198637,-26.600000,-3.168164,-0.038359,-4.536523,-7.136523,-5.937944,-101.436790,-2.000000,-10.677961,0.000000,0.000000,1.000000,-1.330000
0.515630,-3.317171,-1.362508,-32.200001,-3.700499,-0.042765,-5.353264,-7.953264,-6.190558,-101.457916,-4.000000,-13.975834,0.000000,0.000000,1.000000,-1.610000
-4.188532,-5.180339,-2.787364,-33.700001,-3.709516,-0.055130,-5.449646,-8.049646,-6.465523,-101.372940,-7.000000,-10.776354,0.000000,0.000000,1.000000,-1.685000
-11.229817,-8.076252,-4.761235,-39.100002,-4.120652,-0.060217,-6.135869,-8.735868,-6.724403,-101.240372,-6.000000,-12.696690,0.000000,0.000000,1.000000,-1.955000
-15.535207,-11.560240,-7.298698,-42.000000,-4.164156,-0.069790,-6.333946,-8.933947,-7.004240,-101.044006,-8.000000,-11.679104,0.000000,0.000000,1.000000,-2.100000
-14.042531,-10.177915,-8.373254,-48.600002,-4.827210,-0.074666,-7.331876,-9.931875,-7.247227,-100.826622,-8.000000,-12.281581,0.000000,0.000000,1.000000,-2.430000
-13.188738,-11.066287,-9.378324,-50.500000,-4.934601,-0.091114,-7.550716,-10.150716,-7.464731,-100.614182,-12.000000,-14.294062,0.000000,0.000000,1.000000,-2.525000
-3.595896,-10.198593,-9.684457,-53.500000,-5.257865,-0.102798,-8.035664,-10.635664,-7.727173,-100.401535,-12.000000,-19.997967,0.000000,0.000000,1.000000,-2.675000
39.342220,1.668220,-5.447513,-55.900002,-6.054298,-0.119616,-8.968914,-11.568914,-8.090942,-100.316231,-12.000000,-22.151733,0.000000,0.000000,1.000000,-2.795000
-20.075888,-11.546066,-7.723560,-64.700005,-6.837173,-0.124796,-10.196969,-12.796968,-8.468944,-100.217453,-15.000000,-23.311726,0.000000,0.000000,1.000000,-3.235000
-17.270430,-13.357760,-9.826305,-67.400002,-6.908844,-0.141855,-10.420698,-13.020699,-8.858555,-99.968414,-19.000000,-19.319696,0.000000,0.000000,1.000000,-3.370000
-32.662418,-18.740767,-13.153280,-74.200005,-7.325606,-0.149036,-11.184643,-13.784643,-9.221640,-99.647430,-18.000000,-19.961235,0.000000,0.000000,1.000000,-3.710000
-36.858852,-22.485210,-16.636059,-76.400002,-7.171673,-0.170769,-11.162441,-13.762442,-9.616894,-99.235168,-20.000000,-22.410173,0.000000,0.000000,1.000000,-3.820000
21.144846,-7.847154,-13.355943,-79.800003,-7.973287,-0.186403,-12.149691,-14.749691,-10.050944,-98.931847,-18.000000,-24.709885,0.000000,0.000000,1.000000,-3.990000
31.445896,-2.268538,-9.218001,-80.000000,-8.493839,-0.214716,-12.708555,-15.308556,-10.574294,-98.830688,-20.000000,-19.448652,0.000000,0.000000,1.000000,-4.000000
-19.745564,-13.307432,-10.744222,-85.400002,-8.958694,-0.225776,-13.454470,-16.054470,-10.812737,-98.674927,-22.000000,-26.702312,0.000000,0.000000,1.000000,-4.270000
-32.846443,-16.883345,-13.035410,-85.400002,-8.683751,-0.254722,-13.208473,-15.808474,-11.204858,-98.373016,-24.000000,-24.219929,0.000000,0.000000,1.000000,-4.270000
-24.651237,-18.067415,-14.913409,-88.599998,-8.842391,-0.273143,-13.545534,-16.145535,-11.718727,-98.023506,-20.000000,-26.197886,0.000000,0.000000,1.000000,-4.430000
-42.960297,-27.465967,-19.598162,-88.599998,-8.280220,-0.300744,-13.010963,-15.610964,-12.126119,-97.568169,-20.000000,-18.692299,0.000000,0.000000,1.000000,-4.430000
-36.700787,-30.187702,-23.550295,-90.300003,-8.009965,-0.327444,-12.852409,-15.452410,-12.503505,-96.991631,-15.000000,-16.692854,0.000000,0.000000,1.000000,-4.515000
-19.322763,-26.196327,-24.537823,-90.300003,-7.891461,-0.353749,-12.760210,-15.360210,-12.728931,-96.427788,-13.000000,-15.876727,0.000000,0.000000,1.000000,-4.515000
-35.591595,-30.714432,-26.843000,-91.500000,-7.758840,-0.379612,-12.713451,-15.313452,-12.894335,-95.858681,-12.000000,-12.684850,0.000000,0.000000,1.000000,-4.575000
-24.069075,-29.283102,-27.753674,-91.500000,-7.649559,-0.405110,-12.629669,-15.229670,-13.038715,-95.258705,-11.000000,-12.004959,0.000000,0.000000,1.000000,-4.575000
-41.964939,-33.972740,-30.074697,-91.800003,-7.407036,-0.429800,-12.426836,-15.026836,-13.176974,-94.626144,-10.000000,-14.124285,0.000000,0.000000,1.000000,-4.590000
-54.440147,-40.248711,-33.871750,-91.800003,-6.951390,-0.452971,-11.994362,-14.594362,-13.334241,-93.883926,-8.000000,-16.256199,0.000000,0.000000,1.000000,-4.590000
-26.958517,-34.324879,-34.040863,-93.200005,-7.099097,-0.476635,-12.235732,-14.835732,-13.573743,-93.138191,-5.000000,-11.461638,0.000000,0.000000,1.000000,-4.660000
-62.964661,-44.458054,-37.928673,-93.200005,-6.632560,-0.498744,-11.791304,-14.391304,-13.700729,-92.350365,-5.000000,-1.319769,0.000000,0.000000,1.000000,-4.660000
-37.046181,-39.143295,-38.381985,-94.400002,-6.722162,-0.521151,-11.963313,-14.563313,-13.684524,-91.514351,-3.000000,0.404347,0.000000,0.000000,1.000000,-4.720000
-96.749344,-59.197521,-46.150574,-94.400002,-5.789931,-0.540451,-11.050383,-13.650383,-13.693745,-90.530945,-4.000000,1.819428,0.000000,0.000000,1.000000,-4.720000
-60.782440,-53.642445,-48.946621,-98.599998,-5.958405,-0.549908,-11.438313,-14.038313,-13.465040,-89.402542,0.000000,1.046709,0.000000,0.000000,1.000000,-4.930000
-79.687378,-59.321800,-52.818752,-98.599998,-5.493750,-0.568221,-10.991970,-13.591970,-13.338876,-88.272903,-3.000000,3.084968,0.000000,0.000000,1.000000,-4.930000
-39.964943,-50.986618,-52.134979,-99.099998,-5.635802,-0.587007,-11.177809,-13.777809,-13.185306,-87.169823,-2.000000,9.842499,0.000000,0.000000,1.000000,-4.955000
-131.709610,-78.383820,-61.931335,-99.099998,-4.460239,-0.601874,-10.017114,-12.617113,-12.931353,-85.876122,-4.000000,11.236302,0.000000,0.000000,1.000000,-4.955000
-124.533699,-81.105110,-69.087196,-99.099998,-3.601536,-0.613880,-9.170416,-11.770416,-12.633207,-84.281235,0.000000,11.311533,0.000000,0.000000,1.000000,-4.955000
-87.237244,-76.738274,-71.942665,-99.099998,-3.258880,-0.624743,-8.838622,-11.438622,-12.286401,-82.702805,2.000000,14.114588,0.000000,0.000000,1.000000,-4.955000
-74.908249,-75.711357,-73.349182,-99.099998,-3.090098,-0.635043,-8.680140,-11.280140,-11.872085,-81.178307,2.000000,18.395954,0.000000,0.000000,1.000000,-4.955000
-92.309067,-80.704086,-76.094116,-99.099998,-2.760706,-0.644245,-8.359951,-10.959951,-11.397465,-79.614151,0.000000,17.072189,0.000000,0.000000,1.000000,-4.955000
-82.157532,-80.350433,-77.682617,-99.099998,-2.570086,-0.652812,-8.177898,-10.777899,-10.934682,-78.003609,0.000000,17.845482,0.000000,0.000000,1.000000,-4.955000
-112.410355,-88.884186,-81.863167,-99.099998,-2.068420,-0.659707,-7.683126,-10.283127,-10.534814,-76.311264,-1.000000,17.619328,0.000000,0.000000,1.000000,-4.955000
-122.568497,-95.812065,-87.069046,-99.099998,-1.443714,-0.664519,-7.063233,-9.663233,-10.187152,-74.464302,0.000000,13.656098,0.000000,0.000000,1.000000,-4.955000
-107.534195,-96.089508,-90.435585,-99.099998,-1.039730,-0.667985,-6.662714,-9.262714,-9.879969,-72.545288,1.000000,11.281356,0.000000,0.000000,1.000000,-4.955000
-61.472046,-84.027534,-88.044029,-99.099998,-1.326716,-0.672407,-6.954123,-9.554123,-9.635193,-70.744118,1.000000,7.925107,0.000000,0.000000,1.000000,-4.955000
-95.223511,-92.041122,-89.535789,-99.099998,-1.147705,-0.676233,-6.778938,-9.378939,-9.299638,-68.983429,-1.000000,12.513136,0.000000,0.000000,1.000000,-4.955000
-77.578568,-87.804207,-88.889542,-99.099998,-1.225255,-0.680317,-6.860572,-9.460571,-8.913695,-67.184975,-2.000000,17.734928,0.000000,0.000000,1.000000,-4.955000
-113.380753,-96.626648,-91.777115,-99.099998,-0.878746,-0.683246,-6.516993,-9.116993,-8.560119,-65.340668,-4.000000,14.166311,0.000000,0.000000,1.000000,-4.955000
-106.255768,-98.546104,-94.303375,-99.099998,-0.575595,-0.685165,-6.215760,-8.815760,-8.145905,-63.388939,-4.000000,13.257755,0.000000,0.000000,1.000000,-4.955000
-88.908455,-94.630142,-94.425331,-99.099998,-0.560960,-0.687035,-6.202995,-8.802995,-7.854694,-61.457176,-4.000000,11.026522,0.000000,0.000000,1.000000,-4.955000
-92.721176,-95.244064,-94.730888,-98.300003,-0.428294,-0.688463,-6.031757,-8.631757,-7.585596,-59.558434,-6.000000,9.836757,0.000000,0.000000,1.000000,-4.915000
-112.345970,-101.952484,-97.426071,-99.099998,-0.200871,-0.689132,-5.845003,-8.445004,-7.284478,-57.586468,-6.000000,11.439417,0.000000,0.000000,1.000000,-4.955000
-50.697571,-85.582932,-93.006081,-99.099998,-0.731270,-0.691570,-6.377840,-8.977840,-7.071197,-55.711113,-6.000000,8.935500,0.000000,0.000000,1.000000,-4.955000
-84.387695,-91.548576,-92.462128,-99.099998,-0.796544,-0.694225,-6.445769,-9.045769,-6.857882,-53.939796,-10.000000,6.394336,0.000000,0.000000,1.000000,-4.955000
-239.930588,-134.945251,-108.317299,-99.099998,1.106076,-0.690538,-4.539462,-7.139462,-6.711945,-51.674858,-11.000000,2.239369,0.000000,0.000000,1.000000,-4.955000
-105.970131,-107.870186,-108.150429,-99.099998,1.086052,-0.686918,-4.555866,-7.155866,-6.684858,-49.246704,-2.000000,-4.269337,0.000000,0.000000,1.000000,-4.955000
-54.680027,-94.607201,-103.095947,-99.099998,0.479514,-0.685319,-5.160806,-7.760806,-6.690812,-47.221931,-2.000000,-0.343108,0.000000,0.000000,1.000000,-4.955000
108.999458,-44.133556,-81.090530,-99.099998,-2.161136,-0.692523,-7.808660,-10.408659,-6.590750,-45.834522,-5.000000,8.696973,0.000000,0.000000,1.000000,-4.955000
62.111618,-42.608841,-66.728745,-99.099998,-3.884550,-0.705472,-9.545022,-12.145021,-6.376499,-44.967098,-20.000000,8.831631,0.000000,0.000000,1.000000,-4.955000
33.556793,-39.597969,-56.603241,-99.099998,-5.099611,-0.722470,-10.777081,-13.377081,-6.210686,-44.145031,-29.000000,0.514332,0.000000,0.000000,1.000000,-4.955000
22.894955,-34.488174,-48.349655,-99.099998,-6.090041,-0.742771,-11.787811,-14.387812,-6.347906,-43.404171,-35.000000,-11.310694,0.000000,0.000000,1.000000,-4.955000
-11.774776,-38.370026,-44.625149,-99.099998,-6.536982,-0.764561,-12.256542,-14.856543,-6.614273,-42.675591,-38.000000,-15.810133,0.000000,0.000000,1.000000,-4.955000
-18.280787,-37.213875,-41.859180,-99.099998,-6.868898,-0.787457,-12.611355,-15.211355,-6.999168,-41.919750,-39.000000,-21.951218,0.000000,0.000000,1.000000,-4.955000
-36.298523,-40.476452,-41.343132,-99.099998,-6.930824,-0.810560,-12.696383,-15.296383,-7.415154,-41.142845,-39.000000,-24.814724,0.000000,0.000000,1.000000,-4.955000
-54.097031,-45.767822,-42.994476,-99.099998,-6.732663,-0.833002,-12.520664,-15.120665,-7.830005,-40.280403,-37.000000,-25.423084,0.000000,0.000000,1.000000,-4.955000
-33.760746,-41.678764,-42.503437,-99.099998,-6.791587,-0.855641,-12.602228,-15.202229,-8.294816,-39.405937,-34.000000,-22.382231,0.000000,0.000000,1.000000,-4.955000
-28.359476,-39.270073,-41.296711,-99.099998,-6.936394,-0.878762,-12.770156,-15.370155,-8.686226,-38.596447,-32.000000,-23.498486,0.000000,0.000000,1.000000,-4.955000
-79.592171,-53.197372,-45.738167,-99.099998,-6.403419,-0.900107,-12.258526,-14.858526,-9.105524,-37.671772,-31.000000,-23.545761,0.000000,0.000000,1.000000,-4.955000
-189.951981,-87.326347,-61.259331,-99.099998,-4.540880,-0.915243,-10.411123,-13.011124,-9.480764,-36.266537,-26.000000,-20.910994,0.000000,0.000000,1.000000,-4.955000
-5.481983,-46.400002,-55.713665,-99.099998,-5.206360,-0.932597,-11.093957,-13.693956,-9.790394,-34.929272,-16.000000,-14.461355,0.000000,0.000000,1.000000,-4.955000
1.895480,-41.809822,-50.524597,-99.099998,-5.829048,-0.952027,-11.736075,-14.336075,-9.982485,-34.047173,-18.000000,-12.736292,0.000000,0.000000,1.000000,-4.955000
9.344824,-34.407280,-44.509438,-99.099998,-6.550867,-0.973864,-12.479731,-15.079731,-10.138383,-33.285000,-21.000000,-10.246150,0.000000,0.000000,1.000000,-4.955000
19.749271,-28.548147,-38.552509,-99.099998,-7.265698,-0.998083,-13.218781,-15.818781,-10.356733,-32.655445,-23.000000,-12.549981,0.000000,0.000000,1.000000,-4.955000
-10.651567,-31.924198,-36.078751,-99.099998,-7.562550,-1.023291,-13.540841,-16.140841,-10.532342,-32.050720,-26.000000,-9.718830,0.000000,0.000000,1.000000,-4.955000
11.878344,-24.732729,-31.844292,-99.099998,-8.070684,-1.050194,-14.075878,-16.675879,-10.708321,-31.484152,-27.000000,-11.065923,0.000000,0.000000,1.000000,-4.955000
-24.966904,-30.896120,-31.490423,-99.099998,-8.113149,-1.077237,-14.145386,-16.745386,-10.911838,-30.927864,-28.000000,-12.509333,0.000000,0.000000,1.000000,-4.955000
-20.350258,-29.919744,-30.904228,-99.099998,-8.183493,-1.104516,-14.243009,-16.843008,-11.186467,-30.319706,-27.000000,-15.391272,0.000000,0.000000,1.000000,-4.955000
5.552960,-21.702148,-27.469912,-99.099998,-8.595611,-1.133168,-14.683779,-17.283779,-11.434703,-29.803488,-27.000000,-13.760700,0.000000,0.000000,1.000000,-4.955000
-24.295292,-28.126629,-27.715006,-99.099998,-8.566199,-1.161722,-14.682920,-17.282921,-11.726190,-29.305201,-27.000000,-13.510422,0.000000,0.000000,1.000000,-4.955000
-64.099113,-39.986252,-32.294769,-99.099998,-8.016627,-1.188444,-14.160071,-16.760071,-11.994141,-28.624071,-26.000000,-11.924007,0.000000,0.000000,1.000000,-4.955000
-20.752569,-32.013737,-32.189884,-99.099998,-8.029213,-1.215208,-14.199421,-16.799421,-12.187935,-27.904072,-23.000000,-11.897215,0.000000,0.000000,1.000000,-4.955000
-1.220759,-25.447887,-29.673697,-99.099998,-8.331156,-1.242978,-14.529134,-17.129133,-12.345827,-27.329456,-22.000000,-10.522135,0.000000,0.000000,1.000000,-4.955000
-57.997192,-40.014107,-33.532852,-99.099998,-7.868057,-1.269205,-14.092262,-16.692263,-12.479939,-26.674837,-23.000000,-9.417097,0.000000,0.000000,1.000000,-4.955000
-7.802185,-28.035923,-31.481339,-99.099998,-8.114239,-1.296253,-14.365492,-16.965492,-12.690118,-25.994337,-20.000000,-12.057428,0.000000,0.000000,1.000000,-4.955000
-19.660086,-30.751305,-31.208881,-99.099998,-8.146934,-1.323409,-14.425343,-17.025343,-12.863999,-25.406466,-20.000000,-10.787765,0.000000,0.000000,1.000000,-4.955000
-40.730270,-35.823540,-32.931122,-99.099998,-7.940265,-1.349877,-14.245142,-16.845142,-13.045896,-24.740717,-20.000000,-10.970416,0.000000,0.000000,1.000000,-4.955000
-116.582619,-58.451374,-42.455559,-99.099998,-6.797333,-1.372535,-13.124867,-15.724867,-13.073389,-23.797968,-19.000000,-3.681411,0.000000,0.000000,1.000000,-4.955000
-156.276718,-76.374054,-55.114315,-99.099998,-5.278282,-1.390129,-11.623410,-14.223410,-13.049671,-22.449715,-13.000000,-1.496786,0.000000,0.000000,1.000000,-4.955000
-117.359390,-74.317123,-62.281013,-99.099998,-4.418278,-1.404856,-10.778134,-13.378134,-12.995644,-20.942802,-6.000000,2.747643,0.000000,0.000000,1.000000,-4.955000
-173.962769,-94.943817,-74.471130,-99.099998,-2.955464,-1.414708,-9.325172,-11.925173,-12.882231,-19.250193,-2.000000,4.271532,0.000000,0.000000,1.000000,-4.955000
-186.209457,-107.013733,-86.616386,-99.099998,-1.498033,-1.419701,-7.872735,-10.472734,-12.699855,-17.230618,3.000000,14.243151,0.000000,0.000000,1.000000,-4.955000
-214.875076,-123.450439,-100.363258,-99.099998,0.151591,-1.419196,-6.222605,-8.822605,-12.385274,-14.925976,9.000000,19.231096,0.000000,0.000000,1.000000,-4.955000
-221.976547,-135.450546,-113.458221,-99.099998,1.722987,-1.413453,-4.645466,-7.245466,-11.929864,-12.336966,15.000000,26.302357,0.000000,0.000000,1.000000,-4.955000
-190.718338,-135.599686,-121.721657,-99.099998,2.714599,-1.404404,-3.644805,-6.244805,-11.359407,-9.626463,20.000000,30.892412,0.000000,0.000000,1.000000,-4.955000
-210.826233,-147.620346,-131.387329,-99.099998,3.874480,-1.391489,-2.472010,-5.072010,-10.655163,-6.794263,21.000000,36.583855,0.000000,0.000000,1.000000,-4.955000
-103.407379,-124.779282,-128.921127,-99.099998,3.578535,-1.379561,-2.756025,-5.356025,-9.903619,-4.070267,24.000000,41.926216,0.000000,0.000000,1.000000,-4.955000
-204.490143,-151.232803,-137.248093,-98.300003,4.673770,-1.363981,-1.605211,-4.205212,-9.117281,-1.310146,18.000000,36.909451,0.000000,0.000000,1.000000,-4.915000
-197.105209,-155.385391,-144.017136,-95.700005,5.798056,-1.349115,-0.336059,-2.936059,-8.382054,1.756036,20.000000,32.923370,0.000000,0.000000,1.000000,-4.785000
-193.125458,-157.802505,-149.161987,-72.700005,9.175438,-1.346455,4.193983,1.593983,-7.744176,4.887915,23.000000,32.001041,0.000000,0.000000,1.000000,-3.635000
-224.724167,-170.583710,-157.156815,-64.200005,11.154817,-1.337706,6.607110,4.007110,-7.039288,8.171777,43.000000,40.634270,0.000000,0.000000,1.000000,-3.210000
-195.416901,-168.663406,-161.451202,-26.600000,16.182142,-1.334837,13.517305,10.917305,-6.095782,11.564248,50.000000,55.669460,0.000000,0.000000,1.000000,-1.330000
-257.954895,-187.417542,-171.142120,-14.200000,18.833054,-1.324712,16.798344,14.198343,-4.883626,15.125057,78.000000,70.406067,0.000000,0.000000,1.000000,-0.710000
-251.127655,-193.241150,-179.389725,0.000000,21.526766,-1.314605,20.000000,17.400000,-3.326321,18.931644,87.000000,89.873352,0.000000,20.000002,1.000000,0.000000
-88.325989,-152.718826,-169.435852,0.000000,20.332302,-1.246831,19.085470,16.485470,-1.405481,22.391243,93.000000,103.805229,0.000000,40.000004,1.000000,0.000000
-208.713028,-179.752106,-173.285995,0.000000,32.355381,0.000000,25.000000,22.400000,0.717082,25.715952,78.000000,112.095093,1.000000,0.000000,0.000000,0.000000
-154.380173,-166.305893,-170.680939,0.000000,29.935062,0.000000,25.000000,22.400000,2.885096,29.176533,97.000000,111.304489,1.000000,0.000000,0.000000,0.000000
-123.876953,-156.271469,-165.303162,0.000000,28.128866,0.000000,25.000000,22.400000,5.039750,32.402306,86.000000,113.633446,1.000000,0.000000,0.000000,0.000000
-113.013123,-147.756241,-158.754456,0.000000,26.596125,0.000000,25.000000,22.400000,7.229174,35.442581,75.000000,109.582169,1.000000,0.000000,0.000000,0.000000
-180.971069,-162.597427,-160.188690,0.000000,29.267538,0.000000,25.000000,22.400000,9.308250,38.546120,65.000000,103.618126,1.000000,0.000000,0.000000,0.000000
-191.046860,-165.385880,-162.128342,0.000000,29.769459,0.000000,25.000000,22.400000,11.133248,41.825954,56.000000,90.881706,1.000000,0.000000,0.000000,0.000000
-13.302883,-115.885582,-144.870041,0.000000,20.859406,0.000000,20.859406,18.259405,12.578988,44.638668,49.000000,72.399307,1.000000,0.000000,0.000000,0.000000
-150.981415,-142.271378,-143.900192,0.000000,25.608849,0.000000,25.000000,22.400000,13.699125,47.220238,22.000000,60.328922,1.000000,0.000000,0.000000,0.000000
-182.637863,-149.101425,-145.841354,0.000000,26.838257,0.000000,25.000000,22.400000,14.571717,50.133965,39.000000,52.379459,1.000000,0.000000,0.000000,0.000000
-127.688171,-136.355576,-142.301163,0.000000,24.544004,0.000000,24.544004,21.944004,15.373064,52.988533,35.000000,51.550869,1.000000,0.000000,0.000000,0.000000
-137.253357,-135.191467,-139.647751,0.000000,24.334465,0.000000,24.334465,21.734465,16.170609,55.704002,28.000000,50.039692,1.000000,0.000000,0.000000,0.000000
-156.069199,-139.069351,-139.431885,0.000000,25.032484,0.000000,25.000000,22.400000,16.923996,58.446609,24.000000,45.806484,1.000000,0.000000,0.000000,0.000000
-152.793961,-138.556702,-139.105255,0.000000,24.940207,0.000000,24.940207,22.340206,17.499584,61.222870,24.000000,37.342762,1.000000,0.000000,0.000000,0.000000
-78.886978,-117.711487,-131.120865,0.000000,21.188068,0.000000,21.188068,18.588068,18.054462,63.785553,21.000000,35.067101,1.000000,0.000000,0.000000,0.000000
-113.935516,-122.454826,-127.886604,0.000000,22.041870,0.000000,22.041870,19.441870,18.702414,66.187218,0.000000,32.891136,1.000000,0.000000,0.000000,0.000000
-127.921631,-123.747353,-126.341789,0.000000,22.274525,0.000000,22.274525,19.674524,19.206432,68.649239,1.000000,25.274937,1.000000,0.000000,0.000000,0.000000
-119.467903,-119.031586,-123.613541,0.000000,21.425686,0.000000,21.425686,18.825686,19.536293,71.077026,0.000000,17.931541,1.000000,0.000000,0.000000,0.000000
-121.291985,-117.373215,-121.284584,0.000000,21.127180,0.000000,21.127180,18.527180,19.822079,73.441071,-4.000000,17.160404,1.000000,0.000000,0.000000,0.000000
-117.652641,-115.668991,-119.188782,0.000000,20.820419,0.000000,20.820419,18.220419,20.048794,75.771492,-7.000000,14.943689,1.000000,0.000000,0.000000,0.000000
-102.755165,-109.058876,-115.408188,0.000000,19.630598,0.000000,19.630598,17.030598,20.119177,78.018768,-9.000000,4.248124,1.000000,0.000000,0.000000,0.000000
-94.826561,-104.676163,-111.402878,0.000000,18.841709,0.000000,18.841709,16.241709,20.014250,80.156120,-14.000000,-2.859310,1.000000,0.000000,0.000000,0.000000
-70.328697,-95.183777,-105.349731,0.000000,17.133081,0.000000,17.133081,14.533081,19.650013,82.154716,-17.000000,-5.715117,1.000000,0.000000,0.000000,0.000000
-88.578140,-94.037727,-101.127968,0.000000,16.926792,0.000000,16.926792,14.326792,19.227531,84.046928,-23.000000,-10.923472,1.000000,0.000000,0.000000,0.000000
-74.212761,-88.032333,-96.240532,0.000000,15.845820,0.000000,15.845820,13.245821,18.790594,85.867630,-22.000000,-13.522409,1.000000,0.000000,0.000000,0.000000
-46.684517,-76.896362,-89.021072,0.000000,13.841346,0.000000,13.841346,11.241346,18.300816,87.516914,-25.000000,-11.463184,1.000000,0.000000,0.000000,0.000000
-60.335541,-74.789429,-83.709663,0.000000,13.462098,0.000000,13.462098,10.862099,17.917913,89.033775,-33.000000,-13.670228,1.000000,0.000000,0.000000,0.000000
-51.222366,-69.851707,-78.537720,0.000000,12.573308,0.000000,12.573308,9.973309,17.585138,90.480186,-33.000000,-16.741405,1.000000,0.000000,0.000000,0.000000
-43.679893,-62.595650,-72.587967,0.000000,11.267218,0.000000,11.267218,8.667217,17.212400,91.804657,-36.000000,-14.238064,1.000000,0.000000,0.000000,0.000000
-37.402325,-58.500023,-67.330193,0.000000,10.530005,0.000000,10.530005,7.930005,16.820799,93.015617,-40.000000,-22.831354,1.000000,0.000000,0.000000,0.000000
-34.639351,-54.491360,-62.538597,0.000000,9.808445,0.000000,9.808445,7.208445,16.347208,94.145531,-42.000000,-22.709097,1.000000,0.000000,0.000000,0.000000
-36.839031,-51.978107,-58.597305,0.000000,9.356060,0.000000,9.356060,6.756060,15.798356,95.210228,-43.000000,-25.818071,1.000000,0.000000,0.000000,0.000000
-18.025967,-44.836090,-53.461468,0.000000,8.070497,0.000000,8.070497,5.470497,15.164657,96.178368,-42.000000,-28.118122,1.000000,0.000000,0.000000,0.000000
-13.988656,-38.729874,-47.963474,0.000000,6.971377,0.000000,6.971377,4.371377,14.364865,97.014030,-44.000000,-36.472103,1.000000,0.000000,0.000000,0.000000
12.439494,-29.475855,-41.063690,0.000000,5.305654,0.000000,5.305654,2.705654,13.473963,97.696091,-45.000000,-38.436981,1.000000,0.000000,0.000000,0.000000
3.733951,-25.200706,-35.143452,0.000000,4.536128,0.000000,4.536128,1.936128,12.648948,98.242859,-50.000000,-39.556957,1.000000,0.000000,0.000000,0.000000
-10.776686,-22.831755,-30.548592,0.000000,4.109716,0.000000,4.109716,1.509716,11.791166,98.723183,-49.000000,-45.342548,1.000000,0.000000,0.000000,0.000000
13.119864,-14.529731,-24.570177,0.000000,2.615352,0.000000,2.615352,0.015352,10.819214,99.096794,-46.000000,-50.573605,1.000000,0.000000,0.000000,0.000000
16.856770,-10.658728,-19.378271,0.000000,1.918571,0.000000,1.918571,-0.681429,9.816617,99.348679,-49.000000,-51.773308,1.000000,0.000000,0.000000,0.000000
30.950474,-3.335401,-13.390896,0.000000,0.600372,0.000000,0.600372,-1.999628,8.790367,99.488617,-47.000000,-49.206890,1.000000,0.000000,0.000000,0.000000
43.820892,4.971750,-6.537755,0.000000,-0.894915,0.000000,-0.894915,-3.494915,7.945885,99.472252,-50.000000,-47.581959,1.000000,0.000000,0.000000,0.000000
27.258209,3.652258,-2.734730,0.000000,-0.657406,0.000000,-0.657406,-3.257406,7.075265,99.386009,-53.000000,-42.664890,1.000000,0.000000,0.000000,0.000000
33.918537,9.952746,2.000376,0.000000,-1.791494,0.000000,-1.791494,-4.391494,6.182828,99.249962,-47.000000,-47.841045,1.000000,0.000000,0.000000,0.000000
47.762623,16.948536,7.579193,0.000000,-3.050737,0.000000,-3.050737,-5.650737,5.233220,98.980949,-48.000000,-50.557152,1.000000,0.000000,0.000000,0.000000
-10.280814,5.451080,6.784958,0.000000,-0.981194,0.000000,-0.981194,-3.581194,4.291466,98.756950,-50.000000,-50.568321,1.000000,0.000000,0.000000,0.000000
38.169075,17.794436,10.893816,0.000000,-3.202998,0.000000,-3.202998,-5.802999,3.373325,98.524498,-35.000000,-43.429852,1.000000,0.000000,0.000000,0.000000
49.454685,22.372608,15.177828,0.000000,-4.027070,0.000000,-4.027070,-6.627069,2.503158,98.122826,-41.000000,-37.286343,1.000000,0.000000,0.000000,0.000000
60.403580,27.185177,19.659103,0.000000,-4.893332,0.000000,-4.893332,-7.493332,1.771011,97.627251,-42.000000,-39.065262,1.000000,0.000000,0.000000,0.000000
42.676716,26.016264,22.031666,0.000000,-4.682928,0.000000,-4.682928,-7.282928,1.019613,97.095238,-42.000000,-36.046165,1.000000,0.000000,0.000000,0.000000
53.103615,31.207993,25.456371,0.000000,-5.617439,0.000000,-5.617439,-8.217439,0.259457,96.522995,-38.000000,-37.388573,1.000000,0.000000,0.000000,0.000000
63.568558,36.906982,29.729866,0.000000,-6.643257,0.000000,-6.643257,-9.243258,-0.474334,95.841843,-39.000000,-38.521446,1.000000,0.000000,0.000000,0.000000
16.599718,24.253334,27.685965,0.000000,-4.365600,0.000000,-4.365600,-6.965600,-1.133214,95.230240,-40.000000,-32.945576,1.000000,0.000000,0.000000,0.000000
46.890526,33.916454,30.011251,0.000000,-6.104962,0.000000,-6.104962,-8.704962,-1.854983,94.648544,-25.000000,-37.254440,1.000000,0.000000,0.000000,0.000000
69.727776,38.251312,33.086533,0.000000,-6.885236,0.000000,-6.885236,-9.485236,-2.489753,93.926865,-31.000000,-30.557133,1.000000,0.000000,0.000000,0.000000
71.204605,43.252571,36.880611,0.000000,-7.785463,0.000000,-7.785463,-10.385464,-3.089408,93.111824,-32.000000,-35.473724,1.000000,0.000000,0.000000,0.000000
62.752182,41.337650,38.544029,0.000000,-7.440777,0.000000,-7.440777,-10.040777,-3.783600,92.265923,-33.000000,-37.437424,1.000000,0.000000,0.000000,0.000000
62.262283,45.671013,41.203899,0.000000,-8.220782,0.000000,-8.220782,-10.820782,-4.600268,91.395836,-27.000000,-40.417225,1.000000,0.000000,0.000000,0.000000
70.613441,48.497349,43.925896,0.000000,-8.729523,0.000000,-8.729523,-11.329523,-5.402749,90.454155,-27.000000,-38.051186,1.000000,0.000000,0.000000,0.000000
45.381859,44.560989,44.162918,0.000000,-8.020978,0.000000,-8.020978,-10.620977,-6.088424,89.523575,-26.000000,-31.621889,1.000000,0.000000,0.000000,0.000000
51.132618,45.868893,44.799606,0.000000,-8.256401,0.000000,-8.256401,-10.856401,-6.754821,88.619278,-19.000000,-32.805336,1.000000,0.000000,0.000000,0.000000
33.618046,39.591854,42.856014,0.000000,-7.126534,0.000000,-7.126534,-9.726534,-7.316326,87.764671,-18.000000,-27.741848,1.000000,0.000000,0.000000,0.000000
52.816051,46.794456,44.325886,0.000000,-8.423002,0.000000,-8.423002,-11.023003,-7.768535,86.900810,-10.000000,-22.241852,1.000000,0.000000,0.000000,0.000000
39.674171,41.367752,43.221878,0.000000,-7.446196,0.000000,-7.446196,-10.046196,-8.094320,86.019188,-14.000000,-13.215308,1.000000,0.000000,0.000000,0.000000
59.263580,43.862320,43.460899,0.000000,-7.895218,0.000000,-7.895218,-10.495218,-8.317210,85.166885,-8.000000,-10.827477,1.000000,0.000000,0.000000,0.000000
10.100007,33.080452,39.586803,0.000000,-5.954482,0.000000,-5.954482,-8.554482,-8.503795,84.397461,-10.000000,-13.972574,1.000000,0.000000,0.000000,0.000000
17.645815,31.065155,36.406429,0.000000,-5.591728,0.000000,-5.591728,-8.191729,-8.668583,83.756004,0.000000,-6.744171,1.000000,0.000000,0.000000,0.000000
35.362953,35.891949,36.214420,0.000000,-6.460551,0.000000,-6.460551,-9.060551,-8.785065,83.086433,2.000000,-3.889639,1.000000,0.000000,0.000000,0.000000
50.698120,37.925850,36.853146,0.000000,-6.826653,0.000000,-6.826653,-9.426653,-8.756618,82.348259,-1.000000,0.679593,1.000000,0.000000,0.000000,0.000000
5.379237,27.592922,33.397129,0.000000,-4.966726,0.000000,-4.966726,-7.566726,-8.679669,81.693069,-3.000000,2.501954,1.000000,0.000000,0.000000,0.000000
14.590054,25.154049,30.320721,0.000000,-4.527729,0.000000,-4.527729,-7.127729,-8.634595,81.165596,5.000000,3.300985,1.000000,0.000000,0.000000,0.000000
45.574043,32.701241,31.209156,0.000000,-5.886223,0.000000,-5.886223,-8.486223,-8.517791,80.587044,6.000000,7.701390,1.000000,0.000000,0.000000,0.000000
23.038023,30.999325,31.130844,0.000000,-5.579879,0.000000,-5.579879,-8.179878,-8.303544,79.950035,-1.000000,10.714318,1.000000,0.000000,0.000000,0.000000
48.507233,35.655777,32.819599,0.000000,-6.418040,0.000000,-6.418040,-9.018040,-8.112316,79.283485,0.000000,2.949424,1.000000,0.000000,0.000000,0.000000
29.960093,29.595333,31.616268,0.000000,-5.327160,0.000000,-5.327160,-7.927160,-8.094521,78.630974,-4.000000,2.560995,1.000000,0.000000,0.000000,0.000000
20.624245,25.948936,29.501158,0.000000,-4.670809,0.000000,-4.670809,-7.270809,-8.102346,78.075531,0.000000,-0.307025,1.000000,0.000000,0.000000,0.000000
-1.850135,19.136101,25.632805,0.000000,-3.444498,0.000000,-3.444498,-6.044498,-8.108906,77.624680,3.000000,2.419431,1.000000,0.000000,0.000000,0.000000
12.783210,18.618008,23.014805,0.000000,-3.351242,0.000000,-3.351242,-5.951241,-8.063804,77.247139,9.000000,4.431244,1.000000,0.000000,0.000000,0.000000
18.517138,19.134630,21.566681,0.000000,-3.444234,0.000000,-3.444234,-6.044233,-7.962191,76.869614,9.000000,5.621736,1.000000,0.000000,0.000000,0.000000
19.998268,21.574352,21.569544,0.000000,-3.883384,0.000000,-3.883384,-6.483383,-7.805613,76.462524,8.000000,13.965116,1.000000,0.000000,0.000000,0.000000
16.155792,20.651546,21.226936,0.000000,-3.717278,0.000000,-3.717278,-6.317278,-7.571319,76.040268,5.000000,13.441547,1.000000,0.000000,0.000000,0.000000
21.730618,22.562168,21.725260,0.000000,-4.061191,0.000000,-4.061191,-6.661191,-7.282656,75.608131,4.000000,14.113758,1.000000,0.000000,0.000000,0.000000
24.653299,24.128876,22.622316,0.000000,-4.343198,0.000000,-4.343198,-6.943198,-7.029877,75.141220,1.000000,7.679948,1.000000,0.000000,0.000000,0.000000
11.237456,18.460051,21.068913,0.000000,-3.322809,0.000000,-3.322809,-5.922809,-6.856091,74.715332,0.000000,3.442254,1.000000,0.000000,0.000000,0.000000
13.588816,18.642117,20.163206,0.000000,-3.355581,0.000000,-3.355581,-5.955581,-6.746554,74.344307,3.000000,7.326169,1.000000,0.000000,0.000000,0.000000
3.806298,14.157825,17.921932,0.000000,-2.548409,0.000000,-2.548409,-5.148409,-6.553125,74.016304,2.000000,9.356342,1.000000,0.000000,0.000000,0.000000
9.621294,15.783160,17.123718,0.000000,-2.840969,0.000000,-2.840969,-5.440969,-6.288041,73.716896,5.000000,10.868795,1.000000,0.000000,0.000000,0.000000
4.800823,17.194893,17.150282,0.000000,-3.095081,0.000000,-3.095081,-5.695081,-6.082825,73.387115,2.000000,14.804383,1.000000,0.000000,0.000000,0.000000
18.538240,17.504433,17.282455,0.000000,-3.150798,0.000000,-3.150798,-5.750798,-5.760474,73.040123,0.000000,18.220488,1.000000,0.000000,0.000000,0.000000
15.631868,14.507181,16.246693,0.000000,-2.611293,0.000000,-2.611293,-5.211292,-5.427485,72.720009,-1.000000,18.508301,1.000000,0.000000,0.000000,0.000000
24.812737,15.698406,16.042067,0.000000,-2.825713,0.000000,-2.825713,-5.425713,-5.136516,72.417953,0.000000,11.215865,1.000000,0.000000,0.000000,0.000000
-2.026570,9.648630,13.655966,0.000000,-1.736753,0.000000,-1.736753,-4.336753,-4.943819,72.164482,-2.000000,6.507309,1.000000,0.000000,0.000000,0.000000
-36.782902,0.308549,8.674562,0.000000,-0.055539,0.000000,-0.055539,-2.655539,-4.785298,72.064911,2.000000,6.500977,1.000000,0.000000,0.000000,0.000000
5.055123,7.663966,8.297397,0.000000,-1.379514,0.000000,-1.379514,-3.979514,-4.607721,71.985184,9.000000,8.948656,1.000000,0.000000,0.000000,0.000000
-13.388703,1.495575,5.758883,0.000000,-0.269204,0.000000,-0.269204,-2.869204,-4.318151,71.893585,1.000000,12.479990,1.000000,0.000000,0.000000,0.000000
4.243599,4.499594,5.288902,0.000000,-0.809927,0.000000,-0.809927,-3.409927,-4.057266,71.833633,5.000000,11.910898,1.000000,0.000000,0.000000,0.000000
9.469286,5.692618,5.439574,0.000000,-1.024671,0.000000,-1.024671,-3.624671,-3.857290,71.731712,2.000000,9.493934,1.000000,0.000000,0.000000,0.000000
0.874047,4.318439,5.021154,0.000000,-0.777319,0.000000,-0.777319,-3.377319,-3.603355,71.631599,0.000000,13.694648,1.000000,0.000000,0.000000,0.000000
22.921745,8.827909,6.441876,0.000000,-1.589024,0.000000,-1.589024,-4.189023,-3.403082,71.500137,0.000000,13.465762,1.000000,0.000000,0.000000,0.000000
-2.494142,4.029037,5.541378,0.000000,-0.725227,0.000000,-0.725227,-3.325227,-3.222236,71.371567,-4.000000,8.184309,1.000000,0.000000,0.000000,0.000000
-62.373501,-15.130020,-2.173415,0.000000,2.723404,0.000000,2.723404,0.123404,-3.055627,71.482574,-1.000000,6.449375,1.000000,0.000000,0.000000,0.000000
-3.663405,-3.496067,-2.667043,0.000000,0.629292,0.000000,0.629292,-1.970708,-2.984715,71.668839,15.000000,3.126387,1.000000,0.000000,0.000000,0.000000
-11.601630,-5.035678,-3.551044,0.000000,0.906422,0.000000,0.906422,-1.693578,-2.823184,71.754158,4.000000,14.875424,1.000000,0.000000,0.000000,0.000000
17.649303,1.599100,-1.628954,0.000000,-0.287838,0.000000,-0.287838,-2.887838,-2.528752,71.788521,4.000000,13.939504,1.000000,0.000000,0.000000,0.000000
14.604039,3.628024,0.333008,0.000000,-0.653044,0.000000,-0.653044,-3.253044,-2.280556,71.736252,-3.000000,6.745940,1.000000,0.000000,0.000000,0.000000
7.937588,2.972185,1.317978,0.000000,-0.534993,0.000000,-0.534993,-3.134993,-2.149809,71.670250,-5.000000,3.271261,1.000000,0.000000,0.000000,0.000000
8.487406,4.059726,2.341228,0.000000,-0.730751,0.000000,-0.730751,-3.330750,-2.060955,71.599930,-5.000000,-0.089668,1.000000,0.000000,0.000000,0.000000
1.936856,1.721149,2.109808,0.000000,-0.309807,0.000000,-0.309807,-2.909807,-2.043124,71.542122,-6.000000,0.727288,1.000000,0.000000,0.000000,0.000000
0.260003,1.347971,1.825482,0.000000,-0.242635,0.000000,-0.242635,-2.842635,-2.004000,71.511429,-4.000000,4.312754,1.000000,0.000000,0.000000,0.000000
-56.079056,-15.822706,-4.761016,0.000000,2.848087,0.000000,2.848087,0.248087,-1.930547,71.656174,-4.000000,6.615452,1.000000,0.000000,0.000000,0.000000
-13.539630,-7.910297,-5.936362,0.000000,1.423854,0.000000,1.423854,-1.176146,-1.879962,71.893501,10.000000,6.825897,1.000000,0.000000,0.000000,0.000000
1.985937,-5.134253,-5.637006,0.000000,0.924165,0.000000,0.924165,-1.675834,-1.717372,72.023949,2.000000,11.497318,1.000000,0.000000,0.000000,0.000000
-22.923456,-11.228671,-7.723877,0.000000,2.021161,0.000000,2.021161,-0.578839,-1.398535,72.187576,-1.000000,12.842051,1.000000,0.000000,0.000000,0.000000
10.336499,-2.362389,-5.722911,0.000000,0.425230,0.000000,0.425230,-2.174770,-1.178608,72.323486,2.000000,7.128769,1.000000,0.000000,0.000000,0.000000
14.298076,0.260417,-3.489867,0.000000,-0.046875,0.000000,-0.046875,-2.646875,-1.137387,72.344505,-5.000000,6.460454,1.000000,0.000000,0.000000,0.000000
1.291524,-0.307758,-2.302269,0.000000,0.055397,0.000000,0.055397,-2.544603,-1.052689,72.344978,-8.000000,2.002285,1.000000,0.000000,0.000000,0.000000
2.842559,-1.576082,-2.031248,0.000000,0.283695,0.000000,0.283695,-2.316305,-1.073313,72.363815,-7.000000,-4.390384,1.000000,0.000000,0.000000,0.000000
-6.489997,-4.975679,-3.130142,0.000000,0.895622,0.000000,0.895622,-1.704378,-1.213514,72.429337,-5.000000,-7.121202,1.000000,0.000000,0.000000,0.000000
-15.740755,-7.514382,-4.766389,0.000000,1.352589,0.000000,1.352589,-1.247411,-1.430422,72.554237,-1.000000,-11.949981,1.000000,0.000000,0.000000,0.000000
8.789252,-3.489517,-4.289846,0.000000,0.514781,0.001716,0.516497,-2.083503,-1.566719,72.664276,1.000000,-5.628500,2.000000,0.000000,1.000000,0.000000
0.981972,-4.208436,-4.259463,0.000000,0.511136,0.003420,0.514555,-2.085445,-1.614656,72.741257,-2.000000,-0.802909,2.000000,0.000000,1.000000,0.000000
12.526592,-0.759240,-2.953141,0.000000,0.354377,0.004601,0.358978,-2.241022,-1.680974,72.790932,-2.000000,-5.517337,2.000000,0.000000,1.000000,0.000000
2.037355,-2.361248,-2.732240,0.000000,0.327869,0.005694,0.333563,-2.266437,-1.729603,72.822136,-2.000000,-4.370024,2.000000,0.000000,1.000000,0.000000
-8.648509,-6.196171,-4.025017,0.000000,0.483002,0.007304,0.490306,-2.109694,-1.815881,72.907707,-2.000000,-3.266212,2.000000,0.000000,1.000000,0.000000
0.520975,-4.978941,-4.381032,0.000000,0.525724,0.009056,0.534780,-2.065220,-1.865723,73.019455,-1.000000,-3.487864,2.000000,0.000000,1.000000,0.000000
-2.526861,-4.914176,-4.580007,0.000000,0.549601,0.010888,0.560489,-2.039511,-1.881053,73.118385,-1.000000,-0.861322,2.000000,0.000000,1.000000,0.000000
-2.153671,-2.984602,-3.984584,0.000000,0.478150,0.012482,0.490632,-2.109368,-1.936409,73.197372,0.000000,-3.215704,2.000000,0.000000,1.000000,0.000000
6.768271,0.008221,-2.494425,0.000000,0.299331,0.013480,0.312811,-2.287189,-1.903636,73.227135,-1.000000,0.369033,2.000000,0.000000,1.000000,0.000000
11.927761,3.079181,-0.414294,0.000000,0.049715,0.013646,0.063361,-2.536639,-1.865923,73.196259,-2.000000,1.645628,2.000000,0.000000,1.000000,0.000000
23.220474,7.508876,2.542720,0.000000,-0.305126,0.012629,-0.292498,-2.892498,-1.836498,73.090378,-3.000000,0.942569,2.000000,0.000000,1.000000,0.000000
1.943068,3.808761,3.015221,0.000000,-0.361826,0.011422,-0.350404,-2.950404,-1.804943,72.977203,-5.000000,1.043275,2.000000,0.000000,1.000000,0.000000
4.023832,6.190345,4.200212,0.000000,-0.504025,0.009742,-0.494283,-3.094283,-1.764696,72.877213,-6.000000,1.984502,2.000000,0.000000,1.000000,0.000000
3.696218,4.203086,4.201285,0.000000,-0.504154,0.008062,-0.496092,-3.096092,-1.732597,72.773277,-7.000000,-0.446067,2.000000,0.000000,1.000000,0.000000
8.612604,5.541643,4.701521,0.000000,-0.564183,0.006181,-0.558001,-3.158001,-1.786478,72.675827,-6.000000,-3.558860,2.000000,0.000000,1.000000,0.000000
-5.786992,1.265736,3.419249,0.000000,-0.410310,0.004814,-0.405496,-3.005496,-1.863829,72.607750,-6.000000,-8.079387,2.000000,0.000000,1.000000,0.000000
-9.398809,-0.353954,2.011048,0.000000,-0.241326,0.004009,-0.237317,-2.837317,-1.984022,72.598633,-5.000000,-5.623532,2.000000,0.000000,1.000000,0.000000
-1.913550,1.665053,1.881919,0.000000,-0.225830,0.003256,-0.222574,-2.822574,-2.099855,72.585526,-3.000000,-6.832225,2.000000,0.000000,1.000000,0.000000
-6.869218,1.001502,1.553338,0.000000,-0.186401,0.002635,-0.183765,-2.783765,-2.206264,72.558861,-3.000000,-4.227017,2.000000,0.000000,1.000000,0.000000
33.427895,10.329355,4.828644,0.000000,-0.579437,0.000704,-0.578734,-3.178734,-2.298648,72.445549,-2.000000,-4.045538,2.000000,0.000000,1.000000,0.000000
28.247490,11.240574,7.221646,0.000000,-0.866598,-0.002185,-0.868783,-3.468782,-2.282829,72.229851,-4.000000,0.828974,2.000000,0.000000,1.000000,0.000000
29.870728,12.641504,9.244397,0.000000,-1.109328,-0.005883,-1.115211,-3.715210,-2.229982,71.991028,-6.000000,3.512842,2.000000,0.000000,1.000000,0.000000
14.950567,10.555451,9.733697,0.000000,-1.168044,-0.009776,-1.177820,-3.777820,-2.196547,71.759056,-7.000000,3.033954,2.000000,0.000000,1.000000,0.000000
3.470545,6.529993,8.538039,0.000000,-1.024565,-0.013192,-1.037756,-3.637756,-2.212894,71.588203,-8.000000,0.914588,2.000000,0.000000,1.000000,0.000000
-1.430189,5.599998,7.441530,0.000000,-0.892984,-0.016168,-0.909152,-3.509152,-2.214634,71.466904,-7.000000,0.149149,2.000000,0.000000,1.000000,0.000000
8.228687,7.773334,7.565363,0.000000,-0.907844,-0.019194,-0.927038,-3.527038,-2.289304,71.333168,-6.000000,0.584509,2.000000,0.000000,1.000000,0.000000
1.360872,6.113049,7.023343,0.000000,-0.842801,-0.022004,-0.864805,-3.464805,-2.238891,71.194305,-6.000000,1.534544,2.000000,0.000000,1.000000,0.000000
2.192105,6.291608,6.750252,0.000000,-0.810030,-0.024704,-0.834734,-3.434734,-2.196721,71.070259,-6.000000,4.103071,2.000000,0.000000,1.000000,0.000000
36.353504,15.357239,9.962474,0.000000,-1.195497,-0.028689,-1.224186,-3.824185,-2.124420,70.853767,-6.000000,5.616789,2.000000,0.000000,1.000000,0.000000
25.276783,15.416511,11.997980,0.000000,-1.439758,-0.033488,-1.473246,-4.073246,-2.075501,70.546028,-8.000000,-2.135421,2.000000,0.000000,1.000000,0.000000
-0.399901,7.909705,10.472191,0.000000,-1.256663,-0.037677,-1.294340,-3.894340,-2.131279,70.312767,-9.000000,-5.728376,2.000000,0.000000,1.000000,0.000000
5.782102,8.786380,9.843028,0.000000,-1.181163,-0.041614,-1.222777,-3.822777,-2.225429,70.145805,-8.000000,-5.579191,2.000000,0.000000,1.000000,0.000000
-8.831830,5.515496,8.227945,0.000000,-0.987353,-0.044905,-1.032259,-3.632258,-2.281943,70.002785,-7.000000,-4.456617,2.000000,0.000000,1.000000,0.000000
3.071066,6.847399,7.712710,0.000000,-0.925525,-0.047990,-0.973516,-3.573515,-2.332964,69.879158,-6.000000,-1.051947,2.000000,0.000000,1.000000,0.000000
31.393696,15.742478,10.709508,0.000000,-1.285141,-0.052274,-1.337415,-3.937415,-2.335526,69.653259,-6.000000,-2.436153,2.000000,0.000000,1.000000,0.000000
9.018353,10.227834,10.529742,0.000000,-1.263569,-0.056486,-1.320055,-3.920055,-2.376455,69.393555,-8.000000,-1.810764,2.000000,0.000000,1.000000,0.000000
15.025285,12.387479,11.223070,0.000000,-1.346768,-0.004489,-1.351258,-3.951257,-2.426296,69.167404,-7.000000,2.264734,0.000000,0.000000,1.000000,0.000000
34.040062,17.634476,13.615877,0.000000,-1.633905,-0.009936,-1.643841,-4.243841,-2.417639,68.867188,-7.000000,-0.113469,0.000000,0.000000,1.000000,0.000000
21.018551,15.188853,14.202929,0.000000,-1.704352,-0.015333,-1.719684,-4.319684,-2.405415,68.538956,-9.000000,1.953274,0.000000,0.000000,1.000000,0.000000
30.676174,15.446943,14.667209,0.000000,-1.760065,-0.021493,-1.781558,-4.381558,-2.402203,68.232597,-9.000000,2.081028,0.000000,0.000000,1.000000,0.000000
8.056000,13.327510,14.167218,0.000000,-1.700066,-0.026876,-1.726943,-4.326942,-2.409588,67.944855,-10.000000,3.777156,0.000000,0.000000,1.000000,0.000000
2.324098,9.871968,12.564184,0.000000,-1.507702,-0.032153,-1.539855,-4.139855,-2.430701,67.712860,-9.000000,-0.829563,0.000000,0.000000,1.000000,0.000000
7.633101,10.956068,11.964018,0.000000,-1.435682,-0.036700,-1.472382,-4.072382,-2.441162,67.504578,-8.000000,-1.305868,0.000000,0.000000,1.000000,0.000000
19.969946,14.507011,12.913091,0.000000,-1.549571,-0.042123,-1.591694,-4.191694,-2.413590,67.249947,-8.000000,1.173235,0.000000,0.000000,1.000000,0.000000
10.569597,11.565856,12.410288,0.000000,-1.489235,-0.046839,-1.536074,-4.136074,-2.414841,66.989220,-9.000000,2.301209,0.000000,0.000000,1.000000,0.000000
60.983910,25.327478,17.231125,0.000000,-2.067735,-0.054076,-2.121811,-4.721811,-2.442945,66.620285,-8.000000,-0.029719,0.000000,0.000000,1.000000,0.000000
32.419334,21.135763,18.688379,0.000000,-2.242605,-0.061178,-2.303783,-4.903783,-2.427132,66.155655,-11.000000,-0.283669,0.000000,0.000000,1.000000,0.000000
15.959456,17.633682,18.294754,0.000000,-2.195370,-0.068862,-2.264232,-4.864232,-2.430531,65.767960,-12.000000,-1.347404,0.000000,21.000002,1.000000,0.000000
9.500924,15.583737,17.282972,0.000000,-2.073957,-0.075429,-2.149386,-4.749386,-2.432423,65.435783,-12.000000,-2.492988,0.000000,40.000004,1.000000,0.000000
6.062607,13.780942,15.975976,0.000000,-2.480570,0.000000,-2.480570,-5.080569,-2.488355,65.142136,-11.000000,-6.341426,1.000000,0.000000,0.000000,0.000000
62.406040,30.021465,21.217907,0.000000,-5.403864,0.000000,-5.403864,-8.003864,-2.662880,64.704109,-12.000000,-10.349924,1.000000,0.000000,0.000000,0.000000
43.808170,28.040260,23.764084,0.000000,-5.047247,0.000000,-5.047247,-7.647247,-2.915019,64.123489,-25.000000,-9.333447,1.000000,0.000000,0.000000,0.000000
-17.358799,12.475721,19.551144,0.000000,-2.245630,0.000000,-2.245630,-4.845630,-3.159146,63.718330,-22.000000,-13.126406,1.000000,0.000000,0.000000,0.000000
37.609711,22.146959,20.519930,0.000000,-3.986453,0.000000,-3.986453,-6.586452,-3.472918,63.372105,-7.000000,-13.761770,1.000000,0.000000,0.000000,0.000000
52.033348,27.474276,23.115368,0.000000,-4.945370,0.000000,-4.945370,-7.545370,-3.704492,62.875893,-14.000000,-14.740347,1.000000,0.000000,0.000000,0.000000
-11.134933,12.823369,19.274281,0.000000,-2.308207,0.000000,-2.308207,-4.908206,-3.898440,62.472916,-18.000000,-8.256020,1.000000,0.000000,0.000000,0.000000
-9.067717,11.026937,16.196281,0.000000,-1.984849,0.000000,-1.984849,-4.584848,-4.074396,62.234413,-4.000000,-8.959996,1.000000,0.000000,0.000000,0.000000
34.939201,20.345512,17.744820,0.000000,-3.662192,0.000000,-3.662192,-6.262192,-4.195662,61.920689,-2.000000,-3.129311,1.000000,0.000000,0.000000,0.000000
65.964081,30.796850,22.615982,0.000000,-5.543433,0.000000,-5.543433,-8.143433,-4.296977,61.409264,-10.000000,-0.973496,1.000000,0.000000,0.000000,0.000000
7.452252,17.619272,20.751156,0.000000,-3.171469,0.000000,-3.171469,-5.771469,-4.356331,60.925102,-19.000000,-0.648491,1.000000,0.000000,0.000000,0.000000
8.841908,17.158926,19.410496,0.000000,-3.088607,0.000000,-3.088607,-5.688607,-4.442605,60.577320,-6.000000,-3.983774,1.000000,0.000000,0.000000,0.000000
1.453520,10.804717,16.198725,0.000000,-1.944849,0.000000,-1.944849,-4.544849,-4.482425,60.297684,-6.000000,-2.067443,1.000000,0.000000,0.000000,0.000000
31.080225,19.400463,17.393648,0.000000,-3.492084,0.000000,-3.492084,-6.092083,-4.480505,59.995632,0.000000,1.714935,1.000000,0.000000,0.000000,0.000000
59.350216,27.297958,21.090046,0.000000,-4.913633,0.000000,-4.913633,-7.513633,-4.419628,59.528648,-8.000000,3.482975,1.000000,0.000000,0.000000,0.000000
24.996058,19.217506,20.391193,0.000000,-3.459151,0.000000,-3.459151,-6.059151,-4.355881,59.063492,-16.000000,0.461645,1.000000,0.000000,0.000000,0.000000
24.955910,20.146393,20.299831,0.000000,-3.626351,0.000000,-3.626351,-6.226351,-4.349338,58.669853,-8.000000,-6.422945,1.000000,0.000000,0.000000,0.000000
-4.257432,11.336024,16.954441,0.000000,-2.040484,0.000000,-2.040484,-4.640484,-4.386945,58.355030,-9.000000,-2.066512,1.000000,0.000000,0.000000,0.000000
4.779034,14.346870,15.981267,0.000000,-2.582437,0.000000,-2.582437,-5.182437,-4.425322,58.098202,-1.000000,-3.402630,1.000000,0.000000,0.000000,0.000000
-3.697913,11.260318,14.219357,0.000000,-2.026857,0.000000,-2.026857,-4.626857,-4.628116,57.842129,-3.000000,-5.100484,1.000000,0.000000,0.000000,0.000000
3.693465,11.919956,13.361195,0.000000,-2.145592,0.000000,-2.145592,-4.745592,-4.693655,57.610325,0.000000,-2.568673,1.000000,0.000000,0.000000,0.000000
56.608700,26.521927,18.272924,0.000000,-4.773947,0.000000,-4.773947,-7.373947,-4.709227,57.225906,0.000000,-1.602613,1.000000,0.000000,0.000000,0.000000
32.734493,22.762253,19.948391,0.000000,-4.097206,0.000000,-4.097206,-6.697206,-4.762676,56.733063,-13.000000,0.143289,1.000000,0.000000,0.000000,0.000000
18.944866,20.798323,20.265594,0.000000,-3.743698,0.000000,-3.743698,-6.343698,-4.862118,56.297459,-9.000000,-6.622199,1.000000,0.000000,0.000000,0.000000
7.067765,15.265181,18.399385,0.000000,-2.747733,0.000000,-2.747733,-5.347733,-5.047287,55.936825,-6.000000,-7.522079,1.000000,0.000000,0.000000,0.000000
-2.729937,9.656281,15.136362,0.000000,-1.738131,0.000000,-1.738131,-4.338130,-5.122967,55.687611,-1.000000,-1.236025,1.000000,0.000000,0.000000,0.000000
13.446623,14.688735,14.969303,0.000000,-2.643972,0.000000,-2.643972,-5.243972,-5.156355,55.444160,3.000000,-5.355139,1.000000,0.000000,0.000000,0.000000
-4.019299,8.898951,12.703781,0.000000,-1.601811,0.000000,-1.601811,-4.201811,-5.151791,55.208282,0.000000,-0.309409,1.000000,0.000000,0.000000,0.000000
2.316188,8.823714,11.255697,0.000000,-1.588269,0.000000,-1.588269,-4.188269,-5.008981,55.031055,3.000000,3.914437,1.000000,0.000000,0.000000,0.000000
-6.734715,6.516234,9.486877,0.000000,-1.172922,0.000000,-1.172922,-3.772922,-4.930163,54.877655,3.000000,3.797552,1.000000,0.000000,0.000000,0.000000
7.647477,9.174710,9.370373,0.000000,-1.651448,0.000000,-1.651448,-4.251448,-4.794231,54.720745,4.000000,5.718961,1.000000,0.000000,0.000000,0.000000
20.680824,13.809036,11.026931,0.000000,-2.485627,0.000000,-2.485627,-5.085627,-4.692035,54.490906,1.000000,6.372461,1.000000,0.000000,0.000000,0.000000
10.320048,10.904088,10.981085,0.000000,-1.962736,0.000000,-1.962736,-4.562736,-4.557529,54.243774,-2.000000,6.889223,1.000000,0.000000,0.000000,0.000000
-1.124677,9.146428,10.296371,0.000000,-1.646357,0.000000,-1.646357,-4.246357,-4.479944,54.043270,0.000000,2.980862,1.000000,0.000000,0.000000,0.000000
10.575694,11.208162,10.636662,0.000000,-2.017469,0.000000,-2.017469,-4.617469,-4.457864,53.839725,0.000000,2.187925,1.000000,0.000000,0.000000,0.000000
6.876107,10.895476,10.733254,0.000000,-1.961186,0.000000,-1.961186,-4.561186,-4.390770,53.618690,-1.000000,0.650299,1.000000,0.000000,0.000000,0.000000
4.212655,7.050483,9.358804,0.000000,-1.269087,0.000000,-1.269087,-3.869087,-4.363325,53.439232,-1.000000,-2.423379,1.000000,0.000000,0.000000,0.000000
-1.689636,4.141431,7.411623,0.000000,-0.745458,0.000000,-0.745458,-3.345458,-4.280277,53.327312,1.000000,-1.443376,1.000000,0.000000,0.000000,0.000000
-2.253339,5.572896,6.725389,0.000000,-1.003121,0.000000,-1.003121,-3.603121,-4.342655,53.230167,4.000000,-0.385178,1.000000,0.000000,0.000000,0.000000
2.470517,6.762319,6.739172,0.000000,-1.217217,0.000000,-1.217217,-3.817217,-4.364222,53.106815,3.000000,4.018790,1.000000,0.000000,0.000000,0.000000
6.395815,8.206354,7.286740,0.000000,-1.477144,0.000000,-1.477144,-4.077144,-4.301610,52.957130,2.000000,-0.731090,1.000000,0.000000,0.000000,0.000000
5.940176,7.358764,7.313620,0.000000,-0.877634,-0.002925,-0.880560,-3.480560,-4.242005,52.801479,0.000000,1.297708,2.000000,0.000000,1.000000,0.000000
7.354877,7.012854,7.201371,0.000000,-0.864164,-0.005806,-0.869970,-3.469970,-4.190007,52.657764,3.000000,3.027988,2.000000,0.000000,1.000000,0.000000
2.713809,4.560826,6.215890,0.000000,-0.745907,-0.008292,-0.754199,-3.354199,-4.029137,52.542027,2.000000,4.932370,2.000000,0.000000,1.000000,0.000000
-3.103628,0.691417,4.154097,0.000000,-0.498492,-0.009954,-0.508446,-3.108445,-3.919608,52.489506,2.000000,8.327279,2.000000,0.000000,1.000000,0.000000
9.150831,3.532434,3.922085,0.000000,-0.470650,-0.011523,-0.482173,-3.082173,-3.770503,52.447266,3.000000,5.295314,2.000000,0.000000,1.000000,0.000000
11.509291,4.889196,4.283022,0.000000,-0.513963,-0.013236,-0.527199,-3.127199,-3.567407,52.363049,2.000000,4.753695,2.000000,0.000000,1.000000,0.000000
0.225118,2.988446,3.799872,0.000000,-0.455985,-0.014756,-0.470741,-3.070740,-3.495340,52.284271,1.000000,8.124736,2.000000,0.000000,1.000000,0.000000
-19.686552,-4.048384,0.870816,0.000000,-0.104498,-0.015104,-0.119602,-2.719602,-3.411540,52.294872,1.000000,8.937298,2.000000,0.000000,1.000000,0.000000
2.236927,0.530936,0.743969,0.000000,-0.089276,-0.015402,-0.104678,-2.704678,-3.197579,52.330048,2.000000,8.151690,2.000000,0.000000,1.000000,0.000000
4.134489,-0.161713,0.405959,0.000000,-0.048715,-0.015564,-0.064279,-2.664279,-3.051214,52.326355,1.000000,5.716363,2.000000,0.000000,1.000000,0.000000
1.305383,0.774901,0.543652,0.000000,-0.065238,-0.015782,-0.081020,-2.681020,-2.945661,52.320225,1.000000,5.584839,2.000000,0.000000,1.000000,0.000000
2.057548,0.773492,0.629431,0.000000,-0.075532,-0.016034,-0.091565,-2.691565,-2.825962,52.304741,0.000000,6.188442,2.000000,0.000000,1.000000,0.000000
-0.733943,1.881109,1.096571,0.000000,-0.131588,-0.016472,-0.148061,-2.748060,-2.736200,52.278194,0.000000,4.297853,2.000000,0.000000,1.000000,0.000000
0.400316,0.062242,0.710548,0.000000,-0.085266,-0.016756,-0.102022,-2.702022,-2.686370,52.258762,0.000000,3.087417,2.000000,0.000000,1.000000,0.000000
2.544219,1.106117,0.858178,0.000000,-0.102981,-0.017100,-0.120081,-2.720081,-2.687568,52.247078,0.000000,3.954303,2.000000,0.000000,1.000000,0.000000
1.180480,0.732446,0.811254,0.000000,-0.097350,-0.017424,-0.114775,-2.714775,-2.657924,52.228691,0.000000,3.336724,2.000000,0.000000,1.000000,0.000000
7.729280,3.263359,1.726407,0.000000,-0.207169,-0.018115,-0.225283,-2.825283,-2.602962,52.188732,0.000000,3.857871,2.000000,0.000000,1.000000,0.000000
5.315641,1.917298,1.797650,0.000000,-0.215718,-0.018834,-0.234552,-2.834552,-2.529416,52.136925,-1.000000,0.454323,2.000000,0.000000,1.000000,0.000000
0.927193,1.816178,1.804565,0.000000,-0.216548,-0.019556,-0.236103,-2.836103,-2.526053,52.099590,-1.000000,-0.350851,2.000000,0.000000,1.000000,0.000000
3.394437,3.212732,2.330108,0.000000,-0.279613,-0.000932,-0.280545,-2.880545,-2.494884,52.049301,-1.000000,1.932530,0.000000,0.000000,1.000000,0.000000
2.769112,2.751450,2.487357,0.000000,-0.298483,-0.001927,-0.300410,-2.900410,-2.465399,51.989658,-2.000000,4.304696,0.000000,0.000000,1.000000,0.000000
1.004982,2.236395,2.393695,0.000000,-0.287243,-0.002884,-0.290128,-2.890128,-2.523420,51.939781,-2.000000,-3.180855,0.000000,0.000000,1.000000,0.000000
-2.047138,1.870835,2.198558,0.000000,-0.263827,-0.003764,-0.267591,-2.867591,-2.594735,51.898708,-1.000000,1.967994,0.000000,0.000000,1.000000,0.000000
28.943344,10.422945,5.267990,0.000000,-0.632159,-0.005871,-0.638030,-3.238030,-2.606755,51.775772,-1.000000,4.554798,0.000000,0.000000,1.000000,0.000000
2.169187,5.554152,5.374789,0.000000,-0.644975,-0.008021,-0.652996,-3.252995,-2.621344,51.616001,-3.000000,0.752174,0.000000,0.000000,1.000000,0.000000
-0.044061,3.973229,4.851711,0.000000,-0.582205,-0.009962,-0.592167,-3.192167,-2.664936,51.520729,-3.000000,-0.131186,0.000000,0.000000,1.000000,0.000000
9.135946,6.404924,5.431387,0.000000,-0.651766,-0.012134,-0.663901,-3.263901,-2.673016,51.416946,-2.000000,1.409943,0.000000,0.000000,1.000000,0.000000
8.566291,8.604839,6.615755,0.000000,-0.793891,-0.014781,-0.808671,-3.408671,-2.731932,51.266850,-2.000000,-0.152281,0.000000,0.000000,1.000000,0.000000
22.515574,11.633183,8.488314,0.000000,-1.018598,-0.018176,-1.036773,-3.636773,-2.755778,51.064468,-3.000000,3.797163,0.000000,0.000000,1.000000,0.000000
20.860771,12.058688,9.820817,0.000000,-1.178498,-0.022104,-1.200602,-3.800602,-2.676507,50.827549,-5.000000,3.758351,0.000000,0.000000,1.000000,0.000000
17.969313,11.399064,10.409836,0.000000,-1.249180,-0.026268,-1.275448,-3.875448,-2.624121,50.592972,-6.000000,3.980494,0.000000,0.000000,1.000000,0.000000
5.729715,7.786574,9.430806,0.000000,-1.131697,-0.030040,-1.161737,-3.761737,-2.603180,50.401115,-6.000000,3.408239,0.000000,0.000000,1.000000,0.000000
1.143390,5.094831,7.812572,0.000000,-0.937509,-0.033165,-0.970674,-3.570674,-2.650807,50.272301,-5.000000,-1.263837,0.000000,0.000000,1.000000,0.000000
-11.612444,1.589007,5.489869,0.000000,-0.658784,-0.035361,-0.694146,-3.294146,-2.654721,50.205463,-4.000000,-0.188214,0.000000,0.000000,1.000000,0.000000
12.113971,6.296030,5.790737,0.000000,-0.694888,-0.037678,-0.732566,-3.332566,-2.652674,50.126614,-3.000000,0.476613,0.000000,0.000000,1.000000,0.000000
21.164141,8.411499,6.768834,0.000000,-0.812260,-0.040385,-0.852645,-3.452645,-2.617581,49.979538,-3.000000,-2.264074,0.000000,0.000000,1.000000,0.000000
17.509312,8.585299,7.446759,0.000000,-0.893611,-0.043364,-0.936975,-3.536975,-2.674063,49.809570,-4.000000,-2.006303,0.000000,0.000000,1.000000,0.000000
-3.768975,4.914699,6.501767,0.000000,-0.780212,-0.045965,-0.826177,-3.426177,-2.759585,49.674572,-4.000000,-1.595747,0.000000,0.000000,1.000000,0.000000
10.900758,7.482793,6.867897,0.000000,-0.824148,-0.048712,-0.872859,-3.472859,-2.819363,49.550598,-3.000000,-0.803764,0.000000,0.000000,1.000000,0.000000
8.489911,3.810713,5.726922,0.000000,-0.687231,-0.051003,-0.738233,-3.338233,-2.868980,49.437664,-3.000000,-1.674625,0.000000,0.000000,1.000000,0.000000
3.166190,3.728978,4.981267,0.000000,-0.597752,-0.052995,-0.650747,-3.250747,-2.902910,49.362267,-2.000000,-1.051088,0.000000,0.000000,1.000000,0.000000
3.024874,2.614822,4.098084,0.000000,-0.491770,-0.054634,-0.546404,-3.146404,-2.826783,49.298828,-2.000000,6.369261,0.000000,0.000000,1.000000,0.000000
2.797691,4.521809,4.256223,0.000000,-0.510747,-0.056337,-0.567084,-3.167084,-2.726703,49.227463,-2.000000,6.766469,0.000000,0.000000,1.000000,0.000000
10.047520,2.976295,3.778539,0.000000,-0.453425,-0.057848,-0.511273,-3.111273,-2.564366,49.152481,-3.000000,5.954288,0.000000,0.000000,1.000000,0.000000
8.772805,2.975398,3.478798,0.000000,-0.417456,-0.059240,-0.476696,-3.076695,-2.487677,49.092964,-3.000000,4.818967,0.000000,0.000000,1.000000,0.000000
19.004206,6.157152,4.478389,0.000000,-0.537407,-0.061031,-0.598438,-3.198438,-2.376472,49.001640,-3.000000,4.067499,0.000000,0.000000,1.000000,0.000000
17.832214,7.714354,5.686087,0.000000,-0.682330,-0.063306,-0.745636,-3.345636,-2.257573,48.862926,-4.000000,5.222127,0.000000,0.000000,1.000000,0.000000
7.135025,7.233942,6.263763,0.000000,-0.751652,-0.065811,-0.817463,-3.417463,-2.157713,48.713444,-6.000000,1.932204,0.000000,0.000000,1.000000,0.000000
17.260796,9.654360,7.529171,0.000000,-0.903500,-0.068823,-0.972323,-3.572323,-2.106652,48.544559,-6.000000,1.551158,0.000000,0.000000,1.000000,0.000000
84.041252,29.349417,15.672727,0.000000,-1.880727,-0.075092,-1.955819,-4.555819,-2.079105,48.154522,-7.000000,-1.266231,0.000000,0.000000,1.000000,0.000000
-1.426510,9.362687,13.317751,0.000000,-1.598130,-0.080419,-1.678549,-4.278549,-2.113149,47.767403,-12.000000,-4.939795,0.000000,0.000000,1.000000,0.000000
31.233906,17.502052,14.879378,0.000000,-1.785525,-0.086371,-1.871896,-4.471896,-2.227918,47.498756,-10.000000,-5.355396,0.000000,0.000000,1.000000,0.000000
-1.333882,13.120631,14.222995,0.000000,-1.706759,-0.092060,-1.798819,-4.398819,-2.419396,47.192528,-10.000000,-13.527184,0.000000,0.000000,1.000000,0.000000
16.339169,13.303250,13.879736,0.000000,-1.665568,-0.097612,-1.763180,-4.363180,-2.684768,46.928288,-8.000000,-17.457270,0.000000,0.000000,1.000000,0.000000
3.182179,9.771082,12.346341,0.000000,-1.481561,-0.102550,-1.584111,-4.184111,-3.064844,46.697544,-6.000000,-17.186052,0.000000,0.000000,1.000000,0.000000
-3.221901,7.611860,10.579381,0.000000,-1.269526,-0.106782,-1.376308,-3.976308,-3.413340,46.523716,-4.000000,-16.789076,0.000000,0.000000,1.000000,0.000000
-9.205109,2.028868,7.388236,0.000000,-0.886588,-0.109737,-0.996326,-3.596326,-3.707703,46.427307,-1.000000,-15.915121,0.000000,0.000000,1.000000,0.000000
41.256653,15.675083,10.480978,0.000000,-1.257717,-0.113930,-1.371647,-3.971647,-4.015112,46.250267,1.000000,-18.311460,0.000000,0.000000,1.000000,0.000000
4.296907,5.756949,8.717918,0.000000,-1.046150,-0.117417,-1.163567,-3.763567,-4.323985,46.035946,1.000000,-12.668438,0.000000,0.000000,1.000000,0.000000
30.112585,14.613816,10.918332,0.000000,-1.310200,-0.121784,-1.431984,-4.031984,-4.576043,45.832237,3.000000,-15.953916,0.000000,0.000000,1.000000,0.000000
7.674574,8.799069,10.127400,0.000000,-1.215288,-0.125835,-1.341123,-3.941123,-4.771734,45.598110,3.000000,-13.042785,0.000000,0.000000,1.000000,0.000000
39.212181,17.474983,12.869599,0.000000,-1.544352,-0.130983,-1.675335,-4.275335,-4.958158,45.335369,4.000000,-14.852077,0.000000,0.000000,1.000000,0.000000
27.297731,14.928078,13.637846,0.000000,-1.636541,-0.136438,-1.772980,-4.372980,-5.211226,45.011337,4.000000,-15.276723,0.000000,0.000000,1.000000,0.000000
9.423531,11.549374,12.858405,0.000000,-1.543009,-0.141582,-1.684590,-4.284590,-5.529185,44.746563,5.000000,-13.295172,0.000000,0.000000,1.000000,0.000000
14.332721,11.353886,12.296902,0.000000,-1.475628,-0.146500,-1.622128,-4.222128,-5.731644,44.517529,6.000000,-10.836145,0.000000,0.000000,1.000000,0.000000
37.151459,18.841730,14.739504,0.000000,-1.768740,-0.152396,-1.921136,-4.521136,-5.931928,44.215572,8.000000,-11.648912,0.000000,0.000000,1.000000,0.000000
22.136032,14.211101,14.542298,0.000000,-1.745076,-0.158213,-1.903289,-4.503289,-5.984364,43.885044,6.000000,-10.974929,0.000000,0.000000,1.000000,0.000000
16.285202,13.488381,14.148965,0.000000,-1.697876,-0.163873,-1.861748,-4.461748,-6.054328,43.608047,7.000000,-3.606615,0.000000,0.000000,1.000000,0.000000
-7.564086,4.811310,10.664049,0.000000,-1.279686,-0.168138,-1.447824,-4.047824,-6.143460,43.425049,8.000000,-9.033292,0.000000,0.000000,1.000000,0.000000
-13.089949,2.294923,7.540600,0.000000,-0.904872,-0.171154,-1.076026,-3.676026,-6.293198,43.353985,10.000000,-1.429872,0.000000,0.000000,1.000000,0.000000
-0.923479,4.764842,6.504656,0.000000,-0.780559,-0.173756,-0.954315,-3.554315,-6.333221,43.283386,13.000000,-0.590837,0.000000,0.000000,1.000000,0.000000
7.092529,8.558527,7.271183,0.000000,-0.872542,-0.176665,-1.049207,-3.649207,-6.323213,43.150154,13.000000,0.348890,0.000000,0.000000,1.000000,0.000000
-0.128041,8.029711,7.554274,0.000000,-0.906513,-0.179686,-1.086199,-3.686199,-6.348271,42.984272,13.000000,-2.569453,0.000000,0.000000,1.000000,0.000000
6.411357,8.708899,7.985193,0.000000,-0.958223,-0.182881,-1.141104,-3.741104,-6.363293,42.816887,13.000000,-2.726899,0.000000,0.000000,1.000000,0.000000
4.927910,6.929954,7.591366,0.000000,-0.910964,-0.185917,-1.096881,-3.696881,-6.379535,42.660500,12.000000,-0.698402,0.000000,0.000000,1.000000,0.000000
-2.098430,4.115669,6.294198,0.000000,-0.755304,-0.188435,-0.943739,-3.543738,-6.340847,42.550045,12.000000,-0.199024,0.000000,0.000000,1.000000,0.000000
-0.159675,3.791921,5.360321,0.000000,-0.643238,-0.190579,-0.833817,-3.433817,-6.321880,42.470970,13.000000,-0.058794,0.000000,0.000000,1.000000,0.000000
-1.016738,3.185971,4.548830,0.000000,-0.545860,-0.192398,-0.738258,-3.338258,-6.389472,42.401192,14.000000,-2.757771,0.000000,0.000000,1.000000,0.000000
-1.689312,1.916883,3.566558,0.000000,-0.427987,-0.193825,-0.621812,-3.221812,-6.361255,42.350163,14.000000,-1.611670,0.000000,0.000000,1.000000,0.000000
11.420144,5.191175,4.172883,0.000000,-0.500746,-0.195494,-0.696240,-3.296240,-6.279463,42.279083,15.000000,5.366699,0.000000,0.000000,1.000000,0.000000
7.791054,4.474130,4.285312,0.000000,-0.514237,-0.197208,-0.711446,-3.311446,-6.187787,42.182430,14.000000,6.123104,0.000000,0.000000,1.000000,0.000000
5.395531,2.686715,3.688698,0.000000,-0.442644,-0.198684,-0.641328,-3.241328,-6.113080,42.110821,13.000000,4.293085,0.000000,0.000000,1.000000,0.000000
9.405104,5.682964,4.432980,0.000000,-0.531958,-0.200457,-0.732415,-3.332415,-5.943037,42.027122,13.000000,5.731209,0.000000,0.000000,1.000000,0.000000
-4.999386,0.292538,2.887722,0.000000,-0.346527,-0.201612,-0.548139,-3.148139,-5.795920,41.967369,12.000000,14.573326,0.000000,0.000000,1.000000,0.000000
-26.427307,-6.699654,-0.690392,0.000000,0.082847,-0.201336,-0.118489,-2.718489,-5.552752,42.031441,11.000000,11.972302,0.000000,0.000000,1.000000,0.000000
-6.931547,-3.466125,-1.726326,0.000000,0.207159,-0.200645,0.006514,-2.593486,-5.289961,42.133099,12.000000,7.565179,0.000000,0.000000,1.000000,0.000000
19.284130,4.167916,0.473470,0.000000,-0.056816,-0.200835,-0.257651,-2.857651,-5.114717,42.126080,12.000000,6.802117,0.000000,0.000000,1.000000,0.000000
4.423089,1.692810,0.928541,0.000000,-0.111425,-0.201206,-0.312631,-2.912631,-5.057077,42.067471,10.000000,8.772397,0.000000,0.000000,1.000000,0.000000
3.079263,0.758539,0.865094,0.000000,-0.103811,-0.201552,-0.305364,-2.905364,-4.864945,42.042957,9.000000,7.972101,0.000000,0.000000,1.000000,0.000000
8.856730,2.247878,1.381164,0.000000,-0.165740,-0.202105,-0.367844,-2.967844,-4.677368,42.012894,8.000000,9.548883,0.000000,20.000002,1.000000,0.000000
9.889285,3.398889,2.134201,0.000000,-0.256104,-0.202958,-0.459063,-3.059062,-4.396644,41.956425,6.000000,13.507637,0.000000,40.000004,1.000000,0.000000
-39.540855,-10.706868,-2.658227,0.000000,1.927236,0.000000,1.927236,-0.672764,-4.126707,42.029503,5.000000,10.754529,1.000000,0.000000,0.000000,0.000000
-21.514563,-8.834560,-4.963303,0.000000,1.590221,0.000000,1.590221,-1.009779,-3.926724,42.224918,16.000000,8.456134,1.000000,0.000000,0.000000,0.000000
-1.723988,-4.680483,-4.857751,0.000000,0.842487,0.000000,0.842487,-1.757513,-3.655290,42.360069,13.000000,13.295424,1.000000,0.000000,0.000000,0.000000
23.133608,2.965764,-1.937930,0.000000,-0.533837,0.000000,-0.533837,-3.133837,-3.359130,42.377216,7.000000,13.448322,1.000000,0.000000,0.000000,0.000000
-27.969921,-9.894261,-4.907320,0.000000,1.780967,0.000000,1.780967,-0.819033,-3.143841,42.446503,0.000000,12.043273,1.000000,0.000000,0.000000,0.000000
-51.463806,-18.382507,-9.936408,0.000000,3.308851,0.000000,3.308851,0.708852,-2.964869,42.729271,10.000000,5.898048,1.000000,0.000000,0.000000,0.000000
-7.674024,-8.563233,-9.423924,0.000000,1.541382,0.000000,1.541382,-1.058618,-2.961152,42.998730,18.000000,8.101040,1.000000,0.000000,0.000000,0.000000
-21.092136,-10.053994,-9.659074,0.000000,1.809719,0.000000,1.809719,-0.790281,-2.773587,43.184902,8.000000,9.801133,1.000000,0.000000,0.000000,0.000000
-10.590247,-9.284769,-9.519380,0.000000,1.671258,0.000000,1.671258,-0.928741,-2.528298,43.378288,8.000000,16.270681,1.000000,0.000000,0.000000,0.000000
14.200577,-0.529779,-6.164362,0.000000,0.095360,0.000000,0.095360,-2.504640,-2.215236,43.476433,6.000000,9.629804,1.000000,0.000000,0.000000,0.000000
-13.531343,-4.729820,-5.628975,0.000000,0.851368,0.000000,0.851368,-1.748632,-2.158259,43.529030,-1.000000,6.768893,1.000000,0.000000,0.000000,0.000000
-16.418509,-7.740050,-6.416852,0.000000,1.393209,0.000000,1.393209,-1.206791,-2.122864,43.653728,1.000000,5.770732,1.000000,0.000000,0.000000,0.000000
-4.718338,-6.087936,-6.294097,0.000000,1.095829,0.000000,1.095829,-1.504171,-1.945026,43.792007,3.000000,3.309740,1.000000,0.000000,0.000000,0.000000
-11.476467,-6.933524,-6.532738,0.000000,1.248034,0.000000,1.248034,-1.351966,-1.820016,43.922222,1.000000,6.731020,1.000000,0.000000,0.000000,0.000000
-0.923489,-4.840996,-5.901361,0.000000,0.871379,0.000000,0.871379,-1.728621,-1.750444,44.039967,1.000000,1.723009,1.000000,0.000000,0.000000,0.000000
-25.901609,-11.608319,-8.031261,0.000000,2.089498,0.000000,2.089498,-0.510502,-1.734260,44.204460,0.000000,2.944346,1.000000,0.000000,0.000000,0.000000
1.874648,-4.786056,-6.820115,0.000000,0.861490,0.000000,0.861490,-1.738510,-1.687545,44.368404,5.000000,0.810283,1.000000,0.000000,0.000000,0.000000
4.741620,-2.925515,-5.366608,0.000000,0.526593,0.000000,0.526593,-2.073407,-1.607328,44.445518,0.000000,2.452055,1.000000,0.000000,0.000000,0.000000
6.858874,-1.116616,-3.780464,0.000000,0.200991,0.000000,0.200991,-2.399009,-1.557482,44.485939,-2.000000,0.803846,1.000000,0.000000,0.000000,0.000000
-0.272691,-2.375839,-3.256243,0.000000,0.427651,0.000000,0.427651,-2.172349,-1.556282,44.520863,-4.000000,-1.626099,1.000000,0.000000,0.000000,0.000000
-4.044774,-3.036548,-3.174250,0.000000,0.546579,0.000000,0.546579,-2.053421,-1.555274,44.574986,-3.000000,-2.627389,1.000000,0.000000,0.000000,0.000000
-0.180376,0.157699,-1.930730,0.000000,-0.028386,0.000000,-0.028386,-2.628386,-1.603166,44.603775,-2.000000,-5.192044,1.000000,0.000000,0.000000,0.000000
-1.247320,1.919540,-0.493767,0.000000,-0.345517,0.000000,-0.345517,-2.945517,-1.663169,44.583004,-5.000000,-2.077970,1.000000,0.000000,0.000000,0.000000
5.029522,1.463199,0.236594,0.000000,-0.263376,0.000000,-0.263376,-2.863376,-1.738816,44.549175,-6.000000,-0.245078,1.000000,0.000000,0.000000,0.000000
-3.026088,-1.834439,-0.536338,0.000000,0.330199,0.000000,0.330199,-2.269801,-1.749473,44.552887,-5.000000,-6.731265,1.000000,0.000000,0.000000,0.000000
-15.860712,-6.791525,-2.870843,0.000000,1.222475,0.000000,1.222475,-1.377525,-1.919652,44.639145,-2.000000,-11.982961,1.000000,0.000000,0.000000,0.000000
-15.100948,-7.834668,-4.723397,0.000000,1.410240,0.000000,1.410240,-1.189760,-2.132496,44.785408,3.000000,-6.696651,1.000000,0.000000,0.000000,0.000000
-4.561464,-6.623528,-5.432547,0.000000,1.192235,0.000000,1.192235,-1.407765,-2.229311,44.929989,4.000000,-2.662471,1.000000,0.000000,0.000000,0.000000
14.174170,-0.533264,-3.604080,0.000000,0.095987,0.000000,0.095987,-2.504012,-2.234427,45.001556,3.000000,-1.185815,1.000000,0.000000,0.000000,0.000000
-2.760623,-4.328970,-3.874617,0.000000,0.779215,0.000000,0.779215,-1.820785,-2.257677,45.050179,-1.000000,-3.650541,1.000000,0.000000,0.000000,0.000000
-4.595125,-5.293383,-4.404116,0.000000,0.952809,0.000000,0.952809,-1.647191,-2.330976,45.146400,2.000000,-2.572392,1.000000,0.000000,0.000000,0.000000
-9.262349,-8.146590,-5.800848,0.000000,1.466386,0.000000,1.466386,-1.133614,-2.425190,45.280800,3.000000,0.201142,1.000000,0.000000,0.000000,0.000000
26.588148,2.303638,-2.776165,0.000000,-0.414655,0.000000,-0.414655,-3.014655,-2.439630,45.339230,6.000000,2.547551,1.000000,0.000000,0.000000,0.000000
-4.935319,-4.122550,-3.278651,0.000000,0.742059,0.000000,0.742059,-1.857941,-2.335280,45.357418,-3.000000,4.604870,1.000000,0.000000,0.000000,0.000000
1.925809,-2.919126,-3.144472,0.000000,0.525443,0.000000,0.525443,-2.074557,-2.356829,45.427834,2.000000,0.861894,1.000000,0.000000,0.000000,0.000000
-9.668040,-6.799770,-4.508670,0.000000,1.223959,0.000000,1.223959,-1.376041,-2.334261,45.525024,1.000000,3.655113,1.000000,0.000000,0.000000,0.000000
-16.718559,-9.358786,-6.318787,0.000000,1.684582,0.000000,1.684582,-0.915418,-2.264193,45.686611,4.000000,0.697719,1.000000,0.000000,0.000000,0.000000
3.214689,-4.327073,-5.575457,0.000000,0.778873,0.000000,0.778873,-1.821127,-2.232322,45.823471,6.000000,3.511344,1.000000,0.000000,0.000000,0.000000
9.164616,-1.899465,-4.203536,0.000000,0.341904,0.000000,0.341904,-2.258096,-2.110832,45.885735,1.000000,5.141098,1.000000,0.000000,0.000000,0.000000
0.312880,-2.015017,-3.386757,0.000000,0.362703,0.000000,0.362703,-2.237297,-2.070410,45.924881,-1.000000,5.321833,1.000000,0.000000,0.000000,0.000000
0.015347,-0.916448,-2.464810,0.000000,0.164961,0.000000,0.164961,-2.435039,-1.977229,45.954197,-1.000000,3.391106,1.000000,0.000000,0.000000,0.000000
4.936608,-0.037517,-1.558918,0.000000,0.006753,0.000000,0.006753,-2.593247,-1.951575,45.963737,-2.000000,1.807941,1.000000,0.000000,0.000000,0.000000
-4.896422,-1.590175,-1.570583,0.000000,0.286231,0.000000,0.286231,-2.313768,-1.898376,45.980015,-3.000000,0.675948,1.000000,0.000000,0.000000,0.000000
-56.053089,-18.087282,-7.734797,0.000000,3.255711,0.000000,3.255711,0.655711,-1.834666,46.176788,-2.000000,2.074063,1.000000,0.000000,0.000000,0.000000
2.514347,-4.089885,-6.374475,0.000000,0.736179,0.000000,0.736179,-1.863821,-1.826883,46.398560,12.000000,-0.126250,1.000000,0.000000,0.000000,0.000000
0.257187,-5.148533,-5.916940,0.000000,0.926736,0.000000,0.926736,-1.673264,-1.789517,46.490944,0.000000,3.669246,1.000000,0.000000,0.000000,0.000000
-2.008421,-5.105626,-5.614149,0.000000,0.919013,0.000000,0.919013,-1.680987,-1.684084,46.593487,0.000000,4.192124,1.000000,0.000000,0.000000,0.000000
-6.881478,-7.613307,-6.360257,0.000000,1.370395,0.000000,1.370395,-1.229605,-1.686016,46.720676,0.000000,-0.470896,1.000000,0.000000,0.000000,0.000000
2.273584,-3.277742,-5.209828,0.000000,0.589994,0.000000,0.589994,-2.010006,-1.719479,46.829586,2.000000,-2.686771,1.000000,0.000000,0.000000,0.000000
-4.746375,-3.981645,-4.751457,0.000000,0.716696,0.000000,0.716696,-1.883304,-1.854466,46.902180,-1.000000,-4.638415,1.000000,0.000000,0.000000,0.000000
-6.627306,-3.851651,-4.415639,0.000000,0.693297,0.000000,0.693297,-1.906703,-2.019774,46.980515,0.000000,-4.412189,1.000000,0.000000,0.000000,0.000000
-9.236589,-5.618971,-4.864736,0.000000,1.011415,0.000000,1.011415,-1.588585,-2.111414,47.075222,0.000000,-4.039809,1.000000,0.000000,0.000000,0.000000
-9.183190,-7.077599,-5.690601,0.000000,1.273968,0.000000,1.273968,-1.326032,-2.275720,47.202187,3.000000,-5.375897,1.000000,0.000000,0.000000,0.000000
-15.176082,-9.561364,-7.135212,0.000000,1.721046,0.000000,1.721046,-0.878954,-2.373690,47.368576,4.000000,-7.630702,1.000000,0.000000,0.000000,0.000000
4.735362,-3.332237,-5.715900,0.000000,0.599803,0.000000,0.599803,-2.000197,-2.437687,47.497513,7.000000,-2.129163,1.000000,0.000000,0.000000,0.000000
13.502494,-1.908545,-4.294953,0.000000,0.343538,0.000000,0.343538,-2.256462,-2.445232,47.549919,2.000000,0.376916,1.000000,0.000000,0.000000,0.000000
2.077802,-3.608263,-4.038673,0.000000,0.649487,0.000000,0.649487,-1.950513,-2.393387,47.605087,0.000000,4.852261,1.000000,0.000000,0.000000,0.000000
2.408110,-2.712418,-3.543700,0.000000,0.488235,0.000000,0.488235,-2.111765,-2.371534,47.668293,1.000000,-1.648342,1.000000,0.000000,0.000000,0.000000
18.890881,1.779492,-1.557026,0.000000,-0.320309,0.000000,-0.320309,-2.920309,-2.379455,47.677624,1.000000,1.290672,1.000000,0.000000,0.000000,0.000000
8.665972,1.455080,-0.432875,0.000000,-0.261914,0.000000,-0.261914,-2.861914,-2.408047,47.645279,-2.000000,-0.554848,1.000000,0.000000,0.000000,0.000000
-1.685594,-1.287876,-0.751971,0.000000,0.231818,0.000000,0.231818,-2.368182,-2.424438,47.643608,-2.000000,-1.567231,1.000000,0.000000,0.000000,0.000000
-2.304118,-2.273222,-1.319718,0.000000,0.409180,0.000000,0.409180,-2.190820,-2.466435,47.679218,0.000000,1.351274,1.000000,0.000000,0.000000,0.000000
-1.030929,-0.226890,-0.911863,0.000000,0.040840,0.000000,0.040840,-2.559160,-2.531095,47.704220,1.000000,-3.755240,1.000000,0.000000,0.000000,0.000000
-2.094634,0.052616,-0.551909,0.000000,-0.009471,0.000000,-0.009471,-2.609471,-2.595124,47.705963,0.000000,-2.663688,1.000000,0.000000,0.000000,0.000000
7.971426,1.769617,0.314510,0.000000,-0.318531,0.000000,-0.318531,-2.918531,-2.580677,47.687740,0.000000,-4.305471,1.000000,0.000000,0.000000,0.000000
-4.708121,-1.763166,-0.460901,0.000000,0.317370,0.000000,0.317370,-2.282630,-2.654172,47.687675,-1.000000,-2.706754,1.000000,0.000000,0.000000,0.000000
11.497212,0.457336,-0.118205,0.000000,-0.082321,0.000000,-0.082321,-2.682320,-2.839926,47.700733,2.000000,-3.738898,1.000000,0.000000,0.000000,0.000000
4.338605,1.565148,0.510041,0.000000,-0.281727,0.000000,-0.281727,-2.881727,-3.010838,47.680508,1.000000,-5.760044,1.000000,0.000000,0.000000,0.000000
17.152397,5.544797,2.389067,0.000000,-0.998064,0.000000,-0.998064,-3.598063,-3.181062,47.609409,1.000000,-6.454741,1.000000,0.000000,0.000000,0.000000
7.046918,5.190169,3.434469,0.000000,-0.934231,0.000000,-0.934231,-3.534230,-3.351225,47.502060,-1.000000,-7.626682,1.000000,0.000000,0.000000,0.000000
-11.985909,0.592337,2.373754,0.000000,-0.106621,0.000000,-0.106621,-2.706620,-3.589272,47.444237,0.000000,-4.000011,1.000000,0.000000,0.000000,0.000000
8.693913,4.559695,3.189571,0.000000,-0.820745,0.000000,-0.820745,-3.420745,-3.731174,47.392715,4.000000,-7.779582,1.000000,0.000000,0.000000,0.000000
46.295731,14.067493,7.249331,0.000000,-2.532149,0.000000,-2.532149,-5.132149,-3.861859,47.206444,1.000000,-4.924985,1.000000,0.000000,0.000000,0.000000
1.921845,5.179495,6.476846,0.000000,-0.932309,0.000000,-0.932309,-3.532309,-3.944244,47.013973,-6.000000,-6.882792,1.000000,0.000000,0.000000,0.000000
1.575705,4.712382,5.818328,0.000000,-0.848229,0.000000,-0.848229,-3.448229,-4.063639,46.915054,2.000000,-7.249712,1.000000,0.000000,0.000000,0.000000
-0.413506,3.464084,4.939699,0.000000,-0.623535,0.000000,-0.623535,-3.223535,-4.174191,46.833290,3.000000,-4.906987,1.000000,0.000000,0.000000,0.000000
-11.787960,0.007398,3.098910,0.000000,-0.001332,0.000000,-0.001332,-2.601331,-4.362218,46.798576,5.000000,-3.327936,1.000000,0.000000,0.000000,0.000000
-9.337616,-2.299602,1.084126,0.000000,0.413928,0.000000,0.413928,-2.186072,-4.369001,46.821499,8.000000,0.054793,1.000000,0.000000,0.000000,0.000000
16.994905,3.930926,2.146583,0.000000,-0.707567,0.000000,-0.707567,-3.307567,-4.308020,46.805187,10.000000,8.353973,1.000000,0.000000,0.000000,0.000000
26.798227,9.800013,5.002927,0.000000,-1.764002,0.000000,-1.764002,-4.364002,-4.209055,46.667877,4.000000,7.729561,1.000000,0.000000,0.000000,0.000000
22.282305,10.820472,7.174098,0.000000,-1.947685,0.000000,-1.947685,-4.547685,-4.114015,46.461674,-1.000000,4.167515,1.000000,0.000000,0.000000,0.000000
7.883514,8.528197,7.679463,0.000000,-1.535076,0.000000,-1.535076,-4.135076,-4.123994,46.268188,-2.000000,0.110810,1.000000,0.000000,0.000000,0.000000
-0.065383,5.473710,6.856252,0.000000,-0.985268,0.000000,-0.985268,-3.585268,-4.246768,46.128170,0.000000,-5.010604,1.000000,0.000000,0.000000,0.000000
-1.865748,6.545770,6.740376,0.000000,-1.178239,0.000000,-1.178239,-3.778239,-4.358568,46.007977,3.000000,-11.007239,1.000000,0.000000,0.000000,0.000000
1.958426,6.540270,6.665695,0.000000,-1.177249,0.000000,-1.177249,-3.777248,-4.468155,45.877117,3.000000,-7.291942,1.000000,0.000000,0.000000,0.000000
0.632970,4.715704,5.937937,0.000000,-0.848827,0.000000,-0.848827,-3.448827,-4.529178,45.764557,3.000000,-6.823875,1.000000,0.000000,0.000000,0.000000
10.374276,6.959849,6.319325,0.000000,-1.252773,0.000000,-1.252773,-3.852773,-4.651311,45.647800,5.000000,-7.864173,1.000000,0.000000,0.000000,0.000000
19.325670,10.484279,7.873732,0.000000,-1.887170,0.000000,-1.887170,-4.487170,-4.758741,45.473358,4.000000,-3.523778,1.000000,0.000000,0.000000,0.000000
-0.897297,3.969361,6.416578,0.000000,-0.714485,0.000000,-0.714485,-3.314485,-4.854453,45.328823,1.000000,-4.681529,1.000000,0.000000,0.000000,0.000000
2.555429,4.125586,5.561554,0.000000,-0.742605,0.000000,-0.742605,-3.342605,-4.858655,45.247875,7.000000,1.107032,1.000000,0.000000,0.000000,0.000000
3.788390,3.658946,4.851480,0.000000,-0.658610,0.000000,-0.658610,-3.258610,-4.897615,45.170029,7.000000,-3.159635,1.000000,0.000000,0.000000,0.000000
-7.297446,-0.777009,2.750866,0.000000,0.139862,0.000000,0.139862,-2.460138,-4.976758,45.141209,8.000000,-4.799361,1.000000,0.000000,0.000000,0.000000
-4.261748,-0.244012,1.633145,0.000000,0.043922,0.000000,0.043922,-2.556078,-5.065188,45.151421,12.000000,0.915003,1.000000,0.000000,0.000000,0.000000
-1.258400,0.872815,1.349381,0.000000,-0.157107,0.000000,-0.157107,-2.757107,-5.023804,45.145134,12.000000,5.031120,1.000000,0.000000,0.000000,0.000000
6.011752,2.546206,1.796049,0.000000,-0.458317,0.000000,-0.458317,-3.058317,-4.966862,45.110943,10.000000,4.033369,1.000000,0.000000,0.000000,0.000000
9.120898,3.650892,2.488297,0.000000,-0.657161,0.000000,-0.657161,-3.257160,-4.862631,45.048973,8.000000,7.285842,1.000000,0.000000,0.000000,0.000000
11.439868,8.092937,4.580010,0.000000,-1.456729,0.000000,-1.456729,-4.056728,-4.825915,44.931534,7.000000,3.419131,1.000000,0.000000,0.000000,0.000000
12.546863,5.291499,4.845546,0.000000,-0.581465,-0.001938,-0.583404,-3.183403,-4.716638,44.797691,3.000000,3.287151,2.000000,0.000000,1.000000,0.000000
-5.603742,4.312028,4.646431,0.000000,-0.557572,-0.003797,-0.561369,-3.161368,-4.692361,44.701656,7.000000,-2.139621,2.000000,0.000000,1.000000,0.000000
7.347906,5.858652,5.098845,0.000000,-0.611861,-0.005836,-0.617698,-3.217698,-4.660801,44.599949,7.000000,1.338404,2.000000,0.000000,1.000000,0.000000
-6.730689,2.001666,3.942944,0.000000,-0.473153,-0.007414,-0.480567,-3.080567,-4.572025,44.521347,6.000000,6.355274,2.000000,0.000000,1.000000,0.000000
5.386306,4.086714,3.996601,0.000000,-0.479592,-0.009012,-0.488604,-3.088604,-4.494311,44.460464,6.000000,-0.467722,2.000000,0.000000,1.000000,0.000000
-8.270188,-0.682690,2.250238,0.000000,-0.270029,-0.009912,-0.279941,-2.879941,-4.506814,44.426426,6.000000,-3.620111,2.000000,0.000000,1.000000,0.000000
-4.763248,-0.923495,1.065766,0.000000,-0.127892,-0.010339,-0.138230,-2.738230,-4.540924,44.442490,8.000000,-2.007417,2.000000,0.000000,1.000000,0.000000
-14.246358,-4.348501,-0.954898,0.000000,0.114588,-0.009957,0.104631,-2.495369,-4.539994,44.495209,8.000000,-3.139329,2.000000,0.000000,1.000000,0.000000
-20.714678,-7.300749,-3.323240,0.000000,0.398789,-0.008627,0.390161,-2.209838,-4.487576,44.611702,9.000000,1.118861,2.000000,0.000000,1.000000,0.000000
2.995213,-2.328155,-2.951863,0.000000,0.354224,-0.007447,0.346777,-2.253223,-4.451002,44.707993,11.000000,-0.590193,2.000000,0.000000,1.000000,0.000000
-2.236893,-3.443453,-3.135330,0.000000,0.376240,-0.006192,0.370047,-2.229953,-4.476070,44.765709,10.000000,1.138715,2.000000,0.000000,1.000000,0.000000
-15.706287,-6.751262,-4.484836,0.000000,0.538180,-0.004398,0.533782,-2.066218,-4.368636,44.867657,10.000000,5.616252,2.000000,0.000000,1.000000,0.000000
-2.275970,-5.058222,-4.698830,0.000000,0.563860,-0.002519,0.561341,-2.038659,-4.255592,44.985752,10.000000,7.283140,2.000000,0.000000,1.000000,0.000000
-1.436079,-4.361157,-4.572807,0.000000,0.548737,-0.000690,0.548047,-2.051953,-4.130734,45.079945,10.000000,3.648148,2.000000,0.000000,1.000000,0.000000
2.542004,-2.851479,-3.930388,0.000000,0.471647,0.000882,0.472529,-2.127471,-4.017946,45.152069,9.000000,1.643295,2.000000,0.000000,1.000000,0.000000
-32.408581,-15.640820,-8.300850,0.000000,0.996102,0.004203,1.000305,-1.599695,-3.996542,45.336990,9.000000,3.865028,2.000000,0.000000,1.000000,0.000000
-10.699533,-8.266692,-8.288102,0.000000,0.994572,0.007518,1.002090,-1.597910,-4.049434,45.576065,11.000000,6.756434,2.000000,0.000000,1.000000,0.000000
-18.846437,-11.129853,-9.348675,0.000000,1.121841,0.011257,1.133098,-1.466902,-3.925674,45.770031,11.000000,10.046247,2.000000,0.000000,1.000000,0.000000
-6.855958,-8.077594,-8.874293,0.000000,1.064915,0.014807,1.079722,-1.520278,-3.725702,45.962105,11.000000,10.236919,2.000000,0.000000,1.000000,0.000000
12.405322,-4.231252,-7.141459,0.000000,0.856975,0.017664,0.874639,-1.725361,-3.582753,46.085194,10.000000,8.361413,2.000000,0.000000,1.000000,0.000000
-17.397305,-10.038210,-8.222558,0.000000,0.986707,0.020953,1.007660,-1.592340,-3.386600,46.227890,8.000000,9.575813,2.000000,0.000000,1.000000,0.000000
-17.134342,-12.301644,-9.744918,0.000000,1.169390,0.024851,1.194241,-1.405759,-3.215866,46.451290,7.000000,9.566161,2.000000,0.000000,1.000000,0.000000
2.491459,-5.882116,-8.303278,0.000000,0.996393,0.028172,1.024565,-1.575435,-3.043772,46.633129,8.000000,8.728383,2.000000,0.000000,1.000000,0.000000
-7.021060,-9.154480,-8.620955,0.000000,1.034515,0.031620,1.066135,-1.533865,-2.857772,46.783497,6.000000,5.487295,2.000000,0.000000,1.000000,0.000000
-18.045614,-12.186785,-9.951762,0.000000,1.194211,0.035601,1.229813,-1.370187,-2.599369,46.996910,5.000000,6.570636,2.000000,0.000000,1.000000,0.000000
-45.114075,-18.749012,-13.234993,0.000000,1.588199,0.040895,1.629094,-0.970906,-2.435038,47.306267,5.000000,5.920762,2.000000,0.000000,1.000000,0.000000
0.150092,-8.187976,-11.351391,0.000000,1.362167,0.045436,1.407603,-1.192397,-2.353578,47.575638,6.000000,2.990701,2.000000,0.000000,1.000000,0.000000
-17.916677,-11.922746,-11.564627,0.000000,1.387755,0.050061,1.437817,-1.162183,-2.289263,47.776745,5.000000,2.324781,2.000000,0.000000,1.000000,0.000000
-6.076775,-8.727599,-10.505816,0.000000,1.260698,0.054264,1.314962,-1.285038,-2.282914,47.983250,5.000000,2.258944,2.000000,0.000000,1.000000,0.000000
3.635862,-6.419882,-8.980901,0.000000,1.077708,0.057856,1.135564,-1.464436,-2.260815,48.134724,4.000000,-0.506043,2.000000,0.000000,1.000000,0.000000
-9.458179,-9.890128,-9.320234,0.000000,1.118428,0.061584,1.180012,-1.419988,-2.310239,48.297825,4.000000,-3.704024,2.000000,0.000000,1.000000,0.000000
-16.791264,-10.570661,-9.786907,0.000000,1.174429,0.065499,1.239928,-1.360072,-2.408171,48.502434,4.000000,-3.797642,2.000000,0.000000,1.000000,0.000000
-16.005430,-11.416217,-10.394983,0.000000,1.247398,0.069657,1.317055,-1.282945,-2.436207,48.722301,5.000000,-2.898186,2.000000,0.000000,1.000000,0.000000
-2.578503,-8.675540,-9.753268,0.000000,1.170392,0.073558,1.243950,-1.356049,-2.443572,48.923218,5.000000,-2.260592,2.000000,0.000000,1.000000,0.000000
-12.881390,-10.781166,-10.136891,0.000000,1.216427,0.077613,1.294040,-1.305960,-2.514513,49.117786,5.000000,0.799894,2.000000,0.000000,1.000000,0.000000
-15.198004,-12.181599,-10.899999,0.000000,1.308000,0.081973,1.389973,-1.210027,-2.525134,49.347416,5.000000,-0.738406,2.000000,0.000000,1.000000,0.000000
-21.870626,-13.510868,-11.874404,0.000000,1.424928,0.086723,1.511651,-1.088349,-2.512895,49.604340,6.000000,2.979876,2.000000,0.000000,1.000000,0.000000
-8.153348,-11.388114,-11.692915,0.000000,1.403150,0.091400,1.494550,-1.105450,-2.484940,49.853329,6.000000,-2.633466,2.000000,0.000000,1.000000,0.000000
-9.269498,-10.722105,-11.330598,0.000000,1.359672,0.095932,1.455604,-1.144396,-2.473707,50.074432,6.000000,-1.194293,2.000000,0.000000,1.000000,0.000000
2.161770,-7.900516,-10.050453,0.000000,1.206054,0.099952,1.306007,-1.293993,-2.508974,50.260658,6.000000,-4.475842,2.000000,0.000000,1.000000,0.000000
-6.654809,-9.915939,-10.000251,0.000000,1.200030,0.103953,1.303983,-1.296017,-2.479213,50.438824,5.000000,0.085153,2.000000,0.000000,1.000000,0.000000
-23.796906,-14.492301,-11.676733,0.000000,1.401208,0.108623,1.509831,-1.090169,-2.502012,50.682907,5.000000,-2.674243,2.000000,0.000000,1.000000,0.000000
-12.774476,-13.721094,-12.439711,0.000000,1.492765,0.113599,1.606364,-0.993636,-2.516748,50.965042,6.000000,0.565178,2.000000,0.000000,1.000000,0.000000
-9.270267,-12.465404,-12.449300,0.000000,1.493916,0.118579,1.612495,-0.987505,-2.489256,51.226906,7.000000,0.790824,2.000000,0.000000,1.000000,0.000000
1.691396,-10.081074,-11.565452,0.000000,1.387854,0.123205,1.511059,-1.088941,-2.480591,51.452370,7.000000,4.233831,2.000000,0.000000,1.000000,0.000000
-9.447299,-13.009723,-12.104469,0.000000,1.452536,0.128047,1.580583,-1.019417,-2.525879,51.683277,7.000000,3.701865,2.000000,0.000000,1.000000,0.000000
-13.021726,-13.110239,-12.479834,0.000000,1.497580,0.133039,1.630619,-0.969381,-2.484588,51.944477,7.000000,2.051853,2.000000,0.000000,1.000000,0.000000
-9.184342,-12.440292,-12.465076,0.000000,1.495809,0.138025,1.633834,-0.966166,-2.476220,52.199982,7.000000,0.947575,2.000000,0.000000,1.000000,0.000000
-1.060590,-9.643937,-11.412196,0.000000,1.369464,0.142590,1.512053,-1.087947,-2.481261,52.420822,7.000000,-0.589101,2.000000,0.000000,1.000000,0.000000
-1.309530,-8.783995,-10.431322,0.000000,1.251759,0.146762,1.398521,-1.201479,-2.511789,52.605103,6.000000,-4.326163,2.000000,0.000000,1.000000,0.000000
-15.770014,-12.175988,-11.082451,0.000000,1.329894,0.151195,1.481089,-1.118911,-2.592347,52.814701,6.000000,-7.444066,2.000000,0.000000,1.000000,0.000000
-8.705341,-10.362506,-10.813760,0.000000,1.297651,0.155521,1.453172,-1.146828,-2.694066,53.040085,7.000000,-2.683725,2.000000,0.000000,1.000000,0.000000
-6.581510,-9.667146,-10.385831,0.000000,1.246300,0.159675,1.405975,-1.194025,-2.730145,53.240383,7.000000,1.013382,2.000000,0.000000,1.000000,0.000000
-10.331824,-11.397118,-10.763254,0.000000,1.291590,0.163980,1.455571,-1.144429,-2.717474,53.451027,7.000000,1.791510,2.000000,0.000000,1.000000,0.000000
-1.603790,-9.726131,-10.376188,0.000000,1.245143,0.168131,1.413273,-1.186727,-2.729939,53.662258,7.000000,-0.287730,2.000000,0.000000,1.000000,0.000000
-1.073256,-9.695008,-10.121964,0.000000,1.214636,0.172180,1.386815,-1.213185,-2.733645,53.856468,7.000000,1.279720,2.000000,0.000000,1.000000,0.000000
-0.632580,-9.891321,-10.035886,0.000000,1.204306,0.176194,1.380500,-1.219500,-2.709837,54.052330,7.000000,6.842533,2.000000,0.000000,1.000000,0.000000
-5.161167,-9.376142,-9.789662,0.000000,1.174760,0.180110,1.354869,-1.245131,-2.666546,54.245003,7.000000,0.565062,2.000000,0.000000,1.000000,0.000000
-2.006318,-7.953798,-9.104498,0.000000,1.092540,0.183752,1.276291,-1.323709,-2.549158,54.418301,6.000000,0.817250,2.000000,0.000000,1.000000,0.000000
6.451427,-2.041487,-6.468504,0.000000,0.776221,0.186339,0.962559,-1.637440,-2.528475,54.518253,5.000000,-5.362323,2.000000,0.000000,1.000000,0.000000
-5.953003,-4.520353,-5.741433,0.000000,0.688972,0.188636,0.877607,-1.722392,-2.542570,54.583870,4.000000,0.933691,2.000000,0.000000,1.000000,0.000000
-3.114996,-4.642564,-5.331323,0.000000,0.639759,0.190768,0.830527,-1.769473,-2.597191,54.675499,4.000000,-5.801783,2.000000,0.000000,1.000000,0.000000
-6.577803,-4.646831,-5.075863,0.000000,0.609104,0.192798,0.801902,-1.798098,-2.662483,54.768394,4.000000,-1.629189,2.000000,0.000000,1.000000,0.000000
-6.877316,-6.238653,-5.509829,0.000000,0.661179,0.195002,0.856182,-1.743818,-2.740211,54.877251,4.000000,-1.826792,2.000000,0.000000,1.000000,0.000000
-5.391804,-4.503961,-5.134428,0.000000,0.616131,0.197056,0.813187,-1.786812,-2.808931,54.984676,5.000000,-3.195691,2.000000,0.000000,1.000000,0.000000
-5.761760,-5.262989,-5.182408,0.000000,0.621889,0.199129,0.821018,-1.778982,-2.904062,55.082344,5.000000,-6.179812,2.000000,0.000000,1.000000,0.000000
2.467676,-3.533661,-4.567078,0.000000,0.548049,0.200956,0.749005,-1.850995,-2.975613,55.170311,6.000000,-3.208695,2.000000,0.000000,1.000000,0.000000
-5.497249,-4.214202,-4.435380,0.000000,0.532246,0.202730,0.734976,-1.865024,-2.982913,55.247791,5.000000,-0.393457,2.000000,0.000000,1.000000,0.000000
0.709063,-3.178863,-3.966434,0.000000,0.475972,0.204317,0.680289,-1.919711,-2.997118,55.321720,5.000000,3.422507,2.000000,0.000000,1.000000,0.000000
2.824012,-2.821719,-3.539214,0.000000,0.424706,0.205732,0.630438,-1.969562,-2.988860,55.381725,5.000000,0.734389,2.000000,0.000000,1.000000,0.000000
-9.499875,-5.718654,-4.352605,0.000000,0.522313,0.207473,0.729786,-1.870214,-2.901453,55.467129,4.000000,0.277331,2.000000,0.000000,1.000000,0.000000
1.456590,-2.910080,-3.814239,0.000000,0.457709,0.208999,0.666708,-1.933292,-2.860715,55.553417,4.000000,-0.766777,2.000000,0.000000,1.000000,0.000000
2.890090,-1.586299,-2.982747,0.000000,0.357930,0.210192,0.568122,-2.031878,-2.939739,55.598381,4.000000,-1.908939,2.000000,0.000000,1.000000,0.000000
-1.936224,-2.090363,-2.649700,0.000000,0.317964,0.211252,0.529216,-2.070784,-2.925914,55.635147,4.000000,0.977392,2.000000,0.000000,1.000000,0.000000
-8.757013,-7.950842,-4.628144,0.000000,0.555377,0.213103,0.768481,-1.831519,-2.902951,55.735558,4.000000,4.692063,2.000000,0.000000,1.000000,0.000000
0.127235,-3.004723,-4.022265,0.000000,0.482672,0.214712,0.697384,-1.902616,-2.875302,55.845112,5.000000,1.002516,2.000000,0.000000,1.000000,0.000000
-9.082755,-5.055450,-4.407861,0.000000,0.528943,0.216475,0.745419,-1.854581,-2.976451,55.925713,5.000000,-4.282484,2.000000,0.000000,1.000000,0.000000
-7.872668,-6.402424,-5.152254,0.000000,0.618270,0.218536,0.836807,-1.763193,-3.137503,56.040291,6.000000,-3.245870,2.000000,0.000000,1.000000,0.000000
-12.844992,-4.559910,-4.931185,0.000000,0.591742,0.220509,0.812251,-1.787749,-3.371695,56.149914,7.000000,-1.630262,2.000000,0.000000,1.000000,0.000000
2.916542,-2.013978,-3.842451,0.000000,0.461094,0.222046,0.683140,-1.916860,-3.458473,56.215652,8.000000,-1.023437,2.000000,0.000000,1.000000,0.000000
-4.858920,-1.335947,-2.906996,0.000000,0.348840,0.223209,0.572048,-2.027952,-3.497147,56.249153,7.000000,-3.286934,2.000000,0.000000,1.000000,0.000000
-1.903845,-2.343617,-2.696737,0.000000,0.323608,0.224287,0.547896,-2.052104,-3.554671,56.285950,7.000000,-4.307868,2.000000,0.000000,1.000000,0.000000
-5.228920,0.122773,-1.644465,0.000000,0.197336,0.224945,0.422281,-2.177719,-3.640306,56.308159,7.000000,-0.107720,2.000000,0.000000,1.000000,0.000000
2.821560,1.318249,-0.538747,0.000000,0.064650,0.225160,0.289810,-2.310190,-3.531867,56.293747,6.000000,6.690296,2.000000,0.000000,1.000000,0.000000
0.491991,-0.010141,-0.341466,0.000000,0.040976,0.225297,0.266273,-2.333727,-3.372525,56.280666,5.000000,6.190939,2.000000,0.000000,1.000000,0.000000
-0.847305,-0.833776,-0.525201,0.000000,0.063024,0.225507,0.288531,-2.311469,-3.358257,56.289104,5.000000,4.444270,2.000000,0.000000,1.000000,0.000000
5.851920,-1.061931,-0.725515,0.000000,0.087062,0.225797,0.312859,-2.287141,-3.247034,56.308060,4.000000,5.981014,2.000000,0.000000,1.000000,0.000000
7.494917,0.572632,-0.241032,0.000000,0.028924,0.225894,0.254818,-2.345182,-3.195951,56.312954,4.000000,3.104051,2.000000,0.000000,1.000000,0.000000
-5.918492,-3.371371,-1.409309,0.000000,0.169117,0.226457,0.395575,-2.204425,-3.065641,56.340942,3.000000,0.529629,2.000000,0.000000,1.000000,0.000000
3.221040,-3.501025,-2.189960,0.000000,0.262795,0.227333,0.490129,-2.109871,-3.103476,56.409668,4.000000,-0.432852,2.000000,0.000000,1.000000,0.000000
-75.821136,-23.987621,-10.325088,0.000000,1.239010,0.231464,1.470474,-1.129526,-3.160057,56.684555,5.000000,2.399013,2.000000,0.000000,1.000000,0.000000
-30.163586,-18.299095,-13.301075,0.000000,1.596129,0.236784,1.832913,-0.767087,-3.151459,57.107422,10.000000,9.030920,2.000000,0.000000,1.000000,0.000000
2.407518,-9.271663,-11.797254,0.000000,1.415670,0.241503,1.657173,-0.942827,-3.061761,57.383129,11.000000,1.985247,2.000000,0.000000,1.000000,0.000000
-8.629749,-9.805363,-11.053858,13.200000,2.910463,0.001470,3.571933,0.971933,-2.948026,57.573898,9.000000,10.905681,0.000000,0.000000,1.000000,0.660000
7.367680,-5.762528,-9.079075,15.100000,2.901489,0.011142,3.667631,1.067631,-2.694586,57.729576,18.000000,7.498569,0.000000,0.000000,1.000000,0.755000
-14.962559,-12.917514,-10.511622,17.300001,3.337395,0.021255,4.223650,1.623650,-2.531344,57.916378,17.000000,11.098617,0.000000,0.000000,1.000000,0.865000
-7.716350,-13.266846,-11.539902,17.300001,3.460788,0.032791,4.358579,1.758579,-2.291518,58.178223,19.000000,15.354630,0.000000,0.000000,1.000000,0.865000
-21.238098,-16.553419,-13.411001,18.500000,3.829320,0.045555,4.799875,2.199875,-2.029119,58.476425,18.000000,16.424141,0.000000,0.000000,1.000000,0.925000
-25.772091,-16.433737,-14.539120,18.500000,3.964694,0.058771,4.948465,2.348465,-1.755523,58.806297,19.000000,11.727670,0.000000,0.000000,1.000000,0.925000
2.555458,-9.019485,-12.479132,18.500000,3.717496,0.071163,4.713658,2.113658,-1.534184,59.060829,19.000000,9.066362,0.000000,0.000000,1.000000,0.925000
15.132858,-6.559544,-10.269876,22.000000,3.872385,0.078539,5.050923,2.450923,-1.221867,59.216618,16.000000,13.433464,0.000000,0.000000,1.000000,1.100000
-45.667984,-21.639196,-14.513031,25.900000,4.849564,0.086828,6.231392,3.631392,-0.931394,59.498604,16.000000,21.058899,0.000000,0.000000,1.000000,1.295000
-34.634373,-20.895123,-16.894897,27.300001,5.303388,0.104506,6.772895,4.172895,-0.565901,59.923946,20.000000,11.830392,0.000000,0.000000,1.000000,1.365000
-7.760400,-14.304092,-15.927980,30.300001,5.547358,0.116834,7.179192,4.579192,-0.313603,60.275940,22.000000,15.056864,0.000000,0.000000,1.000000,1.515000
4.733818,-10.005857,-13.717779,32.700001,5.570133,0.132306,7.337440,4.737440,0.036497,60.519039,22.000000,21.122955,0.000000,0.000000,1.000000,1.635000
-27.232775,-16.013824,-14.574689,36.100002,6.080963,0.144230,8.030192,5.430192,0.394372,60.779236,21.000000,22.430182,0.000000,0.000000,1.000000,1.805000
-13.396761,-11.364536,-13.376625,37.400002,6.093195,0.164540,8.127735,5.527735,0.780195,61.053020,23.000000,19.605841,0.000000,0.000000,1.000000,1.870000
16.913071,-2.848911,-9.447567,37.400002,5.621708,0.183280,7.674988,5.074988,1.166188,61.195156,21.000000,17.573277,0.000000,0.000000,1.000000,1.870000
18.105478,-0.308757,-6.036863,37.400002,5.212423,0.200654,7.283077,4.683077,1.659486,61.226734,17.000000,19.810469,0.000000,0.000000,1.000000,1.870000
-20.101883,-5.485372,-5.831040,44.400002,6.027725,0.206395,8.454120,5.854120,2.110684,61.284676,12.000000,18.649675,0.000000,0.000000,1.000000,2.220000
-1.359524,-2.972836,-4.764327,46.600002,6.163720,0.225073,8.718793,6.118793,2.497411,61.369259,16.000000,19.453596,0.000000,0.000000,1.000000,2.330000
1.016525,-0.843343,-3.300973,53.299999,6.792116,0.231831,9.688948,7.088948,2.847470,61.407421,16.000000,19.158960,0.000000,0.000000,1.000000,2.665000
19.097698,4.677108,-0.323466,54.500000,6.578816,0.253761,9.557577,6.957577,3.165800,61.369083,19.000000,16.339615,0.000000,0.000000,1.000000,2.725000
18.013281,5.544494,1.866522,54.700001,6.340018,0.274894,9.349913,6.749913,3.433052,61.266869,17.000000,16.519823,0.000000,0.000000,1.000000,2.735000
22.324068,7.839225,4.095600,54.700001,6.072528,0.295136,9.102664,6.502664,3.677935,61.133030,15.000000,14.900346,0.000000,0.000000,1.000000,2.735000
23.059963,9.778010,6.216338,55.000000,5.854039,0.314649,8.918688,6.318688,3.910893,60.956856,12.000000,8.455688,0.000000,0.000000,1.000000,2.750000
-14.018644,2.296166,4.753287,54.700001,5.993605,0.334628,9.063233,6.463233,4.040667,60.836113,11.000000,4.089560,0.000000,0.000000,1.000000,2.735000
9.773018,6.541697,5.420741,54.700001,5.913511,0.354340,9.002851,6.402851,4.093256,60.747734,11.000000,0.520139,0.000000,0.000000,1.000000,2.735000
25.203646,11.956187,7.859841,54.700001,5.620819,0.373076,8.728895,6.128895,4.060616,60.562756,11.000000,6.041380,0.000000,0.000000,1.000000,2.735000
29.053562,15.536829,10.724977,56.200001,5.457003,0.391266,8.658269,6.058269,4.144986,60.287827,9.000000,5.768812,0.000000,0.000000,1.000000,2.810000
15.177181,11.948000,11.181423,56.200001,5.402229,0.409273,8.621503,6.021503,4.277463,60.012978,8.000000,1.402413,0.000000,0.000000,1.000000,2.810000
21.666496,15.525628,12.802729,59.400002,5.591673,0.420922,8.982595,6.382596,4.344784,59.738243,8.000000,5.920493,0.000000,0.000000,1.000000,2.970000
38.921387,22.758360,16.518280,60.600002,5.289806,0.438555,8.758362,6.158362,4.287241,59.355404,10.000000,5.494818,0.000000,0.000000,1.000000,3.030000
45.168072,24.940357,19.661491,64.700005,5.404622,0.447343,9.086965,6.486965,4.324993,58.878418,9.000000,7.340991,0.000000,0.000000,1.000000,3.235000
44.698170,28.031639,22.785322,66.500000,5.245761,0.464829,9.035590,6.435590,4.373033,58.348698,10.000000,4.973581,0.000000,0.000000,1.000000,3.325000
34.785748,26.148874,24.040636,69.900002,5.503124,0.475619,9.473743,6.873744,4.428227,57.806892,10.000000,1.967567,0.000000,0.000000,1.000000,3.495000
58.558399,33.508251,27.574055,69.900002,5.079113,0.492550,9.066664,6.466664,4.504210,57.210320,11.000000,2.179074,0.000000,0.000000,1.000000,3.495000
61.042870,39.322639,31.958755,70.099998,4.576949,0.507806,8.589755,5.989755,4.640076,56.482010,9.000000,-1.357143,0.000000,0.000000,1.000000,3.505000
42.158764,36.571323,33.680218,69.900002,4.346374,0.522294,8.363668,5.763669,4.712062,55.723072,6.000000,5.810855,0.000000,0.000000,1.000000,3.495000
43.417610,38.239285,35.381710,69.900002,4.142195,0.536102,8.173296,5.573296,4.796615,54.974964,4.000000,9.657634,0.000000,0.000000,1.000000,3.495000
70.982796,46.431950,39.505783,70.099998,3.671306,0.548339,7.724645,5.124645,4.937957,54.128250,3.000000,4.522635,0.000000,0.000000,1.000000,3.505000
56.202656,44.041729,41.198647,73.300003,3.852163,0.556365,8.073527,5.473527,4.930431,53.223515,0.000000,-2.055655,0.000000,0.000000,1.000000,3.665000
57.574631,46.978237,43.355652,73.300003,3.593322,0.568342,7.826665,5.226665,4.890964,52.313316,2.000000,-2.861411,0.000000,0.000000,1.000000,3.665000
74.441566,53.201332,47.030167,75.500000,3.416380,0.578695,7.770075,5.170075,4.878612,51.311520,1.000000,-0.777704,0.000000,0.000000,1.000000,3.775000
54.608536,51.414478,48.666439,75.500000,3.220027,0.589428,7.584455,4.984456,4.951409,50.265362,1.000000,-0.508381,0.000000,0.000000,1.000000,3.775000
92.012558,65.289833,54.870472,79.200005,2.919544,0.594689,7.474233,4.874233,4.850920,49.098320,0.000000,-3.589700,0.000000,0.000000,1.000000,3.960000
40.442566,54.806107,54.846451,79.200005,2.922426,0.604430,7.486857,4.886857,4.653105,47.897362,1.000000,-4.754840,0.000000,0.000000,1.000000,3.960000
84.143921,65.058678,58.657764,80.599998,2.633068,0.613207,7.276276,4.676276,4.543829,46.698715,1.000000,-0.741270,0.000000,0.000000,1.000000,4.030000
72.493065,64.971779,61.014225,80.599998,2.350293,0.621041,7.001334,4.401334,4.408466,45.398411,1.000000,-2.107093,0.000000,0.000000,1.000000,4.030000
95.670006,75.532234,66.432503,80.900002,1.736100,0.626828,6.407928,3.807929,4.259080,43.993370,0.000000,-7.867194,0.000000,0.000000,1.000000,4.045000
94.002769,77.789772,70.671158,81.099998,1.251461,0.631000,5.937461,3.337461,4.053471,42.460152,-1.000000,-13.807155,0.000000,0.000000,1.000000,4.055000
85.816727,78.131500,73.455437,81.099998,0.917347,0.634058,5.606405,3.006405,3.723395,40.900940,-1.000000,-10.815833,0.000000,0.000000,1.000000,4.055000
71.889275,74.194618,73.731308,81.099998,0.884243,0.637005,5.576248,2.976248,3.553058,39.377678,-2.000000,-3.852350,0.000000,0.000000,1.000000,4.055000
61.263363,68.765518,71.878021,82.800003,1.310638,0.641374,6.092012,3.492013,3.457691,37.948078,-2.000000,-0.673974,0.000000,0.000000,1.000000,4.140000
94.822510,78.421318,74.320053,82.800003,1.017594,0.644766,5.802361,3.202361,3.392213,36.476212,0.000000,-2.703691,0.000000,0.000000,1.000000,4.140000
122.052216,87.878822,79.380333,85.000000,0.674360,0.646810,5.571170,2.971170,3.297206,34.813210,0.000000,-4.564417,0.000000,0.000000,1.000000,4.250000
93.973480,84.533234,81.303452,85.000000,0.443586,0.648288,5.341874,2.741874,3.168724,33.089088,0.000000,-1.549201,0.000000,0.000000,1.000000,4.250000
108.854546,89.216217,84.256584,88.000000,0.449210,0.649286,5.498497,2.898497,3.159241,31.351593,-2.000000,0.511162,0.000000,0.000000,1.000000,4.400000
111.646561,92.462395,87.319084,89.400002,0.249710,0.650119,5.369829,2.769829,3.176711,29.534807,-1.000000,1.468921,0.000000,0.000000,1.000000,4.470000
107.872704,92.151627,89.122643,89.400002,0.033283,0.650230,5.153513,2.553513,3.139176,27.688667,-1.000000,-2.227012,0.000000,0.000000,1.000000,4.470000
75.762886,85.768738,87.870926,89.400002,0.183489,0.650841,5.304331,2.704331,3.148223,25.909464,-2.000000,-1.834010,0.000000,0.000000,1.000000,4.470000
124.339554,100.304184,92.511154,89.400002,-0.373338,0.649597,4.746259,2.146259,3.141683,24.048735,-2.000000,-2.125256,0.000000,0.000000,1.000000,4.470000
109.412346,97.100075,94.223793,89.400002,-0.578855,0.647667,4.538813,1.938813,3.069198,22.074692,-4.000000,2.727733,0.000000,0.000000,1.000000,4.470000
116.550484,101.313194,96.869637,90.900002,-0.716356,0.645279,4.473923,1.873923,3.063377,20.090559,-5.000000,2.121904,0.000000,0.000000,1.000000,4.545000
103.220238,101.279266,98.515358,90.900002,-0.913843,0.642233,4.273391,1.673391,3.108084,18.064634,-6.000000,-3.804135,0.000000,0.000000,1.000000,4.545000
135.856277,111.582993,103.392342,90.900002,-1.499081,0.637236,3.683156,1.083156,3.043199,15.936012,-6.000000,-6.432464,0.000000,0.000000,1.000000,4.545000
122.709892,109.756149,105.767387,90.900002,-1.784086,0.631289,3.392203,0.792203,2.826711,13.722621,-8.000000,-10.464562,0.000000,0.000000,1.000000,4.545000
61.969101,94.022591,101.384102,90.900002,-1.258092,0.627096,3.914004,1.314004,2.645397,11.684834,-9.000000,-8.504018,0.000000,0.000000,1.000000,4.545000
105.278305,104.872101,102.685860,90.900002,-1.414303,0.622381,3.753078,1.153079,2.382750,9.695887,-5.000000,-7.346659,0.000000,0.000000,1.000000,4.545000
86.059113,99.650505,101.553032,94.800003,-0.810363,0.620996,4.550633,1.950633,2.183293,7.650661,-5.000000,-9.258031,0.000000,0.000000,1.000000,4.740000
111.055397,104.062157,102.489464,94.800003,-0.922735,0.617920,4.435185,1.835186,1.980899,5.613534,0.000000,-10.191769,0.000000,0.000000,1.000000,4.740000
82.173706,95.587456,99.913559,96.300003,-0.433627,0.616475,4.997849,2.397849,1.849027,3.617038,0.000000,-10.104043,0.000000,0.000000,1.000000,4.815000
119.231071,103.557167,101.273392,96.300003,-0.596807,0.614486,4.832679,2.232679,1.693133,1.625592,3.000000,-6.256747,0.000000,0.000000,1.000000,4.815000
118.873451,104.558868,102.499565,96.300003,-0.743947,0.612006,4.683058,2.083058,1.571898,-0.455569,3.000000,-5.851471,0.000000,0.000000,1.000000,4.815000
139.913437,110.788635,105.593140,96.300003,-1.115176,0.608289,4.308112,1.708112,1.394610,-2.609044,3.000000,-7.984756,0.000000,0.000000,1.000000,4.815000
72.761978,95.214020,101.719536,94.599998,-0.854344,0.605441,4.481096,1.881096,1.198774,-4.669070,2.000000,-9.004965,0.000000,0.000000,1.000000,4.730000
132.265808,111.486496,105.364670,94.300003,-1.327760,0.601015,3.988255,1.388255,1.002664,-6.736075,4.000000,-11.610913,0.000000,0.000000,1.000000,4.715000
126.003983,110.708778,107.359146,92.400002,-1.795097,0.595031,3.419934,0.819934,0.818797,-8.958028,2.000000,-13.102306,0.000000,0.000000,1.000000,4.620000
140.407562,117.460472,111.129074,92.400002,-2.247489,0.587540,2.960051,0.360051,0.547585,-11.239720,1.000000,-12.293046,0.000000,0.000000,1.000000,4.620000
169.602036,127.447060,117.219124,92.400002,-2.978295,0.577612,2.219318,-0.380682,0.295017,-13.688795,0.000000,-17.970222,0.000000,0.000000,1.000000,4.620000
166.216736,130.932861,122.337242,92.400002,-3.592469,0.565637,1.593169,-1.006831,-0.087009,-16.272594,-1.000000,-15.666004,0.000000,0.000000,1.000000,4.620000
118.170044,119.380798,121.233864,92.400002,-3.460063,0.554103,1.714040,-0.885960,-0.435887,-18.775730,-2.000000,-13.541689,0.000000,0.000000,1.000000,4.620000
83.354630,109.909401,117.007446,92.400002,-2.952893,0.544261,2.211368,-0.388632,-0.706772,-21.068632,0.000000,-20.159925,0.000000,0.000000,1.000000,4.620000
159.244812,129.121613,121.528587,92.400002,-3.495430,0.532609,1.657179,-0.942821,-1.078590,-23.458942,3.000000,-20.526314,0.000000,0.000000,1.000000,4.620000
174.704407,135.671417,126.806847,92.400002,-4.128821,0.518846,1.010025,-1.589975,-1.456259,-26.106873,2.000000,-19.808105,0.000000,0.000000,1.000000,4.620000
158.438004,135.056213,129.885605,92.400002,-4.498272,0.503852,0.625580,-1.974420,-1.766874,-28.814148,0.000000,-12.511344,0.000000,0.000000,1.000000,4.620000
188.756271,146.126312,135.946808,92.400002,-5.225616,0.486433,-0.119183,-2.719182,-2.036708,-31.625973,0.000000,-13.027528,0.000000,0.000000,1.000000,4.620000
205.776245,154.506424,142.873459,92.599998,-6.032815,0.466324,-0.936491,-3.536491,-2.327827,-34.632301,-1.000000,-14.796800,0.000000,0.000000,1.000000,4.630000
174.842255,151.358643,146.040222,92.599998,-6.412827,0.444948,-1.337879,-3.937879,-2.660848,-37.690952,-4.000000,-18.582207,0.000000,0.000000,1.000000,4.630000
159.621231,147.311890,146.514816,92.599998,-6.469778,0.423382,-1.416396,-4.016396,-3.040769,-40.677658,-4.000000,-16.956938,0.000000,0.000000,1.000000,4.630000
153.726410,148.756027,147.351257,92.599998,-6.570151,0.401481,-1.538669,-4.138669,-3.390915,-43.638336,-3.000000,-18.824799,0.000000,0.000000,1.000000,4.630000
154.116165,149.425537,148.125397,92.599998,-6.663048,0.379271,-1.653776,-4.253776,-3.664833,-46.620152,-2.000000,-14.667238,0.000000,0.000000,1.000000,4.630000
197.949173,159.664261,152.431824,92.400002,-7.203818,0.355259,-2.228559,-4.828559,-3.825815,-49.711048,-2.000000,-13.495626,0.000000,0.000000,1.000000,4.620000
175.852722,157.302292,154.249542,92.400002,-7.421945,0.330519,-2.471426,-5.071425,-4.047798,-52.880714,-3.000000,-11.041573,0.000000,0.000000,1.000000,4.620000
127.154831,142.243210,149.768646,92.400002,-6.884237,0.307571,-1.956666,-4.556665,-4.305166,-55.876171,-3.000000,-11.134442,0.000000,0.000000,1.000000,4.620000
194.995804,158.170944,152.904480,92.400002,-7.260537,0.283370,-2.357167,-4.957167,-4.545040,-58.880314,0.000000,-8.656620,0.000000,0.000000,1.000000,4.620000
178.164978,155.528595,153.883835,92.400002,-7.378060,0.258776,-2.499283,-5.099283,-4.778690,-62.017307,0.000000,-5.582328,0.000000,0.000000,1.000000,4.620000
181.700714,155.637039,154.538147,92.400002,-7.456577,0.233921,-2.602656,-5.202656,-4.971306,-65.128967,0.000000,-10.462790,0.000000,0.000000,1.000000,4.620000
174.914352,157.564163,155.667496,92.400002,-7.592099,0.208614,-2.763485,-5.363485,-5.153267,-68.260979,0.000000,-11.786335,0.000000,0.000000,1.000000,4.620000
212.031418,169.430389,160.803955,92.400002,-8.208474,0.181252,-3.407221,-6.007221,-5.367447,-71.530922,0.000000,-16.165627,0.000000,0.000000,1.000000,4.620000
136.891251,150.516357,156.964508,92.400002,-7.747741,0.155426,-2.972314,-5.572314,-5.628615,-74.730392,-1.000000,-20.505602,0.000000,0.000000,1.000000,4.620000
153.016327,152.156067,155.169952,92.400002,-7.532394,0.130318,-2.782075,-5.382075,-5.956669,-77.757118,1.000000,-14.928894,0.000000,0.000000,1.000000,4.620000
197.146423,165.214737,158.918777,92.400002,-7.982253,0.103711,-3.258542,-5.858542,-6.164410,-80.930824,3.000000,-12.553612,0.000000,0.000000,1.000000,4.620000
110.520805,144.745056,153.628983,92.599998,-7.323478,0.079299,-2.614178,-5.214178,-6.393875,-84.030418,2.000000,-12.576123,0.000000,0.000000,1.000000,4.630000
-65.624573,87.379684,128.904022,92.599998,-4.356483,0.064778,0.338295,-2.261705,-6.739914,-86.351669,7.000000,-11.637922,0.000000,0.000000,1.000000,4.630000
-17.859186,84.754364,112.426880,92.599998,-2.379226,0.056847,2.307621,-0.292379,-6.908674,-88.073013,23.000000,-6.283266,0.000000,0.000000,1.000000,4.630000
15.808022,84.510910,102.008331,92.599998,-1.129000,0.053084,3.554084,0.954084,-6.930795,-89.765663,33.000000,4.954830,0.000000,0.000000,1.000000,4.630000
30.561930,80.066956,93.819565,92.599998,-0.146348,0.052596,4.536248,1.936248,-6.735661,-91.411438,38.000000,12.964001,0.000000,0.000000,1.000000,4.630000
28.921589,73.815979,86.354004,92.599998,0.749519,0.055094,5.434614,2.834614,-6.355084,-92.950264,41.000000,19.187069,0.000000,0.000000,1.000000,4.630000
7.730739,59.903488,76.482384,92.400002,1.910114,0.061461,6.591576,3.991576,-5.989787,-94.287460,44.000000,25.545719,0.000000,0.000000,1.000000,4.620000
51.720245,70.275383,74.165863,92.400002,2.188097,0.068755,6.876852,4.276852,-5.447763,-95.589249,47.000000,25.703068,0.000000,0.000000,1.000000,4.620000
50.173729,66.277557,71.221863,92.400002,2.541377,0.077226,7.238603,4.638603,-4.942642,-96.954781,46.000000,33.856243,0.000000,0.000000,1.000000,4.620000
54.844719,67.060402,69.668762,92.400002,2.727749,0.086319,7.434068,4.834068,-4.207608,-98.288162,44.000000,34.262314,0.000000,0.000000,1.000000,4.620000
83.791756,70.011383,69.796631,92.400002,2.712404,0.095360,7.427765,4.827765,-3.570699,-99.658882,42.000000,36.605091,0.000000,0.000000,1.000000,4.620000
0.807507,50.540016,62.609852,92.400002,3.574818,0.106680,8.301498,5.701499,-2.869406,-100.864395,38.000000,31.270742,0.000000,0.000000,1.000000,4.620000
58.612530,60.188076,61.706017,92.400002,3.683278,0.119572,8.422850,5.822850,-2.260005,-101.971680,39.000000,33.446472,0.000000,0.000000,1.000000,4.620000
56.321037,59.401768,60.846046,92.400002,3.786474,0.131562,8.538037,5.938037,-1.613951,-103.167580,37.000000,35.052887,0.000000,0.000000,1.000000,4.620000
57.755672,59.158199,60.216122,92.400002,3.862066,0.145079,8.627146,6.027146,-0.956420,-104.353180,34.000000,32.279224,0.000000,0.000000,1.000000,4.620000
153.398178,86.624161,70.071892,92.400002,2.679373,0.154011,7.453384,4.853384,-0.323699,-105.811005,31.000000,27.422255,0.000000,0.000000,1.000000,4.620000
193.417252,103.667572,82.610168,92.400002,1.174780,0.157927,5.952707,3.352707,0.164582,-107.713921,23.000000,27.710325,0.000000,0.000000,1.000000,4.620000
83.555557,79.592537,81.483955,92.400002,1.309926,0.162075,6.092000,3.492001,0.547484,-109.546524,14.000000,18.039200,0.000000,0.000000,1.000000,4.620000
135.434784,96.814499,87.205482,90.400002,0.383342,0.163416,5.066759,2.466759,0.854424,-111.310593,13.000000,2.613177,0.000000,0.000000,1.000000,4.520000
119.215919,98.901604,91.570602,90.400002,-0.140472,0.162972,4.542500,1.942500,0.724804,-113.267754,8.000000,-4.144079,0.000000,0.000000,1.000000,4.520000
109.316399,95.386803,92.994850,88.900002,-0.491382,0.161252,4.114870,1.514870,0.551381,-115.210640,7.000000,-2.424984,0.000000,0.000000,1.000000,4.445000
98.566269,92.358269,92.757271,87.500000,-0.630872,0.159254,3.903381,1.303381,0.494431,-117.088089,5.000000,-1.105432,0.000000,0.000000,1.000000,4.375000
129.622192,103.194138,96.652428,86.000000,-1.278291,0.154993,3.176702,0.576702,0.463795,-119.043610,4.000000,-6.580309,0.000000,0.000000,1.000000,4.300000
105.551056,97.668083,97.031479,86.000000,-1.323777,0.150580,3.126803,0.526803,0.356537,-121.052231,1.000000,-8.536050,0.000000,0.000000,1.000000,4.300000
96.334732,94.134132,95.950157,81.599998,-1.722019,0.147971,2.505952,-0.094048,0.133223,-122.970253,2.000000,-7.293327,0.000000,0.000000,1.000000,4.080000
133.756073,106.346992,99.830368,80.400002,-2.331644,0.140199,1.828555,-0.771445,-0.038685,-124.975067,0.000000,-2.383893,0.000000,0.000000,1.000000,4.020000
110.495735,99.835945,99.832451,75.700005,-2.895894,0.136091,1.025198,-1.574802,-0.103986,-127.036896,-3.000000,-8.500996,0.000000,0.000000,1.000000,3.785000
111.005043,101.566978,100.479797,72.300003,-3.381575,0.129461,0.362886,-2.237114,-0.203822,-129.050919,-6.000000,-8.614811,0.000000,0.000000,1.000000,3.615000
133.239716,108.106239,103.326073,41.299999,-7.443129,0.127860,-5.250268,-7.850268,-0.397630,-131.147644,-9.000000,-15.390223,0.000000,0.000000,1.000000,2.065000
138.398163,112.572830,106.777061,-33.500000,-16.833248,0.126360,-18.381887,-20.981888,-0.731861,-133.354431,-35.000000,-19.333055,0.000000,0.000000,1.000000,-1.675000
126.030006,110.157021,108.038498,33.900002,-8.896620,0.125480,-7.076140,-9.676140,-1.289402,-135.581726,-98.000000,-37.078190,0.000000,0.000000,1.000000,1.695000
150.834305,119.134422,112.179619,-28.100000,-16.833553,0.123670,-18.114883,-20.714884,-2.316332,-137.874634,-36.000000,-65.487862,0.000000,0.000000,1.000000,-1.405000
92.806587,106.202896,109.949043,0.000000,-13.193885,0.120540,-13.073345,-15.673346,-3.645051,-140.128006,-85.000000,-72.583450,0.000000,20.000002,1.000000,0.000000
127.142204,112.605804,110.940575,13.200000,-11.728869,0.114616,-10.954253,-13.554253,-5.124561,-142.316086,-52.000000,-75.151703,0.000000,0.000000,1.000000,0.660000
119.682823,111.755493,111.244713,0.000000,-13.349365,0.107874,-13.241491,-15.841492,-6.550708,-144.559692,-34.000000,-68.952408,0.000000,20.000002,1.000000,0.000000
44.770424,90.204041,103.392105,-12.700000,-13.931052,0.100561,-14.465491,-17.065491,-7.651362,-146.579285,-40.000000,-52.052704,0.000000,0.000000,1.000000,-0.635000
141.345871,112.671616,106.855324,0.000000,-12.822639,0.093830,-12.728808,-15.328808,-8.611762,-148.608047,-42.000000,-47.929161,0.000000,20.000002,1.000000,0.000000
120.189262,107.890976,107.241844,0.000000,-12.869021,0.050933,-12.818089,-15.418089,-9.493420,-150.813675,-29.000000,-40.621792,0.000000,40.000004,1.000000,0.000000
116.686501,107.301613,107.264153,0.000000,-19.314291,0.000000,-19.314291,-21.914291,-10.181394,-152.965607,-26.000000,-34.372047,1.000000,0.000000,0.000000,0.000000
118.250130,107.318703,107.284508,0.000000,-19.317368,0.000000,-19.317368,-21.917368,-10.776362,-155.111816,-55.000000,-36.017254,1.000000,0.000000,0.000000,0.000000
108.333923,104.283516,106.164505,0.000000,-18.771034,0.000000,-18.771034,-21.371035,-11.599658,-157.227844,-51.000000,-53.537643,1.000000,0.000000,0.000000,0.000000
113.825676,103.586937,105.202530,0.000000,-18.645649,0.000000,-18.645649,-21.245649,-12.763400,-159.306549,-43.000000,-62.998375,1.000000,0.000000,0.000000,0.000000
50.560593,85.735611,97.937263,0.000000,-15.432410,0.000000,-15.432410,-18.032410,-13.991460,-161.199768,-36.000000,-62.223976,1.000000,0.000000,0.000000,0.000000
112.684975,98.896553,98.295280,0.000000,-17.801380,0.000000,-17.801380,-20.401381,-15.122390,-163.046097,-14.000000,-51.834442,1.000000,0.000000,0.000000,0.000000
129.525787,102.998367,100.050522,0.000000,-18.539707,0.000000,-18.539707,-21.139708,-15.852261,-165.065048,-22.000000,-38.829521,1.000000,0.000000,0.000000,0.000000
78.576202,88.817795,95.858345,0.000000,-15.987204,0.000000,-15.987204,-18.587204,-16.358019,-166.983215,-23.000000,-39.084953,1.000000,0.000000,0.000000,0.000000
82.754570,85.715210,92.072815,0.000000,-15.428739,0.000000,-15.428739,-18.028738,-16.969135,-168.728546,-8.000000,-33.860580,1.000000,0.000000,0.000000,0.000000
79.421028,83.199593,88.761230,0.000000,-14.975927,0.000000,-14.975927,-17.575928,-17.439295,-170.417694,-2.000000,-22.714403,1.000000,0.000000,0.000000,0.000000
70.126656,81.950249,86.219299,0.000000,-14.751045,0.000000,-14.751045,-17.351046,-17.841871,-172.069199,1.000000,-16.418694,1.000000,0.000000,0.000000,0.000000
61.600624,76.468315,82.580124,0.000000,-13.764297,0.000000,-13.764297,-16.364298,-18.093016,-173.653381,3.000000,-12.744653,1.000000,0.000000,0.000000,0.000000
60.792000,71.263565,78.356659,0.000000,-12.827442,0.000000,-12.827442,-15.427443,-18.151655,-175.130707,8.000000,-9.025622,1.000000,0.000000,0.000000,0.000000
55.479603,66.326599,73.866905,0.000000,-11.938788,0.000000,-11.938788,-14.538788,-18.060562,-176.506607,13.000000,-3.454496,1.000000,0.000000,0.000000,0.000000
51.965694,60.343441,68.819801,0.000000,-10.861820,0.000000,-10.861820,-13.461821,-17.764105,-177.773300,16.000000,1.038485,1.000000,0.000000,0.000000,0.000000
23.280054,48.411018,61.203018,0.000000,-8.713984,0.000000,-8.713984,-11.313984,-17.411697,-178.860840,19.000000,8.600619,1.000000,0.000000,0.000000,0.000000
30.265799,45.844849,55.471180,0.000000,-8.252073,0.000000,-8.252073,-10.852074,-17.169405,-179.803406,29.000000,10.095098,1.000000,0.000000,0.000000,0.000000
28.624254,41.707161,50.334297,0.000000,-7.507289,0.000000,-7.507289,-10.107289,-16.748714,-180.678925,29.000000,19.979565,1.000000,0.000000,0.000000,0.000000
10.054313,34.428417,44.398048,0.000000,-6.197115,0.000000,-6.197115,-8.797115,-16.189442,-181.440277,30.000000,20.307232,1.000000,0.000000,0.000000,0.000000
36.336468,37.593674,41.858582,0.000000,-6.766861,0.000000,-6.766861,-9.366861,-15.619373,-182.160492,34.000000,22.507055,1.000000,0.000000,0.000000,0.000000
-0.027802,26.756306,36.222244,0.000000,-4.816135,0.000000,-4.816135,-7.416135,-14.994481,-182.803986,28.000000,26.083256,1.000000,0.000000,0.000000,0.000000
13.182980,26.997551,32.779488,0.000000,-4.859560,0.000000,-4.859560,-7.459559,-14.406786,-183.341522,34.000000,26.094900,1.000000,0.000000,0.000000,0.000000
6.970582,22.778786,29.047115,0.000000,-4.100182,0.000000,-4.100182,-6.700181,-13.722628,-183.839279,31.000000,29.321953,1.000000,0.000000,0.000000,0.000000
18.862562,22.567738,26.628941,0.000000,-4.062193,0.000000,-4.062193,-6.662193,-13.145000,-184.292740,32.000000,27.986624,1.000000,0.000000,0.000000,0.000000
-45.111538,1.797760,17.361671,0.000000,-0.323597,0.000000,-0.323597,-2.923597,-12.483087,-184.536392,29.000000,28.155825,1.000000,0.000000,0.000000,0.000000
-3.693582,7.828734,13.803875,0.000000,-1.409172,0.000000,-1.409172,-4.009172,-11.856186,-184.632660,44.000000,27.866062,1.000000,0.000000,0.000000,0.000000
-24.066172,1.170168,9.088837,0.000000,-0.210630,0.000000,-0.210630,-2.810630,-11.202817,-184.722656,35.000000,31.679205,1.000000,0.000000,0.000000,0.000000
-61.387207,-13.092787,0.810410,0.000000,2.356702,0.000000,2.356702,-0.243298,-10.483073,-184.603424,38.000000,33.798187,1.000000,0.000000,0.000000,0.000000
-40.438019,-12.179960,-4.037739,0.000000,2.192393,0.000000,2.192393,-0.407607,-9.842595,-184.350693,48.000000,30.142532,1.000000,0.000000,0.000000,0.000000
-30.504612,-14.261462,-7.853345,0.000000,2.567063,0.000000,2.567063,-0.032937,-9.076820,-184.086273,43.000000,32.269714,1.000000,0.000000,0.000000,0.000000
-43.350155,-19.636257,-12.250857,0.000000,3.534526,0.000000,3.534526,0.934526,-8.271200,-183.747299,41.000000,41.736050,1.000000,0.000000,0.000000,0.000000
-33.504642,-20.000690,-15.143181,0.000000,3.600124,0.000000,3.600124,1.000124,-7.525170,-183.350937,42.000000,39.111279,1.000000,0.000000,0.000000,0.000000
-53.778332,-27.732727,-19.841738,0.000000,4.991891,0.000000,4.991891,2.391891,-6.757087,-182.873596,38.000000,35.854748,1.000000,0.000000,0.000000,0.000000
-38.393589,-27.656441,-22.758270,0.000000,4.978159,0.000000,4.978159,2.378160,-6.007548,-182.319702,42.000000,33.500111,1.000000,0.000000,0.000000,0.000000
-73.150124,-37.895218,-28.407545,0.000000,6.821139,0.000000,6.821139,4.221139,-5.325479,-181.664185,38.000000,36.514530,1.000000,0.000000,0.000000,0.000000
-39.602016,-32.675522,-30.000401,0.000000,5.881594,0.000000,5.881594,3.281594,-4.565925,-180.958481,44.000000,38.799484,1.000000,0.000000,0.000000,0.000000
-24.516626,-29.506809,-29.816187,0.000000,5.311226,0.000000,5.311226,2.711226,-3.711183,-180.336655,35.000000,39.574566,1.000000,0.000000,0.000000,0.000000
-44.544697,-34.185390,-31.446821,0.000000,6.153370,0.000000,6.153370,3.553370,-3.071599,-179.699738,29.000000,32.512005,1.000000,0.000000,0.000000,0.000000
-62.349243,-40.353226,-34.770790,0.000000,7.263581,0.000000,7.263581,4.663581,-2.477505,-178.954346,30.000000,29.803793,1.000000,0.000000,0.000000,0.000000
-37.767513,-35.573322,-35.070305,0.000000,6.403198,0.000000,6.403198,3.803198,-1.924273,-178.195084,33.000000,28.042145,1.000000,0.000000,0.000000,0.000000
-51.008034,-39.466183,-36.710896,0.000000,7.103913,0.000000,7.103913,4.503913,-1.410163,-177.444687,26.000000,30.053984,1.000000,0.000000,0.000000,0.000000
-62.449776,-43.348816,-39.188240,0.000000,7.802787,0.000000,7.802787,5.202787,-0.908290,-176.616531,27.000000,25.806047,1.000000,0.000000,0.000000,0.000000
-33.495903,-35.741993,-37.902061,0.000000,6.433559,0.000000,6.433559,3.833559,-0.447530,-175.825623,28.000000,22.020710,1.000000,0.000000,0.000000,0.000000
-53.302471,-40.575260,-38.899727,0.000000,7.303547,0.000000,7.303547,4.703547,0.057343,-175.062454,18.000000,20.944202,1.000000,0.000000,0.000000,0.000000
-8.556037,-28.781979,-35.123672,0.000000,5.180757,0.000000,5.180757,2.580757,0.504380,-174.368881,21.000000,17.453386,1.000000,0.000000,0.000000,0.000000
-3.286685,-22.991699,-30.595886,0.000000,4.138506,0.000000,4.138506,1.538506,0.871403,-173.851151,8.000000,13.723606,1.000000,0.000000,0.000000,0.000000
-62.223129,-37.297905,-33.097153,0.000000,6.713623,0.000000,6.713623,4.113623,1.110124,-173.248260,2.000000,10.428246,1.000000,0.000000,0.000000,0.000000
-14.748822,-26.667908,-30.697687,0.000000,4.800223,0.000000,4.800223,2.200223,1.204455,-172.608597,14.000000,3.609532,1.000000,0.000000,0.000000,0.000000
-72.631676,-41.032917,-34.554909,0.000000,7.385925,0.000000,7.385925,4.785925,1.230971,-171.931595,4.000000,-0.491456,1.000000,0.000000,0.000000,0.000000
-32.680954,-33.679256,-34.228107,0.000000,6.062266,0.000000,6.062266,3.462266,1.146974,-171.184479,18.000000,-4.094341,1.000000,0.000000,0.000000,0.000000
-27.305910,-31.335997,-33.148739,0.000000,5.640480,0.000000,5.640480,3.040480,1.066195,-170.534332,12.000000,-1.020500,1.000000,0.000000,0.000000,0.000000
-9.071372,-24.910400,-30.074100,0.000000,4.483872,0.000000,4.483872,1.883873,1.083005,-169.971863,9.000000,3.705762,1.000000,0.000000,0.000000,0.000000
-29.016703,-28.571224,-29.513210,0.000000,5.142820,0.000000,5.142820,2.542820,1.086727,-169.437042,4.000000,1.229487,1.000000,0.000000,0.000000,0.000000
-54.802658,-34.520199,-31.381874,0.000000,6.213636,0.000000,6.213636,3.613636,1.134670,-168.806122,7.000000,-1.966356,1.000000,0.000000,0.000000,0.000000
-43.531094,-33.603153,-32.210880,0.000000,6.048568,0.000000,6.048568,3.448568,1.029106,-168.124893,13.000000,-0.631026,1.000000,0.000000,0.000000,0.000000
-22.775347,-27.644339,-30.506598,0.000000,4.975981,0.000000,4.975981,2.375981,1.081838,-167.512421,11.000000,-0.529877,1.000000,0.000000,0.000000,0.000000
1.037342,-22.008091,-27.334862,0.000000,3.961457,0.000000,3.961457,1.361457,1.079097,-167.015900,6.000000,5.389115,1.000000,0.000000,0.000000,0.000000
-2.718918,-20.282093,-24.702690,0.000000,3.650777,0.000000,3.650777,1.050777,1.279916,-166.593002,0.000000,0.848237,1.000000,0.000000,0.000000,0.000000
-48.518150,-31.703083,-27.315313,0.000000,5.706555,0.000000,5.706555,3.106555,1.222428,-166.073151,0.000000,-0.438931,1.000000,0.000000,0.000000,0.000000
-54.063576,-32.934677,-29.412521,0.000000,5.928242,0.000000,5.928242,3.328242,1.240488,-165.426773,9.000000,-9.166480,1.000000,0.000000,0.000000,0.000000
-0.733147,-20.774296,-26.188641,0.000000,3.739373,0.000000,3.739373,1.139374,1.084849,-164.889679,11.000000,2.026243,1.000000,0.000000,0.000000,0.000000
-31.415003,-27.589190,-26.711340,0.000000,4.966054,0.000000,4.966054,2.366055,1.115604,-164.406052,0.000000,3.240217,1.000000,0.000000,0.000000,0.000000
-15.980744,-23.922499,-25.670513,0.000000,4.306050,0.000000,4.306050,1.706050,1.141265,-163.890930,6.000000,-1.410727,1.000000,0.000000,0.000000,0.000000
-0.015013,-19.702286,-23.443106,0.000000,3.546412,0.000000,3.546412,0.946412,1.182625,-163.454681,2.000000,3.051245,1.000000,0.000000,0.000000,0.000000
-20.210258,-24.087954,-23.683769,0.000000,4.335832,0.000000,4.335832,1.735832,1.172223,-163.016785,0.000000,-2.198438,1.000000,0.000000,0.000000,0.000000
-44.925430,-29.433847,-25.829762,0.000000,5.298093,0.000000,5.298093,2.698093,1.081543,-162.481567,3.000000,-4.681425,1.000000,0.000000,0.000000,0.000000
-47.880180,-31.106550,-27.799118,0.000000,5.599179,0.000000,5.599179,2.999179,0.913391,-161.876160,9.000000,-7.267406,1.000000,0.000000,0.000000,0.000000
-9.861170,-22.440975,-25.799400,0.000000,4.039376,0.000000,4.039376,1.439376,0.843297,-161.340683,10.000000,-1.228624,1.000000,0.000000,0.000000,0.000000
-14.095071,-20.898117,-23.970188,0.000000,3.761661,0.000000,3.761661,1.161661,0.941942,-160.907288,2.000000,-1.706051,1.000000,0.000000,0.000000,0.000000
-19.403807,-23.970924,-23.970463,0.000000,4.314766,0.000000,4.314766,1.714767,0.838243,-160.458603,1.000000,-4.296375,1.000000,0.000000,0.000000,0.000000
-17.086914,-21.205608,-22.938589,0.000000,3.817010,0.000000,3.817010,1.217010,0.802891,-160.006836,4.000000,-6.609039,1.000000,0.000000,0.000000,0.000000
-6.913119,-19.845760,-21.784311,0.000000,3.572237,0.000000,3.572237,0.972237,0.659017,-159.596329,2.000000,-4.713355,1.000000,0.000000,0.000000,0.000000
-6.032315,-16.306515,-19.739937,0.000000,2.935173,0.000000,2.935173,0.335173,0.576358,-159.234802,2.000000,-4.521780,1.000000,0.000000,0.000000,0.000000
-11.074037,-18.355856,-19.223383,0.000000,3.304054,0.000000,3.304054,0.704054,0.650575,-158.888184,-1.000000,-0.655858,1.000000,0.000000,0.000000,0.000000
-5.497820,-15.054224,-17.667408,0.000000,2.709760,0.000000,2.709760,0.109761,0.631578,-158.554077,0.000000,-5.669409,1.000000,0.000000,0.000000,0.000000
-5.572745,-14.194153,-16.371151,0.000000,2.554948,0.000000,2.554948,-0.045052,0.517328,-158.261597,-1.000000,-8.199825,1.000000,0.000000,0.000000,0.000000
-21.255619,-18.422924,-17.136896,0.000000,3.316126,0.000000,3.316126,0.716126,0.380009,-157.935425,-1.000000,-5.350261,1.000000,0.000000,0.000000,0.000000
-11.345415,-14.759776,-16.249729,0.000000,2.656760,0.000000,2.656760,0.056760,0.264850,-157.603592,2.000000,-7.104321,1.000000,0.000000,0.000000,0.000000
-10.852458,-14.631082,-15.645632,0.000000,2.633595,0.000000,2.633595,0.033595,0.098648,-157.309677,0.000000,-4.429676,1.000000,0.000000,0.000000,0.000000
-6.318020,-13.593060,-14.879589,0.000000,2.446751,0.000000,2.446751,-0.153249,0.121450,-157.027435,0.000000,-5.746920,1.000000,0.000000,0.000000,0.000000
-9.141730,-14.706772,-14.815092,0.000000,2.647219,0.000000,2.647219,0.047219,0.028687,-156.744431,0.000000,-5.585671,1.000000,0.000000,0.000000,0.000000
-10.436879,-13.612199,-14.366159,0.000000,2.450196,0.000000,2.450196,-0.149804,-0.095936,-156.461243,0.000000,-3.701173,1.000000,0.000000,0.000000,0.000000
-6.601346,-10.338738,-12.863082,0.000000,1.860973,0.000000,1.860973,-0.739027,-0.273570,-156.221741,0.000000,-8.267191,1.000000,0.000000,0.000000,0.000000
-19.363966,-14.129412,-13.335690,0.000000,2.543294,0.000000,2.543294,-0.056706,-0.396822,-155.977066,-1.000000,-10.185768,1.000000,0.000000,0.000000,0.000000
-14.732403,-12.893016,-13.170480,0.000000,2.320743,0.000000,2.320743,-0.279257,-0.564929,-155.706848,2.000000,-9.034010,1.000000,0.000000,0.000000,0.000000
-4.353076,-11.300506,-12.472585,0.000000,2.034091,0.000000,2.034091,-0.565909,-0.725791,-155.464920,2.000000,-7.452048,1.000000,0.000000,0.000000,0.000000
-18.552410,-14.136063,-13.093413,0.000000,2.544491,0.000000,2.544491,-0.055509,-0.915240,-155.210556,1.000000,-9.635278,1.000000,0.000000,0.000000,0.000000
-2.810210,-8.754442,-11.474062,0.000000,1.575800,0.000000,1.575800,-1.024200,-1.079290,-154.981644,5.000000,-10.783169,1.000000,0.000000,0.000000,0.000000
14.846828,-4.676877,-8.937278,0.000000,0.841838,0.000000,0.841838,-1.758162,-1.321297,-154.847336,1.000000,-9.576942,1.000000,0.000000,0.000000,0.000000
-20.718401,-13.287239,-10.560731,0.000000,2.391703,0.000000,2.391703,-0.208297,-1.462799,-154.667694,-1.000000,-4.020559,1.000000,0.000000,0.000000,0.000000
-1.434192,-9.982844,-10.345057,0.000000,1.796912,0.000000,1.796912,-0.803088,-1.501972,-154.434998,6.000000,-2.267987,1.000000,0.000000,0.000000,0.000000
-14.396090,-12.049767,-10.981274,0.000000,2.168958,0.000000,2.168958,-0.431042,-1.507139,-154.214676,3.000000,-2.499918,1.000000,0.000000,0.000000,0.000000
-4.562882,-9.992692,-10.612324,0.000000,1.798685,0.000000,1.798685,-0.801315,-1.534127,-153.994247,5.000000,-3.265855,1.000000,0.000000,0.000000,0.000000
-17.790228,-11.723994,-11.027211,0.000000,2.110319,0.000000,2.110319,-0.489681,-1.614609,-153.777084,4.000000,-3.175759,1.000000,0.000000,0.000000,0.000000
-6.100236,-8.497331,-10.083032,0.000000,1.529520,0.000000,1.529520,-1.070480,-1.686368,-153.574875,6.000000,-1.941388,1.000000,0.000000,0.000000,0.000000
-10.336636,-9.638439,-9.917105,0.000000,1.734919,0.000000,1.734919,-0.865081,-1.654668,-153.393524,3.000000,1.682862,1.000000,0.000000,0.000000,0.000000
-27.646128,-15.702681,-12.076345,0.000000,2.826483,0.000000,2.826483,0.226483,-1.606555,-153.140106,3.000000,-1.514578,1.000000,0.000000,0.000000,0.000000
-23.645744,-17.304779,-14.027655,0.000000,3.114860,0.000000,3.114860,0.514860,-1.552745,-152.810028,9.000000,-3.877533,1.000000,0.000000,0.000000,0.000000
-7.435217,-15.080006,-14.420403,0.000000,2.714401,0.000000,2.714401,0.114401,-1.606180,-152.486176,10.000000,2.783884,1.000000,0.000000,0.000000,0.000000
-21.602627,-19.790812,-16.424698,0.000000,3.562346,0.000000,3.562346,0.962346,-1.532211,-152.137466,8.000000,5.746349,1.000000,0.000000,0.000000,0.000000
-20.282503,-20.253660,-17.853708,0.000000,3.645659,0.000000,3.645659,1.045659,-1.385190,-151.737015,11.000000,9.757192,1.000000,0.000000,0.000000,0.000000
-8.262408,-16.945147,-17.514624,0.000000,3.050127,0.000000,3.050127,0.450127,-1.262913,-151.365021,11.000000,10.864259,1.000000,0.000000,0.000000,0.000000
-30.749390,-24.337597,-20.061031,0.000000,4.380768,0.000000,4.380768,1.780768,-1.150441,-150.952194,8.000000,13.074218,1.000000,0.000000,0.000000,0.000000
-48.699650,-30.881172,-24.099228,0.000000,5.558611,0.000000,5.558611,2.958611,-0.943720,-150.400009,13.000000,13.625613,1.000000,0.000000,0.000000,0.000000
-10.295119,-20.601543,-22.793854,0.000000,3.708278,0.000000,3.708278,1.108278,-0.691355,-149.885178,18.000000,14.702423,1.000000,0.000000,0.000000,0.000000
14.074844,-12.834511,-19.076918,0.000000,2.310212,0.000000,2.310212,-0.289788,-0.408456,-149.550812,7.000000,13.910464,1.000000,0.000000,0.000000,0.000000
-3.098555,-13.966155,-17.169525,0.000000,2.513908,0.000000,2.513908,-0.086092,-0.155953,-149.282806,0.000000,14.657758,1.000000,0.000000,0.000000,0.000000
-29.150745,-20.407368,-18.377924,0.000000,3.673326,0.000000,3.673326,1.073326,0.022626,-148.939072,0.000000,5.741724,1.000000,0.000000,0.000000,0.000000
-41.567081,-24.915367,-20.817770,0.000000,4.484766,0.000000,4.484766,1.884767,0.069892,-148.485840,5.000000,2.981668,1.000000,0.000000,0.000000,0.000000
-6.322093,-15.612995,-18.875290,0.000000,2.810339,0.000000,2.810339,0.210339,0.051055,-148.080551,9.000000,0.239136,1.000000,0.000000,0.000000,0.000000
-18.398867,-18.776176,-18.838299,0.000000,3.379712,0.000000,3.379712,0.779712,0.035490,-147.736664,1.000000,-1.015602,1.000000,0.000000,0.000000,0.000000
-0.743282,-12.832763,-16.596966,0.000000,2.309897,0.000000,2.309897,-0.290102,0.029678,-147.420578,3.000000,1.988162,1.000000,0.000000,0.000000,0.000000
1.956909,-9.351330,-13.892815,0.000000,1.683239,0.000000,1.683239,-0.916760,0.002543,-147.198730,-1.000000,-0.468451,1.000000,0.000000,0.000000,0.000000
-7.061289,-10.058123,-12.461665,0.000000,1.810462,0.000000,1.810462,-0.789538,0.010023,-147.004639,-4.000000,-4.933147,1.000000,0.000000,0.000000,0.000000
-8.296713,-9.470255,-11.345238,0.000000,1.704646,0.000000,1.704646,-0.895354,-0.100661,-146.809357,-3.000000,-7.496115,1.000000,0.000000,0.000000,0.000000
-5.593867,-9.538419,-10.670913,0.000000,1.716915,0.000000,1.716915,-0.883084,-0.241399,-146.619263,-3.000000,-11.138920,1.000000,0.000000,0.000000,0.000000
-0.628791,-7.334128,-9.425589,0.000000,1.320143,0.000000,1.320143,-1.279857,-0.370518,-146.450531,-2.000000,-7.593065,1.000000,0.000000,0.000000,0.000000
-6.613371,-5.716670,-8.041380,0.000000,1.029001,0.000000,1.029001,-1.570999,-0.511344,-146.320023,-3.000000,-2.122701,1.000000,0.000000,0.000000,0.000000
-8.656875,-8.000417,-8.026092,0.000000,1.440075,0.000000,1.440075,-1.159925,-0.645604,-146.182846,-4.000000,1.660182,1.000000,0.000000,0.000000,0.000000
-10.079104,-9.975670,-8.753695,0.000000,1.795621,0.000000,1.795621,-0.804379,-0.709107,-146.003082,-2.000000,2.100190,1.000000,0.000000,0.000000,0.000000
10.733899,-4.903297,-7.316684,0.000000,0.882594,0.000000,0.882594,-1.717406,-0.695831,-145.854294,0.000000,1.050565,1.000000,0.000000,0.000000,0.000000
1.148166,-4.618052,-6.309525,0.000000,0.757143,0.002524,0.759667,-1.840333,-0.684808,-145.759079,-4.000000,4.620955,2.000000,0.000000,1.000000,0.000000
4.489038,-2.200256,-4.775901,0.000000,0.573108,0.004434,0.577542,-2.022458,-0.663822,-145.690903,-5.000000,1.391996,2.000000,0.000000,1.000000,0.000000
7.441365,-0.775455,-3.282891,0.000000,0.393947,0.005747,0.399694,-2.200306,-0.628151,-145.661148,-6.000000,1.201497,2.000000,0.000000,1.000000,0.000000
-2.468441,-3.362843,-3.312730,0.000000,0.397528,0.007072,0.404600,-2.195400,-0.653526,-145.619766,-7.000000,5.017176,2.000000,0.000000,1.000000,0.000000
5.990613,-0.564383,-2.287016,0.000000,0.274442,0.007987,0.282429,-2.317571,-0.594490,-145.580490,-7.000000,2.631432,2.000000,0.000000,1.000000,0.000000
10.464775,2.313764,-0.569955,0.000000,0.068395,0.008215,0.076610,-2.523390,-0.498787,-145.597977,-8.000000,0.430066,2.000000,0.000000,1.000000,0.000000
3.228492,0.894127,-0.023543,0.000000,0.002825,0.008225,0.011050,-2.588950,-0.510149,-145.630051,-9.000000,-0.567574,2.000000,0.000000,1.000000,0.000000
-15.457104,-4.597780,-1.730699,0.000000,0.207684,0.008917,0.216601,-2.383399,-0.616824,-145.593018,-9.000000,1.693920,2.000000,0.000000,1.000000,0.000000
-6.345656,-6.038746,-3.338510,0.000000,0.400621,0.010252,0.410873,-2.189126,-0.684528,-145.486649,-8.000000,4.499755,2.000000,0.000000,1.000000,0.000000
-4.301753,-4.696157,-3.845199,0.000000,0.461424,0.011790,0.473214,-2.126786,-0.666218,-145.379303,-7.000000,-0.253356,2.000000,0.000000,1.000000,0.000000
3.250496,-6.258086,-4.745715,0.000000,0.569486,0.013689,0.583174,-2.016825,-0.716880,-145.269760,-6.000000,-2.080825,2.000000,0.000000,1.000000,0.000000
-6.411922,-6.169070,-5.276927,0.000000,0.633231,0.015799,0.649031,-1.950969,-0.790125,-145.145493,-5.000000,-4.229296,2.000000,0.000000,1.000000,0.000000
5.083187,-4.883837,-5.130221,0.000000,0.615627,0.017852,0.633478,-1.966522,-0.767863,-145.034958,-5.000000,-2.932737,2.000000,0.000000,1.000000,0.000000
0.014099,-4.818031,-5.013708,0.000000,0.601645,0.019857,0.621502,-1.978498,-0.793101,-144.937943,-5.000000,-1.370450,2.000000,0.000000,1.000000,0.000000
-6.424452,-6.012695,-5.386541,0.000000,0.646385,0.022012,0.668397,-1.931603,-0.860498,-144.829636,-5.000000,-3.214410,2.000000,0.000000,1.000000,0.000000
-5.760587,-5.574655,-5.456748,0.000000,0.654810,0.024194,0.679004,-1.920996,-0.961943,-144.713760,-4.000000,-5.064393,2.000000,0.000000,1.000000,0.000000
2.434059,-4.156182,-4.971362,0.000000,0.596563,0.026183,0.622746,-1.977254,-1.057303,-144.616455,-4.000000,-3.953647,2.000000,0.000000,1.000000,0.000000
5.303766,-2.314568,-3.979817,0.000000,0.477578,0.027775,0.505353,-2.094647,-1.021693,-144.551743,-4.000000,2.309876,2.000000,0.000000,1.000000,0.000000
4.376513,-0.864789,-2.817255,0.000000,0.338071,0.028902,0.366972,-2.233028,-0.996438,-144.519943,-5.000000,1.776867,2.000000,0.000000,1.000000,0.000000
5.205565,-0.259067,-1.862511,0.000000,0.223501,0.029647,0.253148,-2.346852,-0.981819,-144.508698,-6.000000,-1.196144,2.000000,0.000000,1.000000,0.000000
-0.636683,-1.029104,-1.551474,0.000000,0.186177,0.030267,0.216444,-2.383556,-1.017767,-144.495819,-6.000000,-0.337404,2.000000,0.000000,1.000000,0.000000
-7.688139,-2.559199,-1.927568,0.000000,0.231308,0.031038,0.262347,-2.337653,-1.089927,-144.459930,-6.000000,-0.140229,2.000000,0.000000,1.000000,0.000000
-1.154921,-1.374243,-1.721061,0.000000,0.206527,0.031727,0.238254,-2.361746,-1.049606,-144.420593,-6.000000,5.719973,2.000000,0.000000,1.000000,0.000000
4.264472,1.135467,-0.654973,0.000000,0.078597,0.031989,0.110586,-2.489414,-1.024793,-144.418213,-6.000000,2.602705,2.000000,0.000000,1.000000,0.000000
6.865051,-1.211029,-0.862500,0.000000,0.103500,0.032334,0.135834,-2.464166,-0.952602,-144.417450,-7.000000,-1.311365,2.000000,0.000000,1.000000,0.000000
-1.781168,-0.394353,-0.687782,0.000000,0.082534,0.032609,0.115143,-2.484857,-0.972016,-144.401398,-7.000000,0.166288,2.000000,0.000000,1.000000,0.000000
1.858729,-1.194689,-0.876965,0.000000,0.105236,0.032960,0.138195,-2.461804,-0.925302,-144.385513,-7.000000,1.614286,2.000000,0.000000,1.000000,0.000000
5.382667,-0.274132,-0.651981,0.000000,0.078238,0.033220,0.111458,-2.488542,-0.899645,-144.370819,-7.000000,4.543071,2.000000,0.000000,1.000000,0.000000
0.725001,-0.794646,-0.705225,0.000000,0.084627,0.033503,0.118130,-2.481870,-0.823815,-144.360138,-8.000000,0.789795,2.000000,0.000000,1.000000,0.000000
3.484986,0.332444,-0.317956,0.000000,0.038155,0.033630,0.071784,-2.528215,-0.783283,-144.355515,-8.000000,2.144877,2.000000,0.000000,1.000000,0.000000
22.626411,5.619586,1.898000,0.000000,-0.227760,0.032871,-0.194890,-2.794889,-0.734828,-144.415039,-8.000000,-1.673723,2.000000,0.000000,1.000000,0.000000
1.525260,1.762561,1.847453,0.000000,-0.221694,0.032132,-0.189563,-2.789563,-0.750471,-144.488861,-10.000000,-1.017546,2.000000,0.000000,1.000000,0.000000
-12.244852,-1.418784,0.628457,0.000000,-0.075415,0.031880,-0.043535,-2.643535,-0.819076,-144.492294,-9.000000,-5.635065,2.000000,0.000000,1.000000,0.000000
-8.400164,-2.047242,-0.370143,0.000000,0.044417,0.032028,0.076445,-2.523555,-0.898121,-144.457642,-8.000000,-4.651079,2.000000,0.000000,1.000000,0.000000
-11.499493,-3.796185,-1.648780,0.000000,0.197854,0.032688,0.230541,-2.369459,-1.024820,-144.399200,-7.000000,-6.655608,2.000000,0.000000,1.000000,0.000000
1.476484,-1.398379,-1.555327,0.000000,0.186639,0.033310,0.219949,-2.380051,-1.095845,-144.347260,-6.000000,-6.723969,2.000000,0.000000,1.000000,0.000000
-1.754905,-1.407190,-1.500041,0.000000,0.180005,0.033910,0.213915,-2.386085,-1.269801,-144.319199,-5.000000,-11.401984,2.000000,0.000000,1.000000,0.000000
7.062980,2.881982,0.135378,0.000000,-0.016245,0.033856,0.017610,-2.582390,-1.453157,-144.333954,-4.000000,-7.375091,2.000000,0.000000,1.000000,0.000000
20.023344,6.233084,2.411109,0.000000,-0.289333,0.032891,-0.256442,-2.856442,-1.583352,-144.425110,-4.000000,-7.602475,2.000000,0.000000,1.000000,0.000000
50.554379,17.051023,7.874886,0.000000,-0.944986,0.029741,-0.915245,-3.515245,-1.679845,-144.657944,-5.000000,-3.533076,2.000000,0.000000,1.000000,0.000000
-10.069947,2.829044,5.991723,0.000000,-0.719007,0.027345,-0.691662,-3.291662,-1.767837,-144.856750,-8.000000,-5.895897,2.000000,0.000000,1.000000,0.000000
4.092464,6.273202,6.096774,0.000000,-0.731613,0.024906,-0.706707,-3.306707,-1.857924,-144.947769,-7.000000,-10.935122,2.000000,0.000000,1.000000,0.000000
21.245108,10.616837,7.783711,0.000000,-0.934045,0.021792,-0.912253,-3.512253,-2.006289,-145.116669,-6.000000,-5.063996,2.000000,0.000000,1.000000,0.000000
-12.934645,1.925574,5.597390,0.000000,-0.671687,0.019553,-0.652133,-3.252133,-2.077902,-145.242096,-7.000000,-3.609398,2.000000,0.000000,1.000000,0.000000
-7.469096,1.843616,4.196440,0.000000,-0.503573,0.017875,-0.485698,-3.085698,-2.127752,-145.279785,-5.000000,-3.504363,2.000000,0.000000,1.000000,0.000000
-5.833752,0.632943,2.866504,0.000000,-0.343980,0.016728,-0.327252,-2.927252,-2.212101,-145.304550,-4.000000,-4.589125,2.000000,0.000000,1.000000,0.000000
22.985285,8.407629,4.934513,0.000000,-0.592142,0.014754,-0.577387,-3.177387,-2.269876,-145.394958,-3.000000,-4.394446,2.000000,0.000000,1.000000,0.000000
21.882824,9.456054,6.622002,0.000000,-0.794640,0.012106,-0.782534,-3.382535,-2.332577,-145.573593,-4.000000,-3.673853,2.000000,0.000000,1.000000,0.000000
-4.034765,4.384187,5.786825,0.000000,-0.694419,0.009791,-0.684628,-3.284628,-2.352774,-145.711990,-5.000000,-2.269172,2.000000,0.000000,1.000000,0.000000
-9.041171,2.138228,4.425128,0.000000,-0.531015,0.008021,-0.522995,-3.122994,-2.380153,-145.777222,-4.000000,-2.124537,2.000000,0.000000,1.000000,0.000000
-5.171315,1.308431,3.261943,0.000000,-0.391433,0.006716,-0.384717,-2.984717,-2.456326,-145.811691,-3.000000,-4.824129,2.000000,0.000000,1.000000,0.000000
33.571606,11.701685,6.411747,0.000000,-0.769410,0.004151,-0.765258,-3.365258,-2.476325,-145.941788,-2.000000,-2.040515,2.000000,0.000000,1.000000,0.000000
18.709448,10.423313,7.908907,0.000000,-0.949069,0.000988,-0.948081,-3.548081,-2.451635,-146.163040,-4.000000,-2.516671,2.000000,0.000000,1.000000,0.000000
-6.379595,4.835746,6.761970,0.000000,-0.811436,-0.001717,-0.813153,-3.413153,-2.471406,-146.315628,-5.000000,-1.924624,2.000000,0.000000,1.000000,0.000000
-2.545330,4.163041,5.792021,0.000000,-0.695043,-0.004034,-0.699076,-3.299076,-2.521304,-146.405609,-4.000000,-1.582155,2.000000,0.000000,1.000000,0.000000
-6.251847,2.860663,4.698006,0.000000,-0.563761,-0.005913,-0.569674,-3.169673,-2.554197,-146.475845,-3.000000,-3.111667,2.000000,0.000000,1.000000,0.000000
-1.204510,3.047446,4.081999,0.000000,-0.489840,-0.007546,-0.497386,-3.097385,-2.554463,-146.534927,-2.000000,5.238506,2.000000,0.000000,1.000000,0.000000
1.151458,2.374401,3.444705,0.000000,-0.413365,-0.008924,-0.422288,-3.022288,-2.510083,-146.589142,-2.000000,-1.690484,2.000000,0.000000,1.000000,0.000000
1.507907,2.136447,2.956449,0.000000,-0.354774,-0.010106,-0.364880,-2.964880,-2.495410,-146.634247,-2.000000,0.512992,2.000000,0.000000,1.000000,0.000000
-0.368742,2.370571,2.737793,0.000000,-0.328535,-0.011201,-0.339736,-2.939736,-2.477147,-146.679321,-2.000000,-1.241272,2.000000,0.000000,1.000000,0.000000
-10.732409,-1.613758,1.113746,0.000000,-0.133650,-0.011647,-0.145296,-2.745296,-2.472778,-146.686890,-2.000000,-0.482001,2.000000,0.000000,1.000000,0.000000
-20.151663,-5.225551,-1.252149,0.000000,0.150258,-0.011146,0.139112,-2.460888,-2.464607,-146.618500,-1.000000,-0.122734,2.000000,0.000000,1.000000,0.000000
3.255345,-0.573880,-0.999012,0.000000,0.119881,-0.010746,0.109135,-2.490865,-2.441754,-146.560501,0.000000,0.501110,2.000000,0.000000,1.000000,0.000000
-4.606902,-2.466474,-1.546685,0.000000,0.185602,-0.010128,0.175474,-2.424525,-2.535461,-146.530090,0.000000,-4.096374,2.000000,0.000000,1.000000,0.000000
-13.612559,-5.050993,-2.854531,0.000000,0.342544,-0.008986,0.333558,-2.266442,-2.578547,-146.454910,0.000000,-3.062598,2.000000,0.000000,1.000000,0.000000
-15.919733,-7.686605,-4.657914,0.000000,0.558950,-0.007123,0.551827,-2.048173,-2.635381,-146.327530,1.000000,0.965477,2.000000,0.000000,1.000000,0.000000
-5.463094,-5.734678,-5.059774,0.000000,0.607173,-0.005099,0.602074,-1.997926,-2.677308,-146.193314,3.000000,0.751387,2.000000,0.000000,1.000000,0.000000
-1.406727,-5.077661,-5.066450,0.000000,0.607974,-0.003072,0.604902,-1.995098,-2.680308,-146.085190,3.000000,-1.224169,2.000000,0.000000,1.000000,0.000000
0.812841,-2.023689,-3.930858,0.000000,0.471703,-0.001500,0.470203,-2.129797,-2.678813,-146.014175,3.000000,-4.165571,2.000000,0.000000,1.000000,0.000000
3.783546,0.053398,-2.443890,0.000000,0.293267,-0.000522,0.292744,-2.307256,-2.739302,-145.994476,3.000000,-3.734214,2.000000,0.000000,1.000000,0.000000
1.832207,0.888013,-1.200387,0.000000,0.144046,0.000480,0.144527,-2.455473,-2.754054,-146.003891,2.000000,-0.871294,0.000000,0.000000,1.000000,0.000000
-12.549521,-3.856997,-2.191864,0.000000,0.263024,0.001357,0.264381,-2.335619,-2.662186,-145.974197,1.000000,6.968710,0.000000,0.000000,1.000000,0.000000
-14.396721,-4.611265,-3.094811,0.000000,0.371377,0.002595,0.373972,-2.226028,-2.599212,-145.889511,1.000000,0.444481,0.000000,0.000000,1.000000,0.000000
-17.513433,-7.974598,-4.916001,0.000000,0.589920,0.004561,0.594481,-2.005518,-2.591626,-145.763657,1.000000,0.261864,0.000000,0.000000,1.000000,0.000000
-9.477007,-5.304920,-5.061150,0.000000,0.607338,0.006586,0.613924,-1.986076,-2.569324,-145.630859,2.000000,-0.851415,0.000000,0.000000,1.000000,0.000000
1.643726,-4.021610,-4.673182,0.000000,0.560782,0.008455,0.569237,-2.030763,-2.524950,-145.537598,2.000000,4.598358,0.000000,0.000000,1.000000,0.000000
5.050442,-1.617731,-3.532854,0.000000,0.423942,0.009868,0.433811,-2.166189,-2.439555,-145.481201,2.000000,2.861310,0.000000,0.000000,1.000000,0.000000
8.513322,-0.915174,-2.555907,0.000000,0.306709,0.010890,0.317599,-2.282401,-2.352540,-145.455872,1.000000,4.320479,0.000000,0.000000,1.000000,0.000000
-4.309587,-4.197637,-3.168619,0.000000,0.380234,0.012158,0.392392,-2.207608,-2.298731,-145.404739,0.000000,3.505810,0.000000,0.000000,1.000000,0.000000
-23.297115,-9.613127,-5.573780,0.000000,0.668854,0.014387,0.683241,-1.916759,-2.207182,-145.266632,0.000000,4.538014,0.000000,0.000000,1.000000,0.000000
-51.364464,-19.052013,-10.604005,0.000000,1.272481,0.018629,1.291110,-1.308890,-2.051793,-144.979980,0.000000,5.055727,0.000000,0.000000,1.000000,0.000000
-9.453232,-10.848936,-10.695415,0.000000,1.283450,0.022907,1.306357,-1.293643,-1.958238,-144.680969,3.000000,8.089883,0.000000,0.000000,1.000000,0.000000
-18.031033,-10.070515,-10.462195,0.000000,1.255463,0.027092,1.282555,-1.317444,-1.928684,-144.471771,3.000000,9.095306,0.000000,0.000000,1.000000,0.000000
5.931478,-6.129056,-8.845020,0.000000,1.061402,0.030630,1.092033,-1.507967,-1.783629,-144.309769,2.000000,13.309935,0.000000,0.000000,1.000000,0.000000
6.539994,-4.503693,-7.224789,0.000000,0.866975,0.033520,0.900495,-1.699505,-1.549942,-144.203445,0.000000,9.505457,0.000000,0.000000,1.000000,0.000000
-20.559130,-10.839748,-8.573932,0.000000,1.028872,0.036950,1.065821,-1.534179,-1.378611,-144.050018,-1.000000,0.845552,0.000000,0.000000,1.000000,0.000000
-9.924005,-8.808114,-8.661331,0.000000,1.039360,0.040414,1.079774,-1.520226,-1.366551,-143.853546,0.000000,4.419661,0.000000,0.000000,1.000000,0.000000
3.435098,-3.974269,-6.912068,0.000000,0.829448,0.043179,0.872627,-1.727373,-1.320687,-143.725723,0.000000,3.430235,0.000000,0.000000,1.000000,0.000000
-36.856548,-15.773146,-10.219120,0.000000,1.226294,0.047267,1.273561,-1.326439,-1.275609,-143.528244,-2.000000,0.351991,0.000000,0.000000,1.000000,0.000000
-5.586911,-8.946803,-9.744277,0.000000,1.169313,0.051164,1.220477,-1.379522,-1.227625,-143.281052,0.000000,3.158288,0.000000,0.000000,1.000000,0.000000
-8.537919,-9.062197,-9.489717,0.000000,1.138766,0.054960,1.193726,-1.406274,-1.232329,-143.100967,0.000000,-5.298371,0.000000,0.000000,1.000000,0.000000
-13.154261,-10.406205,-9.831760,0.000000,1.179811,0.058893,1.238704,-1.361296,-1.292813,-142.906281,0.000000,-2.765081,0.000000,0.000000,1.000000,0.000000
-2.702844,-7.159209,-8.834334,0.000000,1.060120,0.062427,1.122547,-1.477453,-1.306254,-142.730621,0.000000,-0.880656,0.000000,0.000000,1.000000,0.000000
-7.632106,-8.811860,-8.825947,0.000000,1.059114,0.065957,1.125071,-1.474929,-1.234809,-142.570908,-1.000000,5.385601,0.000000,0.000000,1.000000,0.000000
14.371592,-1.256692,-6.001018,0.000000,0.720122,0.068357,0.788480,-1.811520,-1.211441,-142.470215,-1.000000,1.327196,0.000000,0.000000,1.000000,0.000000
24.984697,2.659565,-2.768793,0.000000,0.332255,0.069465,0.401720,-2.198280,-1.193900,-142.484238,-2.000000,-0.825669,0.000000,0.000000,1.000000,0.000000
-74.653809,-22.620571,-10.177694,0.000000,1.221323,0.073536,1.294859,-1.305141,-1.285217,-142.284622,-4.000000,-6.102966,0.000000,0.000000,1.000000,0.000000
-23.285904,-16.599068,-12.574222,0.000000,1.508907,0.078566,1.587472,-1.012528,-1.418187,-141.892426,0.000000,-1.597301,0.000000,0.000000,1.000000,0.000000
-16.794708,-12.798637,-12.657976,0.000000,1.518957,0.083629,1.602586,-0.997414,-1.399346,-141.598450,2.000000,2.054133,0.000000,0.000000,1.000000,0.000000
12.459681,-6.237650,-10.261840,0.000000,1.231421,0.087734,1.319154,-1.280846,-1.349564,-141.408081,1.000000,2.128036,0.000000,0.000000,1.000000,0.000000
-11.796398,-10.680160,-10.417961,0.000000,1.250155,0.091901,1.342056,-1.257944,-1.300903,-141.238907,0.000000,2.735089,0.000000,0.000000,1.000000,0.000000
-26.412464,-14.322046,-11.875009,0.000000,1.425001,0.096651,1.521652,-1.078348,-1.264622,-140.988892,0.000000,1.520407,0.000000,0.000000,1.000000,0.000000
2.909613,-7.350526,-10.186422,0.000000,1.222371,0.100725,1.323096,-1.276904,-1.193334,-140.772171,0.000000,3.904805,0.000000,0.000000,1.000000,0.000000
-25.240475,-15.074286,-12.010627,0.000000,1.441275,0.105530,1.546805,-1.053195,-1.092485,-140.547928,0.000000,2.747736,0.000000,0.000000,1.000000,0.000000
4.899061,-7.619572,-10.371837,0.000000,1.244620,0.109678,1.354299,-1.245701,-1.064519,-140.320984,0.000000,1.876055,0.000000,0.000000,1.000000,0.000000
-5.317190,-10.066475,-10.257873,0.000000,1.230945,0.113781,1.344726,-1.255274,-0.952291,-140.144119,-1.000000,3.019520,0.000000,0.000000,1.000000,0.000000
-23.632334,-14.017241,-11.660911,0.000000,1.399309,0.118446,1.517755,-1.082245,-0.852937,-139.903275,-1.000000,5.920338,0.000000,0.000000,1.000000,0.000000
-14.272057,-13.946031,-12.513742,0.000000,1.501649,0.123451,1.625100,-0.974900,-0.779556,-139.623642,-1.000000,4.522705,0.000000,0.000000,1.000000,0.000000
-5.051999,-12.072620,-12.349111,0.000000,1.481893,0.128391,1.610284,-0.989716,-0.616049,-139.363449,-1.000000,0.516141,0.000000,0.000000,1.000000,0.000000
-18.515295,-15.816459,-13.643163,0.000000,1.637179,0.133848,1.771028,-0.828972,-0.583078,-139.084564,-1.000000,-2.745503,0.000000,0.000000,1.000000,0.000000
0.731288,-10.043945,-12.299895,0.000000,1.475987,0.138768,1.614756,-0.985244,-0.585539,-138.825958,-1.000000,-0.612921,0.000000,0.000000,1.000000,0.000000
-21.225916,-14.788592,-13.228704,0.000000,1.587445,0.144060,1.731504,-0.868496,-0.601818,-138.577637,-1.000000,-0.773986,0.000000,0.000000,1.000000,0.000000
-24.029396,-17.446728,-14.802917,0.000000,1.776350,0.149981,1.926331,-0.673669,-0.570008,-138.255280,-1.000000,0.544019,0.000000,0.000000,1.000000,0.000000
-2.044045,-11.237750,-13.472358,0.000000,1.616683,0.155370,1.772053,-0.827947,-0.542981,-137.968430,0.000000,-3.512957,0.000000,0.000000,1.000000,0.000000
-19.240871,-14.409880,-13.822251,0.000000,1.658670,0.160899,1.819569,-0.780431,-0.636775,-137.711960,0.000000,-6.390152,0.000000,0.000000,1.000000,0.000000
-19.498278,-14.573488,-14.102621,0.000000,1.692315,0.166540,1.858854,-0.741146,-0.795023,-137.422119,0.000000,-5.535178,0.000000,0.000000,1.000000,0.000000
-9.849977,-12.461763,-13.490235,0.000000,1.618828,0.171936,1.790764,-0.809236,-0.855689,-137.151764,0.000000,-1.473121,0.000000,0.000000,1.000000,0.000000
-4.042380,-10.485865,-12.368971,0.000000,1.484276,0.176883,1.661160,-0.938840,-0.884199,-136.922287,0.000000,1.630721,0.000000,0.000000,1.000000,0.000000
-10.885488,-12.032678,-12.243463,0.000000,1.469216,0.181781,1.650996,-0.949004,-0.895661,-136.697098,0.000000,-0.100441,0.000000,0.000000,1.000000,0.000000
-11.508165,-11.446110,-11.945882,0.000000,1.433506,0.186559,1.620065,-0.979935,-0.913789,-136.462311,0.000000,0.406005,0.000000,0.000000,1.000000,0.000000
-1.870991,-9.918673,-11.189305,0.000000,1.342717,0.191035,1.533751,-1.066248,-0.929491,-136.248657,0.000000,-1.650714,0.000000,0.000000,1.000000,0.000000
-0.301876,-8.329750,-10.122087,0.000000,1.214651,0.195084,1.409734,-1.190266,-0.903480,-136.066177,0.000000,1.615725,0.000000,0.000000,1.000000,0.000000
-19.222506,-14.319100,-11.688458,0.000000,1.402615,0.199759,1.602374,-0.997626,-0.819000,-135.839691,-1.000000,4.806592,0.000000,0.000000,1.000000,0.000000
-1.717603,-10.218034,-11.139680,0.000000,1.336762,0.204215,1.540977,-1.059023,-0.699287,-135.594315,-1.000000,6.013773,0.000000,0.000000,1.000000,0.000000
6.053899,-7.143016,-9.648081,0.000000,1.157770,0.208074,1.365844,-1.234156,-0.644569,-135.420700,-1.000000,1.279629,0.000000,0.000000,1.000000,0.000000
-12.663238,-9.166451,-9.468331,0.000000,1.136200,0.211862,1.348061,-1.251939,-0.591481,-135.257599,-3.000000,3.935423,0.000000,0.000000,1.000000,0.000000
-18.174162,-10.838824,-9.979815,0.000000,1.197578,0.215854,1.413431,-1.186569,-0.594129,-135.057541,-3.000000,0.480842,0.000000,0.000000,1.000000,0.000000
4.721271,-4.392945,-7.894733,0.000000,0.947368,0.219011,1.166379,-1.433621,-0.532401,-134.905228,-3.000000,3.585103,0.000000,0.000000,1.000000,0.000000
3.507344,-4.131071,-6.490093,0.000000,0.778811,0.221607,1.000419,-1.599581,-0.527109,-134.819992,-4.000000,1.454313,0.000000,0.000000,1.000000,0.000000
-16.765362,-9.948709,-7.780887,0.000000,0.933706,0.224720,1.158426,-1.441574,-0.423745,-134.679199,-5.000000,2.930544,0.000000,0.000000,1.000000,0.000000
5.608747,-4.422645,-6.527554,0.000000,0.783306,0.227331,1.010637,-1.589363,-0.350914,-134.535492,-5.000000,4.050035,0.000000,0.000000,1.000000,0.000000
-3.924538,-5.467691,-6.132002,0.000000,0.735840,0.229784,0.965624,-1.634376,-0.301437,-134.436584,-6.000000,1.661217,0.000000,0.000000,1.000000,0.000000
-6.978162,-6.136920,-6.133838,0.000000,0.736061,0.232237,0.968298,-1.631702,-0.286682,-134.320541,-6.000000,2.372703,0.000000,0.000000,1.000000,0.000000
-7.683358,-6.366514,-6.220675,0.000000,0.746481,0.234725,0.981206,-1.618793,-0.322549,-134.195511,-6.000000,0.613042,0.000000,0.000000,1.000000,0.000000
-29.620028,-12.928879,-8.724251,0.000000,1.046910,0.238215,1.285125,-1.314875,-0.298592,-134.002563,-6.000000,1.844576,0.000000,0.000000,1.000000,0.000000
3.381802,-5.825684,-7.642474,0.000000,0.917097,0.241272,1.158369,-1.441631,-0.275935,-133.815018,-5.000000,-0.076559,0.000000,0.000000,1.000000,0.000000
1.907169,-3.799349,-6.208178,0.000000,0.744981,0.243755,0.988737,-1.611263,-0.263145,-133.718765,-5.000000,-1.110260,0.000000,0.000000,1.000000,0.000000
8.584538,-0.739343,-4.167149,0.000000,0.500058,0.245422,0.745480,-1.854520,-0.322248,-133.673386,-6.000000,-1.131318,0.000000,0.000000,1.000000,0.000000
-4.526394,-3.483028,-3.911827,0.000000,0.469419,0.246987,0.716406,-1.883594,-0.315889,-133.631165,-7.000000,-0.105154,0.000000,0.000000,1.000000,0.000000
-0.413492,-2.400537,-3.347797,0.000000,0.401736,0.248326,0.650062,-1.949938,-0.312444,-133.572327,-7.000000,0.683505,0.000000,0.000000,1.000000,0.000000
3.856994,-1.084569,-2.503136,0.000000,0.300376,0.249327,0.549704,-2.050296,-0.287978,-133.537476,-8.000000,0.130127,0.000000,0.000000,1.000000,0.000000
-1.290549,-1.470024,-2.117567,0.000000,0.254108,0.250174,0.504282,-2.095717,-0.319510,-133.511932,-8.000000,-4.429001,0.000000,0.000000,1.000000,0.000000
-7.877944,-3.028086,-2.457383,0.000000,0.294886,0.251157,0.546043,-2.053957,-0.443239,-133.466949,-8.000000,-5.229417,0.000000,0.000000,1.000000,0.000000
-4.705620,-0.824702,-1.848048,0.000000,0.221766,0.251897,0.473662,-2.126338,-0.487432,-133.428421,-7.000000,-6.442782,0.000000,0.000000,1.000000,0.000000
18.583326,4.735307,0.608932,0.000000,-0.073072,0.251653,0.178581,-2.421419,-0.527106,-133.467529,-7.000000,-2.279925,0.000000,0.000000,1.000000,0.000000
-0.126958,1.256457,0.850596,0.000000,-0.102071,0.251313,0.149241,-2.450759,-0.560583,-133.527451,-9.000000,-1.658669,0.000000,0.000000,1.000000,0.000000
-2.023281,0.444934,0.699198,0.000000,-0.083904,0.251033,0.167129,-2.432871,-0.613510,-133.544464,-9.000000,-3.502088,0.000000,0.000000,1.000000,0.000000
25.303984,7.591838,3.271607,0.000000,-0.392593,0.249724,-0.142868,-2.742868,-0.701678,-133.624832,-8.000000,-4.067472,0.000000,0.000000,1.000000,0.000000
13.385046,5.685319,4.172431,0.000000,-0.500692,0.248055,-0.252636,-2.852636,-0.769297,-133.757599,-9.000000,-1.526460,0.000000,0.000000,1.000000,0.000000
-5.616071,1.858743,3.308937,0.000000,-0.397072,0.246732,-0.150341,-2.750340,-0.862215,-133.833038,-9.000000,-1.789279,0.000000,0.000000,1.000000,0.000000
-4.832693,0.378351,2.215210,0.000000,-0.265825,0.245846,-0.019979,-2.619979,-0.944668,-133.855408,-8.000000,-2.815468,0.000000,0.000000,1.000000,0.000000
14.231375,5.334890,3.379509,0.000000,-0.405541,0.244494,-0.161047,-2.761047,-0.988346,-133.912537,-8.000000,-1.889618,0.000000,0.000000,1.000000,0.000000
24.847481,8.598314,5.327225,0.000000,-0.639267,0.242363,-0.396904,-2.996904,-0.998157,-134.051865,-8.000000,1.201206,0.000000,0.000000,1.000000,0.000000
12.275641,6.770838,5.865997,0.000000,-0.703920,0.240017,-0.463903,-3.063903,-0.958672,-134.205551,-10.000000,2.764465,0.000000,0.000000,1.000000,0.000000
3.449273,5.876298,5.869841,0.000000,-0.704381,0.237669,-0.466712,-3.066712,-0.907775,-134.332016,-10.000000,1.344450,0.000000,0.000000,1.000000,0.000000
13.753269,8.273519,6.766920,0.000000,-0.812030,0.234962,-0.577068,-3.177068,-0.888236,-134.473511,-10.000000,2.134851,0.000000,0.000000,1.000000,0.000000
12.939583,7.025664,6.863486,0.000000,-0.823618,0.232217,-0.591402,-3.191402,-0.833826,-134.626495,-11.000000,2.408149,0.000000,20.000002,1.000000,0.000000
8.565482,6.725384,6.811945,0.000000,-0.817433,0.229492,-0.587942,-3.187942,-0.880992,-134.764008,-11.000000,1.112894,0.000000,40.000004,1.000000,0.000000
4.663878,5.793408,6.431816,0.000000,-1.042813,0.000000,-1.042813,-3.642813,-0.894760,-134.889191,-11.000000,-4.077768,1.000000,0.000000,0.000000,0.000000
6.335266,5.967088,6.258374,0.000000,-1.074076,0.000000,-1.074076,-3.674076,-0.970305,-135.006790,-13.000000,-5.367169,1.000000,0.000000,0.000000,0.000000
22.290777,11.192343,8.099786,0.000000,-2.014622,0.000000,-2.014622,-4.614622,-1.085007,-135.178391,-12.000000,-5.148560,1.000000,0.000000,0.000000,0.000000
12.324751,8.860002,8.383507,0.000000,-1.594800,0.000000,-1.594800,-4.194800,-1.156466,-135.378922,-17.000000,-4.136889,1.000000,0.000000,0.000000,0.000000
44.353760,19.133244,12.395427,0.000000,-3.443984,0.000000,-3.443984,-6.043984,-1.262553,-135.658859,-14.000000,-6.438230,1.000000,0.000000,0.000000,0.000000
31.932604,17.371817,14.252670,0.000000,-3.126927,0.000000,-3.126927,-5.726927,-1.407783,-136.023911,-23.000000,-7.490575,1.000000,0.000000,0.000000,0.000000
38.405872,20.380081,16.539488,0.000000,-3.668415,0.000000,-3.668415,-6.268414,-1.660105,-136.401428,-20.000000,-15.181894,1.000000,0.000000,0.000000,0.000000
16.666174,15.575828,16.179840,0.000000,-2.803649,0.000000,-2.803649,-5.403649,-1.936109,-136.760986,-21.000000,-13.168959,1.000000,0.000000,0.000000,0.000000
20.672045,16.064686,16.136864,0.000000,-2.891644,0.000000,-2.891644,-5.491643,-2.165759,-137.077393,-16.000000,-7.336989,1.000000,0.000000,0.000000,0.000000
36.696846,21.922745,18.296219,0.000000,-3.946094,0.000000,-3.946094,-6.546094,-2.381060,-137.457260,-15.000000,-7.737765,1.000000,0.000000,0.000000,0.000000
-6.608833,10.582777,15.417478,0.000000,-1.904900,0.000000,-1.904900,-4.504900,-2.566807,-137.782318,-19.000000,-6.996804,1.000000,0.000000,0.000000,0.000000
31.545031,19.191525,16.825993,0.000000,-3.454474,0.000000,-3.454474,-6.054474,-2.745739,-138.080063,-8.000000,-9.891858,1.000000,0.000000,0.000000,0.000000
3.438563,15.302406,16.257374,0.000000,-2.754433,0.000000,-2.754433,-5.354433,-2.888493,-138.425003,-15.000000,-4.544734,1.000000,0.000000,0.000000,0.000000
20.915880,16.597424,16.384285,0.000000,-2.987536,0.000000,-2.987536,-5.587536,-3.001681,-138.744003,-11.000000,-2.515285,1.000000,0.000000,0.000000,0.000000
14.065085,16.420664,16.397861,0.000000,-2.955720,0.000000,-2.955720,-5.555719,-3.116964,-139.074188,-12.000000,-0.715140,1.000000,0.000000,0.000000,0.000000
6.631445,13.074877,15.157687,0.000000,-2.353478,0.000000,-2.353478,-4.953478,-3.170086,-139.369141,-11.000000,-1.557913,1.000000,0.000000,0.000000,0.000000
-1.357994,10.657660,13.478228,0.000000,-1.918379,0.000000,-1.918379,-4.518379,-3.193998,-139.606461,-8.000000,-1.158064,1.000000,0.000000,0.000000,0.000000
21.893042,18.517456,15.358923,0.000000,-3.333142,0.000000,-3.333142,-5.933142,-3.212527,-139.898209,-6.000000,-2.842176,1.000000,0.000000,0.000000,0.000000
25.516775,18.788404,16.638844,0.000000,-3.381913,0.000000,-3.381913,-5.981913,-3.161355,-140.271271,-13.000000,1.316734,1.000000,0.000000,0.000000,0.000000
6.909031,13.585941,15.499467,0.000000,-2.445470,0.000000,-2.445470,-5.045469,-3.083203,-140.595016,-14.000000,2.968406,1.000000,0.000000,0.000000,0.000000
16.631893,16.128469,15.734218,0.000000,-2.903125,0.000000,-2.903125,-5.503124,-3.044947,-140.892166,-9.000000,-0.585431,1.000000,0.000000,0.000000,0.000000
13.507302,15.427521,15.619755,0.000000,-2.776954,0.000000,-2.776954,-5.376954,-3.080323,-141.207733,-12.000000,-3.503451,1.000000,0.000000,0.000000,0.000000
2.028667,10.852383,13.840519,0.000000,-1.953429,0.000000,-1.953429,-4.553429,-3.098555,-141.470535,-11.000000,-4.879043,1.000000,0.000000,0.000000,0.000000
-4.075363,6.654746,11.158710,0.000000,-1.197854,0.000000,-1.197854,-3.797854,-3.240621,-141.645599,-6.000000,-5.022853,1.000000,0.000000,0.000000,0.000000
18.200823,13.120189,11.890755,0.000000,-2.361634,0.000000,-2.361634,-4.961634,-3.359484,-141.843353,-2.000000,-0.985223,1.000000,0.000000,0.000000,0.000000
12.333739,13.070918,12.331204,0.000000,-2.352765,0.000000,-2.352765,-4.952765,-3.466029,-142.105270,-7.000000,1.081829,1.000000,0.000000,0.000000,0.000000
-5.858582,5.957576,9.952496,0.000000,-1.072364,0.000000,-1.072364,-3.672364,-3.414014,-142.295563,-7.000000,-2.307144,1.000000,0.000000,0.000000,0.000000
-2.003995,5.207851,8.181742,0.000000,-0.937413,0.000000,-0.937413,-3.537413,-3.481296,-142.407211,0.000000,-5.305686,1.000000,0.000000,0.000000,0.000000
-3.700678,5.474678,7.171435,0.000000,-0.985442,0.000000,-0.985442,-3.585442,-3.572030,-142.514038,0.000000,-2.415055,1.000000,0.000000,0.000000,0.000000
4.996753,5.614832,6.590494,0.000000,-1.010670,0.000000,-1.010670,-3.610670,-3.564641,-142.624939,0.000000,4.700366,1.000000,0.000000,0.000000,0.000000
11.834133,9.043745,7.506074,0.000000,-1.627874,0.000000,-1.627874,-4.227874,-3.526261,-142.771530,0.000000,7.119637,1.000000,0.000000,0.000000,0.000000
-2.786821,3.233604,5.911541,0.000000,-0.582049,0.000000,-0.582049,-3.182049,-3.441672,-142.894302,-3.000000,9.433239,1.000000,0.000000,0.000000,0.000000
-12.270480,0.021239,3.713216,0.000000,-0.003823,0.000000,-0.003823,-2.603823,-3.353674,-142.926849,0.000000,0.378882,1.000000,0.000000,0.000000,0.000000
6.307077,4.355700,3.952998,0.000000,-0.784026,0.000000,-0.784026,-3.384026,-3.316682,-142.970612,3.000000,0.965900,1.000000,0.000000,0.000000,0.000000
6.156684,6.452027,4.885663,0.000000,-1.161365,0.000000,-1.161365,-3.761365,-3.235526,-143.078690,0.000000,2.351133,1.000000,0.000000,0.000000,0.000000
-11.293685,2.212793,3.888119,0.000000,-0.398303,0.000000,-0.398303,-2.998303,-3.154555,-143.165344,-2.000000,6.456596,1.000000,0.000000,0.000000,0.000000
-8.143549,-0.063753,2.413237,0.000000,0.011476,0.000000,0.011476,-2.588524,-2.952049,-143.186829,0.000000,8.651190,1.000000,0.000000,0.000000,0.000000
-2.496140,-0.623793,1.279784,0.000000,0.112283,0.000000,0.112283,-2.487717,-2.738914,-143.179947,0.000000,3.656528,1.000000,0.000000,0.000000,0.000000
2.799517,1.112415,1.217320,0.000000,-0.146078,-0.000487,-0.146565,-2.746565,-2.600198,-143.184830,0.000000,9.370278,2.000000,0.000000,1.000000,0.000000
-35.602837,-9.579452,-2.812154,0.000000,0.337459,0.000638,0.338096,-2.261904,-2.361429,-143.100159,-1.000000,13.964004,2.000000,0.000000,1.000000,0.000000
-13.379593,-7.872467,-4.700719,0.000000,0.564086,0.002518,0.566604,-2.033395,-2.123000,-142.925644,0.000000,11.141339,2.000000,0.000000,1.000000,0.000000
-13.934879,-6.904915,-5.523349,0.000000,0.662802,0.004728,0.667529,-1.932471,-1.983104,-142.777863,0.000000,5.417655,2.000000,0.000000,1.000000,0.000000
-1.733906,-6.796957,-5.998673,0.000000,0.719841,0.007127,0.726968,-1.873032,-1.886171,-142.640839,0.000000,7.719896,2.000000,0.000000,1.000000,0.000000
-41.220684,-16.215717,-9.811787,0.000000,1.177414,0.011052,1.188466,-1.411534,-1.692227,-142.410706,0.000000,4.162461,2.000000,0.000000,1.000000,0.000000
10.359177,-3.748632,-7.548951,0.000000,0.905874,0.014071,0.919945,-1.680054,-1.634339,-142.211060,1.000000,5.988706,2.000000,0.000000,1.000000,0.000000
6.137713,-4.252780,-6.318784,0.000000,0.758254,0.016599,0.774853,-1.825147,-1.581195,-142.131042,0.000000,5.915829,2.000000,0.000000,1.000000,0.000000
5.588380,-5.348931,-5.956824,0.000000,0.714819,0.018982,0.733800,-1.866199,-1.550237,-142.035019,-1.000000,3.960774,2.000000,0.000000,1.000000,0.000000
-7.325637,-9.164345,-7.153906,0.000000,0.858469,0.021843,0.880312,-1.719688,-1.511151,-141.889893,-1.000000,1.396742,2.000000,0.000000,1.000000,0.000000
-35.545776,-14.822912,-10.016064,0.000000,1.201928,0.025850,1.227777,-1.372223,-1.470721,-141.650024,-1.000000,0.288948,2.000000,0.000000,1.000000,0.000000
7.737849,-2.682877,-7.279238,0.000000,0.873509,0.028761,0.902270,-1.697730,-1.429469,-141.474960,0.000000,1.265497,2.000000,0.000000,1.000000,0.000000
5.393669,-1.008465,-4.938916,0.000000,0.592670,0.030737,0.623407,-1.976593,-1.342826,-141.438049,-1.000000,4.375938,2.000000,0.000000,1.000000,0.000000
-10.980810,-5.314091,-5.078936,0.000000,0.609472,0.032768,0.642241,-1.957759,-1.235505,-141.374817,-3.000000,8.315258,2.000000,0.000000,1.000000,0.000000
9.980602,-1.151580,-3.613203,0.000000,0.433584,0.034214,0.467798,-2.132202,-1.069838,-141.310165,-4.000000,9.499846,2.000000,0.000000,1.000000,0.000000
-10.502919,-6.653748,-4.747968,0.000000,0.569756,0.036113,0.605869,-1.994131,-0.964478,-141.232117,-5.000000,6.885004,2.000000,0.000000,1.000000,0.000000
-0.448491,-2.792074,-4.018007,0.000000,0.482161,0.037720,0.519881,-2.080119,-0.908378,-141.137665,-5.000000,2.441369,2.000000,0.000000,1.000000,0.000000
-6.814252,-4.509500,-4.201437,0.000000,0.504173,0.039401,0.543573,-2.056427,-0.926296,-141.064651,-5.000000,1.435988,2.000000,0.000000,1.000000,0.000000
2.433283,-2.166837,-3.442102,0.000000,0.413052,0.040777,0.453830,-2.146170,-0.809616,-140.997894,-6.000000,3.187729,2.000000,0.000000,1.000000,0.000000
5.058764,-1.224416,-2.614437,0.000000,0.313732,0.041823,0.355556,-2.244444,-0.732290,-140.963989,-7.000000,2.727601,2.000000,0.000000,1.000000,0.000000
-1.663770,-3.358396,-2.892091,0.000000,0.347051,0.042980,0.390031,-2.209969,-0.635427,-140.918167,-7.000000,6.668240,2.000000,0.000000,1.000000,0.000000
1.805294,-2.091479,-2.593294,0.000000,0.311195,0.044017,0.355213,-2.244787,-0.500988,-140.863663,-8.000000,8.780650,2.000000,0.000000,1.000000,0.000000
-12.093663,-5.797370,-3.789090,0.000000,0.454691,0.045533,0.500224,-2.099776,-0.379561,-140.784775,-9.000000,7.262194,2.000000,0.000000,1.000000,0.000000
-9.949782,-5.235752,-4.329000,0.000000,0.519480,0.047265,0.566745,-2.033255,-0.342502,-140.674438,-8.000000,10.503572,2.000000,0.000000,1.000000,0.000000
9.567991,-0.127885,-2.761098,0.000000,0.331332,0.048369,0.379701,-2.220299,-0.244160,-140.620804,-9.000000,6.162026,2.000000,0.000000,1.000000,0.000000
-11.441663,-5.168949,-3.659734,0.000000,0.439168,0.049833,0.489001,-2.110999,-0.164211,-140.567841,-10.000000,6.515038,2.000000,0.000000,1.000000,0.000000
9.746502,1.429396,-1.760415,0.000000,0.211250,0.050537,0.261787,-2.338213,-0.036030,-140.530441,-10.000000,6.735249,2.000000,0.000000,1.000000,0.000000
21.530815,5.691383,1.020678,0.000000,-0.122481,0.050129,-0.072352,-2.672352,0.033927,-140.601654,-11.000000,4.120208,2.000000,0.000000,1.000000,0.000000
7.327229,3.036459,1.772990,0.000000,-0.212759,0.049420,-0.163339,-2.763339,0.112909,-140.688934,-13.000000,4.728292,2.000000,0.000000,1.000000,0.000000
8.394776,3.694886,2.490262,0.000000,-0.298831,0.048424,-0.250408,-2.850408,0.132270,-140.756241,-14.000000,1.870939,2.000000,0.000000,1.000000,0.000000
-7.133088,-1.099556,1.150503,0.000000,-0.138060,0.047963,-0.090097,-2.690097,0.133243,-140.782196,-14.000000,-2.620541,2.000000,0.000000,1.000000,0.000000
-5.127554,-1.979160,-0.017522,0.000000,0.002103,0.047970,0.050073,-2.549927,0.066838,-140.751404,-13.000000,-3.512223,2.000000,0.000000,1.000000,0.000000
11.484220,3.681017,1.362814,0.000000,-0.163538,0.047425,-0.116112,-2.716112,-0.055527,-140.768417,-12.000000,-2.395094,2.000000,0.000000,1.000000,0.000000
15.783660,4.313187,2.463925,0.000000,-0.295671,0.046440,-0.249231,-2.849231,-0.059486,-140.848358,-13.000000,-1.479851,2.000000,0.000000,1.000000,0.000000
8.744565,3.296198,2.774539,0.000000,-0.332945,0.045330,-0.287615,-2.887615,-0.035101,-140.924454,-14.000000,-2.889207,2.000000,0.000000,1.000000,0.000000
6.703953,3.888651,3.190337,0.000000,-0.382840,0.044054,-0.338787,-2.938787,-0.128661,-140.996307,-13.000000,-5.832214,2.000000,0.000000,1.000000,0.000000
-10.043835,1.275697,2.475773,0.000000,-0.297093,0.043063,-0.254029,-2.854029,-0.282774,-141.047958,-13.000000,-2.688250,2.000000,0.000000,1.000000,0.000000
0.630556,3.000286,2.671527,0.000000,-0.320583,0.041995,-0.278588,-2.878588,-0.379709,-141.090714,-12.000000,0.186016,2.000000,0.000000,1.000000,0.000000
5.993062,5.290812,3.649073,0.000000,-0.437889,0.040535,-0.397354,-2.997354,-0.398321,-141.173630,-12.000000,3.099567,2.000000,0.000000,1.000000,0.000000
55.626041,20.204960,9.827911,0.000000,-1.179349,0.036604,-1.142745,-3.742745,-0.347952,-141.428589,-13.000000,1.644168,2.000000,0.000000,1.000000,0.000000
37.293373,18.409124,13.030515,0.000000,-1.563662,0.031392,-1.532270,-4.132270,-0.292724,-141.814728,-17.000000,-1.580776,2.000000,0.000000,1.000000,0.000000
9.698128,12.329720,12.768970,0.000000,-1.532276,0.026284,-1.505992,-4.105992,-0.366219,-142.122116,-18.000000,-1.560265,2.000000,0.000000,1.000000,0.000000
12.116345,12.008308,12.485083,0.000000,-1.498210,0.021290,-1.476920,-4.076920,-0.429385,-142.365494,-18.000000,0.165299,2.000000,0.000000,1.000000,0.000000
11.969038,13.225142,12.761281,0.000000,-1.531354,0.016186,-1.515168,-4.115168,-0.524500,-142.617828,-17.000000,-2.156412,2.000000,0.000000,1.000000,0.000000
12.479266,16.003883,13.971456,0.000000,-1.676575,0.010597,-1.665977,-4.265977,-0.622230,-142.910126,-17.000000,-10.439015,2.000000,0.000000,1.000000,0.000000
19.465742,16.686090,14.984587,0.000000,-1.798150,0.004603,-1.793547,-4.393547,-0.832544,-143.237030,-17.000000,-9.771665,2.000000,0.000000,1.000000,0.000000
7.545847,13.503451,14.431810,0.000000,-1.731817,-0.001169,-1.732987,-4.332987,-0.990883,-143.538925,-17.000000,-4.060422,2.000000,0.000000,1.000000,0.000000
40.971012,21.826660,17.191650,0.000000,-2.062998,-0.008046,-2.071044,-4.671044,-1.129609,-143.892227,-16.000000,-7.482253,2.000000,0.000000,1.000000,0.000000
15.509640,18.621750,17.725380,0.000000,-2.127046,-0.015136,-2.142182,-4.742182,-1.267323,-144.296707,-17.000000,-7.603415,2.000000,0.000000,1.000000,0.000000
-3.026136,11.021187,15.223301,0.000000,-1.826796,-0.021226,-1.848022,-4.448021,-1.374934,-144.593140,-16.000000,-10.013485,2.000000,0.000000,1.000000,0.000000
10.367548,14.911706,15.107010,0.000000,-1.812841,-0.027268,-1.840110,-4.440109,-1.569092,-144.852463,-14.000000,-9.579187,2.000000,0.000000,1.000000,0.000000
10.770498,15.547256,15.271315,0.000000,-1.832558,-0.033377,-1.865935,-4.465935,-1.616422,-145.157059,-14.000000,-5.181235,2.000000,0.000000,1.000000,0.000000
48.581585,23.824917,18.463614,0.000000,-2.215634,-0.040762,-2.256396,-4.856396,-1.698612,-145.550781,-13.000000,-5.719945,2.000000,0.000000,1.000000,0.000000
28.236940,21.295330,19.520441,0.000000,-2.342453,-0.048571,-2.391023,-4.991023,-1.824428,-146.001984,-15.000000,-3.896833,2.000000,0.000000,1.000000,0.000000
8.561492,13.855143,17.406090,0.000000,-2.088731,-0.055533,-2.144264,-4.744264,-1.950621,-146.353485,-15.000000,-3.212958,2.000000,0.000000,1.000000,0.000000
-13.567994,6.621218,13.381057,0.000000,-1.605727,-0.060885,-1.666612,-4.266612,-2.100464,-146.558243,-13.000000,-2.514120,2.000000,0.000000,1.000000,0.000000
1.795363,9.277671,11.849628,0.000000,-1.421955,-0.065625,-1.487581,-4.087581,-2.183441,-146.717224,-10.000000,-4.695098,2.000000,0.000000,1.000000,0.000000
53.226334,24.433846,16.546196,0.000000,-1.985543,-0.072244,-2.057787,-4.657787,-2.287399,-147.054337,-9.000000,-7.171326,2.000000,0.000000,1.000000,0.000000
34.316601,21.288147,18.315945,0.000000,-2.197913,-0.079570,-2.277483,-4.877483,-2.403831,-147.511551,-11.000000,-5.632012,2.000000,0.000000,1.000000,0.000000
30.172964,20.236694,19.032789,0.000000,-2.283935,-0.087183,-2.371118,-4.971118,-2.539999,-147.926804,-11.000000,-4.942513,2.000000,0.000000,1.000000,0.000000
-11.377304,8.852427,15.233366,0.000000,-1.828004,-0.093277,-1.921281,-4.521280,-2.647251,-148.217697,-11.000000,-4.863098,2.000000,0.000000,1.000000,0.000000
50.863808,25.702984,19.140743,0.000000,-2.296889,-0.100933,-2.397822,-4.997822,-2.722945,-148.563248,-9.000000,-5.399745,2.000000,0.000000,1.000000,0.000000
26.895756,18.546137,18.918829,0.000000,-2.270259,-0.108500,-2.378760,-4.978760,-2.865920,-149.005737,-10.000000,-12.844742,2.000000,0.000000,1.000000,0.000000
6.360230,14.667004,17.332001,0.000000,-2.079840,-0.115433,-2.195273,-4.795273,-3.041945,-149.337875,-9.000000,-4.370294,2.000000,0.000000,1.000000,0.000000
17.325983,15.591511,16.682430,0.000000,-2.001892,-0.122106,-2.123998,-4.723998,-3.089430,-149.640457,-8.000000,-7.049131,2.000000,0.000000,1.000000,0.000000
2.865435,12.362883,15.070328,0.000000,-1.808439,-0.128134,-1.936574,-4.536573,-3.112701,-149.919998,-8.000000,-1.894963,2.000000,0.000000,1.000000,0.000000
65.037552,29.407276,20.421034,0.000000,-2.450524,-0.136303,-2.586827,-5.186827,-3.163316,-150.337692,-6.000000,-7.618722,2.000000,0.000000,1.000000,0.000000
-2.065866,12.146151,17.332756,0.000000,-2.079931,-0.143236,-2.223167,-4.823167,-3.162372,-150.753220,-10.000000,-7.176899,2.000000,0.000000,1.000000,0.000000
-2.333116,10.605040,14.821898,0.000000,-1.778628,-0.149165,-1.927792,-4.527792,-3.291855,-150.980728,-7.000000,-0.117529,2.000000,0.000000,1.000000,0.000000
40.866005,22.819309,17.806620,0.000000,-2.136794,-0.156287,-2.293082,-4.893082,-3.381670,-151.314972,-5.000000,-0.659173,2.000000,0.000000,1.000000,0.000000
0.001745,12.874267,15.965811,0.000000,-1.915897,-0.162674,-2.078571,-4.678571,-3.371373,-151.671906,-7.000000,-2.923722,2.000000,0.000000,1.000000,0.000000
8.089129,11.523790,14.308000,0.000000,-1.716960,-0.168397,-1.885357,-4.485356,-3.422182,-151.915894,-6.000000,0.216015,2.000000,0.000000,1.000000,0.000000
5.658670,11.669729,13.323368,0.000000,-1.598804,-0.173726,-1.772530,-4.372530,-3.488910,-152.147827,-5.000000,1.934769,2.000000,0.000000,1.000000,0.000000
8.977005,10.838012,12.395805,0.000000,-1.487497,-0.178684,-1.666181,-4.266181,-3.478824,-152.372910,-4.000000,-0.192813,2.000000,0.000000,1.000000,0.000000
33.065987,20.467279,15.408169,0.000000,-1.848980,-0.184848,-2.033828,-4.633828,-3.439327,-152.685959,-4.000000,0.212371,2.000000,0.000000,1.000000,0.000000
16.565542,16.814068,15.932866,0.000000,-1.911944,-0.191221,-2.103165,-4.703165,-3.425981,-153.058777,-6.000000,-3.489892,2.000000,0.000000,1.000000,0.000000
14.374720,16.833948,16.269159,0.000000,-1.952299,-0.197729,-2.150028,-4.750028,-3.596688,-153.395264,-5.000000,5.639314,2.000000,0.000000,1.000000,0.000000
11.011357,12.948099,15.029703,0.000000,-1.803564,-0.203740,-2.007305,-4.607305,-3.571261,-153.693085,-5.000000,8.737181,2.000000,0.000000,1.000000,0.000000
7.498468,12.199607,13.973480,0.000000,-1.676818,-0.209330,-1.886147,-4.486147,-3.482766,-153.944565,-5.000000,0.340127,2.000000,0.000000,1.000000,0.000000
11.382460,12.000243,13.237046,0.000000,-1.588446,-0.214625,-1.803070,-4.403070,-3.518477,-154.186569,-4.000000,1.305693,2.000000,0.000000,1.000000,0.000000
-2.491270,7.609612,11.136826,0.000000,-1.336419,-0.219079,-1.555498,-4.155499,-3.524590,-154.382675,-4.000000,-2.594134,2.000000,0.000000,1.000000,0.000000
0.300029,6.349996,9.350328,0.000000,-1.122039,-0.222819,-1.344859,-3.944859,-3.521976,-154.522278,-3.000000,5.194468,2.000000,0.000000,1.000000,0.000000
19.638214,11.727489,10.237511,0.000000,-1.228501,-0.226914,-1.455416,-4.055416,-3.534132,-154.703049,-2.000000,2.740024,2.000000,0.000000,1.000000,0.000000
1.141160,6.123925,8.702275,0.000000,-1.044273,-0.230395,-1.274668,-3.874668,-3.523046,-154.881561,-2.000000,0.544178,2.000000,0.000000,1.000000,0.000000
-3.199377,6.949531,8.048132,0.000000,-0.965776,-0.233615,-1.199390,-3.799390,-3.618401,-155.012299,-1.000000,-5.715597,2.000000,0.000000,1.000000,0.000000
-2.630465,8.391019,8.176101,0.000000,-0.981132,-0.236885,-1.218017,-3.818017,-3.761315,-155.165710,0.000000,-1.072662,2.000000,0.000000,1.000000,0.000000
8.002985,9.220027,8.565705,0.000000,-1.027885,-0.240311,-1.268196,-3.868196,-3.792663,-155.341827,0.000000,0.113928,2.000000,0.000000,1.000000,0.000000
9.976303,13.351834,10.351941,0.000000,-1.242233,-0.244452,-1.486685,-4.086685,-3.940997,-155.567551,0.000000,-5.429815,2.000000,0.000000,1.000000,0.000000
-0.657237,9.472272,10.023639,0.000000,-1.202837,-0.248462,-1.451298,-4.051298,-4.011600,-155.795792,0.000000,-5.044552,2.000000,0.000000,1.000000,0.000000
2.218398,9.650232,9.884279,0.000000,-1.186113,-0.252415,-1.438529,-4.038528,-4.131606,-155.987015,0.000000,-6.016414,2.000000,0.000000,1.000000,0.000000
-10.054049,7.163600,8.868892,0.000000,-1.064267,-0.255963,-1.320230,-3.920230,-4.311152,-156.155151,1.000000,-1.542565,2.000000,0.000000,1.000000,0.000000
13.968815,13.341198,10.538006,0.000000,-1.264561,-0.260178,-1.524739,-4.124739,-4.384674,-156.360199,2.000000,-0.856322,2.000000,0.000000,1.000000,0.000000
-3.435545,7.202017,9.292978,0.000000,-1.115157,-0.263895,-1.379053,-3.979053,-4.430658,-156.565628,1.000000,0.254786,2.000000,0.000000,1.000000,0.000000
-1.572054,6.124022,8.110289,0.000000,-0.973235,-0.267139,-1.240374,-3.840374,-4.425104,-156.698883,2.000000,0.124576,2.000000,0.000000,1.000000,0.000000
-0.913518,4.494582,6.760867,-8.600000,-1.843304,-0.001429,-2.274733,-4.874733,-4.356647,-156.805069,2.000000,0.354129,0.000000,0.000000,1.000000,-0.430000
1.077391,3.711081,5.622653,-11.800000,-2.090718,-0.005785,-2.686503,-5.286503,-4.313502,-156.887131,-2.000000,2.589068,0.000000,0.000000,1.000000,-0.590000
3.819534,2.297714,4.381750,-11.800000,-1.941810,-0.012257,-2.544067,-5.144067,-4.265500,-156.947220,-5.000000,2.270715,0.000000,0.000000,1.000000,-0.590000
-8.393005,-1.980337,2.007349,-11.800000,-1.656882,-0.017780,-2.264662,-4.864662,-4.273479,-156.950394,-4.000000,0.333758,0.000000,0.000000,1.000000,-0.590000
7.115796,-0.276040,1.155163,-13.200000,-1.722620,-0.023522,-2.406142,-5.006142,-4.275143,-156.927826,-3.000000,-0.840485,0.000000,0.000000,1.000000,-0.660000
-1.393369,-2.933933,-0.370933,-18.100000,-2.127488,-0.026417,-3.058905,-5.658905,-4.279191,-156.895721,-3.000000,-1.266633,0.000000,0.000000,1.000000,-0.905000
2.262758,0.660379,0.013964,-20.300001,-2.437676,-0.033804,-3.486480,-6.086479,-4.271785,-156.872986,-7.000000,-2.203637,0.000000,0.000000,1.000000,-1.015000
-1.385894,0.582961,0.226320,-22.500000,-2.727158,-0.042068,-3.894226,-6.494226,-4.366663,-156.885422,-8.000000,-3.217593,0.000000,0.000000,1.000000,-1.125000
-12.652408,-3.868575,-1.301939,-24.400000,-2.771767,-0.050845,-4.042612,-6.642612,-4.435734,-156.852570,-10.000000,-0.597923,0.000000,0.000000,1.000000,-1.220000
8.859617,1.842696,-0.128327,-26.400000,-3.152601,-0.061879,-4.534480,-7.134480,-4.462677,-156.832306,-11.000000,-3.238536,0.000000,0.000000,1.000000,-1.320000
1.323105,4.895782,1.746725,-26.400000,-3.377607,-0.072575,-4.770182,-7.370182,-4.502784,-156.899689,-13.000000,-9.089564,0.000000,0.000000,1.000000,-1.320000
-6.185565,-0.715915,0.827641,-27.900000,-3.447317,-0.084641,-4.926957,-7.526957,-4.658476,-156.941483,-13.000000,-2.868587,0.000000,0.000000,1.000000,-1.395000
-12.465786,-1.224882,0.061617,-27.900000,-3.355394,-0.095266,-4.845660,-7.445660,-4.787192,-156.922073,-13.000000,-0.344125,0.000000,0.000000,1.000000,-1.395000
-6.948997,0.217577,0.119823,-27.600000,-3.326379,-0.106908,-4.813287,-7.413287,-4.862749,-156.912003,-13.000000,-5.618028,0.000000,0.000000,1.000000,-1.380000
-0.614630,1.319002,0.567370,-27.600000,-3.380084,-0.117612,-4.877696,-7.477696,-4.909778,-156.927368,-12.000000,-7.094574,0.000000,0.000000,1.000000,-1.380000
-5.958702,-0.034631,0.342696,-31.800001,-3.857123,-0.124362,-5.571486,-8.171486,-5.065764,-156.940216,-12.000000,-6.864647,0.000000,0.000000,1.000000,-1.590000
-21.408199,-5.016408,-1.657381,-33.200001,-3.785114,-0.136348,-5.581462,-8.181462,-5.176512,-156.889709,-15.000000,-4.626675,0.000000,0.000000,1.000000,-1.660000
-8.913167,-3.649870,-2.401000,-33.500000,-3.731880,-0.148788,-5.555668,-8.155668,-5.319536,-156.803040,-14.000000,-3.419676,0.000000,0.000000,1.000000,-1.675000
-15.056043,-5.899735,-3.706766,-33.500000,-3.575188,-0.160705,-5.410893,-8.010893,-5.598569,-156.707550,-12.000000,-9.606619,0.000000,0.000000,1.000000,-1.675000
11.747243,1.342006,-1.822509,-33.500000,-3.801299,-0.173376,-5.649675,-8.249675,-5.862296,-156.661972,-10.000000,-7.840291,0.000000,0.000000,1.000000,-1.675000
-12.669174,-4.718722,-2.903408,-33.500000,-3.671591,-0.185615,-5.532206,-8.132206,-6.099965,-156.628204,-10.000000,-5.835093,0.000000,0.000000,1.000000,-1.675000
-17.700018,-9.878353,-5.506534,-30.300001,-2.975216,-0.191813,-4.682029,-7.282029,-6.259367,-156.482239,-9.000000,-1.416652,0.000000,0.000000,1.000000,-1.515000
-41.386074,-18.226212,-10.253657,-27.900000,-2.117561,-0.197695,-3.710256,-6.310256,-6.303400,-156.201187,-5.000000,-3.987109,0.000000,0.000000,1.000000,-1.395000
-28.863377,-12.809650,-11.207582,-25.700001,-1.739090,-0.202965,-3.227056,-5.827055,-6.432303,-155.890823,0.000000,-5.679241,0.000000,0.000000,1.000000,-1.285000
-4.012499,-7.447469,-9.804267,-25.700001,-1.907488,-0.209323,-3.401811,-6.001811,-6.494941,-155.688248,3.000000,-1.971062,0.000000,0.000000,1.000000,-1.285000
1.808996,-3.766856,-7.551039,-24.400000,-2.021875,-0.216063,-3.457938,-6.057938,-6.496513,-155.576111,2.000000,8.386280,0.000000,0.000000,1.000000,-1.220000
-10.768542,-8.214995,-7.798835,-24.200001,-1.968140,-0.222623,-3.400763,-6.000763,-6.335007,-155.456299,1.000000,8.490588,0.000000,0.000000,1.000000,-1.210000
-25.481043,-11.198998,-9.067813,-24.200001,-1.815863,-0.228676,-3.254539,-5.854539,-6.132598,-155.262161,0.000000,6.626943,0.000000,0.000000,1.000000,-1.210000
-25.836430,-12.778234,-10.452583,-24.200001,-1.649690,-0.234175,-3.093865,-5.693865,-6.006916,-155.022385,0.000000,7.947092,0.000000,0.000000,1.000000,-1.210000
-8.391098,-9.278586,-10.014435,-22.200001,-1.462268,-0.239050,-2.811317,-5.411317,-5.947637,-154.801819,1.000000,9.232729,0.000000,0.000000,1.000000,-1.110000
-34.649178,-17.025284,-12.630960,-22.200001,-1.148285,-0.242877,-2.501162,-5.101162,-5.707085,-154.538773,1.000000,10.749595,0.000000,0.000000,1.000000,-1.110000
-32.322472,-18.701523,-14.896561,-22.200001,-0.876413,-0.245798,-2.232211,-4.832211,-5.448743,-154.181503,1.000000,10.773859,0.000000,0.000000,1.000000,-1.110000
-21.294754,-19.047781,-16.445843,-22.500000,-0.726499,-0.248220,-2.099719,-4.699719,-5.226783,-153.804016,1.000000,12.507148,0.000000,0.000000,1.000000,-1.125000
-13.343523,-15.460529,-16.078114,-24.000000,-0.950626,-0.251389,-2.402015,-5.002015,-5.018307,-153.458939,1.000000,9.819433,0.000000,0.000000,1.000000,-1.200000
-77.606613,-35.181313,-23.207638,-24.000000,-0.095083,-0.251706,-1.546789,-4.146790,-4.760008,-152.952515,-1.000000,11.770524,0.000000,0.000000,1.000000,-1.200000
-8.040719,-20.359934,-22.144844,-24.000000,-0.222619,-0.252448,-1.675067,-4.275066,-4.527996,-152.397095,1.000000,9.141052,0.000000,0.000000,1.000000,-1.200000
-45.894184,-32.450302,-25.990955,-24.000000,0.238915,-0.251652,-1.212737,-3.812737,-4.341341,-151.868988,0.000000,7.006094,0.000000,0.000000,1.000000,-1.200000
-52.346790,-37.623249,-30.332256,-24.000000,0.759871,-0.249119,-0.689248,-3.289248,-4.236980,-151.168259,2.000000,10.253357,0.000000,0.000000,1.000000,-1.200000
-29.327600,-30.277000,-30.311634,-24.000000,0.757396,-0.246594,-0.689198,-3.289198,-4.111753,-150.489258,4.000000,8.707228,0.000000,0.000000,1.000000,-1.200000
-45.736095,-34.237720,-31.776894,-24.000000,0.933227,-0.243483,-0.510256,-3.110256,-3.936768,-149.844116,3.000000,3.430506,0.000000,0.000000,1.000000,-1.200000
-30.988407,-32.178818,-31.926897,-24.000000,0.951228,-0.240312,-0.489085,-3.089085,-3.874757,-149.179947,3.000000,3.622607,0.000000,0.000000,1.000000,-1.200000
-42.298035,-37.407887,-33.972462,-24.000000,1.196695,-0.236323,-0.239628,-2.839628,-3.821409,-148.484085,3.000000,6.307829,0.000000,0.000000,1.000000,-1.200000
-61.665333,-39.356285,-35.981766,-24.000000,1.437812,-0.231531,0.006281,-2.593719,-3.713166,-147.716446,4.000000,6.693088,0.000000,0.000000,1.000000,-1.200000
-58.304298,-41.197491,-37.928333,-23.700001,1.707400,-0.225839,0.296560,-2.303440,-3.624627,-146.910904,5.000000,1.975667,0.000000,0.000000,1.000000,-1.185000
-17.662228,-30.925377,-35.314754,-23.700001,1.393770,-0.221194,-0.012423,-2.612423,-3.578261,-146.189682,6.000000,5.960872,0.000000,0.000000,1.000000,-1.185000
-41.724770,-37.357948,-36.077297,-23.500000,1.509276,-0.216163,0.118113,-2.481887,-3.439337,-145.506851,4.000000,9.358957,0.000000,0.000000,1.000000,-1.175000
-26.539448,-33.367748,-35.066063,-23.500000,1.387928,-0.211536,0.001391,-2.598608,-3.230636,-144.799591,3.000000,10.515585,0.000000,0.000000,1.000000,-1.175000
-33.873730,-35.702446,-35.303570,-23.500000,1.416428,-0.206815,0.034613,-2.565386,-3.000015,-144.108887,1.000000,12.070623,0.000000,0.000000,1.000000,-1.175000
-42.766319,-37.064732,-35.960854,-23.500000,1.495302,-0.201830,0.118472,-2.481528,-2.787185,-143.381210,1.000000,3.796875,0.000000,0.000000,1.000000,-1.175000
-36.692177,-36.267765,-36.075397,-23.500000,1.509048,-0.196800,0.137247,-2.462753,-2.721516,-142.647888,1.000000,3.152503,0.000000,0.000000,1.000000,-1.175000
-36.961086,-36.831959,-36.357754,-23.500000,1.542930,-0.191657,0.176273,-2.423727,-2.674886,-141.916885,0.000000,4.271724,0.000000,0.000000,1.000000,-1.175000
-35.068638,-36.345570,-36.353207,-22.000000,1.722385,-0.185916,0.436469,-2.163531,-2.508920,-141.185104,0.000000,6.975333,0.000000,0.000000,1.000000,-1.100000
-17.759068,-30.079853,-34.011921,-22.000000,1.441430,-0.181111,0.160319,-2.439681,-2.359122,-140.520844,0.000000,2.047581,0.000000,0.000000,1.000000,-1.100000
-31.493389,-33.191990,-33.705914,-22.000000,1.404710,-0.176429,0.128281,-2.471719,-2.308110,-139.888123,0.000000,5.893436,0.000000,0.000000,1.000000,-1.100000
-17.861839,-30.877172,-32.650196,-22.000000,1.278023,-0.172169,0.005855,-2.594145,-2.191836,-139.247437,-1.000000,6.037209,0.000000,0.000000,1.000000,-1.100000
-3.566898,-26.020771,-30.176022,-21.800001,1.005122,-0.168818,-0.253696,-2.853696,-2.071107,-138.678452,-2.000000,5.849945,0.000000,0.000000,1.000000,-1.090000
-32.584927,-29.082890,-29.768053,-21.800001,0.956166,-0.165631,-0.299465,-2.899465,-1.978766,-138.127411,-4.000000,2.126721,0.000000,0.000000,1.000000,-1.090000
-24.374975,-27.897203,-29.069832,-21.800001,0.872380,-0.162723,-0.380343,-2.980343,-1.962287,-137.557617,-4.000000,0.404278,0.000000,0.000000,1.000000,-1.090000
-29.047876,-29.871851,-29.369154,-21.800001,0.908298,-0.159695,-0.341397,-2.941397,-1.919782,-136.979919,-5.000000,2.046576,0.000000,0.000000,1.000000,-1.090000
-21.441408,-28.748913,-29.137672,-22.000000,0.856521,-0.156840,-0.400320,-3.000320,-1.946371,-136.393707,-5.000000,-2.440564,0.000000,0.000000,1.000000,-1.100000
-12.902013,-25.197315,-27.667088,-23.700001,0.476050,-0.155254,-0.864203,-3.464203,-2.047180,-135.854248,-4.000000,-2.611306,0.000000,0.000000,1.000000,-1.185000
-17.757202,-24.623888,-26.531332,-24.000000,0.303760,-0.154241,-1.050481,-3.650481,-2.144845,-135.356033,-6.000000,-2.866539,0.000000,0.000000,1.000000,-1.200000
-16.191387,-22.934029,-25.188778,-25.400000,-0.025347,-0.154325,-1.449672,-4.049672,-2.367286,-134.880447,-6.000000,-3.886920,0.000000,0.000000,1.000000,-1.270000
-12.282539,-24.582617,-24.962551,-25.400000,-0.052494,-0.154500,-1.476994,-4.076994,-2.555943,-134.405273,-7.000000,-2.904905,0.000000,0.000000,1.000000,-1.270000
-39.510365,-30.434328,-27.004679,-25.400000,0.192561,-0.153859,-1.231297,-3.831297,-2.817065,-133.855103,-6.000000,-8.952521,0.000000,0.000000,1.000000,-1.270000
-31.083050,-31.865707,-28.818869,-25.400000,0.410264,-0.152491,-1.012227,-3.612227,-3.069810,-133.232101,-3.000000,-10.395782,0.000000,0.000000,1.000000,-1.270000
-23.052885,-28.517025,-28.706217,-25.400000,0.396746,-0.151169,-1.024422,-3.624422,-3.353773,-132.628281,-1.000000,-9.723503,0.000000,0.000000,1.000000,-1.270000
-17.618664,-29.072933,-28.843079,-25.200001,0.437169,-0.149711,-0.972542,-3.572542,-3.546216,-132.052383,0.000000,-3.760103,0.000000,0.000000,1.000000,-1.260000
-16.519955,-26.969263,-28.143749,-25.200001,0.353250,-0.148534,-1.055284,-3.655284,-3.719428,-131.491959,0.000000,-5.705363,0.000000,0.000000,1.000000,-1.260000
-22.872690,-24.907286,-26.935865,-25.200001,0.208304,-0.147839,-1.199536,-3.799536,-3.957853,-130.973190,1.000000,-8.321715,0.000000,0.000000,1.000000,-1.260000
-13.588913,-20.530308,-24.545240,-25.200001,-0.078571,-0.148101,-1.486673,-4.086673,-4.273142,-130.518814,2.000000,-6.375304,0.000000,0.000000,1.000000,-1.260000
-12.349210,-24.494144,-24.526171,-24.900000,-0.044859,-0.148251,-1.438110,-4.038110,-4.365792,-130.068573,1.000000,-5.081456,0.000000,0.000000,1.000000,-1.245000
-13.291586,-24.276604,-24.433029,-24.900000,-0.056036,-0.148438,-1.449474,-4.049474,-4.498773,-129.580872,2.000000,-1.684760,0.000000,0.000000,1.000000,-1.245000
-19.591465,-25.702856,-24.906942,-24.900000,0.000833,-0.148435,-1.392602,-3.992602,-4.592135,-129.081070,2.000000,-7.055371,0.000000,0.000000,1.000000,-1.245000
-10.559106,-23.627359,-24.429388,-24.900000,-0.056473,-0.148623,-1.450097,-4.050097,-4.713466,-128.587769,3.000000,-3.248344,0.000000,0.000000,1.000000,-1.245000
-9.940730,-21.430489,-23.310165,-24.900000,-0.190780,-0.149259,-1.585039,-4.185039,-4.725244,-128.137192,3.000000,-3.562298,0.000000,0.000000,1.000000,-1.245000
-27.904207,-25.067980,-23.966202,-24.900000,-0.112056,-0.149633,-1.506688,-4.106688,-4.698520,-127.672211,2.000000,0.220204,0.000000,0.000000,1.000000,-1.245000
-9.256281,-23.611210,-23.833715,-23.500000,0.040046,-0.149499,-1.284453,-3.884453,-4.685155,-127.185417,2.000000,-1.204316,0.000000,0.000000,1.000000,-1.175000
-10.816504,-20.356798,-22.536091,-23.500000,-0.115669,-0.149885,-1.440554,-4.040554,-4.653502,-126.745735,3.000000,-1.954960,0.000000,0.000000,1.000000,-1.175000
-18.703964,-21.348400,-22.092831,-23.500000,-0.168860,-0.150448,-1.494308,-4.094308,-4.597551,-126.328682,2.000000,-2.897313,0.000000,0.000000,1.000000,-1.175000
-14.106776,-19.717045,-21.206161,-23.500000,-0.275261,-0.151365,-1.601626,-4.201626,-4.539354,-125.918030,2.000000,1.962216,0.000000,0.000000,1.000000,-1.175000
-7.559881,-15.512363,-19.081173,-23.500000,-0.530259,-0.153133,-1.858392,-4.458392,-4.578048,-125.565735,1.000000,-2.598460,0.000000,0.000000,1.000000,-1.175000
-20.846420,-19.304457,-19.164505,-23.500000,-0.520259,-0.154867,-1.850126,-4.450126,-4.655909,-125.217567,0.000000,0.980852,0.000000,0.000000,1.000000,-1.175000
-17.409622,-19.884113,-19.433071,-22.000000,-0.308031,-0.155894,-1.563925,-4.163925,-4.714297,-124.825684,1.000000,-0.469901,0.000000,0.000000,1.000000,-1.100000
-25.097561,-24.053272,-21.157381,-22.000000,-0.101114,-0.156231,-1.357345,-3.957345,-4.673838,-124.386307,2.000000,5.515172,0.000000,0.000000,1.000000,-1.100000
-13.645545,-22.246431,-21.563828,-20.000000,0.187659,-0.155605,-0.967946,-3.567946,-4.557258,-123.923309,2.000000,3.129224,0.000000,0.000000,1.000000,-1.000000
-17.389580,-22.594982,-21.948666,-20.000000,0.233840,-0.154826,-0.920986,-3.520986,-4.532403,-123.474892,4.000000,-0.257011,0.000000,0.000000,1.000000,-1.000000
-39.718582,-27.775534,-24.123318,-18.300001,0.698798,-0.152496,-0.368698,-2.968698,-4.504901,-122.971184,4.000000,4.331097,0.000000,0.000000,1.000000,-0.915000
-7.351423,-18.351828,-21.969334,-18.300001,0.440320,-0.151029,-0.625709,-3.225709,-4.454417,-122.509911,7.000000,3.184945,0.000000,0.000000,1.000000,-0.915000
-4.416365,-17.777615,-20.404938,-16.600000,0.456592,-0.149507,-0.522914,-3.122914,-4.336550,-122.148613,5.000000,5.263796,0.000000,0.000000,1.000000,-0.830000
-14.708157,-20.771858,-20.541876,-16.600000,0.473025,-0.147930,-0.504905,-3.104905,-4.113194,-121.763115,4.000000,7.705676,0.000000,0.000000,1.000000,-0.830000
-21.235004,-22.387323,-21.230618,-16.900000,0.519674,-0.146198,-0.471523,-3.071523,-4.014431,-121.331520,4.000000,5.288656,0.000000,0.000000,1.000000,-0.845000
-53.249367,-33.825005,-25.930981,-16.600000,1.119718,-0.142465,0.147252,-2.452748,-4.000473,-120.769394,4.000000,5.595362,0.000000,0.000000,1.000000,-0.830000
-30.560055,-30.318436,-27.568428,-12.200000,1.844211,-0.139671,1.094540,-1.505460,-3.839873,-120.127960,6.000000,3.335095,0.000000,0.000000,1.000000,-0.610000
-20.685743,-26.342714,-27.110979,-12.200000,1.789317,-0.133707,1.045611,-1.554389,-3.653849,-119.561348,10.000000,3.532988,0.000000,0.000000,1.000000,-0.610000
-3.958822,-19.317532,-24.202379,-8.300000,1.908285,-0.130445,1.362841,-1.237159,-3.487731,-119.104744,9.000000,4.577079,0.000000,0.000000,1.000000,-0.415000
-18.238165,-19.639021,-22.499283,-8.300000,1.703914,-0.124765,1.164149,-1.435851,-3.347966,-118.715179,10.000000,7.865936,0.000000,0.000000,1.000000,-0.415000
-46.269543,-26.059805,-23.828110,0.000000,2.859373,-0.122468,2.736905,0.136905,-3.152464,-118.258194,8.000000,10.540167,0.000000,0.000000,1.000000,0.000000
-10.601045,-17.949566,-21.634172,0.000000,2.596101,-0.113814,2.482286,-0.117714,-2.938000,-117.818100,15.000000,11.860174,0.000000,0.000000,1.000000,0.000000
-6.993879,-16.305437,-19.645430,0.000000,2.357451,-0.105956,2.251495,-0.348505,-2.710065,-117.475548,12.000000,8.642168,0.000000,0.000000,1.000000,0.000000
16.992186,-8.215479,-15.379646,0.000000,1.845558,-0.099804,1.745753,-0.854247,-2.380989,-117.230339,10.000000,14.226620,0.000000,0.000000,1.000000,0.000000
-54.614975,-25.466700,-19.144245,0.000000,2.297309,-0.092147,2.205163,-0.394837,-2.089580,-116.893517,6.000000,12.354216,0.000000,0.000000,1.000000,0.000000
-16.065136,-18.475410,-18.894629,0.000000,2.267355,-0.084589,2.182767,-0.417233,-1.846756,-116.454094,7.000000,6.063203,0.000000,0.000000,1.000000,0.000000
-24.210022,-21.229574,-19.766056,0.000000,2.371927,-0.076682,2.295244,-0.304756,-1.505489,-116.057045,5.000000,6.475429,0.000000,0.000000,1.000000,0.000000
-6.136584,-16.424715,-18.519032,0.000000,2.222284,-0.069275,2.153009,-0.446991,-1.356976,-115.680504,5.000000,6.537087,0.000000,0.000000,1.000000,0.000000
-31.715548,-20.457748,-19.242582,0.000000,2.309110,-0.061578,2.247532,-0.352468,-1.281507,-115.311676,4.000000,2.466178,0.000000,0.000000,1.000000,0.000000
-12.398770,-16.416246,-18.187763,0.000000,2.182532,-0.054303,2.128229,-0.471771,-1.240761,-114.942940,4.000000,3.598266,0.000000,0.000000,1.000000,0.000000
-3.014754,-12.617052,-16.108713,0.000000,1.933046,-0.047859,1.885186,-0.714814,-1.218819,-114.652603,3.000000,0.959184,0.000000,0.000000,1.000000,0.000000
-6.304591,-14.444688,-15.487680,0.000000,1.858522,-0.041664,1.816857,-0.783142,-1.218990,-114.381989,2.000000,2.059530,0.000000,0.000000,1.000000,0.000000
-22.582022,-18.659081,-16.671282,0.000000,2.000554,-0.034996,1.965558,-0.634442,-1.189308,-114.050949,1.000000,1.347893,0.000000,0.000000,1.000000,0.000000
-8.072392,-12.315502,-15.045657,0.000000,1.805479,-0.028977,1.776501,-0.823498,-1.227848,-113.741203,2.000000,-0.133355,0.000000,0.000000,1.000000,0.000000
-24.529701,-20.242950,-16.985344,0.000000,2.038241,-0.022183,2.016058,-0.583942,-1.108410,-113.415619,1.000000,-0.969446,0.000000,20.000002,1.000000,0.000000
-5.815548,-14.531605,-16.069582,0.000000,1.928350,-0.015755,1.912594,-0.687405,-1.134870,-113.067871,2.000000,-3.422198,0.000000,40.000004,1.000000,0.000000
-21.215485,-16.944790,-16.396219,0.000000,3.050062,0.000000,3.050062,0.450063,-1.084778,-112.753105,1.000000,3.501134,1.000000,0.000000,0.000000,0.000000
-3.872497,-14.185470,-15.571143,0.000000,2.553385,0.000000,2.553385,-0.046615,-1.073416,-112.441803,7.000000,6.827748,1.000000,0.000000,0.000000,0.000000
-8.738976,-13.850161,-14.928854,0.000000,2.493029,0.000000,2.493029,-0.106971,-1.034732,-112.161446,4.000000,1.518272,1.000000,0.000000,0.000000,0.000000
-12.928060,-14.143195,-14.635637,0.000000,2.545775,0.000000,2.545775,-0.054225,-0.915078,-111.881516,3.000000,9.819582,1.000000,0.000000,0.000000,0.000000
-9.711625,-14.700901,-14.659994,0.000000,2.646162,0.000000,2.646162,0.046162,-0.785997,-111.593071,3.000000,8.761431,1.000000,0.000000,0.000000,0.000000
-14.110332,-15.352962,-14.918617,0.000000,2.763533,0.000000,2.763533,0.163533,-0.682287,-111.292534,3.000000,5.510485,1.000000,0.000000,0.000000,0.000000
-5.991106,-12.148589,-13.884812,0.000000,2.186746,0.000000,2.186746,-0.413254,-0.552970,-111.017517,3.000000,4.291548,1.000000,0.000000,0.000000,0.000000
8.574259,-7.116649,-11.358859,0.000000,1.280997,0.000000,1.280997,-1.319003,-0.483659,-110.824867,0.000000,3.614833,1.000000,0.000000,0.000000,0.000000
-5.866938,-9.745617,-10.756780,0.000000,1.754211,0.000000,1.754211,-0.845789,-0.458480,-110.656242,-4.000000,2.873104,1.000000,0.000000,0.000000,0.000000
5.642562,-5.154200,-8.665835,0.000000,0.927756,0.000000,0.927756,-1.672244,-0.419064,-110.507248,-2.000000,-0.027068,1.000000,0.000000,0.000000,0.000000
-11.271709,-9.968371,-9.151957,0.000000,1.794307,0.000000,1.794307,-0.805693,-0.493241,-110.356026,-6.000000,0.016485,1.000000,0.000000,0.000000,0.000000
-4.677426,-8.747195,-9.000896,0.000000,1.574495,0.000000,1.574495,-1.025505,-0.537437,-110.168869,-1.000000,2.075187,1.000000,0.000000,0.000000,0.000000
-20.424913,-10.034839,-9.386774,0.000000,1.126413,0.003755,1.130168,-1.469832,-0.485795,-109.981049,-2.000000,1.789918,0.000000,0.000000,1.000000,0.000000
12.501542,-2.868281,-6.954001,0.000000,0.834480,0.006536,0.841016,-1.758983,-0.465041,-109.852020,-5.000000,-2.674549,0.000000,0.000000,1.000000,0.000000
-1.213542,-5.778362,-6.515240,0.000000,0.781829,0.009142,0.790971,-1.809029,-0.505423,-109.765556,-6.000000,-4.413799,0.000000,0.000000,1.000000,0.000000
15.554902,-0.474632,-4.260818,0.000000,0.511298,0.010847,0.522145,-2.077855,-0.509226,-109.703026,-6.000000,-4.387077,0.000000,0.000000,1.000000,0.000000
15.264262,1.258823,-2.200827,0.000000,0.264099,0.011727,0.275826,-2.324173,-0.572830,-109.710869,-7.000000,-3.341957,0.000000,0.000000,1.000000,0.000000
5.210608,-0.633234,-1.615784,0.000000,0.193894,0.012373,0.206267,-2.393732,-0.649387,-109.717125,-8.000000,-8.347729,0.000000,0.000000,1.000000,0.000000
-0.104424,-0.783117,-1.305024,9.700000,1.320603,0.013281,1.818884,-0.781116,-0.809135,-109.702965,-8.000000,-11.513853,0.000000,0.000000,1.000000,0.485000
5.640494,1.512845,-0.253364,12.700000,1.554404,0.016735,2.206139,-0.393861,-1.013155,-109.710258,1.000000,-8.597951,0.000000,0.000000,1.000000,0.635000
47.126762,14.503260,5.253970,15.800000,1.265524,0.019457,2.074980,-0.525020,-1.135925,-109.870422,3.000000,-6.597832,0.000000,0.000000,1.000000,0.790000
31.165421,12.002656,7.772654,15.800000,0.963282,0.022668,1.775949,-0.824051,-1.170054,-110.135483,3.000000,1.757250,0.000000,0.000000,1.000000,0.790000
8.709698,7.929383,7.831147,14.400001,0.788262,0.025295,1.533558,-1.066442,-1.139773,-110.334801,1.000000,-0.195251,0.000000,0.000000,1.000000,0.720000
13.047176,9.347116,8.396923,14.400001,0.720369,0.027697,1.468066,-1.131934,-1.150382,-110.507568,0.000000,-1.546189,0.000000,0.000000,1.000000,0.720000
16.783724,9.992576,8.992438,15.800000,0.816907,0.030420,1.637327,-0.962673,-1.222663,-110.700966,0.000000,-5.618347,0.000000,0.000000,1.000000,0.790000
22.126623,13.011237,10.492298,15.800000,0.636924,0.032543,1.459467,-1.140533,-1.325179,-110.931007,1.000000,1.599171,0.000000,0.000000,1.000000,0.790000
45.903316,20.114456,14.083393,15.800000,0.205993,0.033229,1.029222,-1.570778,-1.321856,-111.262268,0.000000,3.305165,0.000000,0.000000,1.000000,0.790000
8.917692,11.855821,13.252039,15.800000,0.305755,0.034248,1.130004,-1.469996,-1.307896,-111.581970,-1.000000,-2.913062,0.000000,0.000000,1.000000,0.790000
22.470819,17.305300,14.764761,16.100000,0.160229,0.034783,1.000011,-1.599989,-1.331323,-111.873581,0.000000,-5.916357,0.000000,0.000000,1.000000,0.805000
29.039564,16.918724,15.568644,17.300001,0.207763,0.035475,1.108238,-1.491762,-1.518972,-112.215820,0.000000,-5.821360,0.000000,0.000000,1.000000,0.865000
16.477137,14.642601,15.223034,17.300001,0.249236,0.036306,1.150542,-1.449458,-1.609806,-112.531433,0.000000,-0.611788,0.000000,0.000000,1.000000,0.865000
16.215460,13.712629,14.659334,17.300001,0.316880,0.037362,1.219242,-1.380758,-1.637662,-112.814987,0.000000,0.089099,0.000000,0.000000,1.000000,0.865000
30.838266,18.101637,15.944039,17.100000,0.138715,0.037825,1.031540,-1.568460,-1.646249,-113.133133,1.000000,-1.054989,0.000000,0.000000,1.000000,0.855000
39.092934,22.591721,18.425028,17.100000,-0.159003,0.037295,0.733291,-1.866709,-1.675934,-113.540070,0.000000,-3.886432,0.000000,0.000000,1.000000,0.855000
24.324911,19.461227,18.811749,17.100000,-0.205410,0.036610,0.686200,-1.913800,-1.709037,-113.960602,0.000000,1.562078,0.000000,0.000000,1.000000,0.855000
8.645431,15.783566,17.681597,17.100000,-0.069792,0.036377,0.821586,-1.778414,-1.668732,-114.313049,-1.000000,-1.434398,0.000000,0.000000,1.000000,0.855000
34.593166,22.160652,19.353230,17.100000,-0.270388,0.035476,0.620088,-1.979912,-1.653817,-114.692490,0.000000,-3.580903,0.000000,0.000000,1.000000,0.855000
58.532269,31.109783,23.740906,17.100000,-0.796909,0.032820,0.090911,-2.509089,-1.710299,-115.225197,-1.000000,-2.108709,0.000000,0.000000,1.000000,0.855000
25.310299,24.045830,23.854706,17.100000,-0.810565,0.030118,0.074553,-2.525447,-1.751257,-115.776756,-3.000000,-2.778688,0.000000,0.000000,1.000000,0.855000
17.263475,22.863037,23.484604,17.300001,-0.742152,0.027644,0.150492,-2.449508,-1.783377,-116.245842,-3.000000,-2.496558,0.000000,0.000000,1.000000,0.865000
35.006603,25.406523,24.201885,18.500000,-0.684226,0.025363,0.266137,-2.333863,-1.820174,-116.728539,-3.000000,-2.466911,0.000000,0.000000,1.000000,0.925000
20.245483,20.437349,22.796919,20.000000,-0.335630,0.024244,0.688614,-1.911386,-1.938164,-117.186974,-2.000000,-3.649681,0.000000,0.000000,1.000000,1.000000
50.623745,31.285927,25.965111,19.800001,-0.739813,0.021778,0.271965,-2.328035,-2.064997,-117.704208,0.000000,-2.450054,0.000000,0.000000,1.000000,0.990000
17.861908,25.734924,25.879202,19.800001,-0.729504,0.019347,0.279843,-2.320157,-2.164361,-118.274414,0.000000,-6.904334,0.000000,0.000000,1.000000,0.990000
19.740688,25.151484,25.607609,21.500000,-0.492913,0.017703,0.599791,-2.000209,-2.187181,-118.783279,0.000000,-4.418908,0.000000,0.000000,1.000000,1.075000
37.898689,29.327438,26.995890,22.900000,-0.491507,0.016065,0.669558,-1.930442,-2.220020,-119.328072,0.000000,-4.445092,0.000000,0.000000,1.000000,1.145000
45.662560,31.450890,28.658545,22.900000,-0.691025,0.013762,0.467736,-2.132264,-2.283796,-119.935852,1.000000,-1.900639,0.000000,0.000000,1.000000,1.145000
37.200413,29.982729,29.152744,23.200001,-0.714329,0.011381,0.457052,-2.142948,-2.259061,-120.550186,0.000000,-1.977908,0.000000,0.000000,1.000000,1.160000
9.105809,22.701946,26.745235,23.200001,-0.425428,0.009963,0.744534,-1.855465,-2.269834,-121.077034,0.000000,-2.424412,0.000000,0.000000,1.000000,1.160000
5.858674,21.350227,24.731758,23.400000,-0.159811,0.009430,1.019619,-1.580381,-2.299980,-121.517555,2.000000,-3.786758,0.000000,0.000000,1.000000,1.170000
27.257082,25.242594,24.922407,24.900000,-0.002689,0.009421,1.251732,-1.348268,-2.327795,-121.983482,3.000000,-1.488500,0.000000,0.000000,1.000000,1.245000
89.890312,43.201271,31.744280,24.900000,-0.821314,0.006683,0.430370,-2.169630,-2.385826,-122.667923,5.000000,-3.176086,0.000000,0.000000,1.000000,1.245000
12.251180,26.107450,29.640553,24.900000,-0.568866,0.004787,0.680921,-1.919079,-2.489984,-123.361008,1.000000,-5.653035,0.000000,0.000000,1.000000,1.245000
-8.499382,20.580782,26.259346,22.900000,-0.403122,0.003443,0.745322,-1.854678,-2.784321,-123.827888,4.000000,-6.208413,0.000000,0.000000,1.000000,1.145000
83.122704,42.984875,32.501495,24.900000,-0.912179,0.000403,0.333223,-2.266777,-2.936637,-124.463547,5.000000,-3.870488,0.000000,0.000000,1.000000,1.245000
49.363564,35.810093,33.736301,24.900000,-1.060356,-0.003132,0.181512,-2.418488,-3.030110,-125.251495,3.000000,-1.657655,0.000000,0.000000,1.000000,1.245000
20.965353,30.168421,32.404728,27.600000,-0.576567,-0.004556,0.798877,-1.801123,-3.014175,-125.911278,2.000000,-1.888745,0.000000,0.000000,1.000000,1.380000
43.306553,34.640083,33.238987,27.600000,-0.676678,-0.006811,0.696510,-1.903489,-3.073319,-126.559364,6.000000,-5.028484,0.000000,0.000000,1.000000,1.380000
20.324163,30.624853,32.263363,31.200001,-0.127603,-0.007047,1.425349,-1.174651,-3.147417,-127.212013,6.000000,-4.869106,0.000000,0.000000,1.000000,1.560000
24.869125,27.766859,30.585218,31.200001,0.073774,-0.006802,1.626972,-0.973027,-3.205520,-127.795929,10.000000,-1.450773,0.000000,0.000000,1.000000,1.560000
26.014126,29.519657,30.187540,31.200001,0.121495,-0.006397,1.675099,-0.924901,-3.235228,-128.368790,11.000000,3.356754,0.000000,0.000000,1.000000,1.560000
13.815337,25.420330,28.408365,31.000000,0.310996,-0.005360,1.855636,-0.744364,-3.176230,-128.918182,11.000000,0.435544,0.000000,0.000000,1.000000,1.550000
24.437654,26.884453,27.839624,31.000000,0.379245,-0.004096,1.925149,-0.674850,-3.091054,-129.441223,11.000000,2.859442,0.000000,0.000000,1.000000,1.550000
34.050819,28.267199,27.999199,31.000000,0.360096,-0.002895,1.907201,-0.692799,-2.983009,-129.992737,11.000000,4.368471,0.000000,0.000000,1.000000,1.550000
27.756596,27.697905,27.886753,31.000000,0.373590,-0.001650,1.921940,-0.678060,-2.855947,-130.552383,10.000000,4.832741,0.000000,0.000000,1.000000,1.550000
41.090843,30.199810,28.750011,31.000000,0.269999,-0.000750,1.819249,-0.780751,-2.752745,-131.131363,10.000000,1.843845,0.000000,0.000000,1.000000,1.550000
25.902895,27.213329,28.176504,32.200001,0.482820,0.000859,2.093679,-0.506321,-2.687226,-131.705490,9.000000,3.448527,0.000000,0.000000,1.000000,1.610000
14.583717,24.106520,26.657541,32.200001,0.665095,0.003076,2.278172,-0.321828,-2.625846,-132.218689,10.000000,3.936240,0.000000,0.000000,1.000000,1.610000
19.644722,24.626862,25.899670,32.000000,0.732040,0.005516,2.337556,-0.262444,-2.528409,-132.706024,10.000000,4.231936,0.000000,0.000000,1.000000,1.600000
7.394115,19.906727,23.663038,32.000000,1.000435,0.008851,2.609287,0.009287,-2.436554,-133.151367,10.000000,3.459012,0.000000,0.000000,1.000000,1.600000
23.283428,21.810163,22.971525,32.000000,1.083417,0.012463,2.695879,0.095880,-2.410826,-133.568542,12.000000,7.904246,0.000000,0.000000,1.000000,1.600000
5.935392,17.686451,20.999077,32.000000,1.320111,0.016863,2.936974,0.336974,-2.249132,-133.963501,11.000000,9.100248,0.000000,0.000000,1.000000,1.600000
48.831017,27.849075,23.555573,32.200001,1.037331,0.020321,2.667652,0.067652,-2.041437,-134.418854,11.000000,5.592172,0.000000,0.000000,1.000000,1.610000
23.361080,21.411526,22.755390,33.400002,1.277353,0.024579,2.971932,0.371932,-1.976517,-134.911453,10.000000,5.149462,0.000000,0.000000,1.000000,1.670000
11.315507,16.864071,20.556684,34.900002,1.721198,0.030316,3.496514,0.896514,-1.945239,-135.294205,11.000000,4.635746,0.000000,0.000000,1.000000,1.745000
13.336193,17.822199,19.536144,34.900002,1.843663,0.036461,3.625124,1.025125,-1.900035,-135.641068,13.000000,3.878997,0.000000,0.000000,1.000000,1.745000
30.150969,22.044390,20.472248,34.900002,1.731330,0.042233,3.518563,0.918563,-1.817274,-136.039734,14.000000,4.622853,0.000000,0.000000,1.000000,1.745000
-13.437851,10.913810,16.904934,35.200001,2.195408,0.049551,4.004959,1.404959,-1.747077,-136.369308,13.000000,2.710690,0.000000,0.000000,1.000000,1.760000
-47.872250,-1.121239,10.177368,34.900002,2.966716,0.059440,4.771156,2.171156,-1.667927,-136.467239,15.000000,1.444521,0.000000,0.000000,1.000000,1.745000
-7.385310,4.540756,8.073723,34.900002,3.219153,0.070170,5.034324,2.434324,-1.595135,-136.501434,18.000000,3.554127,0.000000,0.000000,1.000000,1.745000
55.658108,21.026003,12.907656,34.900002,2.639081,0.078967,4.463049,1.863049,-1.554047,-136.757095,19.000000,4.931623,0.000000,0.000000,1.000000,1.745000
212.837524,66.914352,33.063549,34.900002,0.220374,0.079702,2.045076,-0.554924,-1.464659,-137.636505,16.000000,4.373312,0.000000,0.000000,1.000000,1.745000
5.700840,23.346458,29.437023,34.900002,0.655557,0.081887,2.482444,-0.117556,-1.421648,-138.539108,4.000000,1.819023,0.000000,0.000000,1.000000,1.745000
12.272703,22.322458,26.781790,34.700001,0.950185,0.085054,2.770239,0.170239,-1.378903,-138.995804,6.000000,-1.507158,0.000000,0.000000,1.000000,1.735000
38.245934,28.378231,27.377600,33.400002,0.722688,0.087463,2.480151,-0.119848,-1.430197,-139.502808,7.000000,-6.078893,0.000000,0.000000,1.000000,1.670000
53.832573,32.386749,29.247070,31.000000,0.210352,0.088047,1.848399,-0.751601,-1.526672,-140.110458,6.000000,-10.194851,0.000000,0.000000,1.000000,1.550000
66.785118,38.886402,32.844574,26.100000,-0.809349,0.086946,0.582597,-2.017402,-1.723873,-140.823196,4.000000,-9.655154,0.000000,0.000000,1.000000,1.305000
0.026867,21.479782,28.603109,24.200001,-0.528373,0.085185,0.766812,-1.833188,-1.871400,-141.426865,0.000000,-10.261849,0.000000,0.000000,1.000000,1.210000
47.770683,34.129227,30.665518,20.000000,-1.279862,0.083153,-0.196709,-2.796709,-2.047968,-141.982956,0.000000,-10.550825,0.000000,0.000000,1.000000,1.000000
66.715553,39.021111,33.783916,17.600000,-1.942070,0.077759,-0.984311,-3.584311,-2.190406,-142.714462,-3.000000,-15.123417,0.000000,0.000000,1.000000,0.880000
2.824414,24.093544,30.167362,14.600000,-1.868083,0.073608,-1.064476,-3.664476,-2.339671,-143.345612,-6.000000,-13.137215,0.000000,0.000000,1.000000,0.730000
38.157516,31.581043,30.694963,11.900001,-2.255396,0.068039,-1.592357,-4.192357,-2.654620,-143.902359,-5.000000,-18.539789,0.000000,0.000000,1.000000,0.595000
64.463272,39.097473,33.830872,0.000000,-4.059704,0.065764,-3.993940,-6.593940,-2.965761,-144.609146,-6.000000,-14.611253,0.000000,20.000002,1.000000,0.000000
45.628593,36.375999,34.780743,0.000000,-4.173689,0.051852,-4.121837,-6.721837,-3.209610,-145.363876,-17.000000,-18.366646,0.000000,40.000004,1.000000,0.000000
55.292736,39.878170,36.683159,0.000000,-7.178071,0.000000,-7.178071,-9.778070,-3.583652,-146.126419,-15.000000,-21.553280,1.000000,0.000000,0.000000,0.000000
26.663568,33.877159,35.635929,0.000000,-6.097889,0.000000,-6.097889,-8.697889,-4.081913,-146.863968,-28.000000,-27.700558,1.000000,0.000000,0.000000,0.000000
34.820045,33.952217,35.007549,0.000000,-6.111399,0.000000,-6.111399,-8.711399,-4.686161,-147.542267,-20.000000,-33.981594,1.000000,0.000000,0.000000,0.000000
15.022776,28.229532,32.477921,0.000000,-5.081316,0.000000,-5.081316,-7.681316,-5.342621,-148.164078,-17.000000,-33.561501,1.000000,0.000000,0.000000,0.000000
64.420235,38.405815,34.690277,0.000000,-6.913047,0.000000,-6.913047,-9.513046,-5.806556,-148.830429,-9.000000,-28.910805,1.000000,0.000000,0.000000,0.000000
71.313866,42.616417,37.648399,0.000000,-7.670955,0.000000,-7.670955,-10.270955,-6.261827,-149.640656,-16.000000,-25.784573,1.000000,0.000000,0.000000,0.000000
26.777655,32.464481,35.713703,0.000000,-5.843607,0.000000,-5.843607,-8.443607,-6.718129,-150.391464,-17.000000,-23.693886,1.000000,0.000000,0.000000,0.000000
41.891670,35.908230,35.786304,0.000000,-6.463481,0.000000,-6.463481,-9.063481,-7.197299,-151.075195,-6.000000,-25.013247,1.000000,0.000000,0.000000,0.000000
37.874416,34.081703,35.150127,0.000000,-6.134707,0.000000,-6.134707,-8.734707,-7.666190,-151.775101,-7.000000,-23.432194,1.000000,0.000000,0.000000,0.000000
38.916119,35.861542,35.415634,0.000000,-6.455078,0.000000,-6.455078,-9.055078,-8.095409,-152.474533,-3.000000,-20.104326,1.000000,0.000000,0.000000,0.000000
5.222691,26.385668,32.045551,0.000000,-4.749420,0.000000,-4.749420,-7.349420,-8.462770,-153.097000,-3.000000,-17.795414,1.000000,0.000000,0.000000,0.000000
40.222118,33.073364,32.429142,0.000000,-5.953206,0.000000,-5.953206,-8.553205,-8.706734,-153.691589,6.000000,-13.486134,1.000000,0.000000,0.000000,0.000000
2.390905,22.407494,28.688953,0.000000,-4.033349,0.000000,-4.033349,-6.633349,-8.920168,-154.246399,1.000000,-14.646196,1.000000,0.000000,0.000000,0.000000
47.125237,31.509535,29.741625,0.000000,-5.671717,0.000000,-5.671717,-8.271717,-9.083767,-154.785568,12.000000,-9.812284,1.000000,0.000000,0.000000,0.000000
29.650539,28.000847,29.091948,0.000000,-5.040153,0.000000,-5.040153,-7.640152,-9.141336,-155.380676,4.000000,-4.760885,1.000000,0.000000,0.000000,0.000000
9.966071,21.575138,26.286591,0.000000,-3.883525,0.000000,-3.883525,-6.483525,-9.103954,-155.876434,7.000000,-1.335982,1.000000,0.000000,0.000000,0.000000
4.676021,17.572039,23.034224,0.000000,-3.162967,0.000000,-3.162967,-5.762967,-9.059446,-156.267899,12.000000,-5.876840,1.000000,0.000000,0.000000,0.000000
4.462744,15.286747,20.142780,0.000000,-2.751615,0.000000,-2.751615,-5.351614,-8.882779,-156.596481,15.000000,0.484903,1.000000,0.000000,0.000000,0.000000
1.188259,13.275181,17.579716,0.000000,-2.389533,0.000000,-2.389533,-4.989532,-8.826434,-156.882095,17.000000,3.301847,1.000000,0.000000,0.000000,0.000000
3.737547,11.234295,15.211535,0.000000,-2.022173,0.000000,-2.022173,-4.622173,-8.621913,-157.127197,18.000000,9.175254,1.000000,0.000000,0.000000,0.000000
16.291250,14.066829,14.784318,0.000000,-2.532029,0.000000,-2.532029,-5.132030,-8.390789,-157.380203,18.000000,10.340748,1.000000,0.000000,0.000000,0.000000
16.855482,13.533362,14.317448,0.000000,-2.436005,0.000000,-2.436005,-5.036005,-8.188941,-157.656204,15.000000,8.816208,1.000000,0.000000,0.000000,0.000000
-1.796265,9.010627,12.336884,0.000000,-1.621913,0.000000,-1.621913,-4.221913,-8.082367,-157.881638,15.000000,2.740005,1.000000,0.000000,0.000000,0.000000
-0.621039,8.107816,10.758549,0.000000,-1.459407,0.000000,-1.459407,-4.059407,-7.963671,-158.052826,18.000000,7.033366,1.000000,0.000000,0.000000,0.000000
-4.527965,6.662477,9.229850,0.000000,-1.199246,0.000000,-1.199246,-3.799246,-7.753076,-158.200531,18.000000,12.335987,1.000000,0.000000,0.000000,0.000000
-3.561404,4.089062,7.311251,0.000000,-0.736031,0.000000,-0.736031,-3.336031,-7.505718,-158.308044,18.000000,9.899858,1.000000,0.000000,0.000000,0.000000
-1.960566,3.481113,5.881802,0.000000,-0.626600,0.000000,-0.626600,-3.226600,-7.185472,-158.383743,19.000000,16.677284,1.000000,0.000000,0.000000,0.000000
-48.054893,-10.504379,-0.233701,0.000000,1.890788,0.000000,1.890788,-0.709212,-6.862144,-158.313507,18.000000,14.069339,1.000000,0.000000,0.000000,0.000000
-38.049450,-12.683044,-4.879933,0.000000,2.282948,0.000000,2.282948,-0.317052,-6.510007,-158.081635,29.000000,14.804518,1.000000,0.000000,0.000000,0.000000
13.962239,-1.094265,-3.467080,0.000000,0.196968,0.000000,0.196968,-2.403032,-6.150225,-157.943863,29.000000,18.414768,1.000000,0.000000,0.000000,0.000000
-20.215672,-8.963925,-5.518563,0.000000,1.613507,0.000000,1.613507,-0.986493,-5.660079,-157.843277,16.000000,23.374269,1.000000,0.000000,0.000000,0.000000
-45.682068,-17.891714,-10.136359,0.000000,3.220509,0.000000,3.220509,0.620509,-5.185483,-157.574722,21.000000,16.989128,1.000000,0.000000,0.000000,0.000000
14.809892,-4.434045,-8.008193,0.000000,0.798128,0.000000,0.798128,-1.801872,-4.825256,-157.351471,27.000000,17.108650,1.000000,0.000000,0.000000,0.000000
-33.954727,-15.962477,-10.976819,0.000000,2.873246,0.000000,2.873246,0.273246,-4.513661,-157.147507,13.000000,14.828944,1.000000,0.000000,0.000000,0.000000
-44.809513,-20.651625,-14.587563,0.000000,3.717293,0.000000,3.717293,1.117293,-4.203148,-156.781372,22.000000,14.550400,1.000000,0.000000,0.000000,0.000000
-8.391439,-14.276436,-14.471447,0.000000,2.569759,0.000000,2.569759,-0.030241,-3.937877,-156.432098,25.000000,13.371066,1.000000,0.000000,0.000000,0.000000
-15.300238,-17.507767,-15.604635,0.000000,3.151398,0.000000,3.151398,0.551398,-3.578157,-156.114258,17.000000,15.290302,1.000000,0.000000,0.000000,0.000000
-71.469330,-33.567589,-22.308607,0.000000,6.042166,0.000000,6.042166,3.442166,-3.324649,-155.603500,19.000000,11.530011,1.000000,0.000000,0.000000,0.000000
-8.705939,-21.554417,-22.027136,0.000000,3.879795,0.000000,3.879795,1.279795,-2.961218,-155.052277,32.000000,16.136511,1.000000,0.000000,0.000000,0.000000
1.257696,-16.024719,-19.786968,0.000000,2.884449,0.000000,2.884449,0.284450,-2.562061,-154.676483,19.000000,20.714308,1.000000,0.000000,0.000000,0.000000
-47.268669,-28.747873,-23.131277,0.000000,5.174617,0.000000,5.174617,2.574617,-2.120149,-154.228760,12.000000,16.230335,1.000000,0.000000,0.000000,0.000000
-16.904671,-22.043102,-22.725159,0.000000,3.967759,0.000000,3.967759,1.367759,-1.791766,-153.720856,21.000000,14.318279,1.000000,0.000000,0.000000,0.000000
-17.022171,-21.788769,-22.375689,0.000000,3.921978,0.000000,3.921978,1.321979,-1.514302,-153.282532,14.000000,12.089310,1.000000,0.000000,0.000000,0.000000
-69.564934,-35.756771,-27.369656,0.000000,6.436219,0.000000,6.436219,3.836219,-1.230338,-152.707077,12.000000,15.549359,1.000000,0.000000,0.000000,0.000000
4.061716,-19.239845,-24.335522,0.000000,3.463172,0.000000,3.463172,0.863172,-0.957304,-152.157104,24.000000,12.287910,1.000000,0.000000,0.000000,0.000000
-38.038189,-27.757578,-25.612671,8.800000,4.129520,0.003128,4.572649,1.972649,-0.667806,-151.687134,7.000000,17.464651,0.000000,0.000000,1.000000,0.440000
-45.750183,-30.219336,-27.331928,12.200000,4.743831,0.012430,5.366261,2.766262,-0.436267,-151.107361,12.000000,9.930719,0.000000,0.000000,1.000000,0.610000
4.388924,-17.398891,-23.624809,13.600000,4.466977,0.027320,5.174296,2.574296,-0.195976,-150.631180,14.000000,13.668264,0.000000,0.000000,1.000000,0.680000
-22.143360,-22.145672,-23.072779,13.400001,4.376733,0.041909,5.088643,2.488643,-0.006703,-150.235733,12.000000,11.126648,0.000000,0.000000,1.000000,0.670000
-72.066605,-35.743393,-27.801592,12.200000,4.800191,0.057910,5.468101,2.868101,0.276231,-149.656845,11.000000,15.109544,0.000000,0.000000,1.000000,0.610000
2.549249,-17.084616,-23.801899,8.500000,3.876228,0.064894,4.366122,1.766122,0.522303,-149.128571,11.000000,9.682857,0.000000,0.000000,1.000000,0.425000
-11.222054,-19.071619,-22.036507,8.500000,3.664381,0.077109,4.166490,1.566490,0.734421,-148.767014,5.000000,8.874312,0.000000,0.000000,1.000000,0.425000
-64.080727,-33.065617,-26.152691,0.000000,3.138323,0.079570,3.217893,0.617893,0.806713,-148.245636,3.000000,1.957922,0.000000,20.000002,1.000000,0.000000
-27.604305,-27.553371,-26.675440,0.000000,3.201053,0.090240,3.291293,0.691293,0.836881,-147.639450,-1.000000,1.088575,0.000000,40.000004,1.000000,0.000000
-0.338281,-19.404705,-23.961922,0.000000,3.492847,0.000000,3.492847,0.892847,0.783806,-147.169876,0.000000,0.704322,1.000000,0.000000,0.000000,0.000000
-13.326314,-21.439043,-23.020355,0.000000,3.859028,0.000000,3.859028,1.259028,0.718285,-146.761444,0.000000,-6.828844,1.000000,0.000000,0.000000,0.000000
-17.084953,-21.664242,-22.514238,0.000000,3.899564,0.000000,3.899564,1.299564,0.560673,-146.330414,3.000000,-4.232825,1.000000,0.000000,0.000000,0.000000
-11.847756,-19.055946,-21.223566,0.000000,3.430070,0.000000,3.430070,0.830070,0.415980,-145.923218,4.000000,-6.461283,1.000000,0.000000,0.000000,0.000000
-9.979451,-17.886768,-19.978237,0.000000,3.219618,0.000000,3.219618,0.619618,0.347613,-145.553787,2.000000,1.702308,1.000000,0.000000,0.000000,0.000000
-64.589325,-32.150536,-24.521072,0.000000,5.787097,0.000000,5.787097,3.187097,0.323126,-145.053421,1.000000,-2.785470,1.000000,0.000000,0.000000,0.000000
-41.957588,-28.824537,-26.127172,0.000000,5.188417,0.000000,5.188417,2.588417,0.310861,-144.443665,14.000000,1.264656,1.000000,0.000000,0.000000,0.000000
-21.111830,-23.351139,-25.091125,0.000000,4.203205,0.000000,4.203205,1.603205,0.336289,-143.921906,11.000000,3.243823,1.000000,0.000000,0.000000,0.000000
-9.176680,-21.931271,-23.911833,0.000000,3.947629,0.000000,3.947629,1.347629,0.492205,-143.469086,5.000000,7.724180,1.000000,0.000000,0.000000,0.000000
1.654121,-17.111736,-21.373962,0.000000,3.080113,0.000000,3.080113,0.480113,0.739162,-143.078659,3.000000,5.444909,1.000000,0.000000,0.000000,0.000000
2.901613,-14.630253,-18.857136,0.000000,2.633446,0.000000,2.633446,0.033446,0.858941,-142.761246,-1.000000,4.219391,1.000000,0.000000,0.000000,0.000000
-26.871813,-19.686026,-19.166487,0.000000,3.543485,0.000000,3.543485,0.943485,0.793068,-142.418076,-3.000000,-3.059605,1.000000,0.000000,0.000000,0.000000
-54.659195,-30.279362,-23.313934,0.000000,5.450285,0.000000,5.450285,2.850286,0.691572,-141.918427,1.000000,-2.723740,1.000000,0.000000,0.000000,0.000000
-30.256674,-26.172279,-24.380699,0.000000,4.711010,0.000000,4.711010,2.111011,0.679532,-141.353912,10.000000,1.637413,1.000000,0.000000,0.000000,0.000000
-12.581701,-22.393450,-23.639036,0.000000,4.030821,0.000000,4.030821,1.430821,0.755878,-140.868256,6.000000,1.992599,1.000000,0.000000,0.000000,0.000000
-14.477289,-21.213240,-22.733702,0.000000,3.818383,0.000000,3.818383,1.218383,0.848760,-140.432190,2.000000,8.266685,1.000000,0.000000,0.000000,0.000000
10.282346,-12.843673,-19.042635,0.000000,2.311861,0.000000,2.311861,-0.288139,0.939594,-140.091614,1.000000,-0.112857,1.000000,0.000000,0.000000,0.000000
-5.699087,-15.036798,-17.547613,0.000000,2.706624,0.000000,2.706624,0.106624,0.887732,-139.812805,-5.000000,-5.144677,1.000000,0.000000,0.000000,0.000000
-6.291602,-14.440313,-16.387936,0.000000,2.599257,0.000000,2.599257,-0.000743,0.743610,-139.518036,-3.000000,-7.670892,1.000000,0.000000,0.000000,0.000000
-14.438701,-15.787843,-16.163975,0.000000,2.841812,0.000000,2.841812,0.241812,0.552673,-139.215759,-2.000000,-7.957998,1.000000,0.000000,0.000000,0.000000
-4.625018,-12.386053,-14.754013,0.000000,2.229490,0.000000,2.229490,-0.370510,0.351834,-138.934021,0.000000,-10.836928,1.000000,0.000000,0.000000,0.000000
-5.824858,-11.394876,-13.500346,0.000000,2.051078,0.000000,2.051078,-0.548922,0.150885,-138.696213,-2.000000,-10.375086,1.000000,0.000000,0.000000,0.000000
4.864024,-5.720083,-10.596666,0.000000,1.029615,0.000000,1.029615,-1.570385,-0.053136,-138.525070,-2.000000,-14.168116,1.000000,0.000000,0.000000,0.000000
8.159543,-3.647260,-8.003071,0.000000,0.656507,0.000000,0.656507,-1.943493,-0.380568,-138.431396,-5.000000,-9.498872,1.000000,0.000000,0.000000,0.000000
-1.760473,-5.387474,-7.026901,0.000000,0.969745,0.000000,0.969745,-1.630255,-0.618738,-138.341049,-6.000000,-9.929906,1.000000,0.000000,0.000000,0.000000
-16.350368,-10.548652,-8.341257,0.000000,1.898757,0.000000,1.898757,-0.701243,-0.721696,-138.181686,-4.000000,-8.158927,1.000000,0.000000,0.000000,0.000000
-8.649755,-9.362708,-8.722474,0.000000,1.685287,0.000000,1.685287,-0.914712,-0.967632,-137.982574,1.000000,-11.290801,1.000000,0.000000,0.000000,0.000000
-15.641284,-10.477288,-9.377390,0.000000,1.885912,0.000000,1.885912,-0.714088,-1.128744,-137.784180,1.000000,-8.073426,1.000000,0.000000,0.000000,0.000000
-15.215546,-12.958379,-10.713854,0.000000,2.332508,0.000000,2.332508,-0.267492,-1.287287,-137.549820,2.000000,-8.119213,1.000000,0.000000,0.000000,0.000000
-12.659362,-12.468180,-11.368587,0.000000,2.244272,0.000000,2.244272,-0.355727,-1.320723,-137.295547,5.000000,1.407392,1.000000,0.000000,0.000000,0.000000
19.177237,-4.039585,-8.633324,0.000000,0.727125,0.000000,0.727125,-1.872874,-1.328664,-137.130463,4.000000,-1.613472,1.000000,0.000000,0.000000,0.000000
-0.255794,-6.464428,-7.823868,0.000000,1.163597,0.000000,1.163597,-1.436403,-1.350018,-137.025421,-2.000000,0.756121,1.000000,0.000000,0.000000,0.000000
9.587712,-3.779148,-6.314334,0.000000,0.680247,0.000000,0.680247,-1.919753,-1.344999,-136.922989,0.000000,-3.584744,1.000000,0.000000,0.000000,0.000000
58.246674,12.149897,0.576720,0.000000,-2.186981,0.000000,-2.186981,-4.786982,-1.396565,-137.006699,-2.000000,-2.027831,1.000000,0.000000,0.000000,0.000000
-3.648514,-0.710063,0.096478,0.000000,0.127811,0.000000,0.127811,-2.472188,-1.451518,-137.121094,-16.000000,-5.052560,1.000000,0.000000,0.000000,0.000000
14.368209,4.334732,1.678241,0.000000,-0.780252,0.000000,-0.780252,-3.380252,-1.581859,-137.157333,-4.000000,-8.049199,1.000000,0.000000,0.000000,0.000000
-2.835199,1.146744,1.479880,0.000000,-0.206414,0.000000,-0.206414,-2.806414,-1.728517,-137.212143,-8.000000,-7.955181,1.000000,0.000000,0.000000,0.000000
-2.897646,2.614270,1.903247,0.000000,-0.470569,0.000000,-0.470569,-3.070569,-1.957570,-137.249756,-4.000000,-8.868176,1.000000,0.000000,0.000000,0.000000
6.331926,5.316382,3.177067,0.000000,-0.956949,0.000000,-0.956949,-3.556949,-2.127853,-137.329056,-4.000000,-6.907618,1.000000,0.000000,0.000000,0.000000
-14.143008,-1.348201,1.488187,0.000000,0.242676,0.000000,0.242676,-2.357324,-2.287156,-137.368744,-6.000000,-7.719418,1.000000,0.000000,0.000000,0.000000
-6.926870,-0.673181,0.681541,0.000000,0.121173,0.000000,0.121173,-2.478827,-2.448297,-137.348526,0.000000,-7.618082,1.000000,0.000000,0.000000,0.000000
17.758913,5.689133,2.550429,0.000000,-1.024044,0.000000,-1.024044,-3.624044,-2.625444,-137.398682,0.000000,-8.155293,1.000000,0.000000,0.000000,0.000000
42.019402,12.969164,6.438815,0.000000,-2.334450,0.000000,-2.334450,-4.934449,-2.749880,-137.585266,-4.000000,-11.552307,1.000000,0.000000,0.000000,0.000000
4.313622,4.829664,5.838262,0.000000,-0.869340,0.000000,-0.869340,-3.469339,-2.891192,-137.763260,-10.000000,-10.566869,1.000000,0.000000,0.000000,0.000000
6.579876,5.424466,5.683829,0.000000,-0.976404,0.000000,-0.976404,-3.576404,-3.111493,-137.865799,-1.000000,-10.794999,1.000000,0.000000,0.000000,0.000000
1.970100,4.477074,5.233455,0.000000,-0.805873,0.000000,-0.805873,-3.405873,-3.275295,-137.964813,-1.000000,-7.674018,1.000000,0.000000,0.000000,0.000000
-16.914219,-1.141249,2.854345,0.000000,0.205425,0.000000,0.205425,-2.394575,-3.436200,-137.998169,0.000000,-8.373973,1.000000,0.000000,0.000000,0.000000
-6.236992,-0.677245,1.536317,0.000000,0.121904,0.000000,0.121904,-2.478096,-3.577113,-137.979980,5.000000,-5.995628,1.000000,0.000000,0.000000,0.000000
0.597283,-0.396282,0.815050,0.000000,0.071331,0.000000,0.071331,-2.528669,-3.583277,-137.969238,5.000000,1.064725,1.000000,0.000000,0.000000,0.000000
1.431560,0.235221,0.598651,0.000000,-0.042340,0.000000,-0.042340,-2.642340,-3.481096,-137.967621,4.000000,4.554507,1.000000,0.000000,0.000000,0.000000
6.756617,1.358474,0.882226,0.000000,-0.244525,0.000000,-0.244525,-2.844525,-3.404805,-137.983551,3.000000,2.913219,1.000000,0.000000,0.000000,0.000000
6.160001,1.095401,0.961785,0.000000,-0.197172,0.000000,-0.197172,-2.797172,-3.316604,-138.008087,2.000000,1.877362,1.000000,0.000000,0.000000,0.000000
-8.203561,-2.519143,-0.337336,0.000000,0.040480,0.000135,0.040615,-2.559385,-3.327327,-137.993851,2.000000,3.418141,2.000000,0.000000,1.000000,0.000000
6.394736,1.849686,0.478885,0.000000,-0.057466,-0.000057,-0.057523,-2.657523,-3.265177,-137.987152,3.000000,2.396162,2.000000,0.000000,1.000000,0.000000
2.472240,0.472395,0.476463,0.000000,-0.057176,-0.000247,-0.057423,-2.657423,-3.242037,-138.010376,2.000000,1.550660,2.000000,0.000000,1.000000,0.000000
2.653067,-0.025758,0.289028,0.000000,-0.034683,-0.000363,-0.035046,-2.635046,-3.111688,-138.014847,2.000000,6.226404,2.000000,0.000000,1.000000,0.000000
-0.958063,-1.081864,-0.222604,0.000000,0.026712,-0.000274,0.026439,-2.573561,-3.001793,-138.003769,1.000000,4.667654,2.000000,0.000000,1.000000,0.000000
-8.574278,-5.186070,-2.075024,0.000000,0.249003,0.000556,0.249559,-2.350441,-3.024779,-137.941086,2.000000,4.590162,2.000000,0.000000,1.000000,0.000000
-9.308906,-5.570324,-3.379508,0.000000,0.405541,0.001908,0.407449,-2.192551,-2.890558,-137.833527,2.000000,5.709773,2.000000,0.000000,1.000000,0.000000
-9.582513,-6.490845,-4.540693,0.000000,0.544883,0.003724,0.548608,-2.051392,-2.756224,-137.712921,2.000000,2.054174,2.000000,0.000000,1.000000,0.000000
-4.627301,-4.161851,-4.399305,0.000000,0.527917,0.005484,0.533401,-2.066599,-2.724497,-137.606400,3.000000,1.189302,2.000000,0.000000,1.000000,0.000000
-7.774415,-6.868579,-5.320866,0.000000,0.638504,0.007612,0.646116,-1.953884,-2.700186,-137.496094,3.000000,-2.729882,2.000000,0.000000,1.000000,0.000000
-21.210075,-11.566978,-7.651983,0.000000,0.918238,0.010673,0.928911,-1.671089,-2.691913,-137.311737,3.000000,-1.838723,2.000000,0.000000,1.000000,0.000000
-17.857330,-12.207568,-9.352178,0.000000,1.122261,0.014414,1.136675,-1.463325,-2.727256,-137.073990,5.000000,1.022249,2.000000,0.000000,1.000000,0.000000
2.329670,-4.387394,-7.499266,0.000000,0.899912,0.017414,0.917326,-1.682674,-2.658072,-136.908035,6.000000,-0.550978,2.000000,0.000000,1.000000,0.000000
8.520256,-4.025083,-6.202662,0.000000,0.744319,0.019895,0.764214,-1.835786,-2.643125,-136.823914,4.000000,2.310995,2.000000,0.000000,1.000000,0.000000
-11.484085,-8.769737,-7.160723,0.000000,0.859287,0.022759,0.882046,-1.717954,-2.593366,-136.695969,3.000000,3.770132,2.000000,0.000000,1.000000,0.000000
-11.085111,-11.178959,-8.660373,0.000000,1.039245,0.026223,1.065468,-1.534532,-2.560217,-136.496475,4.000000,5.133715,2.000000,0.000000,1.000000,0.000000
-29.636881,-18.431250,-12.306972,0.000000,1.476837,0.031146,1.507983,-1.092017,-2.465741,-136.200378,4.000000,8.471685,2.000000,0.000000,1.000000,0.000000
-62.842590,-28.137730,-18.215185,0.000000,2.185822,0.038432,2.224254,-0.375746,-2.328198,-135.734695,6.000000,5.946896,2.000000,0.000000,1.000000,0.000000
-1.607162,-14.080939,-16.672239,0.000000,2.000669,0.045101,2.045770,-0.554230,-2.271563,-135.312515,9.000000,0.817815,2.000000,0.000000,1.000000,0.000000
1.357639,-10.448306,-14.349400,0.000000,1.721928,0.050841,1.772769,-0.827231,-2.161592,-135.067230,8.000000,9.920782,2.000000,0.000000,1.000000,0.000000
5.519667,-8.923851,-12.324525,0.000000,1.478943,0.055771,1.534714,-1.065286,-2.017144,-134.873505,5.000000,10.747210,2.000000,0.000000,1.000000,0.000000
-17.891867,-13.999694,-12.949717,0.000000,1.553966,0.060950,1.614916,-0.985083,-1.876365,-134.644272,4.000000,11.524676,2.000000,0.000000,1.000000,0.000000
-59.594173,-28.333099,-18.690964,0.000000,2.242916,0.068427,2.311342,-0.288657,-1.704568,-134.220947,3.000000,8.003164,2.000000,0.000000,1.000000,0.000000
-13.055333,-18.938118,-18.783205,0.000000,2.253984,0.075940,2.329925,-0.270075,-1.523454,-133.748230,6.000000,4.750702,2.000000,0.000000,1.000000,0.000000
-7.119820,-16.945986,-18.097534,0.000000,2.171704,0.083179,2.254883,-0.345117,-1.386695,-133.389389,5.000000,8.067505,2.000000,0.000000,1.000000,0.000000
2.682002,-11.747532,-15.727644,0.000000,1.887317,0.089470,1.976787,-0.623212,-1.342981,-133.102448,5.000000,8.945540,2.000000,0.000000,1.000000,0.000000
-25.983149,-15.167179,-15.518473,0.000000,1.862217,0.095678,1.957894,-0.642106,-1.168522,-132.833298,2.000000,5.812269,2.000000,0.000000,1.000000,0.000000
-44.953697,-22.194389,-18.009998,0.000000,2.161200,0.102882,2.264081,-0.335918,-1.013334,-132.459686,1.000000,0.682704,2.000000,0.000000,1.000000,0.000000
-23.445288,-18.937380,-18.356108,0.000000,2.202733,0.110224,2.312957,-0.287043,-1.004647,-132.048370,3.000000,-0.777747,2.000000,0.000000,1.000000,0.000000
-5.204584,-15.610287,-17.331337,0.000000,2.079760,0.117157,2.196917,-0.403083,-1.031382,-131.702896,3.000000,-2.146268,2.000000,0.000000,1.000000,0.000000
-14.228519,-17.138451,-17.259350,0.000000,2.071122,0.124060,2.195182,-0.404818,-1.041870,-131.375412,3.000000,-2.513494,2.000000,0.000000,1.000000,0.000000
1.647476,-13.269694,-15.770367,0.000000,1.892444,0.130368,2.022812,-0.577188,-0.954078,-131.071335,2.000000,-1.937127,2.000000,0.000000,1.000000,0.000000
4.935775,-10.163815,-13.677939,0.000000,1.641353,0.135840,1.777192,-0.822808,-0.920089,-130.837006,1.000000,0.334774,2.000000,0.000000,1.000000,0.000000
-11.220459,-11.910758,-13.018408,0.000000,1.562209,0.141047,1.703256,-0.896744,-0.942284,-130.616257,0.000000,0.127575,2.000000,0.000000,1.000000,0.000000
0.156942,-9.067979,-11.544065,0.000000,1.385288,0.145665,1.530952,-1.069047,-0.937875,-130.406464,0.000000,1.988643,2.000000,0.000000,1.000000,0.000000
-6.260767,-7.869212,-10.172569,0.000000,1.220708,0.149734,1.370442,-1.229558,-0.885327,-130.237091,0.000000,2.799369,2.000000,0.000000,1.000000,0.000000
-4.098196,-9.890778,-10.067402,0.000000,1.208088,0.153761,1.361849,-1.238151,-0.905886,-130.059494,-1.000000,-2.033339,2.000000,0.000000,1.000000,0.000000
-27.628881,-14.748281,-11.814358,0.000000,1.417723,0.158486,1.576209,-1.023791,-1.014499,-129.813110,-1.000000,-4.240138,2.000000,0.000000,1.000000,0.000000
-33.999310,-16.486256,-13.557961,0.000000,1.626955,0.163910,1.790865,-0.809135,-1.004690,-129.500763,0.000000,-5.662292,2.000000,0.000000,1.000000,0.000000
-9.898046,-12.365009,-13.112739,0.000000,1.573529,0.169155,1.742683,-0.857317,-0.996179,-129.212250,0.000000,2.177045,2.000000,0.000000,1.000000,0.000000
-11.444968,-13.924932,-13.415858,0.000000,1.609903,0.174521,1.784424,-0.815576,-0.990103,-128.949356,0.000000,3.698566,2.000000,0.000000,1.000000,0.000000
-15.513402,-13.609884,-13.488271,0.000000,1.618593,0.179916,1.798509,-0.801491,-0.930725,-128.674011,0.000000,-1.268500,2.000000,0.000000,1.000000,0.000000
-4.817838,-10.629322,-12.421280,0.000000,1.490553,0.184885,1.675438,-0.924562,-0.923630,-128.431625,0.000000,1.047756,2.000000,0.000000,1.000000,0.000000
-0.531380,-11.685823,-12.146799,0.000000,1.457616,0.189744,1.647359,-0.952641,-0.948576,-128.208481,0.000000,4.089221,2.000000,0.000000,1.000000,0.000000
0.453995,-7.850615,-10.543416,0.000000,1.265210,0.193961,1.459171,-1.140829,-0.903876,-128.013123,0.000000,3.340491,2.000000,0.000000,1.000000,0.000000
-8.060904,-11.036195,-10.727326,0.000000,1.287279,0.198252,1.485531,-1.114469,-0.894235,-127.824257,-1.000000,5.614748,2.000000,0.000000,1.000000,0.000000
-0.243867,-9.850613,-10.400127,0.000000,1.248015,0.202412,1.450427,-1.149573,-0.867459,-127.615387,-1.000000,-0.469674,2.000000,0.000000,1.000000,0.000000
0.215541,-7.834931,-9.442768,0.000000,1.133132,0.206189,1.339321,-1.260679,-0.893119,-127.438530,-1.000000,2.318934,2.000000,0.000000,1.000000,0.000000
1.590291,-7.790188,-8.826007,0.000000,1.059121,0.209719,1.268840,-1.331160,-0.934475,-127.282280,-1.000000,1.301003,2.000000,0.000000,1.000000,0.000000
-12.054359,-8.939855,-8.868496,0.000000,1.064219,0.213267,1.277486,-1.322514,-0.803575,-127.114983,-2.000000,1.843522,2.000000,0.000000,1.000000,0.000000
6.359276,-6.835495,-8.109757,0.000000,0.973171,0.216511,1.189682,-1.410318,-0.744738,-126.957230,-2.000000,-0.255290,2.000000,0.000000,1.000000,0.000000
-4.361784,-8.508736,-8.258660,0.000000,0.991039,0.219814,1.210853,-1.389147,-0.764012,-126.803787,-3.000000,1.741325,2.000000,0.000000,1.000000,0.000000
-3.965673,-6.819157,-7.721422,0.000000,0.926571,0.222903,1.149473,-1.450527,-0.816389,-126.650505,-2.000000,-3.583113,2.000000,0.000000,1.000000,0.000000
-3.327346,-6.296528,-7.189636,0.000000,0.862756,0.225779,1.088535,-1.511465,-0.944340,-126.519348,-2.000000,-5.421017,2.000000,0.000000,1.000000,0.000000
-7.285579,-7.168800,-7.181860,0.000000,0.861823,0.228651,1.090474,-1.509525,-1.064819,-126.384697,-2.000000,-6.410508,2.000000,0.000000,1.000000,0.000000
-9.551175,-8.202101,-7.562625,0.000000,0.907515,0.231676,1.139191,-1.460809,-1.160234,-126.230988,-1.000000,-3.426127,2.000000,0.000000,1.000000,0.000000
-1.900766,-7.501655,-7.539870,0.000000,0.904784,0.234692,1.139477,-1.460523,-1.138642,-126.073952,-1.000000,2.629610,2.000000,0.000000,1.000000,0.000000
-5.329198,-8.606904,-7.938099,0.000000,0.952572,0.237868,1.190439,-1.409560,-1.139579,-125.912865,-1.000000,0.268946,2.000000,0.000000,1.000000,0.000000
-0.236715,-5.470488,-7.017159,0.000000,0.842059,0.240674,1.082734,-1.517266,-1.177700,-125.772087,-1.000000,-1.758890,2.000000,0.000000,1.000000,0.000000
-4.332991,-7.640746,-7.249889,0.000000,0.869987,0.243574,1.113561,-1.486439,-1.187436,-125.640976,-1.000000,-0.460303,2.000000,0.000000,1.000000,0.000000
2.876570,-5.212489,-6.489509,0.000000,0.778741,0.246170,1.024911,-1.575089,-1.155476,-125.512444,-1.000000,2.687771,2.000000,0.000000,1.000000,0.000000
0.309335,-7.287145,-6.787196,0.000000,0.814463,0.248885,1.063349,-1.536651,-0.895379,-125.387444,-3.000000,1.258072,2.000000,0.000000,1.000000,0.000000
0.180699,-7.045028,-6.883421,0.000000,0.826011,0.251638,1.077649,-1.522351,-0.877675,-125.244125,-3.000000,0.216234,2.000000,0.000000,1.000000,0.000000
-0.958223,-6.126003,-6.600745,0.000000,0.792089,0.254279,1.046368,-1.553632,-0.905862,-125.112411,-3.000000,-2.623370,2.000000,0.000000,1.000000,0.000000
0.846343,-4.902987,-5.967123,0.000000,0.716055,0.256666,0.972720,-1.627280,-0.928034,-125.002121,-3.000000,-0.181634,2.000000,0.000000,1.000000,0.000000
1.180355,-4.520369,-5.427178,0.000000,0.651261,0.258836,0.910098,-1.689902,-0.810737,-124.907890,-4.000000,0.237601,2.000000,0.000000,1.000000,0.000000
6.545601,-0.995150,-3.773097,0.000000,0.452772,0.260346,0.713117,-1.886883,-0.751771,-124.852737,-4.000000,1.189624,2.000000,0.000000,1.000000,0.000000
3.469110,-3.598238,-3.707837,0.000000,0.444940,0.261829,0.706769,-1.893231,-0.757347,-124.806801,-5.000000,-1.528454,2.000000,0.000000,1.000000,0.000000
-3.632707,-3.758140,-3.726611,0.000000,0.447193,0.263319,0.710513,-1.889487,-0.827922,-124.733238,-5.000000,-0.766635,2.000000,0.000000,1.000000,0.000000
-5.859251,-5.642125,-4.441502,0.000000,0.532980,0.265096,0.798076,-1.801924,-0.918494,-124.639236,-4.000000,-4.414115,2.000000,0.000000,1.000000,0.000000
0.706018,-1.509997,-3.347432,0.000000,0.401692,0.266435,0.668127,-1.931873,-1.066875,-124.567719,-3.000000,-8.076059,2.000000,0.000000,1.000000,0.000000
10.341051,3.119516,-0.933896,0.000000,0.112067,0.266809,0.378876,-2.221124,-1.220332,-124.583817,-3.000000,-9.595769,2.000000,0.000000,1.000000,0.000000
2.261577,-0.158716,-0.644590,0.000000,0.077351,0.267066,0.344417,-2.255583,-1.324571,-124.613426,-4.000000,-8.987191,2.000000,0.000000,1.000000,0.000000
0.325376,0.874392,-0.077689,0.000000,0.009323,0.267098,0.276420,-2.323580,-1.525790,-124.620583,-3.000000,-7.304612,2.000000,0.000000,1.000000,0.000000
-3.673641,-0.003813,-0.050118,0.000000,0.006014,0.267118,0.273132,-2.326868,-1.686985,-124.629288,-3.000000,-9.034069,2.000000,0.000000,1.000000,0.000000
1.053960,-1.040510,-0.419743,0.000000,0.050369,0.267285,0.317655,-2.282345,-1.737711,-124.618843,-2.000000,-0.820096,2.000000,0.000000,1.000000,0.000000
6.917139,0.139893,-0.210881,0.000000,0.025306,0.267370,0.292676,-2.307324,-1.761227,-124.609840,-2.000000,-0.194995,2.000000,0.000000,1.000000,0.000000
-2.870492,-0.952895,-0.487809,0.000000,0.058537,0.267565,0.326102,-2.273898,-1.819206,-124.601707,-2.000000,-0.999667,2.000000,0.000000,1.000000,0.000000
3.204440,-0.366447,-0.442515,0.000000,0.053102,0.267742,0.320844,-2.279156,-1.883252,-124.588516,-1.000000,3.158581,2.000000,0.000000,1.000000,0.000000
4.845131,0.416720,-0.121839,0.000000,0.014621,0.267791,0.282411,-2.317589,-1.987622,-124.589020,-1.000000,-3.114401,2.000000,0.000000,1.000000,0.000000
4.806026,-0.867373,-0.400080,0.000000,0.048010,0.267951,0.315960,-2.284039,-1.992170,-124.584511,-1.000000,-1.933206,2.000000,0.000000,1.000000,0.000000
-0.867784,-1.526146,-0.820341,0.000000,0.098441,0.268279,0.366720,-2.233280,-1.993105,-124.560577,-1.000000,2.772061,2.000000,0.000000,1.000000,0.000000
0.071064,-3.713948,-1.900267,0.000000,0.228032,0.269039,0.497071,-2.102929,-1.998820,-124.508179,-1.000000,2.687945,2.000000,0.000000,1.000000,0.000000
1.359035,-3.695675,-2.570333,0.000000,0.308440,0.270067,0.578507,-2.021493,-1.946339,-124.434082,0.000000,5.782815,2.000000,0.000000,1.000000,0.000000
4.244813,-3.147417,-2.785707,0.000000,0.334285,0.271181,0.605466,-1.994534,-1.918620,-124.365654,0.000000,6.520775,2.000000,0.000000,1.000000,0.000000
-0.273368,-5.593258,-3.833516,0.000000,0.460022,0.272715,0.732737,-1.867263,-1.858913,-124.278244,0.000000,3.377363,2.000000,0.000000,1.000000,0.000000
-26.526817,-10.031708,-6.146749,0.000000,0.737610,0.275173,1.012783,-1.587216,-1.819984,-124.121994,0.000000,4.151124,2.000000,0.000000,1.000000,0.000000
5.820764,-2.866206,-4.922415,0.000000,0.590690,0.277142,0.867832,-1.732168,-1.760407,-123.993011,0.000000,3.271983,2.000000,0.000000,1.000000,0.000000
4.261636,-1.825824,-3.766733,0.000000,0.452008,0.278649,0.730657,-1.869343,-1.713086,-123.946091,0.000000,-4.747971,2.000000,0.000000,1.000000,0.000000
1.405802,-3.069714,-3.506598,0.000000,0.420792,0.280052,0.700844,-1.899156,-1.851630,-123.897133,0.000000,-0.920236,2.000000,0.000000,1.000000,0.000000
-8.936590,-3.752962,-3.598544,0.000000,0.431825,0.281491,0.713316,-1.886683,-1.903108,-123.828903,0.000000,-1.117153,2.000000,0.000000,1.000000,0.000000
-1.539959,-1.637309,-2.866590,0.000000,0.343991,0.282638,0.626629,-1.973371,-1.931806,-123.775002,0.000000,0.980763,2.000000,0.000000,1.000000,0.000000
-1.256771,-1.525121,-2.365939,0.000000,0.283913,0.283584,0.567497,-2.032503,-1.952552,-123.743378,0.000000,-0.732887,2.000000,0.000000,1.000000,0.000000
-1.589579,-1.559069,-2.064806,0.000000,0.247777,0.284410,0.532187,-2.067813,-2.050541,-123.712532,0.000000,-4.600435,2.000000,0.000000,1.000000,0.000000
-3.926712,-1.141790,-1.720326,0.000000,0.206439,0.285098,0.491537,-2.108463,-2.097912,-123.685524,0.000000,-1.351974,2.000000,0.000000,1.000000,0.000000
9.539619,0.596813,-0.855544,0.000000,0.102665,0.285440,0.388106,-2.211894,-2.001410,-123.680077,0.000000,1.574726,2.000000,0.000000,1.000000,0.000000
8.386482,1.156813,-0.104510,0.000000,0.012541,0.285482,0.298024,-2.301976,-1.897795,-123.697617,-1.000000,8.126931,2.000000,0.000000,1.000000,0.000000
-16.391531,-5.522612,-2.126605,0.000000,0.255193,0.286333,0.541526,-2.058474,-1.858127,-123.653961,-2.000000,3.640984,2.000000,0.000000,1.000000,0.000000
-6.005554,-3.753364,-2.733729,0.000000,0.328048,0.287426,0.615474,-1.984526,-1.824164,-123.561203,-1.000000,2.387014,2.000000,0.000000,1.000000,0.000000
2.868081,-0.227464,-1.798364,0.000000,0.215804,0.288146,0.503949,-2.096051,-1.785326,-123.521393,0.000000,-3.747640,2.000000,0.000000,1.000000,0.000000
4.794048,0.036873,-1.113433,0.000000,0.133612,0.288591,0.422203,-2.177797,-1.729856,-123.519485,-1.000000,-3.750784,2.000000,0.000000,1.000000,0.000000
3.169661,-1.115309,-1.114133,0.000000,0.133696,0.289037,0.422733,-2.177267,-1.644721,-123.508698,-2.000000,4.059349,2.000000,0.000000,1.000000,0.000000
3.768424,-2.150748,-1.501009,0.000000,0.180121,0.289637,0.469758,-2.130242,-1.596909,-123.476036,-2.000000,0.506710,2.000000,0.000000,1.000000,0.000000
1.708351,-2.634415,-1.924009,0.000000,0.230881,0.290407,0.521288,-2.078712,-1.584402,-123.428185,-2.000000,4.361537,2.000000,0.000000,1.000000,0.000000
-6.353136,-5.613994,-3.301152,0.000000,0.396138,0.291727,0.687865,-1.912134,-1.524736,-123.345703,-2.000000,5.715868,2.000000,0.000000,1.000000,0.000000
8.135038,0.846070,-1.753363,0.000000,0.210404,0.292429,0.502832,-2.097168,-1.441084,-123.298027,-2.000000,4.171647,2.000000,0.000000,1.000000,0.000000
-4.766128,-2.731519,-2.118421,0.000000,0.254211,0.293276,0.547487,-2.052513,-1.384246,-123.279175,-3.000000,1.814647,2.000000,0.000000,1.000000,0.000000
-4.482538,-3.709980,-2.712408,0.000000,0.325489,0.294361,0.619850,-1.980150,-1.338781,-123.214760,-3.000000,-0.058543,2.000000,0.000000,1.000000,0.000000
1.112264,-3.103987,-2.858550,0.000000,0.343026,0.295504,0.638530,-1.961470,-1.231384,-123.146622,-3.000000,-0.136960,2.000000,0.000000,1.000000,0.000000
-9.061776,-5.096906,-3.693929,0.000000,0.443271,0.296982,0.740253,-1.859747,-1.250654,-123.064613,-3.000000,-0.724789,2.000000,0.000000,1.000000,0.000000
-1.502910,-2.019708,-3.069091,0.000000,0.368291,0.298210,0.666501,-1.933499,-1.352845,-122.993446,-2.000000,0.384632,2.000000,0.000000,1.000000,0.000000
-2.356772,-1.714032,-2.563368,0.000000,0.307604,0.299235,0.606839,-1.993161,-1.391494,-122.956108,-2.000000,2.162837,2.000000,0.000000,1.000000,0.000000
-0.678446,0.136022,-1.555926,0.000000,0.186711,0.299857,0.486568,-2.113431,-1.391955,-122.940331,-2.000000,-3.538487,2.000000,0.000000,1.000000,0.000000
-0.514301,0.680121,-0.721409,0.000000,0.086569,0.300146,0.386715,-2.213285,-1.431390,-122.948494,-3.000000,-5.792765,2.000000,0.000000,1.000000,0.000000
-1.119730,-0.859936,-0.773109,0.000000,0.092773,0.300455,0.393228,-2.206772,-1.456561,-122.946693,-3.000000,-0.167531,2.000000,0.000000,1.000000,0.000000
-1.816821,0.393107,-0.337864,0.000000,0.040544,0.300590,0.341134,-2.258866,-1.442899,-122.942024,-3.000000,-1.332899,2.000000,0.000000,1.000000,0.000000
7.521755,3.207669,0.985368,0.000000,-0.118244,0.300196,0.181952,-2.418048,-1.333804,-122.978035,-4.000000,2.195989,2.000000,0.000000,1.000000,0.000000
-2.088703,-0.925683,0.272143,0.000000,-0.032657,0.300087,0.267430,-2.332570,-1.309489,-123.000854,-5.000000,4.056029,2.000000,0.000000,1.000000,0.000000
-0.744890,-0.345160,0.041759,0.000000,-0.005011,0.300071,0.295060,-2.304940,-1.334602,-122.988144,-4.000000,2.999138,2.000000,0.000000,1.000000,0.000000
-15.829593,-3.630307,-1.328697,0.000000,0.159444,0.300602,0.460046,-2.139954,-1.294642,-122.948387,-5.000000,-2.424728,2.000000,0.000000,1.000000,0.000000
1.464902,-0.881416,-1.161767,0.000000,0.139412,0.301067,0.440479,-2.159521,-1.320132,-122.903267,-4.000000,0.370604,2.000000,0.000000,1.000000,0.000000
5.930636,1.781908,-0.063155,0.000000,0.007579,0.301092,0.308671,-2.291329,-1.273141,-122.912270,-4.000000,2.134054,2.000000,0.000000,1.000000,0.000000
-22.959604,-7.261415,-2.749625,0.000000,0.329955,0.302192,0.632147,-1.967853,-1.197347,-122.857475,-5.000000,4.611435,2.000000,0.000000,1.000000,0.000000
6.368074,-0.141456,-1.776227,0.000000,0.213147,0.302902,0.516050,-2.083950,-1.107251,-122.783447,-4.000000,5.146766,2.000000,0.000000,1.000000,0.000000
10.531515,2.170373,-0.303313,0.000000,0.036398,0.303024,0.339421,-2.260579,-1.035063,-122.803734,-5.000000,2.865567,2.000000,0.000000,1.000000,0.000000
7.248750,-0.621451,-0.422045,0.000000,0.050645,0.303192,0.353838,-2.246162,-0.976847,-122.819221,-6.000000,2.532339,2.000000,0.000000,1.000000,0.000000
-0.875747,-0.940303,-0.615465,0.000000,0.073856,0.303439,0.377294,-2.222705,-0.964177,-122.803604,-6.000000,4.928634,2.000000,0.000000,1.000000,0.000000
-13.077579,-1.926363,-1.104706,0.000000,0.132565,0.303881,0.436445,-2.163555,-0.875276,-122.774940,-6.000000,1.279862,2.000000,0.000000,1.000000,0.000000
-11.616643,-4.269218,-2.285737,0.000000,0.274288,0.304795,0.579083,-2.020916,-0.759063,-122.712982,-7.000000,-0.326839,2.000000,0.000000,1.000000,0.000000
3.853687,-1.221222,-1.888448,0.000000,0.226614,0.305550,0.532164,-2.067836,-0.793139,-122.658081,-6.000000,0.681229,2.000000,0.000000,1.000000,0.000000
-4.849890,-4.145969,-2.730980,0.000000,0.327718,0.306643,0.634360,-1.965640,-0.882422,-122.604408,-5.000000,2.559440,2.000000,0.000000,1.000000,0.000000
-5.653723,-7.495086,-4.508997,0.000000,0.541080,0.308446,0.849526,-1.750474,-0.983906,-122.487999,-4.000000,4.695611,2.000000,0.000000,1.000000,0.000000
-2.847762,-5.435598,-4.854815,0.000000,0.582578,0.310388,0.892966,-1.707034,-0.961386,-122.358688,-3.000000,3.700434,2.000000,0.000000,1.000000,0.000000
3.042388,-6.141450,-5.335001,0.000000,0.640200,0.312522,0.952722,-1.647278,-0.974373,-122.242920,-3.000000,2.378574,2.000000,0.000000,1.000000,0.000000
-5.988154,-4.798304,-5.134700,0.000000,0.616164,0.314576,0.930740,-1.669260,-1.001281,-122.133522,-3.000000,-0.078924,2.000000,0.000000,1.000000,0.000000
-11.854625,-7.803999,-6.130912,0.000000,0.735709,0.317028,1.052738,-1.547262,-0.940210,-122.007500,-3.000000,-1.359831,2.000000,0.000000,1.000000,0.000000
-7.309340,-7.145723,-6.509651,0.000000,0.781158,0.319632,1.100790,-1.499210,-0.927471,-121.858002,-3.000000,4.778971,2.000000,0.000000,1.000000,0.000000
6.910334,-3.949658,-5.554233,0.000000,0.666508,0.321854,0.988362,-1.611638,-0.822638,-121.747047,-3.000000,5.383160,2.000000,0.000000,1.000000,0.000000
11.065764,-1.836016,-4.166553,0.000000,0.499986,0.323521,0.823507,-1.776493,-0.740101,-121.689194,-4.000000,0.726812,2.000000,0.000000,1.000000,0.000000
1.258132,-3.652197,-3.974590,0.000000,0.476951,0.325031,0.801982,-1.798018,-0.718134,-121.634308,-5.000000,2.676953,2.000000,0.000000,1.000000,0.000000
2.982590,-1.411110,-3.017871,0.000000,0.362145,0.326298,0.688443,-1.911557,-0.705623,-121.583672,-5.000000,4.253453,2.000000,0.000000,1.000000,0.000000
-7.173774,-1.444941,-2.430836,0.000000,0.291700,0.327222,0.618922,-1.981077,-0.742283,-121.555115,-5.000000,3.279573,2.000000,0.000000,1.000000,0.000000
9.679012,0.453814,-1.354253,0.000000,0.162510,0.327791,0.490301,-2.109699,-0.616753,-121.545204,-6.000000,0.298872,2.000000,0.000000,1.000000,0.000000
13.806893,2.182498,-0.034299,0.000000,0.004116,0.327804,0.331920,-2.268080,-0.612560,-121.571564,-7.000000,4.017800,2.000000,0.000000,1.000000,0.000000
-3.292175,-0.553903,-0.228221,0.000000,0.027387,0.327900,0.355286,-2.244714,-0.626855,-121.587852,-8.000000,0.809954,2.000000,0.000000,1.000000,0.000000
12.332301,5.386970,1.867430,0.000000,-0.224092,0.327190,0.103099,-2.496901,-0.647760,-121.636185,-7.000000,2.818175,2.000000,0.000000,1.000000,0.000000
7.204082,5.295427,3.146796,0.000000,-0.377616,0.325869,-0.051747,-2.651747,-0.618506,-121.743011,-9.000000,2.757896,2.000000,0.000000,1.000000,0.000000
5.207644,2.138027,2.770312,0.000000,-0.332437,0.324816,-0.007622,-2.607621,-0.558251,-121.817345,-10.000000,-0.192320,2.000000,0.000000,1.000000,0.000000
21.366383,8.906655,5.060463,0.000000,-0.607256,0.322792,-0.284464,-2.884464,-0.524405,-121.927788,-10.000000,-2.315151,2.000000,0.000000,1.000000,0.000000
1.364506,2.043497,3.934498,0.000000,-0.472140,0.321218,-0.150922,-2.750922,-0.573650,-122.037292,-11.000000,2.701910,2.000000,0.000000,1.000000,0.000000
-13.698421,-0.957723,2.108667,0.000000,-0.253040,0.320374,0.067334,-2.532665,-0.613677,-122.048149,-10.000000,2.658751,2.000000,0.000000,1.000000,0.000000
10.514045,1.843022,2.009526,0.000000,-0.241143,0.319571,0.078428,-2.521572,-0.604275,-122.056999,-9.000000,-1.194423,2.000000,0.000000,1.000000,0.000000
9.695286,3.202518,2.454763,0.000000,-0.294572,0.318589,0.024017,-2.575983,-0.551518,-122.107452,-9.000000,1.161467,2.000000,0.000000,1.000000,0.000000
13.407855,5.224262,3.488371,0.000000,-0.418604,0.317193,-0.101411,-2.701411,-0.521672,-122.191719,-10.000000,2.966077,2.000000,0.000000,1.000000,0.000000
1.787637,1.355542,2.692376,0.000000,-0.323085,0.316116,-0.006969,-2.606969,-0.505929,-122.257515,-10.000000,3.516835,2.000000,0.000000,1.000000,0.000000
3.603983,2.116491,2.477449,0.000000,-0.297294,0.315125,0.017832,-2.582168,-0.483576,-122.292236,-10.000000,5.784802,2.000000,0.000000,1.000000,0.000000
4.200233,3.667313,2.921520,0.000000,-0.350582,0.313957,-0.036626,-2.636625,-0.426528,-122.350075,-10.000000,5.944769,2.000000,0.000000,1.000000,0.000000
3.436830,3.714373,3.217421,0.000000,-0.386091,0.312670,-0.073421,-2.673420,-0.387546,-122.423889,-11.000000,0.505029,2.000000,0.000000,1.000000,0.000000
12.875812,4.902075,3.846152,0.000000,-0.461538,0.311131,-0.150407,-2.750407,-0.314761,-122.510056,-11.000000,-1.765488,2.000000,0.000000,1.000000,0.000000
1.529332,4.270424,4.004495,0.000000,-0.480539,0.309530,-0.171010,-2.771010,-0.370726,-122.601784,-11.000000,-3.249473,2.000000,0.000000,1.000000,0.000000
19.338041,8.960373,5.854083,0.000000,-0.702490,0.307188,-0.395302,-2.995302,-0.391617,-122.734093,-11.000000,-4.095937,2.000000,0.000000,1.000000,0.000000
30.313810,15.095819,9.303201,0.000000,-1.116384,0.303467,-0.812917,-3.412917,-0.427564,-122.974655,-12.000000,-3.764791,2.000000,0.000000,1.000000,0.000000
17.096575,9.985098,9.557693,0.000000,-1.146923,0.299644,-0.847279,-3.447279,-0.586531,-123.225464,-14.000000,-6.703825,2.000000,0.000000,1.000000,0.000000
1.282471,6.509974,8.420250,0.000000,-1.010430,0.296276,-0.714154,-3.314154,-0.782357,-123.390411,-13.000000,-8.506676,2.000000,0.000000,1.000000,0.000000
13.299377,11.087740,9.415787,0.000000,-1.129894,0.292509,-0.837385,-3.437385,-0.976110,-123.566391,-11.000000,-7.694899,2.000000,0.000000,1.000000,0.000000
33.469643,16.233990,11.960415,0.000000,-1.435250,0.287725,-1.147525,-3.747525,-1.114575,-123.839607,-11.000000,-6.988576,2.000000,0.000000,1.000000,0.000000
29.380455,17.237549,13.929899,0.000000,-1.671588,0.282153,-1.389435,-3.989435,-1.189152,-124.174324,-12.000000,-8.537124,2.000000,0.000000,1.000000,0.000000
5.737551,12.484507,13.390463,0.000000,-1.606856,0.276797,-1.330059,-3.930058,-1.392405,-124.471542,-13.000000,-11.132716,2.000000,0.000000,1.000000,0.000000
5.233828,11.860454,12.819447,0.000000,-1.538334,0.271669,-1.266664,-3.866664,-1.582736,-124.714989,-11.000000,-8.183123,2.000000,0.000000,1.000000,0.000000
43.909832,19.973953,15.489587,0.000000,-1.858750,0.265473,-1.593277,-4.193277,-1.747773,-125.033333,-10.000000,-5.099688,2.000000,0.000000,1.000000,0.000000
26.459343,20.842274,17.487268,0.000000,-2.098472,0.258478,-1.839994,-4.439994,-1.836633,-125.441498,-11.000000,-5.673713,2.000000,0.000000,1.000000,0.000000
17.992302,17.877275,17.632824,0.000000,-2.115939,0.251425,-1.864514,-4.464514,-1.972660,-125.828690,-12.000000,-7.841394,2.000000,0.000000,1.000000,0.000000
-2.618417,11.434223,15.319438,0.000000,-1.838333,0.245297,-1.593035,-4.193035,-2.180053,-126.121803,-11.000000,-9.171024,2.000000,0.000000,1.000000,0.000000
5.408766,13.887356,14.784969,0.000000,-1.774196,0.239383,-1.534813,-4.134813,-2.383102,-126.375015,-9.000000,-6.986821,2.000000,0.000000,1.000000,0.000000
64.640976,29.045437,20.107132,0.000000,-2.412856,0.231341,-2.181515,-4.781515,-2.432766,-126.804344,-8.000000,-2.840112,2.000000,0.000000,1.000000,0.000000
15.817985,19.716707,19.961422,0.000000,-2.395370,0.223356,-2.172014,-4.772015,-2.490782,-127.291969,-11.000000,-6.840940,2.000000,0.000000,1.000000,0.000000
19.021868,18.249201,19.322403,0.000000,-2.318688,0.215627,-2.103061,-4.703061,-2.549242,-127.671631,-11.000000,-4.665968,2.000000,0.000000,1.000000,0.000000
-1.699447,12.492945,16.773575,0.000000,-2.012829,0.208918,-1.803911,-4.403911,-2.718905,-127.979050,-9.000000,-0.700306,2.000000,0.000000,1.000000,0.000000
1.154893,12.687441,15.248585,0.000000,-1.829830,0.202818,-1.627012,-4.227012,-2.815812,-128.230850,-8.000000,-3.518141,2.000000,0.000000,1.000000,0.000000
6.827723,13.895720,14.743681,0.000000,-1.769242,0.196921,-1.572321,-4.172321,-2.869738,-128.496689,-6.000000,1.450028,2.000000,0.000000,1.000000,0.000000
8.619124,13.324386,14.213984,0.000000,-1.705678,0.191235,-1.514443,-4.114443,-2.872534,-128.768890,-6.000000,3.238337,2.000000,0.000000,1.000000,0.000000
22.290907,15.895868,14.841682,0.000000,-1.781002,0.185298,-1.595703,-4.195704,-2.818081,-129.061096,-6.000000,4.411439,2.000000,0.000000,1.000000,0.000000
34.551868,19.552553,16.599831,0.000000,-1.991980,0.178659,-1.813321,-4.413321,-2.752824,-129.415573,-7.000000,5.717572,2.000000,0.000000,1.000000,0.000000
25.984821,18.882999,17.451935,0.000000,-2.094232,0.171678,-1.922554,-4.522554,-2.716280,-129.799927,-8.000000,0.702635,2.000000,0.000000,1.000000,0.000000
12.613495,15.455643,16.706896,0.000000,-2.004827,0.164995,-1.839832,-4.439832,-2.713562,-130.143311,-9.000000,-0.561589,2.000000,0.000000,1.000000,0.000000
19.283363,17.538334,17.017199,0.000000,-2.042064,0.158188,-1.883876,-4.483875,-2.714382,-130.473251,-8.000000,-0.033690,2.000000,0.000000,1.000000,0.000000
11.690113,15.223846,16.347900,0.000000,-1.961748,0.151649,-1.810099,-4.410099,-2.697016,-130.800873,-9.000000,-0.965268,2.000000,0.000000,1.000000,0.000000
3.796886,13.273547,15.200518,0.000000,-1.824062,0.145569,-1.678493,-4.278493,-2.665728,-131.085846,-8.000000,-2.005831,2.000000,0.000000,1.000000,0.000000
8.601491,13.174429,14.444359,0.000000,-1.733323,0.139791,-1.593532,-4.193532,-2.762985,-131.350327,-7.000000,-7.475042,2.000000,0.000000,1.000000,0.000000
-1.273963,5.953896,11.275624,0.000000,-1.353075,0.135281,-1.217794,-3.817794,-2.949733,-131.541611,-6.000000,-2.677785,2.000000,0.000000,1.000000,0.000000
-14.240767,1.965754,7.801079,0.000000,-0.936129,0.132160,-0.803969,-3.403969,-3.060118,-131.620804,-3.000000,-0.215011,2.000000,0.000000,1.000000,0.000000
6.197029,4.565086,6.593371,0.000000,-0.791205,0.129523,-0.661682,-3.261682,-3.086617,-131.686111,-1.000000,1.624663,2.000000,0.000000,1.000000,0.000000
36.388386,14.823092,9.664793,0.000000,-1.159775,0.125657,-1.034118,-3.634118,-3.062859,-131.879990,-1.000000,0.354017,2.000000,0.000000,1.000000,0.000000
24.557774,15.635271,11.893042,0.000000,-1.427165,0.120900,-1.306265,-3.906265,-3.026027,-132.184570,-3.000000,-1.118831,2.000000,0.000000,1.000000,0.000000
38.216354,18.798899,14.470384,0.000000,-1.736446,0.115112,-1.621334,-4.221334,-2.949293,-132.528915,-4.000000,2.632481,2.000000,0.000000,1.000000,0.000000
2.371740,11.327770,13.297525,0.000000,-1.595703,0.109793,-1.485910,-4.085910,-2.876821,-132.830185,-6.000000,4.642049,2.000000,0.000000,1.000000,0.000000
5.893209,10.802776,12.366458,0.000000,-1.483975,0.104846,-1.379129,-3.979129,-2.823853,-133.051483,-6.000000,0.169875,2.000000,0.000000,1.000000,0.000000
4.722751,9.746160,11.388534,0.000000,-1.366624,0.100291,-1.266333,-3.866333,-2.796423,-133.256973,-5.000000,1.483412,2.000000,0.000000,1.000000,0.000000
21.339182,13.387527,12.134580,0.000000,-1.456150,0.095437,-1.360713,-3.960713,-2.809920,-133.488312,-5.000000,1.372894,2.000000,0.000000,1.000000,0.000000
7.793865,11.168509,11.774032,0.000000,-1.412884,0.090727,-1.322157,-3.922156,-2.791561,-133.733871,-5.000000,0.657516,2.000000,0.000000,1.000000,0.000000
15.845199,15.588439,13.197611,0.000000,-1.583713,0.085448,-1.498265,-4.098265,-2.825548,-134.001434,-5.000000,2.996768,2.000000,0.000000,1.000000,0.000000
10.856458,10.085757,12.036233,0.000000,-1.444348,0.080634,-1.363714,-3.963714,-2.672584,-134.258179,-7.000000,0.081064,2.000000,0.000000,1.000000,0.000000
-1.328738,8.270931,10.630981,0.000000,-1.275718,0.076381,-1.199336,-3.799336,-2.675276,-134.441742,-6.000000,3.586452,2.000000,0.000000,1.000000,0.000000
1.951056,9.494627,10.206882,0.000000,-1.224826,0.072299,-1.152527,-3.752527,-2.643917,-134.619400,-5.000000,0.608074,2.000000,0.000000,1.000000,0.000000
5.882271,7.579999,9.226501,0.000000,-1.107180,0.068608,-1.038572,-3.638572,-2.535300,-134.790146,-6.000000,0.422064,2.000000,0.000000,1.000000,0.000000
4.161363,7.467371,8.569974,0.000000,-1.028397,0.065180,-0.963217,-3.563217,-2.528529,-134.940613,-5.000000,1.583054,2.000000,0.000000,1.000000,0.000000
1.083587,5.406676,7.389396,0.000000,-0.886728,0.062224,-0.824503,-3.424503,-2.627916,-135.069351,-4.000000,5.302433,2.000000,0.000000,1.000000,0.000000
14.319647,8.221992,7.700130,0.000000,-0.924016,0.059144,-0.864871,-3.464871,-2.463685,-135.205643,-4.000000,8.300269,2.000000,0.000000,1.000000,0.000000
13.990047,10.205232,8.635062,0.000000,-1.036207,0.055690,-0.980517,-3.580517,-2.286439,-135.389908,-5.000000,3.715911,2.000000,0.000000,1.000000,0.000000
9.242544,9.060692,8.793912,0.000000,-1.055269,0.052173,-1.003097,-3.603097,-2.224748,-135.582565,-6.000000,6.361014,2.000000,0.000000,1.000000,0.000000
5.432570,6.577714,7.966803,0.000000,-0.956016,0.048986,-0.907030,-3.507030,-2.131336,-135.738953,-7.000000,5.799757,2.000000,0.000000,1.000000,0.000000
9.345394,7.484210,7.786694,0.000000,-0.934403,0.045871,-0.888532,-3.488532,-1.974927,-135.879578,-7.000000,5.478062,2.000000,0.000000,1.000000,0.000000
5.270306,6.056859,7.141100,0.000000,-0.856932,0.043015,-0.813917,-3.413917,-1.911815,-136.014984,-7.000000,2.915443,2.000000,0.000000,1.000000,0.000000
4.679359,5.877452,6.669493,0.000000,-0.800339,0.040347,-0.759992,-3.359992,-1.868540,-136.134323,-7.000000,-3.706329,2.000000,0.000000,1.000000,0.000000
-0.454046,4.675353,5.925258,0.000000,-0.711031,0.037977,-0.673054,-3.273054,-1.922553,-136.239853,-7.000000,-3.458543,2.000000,0.000000,1.000000,0.000000
-3.827747,2.027361,4.470520,0.000000,-0.536462,0.036189,-0.500274,-3.100274,-1.971952,-136.306885,-6.000000,-2.546236,2.000000,0.000000,1.000000,0.000000
14.399250,7.471121,5.590377,0.000000,-0.670845,0.033952,-0.636893,-3.236893,-2.010133,-136.401871,-5.000000,3.814303,2.000000,0.000000,1.000000,0.000000
-1.150705,1.596410,4.099785,0.000000,-0.491974,0.032313,-0.459662,-3.059661,-1.981099,-136.492538,-6.000000,1.044355,2.000000,0.000000,1.000000,0.000000
5.557289,5.458519,4.606880,0.000000,-0.552826,0.030470,-0.522356,-3.122356,-1.946271,-136.563095,-5.000000,-2.243018,2.000000,0.000000,1.000000,0.000000
1.337312,4.199874,4.454981,0.000000,-0.534598,0.028688,-0.505910,-3.105910,-1.996030,-136.659683,-5.000000,-4.356652,2.000000,0.000000,1.000000,0.000000
5.262450,6.248745,5.124434,0.000000,-0.614932,0.026638,-0.588294,-3.188294,-2.056064,-136.764175,-5.000000,-0.930415,2.000000,0.000000,1.000000,0.000000
13.324057,7.414974,5.979289,0.000000,-0.717515,0.024246,-0.693268,-3.293268,-1.988591,-136.900818,-6.000000,2.114829,2.000000,0.000000,1.000000,0.000000
43.943180,16.239452,9.808495,0.000000,-1.177019,0.020323,-1.156696,-3.756696,-1.920589,-137.137360,-6.000000,1.860937,2.000000,0.000000,1.000000,0.000000
38.830559,17.578815,12.708464,0.000000,-1.525016,0.015240,-1.509776,-4.109776,-1.839249,-137.475540,-9.000000,2.697600,2.000000,0.000000,1.000000,0.000000
20.602945,14.403719,13.341151,0.000000,-1.600938,0.009903,-1.591035,-4.191035,-1.871054,-137.795364,-11.000000,-0.144818,2.000000,0.000000,1.000000,0.000000
0.284962,8.624891,11.580991,0.000000,-1.389719,0.005271,-1.384448,-3.984448,-1.881979,-138.025650,-11.000000,1.912504,2.000000,0.000000,1.000000,0.000000
19.139217,12.514086,11.929232,0.000000,-1.431508,0.000499,-1.431009,-4.031009,-1.826935,-138.237045,-10.000000,-2.131008,2.000000,0.000000,1.000000,0.000000
-1.524459,7.444487,10.255476,0.000000,-1.230657,-0.003603,-1.234260,-3.834260,-1.764346,-138.436630,-11.000000,-0.308363,2.000000,0.000000,1.000000,0.000000
-11.596071,4.108830,7.961480,0.000000,-0.955378,-0.006788,-0.962165,-3.562165,-1.874710,-138.552170,-9.000000,-1.150960,2.000000,0.000000,1.000000,0.000000
-0.196842,4.739727,6.759087,0.000000,-0.811090,-0.009491,-0.820582,-3.420582,-1.745432,-138.640656,-9.000000,2.028163,2.000000,0.000000,1.000000,0.000000
-2.732426,3.008083,5.359171,0.000000,-0.643101,-0.011635,-0.654736,-3.254735,-1.750667,-138.718140,-8.000000,4.321116,2.000000,0.000000,1.000000,0.000000
13.056432,6.391336,5.744387,0.000000,-0.689326,-0.013933,-0.703259,-3.303259,-1.645050,-138.812134,-8.000000,3.712039,2.000000,0.000000,1.000000,0.000000
10.566923,7.403117,6.363443,0.000000,-0.763613,-0.016478,-0.780091,-3.380091,-1.578034,-138.950073,-8.000000,4.261211,2.000000,0.000000,1.000000,0.000000
4.467704,7.277867,6.704717,0.000000,-0.804566,-0.019160,-0.823726,-3.423726,-1.508643,-139.096878,-9.000000,3.877781,2.000000,0.000000,1.000000,0.000000
18.093573,8.509067,7.378120,0.000000,-0.885374,-0.022111,-0.907486,-3.507486,-1.394009,-139.254745,-10.000000,4.765181,2.000000,0.000000,1.000000,0.000000
1.941260,5.810861,6.793201,0.000000,-0.815184,-0.024829,-0.840013,-3.440013,-1.373100,-139.397949,-10.000000,3.121238,2.000000,0.000000,1.000000,0.000000
-0.419477,2.952763,5.359907,0.000000,-0.643189,-0.026973,-0.670161,-3.270161,-1.310235,-139.485580,-10.000000,0.834388,2.000000,0.000000,1.000000,0.000000
6.808655,6.952453,5.954263,0.000000,-0.714512,-0.029354,-0.743866,-3.343866,-1.247357,-139.584625,-10.000000,0.377352,2.000000,0.000000,1.000000,0.000000
14.790800,8.098367,6.754466,0.000000,-0.810536,-0.032056,-0.842592,-3.442592,-1.225520,-139.735138,-10.000000,-1.236730,2.000000,0.000000,1.000000,0.000000
1.268533,5.436289,6.262508,0.000000,-0.751501,-0.034561,-0.786062,-3.386062,-1.204232,-139.870483,-11.000000,-2.091177,2.000000,0.000000,1.000000,0.000000
48.282635,17.906731,10.608259,0.000000,-1.272991,-0.038804,-1.311795,-3.911795,-1.262582,-140.103912,-10.000000,-6.191678,2.000000,0.000000,1.000000,0.000000
31.996500,17.284266,13.099818,0.000000,-1.571978,-0.044044,-1.616023,-4.216022,-1.401173,-140.455826,-12.000000,-4.679517,2.000000,0.000000,1.000000,0.000000
8.963062,10.997948,12.315377,0.000000,-1.477845,-0.048970,-1.526816,-4.126816,-1.502003,-140.738647,-13.000000,-3.541406,2.000000,0.000000,1.000000,0.000000
13.448294,11.914192,12.165650,0.000000,-1.459878,-0.053837,-1.513715,-4.113715,-1.557757,-140.967773,-12.000000,-2.650713,2.000000,0.000000,1.000000,0.000000
-7.012060,5.746383,9.769909,0.000000,-1.172389,-0.057745,-1.230134,-3.830134,-1.552061,-141.144379,-12.000000,-3.124044,2.000000,0.000000,1.000000,0.000000
3.165965,7.093162,8.770918,0.000000,-1.052510,-0.061253,-1.113763,-3.713763,-1.599315,-141.272781,-11.000000,-6.369658,2.000000,0.000000,1.000000,0.000000
-2.402641,6.162477,7.797419,0.000000,-0.935690,-0.064372,-1.000062,-3.600062,-1.716640,-141.405334,-10.000000,-5.195215,2.000000,0.000000,1.000000,0.000000
43.250233,16.409967,11.011717,0.000000,-1.321406,-0.068777,-1.390183,-3.990183,-1.696469,-141.631058,-9.000000,-0.126614,2.000000,0.000000,1.000000,0.000000
31.321775,15.024298,12.509256,0.000000,-1.501111,-0.073780,-1.574891,-4.174891,-1.507926,-141.945404,-12.000000,0.416351,2.000000,0.000000,1.000000,0.000000
23.861267,13.683559,12.947519,0.000000,-1.553702,-0.078959,-1.632662,-4.232662,-1.485887,-142.232483,-13.000000,1.438704,2.000000,0.000000,1.000000,0.000000
10.298969,12.176549,12.659784,0.000000,-1.519174,-0.084023,-1.603197,-4.203197,-1.438831,-142.491089,-14.000000,4.669065,2.000000,0.000000,1.000000,0.000000
16.300238,14.790529,13.455002,0.000000,-1.614600,-0.089405,-1.704005,-4.304006,-1.389004,-142.760757,-14.000000,-4.660166,2.000000,0.000000,1.000000,0.000000
10.161736,13.870633,13.610120,0.000000,-1.633214,-0.094849,-1.728064,-4.328063,-1.478649,-143.047363,-14.000000,-4.612148,2.000000,0.000000,1.000000,0.000000
0.225584,8.989524,11.885662,0.000000,-1.426279,-0.099604,-1.525883,-4.125883,-1.549025,-143.275970,-14.000000,-3.830943,2.000000,0.000000,1.000000,0.000000
-6.416209,7.486804,10.243959,0.000000,-1.229275,-0.103701,-1.332976,-3.932976,-1.621973,-143.440735,-12.000000,-3.037567,2.000000,0.000000,1.000000,0.000000
-6.552711,4.848272,8.230229,0.000000,-0.987628,-0.106993,-1.094621,-3.694621,-1.726191,-143.564087,-11.000000,-6.511793,2.000000,0.000000,1.000000,0.000000
41.559898,17.203112,11.579008,0.000000,-1.389481,-0.111625,-1.501106,-4.101106,-1.888527,-143.784607,-9.000000,-9.191081,2.000000,0.000000,1.000000,0.000000
44.823700,20.495773,14.906843,0.000000,-1.788821,-0.117588,-1.906409,-4.506409,-2.012922,-144.161591,-10.000000,-2.582685,2.000000,0.000000,1.000000,0.000000
21.573633,16.197701,15.388605,0.000000,-1.846633,-0.123743,-1.970376,-4.570375,-2.058844,-144.528519,-12.000000,0.295713,2.000000,0.000000,1.000000,0.000000
12.677215,13.961012,14.855812,0.000000,-1.782697,-0.129685,-1.912383,-4.512383,-2.012481,-144.830109,-12.000000,-0.899280,2.000000,0.000000,1.000000,0.000000
-2.084588,10.478809,13.222266,0.000000,-1.586672,-0.134974,-1.721646,-4.321646,-2.063650,-145.074509,-12.000000,-3.934777,2.000000,0.000000,1.000000,0.000000
-4.015420,7.714597,11.166743,0.000000,-1.340009,-0.139441,-1.479450,-4.079450,-2.148938,-145.256439,-11.000000,-3.777010,2.000000,0.000000,1.000000,0.000000
19.170580,13.192141,11.922644,0.000000,-1.430717,-0.144210,-1.574927,-4.174927,-2.199826,-145.465500,-9.000000,-5.043353,2.000000,0.000000,1.000000,0.000000
35.792221,16.679371,13.697906,0.000000,-1.643749,-0.149689,-1.793438,-4.393438,-2.248985,-145.764221,-9.000000,-2.661054,2.000000,0.000000,1.000000,0.000000
31.005642,17.895281,15.264413,0.000000,-1.831730,-0.155795,-1.987525,-4.587524,-2.254857,-146.109970,-10.000000,-2.519288,2.000000,0.000000,1.000000,0.000000
31.963793,20.068384,17.057308,0.000000,-2.046877,-0.162618,-2.209495,-4.809495,-2.229594,-146.489609,-11.000000,-1.348602,2.000000,0.000000,1.000000,0.000000
-1.078392,11.525151,14.992646,0.000000,-1.799118,-0.168615,-1.967733,-4.567732,-2.262112,-146.805542,-12.000000,-2.671572,2.000000,0.000000,1.000000,0.000000
-2.527559,9.821102,13.062569,0.000000,-1.567508,-0.173840,-1.741348,-4.341348,-2.271815,-147.018997,-11.000000,-4.347709,2.000000,0.000000,1.000000,0.000000
9.197807,12.414733,12.820789,0.000000,-1.538495,-0.178968,-1.717463,-4.317463,-2.308584,-147.241348,-10.000000,-1.549806,2.000000,0.000000,1.000000,0.000000
-3.676521,7.747585,10.927414,0.000000,-1.311290,-0.183339,-1.494629,-4.094629,-2.322404,-147.442978,-10.000000,-1.419424,2.000000,0.000000,1.000000,0.000000
7.518727,9.324342,10.329130,0.000000,-1.239496,-0.187471,-1.426967,-4.026967,-2.315845,-147.613693,-9.000000,-3.310499,2.000000,0.000000,1.000000,0.000000
18.130814,12.653166,11.196486,0.000000,-1.343578,-0.191950,-1.535528,-4.135528,-2.335795,-147.833466,-8.000000,-4.303095,2.000000,0.000000,1.000000,0.000000
31.878191,18.116896,13.779259,0.000000,-1.653511,-0.197461,-1.850972,-4.450972,-2.468705,-148.141159,-8.000000,-7.777985,2.000000,0.000000,1.000000,0.000000
32.604347,19.823307,16.034964,0.000000,-1.924196,-0.203875,-2.128071,-4.728071,-2.586873,-148.520554,-9.000000,-2.225574,2.000000,0.000000,1.000000,0.000000
1.263896,12.198633,14.603203,0.000000,-1.752384,-0.209717,-1.962101,-4.562101,-2.680736,-148.840775,-10.000000,-3.940363,2.000000,0.000000,1.000000,0.000000
16.981262,15.097899,14.787829,0.000000,-1.774539,-0.215632,-1.990171,-4.590171,-2.736233,-149.113739,-9.000000,-3.360826,2.000000,0.000000,1.000000,0.000000
-8.257971,9.905444,12.965670,0.000000,-1.555880,-0.220818,-1.776698,-4.376698,-2.869576,-149.363770,-8.000000,-5.096435,2.000000,0.000000,1.000000,0.000000
-4.675920,8.323626,11.233208,0.000000,-1.347985,-0.225311,-1.573296,-4.173296,-2.912531,-149.546066,-7.000000,1.876635,2.000000,0.000000,1.000000,0.000000
5.507911,8.635623,10.263761,0.000000,-1.231651,-0.229417,-1.461068,-4.061068,-2.922851,-149.715652,-6.000000,1.368947,2.000000,0.000000,1.000000,0.000000
0.472931,5.710339,8.564373,0.000000,-1.027725,-0.232843,-1.260567,-3.860567,-2.880422,-149.859116,-6.000000,3.429683,2.000000,0.000000,1.000000,0.000000
12.138899,8.297419,8.464743,0.000000,-1.015769,-0.236228,-1.251997,-3.851997,-2.846538,-149.999191,-5.000000,2.231761,2.000000,0.000000,1.000000,0.000000
5.202378,8.403143,8.441753,0.000000,-1.013010,-0.239605,-1.252615,-3.852615,-2.819864,-150.166199,-5.000000,2.387966,2.000000,0.000000,1.000000,0.000000
4.731612,7.424541,8.062119,0.000000,-0.967454,-0.242830,-1.210284,-3.810284,-2.747957,-150.324478,-5.000000,1.949346,2.000000,0.000000,1.000000,0.000000
6.245878,7.722157,7.935241,0.000000,-0.952229,-0.246004,-1.198233,-3.798233,-2.666065,-150.475952,-5.000000,6.345979,2.000000,0.000000,1.000000,0.000000
7.585535,7.509382,7.776306,0.000000,-0.933157,-0.249115,-1.182271,-3.782271,-2.549434,-150.628265,-6.000000,7.421674,2.000000,0.000000,1.000000,0.000000
9.391579,8.151268,7.916246,0.000000,-0.949950,-0.252281,-1.202231,-3.802230,-2.409814,-150.784866,-7.000000,7.163482,2.000000,0.000000,1.000000,0.000000
6.658701,7.889359,7.906211,0.000000,-0.948745,-0.255444,-1.204189,-3.804189,-2.404913,-150.945267,-7.000000,0.093202,2.000000,0.000000,1.000000,0.000000
-6.500966,3.646336,6.316379,0.000000,-0.757965,-0.257970,-1.015936,-3.615935,-2.338323,-151.060623,-7.000000,-0.396250,2.000000,0.000000,1.000000,0.000000
-0.124226,4.059299,5.474012,0.000000,-0.656881,-0.260160,-0.917041,-3.517041,-2.354123,-151.137680,-6.000000,-2.536603,2.000000,0.000000,1.000000,0.000000
-2.319299,3.763880,4.835772,0.000000,-0.580293,-0.262094,-0.842387,-3.442387,-2.367722,-151.215912,-5.000000,-2.192147,2.000000,0.000000,1.000000,0.000000
-0.112345,3.203983,4.226770,0.000000,-0.507212,-0.263785,-0.770997,-3.370997,-2.408179,-151.285583,-5.000000,-3.878847,2.000000,0.000000,1.000000,0.000000
-6.049407,4.734460,4.416245,0.000000,-0.529949,-0.265551,-0.795501,-3.395501,-2.449681,-151.364975,-4.000000,-1.803577,2.000000,0.000000,1.000000,0.000000
1.754119,3.406275,4.039313,0.000000,-0.484718,-0.267167,-0.751885,-3.351884,-2.320601,-151.446381,-5.000000,1.139490,2.000000,0.000000,1.000000,0.000000
3.420424,5.355770,4.530629,0.000000,-0.543675,-0.268979,-0.812655,-3.412655,-2.286358,-151.533997,-5.000000,3.226007,2.000000,0.000000,1.000000,0.000000
4.711093,2.038924,3.600698,0.000000,-0.432084,-0.270420,-0.702503,-3.302503,-2.184870,-151.607941,-6.000000,2.215348,2.000000,0.000000,1.000000,0.000000
2.291261,4.041113,3.765065,0.000000,-0.451808,-0.271926,-0.723733,-3.323733,-2.186586,-151.668747,-5.000000,-0.178869,2.000000,0.000000,1.000000,0.000000
6.400489,3.790420,3.774528,0.000000,-0.452943,-0.273435,-0.726379,-3.326379,-2.206395,-151.747055,-5.000000,1.217724,2.000000,0.000000,1.000000,0.000000
5.739714,3.322767,3.605926,0.000000,-0.432711,-0.274878,-0.707589,-3.307589,-2.131248,-151.818192,-6.000000,3.834753,2.000000,0.000000,1.000000,0.000000
-3.696238,1.566365,2.844739,0.000000,-0.341369,-0.276016,-0.617384,-3.217384,-2.068047,-151.867081,-6.000000,0.933979,2.000000,0.000000,1.000000,0.000000
4.722878,2.586057,2.748196,0.000000,-0.329784,-0.277115,-0.606898,-3.206898,-1.972793,-151.908600,-6.000000,2.611614,2.000000,0.000000,1.000000,0.000000
-12.624225,-1.590180,1.129067,0.000000,-0.135488,-0.277567,-0.413055,-3.013054,-1.884573,-151.918564,-6.000000,-0.336542,2.000000,0.000000,1.000000,0.000000
-2.721268,-0.192985,0.635662,0.000000,-0.076279,-0.277821,-0.354100,-2.954100,-1.868932,-151.900726,-5.000000,0.392491,2.000000,0.000000,1.000000,0.000000
-9.108395,-1.988250,-0.343611,0.000000,0.041233,-0.277683,-0.236450,-2.836450,-1.830631,-151.878922,-5.000000,-0.370696,2.000000,0.000000,1.000000,0.000000
-5.952494,-2.302264,-1.074601,0.000000,0.128952,-0.277254,-0.148301,-2.748301,-1.788673,-151.836014,-5.000000,1.794134,2.000000,0.000000,1.000000,0.000000
-1.430774,-2.335716,-1.545263,0.000000,0.185432,-0.276635,-0.091204,-2.691204,-1.636820,-151.789627,-5.000000,-2.896450,2.000000,0.000000,1.000000,0.000000
-20.264648,-8.715087,-4.221120,0.000000,0.506534,-0.274947,0.231587,-2.368412,-1.627563,-151.679123,-5.000000,-4.298150,2.000000,0.000000,1.000000,0.000000
-16.000418,-6.799314,-5.183331,0.000000,0.622000,-0.272874,0.349126,-2.250874,-1.604456,-151.523972,-4.000000,-6.779175,2.000000,0.000000,1.000000,0.000000
-1.275784,-4.563308,-4.951931,0.000000,0.594232,-0.270893,0.323339,-2.276661,-1.633466,-151.410339,-3.000000,0.238634,2.000000,0.000000,1.000000,0.000000
-0.566763,-2.082583,-3.881059,0.000000,0.465727,-0.269340,0.196387,-2.403613,-1.626222,-151.343887,-3.000000,0.807405,2.000000,0.000000,1.000000,0.000000
3.775665,-3.901092,-3.888535,0.000000,0.466624,-0.267785,0.198839,-2.401161,-1.599580,-151.284058,-4.000000,5.578198,2.000000,0.000000,1.000000,0.000000
-0.235787,-4.193283,-4.002270,0.000000,0.480272,-0.266184,0.214088,-2.385912,-1.538712,-151.203110,-4.000000,3.059649,2.000000,0.000000,1.000000,0.000000
-4.600664,-6.263831,-4.846310,0.000000,0.581557,-0.264246,0.317312,-2.282688,-1.456694,-151.098541,-4.000000,3.431204,2.000000,0.000000,1.000000,0.000000
6.814631,-1.622525,-3.643158,0.000000,0.437179,-0.262788,0.174391,-2.425609,-1.378527,-151.019684,-4.000000,4.938655,2.000000,0.000000,1.000000,0.000000
6.511430,-2.295285,-3.140117,0.000000,0.376814,-0.261532,0.115282,-2.484718,-1.301767,-150.980499,-5.000000,6.287833,2.000000,0.000000,1.000000,0.000000
6.586043,-0.201890,-2.043538,0.000000,0.245225,-0.260715,-0.015490,-2.615490,-1.213705,-150.955521,-6.000000,4.484958,2.000000,0.000000,1.000000,0.000000
-3.576599,-3.637476,-2.638413,0.000000,0.316610,-0.259659,0.056950,-2.543050,-1.161106,-150.917130,-7.000000,3.807502,2.000000,0.000000,1.000000,0.000000
-5.195276,-3.874714,-3.099814,0.000000,0.371978,-0.258420,0.113558,-2.486442,-1.054372,-150.842010,-7.000000,-1.472111,2.000000,0.000000,1.000000,0.000000
-2.947481,-4.338214,-3.561999,0.000000,0.427440,-0.256995,0.170445,-2.429555,-1.084739,-150.759888,-7.000000,-1.648723,2.000000,0.000000,1.000000,0.000000
-71.459145,-23.712803,-11.082500,0.000000,1.329900,-0.252562,1.077338,-1.522662,-1.035838,-150.479370,-7.000000,-3.096265,2.000000,0.000000,1.000000,0.000000
-33.700294,-18.194275,-13.736692,0.000000,1.648403,-0.247067,1.401336,-1.198664,-1.106423,-150.060303,-2.000000,-1.177221,2.000000,0.000000,1.000000,0.000000
-5.379869,-10.518688,-12.535698,0.000000,1.504284,-0.242053,1.262231,-1.337769,-1.206116,-149.773178,0.000000,-5.792784,2.000000,0.000000,1.000000,0.000000
-0.442888,-9.426550,-11.375330,0.000000,1.365040,-0.237503,1.127537,-1.472463,-1.289663,-149.573730,0.000000,-1.281435,2.000000,0.000000,1.000000,0.000000
4.049312,-6.265234,-9.468185,0.000000,1.136182,-0.233715,0.902467,-1.697533,-1.282575,-149.416809,-1.000000,1.356487,2.000000,0.000000,1.000000,0.000000
5.172338,-4.179326,-7.494325,0.000000,0.899319,-0.230718,0.668601,-1.931399,-1.240454,-149.312363,-2.000000,3.227391,2.000000,0.000000,1.000000,0.000000
-7.656462,-6.862706,-7.258597,0.000000,0.871032,-0.227814,0.643217,-1.956782,-1.261594,-149.201935,-3.000000,-1.129481,2.000000,0.000000,1.000000,0.000000
-19.023830,-12.030649,-9.039579,0.000000,1.084749,-0.224198,0.860551,-1.739449,-1.231830,-149.013000,-3.000000,0.172896,2.000000,0.000000,1.000000,0.000000
-10.901269,-9.376088,-9.165168,0.000000,1.099820,-0.220532,0.879288,-1.720712,-1.191512,-148.798935,-2.000000,1.365685,2.000000,0.000000,1.000000,0.000000
2.899574,-6.074929,-8.011857,0.000000,0.961423,-0.217328,0.744095,-1.855905,-1.126577,-148.644424,-3.000000,1.375075,2.000000,0.000000,1.000000,0.000000
4.275832,-4.292814,-6.623869,0.000000,0.794864,-0.214678,0.580186,-2.019814,-1.076757,-148.540741,-4.000000,1.163974,2.000000,0.000000,1.000000,0.000000
4.537326,-3.284302,-5.377506,0.000000,0.645301,-0.212527,0.432774,-2.167226,-1.059695,-148.464966,-5.000000,3.550069,2.000000,0.000000,1.000000,0.000000
-6.315385,-5.610887,-5.464606,0.000000,0.655753,-0.210341,0.445412,-2.154588,-1.051853,-148.376007,-5.000000,-0.386707,2.000000,0.000000,1.000000,0.000000
1.376891,-3.278499,-4.648727,0.000000,0.557847,-0.208482,0.349365,-2.250634,-1.043823,-148.287109,-5.000000,-2.801942,2.000000,0.000000,1.000000,0.000000
-4.761582,-3.936051,-4.382749,0.000000,0.525930,-0.206729,0.319201,-2.280799,-1.160140,-148.214966,-5.000000,-5.261885,2.000000,0.000000,1.000000,0.000000
-7.168820,-3.707615,-4.130781,0.000000,0.495694,-0.205076,0.290617,-2.309382,-1.246445,-148.138535,-5.000000,-3.153785,2.000000,0.000000,1.000000,0.000000
-6.913609,-4.811841,-4.384960,0.000000,0.526195,-0.203322,0.322873,-2.277127,-1.342724,-148.053345,-5.000000,-6.139448,2.000000,0.000000,1.000000,0.000000
-12.724012,-5.968225,-4.975852,0.000000,0.597102,-0.201332,0.395770,-2.204230,-1.555696,-147.945541,-3.000000,-7.542226,2.000000,0.000000,1.000000,0.000000
-13.267745,-8.866669,-6.427948,0.000000,0.771354,-0.198761,0.572593,-2.027407,-1.701714,-147.797195,-2.000000,-5.251626,2.000000,0.000000,1.000000,0.000000
7.290100,-4.386690,-5.666128,0.000000,0.679935,-0.196494,0.483441,-2.116559,-1.785984,-147.664658,-1.000000,0.081427,2.000000,0.000000,1.000000,0.000000
3.549857,-3.294899,-4.781159,0.000000,0.573739,-0.194582,0.379157,-2.220843,-1.801318,-147.587845,-1.000000,-3.546557,2.000000,0.000000,1.000000,0.000000
-7.200190,-3.738380,-4.391983,0.000000,0.527038,-0.192825,0.334213,-2.265787,-1.820780,-147.517517,-2.000000,-2.468260,2.000000,0.000000,1.000000,0.000000
5.276917,-0.513592,-2.944524,0.000000,0.353343,-0.191647,0.161696,-2.438304,-1.918515,-147.474991,-1.000000,-1.982512,2.000000,0.000000,1.000000,0.000000
-13.209518,-5.674353,-3.963326,0.000000,0.475599,-0.190062,0.285537,-2.314463,-1.916098,-147.413116,-2.000000,2.165549,2.000000,0.000000,1.000000,0.000000
-8.826074,-5.598747,-4.573683,0.000000,0.548842,-0.188232,0.360609,-2.239390,-1.889779,-147.300385,-2.000000,2.314227,2.000000,0.000000,1.000000,0.000000
3.143070,-1.717461,-3.507710,0.000000,0.420925,-0.186829,0.234096,-2.365904,-1.865713,-147.227219,-2.000000,2.684200,2.000000,0.000000,1.000000,0.000000
4.130829,-1.779185,-2.862605,0.000000,0.343513,-0.185684,0.157828,-2.442172,-1.786314,-147.192245,-3.000000,3.229536,2.000000,0.000000,1.000000,0.000000
4.923255,-0.666421,-2.042965,0.000000,0.245156,-0.184867,0.060289,-2.539711,-1.725740,-147.167786,-3.000000,2.307345,2.000000,0.000000,1.000000,0.000000
-8.256006,-3.257021,-2.496064,0.000000,0.299528,-0.183869,0.115659,-2.484341,-1.749430,-147.128555,-4.000000,-0.558960,2.000000,0.000000,1.000000,0.000000
-1.039103,-0.133909,-1.614482,0.000000,0.193738,-0.183223,0.010515,-2.589485,-2.013188,-147.094650,-2.000000,-5.917306,2.000000,0.000000,1.000000,0.000000
-8.047142,-2.487589,-1.940335,0.000000,0.232840,-0.182447,0.050393,-2.549607,-2.121647,-147.068436,-2.000000,-3.677740,2.000000,0.000000,1.000000,0.000000
-6.418811,-1.469821,-1.764734,0.000000,0.211768,-0.181741,0.030027,-2.569973,-2.165609,-147.028854,-2.000000,-1.131733,2.000000,0.000000,1.000000,0.000000
-4.767793,-1.459897,-1.650965,0.000000,0.198116,-0.181081,0.017035,-2.582965,-2.271391,-146.999557,-1.000000,-1.426081,2.000000,0.000000,1.000000,0.000000
-9.834018,-6.489039,-3.456588,0.000000,0.414791,-0.179698,0.235093,-2.364907,-2.332561,-146.920074,-1.000000,1.347963,2.000000,0.000000,1.000000,0.000000
-10.069917,-5.845015,-4.347975,0.000000,0.521757,-0.177959,0.343798,-2.256202,-2.289617,-146.796738,0.000000,0.852703,2.000000,0.000000,1.000000,0.000000
7.039692,-1.139621,-3.150582,0.000000,0.378070,-0.176698,0.201371,-2.398628,-2.201390,-146.726898,0.000000,0.709081,2.000000,0.000000,1.000000,0.000000
-16.439917,-4.682309,-3.722239,0.000000,0.446669,-0.175210,0.271459,-2.328541,-2.234068,-146.668686,-1.000000,1.003212,2.000000,0.000000,1.000000,0.000000
-5.955279,-5.475008,-4.376392,0.000000,0.525167,-0.173459,0.351708,-2.248292,-2.173614,-146.567108,-1.000000,2.615569,2.000000,0.000000,1.000000,0.000000
-56.569344,-18.571041,-9.673990,0.000000,1.160879,-0.169589,0.991289,-1.608711,-2.087309,-146.326645,-1.000000,3.138524,2.000000,0.000000,1.000000,0.000000
-5.844498,-9.884248,-9.752460,0.000000,1.170295,-0.165688,1.004607,-1.595393,-2.046379,-146.042099,1.000000,-1.055520,2.000000,0.000000,1.000000,0.000000
-8.487236,-8.473876,-9.275279,0.000000,1.113033,-0.161978,0.951055,-1.648945,-2.001593,-145.858521,1.000000,1.995137,2.000000,0.000000,1.000000,0.000000
-26.108950,-14.702696,-11.300851,0.000000,1.356102,-0.157458,1.198644,-1.401356,-1.946353,-145.626755,1.000000,1.972993,2.000000,0.000000,1.000000,0.000000
6.130969,-6.311292,-9.438692,0.000000,1.132643,-0.153683,0.978960,-1.621039,-1.858706,-145.416611,2.000000,1.791831,2.000000,0.000000,1.000000,0.000000
-4.580491,-8.518040,-9.095095,0.000000,1.091411,-0.150044,0.941367,-1.658633,-1.835757,-145.268311,0.000000,-0.927558,2.000000,0.000000,1.000000,0.000000
1.157093,-6.785872,-8.233268,0.000000,0.987992,-0.146751,0.841241,-1.758759,-1.853306,-145.115265,0.000000,-3.327750,2.000000,0.000000,1.000000,0.000000
-8.037763,-9.430361,-8.680037,0.000000,1.041604,-0.143279,0.898325,-1.701675,-1.934880,-144.953110,0.000000,-0.349811,2.000000,0.000000,1.000000,0.000000
-14.312140,-11.015937,-9.551820,0.000000,1.146218,-0.139458,1.006760,-1.593240,-1.947853,-144.748642,0.000000,0.283359,2.000000,0.000000,1.000000,0.000000
-1.233549,-9.008386,-9.349004,0.000000,1.121880,-0.135719,0.986162,-1.613838,-1.763423,-144.548401,0.000000,1.315327,2.000000,0.000000,1.000000,0.000000
2.458455,-7.499228,-8.658647,0.000000,1.039038,-0.132255,0.906782,-1.693218,-1.735063,-144.383331,0.000000,-1.947019,2.000000,0.000000,1.000000,0.000000
-18.988552,-10.600741,-9.383458,0.000000,1.126015,-0.128502,0.997513,-1.602487,-1.775939,-144.202332,0.000000,0.554531,2.000000,0.000000,1.000000,0.000000
-20.292511,-11.668177,-10.236140,0.000000,1.228337,-0.124408,1.103929,-1.496071,-1.791752,-143.979645,0.000000,1.079152,2.000000,0.000000,1.000000,0.000000
-35.515110,-15.588579,-12.233729,0.000000,1.468047,-0.119514,1.348533,-1.251467,-1.714820,-143.707077,0.000000,-0.621011,2.000000,0.000000,1.000000,0.000000
-6.181967,-10.033782,-11.412684,0.000000,1.369522,-0.114949,1.254573,-1.345427,-1.679326,-143.450851,1.000000,1.938582,2.000000,0.000000,1.000000,0.000000
-16.193260,-12.827815,-11.940826,0.000000,1.432899,-0.110173,1.322726,-1.277273,-1.601766,-143.222229,1.000000,3.136823,2.000000,0.000000,1.000000,0.000000
-2.940852,-9.250090,-10.936614,0.000000,1.312394,-0.105798,1.206596,-1.393404,-1.516752,-143.001450,0.000000,0.867326,2.000000,0.000000,1.000000,0.000000
-3.954093,-8.748464,-10.119972,0.000000,1.214397,-0.101750,1.112647,-1.487353,-1.454603,-142.821457,0.000000,5.172956,2.000000,0.000000,1.000000,0.000000
-3.995479,-8.921151,-9.672559,0.000000,1.160707,-0.097881,1.062826,-1.537174,-1.391228,-142.644760,0.000000,1.540069,2.000000,0.000000,1.000000,0.000000
3.641435,-4.967922,-7.916737,0.000000,0.950008,-0.094714,0.855294,-1.744706,-1.340846,-142.505875,-1.000000,0.688499,2.000000,0.000000,1.000000,0.000000
-67.299576,-23.965015,-13.906131,0.000000,1.668736,-0.089152,1.579584,-1.020416,-1.377555,-142.216553,-2.000000,-3.675196,2.000000,0.000000,1.000000,0.000000
-34.520760,-18.610626,-15.661901,0.000000,1.879428,-0.082887,1.796541,-0.803459,-1.480413,-141.790802,2.000000,-6.455394,2.000000,0.000000,1.000000,0.000000
-18.753551,-16.670504,-16.038322,0.000000,1.924599,-0.076472,1.848127,-0.751873,-1.551272,-141.437988,3.000000,-1.205960,2.000000,0.000000,1.000000,0.000000
-12.456920,-14.985577,-15.645426,0.000000,1.877451,-0.070214,1.807238,-0.792762,-1.527168,-141.121429,3.000000,0.866284,2.000000,0.000000,1.000000,0.000000
-9.253221,-13.974110,-15.021672,0.000000,1.802601,-0.064205,1.738396,-0.861604,-1.461800,-140.831833,3.000000,2.651964,2.000000,0.000000,1.000000,0.000000
11.054523,-8.711164,-12.666521,0.000000,1.519982,-0.059138,1.460844,-1.139156,-1.341430,-140.604980,2.000000,3.288292,2.000000,0.000000,1.000000,0.000000
3.680202,-6.075928,-10.206839,0.000000,1.224821,-0.055056,1.169765,-1.430235,-1.299552,-140.457108,0.000000,0.237703,2.000000,0.000000,1.000000,0.000000
-12.550571,-9.252914,-9.850823,0.000000,1.182099,-0.051115,1.130983,-1.469016,-1.208489,-140.303818,-1.000000,0.255856,2.000000,0.000000,1.000000,0.000000
7.859353,-5.996583,-8.412378,0.000000,1.009485,-0.047750,0.961735,-1.638265,-1.196025,-140.151321,-1.000000,1.256151,2.000000,0.000000,1.000000,0.000000
-48.063271,-19.456879,-12.534307,0.000000,1.504117,-0.042737,1.461380,-1.138620,-1.146953,-139.896790,-2.000000,4.045666,2.000000,0.000000,1.000000,0.000000
-45.852947,-22.516262,-16.259682,0.000000,1.951162,-0.036233,1.914929,-0.685071,-1.081262,-139.477051,0.000000,4.381669,2.000000,0.000000,1.000000,0.000000
-14.654277,-15.370689,-15.927900,0.000000,1.911348,-0.029862,1.881486,-0.718513,-1.051345,-139.098175,1.000000,1.471843,2.000000,0.000000,1.000000,0.000000
-9.226840,-14.375147,-15.348395,0.000000,1.841807,-0.023722,1.818085,-0.781915,-1.095334,-138.800720,1.000000,-1.402684,2.000000,0.000000,1.000000,0.000000
-4.551628,-12.055137,-14.119315,0.000000,1.694318,-0.018074,1.676243,-0.923756,-1.132467,-138.536423,1.000000,-0.615188,2.000000,0.000000,1.000000,0.000000
-11.484034,-12.767050,-13.614635,0.000000,1.633756,-0.012629,1.621128,-0.978872,-1.165609,-138.288208,0.000000,2.237120,2.000000,0.000000,1.000000,0.000000
2.813381,-9.645464,-12.133296,0.000000,1.455995,-0.007775,1.448220,-1.151780,-1.080445,-138.064087,0.000000,0.982824,2.000000,0.000000,1.000000,0.000000
-1.658728,-8.666925,-10.839608,0.000000,1.300753,-0.003439,1.297314,-1.302686,-1.088767,-137.880966,0.000000,-0.044693,2.000000,0.000000,1.000000,0.000000
0.832270,-8.316021,-9.897778,0.000000,1.187733,0.000520,1.188253,-1.411747,-1.079610,-137.711136,-1.000000,3.161238,2.000000,0.000000,1.000000,0.000000
-9.125143,-8.947314,-9.543055,0.000000,1.145167,0.004337,1.149503,-1.450496,-1.154337,-137.538498,-1.000000,2.587707,2.000000,0.000000,1.000000,0.000000
-71.098747,-27.312178,-16.174686,0.000000,1.940962,0.010807,1.951769,-0.648231,-1.116220,-137.175903,-1.000000,2.516119,2.000000,0.000000,1.000000,0.000000
-34.727283,-20.707716,-17.866463,0.000000,2.143975,0.017953,2.161929,-0.438071,-1.057619,-136.695709,1.000000,3.012473,2.000000,0.000000,1.000000,0.000000
-12.571363,-19.949671,-18.643938,0.000000,2.237273,0.025411,2.262683,-0.337317,-1.008317,-136.289139,2.000000,5.441391,2.000000,0.000000,1.000000,0.000000
1.522955,-13.647759,-16.779308,0.000000,2.013517,0.032123,2.045640,-0.554360,-1.007906,-135.953171,3.000000,2.344075,2.000000,0.000000,1.000000,0.000000
-8.421781,-15.576307,-16.330336,0.000000,1.959640,0.038655,1.998295,-0.601705,-0.969141,-135.660934,1.000000,-0.078516,2.000000,0.000000,1.000000,0.000000
-19.062006,-16.706545,-16.470741,0.000000,1.976489,0.045243,2.021732,-0.578268,-0.977411,-135.338104,1.000000,-2.923331,2.000000,0.000000,1.000000,0.000000
0.013737,-12.559076,-15.010865,0.000000,1.801304,0.051247,1.852551,-0.747449,-0.980048,-135.045441,1.000000,-1.768197,2.000000,0.000000,1.000000,0.000000
-19.331491,-16.833586,-15.691125,0.000000,1.882935,0.057524,1.940459,-0.659541,-0.988455,-134.751511,0.000000,-0.342016,2.000000,0.000000,1.000000,0.000000
-20.355753,-16.955194,-16.162889,0.000000,1.939547,0.063989,2.003536,-0.596464,-0.993254,-134.413620,1.000000,-0.810419,2.000000,0.000000,1.000000,0.000000
-21.548693,-18.213297,-16.928123,0.000000,2.031375,0.070760,2.102135,-0.497865,-0.998778,-134.061935,1.000000,-0.876234,2.000000,0.000000,1.000000,0.000000
-19.106665,-16.767118,-16.868034,0.000000,2.024164,0.077508,2.101671,-0.498328,-0.939007,-133.712128,1.000000,3.680789,2.000000,0.000000,1.000000,0.000000
-25.075430,-18.911034,-17.630505,0.000000,2.115660,0.084560,2.200220,-0.399780,-0.907892,-133.355347,1.000000,4.328686,2.000000,0.000000,1.000000,0.000000
-0.932457,-12.542608,-15.731646,0.000000,1.887797,0.090852,1.978650,-0.621350,-0.796378,-133.040817,1.000000,3.971409,2.000000,0.000000,1.000000,0.000000
3.702001,-10.317450,-13.711008,0.000000,1.645321,0.096337,1.741658,-0.858342,-0.665493,-132.812210,0.000000,2.624322,2.000000,0.000000,1.000000,0.000000
-8.074644,-11.676884,-12.951851,0.000000,1.554222,0.101518,1.655740,-0.944260,-0.543237,-132.592270,-1.000000,4.993169,2.000000,0.000000,1.000000,0.000000
-21.297798,-15.917920,-14.058821,0.000000,1.687058,0.107141,1.794199,-0.805800,-0.465181,-132.316315,-2.000000,1.509278,2.000000,0.000000,1.000000,0.000000
-48.037529,-25.578297,-18.358017,0.000000,2.202962,0.114484,2.317446,-0.282554,-0.425222,-131.901352,-2.000000,-0.390861,2.000000,0.000000,1.000000,0.000000
3.906016,-11.907309,-15.950541,0.000000,1.914065,0.120864,2.034929,-0.565071,-0.390087,-131.526489,0.000000,-2.152004,2.000000,0.000000,1.000000,0.000000
-11.941574,-15.048564,-15.613914,0.000000,1.873670,0.127110,2.000780,-0.599220,-0.483013,-131.256927,0.000000,0.622201,2.000000,0.000000,1.000000,0.000000
-4.182475,-11.557371,-14.099967,0.000000,1.691996,0.132750,1.824746,-0.775254,-0.486841,-130.990875,0.000000,-0.780474,2.000000,0.000000,1.000000,0.000000
-19.811474,-15.685765,-14.691804,0.000000,1.763016,0.138627,1.901643,-0.698357,-0.466564,-130.718445,-1.000000,0.864271,2.000000,0.000000,1.000000,0.000000
-7.046109,-11.680551,-13.567971,0.000000,1.628157,0.144054,1.772210,-0.827789,-0.471903,-130.444778,-1.000000,0.634282,2.000000,0.000000,1.000000,0.000000
0.904466,-9.883934,-12.193048,0.000000,1.463166,0.148931,1.612097,-0.987903,-0.503533,-130.229126,-1.000000,0.402987,2.000000,0.000000,1.000000,0.000000
-1.855316,-8.936419,-10.977638,0.000000,1.317317,0.153322,1.470639,-1.129361,-0.504260,-130.040924,-2.000000,-0.202087,2.000000,0.000000,1.000000,0.000000
0.071883,-8.913928,-10.207438,0.000000,1.224893,0.157405,1.382298,-1.217702,-0.511108,-129.862427,-3.000000,-2.209550,2.000000,0.000000,1.000000,0.000000
-9.401918,-9.606101,-9.983013,0.000000,1.197962,0.161398,1.359360,-1.240640,-0.506279,-129.677231,-3.000000,0.809537,2.000000,0.000000,1.000000,0.000000
-0.768568,-7.611818,-9.098057,0.000000,1.091767,0.165038,1.256804,-1.343195,-0.515273,-129.505051,-3.000000,-0.518819,2.000000,0.000000,1.000000,0.000000
-8.450300,-9.188449,-9.131792,0.000000,1.095815,0.168690,1.264505,-1.335495,-0.538556,-129.337051,-4.000000,-1.420624,2.000000,0.000000,1.000000,0.000000
-2.442428,-8.107421,-8.749485,0.000000,1.049938,0.172190,1.222128,-1.377872,-0.547677,-129.164093,-4.000000,-1.497289,2.000000,0.000000,1.000000,0.000000
-8.553104,-9.340254,-8.969967,0.000000,1.076396,0.175778,1.252174,-1.347826,-0.677464,-128.989609,-3.000000,-4.010469,2.000000,0.000000,1.000000,0.000000
-10.625814,-9.947038,-9.334620,0.000000,1.120154,0.179512,1.299666,-1.300333,-0.727098,-128.796738,-3.000000,-4.811502,2.000000,0.000000,1.000000,0.000000
-6.852151,-12.935860,-10.678642,0.000000,1.281437,0.183783,1.465220,-1.134779,-0.892058,-128.567902,-2.000000,-8.466614,2.000000,0.000000,1.000000,0.000000
-16.977915,-13.089332,-11.578338,0.000000,1.389400,0.188415,1.577815,-1.022185,-1.097900,-128.307648,0.000000,-6.719857,2.000000,0.000000,1.000000,0.000000
-9.528558,-13.078227,-12.138113,0.000000,1.456573,0.193270,1.649843,-0.950156,-1.137302,-128.045975,0.000000,-0.095967,2.000000,0.000000,1.000000,0.000000
-1.102892,-8.963052,-10.953145,0.000000,1.314377,0.197651,1.512029,-1.087971,-1.142502,-127.825562,0.000000,0.729503,2.000000,0.000000,1.000000,0.000000
1.716712,-8.349192,-9.981321,0.000000,1.197759,0.201644,1.399402,-1.200598,-1.133705,-127.652435,0.000000,-1.067237,2.000000,0.000000,1.000000,0.000000
0.210659,-7.685434,-9.124471,0.000000,1.094936,0.205294,1.300230,-1.299770,-1.126795,-127.492088,0.000000,-1.252772,2.000000,0.000000,1.000000,0.000000
-1.615589,-6.540312,-8.160034,0.000000,0.979204,0.208558,1.187762,-1.412238,-1.134893,-127.349831,-1.000000,1.969479,2.000000,0.000000,1.000000,0.000000
-10.012112,-8.861143,-8.421696,0.000000,1.010603,0.211926,1.222530,-1.377470,-1.160865,-127.195816,-1.000000,1.648327,2.000000,0.000000,1.000000,0.000000
-18.219555,-11.135736,-9.434606,0.000000,1.132153,0.215700,1.347853,-1.252147,-1.138345,-126.995850,-1.000000,-0.001617,2.000000,0.000000,1.000000,0.000000
1.200079,-5.891795,-8.112390,0.000000,0.973487,0.218945,1.192432,-1.407568,-1.101702,-126.825577,-1.000000,-1.014291,2.000000,0.000000,1.000000,0.000000
5.079233,-2.881297,-6.160088,0.000000,0.739211,0.221409,0.960620,-1.639380,-1.197744,-126.737846,-1.000000,-1.016926,2.000000,0.000000,1.000000,0.000000
-3.097152,-5.701950,-5.989106,0.000000,0.718693,0.223805,0.942497,-1.657503,-1.302781,-126.652016,-1.000000,-3.530453,2.000000,0.000000,1.000000,0.000000
-10.063986,-6.724299,-6.263488,0.000000,0.751619,0.226310,0.977929,-1.622071,-1.454563,-126.527756,-1.000000,-3.980181,2.000000,0.000000,1.000000,0.000000
2.673824,-5.196961,-5.865449,0.000000,0.703854,0.228656,0.932510,-1.667490,-1.507368,-126.408546,0.000000,-2.831967,2.000000,0.000000,1.000000,0.000000
-7.097984,-3.265463,-4.895105,0.000000,0.587413,0.230614,0.818027,-1.781973,-1.751412,-126.323921,0.000000,-2.020154,2.000000,0.000000,1.000000,0.000000
4.189065,-5.527111,-5.130977,0.000000,0.615717,0.232667,0.848384,-1.751616,-1.840948,-126.235992,0.000000,-4.342645,2.000000,0.000000,1.000000,0.000000
-1.312223,-5.629726,-5.317116,0.000000,0.638054,0.234794,0.872847,-1.727152,-1.846942,-126.124428,0.000000,-2.559371,2.000000,0.000000,1.000000,0.000000
-15.227829,-9.353580,-6.823569,0.000000,0.818828,0.237523,1.056351,-1.543649,-1.804527,-125.974594,0.000000,-0.310910,2.000000,0.000000,1.000000,0.000000
-7.500851,-6.814562,-6.820207,0.000000,0.818425,0.240251,1.058676,-1.541324,-1.760385,-125.812912,0.000000,0.188536,2.000000,0.000000,1.000000,0.000000
-8.750284,-7.242637,-6.977863,0.000000,0.837344,0.243042,1.080386,-1.519614,-1.737494,-125.672340,0.000000,-2.293347,2.000000,0.000000,1.000000,0.000000
0.597784,-5.427894,-6.399397,0.000000,0.767928,0.245602,1.013530,-1.586470,-1.720673,-125.545631,0.000000,-0.399247,2.000000,0.000000,1.000000,0.000000
0.873374,-3.763095,-5.415500,0.000000,0.649860,0.247768,0.897628,-1.702372,-1.698637,-125.453720,0.000000,1.840477,2.000000,0.000000,1.000000,0.000000
-18.597387,-9.305218,-6.867186,0.000000,0.824062,0.250515,1.074577,-1.525423,-1.661136,-125.323036,0.000000,1.050660,2.000000,0.000000,1.000000,0.000000
-26.409670,-11.750343,-8.689633,0.000000,1.042756,0.253991,1.296747,-1.303253,-1.632373,-125.112480,0.000000,1.413512,2.000000,0.000000,1.000000,0.000000
-15.091370,-10.961634,-9.537569,0.000000,1.144508,0.257806,1.402314,-1.197686,-1.600535,-124.885361,1.000000,1.326194,2.000000,0.000000,1.000000,0.000000
-8.603114,-11.733696,-10.357187,0.000000,1.242862,0.261949,1.504811,-1.095189,-1.635527,-124.658409,1.000000,-0.077269,2.000000,0.000000,1.000000,0.000000
-7.556084,-10.857202,-10.543798,0.000000,1.265256,0.266166,1.531422,-1.068578,-1.644994,-124.432503,2.000000,-2.318127,2.000000,0.000000,1.000000,0.000000
-2.995891,-4.760004,-8.385222,0.000000,1.006227,0.269520,1.275747,-1.324253,-1.752427,-124.276329,3.000000,-6.180290,2.000000,0.000000,1.000000,0.000000
-8.827633,-7.341817,-7.995812,0.000000,0.959497,0.272719,1.232216,-1.367784,-1.782973,-124.155312,2.000000,-2.183273,2.000000,0.000000,1.000000,0.000000
8.305151,-4.187069,-6.574347,0.000000,0.788922,0.275349,1.064270,-1.535730,-1.778269,-124.040024,1.000000,-0.614946,2.000000,0.000000,1.000000,0.000000
-7.991636,-6.407127,-6.511939,0.000000,0.781433,0.277953,1.059386,-1.540614,-1.692808,-123.934082,0.000000,-0.339626,2.000000,0.000000,1.000000,0.000000
-6.108008,-8.003828,-7.068728,0.000000,0.848247,0.280781,1.129028,-1.470972,-1.628885,-123.789970,0.000000,-1.033677,2.000000,0.000000,1.000000,0.000000
-2.853506,-8.043589,-7.432557,0.000000,0.891907,0.283754,1.175661,-1.424339,-1.708819,-123.629494,0.000000,3.460678,2.000000,0.000000,1.000000,0.000000
-6.265959,-5.900605,-6.860816,0.000000,0.823298,0.286498,1.109796,-1.490204,-1.776462,-123.490051,1.000000,-1.375954,2.000000,0.000000,1.000000,0.000000
1.357261,-2.289454,-5.154733,0.000000,0.618568,0.288560,0.907128,-1.692872,-1.794446,-123.408150,1.000000,-1.054530,2.000000,0.000000,1.000000,0.000000
5.319922,-0.156999,-3.289524,0.000000,0.394743,0.289876,0.684619,-1.915381,-1.722629,-123.383682,0.000000,-2.235661,2.000000,0.000000,1.000000,0.000000
6.536549,0.340109,-1.934905,0.000000,0.232189,0.290650,0.522838,-2.077162,-1.654211,-123.385513,-1.000000,-2.809933,2.000000,0.000000,1.000000,0.000000
-2.175454,0.692911,-0.954175,0.000000,0.114501,0.291031,0.405533,-2.194467,-1.722152,-123.395844,-2.000000,-7.867639,2.000000,0.000000,1.000000,0.000000
-2.636087,0.210195,-0.519619,0.000000,0.062354,0.291239,0.353594,-2.246406,-1.785867,-123.404877,-2.000000,-8.054149,2.000000,0.000000,1.000000,0.000000
-12.355843,-0.164288,-0.387006,0.000000,0.046441,0.291394,0.337835,-2.262165,-1.968757,-123.405334,-1.000000,-4.519363,2.000000,0.000000,1.000000,0.000000
-6.720576,-4.654624,-1.979728,0.000000,0.237567,0.292186,0.529753,-2.070247,-2.037112,-123.357147,-1.000000,-2.121981,2.000000,0.000000,1.000000,0.000000
-6.405146,-4.555923,-2.941192,0.000000,0.352943,0.293362,0.646306,-1.953694,-2.051423,-123.265045,0.000000,-2.163209,2.000000,0.000000,1.000000,0.000000
-10.774091,-3.410451,-3.116325,0.000000,0.373959,0.294609,0.668568,-1.931432,-2.138099,-123.185379,0.000000,-6.104593,2.000000,0.000000,1.000000,0.000000
-7.914452,-4.362563,-3.581434,0.000000,0.429772,0.296042,0.725814,-1.874186,-2.182178,-123.107651,1.000000,-0.329047,2.000000,0.000000,1.000000,0.000000
1.591847,-1.639658,-2.856742,0.000000,0.342809,0.297184,0.639993,-1.960007,-2.182135,-123.047630,1.000000,-0.027635,2.000000,0.000000,1.000000,0.000000
-1.257025,0.835991,-1.478574,0.000000,0.177429,0.297776,0.475205,-2.124795,-2.273871,-123.039597,1.000000,-0.211005,2.000000,0.000000,1.000000,0.000000
2.531654,-1.909614,-1.639443,0.000000,0.196733,0.298431,0.495165,-2.104835,-2.245907,-123.028862,0.000000,0.245314,2.000000,0.000000,1.000000,0.000000
-5.171276,-3.214593,-2.227306,0.000000,0.267277,0.299322,0.566599,-2.033401,-2.250256,-122.977623,0.000000,1.841350,2.000000,0.000000,1.000000,0.000000
-0.512220,-3.817467,-2.820772,0.000000,0.338493,0.300451,0.638943,-1.961057,-2.216886,-122.907303,0.000000,2.059475,2.000000,0.000000,1.000000,0.000000
-17.329660,-8.227676,-4.838688,0.000000,0.580643,0.302386,0.883029,-1.716971,-2.166907,-122.786850,0.000000,2.029927,2.000000,0.000000,1.000000,0.000000
-17.150162,-10.106752,-6.804788,0.000000,0.816575,0.305108,1.121683,-1.478317,-2.174671,-122.603508,2.000000,-0.321379,2.000000,0.000000,1.000000,0.000000
-10.869673,-8.289256,-7.358808,0.000000,0.883057,0.308052,1.191108,-1.408891,-2.202385,-122.419548,3.000000,-4.329978,2.000000,0.000000,1.000000,0.000000
-18.656605,-11.505653,-8.906456,0.000000,1.068775,0.311614,1.380389,-1.219611,-2.270474,-122.221596,4.000000,-5.937107,2.000000,0.000000,1.000000,0.000000
-6.665675,-10.285689,-9.421201,0.000000,1.130544,0.315383,1.445927,-1.154073,-2.281481,-122.003685,5.000000,-2.152443,2.000000,0.000000,1.000000,0.000000
-7.224279,-12.242035,-10.473967,0.000000,1.256876,0.319572,1.576448,-1.023552,-2.271057,-121.778404,5.000000,4.375964,2.000000,0.000000,1.000000,0.000000
-7.230571,-14.296717,-11.900659,0.000000,1.428079,0.324333,1.752411,-0.847588,-2.104979,-121.513016,5.000000,4.301022,2.000000,0.000000,1.000000,0.000000
-0.747017,-12.776886,-12.227676,0.000000,1.467321,0.329224,1.796545,-0.803455,-1.972678,-121.242279,5.000000,4.455716,2.000000,0.000000,1.000000,0.000000
-4.371176,-10.880186,-11.724778,0.000000,1.406973,0.333913,1.740887,-0.859113,-1.899650,-121.005707,5.000000,4.693796,2.000000,0.000000,1.000000,0.000000
-11.391091,-9.664295,-10.955783,0.000000,1.314694,0.338296,1.652990,-0.947010,-1.863666,-120.800262,4.000000,6.676942,2.000000,0.000000,1.000000,0.000000
-20.841200,-12.284809,-11.451790,0.000000,1.374215,0.342876,1.717091,-0.882909,-1.761390,-120.580772,3.000000,6.570139,2.000000,0.000000,1.000000,0.000000
-35.137634,-20.367435,-14.779207,0.000000,1.773505,0.348788,2.122293,-0.477707,-1.497604,-120.254250,2.000000,10.083316,2.000000,0.000000,1.000000,0.000000
-15.878032,-16.698435,-15.495484,0.000000,1.859458,0.354986,2.214444,-0.385556,-1.230547,-119.883591,3.000000,12.025928,2.000000,0.000000,1.000000,0.000000
-4.832782,-15.751380,-15.590987,0.000000,1.870918,0.361223,2.232141,-0.367859,-1.061437,-119.559090,3.000000,2.961087,2.000000,0.000000,1.000000,0.000000
7.031326,-8.916288,-13.099916,0.000000,1.571990,0.366463,1.938453,-0.661547,-0.921443,-119.312416,2.000000,2.466020,2.000000,0.000000,1.000000,0.000000
-12.702443,-11.698195,-12.576778,0.000000,1.509213,0.371493,1.880707,-0.719293,-0.889994,-119.106270,0.000000,0.913306,2.000000,0.000000,1.000000,0.000000
-26.245409,-13.084700,-12.766340,0.000000,1.531961,0.376600,1.908561,-0.691439,-0.881736,-118.858444,0.000000,0.676150,2.000000,0.000000,1.000000,0.000000
-33.983875,-17.038517,-14.360764,0.000000,1.723292,0.382344,2.105636,-0.494364,-0.913369,-118.557213,0.000000,-4.541018,2.000000,0.000000,1.000000,0.000000
-11.170971,-12.656852,-13.724845,0.000000,1.646981,0.387834,2.034816,-0.565184,-0.927283,-118.260262,1.000000,0.590644,2.000000,0.000000,1.000000,0.000000
-9.721712,-12.431334,-13.242092,0.000000,1.589051,0.393131,1.982182,-0.617818,-0.891656,-118.009377,1.000000,1.882409,2.000000,0.000000,1.000000,0.000000
-2.460543,-10.473084,-12.208668,0.000000,1.465040,0.398015,1.863055,-0.736945,-0.743506,-117.780334,0.000000,8.685865,2.000000,0.000000,1.000000,0.000000
1.905519,-6.191618,-9.963038,0.000000,1.195565,0.402000,1.597564,-1.002435,-0.667403,-117.613686,0.000000,0.010302,2.000000,0.000000,1.000000,0.000000
-0.757994,-5.603017,-8.335831,0.000000,1.000300,0.405334,1.405634,-1.194366,-0.527454,-117.495743,-2.000000,4.933128,2.000000,0.000000,1.000000,0.000000
-0.757366,-4.200315,-6.792411,0.000000,0.815089,0.408051,1.223140,-1.376860,-0.452857,-117.397713,-3.000000,4.227203,2.000000,0.000000,1.000000,0.000000
-7.083932,-6.555195,-6.703879,0.000000,0.804466,0.410733,1.215198,-1.384802,-0.437036,-117.290161,-4.000000,4.682862,2.000000,0.000000,1.000000,0.000000
-14.965834,-10.483772,-8.114577,0.000000,0.973749,0.413978,1.387728,-1.212272,-0.308051,-117.119774,-5.000000,2.395749,2.000000,0.000000,1.000000,0.000000
-12.466186,-10.675108,-9.070195,0.000000,1.088423,0.417607,1.506030,-1.093970,-0.226864,-116.908188,-5.000000,5.010724,2.000000,0.000000,1.000000,0.000000
-8.257782,-11.128584,-9.838408,0.000000,1.180609,0.421542,1.602151,-0.997849,-0.155698,-116.690147,-4.000000,-0.248888,2.000000,0.000000,1.000000,0.000000
-9.456212,-11.274508,-10.374376,0.000000,1.244925,0.425692,1.670617,-0.929383,-0.147042,-116.466118,-4.000000,-2.125569,2.000000,0.000000,1.000000,0.000000
-14.911164,-13.170698,-11.417994,0.000000,1.370159,0.430259,1.800418,-0.799582,-0.247656,-116.221664,-3.000000,-4.493529,2.000000,0.000000,1.000000,0.000000
-7.635116,-9.521027,-10.710025,0.000000,1.285203,0.434543,1.719746,-0.880254,-0.311797,-115.994751,-2.000000,-3.116259,2.000000,0.000000,1.000000,0.000000
-5.476843,-7.494905,-9.510107,0.000000,1.141213,0.438347,1.579560,-1.020440,-0.357160,-115.824593,-2.000000,-3.145683,2.000000,0.000000,1.000000,0.000000
9.261419,-3.296680,-7.191188,0.000000,0.862943,0.441223,1.304166,-1.295834,-0.433849,-115.716675,-3.000000,-0.853771,2.000000,0.000000,1.000000,0.000000
-4.000877,-5.076510,-6.401967,0.000000,0.768236,0.443784,1.212020,-1.387980,-0.514563,-115.632942,-4.000000,-5.783117,2.000000,0.000000,1.000000,0.000000
-6.497260,-6.125618,-6.298831,0.000000,0.755860,0.446304,1.202163,-1.397837,-0.602764,-115.520920,-4.000000,-2.786951,2.000000,0.000000,1.000000,0.000000
-1.057890,-4.353082,-5.572656,0.000000,0.668719,0.448533,1.117251,-1.482749,-0.696495,-115.416130,-3.000000,-1.455790,2.000000,0.000000,1.000000,0.000000
-8.854588,-7.321383,-6.225300,0.000000,0.747036,0.451023,1.198059,-1.401941,-0.875729,-115.299385,-3.000000,0.163659,2.000000,0.000000,1.000000,0.000000
0.950029,-2.396586,-4.796382,0.000000,0.575566,0.452941,1.028507,-1.571493,-0.835013,-115.202202,-3.000000,0.726609,2.000000,0.000000,1.000000,0.000000
-0.521392,-3.426929,-4.285287,0.000000,0.514234,0.454656,0.968890,-1.631110,-0.909103,-115.143967,-3.000000,0.191015,2.000000,0.000000,1.000000,0.000000
9.101619,-0.040360,-2.701034,0.000000,0.324124,0.455736,0.779860,-1.820140,-0.861124,-115.109291,-4.000000,-0.107387,2.000000,0.000000,1.000000,0.000000
-0.942625,-3.343739,-2.940898,0.000000,0.352908,0.456912,0.809820,-1.790180,-0.881230,-115.075447,-4.000000,-1.559479,2.000000,0.000000,1.000000,0.000000
-5.195970,-3.977131,-3.327632,0.000000,0.399316,0.458243,0.857559,-1.742441,-0.867179,-115.002235,-4.000000,-1.235042,2.000000,0.000000,1.000000,0.000000
-0.796073,-0.609909,-2.313348,0.000000,0.277602,0.459169,0.736770,-1.863230,-0.934758,-114.956367,-4.000000,-4.206505,2.000000,0.000000,1.000000,0.000000
4.502185,1.301777,-0.964144,0.000000,0.115697,0.459554,0.575252,-2.024748,-1.151668,-114.963287,-3.000000,-8.306688,2.000000,0.000000,1.000000,0.000000
-2.897788,1.018078,-0.224357,0.000000,0.026923,0.459644,0.486567,-2.113433,-1.331035,-114.986488,-3.000000,-4.987924,2.000000,0.000000,1.000000,0.000000
-8.916245,-2.668021,-1.136359,0.000000,0.136363,0.460099,0.596462,-2.003538,-1.482447,-114.969986,-3.000000,-3.702917,2.000000,0.000000,1.000000,0.000000
2.085409,-1.582752,-1.302958,0.000000,0.156355,0.460620,0.616975,-1.983025,-1.446441,-114.927475,-3.000000,-2.350917,2.000000,0.000000,1.000000,0.000000
-6.146437,-4.481716,-2.489305,0.000000,0.298717,0.461616,0.760332,-1.839668,-1.471557,-114.866829,-2.000000,-4.002124,2.000000,0.000000,1.000000,0.000000
4.676727,-3.364906,-2.816089,0.000000,0.337931,0.462742,0.800673,-1.799327,-1.442436,-114.788361,-2.000000,3.876300,2.000000,0.000000,1.000000,0.000000
-1.148558,-3.683636,-3.139867,0.000000,0.376784,0.463998,0.840782,-1.759218,-1.397545,-114.717873,-2.000000,2.475590,2.000000,0.000000,1.000000,0.000000
2.087176,-1.934185,-2.689893,0.000000,0.322787,0.465074,0.787861,-1.812139,-1.311337,-114.661697,-2.000000,0.908949,2.000000,0.000000,1.000000,0.000000
6.886062,2.979027,-0.574190,0.000000,0.068903,0.465304,0.534206,-2.065794,-1.396176,-114.672142,-2.000000,-0.406538,2.000000,0.000000,1.000000,0.000000
0.701190,-0.290867,-0.468451,0.000000,0.056214,0.465491,0.521705,-2.078295,-1.430459,-114.699020,-3.000000,0.946052,2.000000,0.000000,1.000000,0.000000
-0.105909,-1.481006,-0.846348,0.000000,0.101562,0.465830,0.567391,-2.032609,-1.343730,-114.681305,-3.000000,1.997087,2.000000,0.000000,1.000000,0.000000
18.070419,4.202558,1.037959,0.000000,-0.124555,0.465414,0.340859,-2.259141,-1.323189,-114.708519,-3.000000,0.146918,2.000000,0.000000,1.000000,0.000000
-3.663972,-1.682997,0.022469,0.000000,-0.002696,0.465405,0.462709,-2.137291,-1.355672,-114.733711,-4.000000,-1.981688,2.000000,0.000000,1.000000,0.000000
15.992385,4.462697,1.679610,0.000000,-0.201553,0.464734,0.263180,-2.336820,-1.412498,-114.761505,-3.000000,-2.467856,2.000000,0.000000,1.000000,0.000000
5.712193,1.078467,1.455257,0.000000,-0.174631,0.464151,0.289521,-2.310479,-1.521213,-114.816917,-4.000000,-7.972661,2.000000,0.000000,1.000000,0.000000
-12.295851,-5.118896,-0.998289,0.000000,0.119795,0.464551,0.584345,-2.015655,-1.575978,-114.776512,-3.000000,-3.813190,2.000000,0.000000,1.000000,0.000000
-0.112553,-2.200604,-1.447006,0.000000,0.173641,0.465130,0.638770,-1.961230,-1.618966,-114.703316,-2.000000,-2.690189,2.000000,0.000000,1.000000,0.000000
3.054672,-2.220490,-1.735679,0.000000,0.208281,0.465824,0.674105,-1.925895,-1.639990,-114.659103,-1.000000,1.970943,2.000000,0.000000,1.000000,0.000000
-1.331135,-0.262118,-1.185730,0.000000,0.142288,0.466298,0.608586,-1.991414,-1.629705,-114.634277,-1.000000,-2.569091,2.000000,0.000000,1.000000,0.000000
0.428760,1.968536,-0.008523,0.000000,0.001023,0.466302,0.467324,-2.132676,-1.721784,-114.651344,-1.000000,-3.471042,2.000000,0.000000,1.000000,0.000000
2.992956,2.104239,0.779983,0.000000,-0.093598,0.465990,0.372392,-2.227608,-1.740423,-114.692070,-2.000000,0.813898,2.000000,0.000000,1.000000,0.000000
8.204632,3.303596,1.721823,0.000000,-0.206619,0.465301,0.258682,-2.341318,-1.759750,-114.746147,-2.000000,-2.772078,2.000000,0.000000,1.000000,0.000000
-2.479445,-2.141436,0.280012,0.000000,-0.033601,0.465189,0.431587,-2.168413,-1.659508,-114.757767,-3.000000,2.389592,2.000000,0.000000,1.000000,0.000000
6.533195,0.779636,0.466477,0.000000,-0.055977,0.465002,0.409025,-2.190975,-1.607088,-114.744148,-3.000000,-1.071146,2.000000,0.000000,1.000000,0.000000
-4.094845,-1.236048,-0.168924,0.000000,0.020271,0.465070,0.485341,-2.114659,-1.669715,-114.739586,-2.000000,-5.081837,2.000000,0.000000,1.000000,0.000000
3.162070,-0.097517,-0.142274,0.000000,0.017073,0.465127,0.482200,-2.117800,-1.750732,-114.726250,-2.000000,-5.426444,2.000000,0.000000,1.000000,0.000000
19.289871,3.488743,1.212862,0.000000,-0.145543,0.464642,0.319098,-2.280902,-1.824281,-114.760162,-1.000000,-2.693248,2.000000,0.000000,1.000000,0.000000
-4.800762,-3.152927,-0.416499,0.000000,0.049980,0.464808,0.514788,-2.085212,-1.751889,-114.763519,-2.000000,-0.257258,2.000000,0.000000,1.000000,0.000000
0.061121,-1.922021,-0.978376,0.000000,0.117405,0.465199,0.582605,-2.017395,-1.774380,-114.712769,-1.000000,2.269267,2.000000,0.000000,1.000000,0.000000
-0.588240,-0.721191,-0.882392,0.000000,0.105887,0.465552,0.571439,-2.028560,-1.723846,-114.686333,-1.000000,-0.587723,2.000000,0.000000,1.000000,0.000000
0.424842,0.114810,-0.510225,0.000000,0.061227,0.465757,0.526983,-2.073016,-1.657156,-114.680267,-2.000000,2.388341,2.000000,0.000000,1.000000,0.000000
8.846253,4.929878,1.520081,0.000000,-0.182410,0.465148,0.282739,-2.317261,-1.626211,-114.730713,-2.000000,3.701161,2.000000,0.000000,1.000000,0.000000
5.625164,3.305396,2.186380,0.000000,-0.262366,0.464274,0.201908,-2.398092,-1.591865,-114.813065,-3.000000,2.105148,2.000000,0.000000,1.000000,0.000000
4.441065,2.881593,2.445841,0.000000,-0.293501,0.463296,0.169795,-2.430205,-1.490843,-114.874931,-4.000000,1.768857,2.000000,0.000000,1.000000,0.000000
4.384727,0.459947,1.704684,0.000000,-0.204562,0.462614,0.258052,-2.341948,-1.401046,-114.908348,-5.000000,-2.099653,2.000000,0.000000,1.000000,0.000000
5.434822,1.728415,1.713541,0.000000,-0.205625,0.461928,0.256303,-2.343697,-1.508888,-114.930229,-4.000000,-4.498107,2.000000,0.000000,1.000000,0.000000
0.008464,3.692124,2.451970,0.000000,-0.294236,0.460947,0.166711,-2.433289,-1.636176,-114.984436,-3.000000,-5.285829,2.000000,0.000000,1.000000,0.000000
13.148361,7.280101,4.253881,0.000000,-0.510466,0.459246,-0.051220,-2.651220,-1.672039,-115.094162,-4.000000,-5.567562,2.000000,0.000000,1.000000,0.000000
-1.923357,5.338285,4.658593,0.000000,-0.559031,0.457382,-0.101649,-2.701649,-1.796509,-115.220345,-4.000000,-1.746428,2.000000,0.000000,1.000000,0.000000
-6.379752,1.497618,3.478882,0.000000,-0.417466,0.455991,0.038525,-2.561475,-1.894655,-115.288704,-4.000000,-3.094032,2.000000,0.000000,1.000000,0.000000
-8.885930,-2.934421,1.085367,0.000000,-0.130244,0.455557,0.325313,-2.274687,-1.942074,-115.274338,-3.000000,0.689783,2.000000,0.000000,1.000000,0.000000
11.525235,3.107459,1.840034,0.000000,-0.220804,0.454821,0.234017,-2.365983,-1.908564,-115.276070,-2.000000,-1.201479,2.000000,0.000000,1.000000,0.000000
0.510915,0.750969,1.433583,0.000000,-0.172030,0.454247,0.282217,-2.317783,-1.948361,-115.314651,-2.000000,5.416601,2.000000,0.000000,1.000000,0.000000
2.781184,2.993214,2.015654,0.000000,-0.241879,0.453441,0.211563,-2.388437,-1.936705,-115.352097,-2.000000,1.019530,2.000000,0.000000,1.000000,0.000000
15.034681,7.477756,4.054171,0.000000,-0.486500,0.451819,-0.034681,-2.634681,-1.947899,-115.456810,-2.000000,-3.684944,2.000000,0.000000,1.000000,0.000000
0.267575,5.050226,4.425910,0.000000,-0.531109,0.450049,-0.081060,-2.681060,-2.055583,-115.582092,-3.000000,-3.779416,2.000000,0.000000,1.000000,0.000000
6.287092,6.949033,5.367567,0.000000,-0.644108,0.447902,-0.196206,-2.796206,-2.155053,-115.702087,-2.000000,-6.020371,2.000000,0.000000,1.000000,0.000000
10.277974,6.941931,5.955137,0.000000,-0.714616,0.445520,-0.269096,-2.869096,-2.211800,-115.840996,-3.000000,-2.166437,2.000000,0.000000,1.000000,0.000000
8.639480,6.403770,6.122571,0.000000,-0.734709,0.443071,-0.291638,-2.891638,-2.259664,-115.974449,-3.000000,-0.838033,2.000000,0.000000,1.000000,0.000000
-3.830539,1.139583,4.262865,0.000000,-0.511544,0.441366,-0.070178,-2.670178,-2.288329,-116.049881,-3.000000,-2.285751,2.000000,0.000000,1.000000,0.000000
-5.658138,0.541010,2.873828,0.000000,-0.344859,0.440216,0.095357,-2.504643,-2.287836,-116.066689,-2.000000,-4.224975,2.000000,0.000000,1.000000,0.000000
-6.263646,-1.251185,1.334328,0.000000,-0.160119,0.439682,0.279563,-2.320437,-2.339193,-116.059586,-1.000000,-1.221908,2.000000,0.000000,1.000000,0.000000
-0.413185,-2.484737,-0.090989,0.000000,0.010919,0.439719,0.450638,-2.149362,-2.278264,-116.022224,0.000000,6.013868,2.000000,0.000000,1.000000,0.000000
3.681452,-2.527070,-1.000161,0.000000,0.120019,0.440119,0.560138,-2.039862,-2.125606,-115.972107,0.000000,2.218768,2.000000,0.000000,1.000000,0.000000
3.772419,-1.756327,-1.282371,0.000000,0.153884,0.440632,0.594516,-2.005484,-2.050986,-115.929276,0.000000,3.161213,2.000000,0.000000,1.000000,0.000000
7.078381,2.502759,0.130281,0.000000,-0.015634,0.440580,0.424946,-2.175054,-1.981006,-115.936737,0.000000,2.095693,2.000000,0.000000,1.000000,0.000000
5.539989,2.720417,1.096949,0.000000,-0.131634,0.440141,0.308507,-2.291493,-2.067091,-115.988968,0.000000,4.153012,2.000000,0.000000,1.000000,0.000000
2.889229,2.118195,1.478089,0.000000,-0.177371,0.439550,0.262179,-2.337821,-2.012865,-116.037354,-1.000000,3.554748,2.000000,0.000000,1.000000,0.000000
4.299330,0.865724,1.249548,0.000000,-0.149946,0.439050,0.289104,-2.310896,-1.959978,-116.067192,-2.000000,4.088244,2.000000,0.000000,1.000000,0.000000
6.706126,2.133567,1.579473,0.000000,-0.189537,0.438418,0.248881,-2.351119,-1.844783,-116.097183,-2.000000,3.339036,2.000000,0.000000,1.000000,0.000000
3.598912,0.510202,1.180410,0.000000,-0.141649,0.437946,0.296297,-2.303703,-1.866323,-116.123619,-2.000000,-2.849646,2.000000,0.000000,1.000000,0.000000
-4.304200,-2.311576,-0.122838,0.000000,0.014741,0.437995,0.452736,-2.147264,-1.939255,-116.105606,-2.000000,-2.996050,2.000000,0.000000,1.000000,0.000000
-9.760217,-4.124744,-1.616393,0.000000,0.193967,0.438642,0.632609,-1.967391,-2.004402,-116.041245,-1.000000,-4.958633,2.000000,0.000000,1.000000,0.000000
6.108603,-1.727567,-1.657885,0.000000,0.198946,0.439305,0.638251,-1.961749,-1.999835,-115.982719,0.000000,-1.318778,2.000000,0.000000,1.000000,0.000000
-9.221036,-5.850127,-3.222476,0.000000,0.386697,0.440594,0.827291,-1.772709,-2.130105,-115.906944,0.000000,-5.972514,2.000000,0.000000,1.000000,0.000000
0.595332,-4.640993,-3.751882,0.000000,0.450226,0.442020,0.892245,-1.707755,-2.227199,-115.802032,1.000000,-3.005352,2.000000,0.000000,1.000000,0.000000
1.133795,-3.412856,-3.625354,0.000000,0.435042,0.443542,0.878585,-1.721415,-2.244020,-115.721497,2.000000,0.121171,2.000000,0.000000,1.000000,0.000000
9.241827,-0.492216,-2.456033,0.000000,0.294724,0.444476,0.739199,-1.860801,-2.250063,-115.682449,2.000000,1.768091,2.000000,0.000000,1.000000,0.000000
0.311367,-2.121433,-2.331156,0.000000,0.279739,0.445455,0.725193,-1.874807,-2.238606,-115.656311,1.000000,-0.416671,2.000000,0.000000,1.000000,0.000000
10.585590,-1.127879,-1.882080,0.000000,0.225850,0.446170,0.672019,-1.927981,-2.156075,-115.623817,1.000000,-1.150264,2.000000,0.000000,1.000000,0.000000
-23.966663,-8.411942,-4.319096,0.000000,0.518291,0.447984,0.966275,-1.633725,-2.180536,-115.528419,0.000000,-0.692931,2.000000,0.000000,1.000000,0.000000
9.082850,-1.095249,-3.115921,0.000000,0.373910,0.449168,0.823078,-1.776922,-2.243399,-115.433350,2.000000,-1.302225,2.000000,0.000000,1.000000,0.000000
-0.384718,-2.206923,-2.776673,0.000000,0.333201,0.450334,0.783535,-1.816465,-2.200768,-115.400330,1.000000,-1.399215,2.000000,0.000000,1.000000,0.000000
0.084852,-2.787599,-2.780751,0.000000,0.333690,0.451391,0.785081,-1.814919,-2.189085,-115.350388,1.000000,0.887573,2.000000,0.000000,1.000000,0.000000
-4.357270,-3.477749,-3.040878,0.000000,0.364905,0.452668,0.817573,-1.782427,-2.238663,-115.287735,1.000000,-2.117671,2.000000,0.000000,1.000000,0.000000
-4.279909,-4.790196,-3.693743,0.000000,0.443249,0.454072,0.897321,-1.702679,-2.193164,-115.205055,1.000000,-2.686013,2.000000,0.000000,1.000000,0.000000
59.893768,13.332520,2.660645,0.000000,-0.319277,0.453007,0.133730,-2.466270,-2.233427,-115.290482,2.000000,3.094012,2.000000,0.000000,1.000000,0.000000
-3.508137,1.074815,2.068796,0.000000,-0.248256,0.452180,0.203924,-2.396076,-2.288496,-115.434555,-1.000000,-1.793078,2.000000,0.000000,1.000000,0.000000
2.251719,4.228459,2.874806,0.000000,-0.344977,0.451030,0.106053,-2.493947,-2.326789,-115.487587,0.000000,-1.262062,2.000000,0.000000,1.000000,0.000000
0.309328,3.334175,3.046247,0.000000,-0.365550,0.449811,0.084262,-2.515738,-2.386089,-115.563210,0.000000,-1.915804,2.000000,0.000000,1.000000,0.000000
-5.372593,2.329961,2.778921,0.000000,-0.333471,0.448700,0.115229,-2.484771,-2.439829,-115.619850,0.000000,-0.730720,2.000000,0.000000,1.000000,0.000000
-3.081084,4.894460,3.568464,0.000000,-0.428216,0.447272,0.019057,-2.580943,-2.551636,-115.692093,0.000000,-5.923427,2.000000,0.000000,1.000000,0.000000
-1.542326,5.670897,4.353115,0.000000,-0.522374,0.445531,-0.076843,-2.676843,-2.652851,-115.797745,0.000000,-4.015014,2.000000,0.000000,1.000000,0.000000
-1.325599,6.258367,5.064176,0.000000,-0.607701,0.443505,-0.164196,-2.764196,-2.775493,-115.917038,0.000000,-3.248743,2.000000,0.000000,1.000000,0.000000
-0.424559,5.140579,5.092690,0.000000,-0.611123,0.441468,-0.169654,-2.769654,-2.856082,-116.031029,0.000000,-6.686422,2.000000,0.000000,1.000000,0.000000
-5.162092,2.688904,4.195571,0.000000,-0.503469,0.439790,-0.063678,-2.663678,-2.868385,-116.109322,0.000000,-0.913821,2.000000,0.000000,1.000000,0.000000
-3.695652,1.796516,3.300217,0.000000,-0.396026,0.438470,0.042444,-2.557556,-2.882289,-116.154175,0.000000,-2.455324,2.000000,0.000000,1.000000,0.000000
-0.430935,3.215946,3.268766,0.000000,-0.392252,0.437163,0.044911,-2.555089,-2.894303,-116.204300,1.000000,-1.016319,2.000000,0.000000,1.000000,0.000000
-0.961685,2.958253,3.152879,0.000000,-0.378346,0.435901,0.057556,-2.542444,-2.945629,-116.266045,1.000000,-2.972890,2.000000,0.000000,1.000000,0.000000
1.865706,0.584361,2.194280,0.000000,-0.263314,0.435024,0.171710,-2.428290,-3.043814,-116.301468,2.000000,-3.469499,2.000000,0.000000,1.000000,0.000000
-13.260448,-2.404500,0.477965,0.000000,-0.057356,0.434832,0.377477,-2.222523,-3.093505,-116.283264,3.000000,-5.717410,2.000000,0.000000,1.000000,0.000000
-3.366382,0.131392,0.348620,0.000000,-0.041834,0.434693,0.392859,-2.207141,-3.195617,-116.260536,4.000000,-5.464503,2.000000,0.000000,1.000000,0.000000
-5.504907,-0.570656,0.005536,0.000000,-0.000664,0.434691,0.434027,-2.165973,-3.267035,-116.256142,5.000000,-3.140375,2.000000,0.000000,1.000000,0.000000
-6.062100,-4.480778,-1.668806,0.000000,0.200257,0.435358,0.635615,-1.964385,-3.357919,-116.205627,5.000000,-6.220124,2.000000,0.000000,1.000000,0.000000
-10.032385,-2.913907,-2.133491,0.000000,0.256019,0.436212,0.692231,-1.907769,-3.436455,-116.131683,7.000000,1.060221,2.000000,0.000000,1.000000,0.000000
-15.629909,-8.322067,-4.443136,0.000000,0.533176,0.437989,0.971165,-1.628835,-3.436760,-116.019325,7.000000,4.398845,2.000000,0.000000,1.000000,0.000000
-17.191513,-7.151933,-5.454089,0.000000,0.654491,0.440171,1.094661,-1.505339,-3.339380,-115.864586,8.000000,3.783884,2.000000,0.000000,1.000000,0.000000
-2.469825,-6.601814,-5.882432,0.000000,0.705892,0.442524,1.148416,-1.451584,-3.245735,-115.727051,8.000000,1.569622,2.000000,0.000000,1.000000,0.000000
8.585799,-0.804900,-3.987442,0.000000,0.478493,0.444119,0.922612,-1.677388,-3.164546,-115.652985,8.000000,6.878436,2.000000,0.000000,1.000000,0.000000
-0.461732,-3.532140,-3.817518,0.000000,0.458102,0.445646,0.903748,-1.696252,-3.078243,-115.609612,6.000000,8.869377,2.000000,0.000000,1.000000,0.000000
-15.306063,-7.485537,-5.186463,0.000000,0.622376,0.447720,1.070096,-1.529904,-2.886006,-115.499435,5.000000,8.216685,2.000000,0.000000,1.000000,0.000000
-36.402878,-14.433767,-8.637659,0.000000,1.036519,0.451175,1.487694,-1.112306,-2.730195,-115.280243,5.000000,8.561322,2.000000,0.000000,1.000000,0.000000
-14.539369,-10.378480,-9.287353,0.000000,1.114482,0.454890,1.569373,-1.030627,-2.534536,-115.032120,6.000000,10.085909,2.000000,0.000000,1.000000,0.000000
-4.614380,-8.089939,-8.840465,0.000000,1.060856,0.458426,1.519282,-1.080718,-2.389521,-114.847435,6.000000,7.770687,2.000000,0.000000,1.000000,0.000000
3.420786,-3.756809,-6.943188,0.000000,0.833183,0.461204,1.294386,-1.305614,-2.285762,-114.728966,5.000000,7.635574,2.000000,0.000000,1.000000,0.000000
-17.849892,-9.562769,-7.920845,0.000000,0.950501,0.464372,1.414873,-1.185127,-2.140534,-114.595772,3.000000,7.223086,2.000000,0.000000,1.000000,0.000000
-18.728697,-11.875978,-9.396944,0.000000,1.127633,0.468131,1.595764,-1.004236,-1.971330,-114.381386,3.000000,6.520301,2.000000,0.000000,1.000000,0.000000
-24.675259,-16.507210,-12.050573,0.000000,1.446069,0.472951,1.919020,-0.680980,-1.901096,-114.097557,4.000000,4.414553,2.000000,0.000000,1.000000,0.000000
-16.936647,-14.119715,-12.822800,0.000000,1.538736,0.478080,2.016816,-0.583184,-1.871981,-113.791290,5.000000,-0.809300,2.000000,0.000000,1.000000,0.000000
-18.156031,-14.423662,-13.420259,0.000000,1.610431,0.483448,2.093879,-0.506120,-1.839497,-113.505859,6.000000,-1.217310,2.000000,0.000000,1.000000,0.000000
-7.174023,-11.753697,-12.798280,0.000000,1.535794,0.488568,2.024361,-0.575639,-1.777307,-113.244087,6.000000,-0.656821,2.000000,0.000000,1.000000,0.000000
1.350064,-7.880312,-10.962840,0.000000,1.315541,0.492953,1.808494,-0.791506,-1.769364,-113.047745,5.000000,1.341102,2.000000,0.000000,1.000000,0.000000
-8.449000,-12.020449,-11.357552,0.000000,1.362906,0.497496,1.860402,-0.739598,-1.692640,-112.848740,4.000000,2.197676,2.000000,0.000000,1.000000,0.000000
-0.632702,-8.792063,-10.400083,0.000000,1.248010,0.501656,1.749666,-0.850334,-1.618213,-112.640617,4.000000,4.129766,2.000000,0.000000,1.000000,0.000000
3.586935,-7.529322,-9.328683,0.000000,1.119442,0.505387,1.624829,-0.975171,-1.555896,-112.477402,3.000000,2.243298,2.000000,0.000000,1.000000,0.000000
-24.323883,-14.075636,-11.100298,0.000000,1.332036,0.509827,1.841863,-0.758137,-1.454789,-112.261353,2.000000,-0.998656,2.000000,0.000000,1.000000,0.000000
-20.033716,-14.511275,-12.373312,0.000000,1.484797,0.514777,1.999574,-0.600426,-1.471666,-111.975487,3.000000,-1.677410,2.000000,0.000000,1.000000,0.000000
-12.649056,-12.785024,-12.526967,0.000000,1.503236,0.519788,2.023024,-0.576976,-1.477302,-111.702522,4.000000,2.024140,2.000000,0.000000,1.000000,0.000000
-6.888480,-9.567163,-11.422336,0.000000,1.370680,0.524356,1.895037,-0.704963,-1.550811,-111.479004,4.000000,3.564267,2.000000,0.000000,1.000000,0.000000
-25.368542,-14.697257,-12.644572,0.000000,1.517349,0.529414,2.046763,-0.553237,-1.511705,-111.236359,3.000000,1.974728,2.000000,0.000000,1.000000,0.000000
-3.688854,-10.734442,-11.931690,0.000000,1.431803,0.534187,1.965990,-0.634010,-1.433717,-110.982040,4.000000,0.472608,2.000000,0.000000,1.000000,0.000000
-8.980155,-10.310042,-11.326473,0.000000,1.359177,0.538718,1.897894,-0.702106,-1.349272,-110.771599,3.000000,8.323294,2.000000,0.000000,1.000000,0.000000
-12.351530,-13.685369,-12.206840,0.000000,1.464821,0.543600,2.008421,-0.591579,-1.287995,-110.531647,2.000000,3.073349,2.000000,0.000000,1.000000,0.000000
-4.123519,-7.554031,-10.470361,0.000000,1.256443,0.547788,1.804232,-0.795768,-1.201962,-110.319252,2.000000,3.714727,2.000000,0.000000,1.000000,0.000000
-11.201980,-10.709766,-10.559710,0.000000,1.267165,0.552012,1.819177,-0.780823,-1.159483,-110.136612,1.000000,2.883602,2.000000,0.000000,1.000000,0.000000
3.398553,-6.350640,-8.988838,0.000000,1.078661,0.555608,1.634269,-0.965731,-1.120433,-109.966011,1.000000,5.765501,2.000000,0.000000,1.000000,0.000000
-1.811158,-6.440970,-8.037946,0.000000,0.964553,0.558823,1.523376,-1.076623,-1.111368,-109.838097,0.000000,-3.276658,2.000000,0.000000,1.000000,0.000000
-13.256295,-11.111785,-9.185137,0.000000,1.102216,0.562497,1.664713,-0.935287,-1.244537,-109.662567,0.000000,-3.212527,2.000000,0.000000,1.000000,0.000000
-20.126244,-12.863173,-10.557820,0.000000,1.266938,0.566720,1.833659,-0.766341,-1.323510,-109.422821,1.000000,-1.355783,2.000000,0.000000,1.000000,0.000000
-3.422402,-9.938366,-10.326633,0.000000,1.239196,0.570851,1.810047,-0.789953,-1.365880,-109.194809,2.000000,-5.323751,2.000000,0.000000,1.000000,0.000000
-47.455460,-21.699821,-14.571232,0.000000,1.748548,0.576679,2.325227,-0.274773,-1.435708,-108.878426,2.000000,-0.932908,2.000000,0.000000,1.000000,0.000000
-17.160126,-15.149567,-14.787073,0.000000,1.774449,0.582594,2.357043,-0.242957,-1.560481,-108.509933,6.000000,-6.579073,2.000000,0.000000,1.000000,0.000000
-6.572775,-11.777032,-13.663692,0.000000,1.639643,0.588060,2.227703,-0.372297,-1.613735,-108.240669,6.000000,0.750145,2.000000,0.000000,1.000000,0.000000
-1.499483,-9.367894,-12.060453,0.000000,1.447254,0.592884,2.040138,-0.559862,-1.655540,-108.029221,6.000000,2.908566,2.000000,0.000000,1.000000,0.000000
-16.070217,-14.217316,-12.865418,0.000000,1.543850,0.598030,2.141880,-0.458120,-1.563959,-107.793365,4.000000,1.439538,2.000000,0.000000,1.000000,0.000000
-5.926081,-11.917052,-12.511477,0.000000,1.501377,0.603035,2.104412,-0.495588,-1.570640,-107.532021,5.000000,0.504644,2.000000,0.000000,1.000000,0.000000
-2.707040,-11.694647,-12.206627,0.000000,1.464795,0.607917,2.072712,-0.527287,-1.589139,-107.295906,5.000000,6.336776,2.000000,0.000000,1.000000,0.000000
-2.433892,-10.790857,-11.678246,0.000000,1.401390,0.612588,2.013978,-0.586022,-1.528715,-107.071053,4.000000,3.409793,2.000000,0.000000,1.000000,0.000000
-5.764543,-9.471979,-10.854843,0.000000,1.302581,0.616930,1.919512,-0.680488,-1.488830,-106.868423,4.000000,4.283180,2.000000,0.000000,1.000000,0.000000
4.699729,-6.761057,-9.326998,0.000000,1.119240,0.620661,1.739901,-0.860099,-1.440138,-106.706093,3.000000,0.162833,2.000000,0.000000,1.000000,0.000000
-4.810317,-7.177538,-8.524796,0.000000,1.022975,0.624071,1.647047,-0.952953,-1.400934,-106.566704,2.000000,-0.528815,2.000000,0.000000,1.000000,0.000000
3.303475,-5.744760,-7.487256,0.000000,0.898471,0.627066,1.525537,-1.074463,-1.371464,-106.437477,1.000000,0.480879,2.000000,0.000000,1.000000,0.000000
1.945228,-5.327149,-6.681080,0.000000,0.801730,0.629738,1.431468,-1.168532,-1.343754,-106.326759,1.000000,3.953009,2.000000,0.000000,1.000000,0.000000
-16.443144,-8.620989,-7.405076,0.000000,0.888609,0.632701,1.521310,-1.078690,-1.299706,-106.187279,0.000000,1.320084,2.000000,0.000000,1.000000,0.000000
-21.391054,-11.696662,-9.006742,0.000000,1.080809,0.636303,1.717112,-0.882888,-1.239375,-105.984100,0.000000,-0.199335,2.000000,0.000000,1.000000,0.000000
-10.031676,-10.449732,-9.545282,0.000000,1.145434,0.640121,1.785555,-0.814445,-1.115571,-105.762634,0.000000,-0.640322,2.000000,0.000000,1.000000,0.000000
-0.974817,-7.958389,-8.953036,0.000000,1.074364,0.643703,1.718067,-0.881933,-1.127004,-105.578552,1.000000,1.894407,2.000000,0.000000,1.000000,0.000000
-9.019103,-9.316958,-9.088856,0.000000,1.090663,0.647338,1.738001,-0.861999,-1.102593,-105.405800,0.000000,2.241035,2.000000,0.000000,1.000000,0.000000
-10.838587,-8.962680,-9.041765,0.000000,1.085012,0.650955,1.735967,-0.864033,-1.147264,-105.223007,1.000000,-3.150027,2.000000,0.000000,1.000000,0.000000
-21.541418,-12.208746,-10.223717,0.000000,1.226846,0.655044,1.881890,-0.718110,-1.197330,-105.011292,1.000000,-6.986999,2.000000,0.000000,1.000000,0.000000
-3.701495,-7.594969,-9.242640,0.000000,1.109117,0.658741,1.767858,-0.832142,-1.335916,-104.813255,2.000000,-6.930813,2.000000,0.000000,1.000000,0.000000
-14.835891,-11.730103,-10.170988,0.000000,1.220519,0.662810,1.883328,-0.716672,-1.437934,-104.620003,2.000000,-3.598454,2.000000,0.000000,1.000000,0.000000
-0.183436,-6.040607,-8.629484,0.000000,1.035538,0.666261,1.701799,-0.898201,-1.477636,-104.442299,3.000000,-1.056942,2.000000,0.000000,1.000000,0.000000
1.154899,-7.213390,-8.100983,0.000000,0.972118,0.669502,1.641620,-0.958380,-1.455462,-104.309761,2.000000,-3.970692,2.000000,0.000000,1.000000,0.000000
-2.930639,-6.159037,-7.376227,0.000000,0.885147,0.672452,1.557600,-1.042400,-1.554963,-104.176033,2.000000,-5.390925,2.000000,0.000000,1.000000,0.000000
-7.995542,-8.031830,-7.620905,0.000000,0.914509,0.675501,1.590009,-1.009991,-1.555230,-104.034126,2.000000,-1.146559,2.000000,0.000000,1.000000,0.000000
-10.736625,-7.730413,-7.661775,0.000000,0.919413,0.678565,1.597978,-1.002022,-1.505410,-103.876503,2.000000,-0.390938,2.000000,0.000000,1.000000,0.000000
1.775067,-4.226313,-6.379622,0.000000,0.765555,0.681117,1.446672,-1.153328,-1.532220,-103.756935,2.000000,-2.758728,2.000000,0.000000,1.000000,0.000000
-13.786356,-8.810530,-7.286864,0.000000,0.874424,0.684032,1.558455,-1.041544,-1.584212,-103.626564,1.000000,-3.416077,2.000000,0.000000,1.000000,0.000000
-3.265793,-5.573388,-6.647376,0.000000,0.797685,0.686691,1.484376,-1.115624,-1.637969,-103.482727,2.000000,-2.573500,2.000000,0.000000,1.000000,0.000000
-2.174414,-4.766174,-5.945291,0.000000,0.713435,0.689069,1.402504,-1.197496,-1.664534,-103.379333,2.000000,-0.706659,2.000000,0.000000,1.000000,0.000000
-3.063478,-6.257068,-6.061649,0.000000,0.727398,0.691494,1.418892,-1.181108,-1.673777,-103.269104,2.000000,1.230432,2.000000,0.000000,1.000000,0.000000
-11.344495,-7.773028,-6.700355,0.000000,0.804043,0.694174,1.498216,-1.101784,-1.668469,-103.128799,2.000000,2.790167,2.000000,0.000000,1.000000,0.000000
-8.536647,-7.776859,-7.102118,0.000000,0.852254,0.697015,1.549269,-1.050731,-1.650309,-102.973297,2.000000,-1.970691,2.000000,0.000000,1.000000,0.000000
-17.516537,-9.364621,-7.946509,0.000000,0.953581,0.700193,1.653774,-0.946226,-1.627301,-102.801880,2.000000,-1.517573,2.000000,0.000000,1.000000,0.000000
3.594984,-5.028877,-6.857616,0.000000,0.822914,0.702936,1.525850,-1.074150,-1.537711,-102.657944,2.000000,-1.879822,2.000000,0.000000,1.000000,0.000000
2.245330,-4.592680,-6.012317,0.000000,0.721478,0.705341,1.426819,-1.173181,-1.627870,-102.561729,2.000000,-4.341873,2.000000,0.000000,1.000000,0.000000
-8.278030,-6.499048,-6.193971,0.000000,0.743276,0.707819,1.451095,-1.148905,-1.753837,-102.450813,2.000000,-3.895495,2.000000,0.000000,1.000000,0.000000
-12.593783,-7.829209,-6.804260,0.000000,0.816511,0.710541,1.527052,-1.072948,-1.904098,-102.307533,3.000000,-9.963820,2.000000,0.000000,1.000000,0.000000
1.080367,-3.426941,-5.543807,0.000000,0.665257,0.712758,1.378015,-1.221985,-2.004093,-102.194969,4.000000,-6.980474,2.000000,0.000000,1.000000,0.000000
2.012655,-3.297643,-4.705514,0.000000,0.564662,0.714640,1.279302,-1.320698,-2.094001,-102.127724,4.000000,-3.599812,2.000000,0.000000,1.000000,0.000000
-6.438138,-8.087451,-5.967690,0.000000,0.716123,0.717027,1.433150,-1.166850,-2.190251,-102.013870,4.000000,-5.480422,2.000000,0.000000,1.000000,0.000000
-9.320341,-8.023876,-6.735081,0.000000,0.808210,0.719721,1.527931,-1.072069,-2.259845,-101.852760,5.000000,-4.378116,2.000000,0.000000,1.000000,0.000000
-7.149883,-7.982189,-7.200515,0.000000,0.864062,0.722602,1.586663,-1.013337,-2.341078,-101.692703,6.000000,-2.868536,2.000000,0.000000,1.000000,0.000000
-7.198111,-7.808736,-7.427510,0.000000,0.891301,0.725573,1.616874,-0.983126,-2.360233,-101.534798,6.000000,3.706837,2.000000,0.000000,1.000000,0.000000
-0.392194,-6.307492,-7.009507,0.000000,0.841141,0.728376,1.569517,-1.030483,-2.291105,-101.393639,6.000000,0.430106,2.000000,0.000000,1.000000,0.000000
34.308044,4.339575,-2.773905,0.000000,0.332869,0.729486,1.062354,-1.537645,-2.268137,-101.373962,5.000000,0.903763,2.000000,0.000000,1.000000,0.000000
-8.811775,-5.478151,-3.783159,0.000000,0.453979,0.730999,1.184978,-1.415022,-2.258085,-101.362579,3.000000,1.701747,2.000000,0.000000,1.000000,0.000000
-22.212536,-10.018680,-6.110324,0.000000,0.733239,0.733443,1.466682,-1.133318,-2.276124,-101.207611,4.000000,0.408889,2.000000,0.000000,1.000000,0.000000
-11.224282,-6.569216,-6.281588,0.000000,0.753790,0.735956,1.489746,-1.110254,-2.320160,-101.041733,5.000000,-2.365242,2.000000,0.000000,1.000000,0.000000
4.105639,-4.705121,-5.693233,0.000000,0.683188,0.738233,1.421421,-1.178579,-2.280034,-100.928993,5.000000,-4.873343,2.000000,0.000000,1.000000,0.000000
5.055309,-1.840205,-4.255240,0.000000,0.510629,0.739935,1.250564,-1.349436,-2.227522,-100.863541,5.000000,2.633662,2.000000,0.000000,1.000000,0.000000
-0.103110,-4.113243,-4.202246,0.000000,0.504269,0.741616,1.245886,-1.354114,-2.266714,-100.804008,4.000000,-0.108376,2.000000,0.000000,1.000000,0.000000
-1.531779,-3.296562,-3.864235,0.000000,0.463708,0.743162,1.206870,-1.393130,-2.249534,-100.729912,4.000000,1.059657,2.000000,0.000000,1.000000,0.000000
-8.069211,-5.110269,-4.329268,0.000000,0.519512,0.744894,1.264406,-1.335594,-2.209719,-100.645844,3.000000,-1.774052,2.000000,0.000000,1.000000,0.000000
3.173344,-2.668329,-3.709388,0.000000,0.445127,0.746377,1.191504,-1.408496,-2.224652,-100.568054,4.000000,-5.322371,2.000000,0.000000,1.000000,0.000000
-15.700367,-8.512522,-5.501970,0.000000,0.660236,0.748578,1.408814,-1.191185,-2.310086,-100.456245,4.000000,-4.751850,2.000000,0.000000,1.000000,0.000000
-8.660625,-7.470325,-6.236582,0.000000,0.748390,0.751073,1.499462,-1.100537,-2.405956,-100.296417,5.000000,-5.765632,2.000000,0.000000,1.000000,0.000000
-27.862040,-11.652652,-8.257918,0.000000,0.990950,0.754376,1.745326,-0.854674,-2.523064,-100.105186,6.000000,-5.101262,2.000000,0.000000,1.000000,0.000000
-2.983356,-5.976896,-7.406616,0.000000,0.888794,0.757339,1.646132,-0.953867,-2.599107,-99.928894,8.000000,-1.052477,2.000000,0.000000,1.000000,0.000000
-4.567617,-6.791043,-7.176877,0.000000,0.861225,0.760209,1.621434,-0.978565,-2.651526,-99.801216,8.000000,1.850373,2.000000,0.000000,1.000000,0.000000
-66.060097,-24.219883,-13.537515,0.000000,1.624502,0.765624,2.390126,-0.209874,-2.656005,-99.491104,8.000000,-0.091586,2.000000,0.000000,1.000000,0.000000
-28.906927,-17.899696,-15.165529,0.000000,1.819863,0.771690,2.591554,-0.008446,-2.693754,-99.069908,12.000000,5.224692,2.000000,0.000000,1.000000,0.000000
-12.807343,-13.961739,-14.716261,0.000000,1.765951,0.777577,2.543528,-0.056472,-2.605736,-98.751297,12.000000,7.786986,2.000000,0.000000,1.000000,0.000000
-0.466666,-9.129568,-12.631246,0.000000,1.515749,0.782629,2.298379,-0.301621,-2.472934,-98.520386,11.000000,1.928512,2.000000,0.000000,1.000000,0.000000
-6.330914,-11.446102,-12.188937,0.000000,1.462672,0.787505,2.250178,-0.349822,-2.275484,-98.314629,9.000000,3.202634,2.000000,0.000000,1.000000,0.000000
-51.225792,-23.380070,-16.365591,0.000000,1.963871,0.794051,2.757922,0.157922,-2.091871,-97.966370,8.000000,6.884293,2.000000,0.000000,1.000000,0.000000
-18.110525,-17.100691,-16.639938,0.000000,1.996793,0.800707,2.797500,0.197500,-1.981214,-97.561562,10.000000,6.305292,2.000000,0.000000,1.000000,0.000000
-13.553148,-16.265181,-16.500074,0.000000,1.980009,0.807307,2.787316,0.187316,-1.815677,-97.227905,9.000000,4.162753,2.000000,0.000000,1.000000,0.000000
3.477935,-10.756610,-14.356550,0.000000,1.722786,0.813050,2.535836,-0.064164,-1.683657,-96.957687,9.000000,3.991420,2.000000,0.000000,1.000000,0.000000
11.909415,-6.911785,-11.578082,0.000000,1.389370,0.817681,2.207051,-0.392949,-1.596768,-96.781006,7.000000,3.752459,2.000000,0.000000,1.000000,0.000000
-49.048084,-22.327980,-15.590062,0.000000,1.870807,0.823917,2.694725,0.094725,-1.576243,-96.488609,5.000000,0.237453,2.000000,0.000000,1.000000,0.000000
-47.780041,-24.033257,-18.741156,0.000000,2.248939,0.831414,3.080352,0.480352,-1.545007,-96.024994,8.000000,3.064673,2.000000,0.000000,1.000000,0.000000
-18.601997,-19.168232,-18.900545,0.000000,2.268065,0.838974,3.107039,0.507040,-1.543628,-95.592979,9.000000,-2.157651,2.000000,0.000000,1.000000,0.000000
-12.814781,-17.402536,-18.341473,0.000000,2.200977,0.846310,3.047287,0.447287,-1.618756,-95.227272,10.000000,-1.670569,2.000000,0.000000,1.000000,0.000000
-12.561549,-16.201059,-17.542646,0.000000,2.105118,0.853328,2.958445,0.358445,-1.604190,-94.891235,10.000000,0.612024,2.000000,0.000000,1.000000,0.000000
-7.267951,-14.358553,-16.354307,0.000000,1.962517,0.859869,2.822386,0.222386,-1.551068,-94.585640,9.000000,4.028062,2.000000,0.000000,1.000000,0.000000
5.099423,-10.043265,-13.998957,0.000000,1.679875,0.865469,2.545344,-0.054656,-1.511019,-94.341621,8.000000,3.113297,2.000000,0.000000,1.000000,0.000000
-8.757460,-13.064325,-13.650142,0.000000,1.638017,0.870929,2.508946,-0.091054,-1.528390,-94.110542,7.000000,1.514990,2.000000,0.000000,1.000000,0.000000
-30.539825,-18.695442,-15.533103,0.000000,1.863972,0.877142,2.741115,0.141115,-1.546156,-93.792946,7.000000,-1.055073,2.000000,0.000000,1.000000,0.000000
-38.688507,-21.581188,-17.790316,0.000000,2.134838,0.884258,3.019096,0.419096,-1.492840,-93.390182,8.000000,2.881102,2.000000,0.000000,1.000000,0.000000
-10.893862,-15.476278,-16.926691,0.000000,2.031203,0.891029,2.922232,0.322232,-1.510786,-93.019608,9.000000,4.541213,2.000000,0.000000,1.000000,0.000000
-25.186289,-20.889183,-18.405537,0.000000,2.208664,0.898391,3.107056,0.507056,-1.463658,-92.655952,8.000000,5.941267,2.000000,0.000000,1.000000,0.000000
-5.363244,-15.005059,-17.136440,0.000000,2.056373,0.905246,2.961619,0.361619,-1.347675,-92.297012,9.000000,5.727523,2.000000,0.000000,1.000000,0.000000
0.419324,-12.578795,-15.435477,0.000000,1.852257,0.911420,2.763677,0.163677,-1.255031,-92.021172,7.000000,2.887183,2.000000,0.000000,1.000000,0.000000
-8.046895,-13.571947,-14.739987,0.000000,1.768798,0.917316,2.686114,0.086114,-1.169932,-91.759666,6.000000,2.167171,2.000000,0.000000,1.000000,0.000000
-58.267765,-26.744392,-19.220163,0.000000,2.306420,0.925004,3.231424,0.631424,-1.139437,-91.356506,5.000000,0.758469,2.000000,0.000000,1.000000,0.000000
-10.457604,-16.878078,-18.346071,0.000000,2.201529,0.932342,3.133871,0.533871,-1.155833,-90.920280,8.000000,-4.119905,2.000000,0.000000,1.000000,0.000000
-24.034023,-20.662544,-19.210604,0.000000,2.305272,0.940027,3.245299,0.645299,-1.239372,-90.544876,8.000000,-2.127218,2.000000,0.000000,1.000000,0.000000
-15.542932,-18.310440,-18.874653,0.000000,2.264958,0.947577,3.212535,0.612535,-1.269714,-90.155144,9.000000,-1.484509,2.000000,0.000000,1.000000,0.000000
-14.023517,-18.015112,-18.553864,0.000000,2.226464,0.954998,3.181462,0.581462,-1.334135,-89.791885,9.000000,1.544789,2.000000,0.000000,1.000000,0.000000
-9.972448,-16.092924,-17.635414,0.000000,2.116250,0.962052,3.078302,0.478302,-1.303179,-89.450806,9.000000,2.099768,2.000000,0.000000,1.000000,0.000000
-6.597601,-15.668503,-16.901340,0.000000,2.028161,0.968813,2.996974,0.396974,-1.252818,-89.133194,8.000000,-1.111855,2.000000,0.000000,1.000000,0.000000
4.289221,-11.411230,-14.852371,0.000000,1.782284,0.974754,2.757038,0.157038,-1.212558,-88.862396,7.000000,0.722749,2.000000,0.000000,1.000000,0.000000
-9.743081,-14.843994,-14.849245,0.000000,1.781909,0.980693,2.762603,0.162603,-1.198327,-88.599846,6.000000,2.689815,2.000000,0.000000,1.000000,0.000000
-11.169719,-14.039168,-14.546915,0.000000,1.745630,0.986512,2.732142,0.132142,-1.254247,-88.311012,6.000000,-1.876536,2.000000,0.000000,1.000000,0.000000
-23.822803,-16.580694,-15.305943,0.000000,1.836713,0.992635,2.829348,0.229348,-1.287444,-88.004814,6.000000,-2.139149,2.000000,0.000000,1.000000,0.000000
-58.316780,-27.665977,-19.918844,0.000000,2.390261,1.000602,3.390863,0.790864,-1.286305,-87.562347,7.000000,-3.966782,2.000000,0.000000,1.000000,0.000000
-7.063351,-16.665512,-18.704664,0.000000,2.244560,1.008084,3.252644,0.652644,-1.503497,-87.119034,11.000000,-8.451000,2.000000,0.000000,1.000000,0.000000
-11.513545,-16.767658,-17.981752,0.000000,2.157810,1.015277,3.173087,0.573087,-1.632080,-86.784698,11.000000,-4.529560,2.000000,0.000000,1.000000,0.000000
-17.527624,-17.417400,-17.771130,0.000000,2.132535,1.022385,3.154921,0.554921,-1.646458,-86.442848,10.000000,0.633866,2.000000,0.000000,1.000000,0.000000
-19.175272,-18.482323,-18.036554,0.000000,2.164387,1.029600,3.193986,0.593987,-1.611501,-86.083855,10.000000,0.825180,2.000000,0.000000,1.000000,0.000000
-6.120540,-15.328763,-17.025976,0.000000,2.043117,1.036410,3.079527,0.479527,-1.586369,-85.745743,10.000000,0.867387,2.000000,0.000000,1.000000,0.000000
2.177255,-11.863495,-15.099281,0.000000,1.811914,1.042450,2.854364,0.254364,-1.581035,-85.473824,10.000000,-0.874970,2.000000,0.000000,1.000000,0.000000
-8.073384,-13.949619,-14.670215,0.000000,1.760426,1.048318,2.808744,0.208744,-1.538159,-85.215691,8.000000,2.685019,2.000000,0.000000,1.000000,0.000000
-16.862814,-15.315249,-14.910949,0.000000,1.789314,1.054282,2.843596,0.243596,-1.535867,-84.923042,8.000000,0.478365,2.000000,0.000000,1.000000,0.000000
-9.913917,-13.643929,-14.438084,0.000000,1.732570,1.060058,2.792628,0.192628,-1.610955,-84.633453,9.000000,2.335621,2.000000,0.000000,1.000000,0.000000
-38.018139,-20.391815,-16.660082,0.000000,1.999210,1.066722,3.065931,0.465931,-1.597443,-84.293098,8.000000,0.384945,2.000000,0.000000,1.000000,0.000000
3.236996,-12.470020,-15.096305,0.000000,1.811557,1.072760,2.884317,0.284317,-1.600179,-83.964478,10.000000,-3.920461,2.000000,0.000000,1.000000,0.000000
-4.295900,-12.441725,-14.105586,0.000000,1.692670,1.078402,2.771073,0.171073,-1.710463,-83.715363,9.000000,-4.109110,2.000000,0.000000,1.000000,0.000000
-30.150105,-20.147041,-16.360323,0.000000,1.963239,1.084947,3.048185,0.448185,-1.822145,-83.389473,9.000000,0.303537,2.000000,0.000000,1.000000,0.000000
-25.731266,-18.734428,-17.246365,0.000000,2.069564,1.091845,3.161409,0.561409,-1.858229,-83.000656,11.000000,2.597235,2.000000,0.000000,1.000000,0.000000
-8.151039,-13.797079,-15.959053,0.000000,1.915086,1.098229,3.013315,0.413315,-1.839996,-82.675339,11.000000,3.043747,2.000000,0.000000,1.000000,0.000000
-13.838217,-13.144938,-14.908794,0.000000,1.789055,1.104192,2.893248,0.293248,-1.791466,-82.405922,10.000000,0.523725,2.000000,0.000000,1.000000,0.000000
-2.971863,-9.983187,-13.070503,0.000000,1.568460,1.109420,2.677881,0.077881,-1.771956,-82.174644,10.000000,-0.029757,2.000000,0.000000,1.000000,0.000000
-6.328637,-10.049117,-11.942888,0.000000,1.433147,1.114198,2.547344,-0.052656,-1.708449,-81.974319,8.000000,3.352494,2.000000,0.000000,1.000000,0.000000
-5.724432,-11.042517,-11.606859,0.000000,1.392823,1.118840,2.511663,-0.088336,-1.632318,-81.763405,7.000000,4.307653,2.000000,0.000000,1.000000,0.000000
-24.395409,-15.649134,-13.115480,0.000000,1.573858,1.124086,2.697944,0.097944,-1.529891,-81.496490,7.000000,4.119283,2.000000,0.000000,1.000000,0.000000
-21.109470,-15.422825,-13.976606,0.000000,1.677193,1.129677,2.806870,0.206870,-1.452288,-81.185768,7.000000,3.464750,2.000000,0.000000,1.000000,0.000000
-38.862087,-21.082088,-16.628450,0.000000,1.995414,1.136329,3.131742,0.531743,-1.480351,-80.820717,8.000000,1.214557,2.000000,0.000000,1.000000,0.000000
-31.888041,-19.754417,-17.795095,0.000000,2.135412,1.143447,3.278858,0.678858,-1.487312,-80.412354,9.000000,0.707466,2.000000,0.000000,1.000000,0.000000
3.357671,-10.308682,-15.001083,0.000000,1.800130,1.149447,2.949577,0.349577,-1.453056,-80.111725,10.000000,-0.805434,2.000000,0.000000,1.000000,0.000000
-4.599969,-10.970106,-13.496678,0.000000,1.619601,1.154846,2.774447,0.174447,-1.458218,-79.898933,8.000000,-0.698436,2.000000,0.000000,1.000000,0.000000
0.869936,-9.046163,-11.835697,0.000000,1.420284,1.159580,2.579864,-0.020136,-1.432316,-79.698769,7.000000,-0.656265,2.000000,0.000000,1.000000,0.000000
-4.081579,-9.931868,-11.125167,0.000000,1.335020,1.164030,2.499050,-0.100950,-1.466146,-79.508987,7.000000,-1.613517,2.000000,0.000000,1.000000,0.000000
-13.675673,-12.018868,-11.458706,0.000000,1.375045,1.168613,2.543658,-0.056342,-1.503871,-79.289482,6.000000,2.041200,2.000000,0.000000,1.000000,0.000000
-20.780731,-13.925982,-12.379520,0.000000,1.485542,1.173565,2.659108,0.059108,-1.473477,-79.030037,6.000000,1.476629,2.000000,0.000000,1.000000,0.000000
-5.585893,-9.127647,-11.165886,0.000000,1.339906,1.178032,2.517938,-0.082062,-1.448532,-78.799500,7.000000,2.098926,2.000000,0.000000,1.000000,0.000000
-3.961740,-6.979999,-9.603666,0.000000,1.152440,1.181873,2.334313,-0.265687,-1.415950,-78.638420,6.000000,-2.516903,2.000000,0.000000,1.000000,0.000000
-15.289320,-11.813083,-10.428245,0.000000,1.251389,1.186044,2.437434,-0.162566,-1.392084,-78.450493,5.000000,3.992070,2.000000,0.000000,1.000000,0.000000
-29.259592,-14.925007,-12.106485,0.000000,1.452778,1.190887,2.643665,0.043665,-1.363422,-78.183113,5.000000,1.266381,2.000000,0.000000,1.000000,0.000000
-26.962238,-16.134829,-13.609907,0.000000,1.633189,1.196331,2.829520,0.229520,-1.322152,-77.872513,6.000000,4.074440,2.000000,0.000000,1.000000,0.000000
-14.351569,-13.733489,-13.656030,0.000000,1.638723,1.201793,2.840517,0.240517,-1.246280,-77.573830,7.000000,4.968491,2.000000,0.000000,1.000000,0.000000
9.787309,-6.351139,-10.929764,0.000000,1.311572,1.206165,2.517737,-0.082263,-1.117175,-77.372986,6.000000,4.773138,2.000000,0.000000,1.000000,0.000000
6.745985,-5.761396,-9.000872,0.000000,1.080105,1.209766,2.289870,-0.310130,-1.065478,-77.251862,4.000000,2.131409,2.000000,0.000000,1.000000,0.000000
-10.707478,-11.388253,-9.891869,0.000000,1.187024,1.213722,2.400747,-0.199253,-1.091896,-77.080368,3.000000,1.431857,2.000000,0.000000,1.000000,0.000000
0.379834,-6.633768,-8.675909,0.000000,1.041109,1.217193,2.258302,-0.341698,-1.084661,-76.900146,4.000000,-1.351864,2.000000,0.000000,1.000000,0.000000
-10.669859,-9.058144,-8.818563,0.000000,1.058228,1.220720,2.278948,-0.321052,-1.129411,-76.743225,3.000000,-2.282564,2.000000,0.000000,1.000000,0.000000
-17.784401,-11.449132,-9.800321,0.000000,1.176039,1.224640,2.400679,-0.199321,-1.218464,-76.538155,4.000000,-7.214636,2.000000,0.000000,1.000000,0.000000
-9.030943,-10.785843,-10.168128,0.000000,1.220175,1.228708,2.448883,-0.151117,-1.306912,-76.315804,5.000000,2.047409,2.000000,0.000000,1.000000,0.000000
0.786028,-8.510897,-9.549631,0.000000,1.145956,1.232527,2.378483,-0.221517,-1.295530,-76.122833,5.000000,-1.764243,2.000000,0.000000,1.000000,0.000000
-4.941570,-10.215077,-9.797983,0.000000,1.175758,1.236447,2.412205,-0.187795,-1.309799,-75.935570,5.000000,3.677095,2.000000,0.000000,1.000000,0.000000
-11.214508,-11.837823,-10.559274,0.000000,1.267113,1.240670,2.507783,-0.092217,-1.336539,-75.715042,5.000000,1.523759,2.000000,0.000000,1.000000,0.000000
-42.875145,-19.382666,-13.852261,0.000000,1.662271,1.246211,2.908483,0.308483,-1.399946,-75.402840,6.000000,-2.796211,2.000000,0.000000,1.000000,0.000000
-13.616580,-14.400464,-14.056856,0.000000,1.686823,1.251834,2.938657,0.338657,-1.446296,-75.065010,8.000000,-1.943513,2.000000,0.000000,1.000000,0.000000
-3.121429,-11.701312,-13.177741,0.000000,1.581329,1.257105,2.838434,0.238434,-1.462007,-74.803993,8.000000,1.226438,2.000000,0.000000,1.000000,0.000000
-11.596844,-12.985905,-13.106146,0.000000,1.572737,1.262347,2.835085,0.235085,-1.474591,-74.557121,8.000000,-2.284160,2.000000,0.000000,1.000000,0.000000
-1.710405,-10.058515,-11.968737,0.000000,1.436248,1.267135,2.703383,0.103384,-1.497653,-74.326675,8.000000,-1.980890,2.000000,0.000000,1.000000,0.000000
-12.772454,-12.562987,-12.190517,0.000000,1.462862,1.272011,2.734873,0.134873,-1.566820,-74.100464,8.000000,-2.823268,2.000000,0.000000,1.000000,0.000000
-7.565922,-11.944201,-12.098589,0.000000,1.451831,1.276851,2.728681,0.128681,-1.578857,-73.855392,8.000000,-8.926732,2.000000,0.000000,1.000000,0.000000
2.866818,-7.563132,-10.405907,0.000000,1.248709,1.281013,2.529722,-0.070278,-1.658055,-73.660316,8.000000,-0.837700,2.000000,0.000000,1.000000,0.000000
-6.428465,-8.942073,-9.859588,0.000000,1.183151,1.284957,2.468107,-0.131893,-1.789546,-73.495262,8.000000,-1.131144,2.000000,0.000000,1.000000,0.000000
2.404556,-6.028049,-8.429615,0.000000,1.011554,1.288329,2.299882,-0.300117,-1.840526,-73.345558,8.000000,-7.536177,2.000000,0.000000,1.000000,0.000000
-8.972791,-8.592492,-8.490402,0.000000,1.018848,1.291725,2.310573,-0.289427,-1.938745,-73.199356,8.000000,-2.969789,2.000000,0.000000,1.000000,0.000000
-7.386474,-7.581171,-8.151067,0.000000,0.978128,1.294985,2.273113,-0.326887,-2.027331,-73.037621,8.000000,-2.125702,2.000000,0.000000,1.000000,0.000000
-6.465787,-8.664555,-8.342706,0.000000,1.001125,1.298322,2.299447,-0.300553,-2.088580,-72.875160,8.000000,2.053819,2.000000,0.000000,1.000000,0.000000
-11.679738,-10.209847,-9.039543,0.000000,1.084745,1.301938,2.386683,-0.213317,-2.078784,-72.686417,8.000000,7.342216,2.000000,0.000000,1.000000,0.000000
-8.160467,-12.239359,-10.233749,0.000000,1.228050,1.306031,2.534081,-0.065918,-2.032001,-72.461922,9.000000,6.863218,2.000000,0.000000,1.000000,0.000000
-13.488412,-10.628153,-10.380945,0.000000,1.245713,1.310184,2.555897,-0.044103,-1.957850,-72.233246,9.000000,3.241240,2.000000,0.000000,1.000000,0.000000
-4.145292,-9.378749,-10.006914,0.000000,1.200830,1.314187,2.515016,-0.084984,-1.967641,-72.033180,9.000000,-2.019217,2.000000,0.000000,1.000000,0.000000
-13.272192,-11.532292,-10.576202,0.000000,1.269144,1.318417,2.587562,-0.012438,-2.038006,-71.824066,9.000000,-6.481974,2.000000,0.000000,1.000000,0.000000
-6.645893,-10.289394,-10.469163,0.000000,1.256299,1.322605,2.578904,-0.021096,-2.074578,-71.605850,10.000000,0.291746,2.000000,0.000000,1.000000,0.000000
-2.828519,-8.145656,-9.602004,0.000000,1.152241,1.326446,2.478686,-0.121314,-2.075339,-71.421501,10.000000,-0.932950,2.000000,0.000000,1.000000,0.000000
-1.352105,-7.433406,-8.792660,0.000000,1.055119,1.329963,2.385082,-0.214918,-2.094971,-71.265709,9.000000,-1.617145,2.000000,0.000000,1.000000,0.000000
-1.375317,-8.062678,-8.520223,0.000000,1.022427,1.333371,2.355798,-0.244202,-2.138092,-71.110748,9.000000,-0.317355,2.000000,0.000000,1.000000,0.000000
-4.400754,-8.903603,-8.663304,0.000000,1.039596,1.336836,2.376432,-0.223567,-2.185588,-70.941086,9.000000,-1.758374,2.000000,0.000000,1.000000,0.000000
-12.643780,-11.101920,-9.573422,0.000000,1.148811,1.340665,2.489476,-0.110524,-2.160913,-70.741028,9.000000,3.389375,2.000000,0.000000,1.000000,0.000000
1.479567,-6.341166,-8.367108,0.000000,1.004053,1.344012,2.348065,-0.251935,-2.104785,-70.566597,9.000000,-0.732251,2.000000,0.000000,1.000000,0.000000
-5.609256,-6.911746,-7.823951,0.000000,0.938874,1.347142,2.286016,-0.313984,-2.069261,-70.434067,9.000000,3.575233,2.000000,0.000000,1.000000,0.000000
-43.766888,-16.617863,-11.105935,0.000000,1.332712,1.351584,2.684296,0.084296,-2.004892,-70.198769,8.000000,0.042622,2.000000,0.000000,1.000000,0.000000
-13.596439,-10.212055,-10.772329,0.000000,1.292680,1.355893,2.648573,0.048573,-2.004409,-69.930466,10.000000,-1.953748,2.000000,0.000000,1.000000,0.000000
4.966684,-3.482961,-8.051857,0.000000,0.966223,1.359114,2.325337,-0.274663,-1.974868,-69.793518,10.000000,-2.564470,2.000000,0.000000,1.000000,0.000000
-16.611750,-12.438858,-9.689134,0.000000,1.162696,1.362990,2.525686,-0.074314,-1.859513,-69.634300,7.000000,-3.027506,2.000000,0.000000,1.000000,0.000000
-2.111385,-7.955451,-9.042105,0.000000,1.085052,1.366606,2.451659,-0.148341,-1.801052,-69.430359,8.000000,0.387527,2.000000,0.000000,1.000000,0.000000
-10.224874,-9.891227,-9.359007,0.000000,1.123081,1.370350,2.493431,-0.106569,-1.838424,-69.251892,8.000000,-4.581984,2.000000,0.000000,1.000000,0.000000
-4.937183,-8.007243,-8.854514,0.000000,1.062542,1.373892,2.436434,-0.163566,-1.897238,-69.072906,8.000000,-1.697948,2.000000,0.000000,1.000000,0.000000
-6.187104,-8.639034,-8.774095,0.000000,1.052891,1.377401,2.430293,-0.169707,-1.941417,-68.906441,8.000000,-2.951512,2.000000,0.000000,1.000000,0.000000
-2.380422,-8.117756,-8.529141,0.000000,1.023497,1.380813,2.404310,-0.195690,-1.940234,-68.738876,8.000000,2.948408,2.000000,0.000000,1.000000,0.000000
1.104608,-5.067533,-7.237231,0.000000,0.868468,1.383708,2.252176,-0.347824,-1.905710,-68.607025,8.000000,0.788204,2.000000,0.000000,1.000000,0.000000
-19.833788,-9.468710,-8.070044,0.000000,0.968405,1.386936,2.355341,-0.244659,-1.881657,-68.461662,7.000000,-0.965672,2.000000,0.000000,1.000000,0.000000
1.568117,-4.456294,-6.721353,0.000000,0.806562,1.389625,2.196187,-0.403813,-1.868740,-68.322411,8.000000,4.617908,2.000000,0.000000,1.000000,0.000000
-8.048670,-5.370455,-6.217183,0.000000,0.746062,1.392111,2.138173,-0.461827,-1.864401,-68.224144,7.000000,-0.785737,2.000000,0.000000,1.000000,0.000000
-17.353193,-7.403497,-6.659928,0.000000,0.799191,1.394775,2.193967,-0.406033,-1.917632,-68.096405,7.000000,4.206765,2.000000,0.000000,1.000000,0.000000
-45.569553,-15.567393,-9.984292,0.000000,1.198115,1.398769,2.596884,-0.003116,-1.856037,-67.866699,7.000000,5.017621,2.000000,0.000000,1.000000,0.000000
-23.402914,-12.972166,-11.099400,0.000000,1.331928,1.403209,2.735137,0.135137,-1.858332,-67.581306,9.000000,5.128229,2.000000,0.000000,1.000000,0.000000
-11.721888,-13.056820,-11.829930,0.000000,1.419592,1.407941,2.827532,0.227532,-1.826550,-67.321014,9.000000,7.667213,2.000000,0.000000,1.000000,0.000000
-9.939787,-13.877883,-12.594249,0.000000,1.511310,1.412979,2.924288,0.324288,-1.768421,-67.051666,9.000000,5.786400,2.000000,0.000000,1.000000,0.000000
-3.718940,-11.957724,-12.356690,0.000000,1.482803,1.417921,2.900724,0.300724,-1.707634,-66.793312,10.000000,2.132119,2.000000,0.000000,1.000000,0.000000
6.174922,-8.794273,-11.027157,0.000000,1.323259,1.422332,2.745591,0.145591,-1.645715,-66.585793,9.000000,0.310163,2.000000,0.000000,1.000000,0.000000
-10.179975,-11.663919,-11.264804,0.000000,1.351776,1.426838,2.778615,0.178615,-1.666499,-66.381210,9.000000,-1.246614,2.000000,0.000000,1.000000,0.000000
-12.030519,-10.874999,-11.119325,0.000000,1.334319,1.431286,2.765604,0.165605,-1.611820,-66.155823,8.000000,1.744183,2.000000,0.000000,1.000000,0.000000
1.162190,-8.384758,-10.098754,0.000000,1.211850,1.435325,2.647176,0.047176,-1.594021,-65.963226,8.000000,-1.157818,2.000000,0.000000,1.000000,0.000000
-8.740577,-9.755347,-9.970591,0.000000,1.196471,1.439313,2.635784,0.035784,-1.599707,-65.781822,8.000000,-0.160352,2.000000,0.000000,1.000000,0.000000
-20.377796,-12.316063,-10.845946,0.000000,1.301514,1.443652,2.745165,0.145165,-1.615482,-65.561111,8.000000,-0.601725,2.000000,0.000000,1.000000,0.000000
-11.499137,-11.100554,-10.940969,0.000000,1.312916,1.448028,2.760944,0.160944,-1.630485,-65.326942,8.000000,-2.022468,2.000000,0.000000,1.000000,0.000000
-2.434395,-9.147478,-10.271618,0.000000,1.232594,1.452137,2.684731,0.084731,-1.664706,-65.124466,9.000000,-0.049913,2.000000,0.000000,1.000000,0.000000
-32.761021,-17.280895,-12.887557,0.000000,1.546507,1.457292,3.003798,0.403799,-1.664760,-64.860184,8.000000,3.080047,2.000000,0.000000,1.000000,0.000000
-18.456892,-15.698975,-13.936809,0.000000,1.672417,1.462867,3.135283,0.535284,-1.605710,-64.530388,10.000000,5.732235,2.000000,0.000000,1.000000,0.000000
-21.706652,-17.685431,-15.335835,0.000000,1.840300,1.469001,3.309301,0.709301,-1.491992,-64.196541,10.000000,3.752816,2.000000,0.000000,1.000000,0.000000
-1.629434,-12.956642,-14.447894,0.000000,1.733747,1.474780,3.208527,0.608527,-1.334236,-63.890121,10.000000,2.682839,2.000000,0.000000,1.000000,0.000000
-0.516015,-10.435728,-12.950510,0.000000,1.554061,1.479960,3.034021,0.434021,-1.220548,-63.656197,9.000000,1.615077,2.000000,0.000000,1.000000,0.000000
7.491595,-8.185814,-11.172273,0.000000,1.340673,1.484429,2.825102,0.225102,-1.150841,-63.469982,7.000000,-2.550980,2.000000,0.000000,1.000000,0.000000
0.719519,-7.728505,-9.887021,0.000000,1.186442,1.488384,2.674827,0.074827,-1.155732,-63.310841,6.000000,-1.233652,2.000000,0.000000,1.000000,0.000000
-3.732088,-8.246975,-9.274938,0.000000,1.112993,1.492094,2.605087,0.005087,-1.196069,-63.151085,6.000000,-3.289941,2.000000,0.000000,1.000000,0.000000
-3.628182,-8.525067,-8.995078,0.000000,1.079409,1.495692,2.575101,-0.024899,-1.233902,-62.983364,6.000000,2.688349,2.000000,0.000000,1.000000,0.000000
1.084707,-5.740883,-7.780577,0.000000,0.933669,1.498804,2.432473,-0.167526,-1.229854,-62.840706,6.000000,3.512861,2.000000,0.000000,1.000000,0.000000
-8.265044,-7.779443,-7.780154,0.000000,0.933618,1.501916,2.435535,-0.164465,-1.224069,-62.705502,5.000000,-0.740231,2.000000,0.000000,1.000000,0.000000
1.957712,-5.428442,-6.902469,0.000000,0.828296,1.504677,2.332973,-0.267026,-1.205460,-62.573421,5.000000,0.736395,2.000000,0.000000,1.000000,0.000000
1.253046,-3.939924,-5.796814,0.000000,0.695618,1.506996,2.202614,-0.397386,-1.173303,-62.479736,4.000000,5.928776,2.000000,0.000000,1.000000,0.000000
7.983018,-1.376285,-4.147024,0.000000,0.497643,1.508655,2.006298,-0.593702,-1.070098,-62.426575,3.000000,3.332835,2.000000,0.000000,1.000000,0.000000
4.640556,-1.782225,-3.264455,0.000000,0.391735,1.509961,1.901695,-0.698305,-1.041761,-62.394989,2.000000,-0.446333,2.000000,0.000000,1.000000,0.000000
-15.912409,-5.357986,-4.045784,0.000000,0.485494,1.511579,1.997073,-0.602927,-1.040429,-62.323586,1.000000,0.291769,2.000000,0.000000,1.000000,0.000000
0.458960,-1.449782,-3.076928,0.000000,0.369231,1.512810,1.882041,-0.717959,-1.042643,-62.255508,2.000000,-2.272911,2.000000,0.000000,1.000000,0.000000
-17.217655,-5.285572,-3.901218,0.000000,0.468146,1.514370,1.982516,-0.617484,-1.036053,-62.188156,1.000000,0.853108,2.000000,0.000000,1.000000,0.000000
3.691823,3.112814,-1.283504,0.000000,0.154020,1.514884,1.668904,-0.931096,-1.011350,-62.166428,1.000000,-1.468058,2.000000,0.000000,1.000000,0.000000
6.125122,4.256074,0.783928,0.000000,-0.094071,1.514570,1.420499,-1.179501,-0.986269,-62.240116,0.000000,-0.811722,2.000000,0.000000,1.000000,0.000000
-9.878263,1.418295,1.020681,0.000000,-0.122482,1.514162,1.391680,-1.208320,-1.053216,-62.296860,0.000000,2.950929,2.000000,0.000000,1.000000,0.000000
-50.075954,-11.659554,-3.711723,0.000000,0.445407,1.515646,1.961053,-0.638947,-1.048422,-62.194447,0.000000,-2.330333,2.000000,0.000000,1.000000,0.000000
-9.271994,-5.282688,-4.298024,0.000000,0.515763,1.517366,2.033128,-0.566871,-1.025390,-62.025024,1.000000,2.222046,2.000000,0.000000,1.000000,0.000000
3.529697,-1.877846,-3.394787,0.000000,0.407374,1.518723,1.926098,-0.673902,-0.963384,-61.953419,2.000000,4.792256,2.000000,0.000000,1.000000,0.000000
6.191856,-0.372298,-2.266761,0.000000,0.272011,1.519630,1.791641,-0.808358,-0.888992,-61.930916,1.000000,1.414888,2.000000,0.000000,1.000000,0.000000
2.504480,-0.931296,-1.768351,0.000000,0.212202,1.520338,1.732540,-0.867460,-0.901228,-61.917881,0.000000,-2.558844,2.000000,0.000000,1.000000,0.000000
-2.359402,-1.610538,-1.709453,0.000000,0.205134,1.521021,1.726156,-0.873844,-0.949784,-61.892464,0.000000,-2.914367,2.000000,0.000000,1.000000,0.000000
-3.638086,-2.017968,-1.824594,0.000000,0.218951,1.521751,1.740703,-0.859297,-0.993140,-61.856178,0.000000,-1.816492,2.000000,0.000000,1.000000,0.000000
-2.033829,-1.912435,-1.857378,0.000000,0.222885,1.522494,1.745379,-0.854620,-1.013391,-61.816875,0.000000,0.490953,2.000000,0.000000,1.000000,0.000000
-2.919166,-1.962292,-1.896533,0.000000,0.227584,1.523253,1.750837,-0.849163,-1.064835,-61.778130,1.000000,-4.215945,2.000000,0.000000,1.000000,0.000000
14.417534,2.964684,-0.082273,0.000000,0.009873,1.523286,1.533158,-1.066841,-1.104974,-61.788155,1.000000,-4.022424,2.000000,0.000000,1.000000,0.000000
-4.898755,-0.784624,-0.344398,0.000000,0.041328,1.523423,1.564751,-1.035249,-1.151991,-61.809956,0.000000,-1.356224,2.000000,0.000000,1.000000,0.000000
-1.601761,-0.492276,-0.399588,0.000000,0.047951,1.523583,1.571534,-1.028466,-1.160419,-61.797188,0.000000,-2.412731,2.000000,0.000000,1.000000,0.000000
-3.397125,-2.974952,-1.360742,0.000000,0.163289,1.524128,1.687417,-0.912583,-1.027323,-61.762516,0.000000,-5.421949,2.000000,0.000000,1.000000,0.000000
15.771400,3.204960,0.343228,0.000000,-0.041187,1.523990,1.482803,-1.117197,-1.107198,-61.764816,0.000000,0.171848,2.000000,0.000000,1.000000,0.000000
5.147685,1.062031,0.611493,0.000000,-0.073379,1.523746,1.450366,-1.149633,-1.173962,-61.807487,0.000000,1.211839,2.000000,0.000000,1.000000,0.000000
0.714865,0.619653,0.614538,0.000000,-0.073745,1.523500,1.449755,-1.150245,-1.131058,-61.824303,0.000000,0.519685,2.000000,0.000000,1.000000,0.000000
1.732512,0.894070,0.718863,0.000000,-0.086264,1.523212,1.436949,-1.163051,-1.146449,-61.839439,0.000000,2.676563,2.000000,0.000000,1.000000,0.000000
1.446702,0.263373,0.548869,0.000000,-0.065864,1.522993,1.457128,-1.142871,-1.117135,-61.851013,0.000000,1.432412,2.000000,0.000000,1.000000,0.000000
0.631837,1.719164,0.985636,0.000000,-0.118276,1.522599,1.404322,-1.195678,-1.141552,-61.870838,0.000000,-2.619813,2.000000,0.000000,1.000000,0.000000
17.100351,5.405741,2.635267,0.000000,-0.316232,1.521544,1.205312,-1.394688,-1.178565,-61.942089,0.000000,-0.966241,2.000000,0.000000,1.000000,0.000000
-13.396239,-2.341262,0.777972,0.000000,-0.093357,1.521233,1.427877,-1.172123,-1.221786,-61.972733,0.000000,-3.159903,2.000000,0.000000,1.000000,0.000000
-4.441206,-1.139859,0.062216,0.000000,-0.007466,1.521208,1.513742,-1.086257,-1.290177,-61.937920,0.000000,-4.886577,2.000000,0.000000,1.000000,0.000000
-0.507517,-1.428116,-0.493992,0.000000,0.059279,1.521406,1.580685,-1.019315,-1.427434,-61.912239,1.000000,-5.570706,2.000000,0.000000,1.000000,0.000000
-1.390589,-1.517746,-0.876068,0.000000,0.105128,1.521757,1.626885,-0.973115,-1.503001,-61.882782,2.000000,-0.478959,2.000000,0.000000,1.000000,0.000000
-2.960231,-2.442409,-1.460644,0.000000,0.175277,1.522341,1.697618,-0.902382,-1.427223,-61.843182,2.000000,-3.008523,2.000000,0.000000,1.000000,0.000000
12.456315,3.082349,0.234851,0.000000,-0.028182,1.522247,1.494065,-1.105935,-1.376711,-61.849583,2.000000,1.059143,2.000000,0.000000,1.000000,0.000000
-0.274252,0.571649,0.360548,0.000000,-0.043266,1.522103,1.478837,-1.121163,-1.442186,-61.886124,1.000000,0.357783,2.000000,0.000000,1.000000,0.000000
-5.154889,0.430574,0.386683,0.000000,-0.046402,1.521948,1.475546,-1.124454,-1.561446,-61.896145,2.000000,-6.975688,2.000000,0.000000,1.000000,0.000000
7.505866,3.855042,1.681113,0.000000,-0.201733,1.521276,1.319542,-1.280458,-1.594360,-61.938999,2.000000,-2.789168,2.000000,0.000000,1.000000,0.000000
7.221307,3.598567,2.396728,0.000000,-0.287607,1.520317,1.232710,-1.367290,-1.622553,-62.013535,1.000000,3.684291,2.000000,0.000000,1.000000,0.000000
7.488851,3.640221,2.860813,0.000000,-0.343298,1.519173,1.175875,-1.424125,-1.615810,-62.085922,1.000000,-2.177447,2.000000,0.000000,1.000000,0.000000
-1.749490,-0.108968,1.752458,0.000000,-0.210295,1.518472,1.308177,-1.291823,-1.615819,-62.121235,0.000000,2.985457,2.000000,0.000000,1.000000,0.000000
-12.197615,-3.309218,-0.136615,0.000000,0.016394,1.518526,1.534920,-1.065080,-1.684861,-62.087051,1.000000,-1.819559,2.000000,0.000000,1.000000,0.000000
-2.864697,1.755341,0.569484,0.000000,-0.068338,1.518298,1.449960,-1.150040,-1.767334,-62.071514,3.000000,-8.422237,2.000000,0.000000,1.000000,0.000000
4.218538,5.590184,2.443264,0.000000,-0.293192,1.517321,1.224129,-1.375870,-1.840598,-62.144970,3.000000,-3.548423,2.000000,0.000000,1.000000,0.000000
15.109550,8.374448,4.656847,0.000000,-0.558822,1.515458,0.956637,-1.643363,-1.958450,-62.284615,2.000000,0.689176,2.000000,0.000000,1.000000,0.000000
45.450268,17.729389,9.535664,0.000000,-1.144280,1.511644,0.367365,-2.232635,-1.969723,-62.545654,1.000000,-4.829731,2.000000,0.000000,1.000000,0.000000
36.988022,15.298635,11.686468,0.000000,-1.402376,1.506970,0.104593,-2.495407,-2.045878,-62.875935,0.000000,-3.295596,2.000000,0.000000,1.000000,0.000000
-4.158535,6.998816,9.936985,0.000000,-1.192438,1.502995,0.310557,-2.289443,-2.073827,-63.098907,-2.000000,-1.196710,2.000000,0.000000,1.000000,0.000000
-0.367560,5.505262,8.283017,0.000000,-0.993962,1.499682,0.505720,-2.094280,-2.105846,-63.223949,0.000000,-0.694476,2.000000,0.000000,1.000000,0.000000
-8.260460,1.508158,5.754565,0.000000,-0.690548,1.497380,0.806832,-1.793168,-2.266555,-63.294083,0.000000,-0.972377,2.000000,0.000000,1.000000,0.000000
1.258992,5.449053,5.640545,0.000000,-0.676865,1.495124,0.818258,-1.781742,-2.378721,-63.363655,2.000000,-2.868986,2.000000,0.000000,1.000000,0.000000
2.792079,6.440955,5.939267,0.000000,-0.712712,1.492748,0.780036,-1.819964,-2.379404,-63.482555,2.000000,-4.554058,2.000000,0.000000,1.000000,0.000000
1.241152,5.191833,5.660316,0.000000,-0.679238,1.490484,0.811246,-1.788754,-2.367908,-63.598885,2.000000,-3.179829,2.000000,0.000000,1.000000,0.000000
0.502136,6.742680,6.064266,0.000000,-0.727712,1.488058,0.760346,-1.839654,-2.387240,-63.718231,3.000000,-2.677185,2.000000,0.000000,1.000000,0.000000
4.294896,7.229389,6.499103,0.000000,-0.779892,1.485458,0.705566,-1.894434,-2.335131,-63.857952,2.000000,2.359784,2.000000,0.000000,1.000000,0.000000
8.175880,10.215744,7.886194,0.000000,-0.946343,1.482304,0.535961,-2.064039,-2.220767,-64.032402,1.000000,-1.334745,2.000000,0.000000,1.000000,0.000000
7.447601,8.919827,8.271957,0.000000,-0.992635,1.478995,0.486360,-2.113640,-2.191330,-64.223755,0.000000,-0.099351,2.000000,0.000000,1.000000,0.000000
3.049366,8.284045,8.276468,0.000000,-0.993176,1.475685,0.482508,-2.117491,-2.114234,-64.395790,0.000000,-2.534461,2.000000,0.000000,1.000000,0.000000
13.119549,11.422607,9.450642,0.000000,-1.134077,1.471904,0.337827,-2.262173,-2.140440,-64.592857,0.000000,-3.387468,2.000000,0.000000,1.000000,0.000000
20.551741,12.218510,10.483641,0.000000,-1.258037,1.467711,0.209674,-2.390326,-2.175097,-64.829269,0.000000,-2.969063,2.000000,0.000000,1.000000,0.000000
6.575705,8.093571,9.591640,0.000000,-1.150997,1.463874,0.312877,-2.287122,-2.171314,-65.032387,-1.000000,-5.491672,2.000000,0.000000,1.000000,0.000000
-22.408421,0.359600,6.146142,0.000000,-0.737537,1.461416,0.723879,-1.876121,-2.198628,-65.116920,0.000000,0.564451,2.000000,0.000000,1.000000,0.000000
0.911825,3.839520,5.285285,0.000000,-0.634234,1.459302,0.825068,-1.774932,-2.159652,-65.158913,1.000000,-1.849826,2.000000,0.000000,1.000000,0.000000
11.002907,4.221822,4.888389,0.000000,-0.586607,1.457346,0.870740,-1.729260,-2.147755,-65.239525,1.000000,-1.324333,2.000000,0.000000,1.000000,0.000000
29.906391,12.492107,7.726180,0.000000,-0.927142,1.454256,0.527114,-2.072886,-2.189161,-65.406662,2.000000,3.120787,2.000000,0.000000,1.000000,0.000000
38.649456,12.742474,9.598316,0.000000,-1.151798,1.450416,0.298619,-2.301381,-2.187558,-65.659004,0.000000,-0.466253,2.000000,0.000000,1.000000,0.000000
-2.307509,4.528519,7.706212,0.000000,-0.924745,1.447334,0.522588,-2.077411,-2.151908,-65.831711,0.000000,2.059334,2.000000,0.000000,1.000000,0.000000
-0.257345,1.947397,5.556959,0.000000,-0.666835,1.445111,0.778276,-1.821724,-2.106830,-65.896469,0.000000,-1.536140,2.000000,0.000000,1.000000,0.000000
8.276215,2.575594,4.444281,0.000000,-0.533314,1.443333,0.910020,-1.689980,-2.102830,-65.941696,1.000000,5.358619,2.000000,0.000000,1.000000,0.000000
1.596151,0.395514,2.933237,0.000000,-0.351988,1.442160,1.090172,-1.509828,-2.041795,-65.971405,1.000000,4.141415,2.000000,0.000000,1.000000,0.000000
-10.429111,-5.025742,-0.037142,0.000000,0.004457,1.442175,1.446632,-1.153368,-2.035682,-65.925102,2.000000,4.921065,2.000000,0.000000,1.000000,0.000000
-0.796118,-1.162632,-0.457187,0.000000,0.054862,1.442358,1.497220,-1.102780,-2.024367,-65.863220,4.000000,3.209266,2.000000,0.000000,1.000000,0.000000
11.293832,4.881037,1.535097,0.000000,-0.184212,1.441744,1.257532,-1.342468,-2.090415,-65.900406,4.000000,0.761582,2.000000,0.000000,1.000000,0.000000
-7.089666,-0.476890,0.784201,0.000000,-0.094104,1.441430,1.347326,-1.252674,-2.082757,-65.944450,3.000000,-7.301325,2.000000,0.000000,1.000000,0.000000
-0.065495,0.907288,0.830139,0.000000,-0.099617,1.441098,1.341482,-1.258518,-2.158700,-65.948753,4.000000,-5.534049,2.000000,0.000000,1.000000,0.000000
12.215415,3.004919,1.641791,0.000000,-0.197015,1.440441,1.243427,-1.356573,-2.253736,-65.987877,4.000000,-2.391653,2.000000,0.000000,1.000000,0.000000
-33.891792,-11.286370,-3.183141,0.000000,0.381977,1.441715,1.823692,-0.776308,-2.254921,-65.905060,4.000000,-1.551700,2.000000,0.000000,1.000000,0.000000
-6.140519,-6.403625,-4.385061,0.000000,0.526207,1.443469,1.969676,-0.630324,-2.278073,-65.728157,7.000000,-2.538265,2.000000,0.000000,1.000000,0.000000
-10.980520,-6.999377,-5.360753,0.000000,0.643290,1.445613,2.088903,-0.511096,-2.330643,-65.594124,8.000000,-3.501634,2.000000,0.000000,1.000000,0.000000
-1.671217,-6.264910,-5.698194,0.000000,0.683783,1.447892,2.131676,-0.468324,-2.297293,-65.461479,8.000000,10.511280,2.000000,0.000000,1.000000,0.000000
2.389641,-7.883944,-6.513940,0.000000,0.781673,1.450498,2.232171,-0.367829,-2.222498,-65.319992,8.000000,2.368016,2.000000,0.000000,1.000000,0.000000
-22.428034,-12.573797,-8.775545,0.000000,1.053065,1.454008,2.507074,-0.092926,-2.119020,-65.115417,8.000000,2.644812,2.000000,0.000000,1.000000,0.000000
-3.003077,-8.366523,-8.622893,0.000000,1.034747,1.457457,2.492205,-0.107795,-2.045799,-64.906013,9.000000,0.263783,2.000000,0.000000,1.000000,0.000000
6.149851,-3.857506,-6.844398,0.000000,0.821328,1.460195,2.281523,-0.318477,-1.946552,-64.783775,9.000000,3.351847,2.000000,0.000000,1.000000,0.000000
11.168194,0.198792,-4.215802,0.000000,0.505896,1.461882,1.967778,-0.632222,-1.929856,-64.747185,8.000000,6.153581,2.000000,0.000000,1.000000,0.000000
1.328498,-1.597329,-3.238559,0.000000,0.388627,1.463177,1.851804,-0.748196,-1.798614,-64.733200,5.000000,11.656852,2.000000,0.000000,1.000000,0.000000
2.403900,0.185638,-1.960611,0.000000,0.235273,1.463961,1.699235,-0.900765,-1.701412,-64.719086,4.000000,9.150958,2.000000,0.000000,1.000000,0.000000
9.714219,-0.223881,-1.312444,0.000000,0.157493,1.464486,1.621980,-0.978020,-1.611670,-64.718704,3.000000,2.723551,2.000000,0.000000,1.000000,0.000000
-72.287247,-19.592644,-8.134816,0.000000,0.976178,1.467740,2.443918,-0.156082,-1.592072,-64.520538,3.000000,-4.534685,2.000000,0.000000,1.000000,0.000000
-30.374399,-10.287857,-8.938354,0.000000,1.072603,1.471316,2.543918,-0.056082,-1.717963,-64.221733,7.000000,-4.887675,2.000000,0.000000,1.000000,0.000000
-8.594563,-7.018181,-8.221725,0.000000,0.986607,1.474604,2.461211,-0.138789,-1.834113,-64.048676,8.000000,0.308771,2.000000,0.000000,1.000000,0.000000
-5.900693,-5.055770,-7.040155,0.000000,0.844819,1.477420,2.322239,-0.277761,-1.909248,-63.927937,8.000000,-0.946585,2.000000,0.000000,1.000000,0.000000
-16.521730,-7.300064,-7.137156,0.000000,0.856459,1.480275,2.336734,-0.263266,-1.906642,-63.804379,8.000000,-1.675592,2.000000,0.000000,1.000000,0.000000
-8.366798,-6.455271,-6.882669,0.000000,0.825920,1.483028,2.308949,-0.291051,-1.899592,-63.666824,8.000000,-4.578216,2.000000,0.000000,1.000000,0.000000
0.028364,-2.238505,-5.149416,0.000000,0.617930,1.485088,2.103018,-0.496982,-1.885896,-63.579887,8.000000,4.464520,2.000000,0.000000,1.000000,0.000000
-4.571186,-3.654559,-4.591519,0.000000,0.550982,1.486925,2.037907,-0.562093,-1.839107,-63.520958,6.000000,4.255815,2.000000,0.000000,1.000000,0.000000
-3.628828,-3.576234,-4.212604,0.000000,0.505512,1.488610,1.994122,-0.605878,-2.003374,-63.448650,7.000000,-0.741563,2.000000,0.000000,1.000000,0.000000
-17.135979,-6.613980,-5.108824,0.000000,0.613059,1.490653,2.103712,-0.496288,-1.979643,-63.346748,6.000000,-0.337011,2.000000,0.000000,1.000000,0.000000
5.046620,-3.342185,-4.449494,0.000000,0.533939,1.492433,2.026372,-0.573628,-1.922660,-63.247189,7.000000,1.642401,2.000000,0.000000,1.000000,0.000000
-4.350445,-4.805388,-4.582318,0.000000,0.549878,1.494266,2.044144,-0.555856,-1.794204,-63.165714,6.000000,-3.175286,2.000000,0.000000,1.000000,0.000000
-3.055706,-1.948420,-3.599318,0.000000,0.431918,1.495706,1.927624,-0.672376,-1.765322,-63.098175,6.000000,0.409349,2.000000,0.000000,1.000000,0.000000
3.451448,0.333013,-2.131729,0.000000,0.255807,1.496558,1.752366,-0.847634,-1.835379,-63.082020,5.000000,4.109912,2.000000,0.000000,1.000000,0.000000
-14.505871,-5.280182,-3.306766,0.000000,0.396812,1.497881,1.894693,-0.705307,-1.913005,-63.032547,5.000000,-3.160194,2.000000,0.000000,1.000000,0.000000
-9.284954,-5.207489,-4.016137,0.000000,0.481936,1.499488,1.981424,-0.618576,-2.028539,-62.927670,6.000000,0.057818,2.000000,0.000000,1.000000,0.000000
-19.423939,-8.109573,-5.543852,0.000000,0.665262,1.501705,2.166967,-0.433033,-2.164113,-62.794498,7.000000,-2.115066,2.000000,0.000000,1.000000,0.000000
-12.127089,-10.231256,-7.293242,0.000000,0.875189,1.504622,2.379811,-0.220189,-2.323998,-62.611092,9.000000,-4.636705,2.000000,0.000000,1.000000,0.000000
-7.536048,-10.876898,-8.630702,0.000000,1.035684,1.508075,2.543759,-0.056241,-2.403973,-62.400009,10.000000,0.966104,2.000000,0.000000,1.000000,0.000000
-2.703624,-6.233640,-7.736092,0.000000,0.928331,1.511169,2.439500,-0.160500,-2.474759,-62.228905,12.000000,1.066895,2.000000,0.000000,1.000000,0.000000
-12.716278,-9.759825,-8.491371,0.000000,1.018965,1.514566,2.533530,-0.066470,-2.455651,-62.068970,11.000000,0.676793,2.000000,0.000000,1.000000,0.000000
2.809514,-4.601140,-7.039495,0.000000,0.844739,1.517381,2.362121,-0.237879,-2.406814,-61.925362,11.000000,5.166084,2.000000,0.000000,1.000000,0.000000
7.936858,-2.244379,-5.249905,0.000000,0.629989,1.519481,2.149470,-0.450530,-2.323475,-61.856907,10.000000,4.336188,2.000000,0.000000,1.000000,0.000000
-13.944771,-6.910052,-5.869490,0.000000,0.704339,1.521829,2.226168,-0.373832,-2.156838,-61.765362,8.000000,7.425056,2.000000,0.000000,1.000000,0.000000
2.536619,-4.110070,-5.212855,0.000000,0.625543,1.523914,2.149457,-0.450543,-2.047660,-61.655159,8.000000,9.244646,2.000000,0.000000,1.000000,0.000000
2.486969,-4.997458,-5.132466,0.000000,0.615896,1.525967,2.141863,-0.458137,-1.973050,-61.564083,7.000000,6.018483,2.000000,0.000000,1.000000,0.000000
-1.017824,-3.979671,-4.702230,0.000000,0.564268,1.527848,2.092116,-0.507884,-1.855720,-61.474312,7.000000,1.568891,2.000000,0.000000,1.000000,0.000000
-8.974043,-6.164026,-5.247788,0.000000,0.629735,1.529947,2.159682,-0.440318,-1.844494,-61.372875,6.000000,-3.167216,2.000000,0.000000,1.000000,0.000000
0.099410,-2.515110,-4.227923,0.000000,0.507351,1.531639,2.038989,-0.561011,-1.928606,-61.286083,7.000000,-6.787976,2.000000,0.000000,1.000000,0.000000
1.469651,-2.346061,-3.525591,0.000000,0.423071,1.533049,1.956120,-0.643880,-2.108841,-61.237473,7.000000,-3.774080,2.000000,0.000000,1.000000,0.000000
-13.235639,-6.881825,-4.778175,0.000000,0.573381,1.534960,2.108341,-0.491659,-2.180893,-61.145195,7.000000,3.389450,2.000000,0.000000,1.000000,0.000000
2.976779,-3.377339,-4.255367,0.000000,0.510644,1.536662,2.047307,-0.552693,-2.111293,-61.042603,8.000000,-2.112288,2.000000,0.000000,1.000000,0.000000
-57.943439,-16.996254,-9.010406,0.000000,1.081249,1.540267,2.621515,0.021515,-2.052875,-60.838867,7.000000,-0.869088,2.000000,0.000000,1.000000,0.000000
-75.428131,-29.035263,-16.483902,0.000000,1.978068,1.546860,3.524928,0.924928,-2.093184,-60.378551,10.000000,5.445496,2.000000,0.000000,1.000000,0.000000
-7.772470,-12.031741,-14.822307,0.000000,1.778677,1.552789,3.331466,0.731466,-2.116337,-59.967880,15.000000,3.395265,2.000000,0.000000,1.000000,0.000000
-3.789990,-11.019873,-13.403196,0.000000,1.608384,1.558150,3.166534,0.566534,-2.020894,-59.737366,13.000000,4.093074,2.000000,0.000000,1.000000,0.000000
5.761419,-7.993769,-11.384338,0.000000,1.366121,1.562704,2.928825,0.328825,-1.936581,-59.547230,12.000000,14.731421,2.000000,0.000000,1.000000,0.000000
8.404546,-7.067185,-9.773129,0.000000,1.172776,1.566613,2.739389,0.139389,-1.648453,-59.396622,9.000000,11.692883,2.000000,0.000000,1.000000,0.000000
2.513652,-7.918661,-9.081021,0.000000,1.089723,1.570246,2.659968,0.059968,-1.486605,-59.246765,8.000000,9.712544,2.000000,0.000000,1.000000,0.000000
16.502588,0.566830,-5.480337,0.000000,0.657640,1.572438,2.230078,-0.369922,-1.458937,-59.173248,7.000000,-3.168972,2.000000,0.000000,1.000000,0.000000
-38.624756,-11.135191,-7.590791,0.000000,0.910895,1.575474,2.486369,-0.113631,-1.597680,-59.067566,6.000000,-1.127518,2.000000,0.000000,1.000000,0.000000
-51.777237,-21.409370,-12.748037,0.000000,1.529764,1.580573,3.110338,0.510338,-1.710759,-58.742119,8.000000,4.232292,2.000000,0.000000,1.000000,0.000000
-5.819474,-13.627372,-13.076215,0.000000,1.569146,1.585804,3.154950,0.554950,-1.726473,-58.391750,11.000000,8.812200,2.000000,0.000000,1.000000,0.000000
-9.693407,-10.640378,-12.167133,0.000000,1.460056,1.590671,3.050726,0.450727,-1.587810,-58.149075,10.000000,0.370290,2.000000,0.000000,1.000000,0.000000
6.385165,-4.866944,-9.442622,0.000000,1.133115,1.594448,2.727562,0.127563,-1.567809,-57.993999,10.000000,6.319381,2.000000,0.000000,1.000000,0.000000
3.008604,-8.625221,-9.137559,0.000000,1.096507,1.598103,2.694610,0.094610,-1.460833,-57.859077,8.000000,9.171744,2.000000,0.000000,1.000000,0.000000
-0.039763,-6.773309,-8.255195,0.000000,0.990623,1.601405,2.592028,-0.007972,-1.202740,-57.705093,6.000000,10.759895,2.000000,0.000000,1.000000,0.000000
16.012444,-0.758077,-5.457188,0.000000,0.654863,1.603588,2.258450,-0.341550,-1.123891,-57.629780,5.000000,5.796644,2.000000,0.000000,1.000000,0.000000
7.922676,1.039979,-3.032374,0.000000,0.363885,1.604801,1.968685,-0.631315,-0.986283,-57.632599,3.000000,2.839705,2.000000,0.000000,1.000000,0.000000
12.473507,4.020612,-0.400122,0.000000,0.048015,1.604961,1.652975,-0.947025,-0.878899,-57.683205,1.000000,3.274546,2.000000,0.000000,1.000000,0.000000
-60.884304,-19.216473,-7.422591,0.000000,0.890711,1.607930,2.498641,-0.101359,-0.821618,-57.531246,0.000000,7.174919,2.000000,0.000000,1.000000,0.000000
-64.672180,-25.019753,-13.990046,0.000000,1.678805,1.613526,3.292331,0.692331,-0.710656,-57.088882,3.000000,6.762340,2.000000,0.000000,1.000000,0.000000
-2.138807,-11.879599,-13.202404,0.000000,1.584288,1.618807,3.203095,0.603095,-0.622930,-56.719891,6.000000,7.998918,2.000000,0.000000,1.000000,0.000000
-6.657406,-12.285654,-12.860263,0.000000,1.543231,1.623951,3.167182,0.567183,-0.485961,-56.478237,5.000000,2.951125,2.000000,0.000000,1.000000,0.000000
5.558172,-8.411679,-11.200003,0.000000,1.344000,1.628431,2.972431,0.372431,-0.423540,-56.271263,5.000000,2.589737,2.000000,0.000000,1.000000,0.000000
11.115447,-5.254175,-8.980954,0.000000,1.077714,1.632023,2.709738,0.109738,-0.378802,-56.134605,3.000000,7.266575,2.000000,0.000000,1.000000,0.000000
-0.464428,-8.221561,-8.697540,0.000000,1.043705,1.635502,2.679207,0.079207,-0.332692,-55.999847,2.000000,2.280048,2.000000,0.000000,1.000000,0.000000
9.788557,-2.113286,-6.240224,0.000000,0.748827,1.637998,2.386825,-0.213175,-0.233100,-55.896500,1.000000,-3.208786,2.000000,0.000000,1.000000,0.000000
6.060174,0.072146,-3.884378,0.000000,0.466125,1.639552,2.105677,-0.494323,-0.440388,-55.876087,1.000000,1.508629,2.000000,0.000000,1.000000,0.000000
-7.008493,-4.594918,-4.149559,0.000000,0.497947,1.641212,2.139159,-0.460841,-0.391809,-55.830860,0.000000,4.391373,2.000000,0.000000,1.000000,0.000000
-6.438423,-0.653772,-2.844893,0.000000,0.341387,1.642350,1.983737,-0.616263,-0.241773,-55.778374,0.000000,1.256482,2.000000,0.000000,1.000000,0.000000
13.197046,4.322938,-0.169780,0.000000,0.020374,1.642418,1.662791,-0.937208,-0.324725,-55.815063,-1.000000,5.699541,2.000000,0.000000,1.000000,0.000000
-4.481889,-1.733126,-0.753238,0.000000,0.090389,1.642719,1.733108,-0.866892,-0.351830,-55.840961,-2.000000,5.167050,2.000000,0.000000,1.000000,0.000000
2.128584,3.292759,0.756773,0.000000,-0.090813,1.642416,1.551604,-1.048396,-0.332665,-55.856556,-2.000000,-0.851144,2.000000,0.000000,1.000000,0.000000
10.015360,3.511300,1.784793,0.000000,-0.214175,1.641703,1.427527,-1.172472,-0.378344,-55.924595,-3.000000,4.463485,2.000000,0.000000,1.000000,0.000000
-5.687831,2.022067,1.873346,0.000000,-0.224802,1.640953,1.416152,-1.183848,-0.472708,-55.979927,-3.000000,0.866057,2.000000,0.000000,1.000000,0.000000
8.858690,5.087689,3.072974,0.000000,-0.368757,1.639724,1.270967,-1.329033,-0.404385,-56.051025,-3.000000,1.004382,2.000000,0.000000,1.000000,0.000000
10.577967,6.974582,4.529097,0.000000,-0.543492,1.637912,1.094421,-1.505579,-0.312650,-56.171650,-4.000000,2.486752,2.000000,0.000000,1.000000,0.000000
11.969333,6.936137,5.427431,0.000000,-0.651292,1.635741,0.984450,-1.615550,-0.356858,-56.310757,-5.000000,0.584626,2.000000,0.000000,1.000000,0.000000
1.167840,3.439931,4.685674,0.000000,-0.562281,1.633867,1.071586,-1.528414,-0.333853,-56.414516,-6.000000,0.117508,2.000000,0.000000,1.000000,0.000000
4.728812,4.490506,4.612835,0.000000,-0.553540,1.632022,1.078482,-1.521518,-0.302080,-56.493820,-6.000000,-4.785457,2.000000,0.000000,1.000000,0.000000
2.491459,3.455691,4.180976,0.000000,-0.501717,1.630350,1.128633,-1.471367,-0.498173,-56.573280,-5.000000,-7.027404,2.000000,0.000000,1.000000,0.000000
-1.205855,2.965421,3.727318,0.000000,-0.447278,1.628859,1.181581,-1.418419,-0.666046,-56.637493,-3.000000,-5.780745,2.000000,0.000000,1.000000,0.000000
2.916071,6.197335,4.649155,0.000000,-0.557899,1.626999,1.069100,-1.530900,-0.924931,-56.729122,-2.000000,-5.053187,2.000000,0.000000,1.000000,0.000000
6.342849,5.017337,4.786565,0.000000,-0.574388,1.625084,1.050697,-1.549303,-1.142292,-56.841270,-1.000000,-1.484053,2.000000,0.000000,1.000000,0.000000
-10.343942,0.634366,3.236918,0.000000,-0.388430,1.623790,1.235359,-1.364640,-1.220306,-56.897789,-1.000000,-8.657790,2.000000,0.000000,1.000000,0.000000
53.096561,16.776218,8.289934,0.000000,-0.994792,1.620474,0.625682,-1.974318,-1.383080,-57.071896,0.000000,-1.905073,2.000000,0.000000,1.000000,0.000000
24.393017,14.898883,10.756466,0.000000,-1.290776,1.616171,0.325395,-2.274605,-1.400242,-57.388645,-2.000000,-3.243267,2.000000,0.000000,1.000000,0.000000
23.122089,15.092625,12.374768,0.000000,-1.484972,1.611221,0.126249,-2.473751,-1.455469,-57.688560,-4.000000,4.522250,2.000000,0.000000,1.000000,0.000000
5.855425,8.320503,10.861671,0.000000,-1.303401,1.606876,0.303476,-2.296524,-1.438434,-57.922691,-5.000000,3.415213,2.000000,0.000000,1.000000,0.000000
-4.195667,5.311688,8.790357,0.000000,-1.054843,1.603360,0.548517,-2.051482,-1.439171,-58.059013,-4.000000,-1.466553,2.000000,0.000000,1.000000,0.000000
7.368053,6.753732,8.030266,0.000000,-0.963632,1.600148,0.636516,-1.963484,-1.470108,-58.179668,-2.000000,-2.060524,2.000000,0.000000,1.000000,0.000000
14.800040,7.916502,7.987808,0.000000,-0.958537,1.596953,0.638416,-1.961584,-1.426148,-58.326370,-2.000000,-2.940783,2.000000,0.000000,1.000000,0.000000
31.282122,14.153072,10.288753,0.000000,-1.234650,1.593043,0.358393,-2.241607,-1.399355,-58.547066,-2.000000,3.404444,2.000000,0.000000,1.000000,0.000000
56.676590,23.573727,15.246851,0.000000,-1.829622,1.586640,-0.242982,-2.842982,-1.368180,-58.924335,-4.000000,6.157939,2.000000,0.000000,1.000000,0.000000
20.971779,16.513617,15.719622,0.000000,-1.886355,1.580666,-0.305688,-2.905688,-1.235338,-59.325211,-7.000000,2.798609,2.000000,0.000000,1.000000,0.000000
23.014870,18.260265,16.667818,0.000000,-2.000138,1.573666,-0.426472,-3.026472,-1.214970,-59.672951,-8.000000,4.493635,2.000000,0.000000,1.000000,0.000000
6.574740,16.221535,16.501261,0.000000,-1.980151,1.567395,-0.412756,-3.012756,-1.324777,-60.017769,-8.000000,-6.995595,2.000000,0.000000,1.000000,0.000000
8.183989,12.744532,15.099208,0.000000,-1.811905,1.561054,-0.250851,-2.850851,-1.523993,-60.307430,-7.000000,-1.746740,2.000000,0.000000,1.000000,0.000000
22.684753,18.846451,16.497721,0.000000,-1.979726,1.554784,-0.424942,-3.024942,-1.615611,-60.623341,-6.000000,-7.870103,2.000000,0.000000,1.000000,0.000000
76.871536,34.218384,23.111267,0.000000,-2.773352,1.545078,-1.228274,-3.828274,-1.875549,-61.153988,-5.000000,-3.166868,2.000000,0.000000,1.000000,0.000000
22.945652,21.164076,22.384554,0.000000,-2.686146,1.536572,-1.149575,-3.749575,-2.067698,-61.707813,-8.000000,-1.895763,2.000000,0.000000,1.000000,0.000000
-9.105020,14.769361,19.542480,0.000000,-2.345098,1.528364,-0.816734,-3.416734,-2.172231,-62.067146,-7.000000,-8.481203,2.000000,0.000000,1.000000,0.000000
78.095932,35.120995,25.356552,0.000000,-3.042786,1.518728,-1.524058,-4.124058,-2.365225,-62.566051,-5.000000,-4.886539,2.000000,0.000000,1.000000,0.000000
28.891214,24.597746,25.073357,0.000000,-3.008803,1.508699,-1.500104,-4.100103,-2.534266,-63.163239,-7.000000,0.819119,2.000000,0.000000,1.000000,0.000000
5.330288,19.593134,23.028078,0.000000,-2.763369,1.499488,-1.263882,-3.863882,-2.684612,-63.605148,-7.000000,-1.787011,2.000000,0.000000,1.000000,0.000000
-10.391621,13.277782,19.389160,0.000000,-2.326699,1.491732,-0.834967,-3.434967,-2.783745,-63.933857,-5.000000,-1.423647,2.000000,0.000000,1.000000,0.000000
82.974213,37.708160,26.226013,0.000000,-3.147121,1.481242,-1.665880,-4.265880,-2.821925,-64.443718,-2.000000,-3.438396,2.000000,0.000000,1.000000,0.000000
48.588192,31.720518,28.276623,0.000000,-3.393195,1.469931,-1.923264,-4.523263,-2.887848,-65.138008,-6.000000,-3.283168,2.000000,0.000000,1.000000,0.000000
12.183949,22.097437,25.970482,0.000000,-3.116458,1.459543,-1.656915,-4.256915,-2.986633,-65.676186,-7.000000,-0.849348,2.000000,0.000000,1.000000,0.000000
24.874195,23.412447,25.015795,0.000000,-3.001895,1.449537,-1.552359,-4.152359,-3.046177,-66.131287,-5.000000,-0.131858,2.000000,0.000000,1.000000,0.000000
39.663113,28.837002,26.441912,0.000000,-3.173029,1.438960,-1.734070,-4.334069,-3.053846,-66.653778,-5.000000,-3.504384,2.000000,0.000000,1.000000,0.000000
28.431555,24.080275,25.560522,0.000000,-3.067263,1.428736,-1.638527,-4.238527,-3.227790,-67.182953,-5.000000,0.740798,2.000000,0.000000,1.000000,0.000000
22.861546,24.550278,25.183487,0.000000,-3.022018,1.418662,-1.603356,-4.203356,-3.195281,-67.669258,-5.000000,-3.341698,2.000000,0.000000,1.000000,0.000000
9.741589,22.338484,24.121700,0.000000,-2.894604,1.409014,-1.485590,-4.085590,-3.285771,-68.138145,-4.000000,-8.378640,2.000000,0.000000,1.000000,0.000000
69.861465,36.659283,28.800863,0.000000,-3.456104,1.397493,-2.058610,-4.658610,-3.500525,-68.728127,-2.000000,-3.744250,2.000000,0.000000,1.000000,0.000000
10.104037,22.955372,26.619261,0.000000,-3.194311,1.386845,-1.807466,-4.407465,-3.789990,-69.324272,-4.000000,-7.616410,2.000000,0.000000,1.000000,0.000000
17.144255,19.716808,24.043190,0.000000,-2.885183,1.377228,-1.507954,-4.107955,-3.998540,-69.750992,-1.000000,-3.853126,2.000000,0.000000,1.000000,0.000000
76.031525,36.186062,28.575043,0.000000,-3.429005,1.365798,-2.063207,-4.663207,-4.033868,-70.310020,0.000000,-6.070873,2.000000,0.000000,1.000000,0.000000
11.117447,22.349592,26.251637,0.000000,-3.150196,1.355297,-1.794899,-4.394899,-4.160977,-70.895378,-2.000000,-11.208477,2.000000,0.000000,1.000000,0.000000
16.174969,20.589014,24.138283,0.000000,-2.896594,1.345642,-1.550952,-4.150951,-4.280665,-71.324760,0.000000,-3.536739,2.000000,0.000000,1.000000,0.000000
34.135963,24.935993,24.435997,0.000000,-2.932320,1.335868,-1.596452,-4.196452,-4.347371,-71.780014,1.000000,-2.761247,2.000000,0.000000,1.000000,0.000000
30.696186,24.689137,24.530472,0.000000,-2.943656,1.326055,-1.617601,-4.217601,-4.339310,-72.276268,0.000000,-0.609044,2.000000,0.000000,1.000000,0.000000
17.935204,22.126839,23.633410,0.000000,-2.836009,1.316602,-1.519407,-4.119407,-4.301547,-72.744431,0.000000,1.068051,2.000000,0.000000,1.000000,0.000000
12.499266,21.639011,22.889078,0.000000,-2.746689,1.307446,-1.439243,-4.039243,-4.290968,-73.182091,0.000000,-2.221729,2.000000,0.000000,1.000000,0.000000
19.640169,20.550930,22.016455,0.000000,-2.641974,1.298640,-1.343335,-3.943335,-4.278054,-73.603989,1.000000,4.584515,2.000000,0.000000,1.000000,0.000000
-17.039009,9.430239,17.319141,0.000000,-2.078297,1.291712,-0.786585,-3.386585,-4.245706,-73.903801,1.000000,7.181842,2.000000,0.000000,1.000000,0.000000
75.664810,31.570015,22.637724,0.000000,-2.716527,1.282657,-1.433870,-4.033870,-4.190536,-74.313805,4.000000,9.505386,2.000000,0.000000,1.000000,0.000000
47.408604,27.144264,24.319614,0.000000,-2.918354,1.272929,-1.645424,-4.245424,-4.078560,-74.900948,0.000000,7.315844,2.000000,0.000000,1.000000,0.000000
24.091732,25.955555,24.930166,0.000000,-2.991620,1.262957,-1.728663,-4.328663,-3.893753,-75.431946,-1.000000,8.054001,2.000000,0.000000,1.000000,0.000000
15.463573,23.172806,24.274300,0.000000,-2.912916,1.253247,-1.659669,-4.259668,-3.849808,-75.923233,-2.000000,4.352522,2.000000,0.000000,1.000000,0.000000
11.960149,18.951908,22.287924,0.000000,-2.674551,1.244332,-1.430219,-4.030219,-3.798323,-76.344482,-2.000000,0.680881,2.000000,0.000000,1.000000,0.000000
-0.389802,17.512756,20.505779,0.000000,-2.460693,1.236130,-1.224563,-3.824564,-3.717395,-76.709129,-1.000000,-0.548692,2.000000,0.000000,1.000000,0.000000
75.034355,33.987762,25.537403,0.000000,-3.064488,1.225915,-1.838573,-4.438573,-3.774178,-77.224136,0.000000,1.234699,2.000000,0.000000,1.000000,0.000000
42.097679,30.858934,27.523457,0.000000,-3.302815,1.214906,-2.087909,-4.687909,-3.744427,-77.872604,-3.000000,1.032081,2.000000,0.000000,1.000000,0.000000
17.605263,23.502659,26.022850,0.000000,-3.122742,1.204497,-1.918245,-4.518245,-3.711606,-78.416222,-4.000000,2.393983,2.000000,0.000000,1.000000,0.000000
13.582939,22.107279,24.561516,0.000000,-2.947382,1.194672,-1.752710,-4.352710,-3.695434,-78.872322,-4.000000,0.066218,2.000000,0.000000,1.000000,0.000000
22.838810,22.496132,23.790691,0.000000,-2.854883,1.185156,-1.669727,-4.269727,-3.641858,-79.318359,-3.000000,2.204360,2.000000,0.000000,1.000000,0.000000
34.936829,26.748497,24.894577,0.000000,-2.987349,1.175198,-1.812151,-4.412151,-3.554707,-79.810806,-3.000000,3.574856,2.000000,0.000000,1.000000,0.000000
38.359848,27.475494,25.857803,0.000000,-3.102936,1.164855,-1.938082,-4.538081,-3.549641,-80.353043,-4.000000,1.534349,2.000000,0.000000,1.000000,0.000000
24.568506,22.847101,24.734177,0.000000,-2.968101,1.154961,-1.813140,-4.413140,-3.559088,-80.856270,-4.000000,4.380724,2.000000,0.000000,1.000000,0.000000
23.089495,23.941742,24.438431,0.000000,-2.932612,1.145186,-1.787426,-4.387426,-3.506593,-81.324158,-4.000000,4.400254,2.000000,0.000000,1.000000,0.000000
3.079683,17.660711,21.908911,0.000000,-2.629069,1.136422,-1.492647,-4.092647,-3.434014,-81.740181,-4.000000,5.613581,2.000000,0.000000,1.000000,0.000000
48.973488,27.487354,23.990847,0.000000,-2.878901,1.126826,-1.752076,-4.352076,-3.421861,-82.191658,-3.000000,5.863784,2.000000,0.000000,1.000000,0.000000
39.146255,27.036598,25.127554,0.000000,-3.015306,1.116775,-1.898532,-4.498531,-3.442817,-82.736900,-4.000000,4.602657,2.000000,0.000000,1.000000,0.000000
11.249105,17.174404,22.159351,0.000000,-2.659122,1.107911,-1.551211,-4.151211,-3.410073,-83.179008,-5.000000,4.056552,2.000000,0.000000,1.000000,0.000000
16.335934,17.444952,20.399885,0.000000,-2.447986,1.099751,-1.348235,-3.948235,-3.364280,-83.525200,-3.000000,2.735437,2.000000,0.000000,1.000000,0.000000
41.321743,24.004465,21.745153,0.000000,-2.609418,1.091053,-1.518365,-4.118365,-3.294107,-83.939697,-3.000000,0.814286,2.000000,0.000000,1.000000,0.000000
53.916775,27.135506,23.756893,0.000000,-2.850827,1.081550,-1.769277,-4.369277,-3.252088,-84.451096,-4.000000,-2.681065,2.000000,0.000000,1.000000,0.000000
29.756142,24.805038,24.148073,0.000000,-2.897769,1.071891,-1.825878,-4.425878,-3.403465,-84.970505,-4.000000,-3.368836,2.000000,0.000000,1.000000,0.000000
